lemma,n,accuracy,f1_macro,n_errors,model,mode
secondary,5,0.0,0.0,5,nvidia/NVIDIA-Nemotron-Labs-3-Puzzle-75B-A9B-NVFP4,hayashi
quietly,5,0.2,0.16666666666666666,4,nvidia/NVIDIA-Nemotron-Labs-3-Puzzle-75B-A9B-NVFP4,hayashi
pass_on,7,0.2857142857142857,0.2222222222222222,5,nvidia/NVIDIA-Nemotron-Labs-3-Puzzle-75B-A9B-NVFP4,hayashi
jerk,7,0.2857142857142857,0.2222222222222222,5,nvidia/NVIDIA-Nemotron-Labs-3-Puzzle-75B-A9B-NVFP4,hayashi
combine,6,0.3333333333333333,0.25,4,nvidia/NVIDIA-Nemotron-Labs-3-Puzzle-75B-A9B-NVFP4,hayashi
repeat,9,0.3333333333333333,0.25,6,nvidia/NVIDIA-Nemotron-Labs-3-Puzzle-75B-A9B-NVFP4,hayashi
failure,9,0.3333333333333333,0.25,6,nvidia/NVIDIA-Nemotron-Labs-3-Puzzle-75B-A9B-NVFP4,hayashi
lapse,9,0.3333333333333333,0.25,6,nvidia/NVIDIA-Nemotron-Labs-3-Puzzle-75B-A9B-NVFP4,hayashi
answer,6,0.3333333333333333,0.25,4,nvidia/NVIDIA-Nemotron-Labs-3-Puzzle-75B-A9B-NVFP4,hayashi
spread_out,9,0.3333333333333333,0.25,6,nvidia/NVIDIA-Nemotron-Labs-3-Puzzle-75B-A9B-NVFP4,hayashi
pretense,6,0.3333333333333333,0.25,4,nvidia/NVIDIA-Nemotron-Labs-3-Puzzle-75B-A9B-NVFP4,hayashi
visit,6,0.3333333333333333,0.25,4,nvidia/NVIDIA-Nemotron-Labs-3-Puzzle-75B-A9B-NVFP4,hayashi
hostility,6,0.3333333333333333,0.25,4,nvidia/NVIDIA-Nemotron-Labs-3-Puzzle-75B-A9B-NVFP4,hayashi
prohibition,8,0.375,0.2727272727272727,5,nvidia/NVIDIA-Nemotron-Labs-3-Puzzle-75B-A9B-NVFP4,hayashi
annoyance,8,0.375,0.2727272727272727,5,nvidia/NVIDIA-Nemotron-Labs-3-Puzzle-75B-A9B-NVFP4,hayashi
unlawful,8,0.375,0.2727272727272727,5,nvidia/NVIDIA-Nemotron-Labs-3-Puzzle-75B-A9B-NVFP4,hayashi
suspicion,5,0.4,0.2857142857142857,3,nvidia/NVIDIA-Nemotron-Labs-3-Puzzle-75B-A9B-NVFP4,hayashi
plead,5,0.4,0.2857142857142857,3,nvidia/NVIDIA-Nemotron-Labs-3-Puzzle-75B-A9B-NVFP4,hayashi
mission,5,0.4,0.2857142857142857,3,nvidia/NVIDIA-Nemotron-Labs-3-Puzzle-75B-A9B-NVFP4,hayashi
middle,5,0.4,0.2857142857142857,3,nvidia/NVIDIA-Nemotron-Labs-3-Puzzle-75B-A9B-NVFP4,hayashi
docile,5,0.4,0.2857142857142857,3,nvidia/NVIDIA-Nemotron-Labs-3-Puzzle-75B-A9B-NVFP4,hayashi
derive,5,0.4,0.2857142857142857,3,nvidia/NVIDIA-Nemotron-Labs-3-Puzzle-75B-A9B-NVFP4,hayashi
initiation,5,0.4,0.2857142857142857,3,nvidia/NVIDIA-Nemotron-Labs-3-Puzzle-75B-A9B-NVFP4,hayashi
increase,10,0.4,0.2857142857142857,6,nvidia/NVIDIA-Nemotron-Labs-3-Puzzle-75B-A9B-NVFP4,hayashi
gently,5,0.4,0.2857142857142857,3,nvidia/NVIDIA-Nemotron-Labs-3-Puzzle-75B-A9B-NVFP4,hayashi
repel,5,0.4,0.2857142857142857,3,nvidia/NVIDIA-Nemotron-Labs-3-Puzzle-75B-A9B-NVFP4,hayashi
revive,5,0.4,0.2857142857142857,3,nvidia/NVIDIA-Nemotron-Labs-3-Puzzle-75B-A9B-NVFP4,hayashi
whistle,10,0.4,0.2857142857142857,6,nvidia/NVIDIA-Nemotron-Labs-3-Puzzle-75B-A9B-NVFP4,hayashi
personally,5,0.4,0.2857142857142857,3,nvidia/NVIDIA-Nemotron-Labs-3-Puzzle-75B-A9B-NVFP4,hayashi
pathological,5,0.4,0.2857142857142857,3,nvidia/NVIDIA-Nemotron-Labs-3-Puzzle-75B-A9B-NVFP4,hayashi
pair,5,0.4,0.2857142857142857,3,nvidia/NVIDIA-Nemotron-Labs-3-Puzzle-75B-A9B-NVFP4,hayashi
calendar,5,0.4,0.2857142857142857,3,nvidia/NVIDIA-Nemotron-Labs-3-Puzzle-75B-A9B-NVFP4,hayashi
strictly,5,0.4,0.2857142857142857,3,nvidia/NVIDIA-Nemotron-Labs-3-Puzzle-75B-A9B-NVFP4,hayashi
replace,5,0.4,0.2857142857142857,3,nvidia/NVIDIA-Nemotron-Labs-3-Puzzle-75B-A9B-NVFP4,hayashi
stir_up,5,0.4,0.2857142857142857,3,nvidia/NVIDIA-Nemotron-Labs-3-Puzzle-75B-A9B-NVFP4,hayashi
commotion,5,0.4,0.2857142857142857,3,nvidia/NVIDIA-Nemotron-Labs-3-Puzzle-75B-A9B-NVFP4,hayashi
define,5,0.4,0.2857142857142857,3,nvidia/NVIDIA-Nemotron-Labs-3-Puzzle-75B-A9B-NVFP4,hayashi
structure,5,0.4,0.2857142857142857,3,nvidia/NVIDIA-Nemotron-Labs-3-Puzzle-75B-A9B-NVFP4,hayashi
indecent,5,0.4,0.2857142857142857,3,nvidia/NVIDIA-Nemotron-Labs-3-Puzzle-75B-A9B-NVFP4,hayashi
sophisticated,5,0.4,0.2857142857142857,3,nvidia/NVIDIA-Nemotron-Labs-3-Puzzle-75B-A9B-NVFP4,hayashi
convertible,5,0.4,0.2857142857142857,3,nvidia/NVIDIA-Nemotron-Labs-3-Puzzle-75B-A9B-NVFP4,hayashi
correlation,5,0.4,0.2857142857142857,3,nvidia/NVIDIA-Nemotron-Labs-3-Puzzle-75B-A9B-NVFP4,hayashi
cruise,5,0.4,0.2857142857142857,3,nvidia/NVIDIA-Nemotron-Labs-3-Puzzle-75B-A9B-NVFP4,hayashi
creep,5,0.4,0.2857142857142857,3,nvidia/NVIDIA-Nemotron-Labs-3-Puzzle-75B-A9B-NVFP4,hayashi
speculate,5,0.4,0.2857142857142857,3,nvidia/NVIDIA-Nemotron-Labs-3-Puzzle-75B-A9B-NVFP4,hayashi
invade,5,0.4,0.2857142857142857,3,nvidia/NVIDIA-Nemotron-Labs-3-Puzzle-75B-A9B-NVFP4,hayashi
difficulty,5,0.4,0.2857142857142857,3,nvidia/NVIDIA-Nemotron-Labs-3-Puzzle-75B-A9B-NVFP4,hayashi
sordid,5,0.4,0.2857142857142857,3,nvidia/NVIDIA-Nemotron-Labs-3-Puzzle-75B-A9B-NVFP4,hayashi
publish,5,0.4,0.2857142857142857,3,nvidia/NVIDIA-Nemotron-Labs-3-Puzzle-75B-A9B-NVFP4,hayashi
speed,5,0.4,0.2857142857142857,3,nvidia/NVIDIA-Nemotron-Labs-3-Puzzle-75B-A9B-NVFP4,hayashi
protrude,5,0.4,0.2857142857142857,3,nvidia/NVIDIA-Nemotron-Labs-3-Puzzle-75B-A9B-NVFP4,hayashi
youth,10,0.4,0.2857142857142857,6,nvidia/NVIDIA-Nemotron-Labs-3-Puzzle-75B-A9B-NVFP4,hayashi
modest,10,0.4,0.2857142857142857,6,nvidia/NVIDIA-Nemotron-Labs-3-Puzzle-75B-A9B-NVFP4,hayashi
musical,5,0.4,0.2857142857142857,3,nvidia/NVIDIA-Nemotron-Labs-3-Puzzle-75B-A9B-NVFP4,hayashi
unjust,5,0.4,0.2857142857142857,3,nvidia/NVIDIA-Nemotron-Labs-3-Puzzle-75B-A9B-NVFP4,hayashi
incapable,5,0.4,0.2857142857142857,3,nvidia/NVIDIA-Nemotron-Labs-3-Puzzle-75B-A9B-NVFP4,hayashi
drape,5,0.4,0.2857142857142857,3,nvidia/NVIDIA-Nemotron-Labs-3-Puzzle-75B-A9B-NVFP4,hayashi
season,5,0.4,0.2857142857142857,3,nvidia/NVIDIA-Nemotron-Labs-3-Puzzle-75B-A9B-NVFP4,hayashi
logical,5,0.4,0.2857142857142857,3,nvidia/NVIDIA-Nemotron-Labs-3-Puzzle-75B-A9B-NVFP4,hayashi
govern,5,0.4,0.2857142857142857,3,nvidia/NVIDIA-Nemotron-Labs-3-Puzzle-75B-A9B-NVFP4,hayashi
finally,5,0.4,0.2857142857142857,3,nvidia/NVIDIA-Nemotron-Labs-3-Puzzle-75B-A9B-NVFP4,hayashi
exceed,5,0.4,0.2857142857142857,3,nvidia/NVIDIA-Nemotron-Labs-3-Puzzle-75B-A9B-NVFP4,hayashi
halt,5,0.4,0.2857142857142857,3,nvidia/NVIDIA-Nemotron-Labs-3-Puzzle-75B-A9B-NVFP4,hayashi
guarantee,10,0.4,0.2857142857142857,6,nvidia/NVIDIA-Nemotron-Labs-3-Puzzle-75B-A9B-NVFP4,hayashi
affliction,5,0.4,0.2857142857142857,3,nvidia/NVIDIA-Nemotron-Labs-3-Puzzle-75B-A9B-NVFP4,hayashi
wealth,5,0.4,0.2857142857142857,3,nvidia/NVIDIA-Nemotron-Labs-3-Puzzle-75B-A9B-NVFP4,hayashi
hope,5,0.4,0.2857142857142857,3,nvidia/NVIDIA-Nemotron-Labs-3-Puzzle-75B-A9B-NVFP4,hayashi
assure,5,0.4,0.2857142857142857,3,nvidia/NVIDIA-Nemotron-Labs-3-Puzzle-75B-A9B-NVFP4,hayashi
vocabulary,5,0.4,0.2857142857142857,3,nvidia/NVIDIA-Nemotron-Labs-3-Puzzle-75B-A9B-NVFP4,hayashi
vicar,5,0.4,0.2857142857142857,3,nvidia/NVIDIA-Nemotron-Labs-3-Puzzle-75B-A9B-NVFP4,hayashi
unused,5,0.4,0.2857142857142857,3,nvidia/NVIDIA-Nemotron-Labs-3-Puzzle-75B-A9B-NVFP4,hayashi
string,7,0.42857142857142855,0.3,4,nvidia/NVIDIA-Nemotron-Labs-3-Puzzle-75B-A9B-NVFP4,hayashi
aim,7,0.42857142857142855,0.3,4,nvidia/NVIDIA-Nemotron-Labs-3-Puzzle-75B-A9B-NVFP4,hayashi
intensify,7,0.42857142857142855,0.3,4,nvidia/NVIDIA-Nemotron-Labs-3-Puzzle-75B-A9B-NVFP4,hayashi
diagonal,7,0.42857142857142855,0.3,4,nvidia/NVIDIA-Nemotron-Labs-3-Puzzle-75B-A9B-NVFP4,hayashi
smother,7,0.42857142857142855,0.3,4,nvidia/NVIDIA-Nemotron-Labs-3-Puzzle-75B-A9B-NVFP4,hayashi
discover,7,0.42857142857142855,0.3,4,nvidia/NVIDIA-Nemotron-Labs-3-Puzzle-75B-A9B-NVFP4,hayashi
awkward,7,0.42857142857142855,0.3,4,nvidia/NVIDIA-Nemotron-Labs-3-Puzzle-75B-A9B-NVFP4,hayashi
moderate,7,0.42857142857142855,0.3,4,nvidia/NVIDIA-Nemotron-Labs-3-Puzzle-75B-A9B-NVFP4,hayashi
tempt,7,0.42857142857142855,0.3,4,nvidia/NVIDIA-Nemotron-Labs-3-Puzzle-75B-A9B-NVFP4,hayashi
administer,7,0.42857142857142855,0.3,4,nvidia/NVIDIA-Nemotron-Labs-3-Puzzle-75B-A9B-NVFP4,hayashi
roar,7,0.42857142857142855,0.3,4,nvidia/NVIDIA-Nemotron-Labs-3-Puzzle-75B-A9B-NVFP4,hayashi
subdue,7,0.42857142857142855,0.3,4,nvidia/NVIDIA-Nemotron-Labs-3-Puzzle-75B-A9B-NVFP4,hayashi
exclusion,7,0.42857142857142855,0.3,4,nvidia/NVIDIA-Nemotron-Labs-3-Puzzle-75B-A9B-NVFP4,hayashi
cram,7,0.42857142857142855,0.3,4,nvidia/NVIDIA-Nemotron-Labs-3-Puzzle-75B-A9B-NVFP4,hayashi
summon,7,0.42857142857142855,0.3,4,nvidia/NVIDIA-Nemotron-Labs-3-Puzzle-75B-A9B-NVFP4,hayashi
limitation,7,0.42857142857142855,0.3,4,nvidia/NVIDIA-Nemotron-Labs-3-Puzzle-75B-A9B-NVFP4,hayashi
suffering,7,0.42857142857142855,0.3,4,nvidia/NVIDIA-Nemotron-Labs-3-Puzzle-75B-A9B-NVFP4,hayashi
blame,9,0.4444444444444444,0.3076923076923077,5,nvidia/NVIDIA-Nemotron-Labs-3-Puzzle-75B-A9B-NVFP4,hayashi
access,9,0.4444444444444444,0.3076923076923077,5,nvidia/NVIDIA-Nemotron-Labs-3-Puzzle-75B-A9B-NVFP4,hayashi
whiting,9,0.4444444444444444,0.3076923076923077,5,nvidia/NVIDIA-Nemotron-Labs-3-Puzzle-75B-A9B-NVFP4,hayashi
trade,9,0.4444444444444444,0.3076923076923077,5,nvidia/NVIDIA-Nemotron-Labs-3-Puzzle-75B-A9B-NVFP4,hayashi
direct,11,0.45454545454545453,0.3125,6,nvidia/NVIDIA-Nemotron-Labs-3-Puzzle-75B-A9B-NVFP4,hayashi
free,11,0.45454545454545453,0.3125,6,nvidia/NVIDIA-Nemotron-Labs-3-Puzzle-75B-A9B-NVFP4,hayashi
introduce,13,0.46153846153846156,0.3157894736842105,7,nvidia/NVIDIA-Nemotron-Labs-3-Puzzle-75B-A9B-NVFP4,hayashi
academy,6,0.5,0.3333333333333333,3,nvidia/NVIDIA-Nemotron-Labs-3-Puzzle-75B-A9B-NVFP4,hayashi
rebel,6,0.5,0.3333333333333333,3,nvidia/NVIDIA-Nemotron-Labs-3-Puzzle-75B-A9B-NVFP4,hayashi
sluggish,6,0.5,0.3333333333333333,3,nvidia/NVIDIA-Nemotron-Labs-3-Puzzle-75B-A9B-NVFP4,hayashi
disintegration,6,0.5,0.3333333333333333,3,nvidia/NVIDIA-Nemotron-Labs-3-Puzzle-75B-A9B-NVFP4,hayashi
deliberation,8,0.5,0.3333333333333333,4,nvidia/NVIDIA-Nemotron-Labs-3-Puzzle-75B-A9B-NVFP4,hayashi
indulge,6,0.5,0.3333333333333333,3,nvidia/NVIDIA-Nemotron-Labs-3-Puzzle-75B-A9B-NVFP4,hayashi
stumble,6,0.5,0.3333333333333333,3,nvidia/NVIDIA-Nemotron-Labs-3-Puzzle-75B-A9B-NVFP4,hayashi
influence,10,0.5,0.3333333333333333,5,nvidia/NVIDIA-Nemotron-Labs-3-Puzzle-75B-A9B-NVFP4,hayashi
silence,8,0.5,0.3333333333333333,4,nvidia/NVIDIA-Nemotron-Labs-3-Puzzle-75B-A9B-NVFP4,hayashi
emerge,6,0.5,0.3333333333333333,3,nvidia/NVIDIA-Nemotron-Labs-3-Puzzle-75B-A9B-NVFP4,hayashi
refine,6,0.5,0.3333333333333333,3,nvidia/NVIDIA-Nemotron-Labs-3-Puzzle-75B-A9B-NVFP4,hayashi
plan,6,0.5,0.3333333333333333,3,nvidia/NVIDIA-Nemotron-Labs-3-Puzzle-75B-A9B-NVFP4,hayashi
significantly,6,0.5,0.3333333333333333,3,nvidia/NVIDIA-Nemotron-Labs-3-Puzzle-75B-A9B-NVFP4,hayashi
suffocate,14,0.5,0.3333333333333333,7,nvidia/NVIDIA-Nemotron-Labs-3-Puzzle-75B-A9B-NVFP4,hayashi
distort,6,0.5,0.3333333333333333,3,nvidia/NVIDIA-Nemotron-Labs-3-Puzzle-75B-A9B-NVFP4,hayashi
distill,6,0.5,0.3333333333333333,3,nvidia/NVIDIA-Nemotron-Labs-3-Puzzle-75B-A9B-NVFP4,hayashi
dramatic,6,0.3333333333333333,0.3333333333333333,4,nvidia/NVIDIA-Nemotron-Labs-3-Puzzle-75B-A9B-NVFP4,hayashi
exhibit,6,0.5,0.3333333333333333,3,nvidia/NVIDIA-Nemotron-Labs-3-Puzzle-75B-A9B-NVFP4,hayashi
serious,6,0.5,0.3333333333333333,3,nvidia/NVIDIA-Nemotron-Labs-3-Puzzle-75B-A9B-NVFP4,hayashi
gentle,6,0.3333333333333333,0.3333333333333333,4,nvidia/NVIDIA-Nemotron-Labs-3-Puzzle-75B-A9B-NVFP4,hayashi
perception,8,0.5,0.3333333333333333,4,nvidia/NVIDIA-Nemotron-Labs-3-Puzzle-75B-A9B-NVFP4,hayashi
thoughtful,8,0.5,0.3333333333333333,4,nvidia/NVIDIA-Nemotron-Labs-3-Puzzle-75B-A9B-NVFP4,hayashi
cabinet,8,0.5,0.3333333333333333,4,nvidia/NVIDIA-Nemotron-Labs-3-Puzzle-75B-A9B-NVFP4,hayashi
penance,6,0.5,0.3333333333333333,3,nvidia/NVIDIA-Nemotron-Labs-3-Puzzle-75B-A9B-NVFP4,hayashi
organize,8,0.5,0.3333333333333333,4,nvidia/NVIDIA-Nemotron-Labs-3-Puzzle-75B-A9B-NVFP4,hayashi
accessible,6,0.5,0.3333333333333333,3,nvidia/NVIDIA-Nemotron-Labs-3-Puzzle-75B-A9B-NVFP4,hayashi
fair,8,0.5,0.3333333333333333,4,nvidia/NVIDIA-Nemotron-Labs-3-Puzzle-75B-A9B-NVFP4,hayashi
regard,6,0.5,0.3333333333333333,3,nvidia/NVIDIA-Nemotron-Labs-3-Puzzle-75B-A9B-NVFP4,hayashi
sacred,6,0.5,0.3333333333333333,3,nvidia/NVIDIA-Nemotron-Labs-3-Puzzle-75B-A9B-NVFP4,hayashi
memory,6,0.5,0.3333333333333333,3,nvidia/NVIDIA-Nemotron-Labs-3-Puzzle-75B-A9B-NVFP4,hayashi
manipulate,6,0.3333333333333333,0.3333333333333333,4,nvidia/NVIDIA-Nemotron-Labs-3-Puzzle-75B-A9B-NVFP4,hayashi
heroic,6,0.5,0.3333333333333333,3,nvidia/NVIDIA-Nemotron-Labs-3-Puzzle-75B-A9B-NVFP4,hayashi
dominate,6,0.5,0.3333333333333333,3,nvidia/NVIDIA-Nemotron-Labs-3-Puzzle-75B-A9B-NVFP4,hayashi
ignore,6,0.5,0.3333333333333333,3,nvidia/NVIDIA-Nemotron-Labs-3-Puzzle-75B-A9B-NVFP4,hayashi
prosperous,6,0.5,0.3333333333333333,3,nvidia/NVIDIA-Nemotron-Labs-3-Puzzle-75B-A9B-NVFP4,hayashi
hurt,6,0.5,0.3333333333333333,3,nvidia/NVIDIA-Nemotron-Labs-3-Puzzle-75B-A9B-NVFP4,hayashi
ascend,8,0.5,0.3333333333333333,4,nvidia/NVIDIA-Nemotron-Labs-3-Puzzle-75B-A9B-NVFP4,hayashi
trap,8,0.5,0.3333333333333333,4,nvidia/NVIDIA-Nemotron-Labs-3-Puzzle-75B-A9B-NVFP4,hayashi
absolute,8,0.5,0.3333333333333333,4,nvidia/NVIDIA-Nemotron-Labs-3-Puzzle-75B-A9B-NVFP4,hayashi
blur,10,0.5,0.3333333333333333,5,nvidia/NVIDIA-Nemotron-Labs-3-Puzzle-75B-A9B-NVFP4,hayashi
tangible,6,0.5,0.3333333333333333,3,nvidia/NVIDIA-Nemotron-Labs-3-Puzzle-75B-A9B-NVFP4,hayashi
transition,6,0.5,0.3333333333333333,3,nvidia/NVIDIA-Nemotron-Labs-3-Puzzle-75B-A9B-NVFP4,hayashi
attack,8,0.5,0.3333333333333333,4,nvidia/NVIDIA-Nemotron-Labs-3-Puzzle-75B-A9B-NVFP4,hayashi
ban,6,0.5,0.3333333333333333,3,nvidia/NVIDIA-Nemotron-Labs-3-Puzzle-75B-A9B-NVFP4,hayashi
devotion,6,0.5,0.3333333333333333,3,nvidia/NVIDIA-Nemotron-Labs-3-Puzzle-75B-A9B-NVFP4,hayashi
inspire,8,0.5,0.3333333333333333,4,nvidia/NVIDIA-Nemotron-Labs-3-Puzzle-75B-A9B-NVFP4,hayashi
issue,6,0.5,0.3333333333333333,3,nvidia/NVIDIA-Nemotron-Labs-3-Puzzle-75B-A9B-NVFP4,hayashi
invite,12,0.5,0.3333333333333333,6,nvidia/NVIDIA-Nemotron-Labs-3-Puzzle-75B-A9B-NVFP4,hayashi
contribution,6,0.5,0.3333333333333333,3,nvidia/NVIDIA-Nemotron-Labs-3-Puzzle-75B-A9B-NVFP4,hayashi
starve,8,0.5,0.3333333333333333,4,nvidia/NVIDIA-Nemotron-Labs-3-Puzzle-75B-A9B-NVFP4,hayashi
coherent,6,0.5,0.3333333333333333,3,nvidia/NVIDIA-Nemotron-Labs-3-Puzzle-75B-A9B-NVFP4,hayashi
line_up,8,0.5,0.3333333333333333,4,nvidia/NVIDIA-Nemotron-Labs-3-Puzzle-75B-A9B-NVFP4,hayashi
duplicate,8,0.5,0.3333333333333333,4,nvidia/NVIDIA-Nemotron-Labs-3-Puzzle-75B-A9B-NVFP4,hayashi
electric_shock,6,0.5,0.3333333333333333,3,nvidia/NVIDIA-Nemotron-Labs-3-Puzzle-75B-A9B-NVFP4,hayashi
ease,6,0.5,0.3333333333333333,3,nvidia/NVIDIA-Nemotron-Labs-3-Puzzle-75B-A9B-NVFP4,hayashi
search,6,0.5,0.3333333333333333,3,nvidia/NVIDIA-Nemotron-Labs-3-Puzzle-75B-A9B-NVFP4,hayashi
specify,10,0.5,0.3333333333333333,5,nvidia/NVIDIA-Nemotron-Labs-3-Puzzle-75B-A9B-NVFP4,hayashi
reason,6,0.5,0.3333333333333333,3,nvidia/NVIDIA-Nemotron-Labs-3-Puzzle-75B-A9B-NVFP4,hayashi
disappearance,6,0.5,0.3333333333333333,3,nvidia/NVIDIA-Nemotron-Labs-3-Puzzle-75B-A9B-NVFP4,hayashi
solicit,6,0.5,0.3333333333333333,3,nvidia/NVIDIA-Nemotron-Labs-3-Puzzle-75B-A9B-NVFP4,hayashi
defiance,6,0.5,0.3333333333333333,3,nvidia/NVIDIA-Nemotron-Labs-3-Puzzle-75B-A9B-NVFP4,hayashi
decomposition,6,0.5,0.3333333333333333,3,nvidia/NVIDIA-Nemotron-Labs-3-Puzzle-75B-A9B-NVFP4,hayashi
illustration,6,0.5,0.3333333333333333,3,nvidia/NVIDIA-Nemotron-Labs-3-Puzzle-75B-A9B-NVFP4,hayashi
scatter,9,0.5555555555555556,0.35714285714285715,4,nvidia/NVIDIA-Nemotron-Labs-3-Puzzle-75B-A9B-NVFP4,hayashi
history,9,0.5555555555555556,0.35714285714285715,4,nvidia/NVIDIA-Nemotron-Labs-3-Puzzle-75B-A9B-NVFP4,hayashi
splash,9,0.5555555555555556,0.35714285714285715,4,nvidia/NVIDIA-Nemotron-Labs-3-Puzzle-75B-A9B-NVFP4,hayashi
confused,7,0.5714285714285714,0.36363636363636365,3,nvidia/NVIDIA-Nemotron-Labs-3-Puzzle-75B-A9B-NVFP4,hayashi
consume,7,0.5714285714285714,0.36363636363636365,3,nvidia/NVIDIA-Nemotron-Labs-3-Puzzle-75B-A9B-NVFP4,hayashi
judge,7,0.5714285714285714,0.36363636363636365,3,nvidia/NVIDIA-Nemotron-Labs-3-Puzzle-75B-A9B-NVFP4,hayashi
fortify,7,0.5714285714285714,0.36363636363636365,3,nvidia/NVIDIA-Nemotron-Labs-3-Puzzle-75B-A9B-NVFP4,hayashi
session,7,0.5714285714285714,0.36363636363636365,3,nvidia/NVIDIA-Nemotron-Labs-3-Puzzle-75B-A9B-NVFP4,hayashi
synchronize,7,0.5714285714285714,0.36363636363636365,3,nvidia/NVIDIA-Nemotron-Labs-3-Puzzle-75B-A9B-NVFP4,hayashi
historical,7,0.5714285714285714,0.36363636363636365,3,nvidia/NVIDIA-Nemotron-Labs-3-Puzzle-75B-A9B-NVFP4,hayashi
zone,7,0.5714285714285714,0.36363636363636365,3,nvidia/NVIDIA-Nemotron-Labs-3-Puzzle-75B-A9B-NVFP4,hayashi
restrict,7,0.5714285714285714,0.36363636363636365,3,nvidia/NVIDIA-Nemotron-Labs-3-Puzzle-75B-A9B-NVFP4,hayashi
acknowledge,7,0.5714285714285714,0.36363636363636365,3,nvidia/NVIDIA-Nemotron-Labs-3-Puzzle-75B-A9B-NVFP4,hayashi
insight,7,0.5714285714285714,0.36363636363636365,3,nvidia/NVIDIA-Nemotron-Labs-3-Puzzle-75B-A9B-NVFP4,hayashi
unrestricted,7,0.5714285714285714,0.36363636363636365,3,nvidia/NVIDIA-Nemotron-Labs-3-Puzzle-75B-A9B-NVFP4,hayashi
noticeable,7,0.5714285714285714,0.36363636363636365,3,nvidia/NVIDIA-Nemotron-Labs-3-Puzzle-75B-A9B-NVFP4,hayashi
break_away,7,0.5714285714285714,0.36363636363636365,3,nvidia/NVIDIA-Nemotron-Labs-3-Puzzle-75B-A9B-NVFP4,hayashi
transcribe,7,0.5714285714285714,0.36363636363636365,3,nvidia/NVIDIA-Nemotron-Labs-3-Puzzle-75B-A9B-NVFP4,hayashi
allies,7,0.5714285714285714,0.36363636363636365,3,nvidia/NVIDIA-Nemotron-Labs-3-Puzzle-75B-A9B-NVFP4,hayashi
bend,8,0.375,0.36507936507936506,5,nvidia/NVIDIA-Nemotron-Labs-3-Puzzle-75B-A9B-NVFP4,hayashi
unsuitable,5,0.6,0.375,2,nvidia/NVIDIA-Nemotron-Labs-3-Puzzle-75B-A9B-NVFP4,hayashi
utter,5,0.6,0.375,2,nvidia/NVIDIA-Nemotron-Labs-3-Puzzle-75B-A9B-NVFP4,hayashi
unlikely,5,0.6,0.375,2,nvidia/NVIDIA-Nemotron-Labs-3-Puzzle-75B-A9B-NVFP4,hayashi
alpine,5,0.6,0.375,2,nvidia/NVIDIA-Nemotron-Labs-3-Puzzle-75B-A9B-NVFP4,hayashi
transmit,5,0.6,0.375,2,nvidia/NVIDIA-Nemotron-Labs-3-Puzzle-75B-A9B-NVFP4,hayashi
unify,5,0.6,0.375,2,nvidia/NVIDIA-Nemotron-Labs-3-Puzzle-75B-A9B-NVFP4,hayashi
unique,5,0.6,0.375,2,nvidia/NVIDIA-Nemotron-Labs-3-Puzzle-75B-A9B-NVFP4,hayashi
blend,5,0.6,0.375,2,nvidia/NVIDIA-Nemotron-Labs-3-Puzzle-75B-A9B-NVFP4,hayashi
terrible,5,0.6,0.375,2,nvidia/NVIDIA-Nemotron-Labs-3-Puzzle-75B-A9B-NVFP4,hayashi
unfavorable,5,0.6,0.375,2,nvidia/NVIDIA-Nemotron-Labs-3-Puzzle-75B-A9B-NVFP4,hayashi
proceed,5,0.6,0.375,2,nvidia/NVIDIA-Nemotron-Labs-3-Puzzle-75B-A9B-NVFP4,hayashi
horror,5,0.6,0.375,2,nvidia/NVIDIA-Nemotron-Labs-3-Puzzle-75B-A9B-NVFP4,hayashi
quart,5,0.6,0.375,2,nvidia/NVIDIA-Nemotron-Labs-3-Puzzle-75B-A9B-NVFP4,hayashi
splendid,5,0.6,0.375,2,nvidia/NVIDIA-Nemotron-Labs-3-Puzzle-75B-A9B-NVFP4,hayashi
implement,5,0.6,0.375,2,nvidia/NVIDIA-Nemotron-Labs-3-Puzzle-75B-A9B-NVFP4,hayashi
cylinder,5,0.6,0.375,2,nvidia/NVIDIA-Nemotron-Labs-3-Puzzle-75B-A9B-NVFP4,hayashi
specialize,5,0.6,0.375,2,nvidia/NVIDIA-Nemotron-Labs-3-Puzzle-75B-A9B-NVFP4,hayashi
conscience,5,0.6,0.375,2,nvidia/NVIDIA-Nemotron-Labs-3-Puzzle-75B-A9B-NVFP4,hayashi
dimension,5,0.6,0.375,2,nvidia/NVIDIA-Nemotron-Labs-3-Puzzle-75B-A9B-NVFP4,hayashi
harness,5,0.6,0.375,2,nvidia/NVIDIA-Nemotron-Labs-3-Puzzle-75B-A9B-NVFP4,hayashi
liquefy,5,0.6,0.375,2,nvidia/NVIDIA-Nemotron-Labs-3-Puzzle-75B-A9B-NVFP4,hayashi
logic,5,0.6,0.375,2,nvidia/NVIDIA-Nemotron-Labs-3-Puzzle-75B-A9B-NVFP4,hayashi
dramatically,5,0.6,0.375,2,nvidia/NVIDIA-Nemotron-Labs-3-Puzzle-75B-A9B-NVFP4,hayashi
reserve,5,0.6,0.375,2,nvidia/NVIDIA-Nemotron-Labs-3-Puzzle-75B-A9B-NVFP4,hayashi
indirect,5,0.6,0.375,2,nvidia/NVIDIA-Nemotron-Labs-3-Puzzle-75B-A9B-NVFP4,hayashi
inflate,5,0.6,0.375,2,nvidia/NVIDIA-Nemotron-Labs-3-Puzzle-75B-A9B-NVFP4,hayashi
struggle,5,0.6,0.375,2,nvidia/NVIDIA-Nemotron-Labs-3-Puzzle-75B-A9B-NVFP4,hayashi
commission,5,0.6,0.375,2,nvidia/NVIDIA-Nemotron-Labs-3-Puzzle-75B-A9B-NVFP4,hayashi
concealment,5,0.6,0.375,2,nvidia/NVIDIA-Nemotron-Labs-3-Puzzle-75B-A9B-NVFP4,hayashi
simulate,5,0.6,0.375,2,nvidia/NVIDIA-Nemotron-Labs-3-Puzzle-75B-A9B-NVFP4,hayashi
disaster,5,0.6,0.375,2,nvidia/NVIDIA-Nemotron-Labs-3-Puzzle-75B-A9B-NVFP4,hayashi
disagreement,5,0.6,0.375,2,nvidia/NVIDIA-Nemotron-Labs-3-Puzzle-75B-A9B-NVFP4,hayashi
disturb,5,0.6,0.375,2,nvidia/NVIDIA-Nemotron-Labs-3-Puzzle-75B-A9B-NVFP4,hayashi
redden,5,0.6,0.375,2,nvidia/NVIDIA-Nemotron-Labs-3-Puzzle-75B-A9B-NVFP4,hayashi
headquarters,5,0.6,0.375,2,nvidia/NVIDIA-Nemotron-Labs-3-Puzzle-75B-A9B-NVFP4,hayashi
possibility,5,0.6,0.375,2,nvidia/NVIDIA-Nemotron-Labs-3-Puzzle-75B-A9B-NVFP4,hayashi
circle,5,0.6,0.375,2,nvidia/NVIDIA-Nemotron-Labs-3-Puzzle-75B-A9B-NVFP4,hayashi
lieutenant,5,0.6,0.375,2,nvidia/NVIDIA-Nemotron-Labs-3-Puzzle-75B-A9B-NVFP4,hayashi
precisely,5,0.6,0.375,2,nvidia/NVIDIA-Nemotron-Labs-3-Puzzle-75B-A9B-NVFP4,hayashi
pound,5,0.6,0.375,2,nvidia/NVIDIA-Nemotron-Labs-3-Puzzle-75B-A9B-NVFP4,hayashi
climax,5,0.6,0.375,2,nvidia/NVIDIA-Nemotron-Labs-3-Puzzle-75B-A9B-NVFP4,hayashi
plague,5,0.6,0.375,2,nvidia/NVIDIA-Nemotron-Labs-3-Puzzle-75B-A9B-NVFP4,hayashi
rotor,5,0.6,0.375,2,nvidia/NVIDIA-Nemotron-Labs-3-Puzzle-75B-A9B-NVFP4,hayashi
extraneous,5,0.6,0.375,2,nvidia/NVIDIA-Nemotron-Labs-3-Puzzle-75B-A9B-NVFP4,hayashi
generalization,5,0.6,0.375,2,nvidia/NVIDIA-Nemotron-Labs-3-Puzzle-75B-A9B-NVFP4,hayashi
gesture,5,0.6,0.375,2,nvidia/NVIDIA-Nemotron-Labs-3-Puzzle-75B-A9B-NVFP4,hayashi
harbor,5,0.6,0.375,2,nvidia/NVIDIA-Nemotron-Labs-3-Puzzle-75B-A9B-NVFP4,hayashi
eternity,5,0.6,0.375,2,nvidia/NVIDIA-Nemotron-Labs-3-Puzzle-75B-A9B-NVFP4,hayashi
campaign,5,0.6,0.375,2,nvidia/NVIDIA-Nemotron-Labs-3-Puzzle-75B-A9B-NVFP4,hayashi
carry_over,5,0.6,0.375,2,nvidia/NVIDIA-Nemotron-Labs-3-Puzzle-75B-A9B-NVFP4,hayashi
paint,5,0.6,0.375,2,nvidia/NVIDIA-Nemotron-Labs-3-Puzzle-75B-A9B-NVFP4,hayashi
luxury,5,0.6,0.375,2,nvidia/NVIDIA-Nemotron-Labs-3-Puzzle-75B-A9B-NVFP4,hayashi
timid,5,0.6,0.375,2,nvidia/NVIDIA-Nemotron-Labs-3-Puzzle-75B-A9B-NVFP4,hayashi
together,5,0.6,0.375,2,nvidia/NVIDIA-Nemotron-Labs-3-Puzzle-75B-A9B-NVFP4,hayashi
toothed,5,0.6,0.375,2,nvidia/NVIDIA-Nemotron-Labs-3-Puzzle-75B-A9B-NVFP4,hayashi
Edward,5,0.6,0.375,2,nvidia/NVIDIA-Nemotron-Labs-3-Puzzle-75B-A9B-NVFP4,hayashi
fade,5,0.6,0.375,2,nvidia/NVIDIA-Nemotron-Labs-3-Puzzle-75B-A9B-NVFP4,hayashi
rugged,5,0.6,0.375,2,nvidia/NVIDIA-Nemotron-Labs-3-Puzzle-75B-A9B-NVFP4,hayashi
give_up,14,0.42857142857142855,0.37777777777777777,8,nvidia/NVIDIA-Nemotron-Labs-3-Puzzle-75B-A9B-NVFP4,hayashi
slow_down,8,0.625,0.38461538461538464,3,nvidia/NVIDIA-Nemotron-Labs-3-Puzzle-75B-A9B-NVFP4,hayashi
walk,8,0.625,0.38461538461538464,3,nvidia/NVIDIA-Nemotron-Labs-3-Puzzle-75B-A9B-NVFP4,hayashi
confine,8,0.625,0.38461538461538464,3,nvidia/NVIDIA-Nemotron-Labs-3-Puzzle-75B-A9B-NVFP4,hayashi
belong,8,0.625,0.38461538461538464,3,nvidia/NVIDIA-Nemotron-Labs-3-Puzzle-75B-A9B-NVFP4,hayashi
depart,8,0.625,0.38461538461538464,3,nvidia/NVIDIA-Nemotron-Labs-3-Puzzle-75B-A9B-NVFP4,hayashi
rush,8,0.625,0.38461538461538464,3,nvidia/NVIDIA-Nemotron-Labs-3-Puzzle-75B-A9B-NVFP4,hayashi
spy,8,0.625,0.38461538461538464,3,nvidia/NVIDIA-Nemotron-Labs-3-Puzzle-75B-A9B-NVFP4,hayashi
rating,5,0.4,0.4,3,nvidia/NVIDIA-Nemotron-Labs-3-Puzzle-75B-A9B-NVFP4,hayashi
isolate,6,0.6666666666666666,0.4,2,nvidia/NVIDIA-Nemotron-Labs-3-Puzzle-75B-A9B-NVFP4,hayashi
error,6,0.6666666666666666,0.4,2,nvidia/NVIDIA-Nemotron-Labs-3-Puzzle-75B-A9B-NVFP4,hayashi
encounter,6,0.6666666666666666,0.4,2,nvidia/NVIDIA-Nemotron-Labs-3-Puzzle-75B-A9B-NVFP4,hayashi
cheat,6,0.6666666666666666,0.4,2,nvidia/NVIDIA-Nemotron-Labs-3-Puzzle-75B-A9B-NVFP4,hayashi
disapproval,6,0.6666666666666666,0.4,2,nvidia/NVIDIA-Nemotron-Labs-3-Puzzle-75B-A9B-NVFP4,hayashi
reward,5,0.4,0.4,3,nvidia/NVIDIA-Nemotron-Labs-3-Puzzle-75B-A9B-NVFP4,hayashi
role,5,0.4,0.4,3,nvidia/NVIDIA-Nemotron-Labs-3-Puzzle-75B-A9B-NVFP4,hayashi
time,6,0.6666666666666666,0.4,2,nvidia/NVIDIA-Nemotron-Labs-3-Puzzle-75B-A9B-NVFP4,hayashi
sacrifice,5,0.4,0.4,3,nvidia/NVIDIA-Nemotron-Labs-3-Puzzle-75B-A9B-NVFP4,hayashi
changeable,6,0.6666666666666666,0.4,2,nvidia/NVIDIA-Nemotron-Labs-3-Puzzle-75B-A9B-NVFP4,hayashi
withdraw,13,0.46153846153846156,0.40522875816993464,7,nvidia/NVIDIA-Nemotron-Labs-3-Puzzle-75B-A9B-NVFP4,hayashi
captain,11,0.45454545454545453,0.4107142857142857,6,nvidia/NVIDIA-Nemotron-Labs-3-Puzzle-75B-A9B-NVFP4,hayashi
farther,9,0.4444444444444444,0.41558441558441556,5,nvidia/NVIDIA-Nemotron-Labs-3-Puzzle-75B-A9B-NVFP4,hayashi
swing,9,0.4444444444444444,0.41558441558441556,5,nvidia/NVIDIA-Nemotron-Labs-3-Puzzle-75B-A9B-NVFP4,hayashi
cut_out,7,0.42857142857142855,0.41666666666666663,4,nvidia/NVIDIA-Nemotron-Labs-3-Puzzle-75B-A9B-NVFP4,hayashi
proportion,7,0.42857142857142855,0.41666666666666663,4,nvidia/NVIDIA-Nemotron-Labs-3-Puzzle-75B-A9B-NVFP4,hayashi
resolve,7,0.42857142857142855,0.41666666666666663,4,nvidia/NVIDIA-Nemotron-Labs-3-Puzzle-75B-A9B-NVFP4,hayashi
bury,7,0.42857142857142855,0.41666666666666663,4,nvidia/NVIDIA-Nemotron-Labs-3-Puzzle-75B-A9B-NVFP4,hayashi
spice,7,0.42857142857142855,0.41666666666666663,4,nvidia/NVIDIA-Nemotron-Labs-3-Puzzle-75B-A9B-NVFP4,hayashi
stimulate,7,0.7142857142857143,0.4166666666666667,2,nvidia/NVIDIA-Nemotron-Labs-3-Puzzle-75B-A9B-NVFP4,hayashi
stream,7,0.7142857142857143,0.4166666666666667,2,nvidia/NVIDIA-Nemotron-Labs-3-Puzzle-75B-A9B-NVFP4,hayashi
hold,14,0.5,0.4269005847953216,7,nvidia/NVIDIA-Nemotron-Labs-3-Puzzle-75B-A9B-NVFP4,hayashi
neglect,8,0.75,0.42857142857142855,2,nvidia/NVIDIA-Nemotron-Labs-3-Puzzle-75B-A9B-NVFP4,hayashi
control,12,0.5,0.4375,6,nvidia/NVIDIA-Nemotron-Labs-3-Puzzle-75B-A9B-NVFP4,hayashi
mold,5,0.8,0.4444444444444444,1,nvidia/NVIDIA-Nemotron-Labs-3-Puzzle-75B-A9B-NVFP4,hayashi
occupy,9,0.4444444444444444,0.4444444444444444,5,nvidia/NVIDIA-Nemotron-Labs-3-Puzzle-75B-A9B-NVFP4,hayashi
anticipate,5,0.8,0.4444444444444444,1,nvidia/NVIDIA-Nemotron-Labs-3-Puzzle-75B-A9B-NVFP4,hayashi
minister,5,0.8,0.4444444444444444,1,nvidia/NVIDIA-Nemotron-Labs-3-Puzzle-75B-A9B-NVFP4,hayashi
confront,5,0.8,0.4444444444444444,1,nvidia/NVIDIA-Nemotron-Labs-3-Puzzle-75B-A9B-NVFP4,hayashi
deaden,10,0.5,0.45054945054945056,5,nvidia/NVIDIA-Nemotron-Labs-3-Puzzle-75B-A9B-NVFP4,hayashi
heighten,10,0.5,0.45054945054945056,5,nvidia/NVIDIA-Nemotron-Labs-3-Puzzle-75B-A9B-NVFP4,hayashi
think_of,10,0.5,0.45054945054945056,5,nvidia/NVIDIA-Nemotron-Labs-3-Puzzle-75B-A9B-NVFP4,hayashi
growth,8,0.5,0.4666666666666667,4,nvidia/NVIDIA-Nemotron-Labs-3-Puzzle-75B-A9B-NVFP4,hayashi
direction,8,0.5,0.4666666666666667,4,nvidia/NVIDIA-Nemotron-Labs-3-Puzzle-75B-A9B-NVFP4,hayashi
exhaust,8,0.5,0.4666666666666667,4,nvidia/NVIDIA-Nemotron-Labs-3-Puzzle-75B-A9B-NVFP4,hayashi
display,8,0.5,0.4666666666666667,4,nvidia/NVIDIA-Nemotron-Labs-3-Puzzle-75B-A9B-NVFP4,hayashi
block,14,0.5714285714285714,0.475,6,nvidia/NVIDIA-Nemotron-Labs-3-Puzzle-75B-A9B-NVFP4,hayashi
accommodate,11,0.5454545454545454,0.47619047619047616,5,nvidia/NVIDIA-Nemotron-Labs-3-Puzzle-75B-A9B-NVFP4,hayashi
performance,6,0.5,0.4857142857142857,3,nvidia/NVIDIA-Nemotron-Labs-3-Puzzle-75B-A9B-NVFP4,hayashi
dedication,6,0.5,0.4857142857142857,3,nvidia/NVIDIA-Nemotron-Labs-3-Puzzle-75B-A9B-NVFP4,hayashi
immediate,6,0.5,0.4857142857142857,3,nvidia/NVIDIA-Nemotron-Labs-3-Puzzle-75B-A9B-NVFP4,hayashi
disregard,6,0.5,0.4857142857142857,3,nvidia/NVIDIA-Nemotron-Labs-3-Puzzle-75B-A9B-NVFP4,hayashi
singular,6,0.5,0.4857142857142857,3,nvidia/NVIDIA-Nemotron-Labs-3-Puzzle-75B-A9B-NVFP4,hayashi
fearful,6,0.5,0.4857142857142857,3,nvidia/NVIDIA-Nemotron-Labs-3-Puzzle-75B-A9B-NVFP4,hayashi
poison,6,0.5,0.4857142857142857,3,nvidia/NVIDIA-Nemotron-Labs-3-Puzzle-75B-A9B-NVFP4,hayashi
correspond,6,0.5,0.4857142857142857,3,nvidia/NVIDIA-Nemotron-Labs-3-Puzzle-75B-A9B-NVFP4,hayashi
number,6,0.5,0.4857142857142857,3,nvidia/NVIDIA-Nemotron-Labs-3-Puzzle-75B-A9B-NVFP4,hayashi
neutralize,6,0.5,0.4857142857142857,3,nvidia/NVIDIA-Nemotron-Labs-3-Puzzle-75B-A9B-NVFP4,hayashi
warmth,6,0.5,0.4857142857142857,3,nvidia/NVIDIA-Nemotron-Labs-3-Puzzle-75B-A9B-NVFP4,hayashi
guide,6,0.5,0.4857142857142857,3,nvidia/NVIDIA-Nemotron-Labs-3-Puzzle-75B-A9B-NVFP4,hayashi
tolerant,6,0.5,0.4857142857142857,3,nvidia/NVIDIA-Nemotron-Labs-3-Puzzle-75B-A9B-NVFP4,hayashi
tough,9,0.5555555555555556,0.5,4,nvidia/NVIDIA-Nemotron-Labs-3-Puzzle-75B-A9B-NVFP4,hayashi
badly,9,0.5555555555555556,0.5,4,nvidia/NVIDIA-Nemotron-Labs-3-Puzzle-75B-A9B-NVFP4,hayashi
compromise,9,0.5555555555555556,0.5,4,nvidia/NVIDIA-Nemotron-Labs-3-Puzzle-75B-A9B-NVFP4,hayashi
disperse,9,0.5555555555555556,0.5,4,nvidia/NVIDIA-Nemotron-Labs-3-Puzzle-75B-A9B-NVFP4,hayashi
beginning,9,0.5555555555555556,0.5,4,nvidia/NVIDIA-Nemotron-Labs-3-Puzzle-75B-A9B-NVFP4,hayashi
burst,9,0.5555555555555556,0.5,4,nvidia/NVIDIA-Nemotron-Labs-3-Puzzle-75B-A9B-NVFP4,hayashi
writing,9,0.5555555555555556,0.5,4,nvidia/NVIDIA-Nemotron-Labs-3-Puzzle-75B-A9B-NVFP4,hayashi
get_up,8,0.5,0.5,4,nvidia/NVIDIA-Nemotron-Labs-3-Puzzle-75B-A9B-NVFP4,hayashi
isolated,9,0.5555555555555556,0.5,4,nvidia/NVIDIA-Nemotron-Labs-3-Puzzle-75B-A9B-NVFP4,hayashi
set_up,13,0.6153846153846154,0.5112781954887218,5,nvidia/NVIDIA-Nemotron-Labs-3-Puzzle-75B-A9B-NVFP4,hayashi
take_over,10,0.6,0.5238095238095238,4,nvidia/NVIDIA-Nemotron-Labs-3-Puzzle-75B-A9B-NVFP4,hayashi
gay,10,0.6,0.5238095238095238,4,nvidia/NVIDIA-Nemotron-Labs-3-Puzzle-75B-A9B-NVFP4,hayashi
convey,10,0.6,0.5238095238095238,4,nvidia/NVIDIA-Nemotron-Labs-3-Puzzle-75B-A9B-NVFP4,hayashi
irregular,7,0.5714285714285714,0.5333333333333333,3,nvidia/NVIDIA-Nemotron-Labs-3-Puzzle-75B-A9B-NVFP4,hayashi
confrontation,7,0.5714285714285714,0.5333333333333333,3,nvidia/NVIDIA-Nemotron-Labs-3-Puzzle-75B-A9B-NVFP4,hayashi
knob,7,0.5714285714285714,0.5333333333333333,3,nvidia/NVIDIA-Nemotron-Labs-3-Puzzle-75B-A9B-NVFP4,hayashi
schedule,7,0.5714285714285714,0.5333333333333333,3,nvidia/NVIDIA-Nemotron-Labs-3-Puzzle-75B-A9B-NVFP4,hayashi
penetration,7,0.5714285714285714,0.5333333333333333,3,nvidia/NVIDIA-Nemotron-Labs-3-Puzzle-75B-A9B-NVFP4,hayashi
special,7,0.5714285714285714,0.5333333333333333,3,nvidia/NVIDIA-Nemotron-Labs-3-Puzzle-75B-A9B-NVFP4,hayashi
refer,7,0.5714285714285714,0.5333333333333333,3,nvidia/NVIDIA-Nemotron-Labs-3-Puzzle-75B-A9B-NVFP4,hayashi
switch,7,0.5714285714285714,0.5333333333333333,3,nvidia/NVIDIA-Nemotron-Labs-3-Puzzle-75B-A9B-NVFP4,hayashi
truth,7,0.5714285714285714,0.5333333333333333,3,nvidia/NVIDIA-Nemotron-Labs-3-Puzzle-75B-A9B-NVFP4,hayashi
bass,7,0.5714285714285714,0.5333333333333333,3,nvidia/NVIDIA-Nemotron-Labs-3-Puzzle-75B-A9B-NVFP4,hayashi
arch,7,0.5714285714285714,0.5333333333333333,3,nvidia/NVIDIA-Nemotron-Labs-3-Puzzle-75B-A9B-NVFP4,hayashi
award,7,0.5714285714285714,0.5333333333333333,3,nvidia/NVIDIA-Nemotron-Labs-3-Puzzle-75B-A9B-NVFP4,hayashi
population,7,0.5714285714285714,0.5333333333333333,3,nvidia/NVIDIA-Nemotron-Labs-3-Puzzle-75B-A9B-NVFP4,hayashi
command,7,0.5714285714285714,0.5333333333333333,3,nvidia/NVIDIA-Nemotron-Labs-3-Puzzle-75B-A9B-NVFP4,hayashi
allied,7,0.5714285714285714,0.5333333333333333,3,nvidia/NVIDIA-Nemotron-Labs-3-Puzzle-75B-A9B-NVFP4,hayashi
expand,11,0.6363636363636364,0.5416666666666666,4,nvidia/NVIDIA-Nemotron-Labs-3-Puzzle-75B-A9B-NVFP4,hayashi
maneuver,11,0.6363636363636364,0.5416666666666666,4,nvidia/NVIDIA-Nemotron-Labs-3-Puzzle-75B-A9B-NVFP4,hayashi
loss,9,0.5555555555555556,0.55,4,nvidia/NVIDIA-Nemotron-Labs-3-Puzzle-75B-A9B-NVFP4,hayashi
caller,9,0.5555555555555556,0.55,4,nvidia/NVIDIA-Nemotron-Labs-3-Puzzle-75B-A9B-NVFP4,hayashi
reversal,9,0.5555555555555556,0.55,4,nvidia/NVIDIA-Nemotron-Labs-3-Puzzle-75B-A9B-NVFP4,hayashi
regenerate,12,0.5833333333333334,0.5555555555555556,5,nvidia/NVIDIA-Nemotron-Labs-3-Puzzle-75B-A9B-NVFP4,hayashi
seize,12,0.5833333333333334,0.5555555555555556,5,nvidia/NVIDIA-Nemotron-Labs-3-Puzzle-75B-A9B-NVFP4,hayashi
dampen,8,0.625,0.5636363636363637,3,nvidia/NVIDIA-Nemotron-Labs-3-Puzzle-75B-A9B-NVFP4,hayashi
toss,8,0.625,0.5636363636363637,3,nvidia/NVIDIA-Nemotron-Labs-3-Puzzle-75B-A9B-NVFP4,hayashi
unaffected,8,0.625,0.5636363636363637,3,nvidia/NVIDIA-Nemotron-Labs-3-Puzzle-75B-A9B-NVFP4,hayashi
reconcile,8,0.625,0.5636363636363637,3,nvidia/NVIDIA-Nemotron-Labs-3-Puzzle-75B-A9B-NVFP4,hayashi
creation,8,0.625,0.5636363636363637,3,nvidia/NVIDIA-Nemotron-Labs-3-Puzzle-75B-A9B-NVFP4,hayashi
essence,8,0.625,0.5636363636363637,3,nvidia/NVIDIA-Nemotron-Labs-3-Puzzle-75B-A9B-NVFP4,hayashi
surrender,8,0.625,0.5636363636363637,3,nvidia/NVIDIA-Nemotron-Labs-3-Puzzle-75B-A9B-NVFP4,hayashi
stir,8,0.625,0.5636363636363637,3,nvidia/NVIDIA-Nemotron-Labs-3-Puzzle-75B-A9B-NVFP4,hayashi
stake,8,0.625,0.5636363636363637,3,nvidia/NVIDIA-Nemotron-Labs-3-Puzzle-75B-A9B-NVFP4,hayashi
replacement,8,0.625,0.5636363636363637,3,nvidia/NVIDIA-Nemotron-Labs-3-Puzzle-75B-A9B-NVFP4,hayashi
condemnation,8,0.625,0.5636363636363637,3,nvidia/NVIDIA-Nemotron-Labs-3-Puzzle-75B-A9B-NVFP4,hayashi
dullness,8,0.625,0.5636363636363637,3,nvidia/NVIDIA-Nemotron-Labs-3-Puzzle-75B-A9B-NVFP4,hayashi
open_up,8,0.625,0.5636363636363637,3,nvidia/NVIDIA-Nemotron-Labs-3-Puzzle-75B-A9B-NVFP4,hayashi
hardened,8,0.625,0.5636363636363637,3,nvidia/NVIDIA-Nemotron-Labs-3-Puzzle-75B-A9B-NVFP4,hayashi
set_off,8,0.625,0.5636363636363637,3,nvidia/NVIDIA-Nemotron-Labs-3-Puzzle-75B-A9B-NVFP4,hayashi
suffer,13,0.6923076923076923,0.5666666666666667,4,nvidia/NVIDIA-Nemotron-Labs-3-Puzzle-75B-A9B-NVFP4,hayashi
profound,7,0.5714285714285714,0.5714285714285714,3,nvidia/NVIDIA-Nemotron-Labs-3-Puzzle-75B-A9B-NVFP4,hayashi
transport,7,0.5714285714285714,0.5714285714285714,3,nvidia/NVIDIA-Nemotron-Labs-3-Puzzle-75B-A9B-NVFP4,hayashi
sum,7,0.5714285714285714,0.5714285714285714,3,nvidia/NVIDIA-Nemotron-Labs-3-Puzzle-75B-A9B-NVFP4,hayashi
manage,7,0.5714285714285714,0.5714285714285714,3,nvidia/NVIDIA-Nemotron-Labs-3-Puzzle-75B-A9B-NVFP4,hayashi
passion,7,0.5714285714285714,0.5714285714285714,3,nvidia/NVIDIA-Nemotron-Labs-3-Puzzle-75B-A9B-NVFP4,hayashi
yield,17,0.6470588235294118,0.575,6,nvidia/NVIDIA-Nemotron-Labs-3-Puzzle-75B-A9B-NVFP4,hayashi
snap,13,0.6153846153846154,0.5751633986928104,5,nvidia/NVIDIA-Nemotron-Labs-3-Puzzle-75B-A9B-NVFP4,hayashi
piece,13,0.6153846153846154,0.5751633986928104,5,nvidia/NVIDIA-Nemotron-Labs-3-Puzzle-75B-A9B-NVFP4,hayashi
separation,12,0.5833333333333334,0.5804195804195804,5,nvidia/NVIDIA-Nemotron-Labs-3-Puzzle-75B-A9B-NVFP4,hayashi
rim,5,0.6,0.5833333333333333,2,nvidia/NVIDIA-Nemotron-Labs-3-Puzzle-75B-A9B-NVFP4,hayashi
get_into,5,0.6,0.5833333333333333,2,nvidia/NVIDIA-Nemotron-Labs-3-Puzzle-75B-A9B-NVFP4,hayashi
repetition,5,0.6,0.5833333333333333,2,nvidia/NVIDIA-Nemotron-Labs-3-Puzzle-75B-A9B-NVFP4,hayashi
fill_out,5,0.6,0.5833333333333333,2,nvidia/NVIDIA-Nemotron-Labs-3-Puzzle-75B-A9B-NVFP4,hayashi
pause,5,0.6,0.5833333333333333,2,nvidia/NVIDIA-Nemotron-Labs-3-Puzzle-75B-A9B-NVFP4,hayashi
patronize,5,0.6,0.5833333333333333,2,nvidia/NVIDIA-Nemotron-Labs-3-Puzzle-75B-A9B-NVFP4,hayashi
engrave,5,0.6,0.5833333333333333,2,nvidia/NVIDIA-Nemotron-Labs-3-Puzzle-75B-A9B-NVFP4,hayashi
exclusive,5,0.6,0.5833333333333333,2,nvidia/NVIDIA-Nemotron-Labs-3-Puzzle-75B-A9B-NVFP4,hayashi
partner,5,0.6,0.5833333333333333,2,nvidia/NVIDIA-Nemotron-Labs-3-Puzzle-75B-A9B-NVFP4,hayashi
carrot,5,0.6,0.5833333333333333,2,nvidia/NVIDIA-Nemotron-Labs-3-Puzzle-75B-A9B-NVFP4,hayashi
caste,5,0.6,0.5833333333333333,2,nvidia/NVIDIA-Nemotron-Labs-3-Puzzle-75B-A9B-NVFP4,hayashi
break_down,10,0.6,0.5833333333333333,4,nvidia/NVIDIA-Nemotron-Labs-3-Puzzle-75B-A9B-NVFP4,hayashi
jam,10,0.6,0.5833333333333333,4,nvidia/NVIDIA-Nemotron-Labs-3-Puzzle-75B-A9B-NVFP4,hayashi
chorus,5,0.6,0.5833333333333333,2,nvidia/NVIDIA-Nemotron-Labs-3-Puzzle-75B-A9B-NVFP4,hayashi
preference,5,0.6,0.5833333333333333,2,nvidia/NVIDIA-Nemotron-Labs-3-Puzzle-75B-A9B-NVFP4,hayashi
brush,5,0.6,0.5833333333333333,2,nvidia/NVIDIA-Nemotron-Labs-3-Puzzle-75B-A9B-NVFP4,hayashi
indent,5,0.6,0.5833333333333333,2,nvidia/NVIDIA-Nemotron-Labs-3-Puzzle-75B-A9B-NVFP4,hayashi
incorporate,5,0.6,0.5833333333333333,2,nvidia/NVIDIA-Nemotron-Labs-3-Puzzle-75B-A9B-NVFP4,hayashi
continuation,5,0.6,0.5833333333333333,2,nvidia/NVIDIA-Nemotron-Labs-3-Puzzle-75B-A9B-NVFP4,hayashi
consolidate,5,0.6,0.5833333333333333,2,nvidia/NVIDIA-Nemotron-Labs-3-Puzzle-75B-A9B-NVFP4,hayashi
conjunction,5,0.6,0.5833333333333333,2,nvidia/NVIDIA-Nemotron-Labs-3-Puzzle-75B-A9B-NVFP4,hayashi
conventional,5,0.6,0.5833333333333333,2,nvidia/NVIDIA-Nemotron-Labs-3-Puzzle-75B-A9B-NVFP4,hayashi
reel,5,0.6,0.5833333333333333,2,nvidia/NVIDIA-Nemotron-Labs-3-Puzzle-75B-A9B-NVFP4,hayashi
radial,5,0.6,0.5833333333333333,2,nvidia/NVIDIA-Nemotron-Labs-3-Puzzle-75B-A9B-NVFP4,hayashi
purification,5,0.6,0.5833333333333333,2,nvidia/NVIDIA-Nemotron-Labs-3-Puzzle-75B-A9B-NVFP4,hayashi
producer,5,0.6,0.5833333333333333,2,nvidia/NVIDIA-Nemotron-Labs-3-Puzzle-75B-A9B-NVFP4,hayashi
demonstrate,5,0.6,0.5833333333333333,2,nvidia/NVIDIA-Nemotron-Labs-3-Puzzle-75B-A9B-NVFP4,hayashi
doubt,5,0.6,0.5833333333333333,2,nvidia/NVIDIA-Nemotron-Labs-3-Puzzle-75B-A9B-NVFP4,hayashi
guard,5,0.6,0.5833333333333333,2,nvidia/NVIDIA-Nemotron-Labs-3-Puzzle-75B-A9B-NVFP4,hayashi
globe,5,0.6,0.5833333333333333,2,nvidia/NVIDIA-Nemotron-Labs-3-Puzzle-75B-A9B-NVFP4,hayashi
stimulation,5,0.6,0.5833333333333333,2,nvidia/NVIDIA-Nemotron-Labs-3-Puzzle-75B-A9B-NVFP4,hayashi
still,5,0.6,0.5833333333333333,2,nvidia/NVIDIA-Nemotron-Labs-3-Puzzle-75B-A9B-NVFP4,hayashi
trick,5,0.6,0.5833333333333333,2,nvidia/NVIDIA-Nemotron-Labs-3-Puzzle-75B-A9B-NVFP4,hayashi
original,5,0.6,0.5833333333333333,2,nvidia/NVIDIA-Nemotron-Labs-3-Puzzle-75B-A9B-NVFP4,hayashi
hearing,5,0.6,0.5833333333333333,2,nvidia/NVIDIA-Nemotron-Labs-3-Puzzle-75B-A9B-NVFP4,hayashi
hemp,5,0.6,0.5833333333333333,2,nvidia/NVIDIA-Nemotron-Labs-3-Puzzle-75B-A9B-NVFP4,hayashi
multiplication,5,0.6,0.5833333333333333,2,nvidia/NVIDIA-Nemotron-Labs-3-Puzzle-75B-A9B-NVFP4,hayashi
reality,5,0.6,0.5833333333333333,2,nvidia/NVIDIA-Nemotron-Labs-3-Puzzle-75B-A9B-NVFP4,hayashi
warm_up,5,0.6,0.5833333333333333,2,nvidia/NVIDIA-Nemotron-Labs-3-Puzzle-75B-A9B-NVFP4,hayashi
scrape,9,0.6666666666666666,0.5846153846153846,3,nvidia/NVIDIA-Nemotron-Labs-3-Puzzle-75B-A9B-NVFP4,hayashi
firm,9,0.6666666666666666,0.5846153846153846,3,nvidia/NVIDIA-Nemotron-Labs-3-Puzzle-75B-A9B-NVFP4,hayashi
flow,9,0.6666666666666666,0.5846153846153846,3,nvidia/NVIDIA-Nemotron-Labs-3-Puzzle-75B-A9B-NVFP4,hayashi
complication,9,0.6666666666666666,0.5846153846153846,3,nvidia/NVIDIA-Nemotron-Labs-3-Puzzle-75B-A9B-NVFP4,hayashi
hover,9,0.6666666666666666,0.5846153846153846,3,nvidia/NVIDIA-Nemotron-Labs-3-Puzzle-75B-A9B-NVFP4,hayashi
attraction,9,0.6666666666666666,0.5846153846153846,3,nvidia/NVIDIA-Nemotron-Labs-3-Puzzle-75B-A9B-NVFP4,hayashi
system,9,0.6666666666666666,0.5846153846153846,3,nvidia/NVIDIA-Nemotron-Labs-3-Puzzle-75B-A9B-NVFP4,hayashi
find,14,0.6428571428571429,0.5906432748538011,5,nvidia/NVIDIA-Nemotron-Labs-3-Puzzle-75B-A9B-NVFP4,hayashi
shower,16,0.625,0.6,6,nvidia/NVIDIA-Nemotron-Labs-3-Puzzle-75B-A9B-NVFP4,hayashi
indifferent,10,0.7,0.6000000000000001,3,nvidia/NVIDIA-Nemotron-Labs-3-Puzzle-75B-A9B-NVFP4,hayashi
excite,10,0.7,0.6000000000000001,3,nvidia/NVIDIA-Nemotron-Labs-3-Puzzle-75B-A9B-NVFP4,hayashi
sink,15,0.6666666666666666,0.6031746031746031,5,nvidia/NVIDIA-Nemotron-Labs-3-Puzzle-75B-A9B-NVFP4,hayashi
choke,15,0.6666666666666666,0.6031746031746031,5,nvidia/NVIDIA-Nemotron-Labs-3-Puzzle-75B-A9B-NVFP4,hayashi
reference,13,0.6153846153846154,0.606060606060606,5,nvidia/NVIDIA-Nemotron-Labs-3-Puzzle-75B-A9B-NVFP4,hayashi
lost,11,0.6363636363636364,0.6071428571428572,4,nvidia/NVIDIA-Nemotron-Labs-3-Puzzle-75B-A9B-NVFP4,hayashi
pop,11,0.6363636363636364,0.6071428571428572,4,nvidia/NVIDIA-Nemotron-Labs-3-Puzzle-75B-A9B-NVFP4,hayashi
bring_up,11,0.6363636363636364,0.6071428571428572,4,nvidia/NVIDIA-Nemotron-Labs-3-Puzzle-75B-A9B-NVFP4,hayashi
administration,11,0.6363636363636364,0.6071428571428572,4,nvidia/NVIDIA-Nemotron-Labs-3-Puzzle-75B-A9B-NVFP4,hayashi
mouthpiece,8,0.625,0.6190476190476191,3,nvidia/NVIDIA-Nemotron-Labs-3-Puzzle-75B-A9B-NVFP4,hayashi
seed,8,0.625,0.6190476190476191,3,nvidia/NVIDIA-Nemotron-Labs-3-Puzzle-75B-A9B-NVFP4,hayashi
hero,8,0.625,0.6190476190476191,3,nvidia/NVIDIA-Nemotron-Labs-3-Puzzle-75B-A9B-NVFP4,hayashi
hold_back,8,0.625,0.6190476190476191,3,nvidia/NVIDIA-Nemotron-Labs-3-Puzzle-75B-A9B-NVFP4,hayashi
casual,8,0.625,0.6190476190476191,3,nvidia/NVIDIA-Nemotron-Labs-3-Puzzle-75B-A9B-NVFP4,hayashi
sweet,8,0.625,0.6190476190476191,3,nvidia/NVIDIA-Nemotron-Labs-3-Puzzle-75B-A9B-NVFP4,hayashi
material,8,0.625,0.6190476190476191,3,nvidia/NVIDIA-Nemotron-Labs-3-Puzzle-75B-A9B-NVFP4,hayashi
ridge,8,0.625,0.6190476190476191,3,nvidia/NVIDIA-Nemotron-Labs-3-Puzzle-75B-A9B-NVFP4,hayashi
trace,12,0.6666666666666666,0.625,4,nvidia/NVIDIA-Nemotron-Labs-3-Puzzle-75B-A9B-NVFP4,hayashi
upset,6,0.6666666666666666,0.625,2,nvidia/NVIDIA-Nemotron-Labs-3-Puzzle-75B-A9B-NVFP4,hayashi
alarm,6,0.6666666666666666,0.625,2,nvidia/NVIDIA-Nemotron-Labs-3-Puzzle-75B-A9B-NVFP4,hayashi
dissipate,6,0.6666666666666666,0.625,2,nvidia/NVIDIA-Nemotron-Labs-3-Puzzle-75B-A9B-NVFP4,hayashi
neutral,6,0.6666666666666666,0.625,2,nvidia/NVIDIA-Nemotron-Labs-3-Puzzle-75B-A9B-NVFP4,hayashi
thickened,6,0.6666666666666666,0.625,2,nvidia/NVIDIA-Nemotron-Labs-3-Puzzle-75B-A9B-NVFP4,hayashi
falsify,6,0.6666666666666666,0.625,2,nvidia/NVIDIA-Nemotron-Labs-3-Puzzle-75B-A9B-NVFP4,hayashi
adjustment,6,0.6666666666666666,0.625,2,nvidia/NVIDIA-Nemotron-Labs-3-Puzzle-75B-A9B-NVFP4,hayashi
homely,6,0.6666666666666666,0.625,2,nvidia/NVIDIA-Nemotron-Labs-3-Puzzle-75B-A9B-NVFP4,hayashi
spiritual,6,0.6666666666666666,0.625,2,nvidia/NVIDIA-Nemotron-Labs-3-Puzzle-75B-A9B-NVFP4,hayashi
heritage,6,0.6666666666666666,0.625,2,nvidia/NVIDIA-Nemotron-Labs-3-Puzzle-75B-A9B-NVFP4,hayashi
dark,6,0.6666666666666666,0.625,2,nvidia/NVIDIA-Nemotron-Labs-3-Puzzle-75B-A9B-NVFP4,hayashi
drab,6,0.6666666666666666,0.625,2,nvidia/NVIDIA-Nemotron-Labs-3-Puzzle-75B-A9B-NVFP4,hayashi
grave,6,0.6666666666666666,0.625,2,nvidia/NVIDIA-Nemotron-Labs-3-Puzzle-75B-A9B-NVFP4,hayashi
effective,6,0.6666666666666666,0.625,2,nvidia/NVIDIA-Nemotron-Labs-3-Puzzle-75B-A9B-NVFP4,hayashi
rest,18,0.6666666666666666,0.625,6,nvidia/NVIDIA-Nemotron-Labs-3-Puzzle-75B-A9B-NVFP4,hayashi
purge,6,0.6666666666666666,0.625,2,nvidia/NVIDIA-Nemotron-Labs-3-Puzzle-75B-A9B-NVFP4,hayashi
interference,6,0.6666666666666666,0.625,2,nvidia/NVIDIA-Nemotron-Labs-3-Puzzle-75B-A9B-NVFP4,hayashi
journal,6,0.6666666666666666,0.625,2,nvidia/NVIDIA-Nemotron-Labs-3-Puzzle-75B-A9B-NVFP4,hayashi
confederacy,6,0.6666666666666666,0.625,2,nvidia/NVIDIA-Nemotron-Labs-3-Puzzle-75B-A9B-NVFP4,hayashi
diverge,6,0.6666666666666666,0.625,2,nvidia/NVIDIA-Nemotron-Labs-3-Puzzle-75B-A9B-NVFP4,hayashi
opposite,6,0.6666666666666666,0.625,2,nvidia/NVIDIA-Nemotron-Labs-3-Puzzle-75B-A9B-NVFP4,hayashi
tilt,6,0.6666666666666666,0.625,2,nvidia/NVIDIA-Nemotron-Labs-3-Puzzle-75B-A9B-NVFP4,hayashi
administrator,6,0.6666666666666666,0.625,2,nvidia/NVIDIA-Nemotron-Labs-3-Puzzle-75B-A9B-NVFP4,hayashi
excuse,6,0.6666666666666666,0.625,2,nvidia/NVIDIA-Nemotron-Labs-3-Puzzle-75B-A9B-NVFP4,hayashi
endorsement,6,0.6666666666666666,0.625,2,nvidia/NVIDIA-Nemotron-Labs-3-Puzzle-75B-A9B-NVFP4,hayashi
syndicate,6,0.6666666666666666,0.625,2,nvidia/NVIDIA-Nemotron-Labs-3-Puzzle-75B-A9B-NVFP4,hayashi
sweep,12,0.6666666666666666,0.625,4,nvidia/NVIDIA-Nemotron-Labs-3-Puzzle-75B-A9B-NVFP4,hayashi
sweetheart,6,0.6666666666666666,0.625,2,nvidia/NVIDIA-Nemotron-Labs-3-Puzzle-75B-A9B-NVFP4,hayashi
meal,6,0.6666666666666666,0.625,2,nvidia/NVIDIA-Nemotron-Labs-3-Puzzle-75B-A9B-NVFP4,hayashi
fluctuate,6,0.6666666666666666,0.625,2,nvidia/NVIDIA-Nemotron-Labs-3-Puzzle-75B-A9B-NVFP4,hayashi
market,6,0.6666666666666666,0.625,2,nvidia/NVIDIA-Nemotron-Labs-3-Puzzle-75B-A9B-NVFP4,hayashi
insure,6,0.6666666666666666,0.625,2,nvidia/NVIDIA-Nemotron-Labs-3-Puzzle-75B-A9B-NVFP4,hayashi
fog,6,0.6666666666666666,0.625,2,nvidia/NVIDIA-Nemotron-Labs-3-Puzzle-75B-A9B-NVFP4,hayashi
fusion,6,0.6666666666666666,0.625,2,nvidia/NVIDIA-Nemotron-Labs-3-Puzzle-75B-A9B-NVFP4,hayashi
fullness,6,0.6666666666666666,0.625,2,nvidia/NVIDIA-Nemotron-Labs-3-Puzzle-75B-A9B-NVFP4,hayashi
abuse,6,0.6666666666666666,0.625,2,nvidia/NVIDIA-Nemotron-Labs-3-Puzzle-75B-A9B-NVFP4,hayashi
ground,19,0.631578947368421,0.631578947368421,7,nvidia/NVIDIA-Nemotron-Labs-3-Puzzle-75B-A9B-NVFP4,hayashi
curse,11,0.6363636363636364,0.6333333333333333,4,nvidia/NVIDIA-Nemotron-Labs-3-Puzzle-75B-A9B-NVFP4,hayashi
comfort,11,0.6363636363636364,0.6333333333333333,4,nvidia/NVIDIA-Nemotron-Labs-3-Puzzle-75B-A9B-NVFP4,hayashi
retreat,21,0.6666666666666666,0.6370370370370371,7,nvidia/NVIDIA-Nemotron-Labs-3-Puzzle-75B-A9B-NVFP4,hayashi
strip,20,0.7,0.6428571428571428,6,nvidia/NVIDIA-Nemotron-Labs-3-Puzzle-75B-A9B-NVFP4,hayashi
disturbance,9,0.6666666666666666,0.6493506493506493,3,nvidia/NVIDIA-Nemotron-Labs-3-Puzzle-75B-A9B-NVFP4,hayashi
agitation,9,0.6666666666666666,0.6493506493506493,3,nvidia/NVIDIA-Nemotron-Labs-3-Puzzle-75B-A9B-NVFP4,hayashi
observation,9,0.6666666666666666,0.6493506493506493,3,nvidia/NVIDIA-Nemotron-Labs-3-Puzzle-75B-A9B-NVFP4,hayashi
security,9,0.6666666666666666,0.6493506493506493,3,nvidia/NVIDIA-Nemotron-Labs-3-Puzzle-75B-A9B-NVFP4,hayashi
plain,9,0.6666666666666666,0.6493506493506493,3,nvidia/NVIDIA-Nemotron-Labs-3-Puzzle-75B-A9B-NVFP4,hayashi
liberal,9,0.6666666666666666,0.6493506493506493,3,nvidia/NVIDIA-Nemotron-Labs-3-Puzzle-75B-A9B-NVFP4,hayashi
cause,9,0.6666666666666666,0.6493506493506493,3,nvidia/NVIDIA-Nemotron-Labs-3-Puzzle-75B-A9B-NVFP4,hayashi
spray,9,0.6666666666666666,0.6493506493506493,3,nvidia/NVIDIA-Nemotron-Labs-3-Puzzle-75B-A9B-NVFP4,hayashi
soften,9,0.6666666666666666,0.6493506493506493,3,nvidia/NVIDIA-Nemotron-Labs-3-Puzzle-75B-A9B-NVFP4,hayashi
dive,9,0.6666666666666666,0.6493506493506493,3,nvidia/NVIDIA-Nemotron-Labs-3-Puzzle-75B-A9B-NVFP4,hayashi
tug,9,0.6666666666666666,0.6493506493506493,3,nvidia/NVIDIA-Nemotron-Labs-3-Puzzle-75B-A9B-NVFP4,hayashi
pride,7,0.7142857142857143,0.65,2,nvidia/NVIDIA-Nemotron-Labs-3-Puzzle-75B-A9B-NVFP4,hayashi
fairness,7,0.7142857142857143,0.65,2,nvidia/NVIDIA-Nemotron-Labs-3-Puzzle-75B-A9B-NVFP4,hayashi
belt,7,0.7142857142857143,0.65,2,nvidia/NVIDIA-Nemotron-Labs-3-Puzzle-75B-A9B-NVFP4,hayashi
smoothness,7,0.7142857142857143,0.65,2,nvidia/NVIDIA-Nemotron-Labs-3-Puzzle-75B-A9B-NVFP4,hayashi
capitalize,7,0.7142857142857143,0.65,2,nvidia/NVIDIA-Nemotron-Labs-3-Puzzle-75B-A9B-NVFP4,hayashi
launch,7,0.7142857142857143,0.65,2,nvidia/NVIDIA-Nemotron-Labs-3-Puzzle-75B-A9B-NVFP4,hayashi
converge,7,0.7142857142857143,0.65,2,nvidia/NVIDIA-Nemotron-Labs-3-Puzzle-75B-A9B-NVFP4,hayashi
cartridge,7,0.7142857142857143,0.65,2,nvidia/NVIDIA-Nemotron-Labs-3-Puzzle-75B-A9B-NVFP4,hayashi
extreme,7,0.7142857142857143,0.65,2,nvidia/NVIDIA-Nemotron-Labs-3-Puzzle-75B-A9B-NVFP4,hayashi
observe,7,0.7142857142857143,0.65,2,nvidia/NVIDIA-Nemotron-Labs-3-Puzzle-75B-A9B-NVFP4,hayashi
fantastic,7,0.7142857142857143,0.65,2,nvidia/NVIDIA-Nemotron-Labs-3-Puzzle-75B-A9B-NVFP4,hayashi
spiral,7,0.7142857142857143,0.65,2,nvidia/NVIDIA-Nemotron-Labs-3-Puzzle-75B-A9B-NVFP4,hayashi
question,7,0.7142857142857143,0.65,2,nvidia/NVIDIA-Nemotron-Labs-3-Puzzle-75B-A9B-NVFP4,hayashi
clear,27,0.6666666666666666,0.6591865357643759,9,nvidia/NVIDIA-Nemotron-Labs-3-Puzzle-75B-A9B-NVFP4,hayashi
dash,12,0.6666666666666666,0.6666666666666666,4,nvidia/NVIDIA-Nemotron-Labs-3-Puzzle-75B-A9B-NVFP4,hayashi
oppose,9,0.6666666666666666,0.6666666666666666,3,nvidia/NVIDIA-Nemotron-Labs-3-Puzzle-75B-A9B-NVFP4,hayashi
decline,6,0.6666666666666666,0.6666666666666666,2,nvidia/NVIDIA-Nemotron-Labs-3-Puzzle-75B-A9B-NVFP4,hayashi
dispatch,6,0.6666666666666666,0.6666666666666666,2,nvidia/NVIDIA-Nemotron-Labs-3-Puzzle-75B-A9B-NVFP4,hayashi
radiate,9,0.6666666666666666,0.6666666666666666,3,nvidia/NVIDIA-Nemotron-Labs-3-Puzzle-75B-A9B-NVFP4,hayashi
notch,6,0.6666666666666666,0.6666666666666666,2,nvidia/NVIDIA-Nemotron-Labs-3-Puzzle-75B-A9B-NVFP4,hayashi
notice,9,0.6666666666666666,0.6666666666666666,3,nvidia/NVIDIA-Nemotron-Labs-3-Puzzle-75B-A9B-NVFP4,hayashi
native,6,0.6666666666666666,0.6666666666666666,2,nvidia/NVIDIA-Nemotron-Labs-3-Puzzle-75B-A9B-NVFP4,hayashi
wattle,6,0.6666666666666666,0.6666666666666666,2,nvidia/NVIDIA-Nemotron-Labs-3-Puzzle-75B-A9B-NVFP4,hayashi
agitate,9,0.6666666666666666,0.6666666666666666,3,nvidia/NVIDIA-Nemotron-Labs-3-Puzzle-75B-A9B-NVFP4,hayashi
sophistication,6,0.6666666666666666,0.6666666666666666,2,nvidia/NVIDIA-Nemotron-Labs-3-Puzzle-75B-A9B-NVFP4,hayashi
commitment,6,0.6666666666666666,0.6666666666666666,2,nvidia/NVIDIA-Nemotron-Labs-3-Puzzle-75B-A9B-NVFP4,hayashi
clip,6,0.6666666666666666,0.6666666666666666,2,nvidia/NVIDIA-Nemotron-Labs-3-Puzzle-75B-A9B-NVFP4,hayashi
gem,6,0.6666666666666666,0.6666666666666666,2,nvidia/NVIDIA-Nemotron-Labs-3-Puzzle-75B-A9B-NVFP4,hayashi
run_out,6,0.6666666666666666,0.6666666666666666,2,nvidia/NVIDIA-Nemotron-Labs-3-Puzzle-75B-A9B-NVFP4,hayashi
median,6,0.6666666666666666,0.6666666666666666,2,nvidia/NVIDIA-Nemotron-Labs-3-Puzzle-75B-A9B-NVFP4,hayashi
lookout,6,0.6666666666666666,0.6666666666666666,2,nvidia/NVIDIA-Nemotron-Labs-3-Puzzle-75B-A9B-NVFP4,hayashi
intrusion,6,0.6666666666666666,0.6666666666666666,2,nvidia/NVIDIA-Nemotron-Labs-3-Puzzle-75B-A9B-NVFP4,hayashi
inside,6,0.6666666666666666,0.6666666666666666,2,nvidia/NVIDIA-Nemotron-Labs-3-Puzzle-75B-A9B-NVFP4,hayashi
aroused,8,0.75,0.6666666666666667,2,nvidia/NVIDIA-Nemotron-Labs-3-Puzzle-75B-A9B-NVFP4,hayashi
hack,10,0.7,0.6703296703296704,3,nvidia/NVIDIA-Nemotron-Labs-3-Puzzle-75B-A9B-NVFP4,hayashi
seal,10,0.7,0.6703296703296704,3,nvidia/NVIDIA-Nemotron-Labs-3-Puzzle-75B-A9B-NVFP4,hayashi
distribute,10,0.7,0.6703296703296704,3,nvidia/NVIDIA-Nemotron-Labs-3-Puzzle-75B-A9B-NVFP4,hayashi
review,10,0.7,0.6703296703296704,3,nvidia/NVIDIA-Nemotron-Labs-3-Puzzle-75B-A9B-NVFP4,hayashi
cutting,13,0.6923076923076923,0.675,4,nvidia/NVIDIA-Nemotron-Labs-3-Puzzle-75B-A9B-NVFP4,hayashi
round,13,0.6923076923076923,0.675,4,nvidia/NVIDIA-Nemotron-Labs-3-Puzzle-75B-A9B-NVFP4,hayashi
flip,13,0.6923076923076923,0.675,4,nvidia/NVIDIA-Nemotron-Labs-3-Puzzle-75B-A9B-NVFP4,hayashi
capture,13,0.6923076923076923,0.675,4,nvidia/NVIDIA-Nemotron-Labs-3-Puzzle-75B-A9B-NVFP4,hayashi
column,9,0.7777777777777778,0.6785714285714286,2,nvidia/NVIDIA-Nemotron-Labs-3-Puzzle-75B-A9B-NVFP4,hayashi
smash,9,0.7777777777777778,0.6785714285714286,2,nvidia/NVIDIA-Nemotron-Labs-3-Puzzle-75B-A9B-NVFP4,hayashi
rise,20,0.7,0.6875,6,nvidia/NVIDIA-Nemotron-Labs-3-Puzzle-75B-A9B-NVFP4,hayashi
solid,14,0.7142857142857143,0.6888888888888889,4,nvidia/NVIDIA-Nemotron-Labs-3-Puzzle-75B-A9B-NVFP4,hayashi
heave,14,0.7142857142857143,0.6888888888888889,4,nvidia/NVIDIA-Nemotron-Labs-3-Puzzle-75B-A9B-NVFP4,hayashi
hold_up,13,0.6923076923076923,0.6904761904761905,4,nvidia/NVIDIA-Nemotron-Labs-3-Puzzle-75B-A9B-NVFP4,hayashi
bore,10,0.7,0.696969696969697,3,nvidia/NVIDIA-Nemotron-Labs-3-Puzzle-75B-A9B-NVFP4,hayashi
recover,10,0.7,0.696969696969697,3,nvidia/NVIDIA-Nemotron-Labs-3-Puzzle-75B-A9B-NVFP4,hayashi
work_out,10,0.7,0.696969696969697,3,nvidia/NVIDIA-Nemotron-Labs-3-Puzzle-75B-A9B-NVFP4,hayashi
clap,10,0.7,0.696969696969697,3,nvidia/NVIDIA-Nemotron-Labs-3-Puzzle-75B-A9B-NVFP4,hayashi
mask,10,0.7,0.696969696969697,3,nvidia/NVIDIA-Nemotron-Labs-3-Puzzle-75B-A9B-NVFP4,hayashi
support,12,0.75,0.6974789915966386,3,nvidia/NVIDIA-Nemotron-Labs-3-Puzzle-75B-A9B-NVFP4,hayashi
plunge,12,0.75,0.6974789915966386,3,nvidia/NVIDIA-Nemotron-Labs-3-Puzzle-75B-A9B-NVFP4,hayashi
label,15,0.7333333333333333,0.7,4,nvidia/NVIDIA-Nemotron-Labs-3-Puzzle-75B-A9B-NVFP4,hayashi
break_up,22,0.7272727272727273,0.7053571428571428,6,nvidia/NVIDIA-Nemotron-Labs-3-Puzzle-75B-A9B-NVFP4,hayashi
connect,19,0.7368421052631579,0.7076923076923077,5,nvidia/NVIDIA-Nemotron-Labs-3-Puzzle-75B-A9B-NVFP4,hayashi
spell,7,0.7142857142857143,0.7083333333333333,2,nvidia/NVIDIA-Nemotron-Labs-3-Puzzle-75B-A9B-NVFP4,hayashi
presentation,7,0.7142857142857143,0.7083333333333333,2,nvidia/NVIDIA-Nemotron-Labs-3-Puzzle-75B-A9B-NVFP4,hayashi
horn,14,0.7142857142857143,0.7083333333333333,4,nvidia/NVIDIA-Nemotron-Labs-3-Puzzle-75B-A9B-NVFP4,hayashi
hop,7,0.7142857142857143,0.7083333333333333,2,nvidia/NVIDIA-Nemotron-Labs-3-Puzzle-75B-A9B-NVFP4,hayashi
punch,7,0.7142857142857143,0.7083333333333333,2,nvidia/NVIDIA-Nemotron-Labs-3-Puzzle-75B-A9B-NVFP4,hayashi
rank,7,0.7142857142857143,0.7083333333333333,2,nvidia/NVIDIA-Nemotron-Labs-3-Puzzle-75B-A9B-NVFP4,hayashi
deny,7,0.7142857142857143,0.7083333333333333,2,nvidia/NVIDIA-Nemotron-Labs-3-Puzzle-75B-A9B-NVFP4,hayashi
draw_in,7,0.7142857142857143,0.7083333333333333,2,nvidia/NVIDIA-Nemotron-Labs-3-Puzzle-75B-A9B-NVFP4,hayashi
seeded,7,0.7142857142857143,0.7083333333333333,2,nvidia/NVIDIA-Nemotron-Labs-3-Puzzle-75B-A9B-NVFP4,hayashi
serve,14,0.7142857142857143,0.7083333333333333,4,nvidia/NVIDIA-Nemotron-Labs-3-Puzzle-75B-A9B-NVFP4,hayashi
smut,7,0.7142857142857143,0.7083333333333333,2,nvidia/NVIDIA-Nemotron-Labs-3-Puzzle-75B-A9B-NVFP4,hayashi
antagonistic,7,0.7142857142857143,0.7083333333333333,2,nvidia/NVIDIA-Nemotron-Labs-3-Puzzle-75B-A9B-NVFP4,hayashi
lay,14,0.7142857142857143,0.7083333333333333,4,nvidia/NVIDIA-Nemotron-Labs-3-Puzzle-75B-A9B-NVFP4,hayashi
surmount,7,0.7142857142857143,0.7083333333333333,2,nvidia/NVIDIA-Nemotron-Labs-3-Puzzle-75B-A9B-NVFP4,hayashi
knock,7,0.7142857142857143,0.7083333333333333,2,nvidia/NVIDIA-Nemotron-Labs-3-Puzzle-75B-A9B-NVFP4,hayashi
sight,7,0.7142857142857143,0.7083333333333333,2,nvidia/NVIDIA-Nemotron-Labs-3-Puzzle-75B-A9B-NVFP4,hayashi
glow,14,0.7142857142857143,0.7083333333333333,4,nvidia/NVIDIA-Nemotron-Labs-3-Puzzle-75B-A9B-NVFP4,hayashi
freshness,7,0.7142857142857143,0.7083333333333333,2,nvidia/NVIDIA-Nemotron-Labs-3-Puzzle-75B-A9B-NVFP4,hayashi
superior,7,0.7142857142857143,0.7083333333333333,2,nvidia/NVIDIA-Nemotron-Labs-3-Puzzle-75B-A9B-NVFP4,hayashi
precious,7,0.7142857142857143,0.7083333333333333,2,nvidia/NVIDIA-Nemotron-Labs-3-Puzzle-75B-A9B-NVFP4,hayashi
level,7,0.7142857142857143,0.7083333333333333,2,nvidia/NVIDIA-Nemotron-Labs-3-Puzzle-75B-A9B-NVFP4,hayashi
plug,7,0.7142857142857143,0.7083333333333333,2,nvidia/NVIDIA-Nemotron-Labs-3-Puzzle-75B-A9B-NVFP4,hayashi
up,7,0.7142857142857143,0.7083333333333333,2,nvidia/NVIDIA-Nemotron-Labs-3-Puzzle-75B-A9B-NVFP4,hayashi
active,14,0.7142857142857143,0.7083333333333333,4,nvidia/NVIDIA-Nemotron-Labs-3-Puzzle-75B-A9B-NVFP4,hayashi
spare,7,0.7142857142857143,0.7083333333333333,2,nvidia/NVIDIA-Nemotron-Labs-3-Puzzle-75B-A9B-NVFP4,hayashi
blast,17,0.7647058823529411,0.7166666666666667,4,nvidia/NVIDIA-Nemotron-Labs-3-Puzzle-75B-A9B-NVFP4,hayashi
picket,11,0.7272727272727273,0.717948717948718,3,nvidia/NVIDIA-Nemotron-Labs-3-Puzzle-75B-A9B-NVFP4,hayashi
pledge,11,0.7272727272727273,0.717948717948718,3,nvidia/NVIDIA-Nemotron-Labs-3-Puzzle-75B-A9B-NVFP4,hayashi
care,11,0.7272727272727273,0.717948717948718,3,nvidia/NVIDIA-Nemotron-Labs-3-Puzzle-75B-A9B-NVFP4,hayashi
mantle,11,0.7272727272727273,0.717948717948718,3,nvidia/NVIDIA-Nemotron-Labs-3-Puzzle-75B-A9B-NVFP4,hayashi
pace,11,0.7272727272727273,0.717948717948718,3,nvidia/NVIDIA-Nemotron-Labs-3-Puzzle-75B-A9B-NVFP4,hayashi
open,26,0.7307692307692307,0.7271364317841079,7,nvidia/NVIDIA-Nemotron-Labs-3-Puzzle-75B-A9B-NVFP4,hayashi
master,15,0.7333333333333333,0.7321428571428572,4,nvidia/NVIDIA-Nemotron-Labs-3-Puzzle-75B-A9B-NVFP4,hayashi
flood,12,0.75,0.7333333333333334,3,nvidia/NVIDIA-Nemotron-Labs-3-Puzzle-75B-A9B-NVFP4,hayashi
wind,8,0.75,0.7333333333333334,2,nvidia/NVIDIA-Nemotron-Labs-3-Puzzle-75B-A9B-NVFP4,hayashi
amount,8,0.75,0.7333333333333334,2,nvidia/NVIDIA-Nemotron-Labs-3-Puzzle-75B-A9B-NVFP4,hayashi
experience,12,0.75,0.7333333333333334,3,nvidia/NVIDIA-Nemotron-Labs-3-Puzzle-75B-A9B-NVFP4,hayashi
go_on,8,0.75,0.7333333333333334,2,nvidia/NVIDIA-Nemotron-Labs-3-Puzzle-75B-A9B-NVFP4,hayashi
straightforward,8,0.75,0.7333333333333334,2,nvidia/NVIDIA-Nemotron-Labs-3-Puzzle-75B-A9B-NVFP4,hayashi
settlement,8,0.75,0.7333333333333334,2,nvidia/NVIDIA-Nemotron-Labs-3-Puzzle-75B-A9B-NVFP4,hayashi
richness,8,0.75,0.7333333333333334,2,nvidia/NVIDIA-Nemotron-Labs-3-Puzzle-75B-A9B-NVFP4,hayashi
bang,8,0.75,0.7333333333333334,2,nvidia/NVIDIA-Nemotron-Labs-3-Puzzle-75B-A9B-NVFP4,hayashi
progress,8,0.75,0.7333333333333334,2,nvidia/NVIDIA-Nemotron-Labs-3-Puzzle-75B-A9B-NVFP4,hayashi
distortion,8,0.75,0.7333333333333334,2,nvidia/NVIDIA-Nemotron-Labs-3-Puzzle-75B-A9B-NVFP4,hayashi
bare,12,0.75,0.7333333333333334,3,nvidia/NVIDIA-Nemotron-Labs-3-Puzzle-75B-A9B-NVFP4,hayashi
ruin,8,0.75,0.7333333333333334,2,nvidia/NVIDIA-Nemotron-Labs-3-Puzzle-75B-A9B-NVFP4,hayashi
slide,12,0.75,0.7333333333333334,3,nvidia/NVIDIA-Nemotron-Labs-3-Puzzle-75B-A9B-NVFP4,hayashi
resist,8,0.75,0.7333333333333334,2,nvidia/NVIDIA-Nemotron-Labs-3-Puzzle-75B-A9B-NVFP4,hayashi
graphic,8,0.75,0.7333333333333334,2,nvidia/NVIDIA-Nemotron-Labs-3-Puzzle-75B-A9B-NVFP4,hayashi
scratch,8,0.75,0.7333333333333334,2,nvidia/NVIDIA-Nemotron-Labs-3-Puzzle-75B-A9B-NVFP4,hayashi
shift,27,0.7407407407407407,0.7349228611500701,7,nvidia/NVIDIA-Nemotron-Labs-3-Puzzle-75B-A9B-NVFP4,hayashi
grow,13,0.7692307692307693,0.7450980392156863,3,nvidia/NVIDIA-Nemotron-Labs-3-Puzzle-75B-A9B-NVFP4,hayashi
stamp,13,0.7692307692307693,0.7450980392156863,3,nvidia/NVIDIA-Nemotron-Labs-3-Puzzle-75B-A9B-NVFP4,hayashi
flight,12,0.75,0.7482517482517483,3,nvidia/NVIDIA-Nemotron-Labs-3-Puzzle-75B-A9B-NVFP4,hayashi
contract,12,0.75,0.7482517482517483,3,nvidia/NVIDIA-Nemotron-Labs-3-Puzzle-75B-A9B-NVFP4,hayashi
spin,12,0.75,0.7482517482517483,3,nvidia/NVIDIA-Nemotron-Labs-3-Puzzle-75B-A9B-NVFP4,hayashi
operation,12,0.75,0.7482517482517483,3,nvidia/NVIDIA-Nemotron-Labs-3-Puzzle-75B-A9B-NVFP4,hayashi
go_down,8,0.75,0.75,2,nvidia/NVIDIA-Nemotron-Labs-3-Puzzle-75B-A9B-NVFP4,hayashi
suggest,9,0.7777777777777778,0.75,2,nvidia/NVIDIA-Nemotron-Labs-3-Puzzle-75B-A9B-NVFP4,hayashi
evacuate,9,0.7777777777777778,0.75,2,nvidia/NVIDIA-Nemotron-Labs-3-Puzzle-75B-A9B-NVFP4,hayashi
mail,9,0.7777777777777778,0.75,2,nvidia/NVIDIA-Nemotron-Labs-3-Puzzle-75B-A9B-NVFP4,hayashi
stick,16,0.75,0.75,4,nvidia/NVIDIA-Nemotron-Labs-3-Puzzle-75B-A9B-NVFP4,hayashi
load,8,0.75,0.75,2,nvidia/NVIDIA-Nemotron-Labs-3-Puzzle-75B-A9B-NVFP4,hayashi
character,9,0.7777777777777778,0.75,2,nvidia/NVIDIA-Nemotron-Labs-3-Puzzle-75B-A9B-NVFP4,hayashi
supplement,9,0.7777777777777778,0.75,2,nvidia/NVIDIA-Nemotron-Labs-3-Puzzle-75B-A9B-NVFP4,hayashi
appreciation,8,0.75,0.75,2,nvidia/NVIDIA-Nemotron-Labs-3-Puzzle-75B-A9B-NVFP4,hayashi
identity,8,0.75,0.75,2,nvidia/NVIDIA-Nemotron-Labs-3-Puzzle-75B-A9B-NVFP4,hayashi
prevail,8,0.75,0.75,2,nvidia/NVIDIA-Nemotron-Labs-3-Puzzle-75B-A9B-NVFP4,hayashi
crossing,8,0.75,0.75,2,nvidia/NVIDIA-Nemotron-Labs-3-Puzzle-75B-A9B-NVFP4,hayashi
tenor,8,0.75,0.75,2,nvidia/NVIDIA-Nemotron-Labs-3-Puzzle-75B-A9B-NVFP4,hayashi
snarl,8,0.75,0.75,2,nvidia/NVIDIA-Nemotron-Labs-3-Puzzle-75B-A9B-NVFP4,hayashi
ward,8,0.75,0.75,2,nvidia/NVIDIA-Nemotron-Labs-3-Puzzle-75B-A9B-NVFP4,hayashi
core,8,0.75,0.75,2,nvidia/NVIDIA-Nemotron-Labs-3-Puzzle-75B-A9B-NVFP4,hayashi
submission,8,0.75,0.75,2,nvidia/NVIDIA-Nemotron-Labs-3-Puzzle-75B-A9B-NVFP4,hayashi
loose,14,0.7857142857142857,0.7543859649122806,3,nvidia/NVIDIA-Nemotron-Labs-3-Puzzle-75B-A9B-NVFP4,hayashi
repress,5,0.8,0.7619047619047619,1,nvidia/NVIDIA-Nemotron-Labs-3-Puzzle-75B-A9B-NVFP4,hayashi
emergence,5,0.8,0.7619047619047619,1,nvidia/NVIDIA-Nemotron-Labs-3-Puzzle-75B-A9B-NVFP4,hayashi
decompose,5,0.8,0.7619047619047619,1,nvidia/NVIDIA-Nemotron-Labs-3-Puzzle-75B-A9B-NVFP4,hayashi
haunt,5,0.8,0.7619047619047619,1,nvidia/NVIDIA-Nemotron-Labs-3-Puzzle-75B-A9B-NVFP4,hayashi
sinus,5,0.8,0.7619047619047619,1,nvidia/NVIDIA-Nemotron-Labs-3-Puzzle-75B-A9B-NVFP4,hayashi
delicate,5,0.8,0.7619047619047619,1,nvidia/NVIDIA-Nemotron-Labs-3-Puzzle-75B-A9B-NVFP4,hayashi
zero,10,0.8,0.7619047619047619,2,nvidia/NVIDIA-Nemotron-Labs-3-Puzzle-75B-A9B-NVFP4,hayashi
chafe,5,0.8,0.7619047619047619,1,nvidia/NVIDIA-Nemotron-Labs-3-Puzzle-75B-A9B-NVFP4,hayashi
orientation,5,0.8,0.7619047619047619,1,nvidia/NVIDIA-Nemotron-Labs-3-Puzzle-75B-A9B-NVFP4,hayashi
aspiration,5,0.8,0.7619047619047619,1,nvidia/NVIDIA-Nemotron-Labs-3-Puzzle-75B-A9B-NVFP4,hayashi
dial,5,0.8,0.7619047619047619,1,nvidia/NVIDIA-Nemotron-Labs-3-Puzzle-75B-A9B-NVFP4,hayashi
undue,5,0.8,0.7619047619047619,1,nvidia/NVIDIA-Nemotron-Labs-3-Puzzle-75B-A9B-NVFP4,hayashi
hoop,5,0.8,0.7619047619047619,1,nvidia/NVIDIA-Nemotron-Labs-3-Puzzle-75B-A9B-NVFP4,hayashi
hysteria,5,0.8,0.7619047619047619,1,nvidia/NVIDIA-Nemotron-Labs-3-Puzzle-75B-A9B-NVFP4,hayashi
align,5,0.8,0.7619047619047619,1,nvidia/NVIDIA-Nemotron-Labs-3-Puzzle-75B-A9B-NVFP4,hayashi
tip,5,0.8,0.7619047619047619,1,nvidia/NVIDIA-Nemotron-Labs-3-Puzzle-75B-A9B-NVFP4,hayashi
bead,5,0.8,0.7619047619047619,1,nvidia/NVIDIA-Nemotron-Labs-3-Puzzle-75B-A9B-NVFP4,hayashi
addition,5,0.8,0.7619047619047619,1,nvidia/NVIDIA-Nemotron-Labs-3-Puzzle-75B-A9B-NVFP4,hayashi
oppression,5,0.8,0.7619047619047619,1,nvidia/NVIDIA-Nemotron-Labs-3-Puzzle-75B-A9B-NVFP4,hayashi
net,5,0.8,0.7619047619047619,1,nvidia/NVIDIA-Nemotron-Labs-3-Puzzle-75B-A9B-NVFP4,hayashi
bluff,5,0.8,0.7619047619047619,1,nvidia/NVIDIA-Nemotron-Labs-3-Puzzle-75B-A9B-NVFP4,hayashi
temporal,5,0.8,0.7619047619047619,1,nvidia/NVIDIA-Nemotron-Labs-3-Puzzle-75B-A9B-NVFP4,hayashi
distributor,5,0.8,0.7619047619047619,1,nvidia/NVIDIA-Nemotron-Labs-3-Puzzle-75B-A9B-NVFP4,hayashi
boil,5,0.8,0.7619047619047619,1,nvidia/NVIDIA-Nemotron-Labs-3-Puzzle-75B-A9B-NVFP4,hayashi
colony,5,0.8,0.7619047619047619,1,nvidia/NVIDIA-Nemotron-Labs-3-Puzzle-75B-A9B-NVFP4,hayashi
concentrated,5,0.8,0.7619047619047619,1,nvidia/NVIDIA-Nemotron-Labs-3-Puzzle-75B-A9B-NVFP4,hayashi
set_down,5,0.8,0.7619047619047619,1,nvidia/NVIDIA-Nemotron-Labs-3-Puzzle-75B-A9B-NVFP4,hayashi
escort,5,0.8,0.7619047619047619,1,nvidia/NVIDIA-Nemotron-Labs-3-Puzzle-75B-A9B-NVFP4,hayashi
confinement,5,0.8,0.7619047619047619,1,nvidia/NVIDIA-Nemotron-Labs-3-Puzzle-75B-A9B-NVFP4,hayashi
shrink,5,0.8,0.7619047619047619,1,nvidia/NVIDIA-Nemotron-Labs-3-Puzzle-75B-A9B-NVFP4,hayashi
medium,10,0.8,0.7619047619047619,2,nvidia/NVIDIA-Nemotron-Labs-3-Puzzle-75B-A9B-NVFP4,hayashi
pepper,5,0.8,0.7619047619047619,1,nvidia/NVIDIA-Nemotron-Labs-3-Puzzle-75B-A9B-NVFP4,hayashi
compose,5,0.8,0.7619047619047619,1,nvidia/NVIDIA-Nemotron-Labs-3-Puzzle-75B-A9B-NVFP4,hayashi
rule_out,5,0.8,0.7619047619047619,1,nvidia/NVIDIA-Nemotron-Labs-3-Puzzle-75B-A9B-NVFP4,hayashi
reminder,5,0.8,0.7619047619047619,1,nvidia/NVIDIA-Nemotron-Labs-3-Puzzle-75B-A9B-NVFP4,hayashi
formality,5,0.8,0.7619047619047619,1,nvidia/NVIDIA-Nemotron-Labs-3-Puzzle-75B-A9B-NVFP4,hayashi
scene,13,0.7692307692307693,0.7636363636363637,3,nvidia/NVIDIA-Nemotron-Labs-3-Puzzle-75B-A9B-NVFP4,hayashi
association,13,0.7692307692307693,0.7636363636363637,3,nvidia/NVIDIA-Nemotron-Labs-3-Puzzle-75B-A9B-NVFP4,hayashi
closed,13,0.7692307692307693,0.7636363636363637,3,nvidia/NVIDIA-Nemotron-Labs-3-Puzzle-75B-A9B-NVFP4,hayashi
flash,13,0.7692307692307693,0.7636363636363637,3,nvidia/NVIDIA-Nemotron-Labs-3-Puzzle-75B-A9B-NVFP4,hayashi
release,23,0.782608695652174,0.7667342799188641,5,nvidia/NVIDIA-Nemotron-Labs-3-Puzzle-75B-A9B-NVFP4,hayashi
puff,13,0.7692307692307693,0.7692307692307693,3,nvidia/NVIDIA-Nemotron-Labs-3-Puzzle-75B-A9B-NVFP4,hayashi
freeze,13,0.7692307692307693,0.7692307692307693,3,nvidia/NVIDIA-Nemotron-Labs-3-Puzzle-75B-A9B-NVFP4,hayashi
scale,22,0.7727272727272727,0.7722567287784678,5,nvidia/NVIDIA-Nemotron-Labs-3-Puzzle-75B-A9B-NVFP4,hayashi
arrangement,9,0.7777777777777778,0.775,2,nvidia/NVIDIA-Nemotron-Labs-3-Puzzle-75B-A9B-NVFP4,hayashi
introduction,9,0.7777777777777778,0.775,2,nvidia/NVIDIA-Nemotron-Labs-3-Puzzle-75B-A9B-NVFP4,hayashi
put_down,9,0.7777777777777778,0.775,2,nvidia/NVIDIA-Nemotron-Labs-3-Puzzle-75B-A9B-NVFP4,hayashi
capacity,9,0.7777777777777778,0.775,2,nvidia/NVIDIA-Nemotron-Labs-3-Puzzle-75B-A9B-NVFP4,hayashi
wedge,9,0.7777777777777778,0.775,2,nvidia/NVIDIA-Nemotron-Labs-3-Puzzle-75B-A9B-NVFP4,hayashi
confirmation,9,0.7777777777777778,0.775,2,nvidia/NVIDIA-Nemotron-Labs-3-Puzzle-75B-A9B-NVFP4,hayashi
reception,9,0.7777777777777778,0.775,2,nvidia/NVIDIA-Nemotron-Labs-3-Puzzle-75B-A9B-NVFP4,hayashi
escape,9,0.7777777777777778,0.775,2,nvidia/NVIDIA-Nemotron-Labs-3-Puzzle-75B-A9B-NVFP4,hayashi
trough,9,0.7777777777777778,0.775,2,nvidia/NVIDIA-Nemotron-Labs-3-Puzzle-75B-A9B-NVFP4,hayashi
pack,9,0.7777777777777778,0.775,2,nvidia/NVIDIA-Nemotron-Labs-3-Puzzle-75B-A9B-NVFP4,hayashi
formula,9,0.7777777777777778,0.775,2,nvidia/NVIDIA-Nemotron-Labs-3-Puzzle-75B-A9B-NVFP4,hayashi
reinforcement,9,0.7777777777777778,0.775,2,nvidia/NVIDIA-Nemotron-Labs-3-Puzzle-75B-A9B-NVFP4,hayashi
take_away,9,0.7777777777777778,0.775,2,nvidia/NVIDIA-Nemotron-Labs-3-Puzzle-75B-A9B-NVFP4,hayashi
trouble,14,0.7857142857142857,0.7754010695187166,3,nvidia/NVIDIA-Nemotron-Labs-3-Puzzle-75B-A9B-NVFP4,hayashi
accord,6,0.8333333333333334,0.7777777777777777,1,nvidia/NVIDIA-Nemotron-Labs-3-Puzzle-75B-A9B-NVFP4,hayashi
condense,6,0.8333333333333334,0.7777777777777777,1,nvidia/NVIDIA-Nemotron-Labs-3-Puzzle-75B-A9B-NVFP4,hayashi
realism,6,0.8333333333333334,0.7777777777777777,1,nvidia/NVIDIA-Nemotron-Labs-3-Puzzle-75B-A9B-NVFP4,hayashi
challenge,6,0.8333333333333334,0.7777777777777777,1,nvidia/NVIDIA-Nemotron-Labs-3-Puzzle-75B-A9B-NVFP4,hayashi
domestic,6,0.8333333333333334,0.7777777777777777,1,nvidia/NVIDIA-Nemotron-Labs-3-Puzzle-75B-A9B-NVFP4,hayashi
sporting,6,0.8333333333333334,0.7777777777777777,1,nvidia/NVIDIA-Nemotron-Labs-3-Puzzle-75B-A9B-NVFP4,hayashi
book,6,0.8333333333333334,0.7777777777777777,1,nvidia/NVIDIA-Nemotron-Labs-3-Puzzle-75B-A9B-NVFP4,hayashi
drift,28,0.7857142857142857,0.78125,6,nvidia/NVIDIA-Nemotron-Labs-3-Puzzle-75B-A9B-NVFP4,hayashi
passage,14,0.7857142857142857,0.7846153846153847,3,nvidia/NVIDIA-Nemotron-Labs-3-Puzzle-75B-A9B-NVFP4,hayashi
bowl,14,0.7857142857142857,0.7846153846153847,3,nvidia/NVIDIA-Nemotron-Labs-3-Puzzle-75B-A9B-NVFP4,hayashi
expression,14,0.7857142857142857,0.7846153846153847,3,nvidia/NVIDIA-Nemotron-Labs-3-Puzzle-75B-A9B-NVFP4,hayashi
grounds,14,0.7857142857142857,0.7846153846153847,3,nvidia/NVIDIA-Nemotron-Labs-3-Puzzle-75B-A9B-NVFP4,hayashi
stuff,15,0.8,0.784688995215311,3,nvidia/NVIDIA-Nemotron-Labs-3-Puzzle-75B-A9B-NVFP4,hayashi
m,7,0.8571428571428571,0.7878787878787878,1,nvidia/NVIDIA-Nemotron-Labs-3-Puzzle-75B-A9B-NVFP4,hayashi
twist,24,0.7916666666666666,0.7883597883597884,5,nvidia/NVIDIA-Nemotron-Labs-3-Puzzle-75B-A9B-NVFP4,hayashi
track,19,0.7894736842105263,0.788888888888889,4,nvidia/NVIDIA-Nemotron-Labs-3-Puzzle-75B-A9B-NVFP4,hayashi
take_out,19,0.7894736842105263,0.788888888888889,4,nvidia/NVIDIA-Nemotron-Labs-3-Puzzle-75B-A9B-NVFP4,hayashi
delicacy,10,0.8,0.7916666666666667,2,nvidia/NVIDIA-Nemotron-Labs-3-Puzzle-75B-A9B-NVFP4,hayashi
deal,20,0.8,0.7916666666666667,4,nvidia/NVIDIA-Nemotron-Labs-3-Puzzle-75B-A9B-NVFP4,hayashi
impress,10,0.8,0.7916666666666667,2,nvidia/NVIDIA-Nemotron-Labs-3-Puzzle-75B-A9B-NVFP4,hayashi
critical,10,0.8,0.7916666666666667,2,nvidia/NVIDIA-Nemotron-Labs-3-Puzzle-75B-A9B-NVFP4,hayashi
record,10,0.8,0.7916666666666667,2,nvidia/NVIDIA-Nemotron-Labs-3-Puzzle-75B-A9B-NVFP4,hayashi
recess,10,0.8,0.7916666666666667,2,nvidia/NVIDIA-Nemotron-Labs-3-Puzzle-75B-A9B-NVFP4,hayashi
stop,15,0.8,0.7963800904977376,3,nvidia/NVIDIA-Nemotron-Labs-3-Puzzle-75B-A9B-NVFP4,hayashi
down,10,0.8,0.8,2,nvidia/NVIDIA-Nemotron-Labs-3-Puzzle-75B-A9B-NVFP4,hayashi
advanced,5,0.8,0.8,1,nvidia/NVIDIA-Nemotron-Labs-3-Puzzle-75B-A9B-NVFP4,hayashi
depreciation,5,0.8,0.8,1,nvidia/NVIDIA-Nemotron-Labs-3-Puzzle-75B-A9B-NVFP4,hayashi
redeem,5,0.8,0.8,1,nvidia/NVIDIA-Nemotron-Labs-3-Puzzle-75B-A9B-NVFP4,hayashi
radius,5,0.8,0.8,1,nvidia/NVIDIA-Nemotron-Labs-3-Puzzle-75B-A9B-NVFP4,hayashi
high,5,0.8,0.8,1,nvidia/NVIDIA-Nemotron-Labs-3-Puzzle-75B-A9B-NVFP4,hayashi
exercise,5,0.8,0.8,1,nvidia/NVIDIA-Nemotron-Labs-3-Puzzle-75B-A9B-NVFP4,hayashi
junior,5,0.8,0.8,1,nvidia/NVIDIA-Nemotron-Labs-3-Puzzle-75B-A9B-NVFP4,hayashi
cut_off,10,0.8,0.8,2,nvidia/NVIDIA-Nemotron-Labs-3-Puzzle-75B-A9B-NVFP4,hayashi
cyclic,5,0.8,0.8,1,nvidia/NVIDIA-Nemotron-Labs-3-Puzzle-75B-A9B-NVFP4,hayashi
adoption,5,0.8,0.8,1,nvidia/NVIDIA-Nemotron-Labs-3-Puzzle-75B-A9B-NVFP4,hayashi
cultural,5,0.8,0.8,1,nvidia/NVIDIA-Nemotron-Labs-3-Puzzle-75B-A9B-NVFP4,hayashi
spoil,10,0.8,0.8,2,nvidia/NVIDIA-Nemotron-Labs-3-Puzzle-75B-A9B-NVFP4,hayashi
interior,5,0.8,0.8,1,nvidia/NVIDIA-Nemotron-Labs-3-Puzzle-75B-A9B-NVFP4,hayashi
idol,5,0.8,0.8,1,nvidia/NVIDIA-Nemotron-Labs-3-Puzzle-75B-A9B-NVFP4,hayashi
shank,10,0.8,0.8,2,nvidia/NVIDIA-Nemotron-Labs-3-Puzzle-75B-A9B-NVFP4,hayashi
compressed,5,0.8,0.8,1,nvidia/NVIDIA-Nemotron-Labs-3-Puzzle-75B-A9B-NVFP4,hayashi
sharply,5,0.8,0.8,1,nvidia/NVIDIA-Nemotron-Labs-3-Puzzle-75B-A9B-NVFP4,hayashi
set_out,5,0.8,0.8,1,nvidia/NVIDIA-Nemotron-Labs-3-Puzzle-75B-A9B-NVFP4,hayashi
spirit,5,0.8,0.8,1,nvidia/NVIDIA-Nemotron-Labs-3-Puzzle-75B-A9B-NVFP4,hayashi
correction,10,0.8,0.8,2,nvidia/NVIDIA-Nemotron-Labs-3-Puzzle-75B-A9B-NVFP4,hayashi
square,10,0.8,0.8,2,nvidia/NVIDIA-Nemotron-Labs-3-Puzzle-75B-A9B-NVFP4,hayashi
knife,5,0.8,0.8,1,nvidia/NVIDIA-Nemotron-Labs-3-Puzzle-75B-A9B-NVFP4,hayashi
cod,5,0.8,0.8,1,nvidia/NVIDIA-Nemotron-Labs-3-Puzzle-75B-A9B-NVFP4,hayashi
come_to,5,0.8,0.8,1,nvidia/NVIDIA-Nemotron-Labs-3-Puzzle-75B-A9B-NVFP4,hayashi
get_along,5,0.8,0.8,1,nvidia/NVIDIA-Nemotron-Labs-3-Puzzle-75B-A9B-NVFP4,hayashi
memorial,5,0.8,0.8,1,nvidia/NVIDIA-Nemotron-Labs-3-Puzzle-75B-A9B-NVFP4,hayashi
outstanding,5,0.8,0.8,1,nvidia/NVIDIA-Nemotron-Labs-3-Puzzle-75B-A9B-NVFP4,hayashi
mortal,5,0.8,0.8,1,nvidia/NVIDIA-Nemotron-Labs-3-Puzzle-75B-A9B-NVFP4,hayashi
relative,5,0.8,0.8,1,nvidia/NVIDIA-Nemotron-Labs-3-Puzzle-75B-A9B-NVFP4,hayashi
reside,5,0.8,0.8,1,nvidia/NVIDIA-Nemotron-Labs-3-Puzzle-75B-A9B-NVFP4,hayashi
affirmation,5,0.8,0.8,1,nvidia/NVIDIA-Nemotron-Labs-3-Puzzle-75B-A9B-NVFP4,hayashi
antecedent,5,0.8,0.8,1,nvidia/NVIDIA-Nemotron-Labs-3-Puzzle-75B-A9B-NVFP4,hayashi
balsam,5,0.8,0.8,1,nvidia/NVIDIA-Nemotron-Labs-3-Puzzle-75B-A9B-NVFP4,hayashi
finely,5,0.8,0.8,1,nvidia/NVIDIA-Nemotron-Labs-3-Puzzle-75B-A9B-NVFP4,hayashi
deep,11,0.8181818181818182,0.8035714285714286,2,nvidia/NVIDIA-Nemotron-Labs-3-Puzzle-75B-A9B-NVFP4,hayashi
outside,16,0.8125,0.8056680161943319,3,nvidia/NVIDIA-Nemotron-Labs-3-Puzzle-75B-A9B-NVFP4,hayashi
stretch,22,0.8181818181818182,0.811965811965812,4,nvidia/NVIDIA-Nemotron-Labs-3-Puzzle-75B-A9B-NVFP4,hayashi
back,12,0.8333333333333334,0.8125,2,nvidia/NVIDIA-Nemotron-Labs-3-Puzzle-75B-A9B-NVFP4,hayashi
turn,17,0.8235294117647058,0.8131868131868132,3,nvidia/NVIDIA-Nemotron-Labs-3-Puzzle-75B-A9B-NVFP4,hayashi
carrier,11,0.8181818181818182,0.8166666666666667,2,nvidia/NVIDIA-Nemotron-Labs-3-Puzzle-75B-A9B-NVFP4,hayashi
closure,11,0.8181818181818182,0.8166666666666667,2,nvidia/NVIDIA-Nemotron-Labs-3-Puzzle-75B-A9B-NVFP4,hayashi
bind,11,0.8181818181818182,0.8166666666666667,2,nvidia/NVIDIA-Nemotron-Labs-3-Puzzle-75B-A9B-NVFP4,hayashi
shock,11,0.8181818181818182,0.8166666666666667,2,nvidia/NVIDIA-Nemotron-Labs-3-Puzzle-75B-A9B-NVFP4,hayashi
settle,22,0.8181818181818182,0.8166666666666667,4,nvidia/NVIDIA-Nemotron-Labs-3-Puzzle-75B-A9B-NVFP4,hayashi
rig,11,0.8181818181818182,0.8166666666666667,2,nvidia/NVIDIA-Nemotron-Labs-3-Puzzle-75B-A9B-NVFP4,hayashi
hood,11,0.8181818181818182,0.8166666666666667,2,nvidia/NVIDIA-Nemotron-Labs-3-Puzzle-75B-A9B-NVFP4,hayashi
last,11,0.8181818181818182,0.8166666666666667,2,nvidia/NVIDIA-Nemotron-Labs-3-Puzzle-75B-A9B-NVFP4,hayashi
screen,23,0.8260869565217391,0.8174603174603174,4,nvidia/NVIDIA-Nemotron-Labs-3-Puzzle-75B-A9B-NVFP4,hayashi
represent,13,0.8461538461538461,0.8194444444444444,2,nvidia/NVIDIA-Nemotron-Labs-3-Puzzle-75B-A9B-NVFP4,hayashi
fit,13,0.8461538461538461,0.8194444444444444,2,nvidia/NVIDIA-Nemotron-Labs-3-Puzzle-75B-A9B-NVFP4,hayashi
extend,17,0.8235294117647058,0.8210526315789474,3,nvidia/NVIDIA-Nemotron-Labs-3-Puzzle-75B-A9B-NVFP4,hayashi
chatter,6,0.8333333333333334,0.8285714285714285,1,nvidia/NVIDIA-Nemotron-Labs-3-Puzzle-75B-A9B-NVFP4,hayashi
camp,12,0.8333333333333334,0.8285714285714285,2,nvidia/NVIDIA-Nemotron-Labs-3-Puzzle-75B-A9B-NVFP4,hayashi
break_out,6,0.8333333333333334,0.8285714285714285,1,nvidia/NVIDIA-Nemotron-Labs-3-Puzzle-75B-A9B-NVFP4,hayashi
stroke,12,0.8333333333333334,0.8285714285714285,2,nvidia/NVIDIA-Nemotron-Labs-3-Puzzle-75B-A9B-NVFP4,hayashi
elimination,6,0.8333333333333334,0.8285714285714285,1,nvidia/NVIDIA-Nemotron-Labs-3-Puzzle-75B-A9B-NVFP4,hayashi
radiator,6,0.8333333333333334,0.8285714285714285,1,nvidia/NVIDIA-Nemotron-Labs-3-Puzzle-75B-A9B-NVFP4,hayashi
go_by,6,0.8333333333333334,0.8285714285714285,1,nvidia/NVIDIA-Nemotron-Labs-3-Puzzle-75B-A9B-NVFP4,hayashi
rail,6,0.8333333333333334,0.8285714285714285,1,nvidia/NVIDIA-Nemotron-Labs-3-Puzzle-75B-A9B-NVFP4,hayashi
refined,6,0.8333333333333334,0.8285714285714285,1,nvidia/NVIDIA-Nemotron-Labs-3-Puzzle-75B-A9B-NVFP4,hayashi
reach,6,0.8333333333333334,0.8285714285714285,1,nvidia/NVIDIA-Nemotron-Labs-3-Puzzle-75B-A9B-NVFP4,hayashi
hardware,6,0.8333333333333334,0.8285714285714285,1,nvidia/NVIDIA-Nemotron-Labs-3-Puzzle-75B-A9B-NVFP4,hayashi
publication,6,0.8333333333333334,0.8285714285714285,1,nvidia/NVIDIA-Nemotron-Labs-3-Puzzle-75B-A9B-NVFP4,hayashi
identify,6,0.8333333333333334,0.8285714285714285,1,nvidia/NVIDIA-Nemotron-Labs-3-Puzzle-75B-A9B-NVFP4,hayashi
interface,6,0.8333333333333334,0.8285714285714285,1,nvidia/NVIDIA-Nemotron-Labs-3-Puzzle-75B-A9B-NVFP4,hayashi
slate,6,0.8333333333333334,0.8285714285714285,1,nvidia/NVIDIA-Nemotron-Labs-3-Puzzle-75B-A9B-NVFP4,hayashi
decent,6,0.8333333333333334,0.8285714285714285,1,nvidia/NVIDIA-Nemotron-Labs-3-Puzzle-75B-A9B-NVFP4,hayashi
chad,6,0.8333333333333334,0.8285714285714285,1,nvidia/NVIDIA-Nemotron-Labs-3-Puzzle-75B-A9B-NVFP4,hayashi
smear,6,0.8333333333333334,0.8285714285714285,1,nvidia/NVIDIA-Nemotron-Labs-3-Puzzle-75B-A9B-NVFP4,hayashi
suppose,6,0.8333333333333334,0.8285714285714285,1,nvidia/NVIDIA-Nemotron-Labs-3-Puzzle-75B-A9B-NVFP4,hayashi
dirt,6,0.8333333333333334,0.8285714285714285,1,nvidia/NVIDIA-Nemotron-Labs-3-Puzzle-75B-A9B-NVFP4,hayashi
dust,6,0.8333333333333334,0.8285714285714285,1,nvidia/NVIDIA-Nemotron-Labs-3-Puzzle-75B-A9B-NVFP4,hayashi
skirt,6,0.8333333333333334,0.8285714285714285,1,nvidia/NVIDIA-Nemotron-Labs-3-Puzzle-75B-A9B-NVFP4,hayashi
skim,6,0.8333333333333334,0.8285714285714285,1,nvidia/NVIDIA-Nemotron-Labs-3-Puzzle-75B-A9B-NVFP4,hayashi
bean,6,0.8333333333333334,0.8285714285714285,1,nvidia/NVIDIA-Nemotron-Labs-3-Puzzle-75B-A9B-NVFP4,hayashi
precipitate,6,0.8333333333333334,0.8285714285714285,1,nvidia/NVIDIA-Nemotron-Labs-3-Puzzle-75B-A9B-NVFP4,hayashi
prescription,6,0.8333333333333334,0.8285714285714285,1,nvidia/NVIDIA-Nemotron-Labs-3-Puzzle-75B-A9B-NVFP4,hayashi
squire,6,0.8333333333333334,0.8285714285714285,1,nvidia/NVIDIA-Nemotron-Labs-3-Puzzle-75B-A9B-NVFP4,hayashi
affairs,6,0.8333333333333334,0.8285714285714285,1,nvidia/NVIDIA-Nemotron-Labs-3-Puzzle-75B-A9B-NVFP4,hayashi
water,6,0.8333333333333334,0.8285714285714285,1,nvidia/NVIDIA-Nemotron-Labs-3-Puzzle-75B-A9B-NVFP4,hayashi
spill,6,0.8333333333333334,0.8285714285714285,1,nvidia/NVIDIA-Nemotron-Labs-3-Puzzle-75B-A9B-NVFP4,hayashi
spindle,6,0.8333333333333334,0.8285714285714285,1,nvidia/NVIDIA-Nemotron-Labs-3-Puzzle-75B-A9B-NVFP4,hayashi
depress,6,0.8333333333333334,0.8285714285714285,1,nvidia/NVIDIA-Nemotron-Labs-3-Puzzle-75B-A9B-NVFP4,hayashi
allowance,6,0.8333333333333334,0.8285714285714285,1,nvidia/NVIDIA-Nemotron-Labs-3-Puzzle-75B-A9B-NVFP4,hayashi
justice,6,0.8333333333333334,0.8285714285714285,1,nvidia/NVIDIA-Nemotron-Labs-3-Puzzle-75B-A9B-NVFP4,hayashi
split,18,0.8333333333333334,0.8285714285714285,3,nvidia/NVIDIA-Nemotron-Labs-3-Puzzle-75B-A9B-NVFP4,hayashi
storm,6,0.8333333333333334,0.8285714285714285,1,nvidia/NVIDIA-Nemotron-Labs-3-Puzzle-75B-A9B-NVFP4,hayashi
touch,18,0.8333333333333334,0.8285714285714285,3,nvidia/NVIDIA-Nemotron-Labs-3-Puzzle-75B-A9B-NVFP4,hayashi
morphology,6,0.8333333333333334,0.8285714285714285,1,nvidia/NVIDIA-Nemotron-Labs-3-Puzzle-75B-A9B-NVFP4,hayashi
tolerance,6,0.8333333333333334,0.8285714285714285,1,nvidia/NVIDIA-Nemotron-Labs-3-Puzzle-75B-A9B-NVFP4,hayashi
wicked,6,0.8333333333333334,0.8285714285714285,1,nvidia/NVIDIA-Nemotron-Labs-3-Puzzle-75B-A9B-NVFP4,hayashi
fold,6,0.8333333333333334,0.8285714285714285,1,nvidia/NVIDIA-Nemotron-Labs-3-Puzzle-75B-A9B-NVFP4,hayashi
flank,6,0.8333333333333334,0.8285714285714285,1,nvidia/NVIDIA-Nemotron-Labs-3-Puzzle-75B-A9B-NVFP4,hayashi
yoke,6,0.8333333333333334,0.8285714285714285,1,nvidia/NVIDIA-Nemotron-Labs-3-Puzzle-75B-A9B-NVFP4,hayashi
formulation,6,0.8333333333333334,0.8285714285714285,1,nvidia/NVIDIA-Nemotron-Labs-3-Puzzle-75B-A9B-NVFP4,hayashi
gain,6,0.8333333333333334,0.8285714285714285,1,nvidia/NVIDIA-Nemotron-Labs-3-Puzzle-75B-A9B-NVFP4,hayashi
fraction,6,0.8333333333333334,0.8285714285714285,1,nvidia/NVIDIA-Nemotron-Labs-3-Puzzle-75B-A9B-NVFP4,hayashi
come_on,6,0.8333333333333334,0.8285714285714285,1,nvidia/NVIDIA-Nemotron-Labs-3-Puzzle-75B-A9B-NVFP4,hayashi
glazed,6,0.8333333333333334,0.8285714285714285,1,nvidia/NVIDIA-Nemotron-Labs-3-Puzzle-75B-A9B-NVFP4,hayashi
revelation,6,0.8333333333333334,0.8285714285714285,1,nvidia/NVIDIA-Nemotron-Labs-3-Puzzle-75B-A9B-NVFP4,hayashi
residence,6,0.8333333333333334,0.8285714285714285,1,nvidia/NVIDIA-Nemotron-Labs-3-Puzzle-75B-A9B-NVFP4,hayashi
reservation,6,0.8333333333333334,0.8285714285714285,1,nvidia/NVIDIA-Nemotron-Labs-3-Puzzle-75B-A9B-NVFP4,hayashi
assignment,6,0.8333333333333334,0.8285714285714285,1,nvidia/NVIDIA-Nemotron-Labs-3-Puzzle-75B-A9B-NVFP4,hayashi
peace,6,0.8333333333333334,0.8285714285714285,1,nvidia/NVIDIA-Nemotron-Labs-3-Puzzle-75B-A9B-NVFP4,hayashi
persistence,6,0.8333333333333334,0.8285714285714285,1,nvidia/NVIDIA-Nemotron-Labs-3-Puzzle-75B-A9B-NVFP4,hayashi
interview,6,0.8333333333333334,0.8285714285714285,1,nvidia/NVIDIA-Nemotron-Labs-3-Puzzle-75B-A9B-NVFP4,hayashi
ill,6,0.8333333333333334,0.8285714285714285,1,nvidia/NVIDIA-Nemotron-Labs-3-Puzzle-75B-A9B-NVFP4,hayashi
propagate,6,0.8333333333333334,0.8285714285714285,1,nvidia/NVIDIA-Nemotron-Labs-3-Puzzle-75B-A9B-NVFP4,hayashi
pull,12,0.8333333333333334,0.8285714285714285,2,nvidia/NVIDIA-Nemotron-Labs-3-Puzzle-75B-A9B-NVFP4,hayashi
profess,12,0.8333333333333334,0.8285714285714285,2,nvidia/NVIDIA-Nemotron-Labs-3-Puzzle-75B-A9B-NVFP4,hayashi
separated,6,0.8333333333333334,0.8285714285714285,1,nvidia/NVIDIA-Nemotron-Labs-3-Puzzle-75B-A9B-NVFP4,hayashi
short,6,0.8333333333333334,0.8285714285714285,1,nvidia/NVIDIA-Nemotron-Labs-3-Puzzle-75B-A9B-NVFP4,hayashi
expectation,6,0.8333333333333334,0.8285714285714285,1,nvidia/NVIDIA-Nemotron-Labs-3-Puzzle-75B-A9B-NVFP4,hayashi
stump,6,0.8333333333333334,0.8285714285714285,1,nvidia/NVIDIA-Nemotron-Labs-3-Puzzle-75B-A9B-NVFP4,hayashi
concern,6,0.8333333333333334,0.8285714285714285,1,nvidia/NVIDIA-Nemotron-Labs-3-Puzzle-75B-A9B-NVFP4,hayashi
common,12,0.8333333333333334,0.8285714285714285,2,nvidia/NVIDIA-Nemotron-Labs-3-Puzzle-75B-A9B-NVFP4,hayashi
structural,6,0.8333333333333334,0.8285714285714285,1,nvidia/NVIDIA-Nemotron-Labs-3-Puzzle-75B-A9B-NVFP4,hayashi
sturdy,6,0.8333333333333334,0.8285714285714285,1,nvidia/NVIDIA-Nemotron-Labs-3-Puzzle-75B-A9B-NVFP4,hayashi
third,6,0.8333333333333334,0.8285714285714285,1,nvidia/NVIDIA-Nemotron-Labs-3-Puzzle-75B-A9B-NVFP4,hayashi
paternal,6,0.8333333333333334,0.8285714285714285,1,nvidia/NVIDIA-Nemotron-Labs-3-Puzzle-75B-A9B-NVFP4,hayashi
burn,12,0.8333333333333334,0.8333333333333334,2,nvidia/NVIDIA-Nemotron-Labs-3-Puzzle-75B-A9B-NVFP4,hayashi
affinity,12,0.8333333333333334,0.8333333333333334,2,nvidia/NVIDIA-Nemotron-Labs-3-Puzzle-75B-A9B-NVFP4,hayashi
out,12,0.8333333333333334,0.8333333333333334,2,nvidia/NVIDIA-Nemotron-Labs-3-Puzzle-75B-A9B-NVFP4,hayashi
dip,31,0.8387096774193549,0.8359788359788359,5,nvidia/NVIDIA-Nemotron-Labs-3-Puzzle-75B-A9B-NVFP4,hayashi
acceptance,13,0.8461538461538461,0.8375,2,nvidia/NVIDIA-Nemotron-Labs-3-Puzzle-75B-A9B-NVFP4,hayashi
extension,13,0.8461538461538461,0.8375,2,nvidia/NVIDIA-Nemotron-Labs-3-Puzzle-75B-A9B-NVFP4,hayashi
credit,13,0.8461538461538461,0.8375,2,nvidia/NVIDIA-Nemotron-Labs-3-Puzzle-75B-A9B-NVFP4,hayashi
take,44,0.8409090909090909,0.8401660612350804,7,nvidia/NVIDIA-Nemotron-Labs-3-Puzzle-75B-A9B-NVFP4,hayashi
crown,19,0.8421052631578947,0.8403361344537814,3,nvidia/NVIDIA-Nemotron-Labs-3-Puzzle-75B-A9B-NVFP4,hayashi
frame,19,0.8421052631578947,0.8403361344537814,3,nvidia/NVIDIA-Nemotron-Labs-3-Puzzle-75B-A9B-NVFP4,hayashi
show,19,0.8421052631578947,0.8421052631578947,3,nvidia/NVIDIA-Nemotron-Labs-3-Puzzle-75B-A9B-NVFP4,hayashi
skip,7,0.8571428571428571,0.8444444444444444,1,nvidia/NVIDIA-Nemotron-Labs-3-Puzzle-75B-A9B-NVFP4,hayashi
library,7,0.8571428571428571,0.8444444444444444,1,nvidia/NVIDIA-Nemotron-Labs-3-Puzzle-75B-A9B-NVFP4,hayashi
dim,7,0.8571428571428571,0.8444444444444444,1,nvidia/NVIDIA-Nemotron-Labs-3-Puzzle-75B-A9B-NVFP4,hayashi
continental,7,0.8571428571428571,0.8444444444444444,1,nvidia/NVIDIA-Nemotron-Labs-3-Puzzle-75B-A9B-NVFP4,hayashi
rubber,7,0.8571428571428571,0.8444444444444444,1,nvidia/NVIDIA-Nemotron-Labs-3-Puzzle-75B-A9B-NVFP4,hayashi
extinction,7,0.8571428571428571,0.8444444444444444,1,nvidia/NVIDIA-Nemotron-Labs-3-Puzzle-75B-A9B-NVFP4,hayashi
enjoy,7,0.8571428571428571,0.8444444444444444,1,nvidia/NVIDIA-Nemotron-Labs-3-Puzzle-75B-A9B-NVFP4,hayashi
inspiration,7,0.8571428571428571,0.8444444444444444,1,nvidia/NVIDIA-Nemotron-Labs-3-Puzzle-75B-A9B-NVFP4,hayashi
harmony,7,0.8571428571428571,0.8444444444444444,1,nvidia/NVIDIA-Nemotron-Labs-3-Puzzle-75B-A9B-NVFP4,hayashi
spring,7,0.8571428571428571,0.8444444444444444,1,nvidia/NVIDIA-Nemotron-Labs-3-Puzzle-75B-A9B-NVFP4,hayashi
cut_short,7,0.8571428571428571,0.8444444444444444,1,nvidia/NVIDIA-Nemotron-Labs-3-Puzzle-75B-A9B-NVFP4,hayashi
Wilson,7,0.8571428571428571,0.8444444444444444,1,nvidia/NVIDIA-Nemotron-Labs-3-Puzzle-75B-A9B-NVFP4,hayashi
familiarity,7,0.8571428571428571,0.8444444444444444,1,nvidia/NVIDIA-Nemotron-Labs-3-Puzzle-75B-A9B-NVFP4,hayashi
mosaic,7,0.8571428571428571,0.8444444444444444,1,nvidia/NVIDIA-Nemotron-Labs-3-Puzzle-75B-A9B-NVFP4,hayashi
unfold,7,0.8571428571428571,0.8444444444444444,1,nvidia/NVIDIA-Nemotron-Labs-3-Puzzle-75B-A9B-NVFP4,hayashi
band,13,0.8461538461538461,0.8452380952380952,2,nvidia/NVIDIA-Nemotron-Labs-3-Puzzle-75B-A9B-NVFP4,hayashi
appeal,13,0.8461538461538461,0.8452380952380952,2,nvidia/NVIDIA-Nemotron-Labs-3-Puzzle-75B-A9B-NVFP4,hayashi
turn_over,13,0.8461538461538461,0.8452380952380952,2,nvidia/NVIDIA-Nemotron-Labs-3-Puzzle-75B-A9B-NVFP4,hayashi
come_up,13,0.8461538461538461,0.8452380952380952,2,nvidia/NVIDIA-Nemotron-Labs-3-Puzzle-75B-A9B-NVFP4,hayashi
hook,13,0.8461538461538461,0.8452380952380952,2,nvidia/NVIDIA-Nemotron-Labs-3-Puzzle-75B-A9B-NVFP4,hayashi
bow,20,0.85,0.8465473145780051,3,nvidia/NVIDIA-Nemotron-Labs-3-Puzzle-75B-A9B-NVFP4,hayashi
relief,14,0.8571428571428571,0.8541666666666667,2,nvidia/NVIDIA-Nemotron-Labs-3-Puzzle-75B-A9B-NVFP4,hayashi
perch,8,0.875,0.8545454545454545,1,nvidia/NVIDIA-Nemotron-Labs-3-Puzzle-75B-A9B-NVFP4,hayashi
foul,8,0.875,0.8545454545454545,1,nvidia/NVIDIA-Nemotron-Labs-3-Puzzle-75B-A9B-NVFP4,hayashi
claim,8,0.875,0.8545454545454545,1,nvidia/NVIDIA-Nemotron-Labs-3-Puzzle-75B-A9B-NVFP4,hayashi
boss,8,0.875,0.8545454545454545,1,nvidia/NVIDIA-Nemotron-Labs-3-Puzzle-75B-A9B-NVFP4,hayashi
execute,8,0.875,0.8545454545454545,1,nvidia/NVIDIA-Nemotron-Labs-3-Puzzle-75B-A9B-NVFP4,hayashi
preserve,8,0.875,0.8545454545454545,1,nvidia/NVIDIA-Nemotron-Labs-3-Puzzle-75B-A9B-NVFP4,hayashi
lightness,8,0.875,0.8545454545454545,1,nvidia/NVIDIA-Nemotron-Labs-3-Puzzle-75B-A9B-NVFP4,hayashi
lock,8,0.875,0.8545454545454545,1,nvidia/NVIDIA-Nemotron-Labs-3-Puzzle-75B-A9B-NVFP4,hayashi
naked,7,0.8571428571428571,0.8571428571428571,1,nvidia/NVIDIA-Nemotron-Labs-3-Puzzle-75B-A9B-NVFP4,hayashi
give_away,7,0.8571428571428571,0.8571428571428571,1,nvidia/NVIDIA-Nemotron-Labs-3-Puzzle-75B-A9B-NVFP4,hayashi
get_on,7,0.8571428571428571,0.8571428571428571,1,nvidia/NVIDIA-Nemotron-Labs-3-Puzzle-75B-A9B-NVFP4,hayashi
revolutionary,7,0.8571428571428571,0.8571428571428571,1,nvidia/NVIDIA-Nemotron-Labs-3-Puzzle-75B-A9B-NVFP4,hayashi
stall,7,0.8571428571428571,0.8571428571428571,1,nvidia/NVIDIA-Nemotron-Labs-3-Puzzle-75B-A9B-NVFP4,hayashi
endorse,7,0.8571428571428571,0.8571428571428571,1,nvidia/NVIDIA-Nemotron-Labs-3-Puzzle-75B-A9B-NVFP4,hayashi
pillar,7,0.8571428571428571,0.8571428571428571,1,nvidia/NVIDIA-Nemotron-Labs-3-Puzzle-75B-A9B-NVFP4,hayashi
landscape,7,0.8571428571428571,0.8571428571428571,1,nvidia/NVIDIA-Nemotron-Labs-3-Puzzle-75B-A9B-NVFP4,hayashi
cross,7,0.8571428571428571,0.8571428571428571,1,nvidia/NVIDIA-Nemotron-Labs-3-Puzzle-75B-A9B-NVFP4,hayashi
rare,7,0.8571428571428571,0.8571428571428571,1,nvidia/NVIDIA-Nemotron-Labs-3-Puzzle-75B-A9B-NVFP4,hayashi
sponge,7,0.8571428571428571,0.8571428571428571,1,nvidia/NVIDIA-Nemotron-Labs-3-Puzzle-75B-A9B-NVFP4,hayashi
catch,14,0.8571428571428571,0.8571428571428571,2,nvidia/NVIDIA-Nemotron-Labs-3-Puzzle-75B-A9B-NVFP4,hayashi
take_back,7,0.8571428571428571,0.8571428571428571,1,nvidia/NVIDIA-Nemotron-Labs-3-Puzzle-75B-A9B-NVFP4,hayashi
prime,7,0.8571428571428571,0.8571428571428571,1,nvidia/NVIDIA-Nemotron-Labs-3-Puzzle-75B-A9B-NVFP4,hayashi
loom,7,0.8571428571428571,0.8571428571428571,1,nvidia/NVIDIA-Nemotron-Labs-3-Puzzle-75B-A9B-NVFP4,hayashi
make_out,7,0.8571428571428571,0.8571428571428571,1,nvidia/NVIDIA-Nemotron-Labs-3-Puzzle-75B-A9B-NVFP4,hayashi
ordain,7,0.8571428571428571,0.8571428571428571,1,nvidia/NVIDIA-Nemotron-Labs-3-Puzzle-75B-A9B-NVFP4,hayashi
boost,7,0.8571428571428571,0.8571428571428571,1,nvidia/NVIDIA-Nemotron-Labs-3-Puzzle-75B-A9B-NVFP4,hayashi
base,36,0.8611111111111112,0.8601398601398602,5,nvidia/NVIDIA-Nemotron-Labs-3-Puzzle-75B-A9B-NVFP4,hayashi
submit,16,0.875,0.8666666666666667,2,nvidia/NVIDIA-Nemotron-Labs-3-Puzzle-75B-A9B-NVFP4,hayashi
follow,24,0.875,0.8693284936479129,3,nvidia/NVIDIA-Nemotron-Labs-3-Puzzle-75B-A9B-NVFP4,hayashi
crash,17,0.8823529411764706,0.8712121212121212,2,nvidia/NVIDIA-Nemotron-Labs-3-Puzzle-75B-A9B-NVFP4,hayashi
product,8,0.875,0.873015873015873,1,nvidia/NVIDIA-Nemotron-Labs-3-Puzzle-75B-A9B-NVFP4,hayashi
subject,8,0.875,0.873015873015873,1,nvidia/NVIDIA-Nemotron-Labs-3-Puzzle-75B-A9B-NVFP4,hayashi
channel,8,0.875,0.873015873015873,1,nvidia/NVIDIA-Nemotron-Labs-3-Puzzle-75B-A9B-NVFP4,hayashi
jumper,8,0.875,0.873015873015873,1,nvidia/NVIDIA-Nemotron-Labs-3-Puzzle-75B-A9B-NVFP4,hayashi
aged,8,0.875,0.873015873015873,1,nvidia/NVIDIA-Nemotron-Labs-3-Puzzle-75B-A9B-NVFP4,hayashi
crude,8,0.875,0.873015873015873,1,nvidia/NVIDIA-Nemotron-Labs-3-Puzzle-75B-A9B-NVFP4,hayashi
porter,8,0.875,0.873015873015873,1,nvidia/NVIDIA-Nemotron-Labs-3-Puzzle-75B-A9B-NVFP4,hayashi
cut,24,0.875,0.873015873015873,3,nvidia/NVIDIA-Nemotron-Labs-3-Puzzle-75B-A9B-NVFP4,hayashi
discharge,16,0.875,0.873015873015873,2,nvidia/NVIDIA-Nemotron-Labs-3-Puzzle-75B-A9B-NVFP4,hayashi
spark,8,0.875,0.873015873015873,1,nvidia/NVIDIA-Nemotron-Labs-3-Puzzle-75B-A9B-NVFP4,hayashi
romance,8,0.875,0.873015873015873,1,nvidia/NVIDIA-Nemotron-Labs-3-Puzzle-75B-A9B-NVFP4,hayashi
grace,8,0.875,0.873015873015873,1,nvidia/NVIDIA-Nemotron-Labs-3-Puzzle-75B-A9B-NVFP4,hayashi
reproduction,8,0.875,0.873015873015873,1,nvidia/NVIDIA-Nemotron-Labs-3-Puzzle-75B-A9B-NVFP4,hayashi
flush,8,0.875,0.873015873015873,1,nvidia/NVIDIA-Nemotron-Labs-3-Puzzle-75B-A9B-NVFP4,hayashi
stand,8,0.875,0.873015873015873,1,nvidia/NVIDIA-Nemotron-Labs-3-Puzzle-75B-A9B-NVFP4,hayashi
take_off,8,0.875,0.873015873015873,1,nvidia/NVIDIA-Nemotron-Labs-3-Puzzle-75B-A9B-NVFP4,hayashi
take_up,16,0.875,0.873015873015873,2,nvidia/NVIDIA-Nemotron-Labs-3-Puzzle-75B-A9B-NVFP4,hayashi
spur,8,0.875,0.873015873015873,1,nvidia/NVIDIA-Nemotron-Labs-3-Puzzle-75B-A9B-NVFP4,hayashi
fork,8,0.875,0.873015873015873,1,nvidia/NVIDIA-Nemotron-Labs-3-Puzzle-75B-A9B-NVFP4,hayashi
odd,8,0.875,0.873015873015873,1,nvidia/NVIDIA-Nemotron-Labs-3-Puzzle-75B-A9B-NVFP4,hayashi
aside,8,0.875,0.873015873015873,1,nvidia/NVIDIA-Nemotron-Labs-3-Puzzle-75B-A9B-NVFP4,hayashi
bite,8,0.875,0.873015873015873,1,nvidia/NVIDIA-Nemotron-Labs-3-Puzzle-75B-A9B-NVFP4,hayashi
double,8,0.875,0.873015873015873,1,nvidia/NVIDIA-Nemotron-Labs-3-Puzzle-75B-A9B-NVFP4,hayashi
tap,24,0.875,0.8747826086956522,3,nvidia/NVIDIA-Nemotron-Labs-3-Puzzle-75B-A9B-NVFP4,hayashi
field,16,0.875,0.875,2,nvidia/NVIDIA-Nemotron-Labs-3-Puzzle-75B-A9B-NVFP4,hayashi
break,67,0.8805970149253731,0.8784029038112522,8,nvidia/NVIDIA-Nemotron-Labs-3-Puzzle-75B-A9B-NVFP4,hayashi
focus,17,0.8823529411764706,0.8819444444444444,2,nvidia/NVIDIA-Nemotron-Labs-3-Puzzle-75B-A9B-NVFP4,hayashi
call_in,9,0.8888888888888888,0.8831168831168831,1,nvidia/NVIDIA-Nemotron-Labs-3-Puzzle-75B-A9B-NVFP4,hayashi
concentrate,9,0.8888888888888888,0.8831168831168831,1,nvidia/NVIDIA-Nemotron-Labs-3-Puzzle-75B-A9B-NVFP4,hayashi
limit,9,0.8888888888888888,0.8831168831168831,1,nvidia/NVIDIA-Nemotron-Labs-3-Puzzle-75B-A9B-NVFP4,hayashi
cycle,9,0.8888888888888888,0.8831168831168831,1,nvidia/NVIDIA-Nemotron-Labs-3-Puzzle-75B-A9B-NVFP4,hayashi
sanction,9,0.8888888888888888,0.8831168831168831,1,nvidia/NVIDIA-Nemotron-Labs-3-Puzzle-75B-A9B-NVFP4,hayashi
attachment,9,0.8888888888888888,0.8831168831168831,1,nvidia/NVIDIA-Nemotron-Labs-3-Puzzle-75B-A9B-NVFP4,hayashi
grant,18,0.8888888888888888,0.8831168831168831,2,nvidia/NVIDIA-Nemotron-Labs-3-Puzzle-75B-A9B-NVFP4,hayashi
restraint,9,0.8888888888888888,0.8831168831168831,1,nvidia/NVIDIA-Nemotron-Labs-3-Puzzle-75B-A9B-NVFP4,hayashi
strain,26,0.8846153846153846,0.8844444444444444,3,nvidia/NVIDIA-Nemotron-Labs-3-Puzzle-75B-A9B-NVFP4,hayashi
sound,27,0.8888888888888888,0.8863955119214586,3,nvidia/NVIDIA-Nemotron-Labs-3-Puzzle-75B-A9B-NVFP4,hayashi
spread,27,0.8888888888888888,0.8882758620689655,3,nvidia/NVIDIA-Nemotron-Labs-3-Puzzle-75B-A9B-NVFP4,hayashi
business,9,0.8888888888888888,0.8888888888888888,1,nvidia/NVIDIA-Nemotron-Labs-3-Puzzle-75B-A9B-NVFP4,hayashi
whip,9,0.8888888888888888,0.8888888888888888,1,nvidia/NVIDIA-Nemotron-Labs-3-Puzzle-75B-A9B-NVFP4,hayashi
ordinary,9,0.8888888888888888,0.8888888888888888,1,nvidia/NVIDIA-Nemotron-Labs-3-Puzzle-75B-A9B-NVFP4,hayashi
content,9,0.8888888888888888,0.8888888888888888,1,nvidia/NVIDIA-Nemotron-Labs-3-Puzzle-75B-A9B-NVFP4,hayashi
assembly,9,0.8888888888888888,0.8888888888888888,1,nvidia/NVIDIA-Nemotron-Labs-3-Puzzle-75B-A9B-NVFP4,hayashi
drawing,10,0.9,0.8901098901098901,1,nvidia/NVIDIA-Nemotron-Labs-3-Puzzle-75B-A9B-NVFP4,hayashi
lime,10,0.9,0.8901098901098901,1,nvidia/NVIDIA-Nemotron-Labs-3-Puzzle-75B-A9B-NVFP4,hayashi
rocker,10,0.9,0.8901098901098901,1,nvidia/NVIDIA-Nemotron-Labs-3-Puzzle-75B-A9B-NVFP4,hayashi
hunt,11,0.9090909090909091,0.8952380952380952,1,nvidia/NVIDIA-Nemotron-Labs-3-Puzzle-75B-A9B-NVFP4,hayashi
abstraction,10,0.9,0.898989898989899,1,nvidia/NVIDIA-Nemotron-Labs-3-Puzzle-75B-A9B-NVFP4,hayashi
model,10,0.9,0.898989898989899,1,nvidia/NVIDIA-Nemotron-Labs-3-Puzzle-75B-A9B-NVFP4,hayashi
minor,10,0.9,0.898989898989899,1,nvidia/NVIDIA-Nemotron-Labs-3-Puzzle-75B-A9B-NVFP4,hayashi
habit,10,0.9,0.898989898989899,1,nvidia/NVIDIA-Nemotron-Labs-3-Puzzle-75B-A9B-NVFP4,hayashi
life,20,0.9,0.898989898989899,2,nvidia/NVIDIA-Nemotron-Labs-3-Puzzle-75B-A9B-NVFP4,hayashi
gallery,10,0.9,0.898989898989899,1,nvidia/NVIDIA-Nemotron-Labs-3-Puzzle-75B-A9B-NVFP4,hayashi
consider,10,0.9,0.898989898989899,1,nvidia/NVIDIA-Nemotron-Labs-3-Puzzle-75B-A9B-NVFP4,hayashi
run_down,10,0.9,0.898989898989899,1,nvidia/NVIDIA-Nemotron-Labs-3-Puzzle-75B-A9B-NVFP4,hayashi
utility,10,0.9,0.898989898989899,1,nvidia/NVIDIA-Nemotron-Labs-3-Puzzle-75B-A9B-NVFP4,hayashi
course,10,0.9,0.898989898989899,1,nvidia/NVIDIA-Nemotron-Labs-3-Puzzle-75B-A9B-NVFP4,hayashi
pitch,10,0.9,0.898989898989899,1,nvidia/NVIDIA-Nemotron-Labs-3-Puzzle-75B-A9B-NVFP4,hayashi
corruption,10,0.9,0.898989898989899,1,nvidia/NVIDIA-Nemotron-Labs-3-Puzzle-75B-A9B-NVFP4,hayashi
cast,11,0.9090909090909091,0.905982905982906,1,nvidia/NVIDIA-Nemotron-Labs-3-Puzzle-75B-A9B-NVFP4,hayashi
dull,11,0.9090909090909091,0.905982905982906,1,nvidia/NVIDIA-Nemotron-Labs-3-Puzzle-75B-A9B-NVFP4,hayashi
starter,11,0.9090909090909091,0.905982905982906,1,nvidia/NVIDIA-Nemotron-Labs-3-Puzzle-75B-A9B-NVFP4,hayashi
board,11,0.9090909090909091,0.9090909090909091,1,nvidia/NVIDIA-Nemotron-Labs-3-Puzzle-75B-A9B-NVFP4,hayashi
pick,11,0.9090909090909091,0.9090909090909091,1,nvidia/NVIDIA-Nemotron-Labs-3-Puzzle-75B-A9B-NVFP4,hayashi
node,11,0.9090909090909091,0.9090909090909091,1,nvidia/NVIDIA-Nemotron-Labs-3-Puzzle-75B-A9B-NVFP4,hayashi
miss,12,0.9166666666666666,0.9111111111111111,1,nvidia/NVIDIA-Nemotron-Labs-3-Puzzle-75B-A9B-NVFP4,hayashi
figure,12,0.9166666666666666,0.9111111111111111,1,nvidia/NVIDIA-Nemotron-Labs-3-Puzzle-75B-A9B-NVFP4,hayashi
view,13,0.9230769230769231,0.9150326797385621,1,nvidia/NVIDIA-Nemotron-Labs-3-Puzzle-75B-A9B-NVFP4,hayashi
land,13,0.9230769230769231,0.9150326797385621,1,nvidia/NVIDIA-Nemotron-Labs-3-Puzzle-75B-A9B-NVFP4,hayashi
force,12,0.9166666666666666,0.916083916083916,1,nvidia/NVIDIA-Nemotron-Labs-3-Puzzle-75B-A9B-NVFP4,hayashi
corner,12,0.9166666666666666,0.916083916083916,1,nvidia/NVIDIA-Nemotron-Labs-3-Puzzle-75B-A9B-NVFP4,hayashi
inversion,12,0.9166666666666666,0.916083916083916,1,nvidia/NVIDIA-Nemotron-Labs-3-Puzzle-75B-A9B-NVFP4,hayashi
get_off,12,0.9166666666666666,0.916083916083916,1,nvidia/NVIDIA-Nemotron-Labs-3-Puzzle-75B-A9B-NVFP4,hayashi
raw,13,0.9230769230769231,0.9212121212121211,1,nvidia/NVIDIA-Nemotron-Labs-3-Puzzle-75B-A9B-NVFP4,hayashi
pool,13,0.9230769230769231,0.9212121212121211,1,nvidia/NVIDIA-Nemotron-Labs-3-Puzzle-75B-A9B-NVFP4,hayashi
suspension,13,0.9230769230769231,0.9212121212121211,1,nvidia/NVIDIA-Nemotron-Labs-3-Puzzle-75B-A9B-NVFP4,hayashi
call,13,0.9230769230769231,0.9212121212121211,1,nvidia/NVIDIA-Nemotron-Labs-3-Puzzle-75B-A9B-NVFP4,hayashi
date,13,0.9230769230769231,0.9212121212121211,1,nvidia/NVIDIA-Nemotron-Labs-3-Puzzle-75B-A9B-NVFP4,hayashi
chain,13,0.9230769230769231,0.9230769230769231,1,nvidia/NVIDIA-Nemotron-Labs-3-Puzzle-75B-A9B-NVFP4,hayashi
radical,14,0.9285714285714286,0.9251336898395721,1,nvidia/NVIDIA-Nemotron-Labs-3-Puzzle-75B-A9B-NVFP4,hayashi
tread,14,0.9285714285714286,0.9251336898395721,1,nvidia/NVIDIA-Nemotron-Labs-3-Puzzle-75B-A9B-NVFP4,hayashi
slip,28,0.9285714285714286,0.9282051282051282,2,nvidia/NVIDIA-Nemotron-Labs-3-Puzzle-75B-A9B-NVFP4,hayashi
title,14,0.9285714285714286,0.9282051282051282,1,nvidia/NVIDIA-Nemotron-Labs-3-Puzzle-75B-A9B-NVFP4,hayashi
lead,30,0.9333333333333333,0.9282296650717703,2,nvidia/NVIDIA-Nemotron-Labs-3-Puzzle-75B-A9B-NVFP4,hayashi
draw,44,0.9318181818181818,0.9314997405293202,3,nvidia/NVIDIA-Nemotron-Labs-3-Puzzle-75B-A9B-NVFP4,hayashi
pickup,15,0.9333333333333333,0.9333333333333333,1,nvidia/NVIDIA-Nemotron-Labs-3-Puzzle-75B-A9B-NVFP4,hayashi
line,32,0.9375,0.9365079365079365,2,nvidia/NVIDIA-Nemotron-Labs-3-Puzzle-75B-A9B-NVFP4,hayashi
straight,16,0.9375,0.9372549019607843,1,nvidia/NVIDIA-Nemotron-Labs-3-Puzzle-75B-A9B-NVFP4,hayashi
drive,16,0.9375,0.9372549019607843,1,nvidia/NVIDIA-Nemotron-Labs-3-Puzzle-75B-A9B-NVFP4,hayashi
bound,16,0.9375,0.9372549019607843,1,nvidia/NVIDIA-Nemotron-Labs-3-Puzzle-75B-A9B-NVFP4,hayashi
pass,50,0.94,0.9397832195905259,3,nvidia/NVIDIA-Nemotron-Labs-3-Puzzle-75B-A9B-NVFP4,hayashi
pick_up,17,0.9411764705882353,0.9411764705882353,1,nvidia/NVIDIA-Nemotron-Labs-3-Puzzle-75B-A9B-NVFP4,hayashi
post,19,0.9473684210526315,0.9467787114845938,1,nvidia/NVIDIA-Nemotron-Labs-3-Puzzle-75B-A9B-NVFP4,hayashi
take_in,19,0.9473684210526315,0.9473684210526315,1,nvidia/NVIDIA-Nemotron-Labs-3-Puzzle-75B-A9B-NVFP4,hayashi
roll,21,0.9523809523809523,0.9519450800915332,1,nvidia/NVIDIA-Nemotron-Labs-3-Puzzle-75B-A9B-NVFP4,hayashi
charge,43,0.9534883720930233,0.9534632034632035,2,nvidia/NVIDIA-Nemotron-Labs-3-Puzzle-75B-A9B-NVFP4,hayashi
address,25,0.96,0.9597423510466989,1,nvidia/NVIDIA-Nemotron-Labs-3-Puzzle-75B-A9B-NVFP4,hayashi
assimilate,6,1.0,1.0,0,nvidia/NVIDIA-Nemotron-Labs-3-Puzzle-75B-A9B-NVFP4,hayashi
assimilation,8,1.0,1.0,0,nvidia/NVIDIA-Nemotron-Labs-3-Puzzle-75B-A9B-NVFP4,hayashi
works,10,1.0,1.0,0,nvidia/NVIDIA-Nemotron-Labs-3-Puzzle-75B-A9B-NVFP4,hayashi
worth,8,1.0,1.0,0,nvidia/NVIDIA-Nemotron-Labs-3-Puzzle-75B-A9B-NVFP4,hayashi
bank,10,1.0,1.0,0,nvidia/NVIDIA-Nemotron-Labs-3-Puzzle-75B-A9B-NVFP4,hayashi
ass,7,1.0,1.0,0,nvidia/NVIDIA-Nemotron-Labs-3-Puzzle-75B-A9B-NVFP4,hayashi
under,6,1.0,1.0,0,nvidia/NVIDIA-Nemotron-Labs-3-Puzzle-75B-A9B-NVFP4,hayashi
trip,5,1.0,1.0,0,nvidia/NVIDIA-Nemotron-Labs-3-Puzzle-75B-A9B-NVFP4,hayashi
bearing,9,1.0,1.0,0,nvidia/NVIDIA-Nemotron-Labs-3-Puzzle-75B-A9B-NVFP4,hayashi
beat,5,1.0,1.0,0,nvidia/NVIDIA-Nemotron-Labs-3-Puzzle-75B-A9B-NVFP4,hayashi
unit,5,1.0,1.0,0,nvidia/NVIDIA-Nemotron-Labs-3-Puzzle-75B-A9B-NVFP4,hayashi
trust,6,1.0,1.0,0,nvidia/NVIDIA-Nemotron-Labs-3-Puzzle-75B-A9B-NVFP4,hayashi
naturally,5,1.0,1.0,0,nvidia/NVIDIA-Nemotron-Labs-3-Puzzle-75B-A9B-NVFP4,hayashi
adhere,6,1.0,1.0,0,nvidia/NVIDIA-Nemotron-Labs-3-Puzzle-75B-A9B-NVFP4,hayashi
order,12,1.0,1.0,0,nvidia/NVIDIA-Nemotron-Labs-3-Puzzle-75B-A9B-NVFP4,hayashi
ounce,5,1.0,1.0,0,nvidia/NVIDIA-Nemotron-Labs-3-Puzzle-75B-A9B-NVFP4,hayashi
offset,8,1.0,1.0,0,nvidia/NVIDIA-Nemotron-Labs-3-Puzzle-75B-A9B-NVFP4,hayashi
advance,9,1.0,1.0,0,nvidia/NVIDIA-Nemotron-Labs-3-Puzzle-75B-A9B-NVFP4,hayashi
venture,6,1.0,1.0,0,nvidia/NVIDIA-Nemotron-Labs-3-Puzzle-75B-A9B-NVFP4,hayashi
along,6,1.0,1.0,0,nvidia/NVIDIA-Nemotron-Labs-3-Puzzle-75B-A9B-NVFP4,hayashi
amplification,5,1.0,1.0,0,nvidia/NVIDIA-Nemotron-Labs-3-Puzzle-75B-A9B-NVFP4,hayashi
crack,13,1.0,1.0,0,nvidia/NVIDIA-Nemotron-Labs-3-Puzzle-75B-A9B-NVFP4,hayashi
spectacle,6,1.0,1.0,0,nvidia/NVIDIA-Nemotron-Labs-3-Puzzle-75B-A9B-NVFP4,hayashi
cover,13,1.0,1.0,0,nvidia/NVIDIA-Nemotron-Labs-3-Puzzle-75B-A9B-NVFP4,hayashi
spike,10,1.0,1.0,0,nvidia/NVIDIA-Nemotron-Labs-3-Puzzle-75B-A9B-NVFP4,hayashi
stagger,7,1.0,1.0,0,nvidia/NVIDIA-Nemotron-Labs-3-Puzzle-75B-A9B-NVFP4,hayashi
spit,5,1.0,1.0,0,nvidia/NVIDIA-Nemotron-Labs-3-Puzzle-75B-A9B-NVFP4,hayashi
depression,12,1.0,1.0,0,nvidia/NVIDIA-Nemotron-Labs-3-Puzzle-75B-A9B-NVFP4,hayashi
detached,6,1.0,1.0,0,nvidia/NVIDIA-Nemotron-Labs-3-Puzzle-75B-A9B-NVFP4,hayashi
solitaire,5,1.0,1.0,0,nvidia/NVIDIA-Nemotron-Labs-3-Puzzle-75B-A9B-NVFP4,hayashi
sleeper,12,1.0,1.0,0,nvidia/NVIDIA-Nemotron-Labs-3-Puzzle-75B-A9B-NVFP4,hayashi
slice,7,1.0,1.0,0,nvidia/NVIDIA-Nemotron-Labs-3-Puzzle-75B-A9B-NVFP4,hayashi
sling,7,1.0,1.0,0,nvidia/NVIDIA-Nemotron-Labs-3-Puzzle-75B-A9B-NVFP4,hayashi
discipline,5,1.0,1.0,0,nvidia/NVIDIA-Nemotron-Labs-3-Puzzle-75B-A9B-NVFP4,hayashi
discriminate,5,1.0,1.0,0,nvidia/NVIDIA-Nemotron-Labs-3-Puzzle-75B-A9B-NVFP4,hayashi
disk,7,1.0,1.0,0,nvidia/NVIDIA-Nemotron-Labs-3-Puzzle-75B-A9B-NVFP4,hayashi
detail,9,1.0,1.0,0,nvidia/NVIDIA-Nemotron-Labs-3-Puzzle-75B-A9B-NVFP4,hayashi
drown,7,1.0,1.0,0,nvidia/NVIDIA-Nemotron-Labs-3-Puzzle-75B-A9B-NVFP4,hayashi
draft,12,1.0,1.0,0,nvidia/NVIDIA-Nemotron-Labs-3-Puzzle-75B-A9B-NVFP4,hayashi
sector,6,1.0,1.0,0,nvidia/NVIDIA-Nemotron-Labs-3-Puzzle-75B-A9B-NVFP4,hayashi
earthy,5,1.0,1.0,0,nvidia/NVIDIA-Nemotron-Labs-3-Puzzle-75B-A9B-NVFP4,hayashi
elder,5,1.0,1.0,0,nvidia/NVIDIA-Nemotron-Labs-3-Puzzle-75B-A9B-NVFP4,hayashi
sewer,5,1.0,1.0,0,nvidia/NVIDIA-Nemotron-Labs-3-Puzzle-75B-A9B-NVFP4,hayashi
shear,5,1.0,1.0,0,nvidia/NVIDIA-Nemotron-Labs-3-Puzzle-75B-A9B-NVFP4,hayashi
sheer,5,1.0,1.0,0,nvidia/NVIDIA-Nemotron-Labs-3-Puzzle-75B-A9B-NVFP4,hayashi
enamel,6,1.0,1.0,0,nvidia/NVIDIA-Nemotron-Labs-3-Puzzle-75B-A9B-NVFP4,hayashi
engagement,8,1.0,1.0,0,nvidia/NVIDIA-Nemotron-Labs-3-Puzzle-75B-A9B-NVFP4,hayashi
expire,5,1.0,1.0,0,nvidia/NVIDIA-Nemotron-Labs-3-Puzzle-75B-A9B-NVFP4,hayashi
exposition,6,1.0,1.0,0,nvidia/NVIDIA-Nemotron-Labs-3-Puzzle-75B-A9B-NVFP4,hayashi
runner,12,1.0,1.0,0,nvidia/NVIDIA-Nemotron-Labs-3-Puzzle-75B-A9B-NVFP4,hayashi
fault,8,1.0,1.0,0,nvidia/NVIDIA-Nemotron-Labs-3-Puzzle-75B-A9B-NVFP4,hayashi
feminine,5,1.0,1.0,0,nvidia/NVIDIA-Nemotron-Labs-3-Puzzle-75B-A9B-NVFP4,hayashi
extremity,8,1.0,1.0,0,nvidia/NVIDIA-Nemotron-Labs-3-Puzzle-75B-A9B-NVFP4,hayashi
fall,18,1.0,1.0,0,nvidia/NVIDIA-Nemotron-Labs-3-Puzzle-75B-A9B-NVFP4,hayashi
scoop,6,1.0,1.0,0,nvidia/NVIDIA-Nemotron-Labs-3-Puzzle-75B-A9B-NVFP4,hayashi
flare,7,1.0,1.0,0,nvidia/NVIDIA-Nemotron-Labs-3-Puzzle-75B-A9B-NVFP4,hayashi
flat,6,1.0,1.0,0,nvidia/NVIDIA-Nemotron-Labs-3-Puzzle-75B-A9B-NVFP4,hayashi
filling,6,1.0,1.0,0,nvidia/NVIDIA-Nemotron-Labs-3-Puzzle-75B-A9B-NVFP4,hayashi
fix,11,1.0,1.0,0,nvidia/NVIDIA-Nemotron-Labs-3-Puzzle-75B-A9B-NVFP4,hayashi
forced,5,1.0,1.0,0,nvidia/NVIDIA-Nemotron-Labs-3-Puzzle-75B-A9B-NVFP4,hayashi
get_away,5,1.0,1.0,0,nvidia/NVIDIA-Nemotron-Labs-3-Puzzle-75B-A9B-NVFP4,hayashi
reverse,8,1.0,1.0,0,nvidia/NVIDIA-Nemotron-Labs-3-Puzzle-75B-A9B-NVFP4,hayashi
stride,5,1.0,1.0,0,nvidia/NVIDIA-Nemotron-Labs-3-Puzzle-75B-A9B-NVFP4,hayashi
strike_out,8,1.0,1.0,0,nvidia/NVIDIA-Nemotron-Labs-3-Puzzle-75B-A9B-NVFP4,hayashi
condensation,8,1.0,1.0,0,nvidia/NVIDIA-Nemotron-Labs-3-Puzzle-75B-A9B-NVFP4,hayashi
composition,10,1.0,1.0,0,nvidia/NVIDIA-Nemotron-Labs-3-Puzzle-75B-A9B-NVFP4,hayashi
go_off,7,1.0,1.0,0,nvidia/NVIDIA-Nemotron-Labs-3-Puzzle-75B-A9B-NVFP4,hayashi
rack,10,1.0,1.0,0,nvidia/NVIDIA-Nemotron-Labs-3-Puzzle-75B-A9B-NVFP4,hayashi
receiver,7,1.0,1.0,0,nvidia/NVIDIA-Nemotron-Labs-3-Puzzle-75B-A9B-NVFP4,hayashi
hold_out,7,1.0,1.0,0,nvidia/NVIDIA-Nemotron-Labs-3-Puzzle-75B-A9B-NVFP4,hayashi
hitch,5,1.0,1.0,0,nvidia/NVIDIA-Nemotron-Labs-3-Puzzle-75B-A9B-NVFP4,hayashi
heading,5,1.0,1.0,0,nvidia/NVIDIA-Nemotron-Labs-3-Puzzle-75B-A9B-NVFP4,hayashi
hearty,7,1.0,1.0,0,nvidia/NVIDIA-Nemotron-Labs-3-Puzzle-75B-A9B-NVFP4,hayashi
recruit,5,1.0,1.0,0,nvidia/NVIDIA-Nemotron-Labs-3-Puzzle-75B-A9B-NVFP4,hayashi
projection,10,1.0,1.0,0,nvidia/NVIDIA-Nemotron-Labs-3-Puzzle-75B-A9B-NVFP4,hayashi
horny,5,1.0,1.0,0,nvidia/NVIDIA-Nemotron-Labs-3-Puzzle-75B-A9B-NVFP4,hayashi
hum,7,1.0,1.0,0,nvidia/NVIDIA-Nemotron-Labs-3-Puzzle-75B-A9B-NVFP4,hayashi
humor,8,1.0,1.0,0,nvidia/NVIDIA-Nemotron-Labs-3-Puzzle-75B-A9B-NVFP4,hayashi
put_up,12,1.0,1.0,0,nvidia/NVIDIA-Nemotron-Labs-3-Puzzle-75B-A9B-NVFP4,hayashi
providence,5,1.0,1.0,0,nvidia/NVIDIA-Nemotron-Labs-3-Puzzle-75B-A9B-NVFP4,hayashi
pull_out,6,1.0,1.0,0,nvidia/NVIDIA-Nemotron-Labs-3-Puzzle-75B-A9B-NVFP4,hayashi
impulse,9,1.0,1.0,0,nvidia/NVIDIA-Nemotron-Labs-3-Puzzle-75B-A9B-NVFP4,hayashi
pulse,5,1.0,1.0,0,nvidia/NVIDIA-Nemotron-Labs-3-Puzzle-75B-A9B-NVFP4,hayashi
pursuit,5,1.0,1.0,0,nvidia/NVIDIA-Nemotron-Labs-3-Puzzle-75B-A9B-NVFP4,hayashi
interpreter,5,1.0,1.0,0,nvidia/NVIDIA-Nemotron-Labs-3-Puzzle-75B-A9B-NVFP4,hayashi
installation,6,1.0,1.0,0,nvidia/NVIDIA-Nemotron-Labs-3-Puzzle-75B-A9B-NVFP4,hayashi
induction,8,1.0,1.0,0,nvidia/NVIDIA-Nemotron-Labs-3-Puzzle-75B-A9B-NVFP4,hayashi
break_off,5,1.0,1.0,0,nvidia/NVIDIA-Nemotron-Labs-3-Puzzle-75B-A9B-NVFP4,hayashi
brilliant,5,1.0,1.0,0,nvidia/NVIDIA-Nemotron-Labs-3-Puzzle-75B-A9B-NVFP4,hayashi
suite,5,1.0,1.0,0,nvidia/NVIDIA-Nemotron-Labs-3-Puzzle-75B-A9B-NVFP4,hayashi
swear,7,1.0,1.0,0,nvidia/NVIDIA-Nemotron-Labs-3-Puzzle-75B-A9B-NVFP4,hayashi
chill,6,1.0,1.0,0,nvidia/NVIDIA-Nemotron-Labs-3-Puzzle-75B-A9B-NVFP4,hayashi
chip,9,1.0,1.0,0,nvidia/NVIDIA-Nemotron-Labs-3-Puzzle-75B-A9B-NVFP4,hayashi
choice,8,1.0,1.0,0,nvidia/NVIDIA-Nemotron-Labs-3-Puzzle-75B-A9B-NVFP4,hayashi
certify,5,1.0,1.0,0,nvidia/NVIDIA-Nemotron-Labs-3-Puzzle-75B-A9B-NVFP4,hayashi
keep_up,8,1.0,1.0,0,nvidia/NVIDIA-Nemotron-Labs-3-Puzzle-75B-A9B-NVFP4,hayashi
jack,12,1.0,1.0,0,nvidia/NVIDIA-Nemotron-Labs-3-Puzzle-75B-A9B-NVFP4,hayashi
pike,7,1.0,1.0,0,nvidia/NVIDIA-Nemotron-Labs-3-Puzzle-75B-A9B-NVFP4,hayashi
potential,5,1.0,1.0,0,nvidia/NVIDIA-Nemotron-Labs-3-Puzzle-75B-A9B-NVFP4,hayashi
polish,5,1.0,1.0,0,nvidia/NVIDIA-Nemotron-Labs-3-Puzzle-75B-A9B-NVFP4,hayashi
pony,6,1.0,1.0,0,nvidia/NVIDIA-Nemotron-Labs-3-Puzzle-75B-A9B-NVFP4,hayashi
poise,5,1.0,1.0,0,nvidia/NVIDIA-Nemotron-Labs-3-Puzzle-75B-A9B-NVFP4,hayashi
liberty,7,1.0,1.0,0,nvidia/NVIDIA-Nemotron-Labs-3-Puzzle-75B-A9B-NVFP4,hayashi
bid,8,1.0,1.0,0,nvidia/NVIDIA-Nemotron-Labs-3-Puzzle-75B-A9B-NVFP4,hayashi
blind,6,1.0,1.0,0,nvidia/NVIDIA-Nemotron-Labs-3-Puzzle-75B-A9B-NVFP4,hayashi
blister,5,1.0,1.0,0,nvidia/NVIDIA-Nemotron-Labs-3-Puzzle-75B-A9B-NVFP4,hayashi
brace,18,1.0,1.0,0,nvidia/NVIDIA-Nemotron-Labs-3-Puzzle-75B-A9B-NVFP4,hayashi
bloom,5,1.0,1.0,0,nvidia/NVIDIA-Nemotron-Labs-3-Puzzle-75B-A9B-NVFP4,hayashi
terminal,6,1.0,1.0,0,nvidia/NVIDIA-Nemotron-Labs-3-Puzzle-75B-A9B-NVFP4,hayashi
then,5,1.0,1.0,0,nvidia/NVIDIA-Nemotron-Labs-3-Puzzle-75B-A9B-NVFP4,hayashi
target,6,1.0,1.0,0,nvidia/NVIDIA-Nemotron-Labs-3-Puzzle-75B-A9B-NVFP4,hayashi
tease,6,1.0,1.0,0,nvidia/NVIDIA-Nemotron-Labs-3-Puzzle-75B-A9B-NVFP4,hayashi
tone,12,1.0,1.0,0,nvidia/NVIDIA-Nemotron-Labs-3-Puzzle-75B-A9B-NVFP4,hayashi
thong,7,1.0,1.0,0,nvidia/NVIDIA-Nemotron-Labs-3-Puzzle-75B-A9B-NVFP4,hayashi
thrust,5,1.0,1.0,0,nvidia/NVIDIA-Nemotron-Labs-3-Puzzle-75B-A9B-NVFP4,hayashi
tie,8,1.0,1.0,0,nvidia/NVIDIA-Nemotron-Labs-3-Puzzle-75B-A9B-NVFP4,hayashi
tension,7,1.0,1.0,0,nvidia/NVIDIA-Nemotron-Labs-3-Puzzle-75B-A9B-NVFP4,hayashi
lot,6,1.0,1.0,0,nvidia/NVIDIA-Nemotron-Labs-3-Puzzle-75B-A9B-NVFP4,hayashi
living,11,1.0,1.0,0,nvidia/NVIDIA-Nemotron-Labs-3-Puzzle-75B-A9B-NVFP4,hayashi
look,6,1.0,1.0,0,nvidia/NVIDIA-Nemotron-Labs-3-Puzzle-75B-A9B-NVFP4,hayashi
outfit,5,1.0,1.0,0,nvidia/NVIDIA-Nemotron-Labs-3-Puzzle-75B-A9B-NVFP4,hayashi
outlet,7,1.0,1.0,0,nvidia/NVIDIA-Nemotron-Labs-3-Puzzle-75B-A9B-NVFP4,hayashi
paddle,6,1.0,1.0,0,nvidia/NVIDIA-Nemotron-Labs-3-Puzzle-75B-A9B-NVFP4,hayashi
pay_off,6,1.0,1.0,0,nvidia/NVIDIA-Nemotron-Labs-3-Puzzle-75B-A9B-NVFP4,hayashi
peak,7,1.0,1.0,0,nvidia/NVIDIA-Nemotron-Labs-3-Puzzle-75B-A9B-NVFP4,hayashi
peculiar,5,1.0,1.0,0,nvidia/NVIDIA-Nemotron-Labs-3-Puzzle-75B-A9B-NVFP4,hayashi
parity,5,1.0,1.0,0,nvidia/NVIDIA-Nemotron-Labs-3-Puzzle-75B-A9B-NVFP4,hayashi
party,5,1.0,1.0,0,nvidia/NVIDIA-Nemotron-Labs-3-Puzzle-75B-A9B-NVFP4,hayashi
mate,18,1.0,1.0,0,nvidia/NVIDIA-Nemotron-Labs-3-Puzzle-75B-A9B-NVFP4,hayashi
measure,14,1.0,1.0,0,nvidia/NVIDIA-Nemotron-Labs-3-Puzzle-75B-A9B-NVFP4,hayashi
meet,13,1.0,1.0,0,nvidia/NVIDIA-Nemotron-Labs-3-Puzzle-75B-A9B-NVFP4,hayashi
manifestation,6,1.0,1.0,0,nvidia/NVIDIA-Nemotron-Labs-3-Puzzle-75B-A9B-NVFP4,hayashi
marker,5,1.0,1.0,0,nvidia/NVIDIA-Nemotron-Labs-3-Puzzle-75B-A9B-NVFP4,hayashi
waste,6,1.0,1.0,0,nvidia/NVIDIA-Nemotron-Labs-3-Puzzle-75B-A9B-NVFP4,hayashi
wash,11,1.0,1.0,0,nvidia/NVIDIA-Nemotron-Labs-3-Puzzle-75B-A9B-NVFP4,hayashi
accent,5,1.0,1.0,0,nvidia/NVIDIA-Nemotron-Labs-3-Puzzle-75B-A9B-NVFP4,hayashi
wart,6,1.0,1.0,0,nvidia/NVIDIA-Nemotron-Labs-3-Puzzle-75B-A9B-NVFP4,hayashi
withdrawal,11,1.0,1.0,0,nvidia/NVIDIA-Nemotron-Labs-3-Puzzle-75B-A9B-NVFP4,hayashi
Jackson,6,1.0,1.0,0,nvidia/NVIDIA-Nemotron-Labs-3-Puzzle-75B-A9B-NVFP4,hayashi
wink,6,1.0,1.0,0,nvidia/NVIDIA-Nemotron-Labs-3-Puzzle-75B-A9B-NVFP4,hayashi
