lemma,n,accuracy,f1_macro,n_errors,model,mode
history,5,0.2,0.16666666666666666,4,nvidia/Llama-3.3-70B-Instruct-NVFP4,hayashi
delicate,5,0.2,0.16666666666666666,4,nvidia/Llama-3.3-70B-Instruct-NVFP4,hayashi
abandon,5,0.2,0.16666666666666666,4,nvidia/Llama-3.3-70B-Instruct-NVFP4,hayashi
recovery,5,0.2,0.16666666666666666,4,nvidia/Llama-3.3-70B-Instruct-NVFP4,hayashi
blur,7,0.2857142857142857,0.2222222222222222,5,nvidia/Llama-3.3-70B-Instruct-NVFP4,hayashi
suit,6,0.3333333333333333,0.25,4,nvidia/Llama-3.3-70B-Instruct-NVFP4,hayashi
optical,6,0.3333333333333333,0.25,4,nvidia/Llama-3.3-70B-Instruct-NVFP4,hayashi
below,6,0.3333333333333333,0.25,4,nvidia/Llama-3.3-70B-Instruct-NVFP4,hayashi
stir_up,6,0.3333333333333333,0.25,4,nvidia/Llama-3.3-70B-Instruct-NVFP4,hayashi
secondary,9,0.3333333333333333,0.25,6,nvidia/Llama-3.3-70B-Instruct-NVFP4,hayashi
dramatically,6,0.3333333333333333,0.25,4,nvidia/Llama-3.3-70B-Instruct-NVFP4,hayashi
allies,6,0.3333333333333333,0.25,4,nvidia/Llama-3.3-70B-Instruct-NVFP4,hayashi
result,6,0.3333333333333333,0.25,4,nvidia/Llama-3.3-70B-Instruct-NVFP4,hayashi
aggression,6,0.3333333333333333,0.25,4,nvidia/Llama-3.3-70B-Instruct-NVFP4,hayashi
feeble,6,0.3333333333333333,0.25,4,nvidia/Llama-3.3-70B-Instruct-NVFP4,hayashi
diagonal,8,0.375,0.2727272727272727,5,nvidia/Llama-3.3-70B-Instruct-NVFP4,hayashi
assure,8,0.375,0.2727272727272727,5,nvidia/Llama-3.3-70B-Instruct-NVFP4,hayashi
examine,8,0.375,0.2727272727272727,5,nvidia/Llama-3.3-70B-Instruct-NVFP4,hayashi
intangible,8,0.375,0.2727272727272727,5,nvidia/Llama-3.3-70B-Instruct-NVFP4,hayashi
influence,13,0.38461538461538464,0.2777777777777778,8,nvidia/Llama-3.3-70B-Instruct-NVFP4,hayashi
conventional,13,0.38461538461538464,0.2777777777777778,8,nvidia/Llama-3.3-70B-Instruct-NVFP4,hayashi
obscene,5,0.4,0.2857142857142857,3,nvidia/Llama-3.3-70B-Instruct-NVFP4,hayashi
sluggish,5,0.4,0.2857142857142857,3,nvidia/Llama-3.3-70B-Instruct-NVFP4,hayashi
slow,5,0.4,0.2857142857142857,3,nvidia/Llama-3.3-70B-Instruct-NVFP4,hayashi
mechanical,5,0.4,0.2857142857142857,3,nvidia/Llama-3.3-70B-Instruct-NVFP4,hayashi
debate,5,0.4,0.2857142857142857,3,nvidia/Llama-3.3-70B-Instruct-NVFP4,hayashi
innovation,5,0.4,0.2857142857142857,3,nvidia/Llama-3.3-70B-Instruct-NVFP4,hayashi
correlation,5,0.4,0.2857142857142857,3,nvidia/Llama-3.3-70B-Instruct-NVFP4,hayashi
nominate,5,0.4,0.2857142857142857,3,nvidia/Llama-3.3-70B-Instruct-NVFP4,hayashi
link,5,0.4,0.2857142857142857,3,nvidia/Llama-3.3-70B-Instruct-NVFP4,hayashi
indecent,5,0.4,0.2857142857142857,3,nvidia/Llama-3.3-70B-Instruct-NVFP4,hayashi
implement,5,0.4,0.2857142857142857,3,nvidia/Llama-3.3-70B-Instruct-NVFP4,hayashi
rugged,5,0.4,0.2857142857142857,3,nvidia/Llama-3.3-70B-Instruct-NVFP4,hayashi
disaster,5,0.4,0.2857142857142857,3,nvidia/Llama-3.3-70B-Instruct-NVFP4,hayashi
herd,5,0.4,0.2857142857142857,3,nvidia/Llama-3.3-70B-Instruct-NVFP4,hayashi
porous,5,0.4,0.2857142857142857,3,nvidia/Llama-3.3-70B-Instruct-NVFP4,hayashi
pause,5,0.4,0.2857142857142857,3,nvidia/Llama-3.3-70B-Instruct-NVFP4,hayashi
paint,5,0.4,0.2857142857142857,3,nvidia/Llama-3.3-70B-Instruct-NVFP4,hayashi
clove,5,0.4,0.2857142857142857,3,nvidia/Llama-3.3-70B-Instruct-NVFP4,hayashi
pollution,5,0.4,0.2857142857142857,3,nvidia/Llama-3.3-70B-Instruct-NVFP4,hayashi
harm,5,0.4,0.2857142857142857,3,nvidia/Llama-3.3-70B-Instruct-NVFP4,hayashi
contradict,5,0.4,0.2857142857142857,3,nvidia/Llama-3.3-70B-Instruct-NVFP4,hayashi
shove,5,0.4,0.2857142857142857,3,nvidia/Llama-3.3-70B-Instruct-NVFP4,hayashi
simulate,5,0.4,0.2857142857142857,3,nvidia/Llama-3.3-70B-Instruct-NVFP4,hayashi
search,5,0.4,0.2857142857142857,3,nvidia/Llama-3.3-70B-Instruct-NVFP4,hayashi
confess,5,0.4,0.2857142857142857,3,nvidia/Llama-3.3-70B-Instruct-NVFP4,hayashi
sophisticated,5,0.4,0.2857142857142857,3,nvidia/Llama-3.3-70B-Instruct-NVFP4,hayashi
treason,5,0.4,0.2857142857142857,3,nvidia/Llama-3.3-70B-Instruct-NVFP4,hayashi
school,5,0.4,0.2857142857142857,3,nvidia/Llama-3.3-70B-Instruct-NVFP4,hayashi
reason,5,0.4,0.2857142857142857,3,nvidia/Llama-3.3-70B-Instruct-NVFP4,hayashi
timid,5,0.4,0.2857142857142857,3,nvidia/Llama-3.3-70B-Instruct-NVFP4,hayashi
allot,5,0.4,0.2857142857142857,3,nvidia/Llama-3.3-70B-Instruct-NVFP4,hayashi
allegory,5,0.4,0.2857142857142857,3,nvidia/Llama-3.3-70B-Instruct-NVFP4,hayashi
allied,5,0.4,0.2857142857142857,3,nvidia/Llama-3.3-70B-Instruct-NVFP4,hayashi
renounce,5,0.4,0.2857142857142857,3,nvidia/Llama-3.3-70B-Instruct-NVFP4,hayashi
authorization,5,0.4,0.2857142857142857,3,nvidia/Llama-3.3-70B-Instruct-NVFP4,hayashi
reputation,5,0.4,0.2857142857142857,3,nvidia/Llama-3.3-70B-Instruct-NVFP4,hayashi
unique,5,0.4,0.2857142857142857,3,nvidia/Llama-3.3-70B-Instruct-NVFP4,hayashi
liquefy,5,0.4,0.2857142857142857,3,nvidia/Llama-3.3-70B-Instruct-NVFP4,hayashi
copy,5,0.4,0.2857142857142857,3,nvidia/Llama-3.3-70B-Instruct-NVFP4,hayashi
unconcerned,5,0.4,0.2857142857142857,3,nvidia/Llama-3.3-70B-Instruct-NVFP4,hayashi
defective,5,0.4,0.2857142857142857,3,nvidia/Llama-3.3-70B-Instruct-NVFP4,hayashi
fierce,5,0.4,0.2857142857142857,3,nvidia/Llama-3.3-70B-Instruct-NVFP4,hayashi
yam,5,0.4,0.2857142857142857,3,nvidia/Llama-3.3-70B-Instruct-NVFP4,hayashi
verse,5,0.4,0.2857142857142857,3,nvidia/Llama-3.3-70B-Instruct-NVFP4,hayashi
victimize,5,0.4,0.2857142857142857,3,nvidia/Llama-3.3-70B-Instruct-NVFP4,hayashi
embodiment,5,0.4,0.2857142857142857,3,nvidia/Llama-3.3-70B-Instruct-NVFP4,hayashi
synchronize,10,0.4,0.2857142857142857,6,nvidia/Llama-3.3-70B-Instruct-NVFP4,hayashi
banish,5,0.4,0.2857142857142857,3,nvidia/Llama-3.3-70B-Instruct-NVFP4,hayashi
vicious,5,0.4,0.2857142857142857,3,nvidia/Llama-3.3-70B-Instruct-NVFP4,hayashi
unsuitable,5,0.4,0.2857142857142857,3,nvidia/Llama-3.3-70B-Instruct-NVFP4,hayashi
struggle,7,0.42857142857142855,0.3,4,nvidia/Llama-3.3-70B-Instruct-NVFP4,hayashi
adolescent,7,0.42857142857142855,0.3,4,nvidia/Llama-3.3-70B-Instruct-NVFP4,hayashi
hostility,7,0.42857142857142855,0.3,4,nvidia/Llama-3.3-70B-Instruct-NVFP4,hayashi
issue,7,0.42857142857142855,0.3,4,nvidia/Llama-3.3-70B-Instruct-NVFP4,hayashi
subdue,7,0.42857142857142855,0.3,4,nvidia/Llama-3.3-70B-Instruct-NVFP4,hayashi
disapproval,7,0.42857142857142855,0.3,4,nvidia/Llama-3.3-70B-Instruct-NVFP4,hayashi
softly,7,0.42857142857142855,0.3,4,nvidia/Llama-3.3-70B-Instruct-NVFP4,hayashi
halt,7,0.42857142857142855,0.3,4,nvidia/Llama-3.3-70B-Instruct-NVFP4,hayashi
vitality,7,0.42857142857142855,0.3,4,nvidia/Llama-3.3-70B-Instruct-NVFP4,hayashi
twitch,7,0.42857142857142855,0.3,4,nvidia/Llama-3.3-70B-Instruct-NVFP4,hayashi
ease,7,0.42857142857142855,0.3,4,nvidia/Llama-3.3-70B-Instruct-NVFP4,hayashi
schedule,7,0.42857142857142855,0.3,4,nvidia/Llama-3.3-70B-Instruct-NVFP4,hayashi
radial,7,0.42857142857142855,0.3,4,nvidia/Llama-3.3-70B-Instruct-NVFP4,hayashi
extreme,9,0.4444444444444444,0.3076923076923077,5,nvidia/Llama-3.3-70B-Instruct-NVFP4,hayashi
stream,9,0.4444444444444444,0.3076923076923077,5,nvidia/Llama-3.3-70B-Instruct-NVFP4,hayashi
confine,9,0.4444444444444444,0.3076923076923077,5,nvidia/Llama-3.3-70B-Instruct-NVFP4,hayashi
serious,9,0.4444444444444444,0.3076923076923077,5,nvidia/Llama-3.3-70B-Instruct-NVFP4,hayashi
thoughtful,9,0.4444444444444444,0.3076923076923077,5,nvidia/Llama-3.3-70B-Instruct-NVFP4,hayashi
absolute,9,0.4444444444444444,0.3076923076923077,5,nvidia/Llama-3.3-70B-Instruct-NVFP4,hayashi
aim,9,0.4444444444444444,0.3076923076923077,5,nvidia/Llama-3.3-70B-Instruct-NVFP4,hayashi
unite,11,0.45454545454545453,0.3125,6,nvidia/Llama-3.3-70B-Instruct-NVFP4,hayashi
sink,15,0.4666666666666667,0.3181818181818182,8,nvidia/Llama-3.3-70B-Instruct-NVFP4,hayashi
strip,21,0.47619047619047616,0.3225806451612903,11,nvidia/Llama-3.3-70B-Instruct-NVFP4,hayashi
exclusion,6,0.5,0.3333333333333333,3,nvidia/Llama-3.3-70B-Instruct-NVFP4,hayashi
electric_shock,6,0.5,0.3333333333333333,3,nvidia/Llama-3.3-70B-Instruct-NVFP4,hayashi
approval,6,0.5,0.3333333333333333,3,nvidia/Llama-3.3-70B-Instruct-NVFP4,hayashi
explanation,6,0.5,0.3333333333333333,3,nvidia/Llama-3.3-70B-Instruct-NVFP4,hayashi
emergence,6,0.5,0.3333333333333333,3,nvidia/Llama-3.3-70B-Instruct-NVFP4,hayashi
evidence,6,0.5,0.3333333333333333,3,nvidia/Llama-3.3-70B-Instruct-NVFP4,hayashi
transmit,6,0.5,0.3333333333333333,3,nvidia/Llama-3.3-70B-Instruct-NVFP4,hayashi
unrestricted,10,0.5,0.3333333333333333,5,nvidia/Llama-3.3-70B-Instruct-NVFP4,hayashi
ban,8,0.5,0.3333333333333333,4,nvidia/Llama-3.3-70B-Instruct-NVFP4,hayashi
theory,6,0.5,0.3333333333333333,3,nvidia/Llama-3.3-70B-Instruct-NVFP4,hayashi
suspense,6,0.5,0.3333333333333333,3,nvidia/Llama-3.3-70B-Instruct-NVFP4,hayashi
sunset,6,0.5,0.3333333333333333,3,nvidia/Llama-3.3-70B-Instruct-NVFP4,hayashi
alliance,8,0.5,0.3333333333333333,4,nvidia/Llama-3.3-70B-Instruct-NVFP4,hayashi
recording,6,0.5,0.3333333333333333,3,nvidia/Llama-3.3-70B-Instruct-NVFP4,hayashi
taxonomy,6,0.5,0.3333333333333333,3,nvidia/Llama-3.3-70B-Instruct-NVFP4,hayashi
testing,6,0.5,0.3333333333333333,3,nvidia/Llama-3.3-70B-Instruct-NVFP4,hayashi
scatter,8,0.5,0.3333333333333333,4,nvidia/Llama-3.3-70B-Instruct-NVFP4,hayashi
restriction,6,0.5,0.3333333333333333,3,nvidia/Llama-3.3-70B-Instruct-NVFP4,hayashi
reasonable,6,0.5,0.3333333333333333,3,nvidia/Llama-3.3-70B-Instruct-NVFP4,hayashi
president,6,0.5,0.3333333333333333,3,nvidia/Llama-3.3-70B-Instruct-NVFP4,hayashi
precaution,6,0.5,0.3333333333333333,3,nvidia/Llama-3.3-70B-Instruct-NVFP4,hayashi
precisely,6,0.5,0.3333333333333333,3,nvidia/Llama-3.3-70B-Instruct-NVFP4,hayashi
plead,6,0.5,0.3333333333333333,3,nvidia/Llama-3.3-70B-Instruct-NVFP4,hayashi
pretentious,6,0.5,0.3333333333333333,3,nvidia/Llama-3.3-70B-Instruct-NVFP4,hayashi
sordid,8,0.5,0.3333333333333333,4,nvidia/Llama-3.3-70B-Instruct-NVFP4,hayashi
deviate,6,0.5,0.3333333333333333,3,nvidia/Llama-3.3-70B-Instruct-NVFP4,hayashi
climax,8,0.5,0.3333333333333333,4,nvidia/Llama-3.3-70B-Instruct-NVFP4,hayashi
harmonious,6,0.5,0.3333333333333333,3,nvidia/Llama-3.3-70B-Instruct-NVFP4,hayashi
disappearance,8,0.5,0.3333333333333333,4,nvidia/Llama-3.3-70B-Instruct-NVFP4,hayashi
disagreement,6,0.5,0.3333333333333333,3,nvidia/Llama-3.3-70B-Instruct-NVFP4,hayashi
height,6,0.5,0.3333333333333333,3,nvidia/Llama-3.3-70B-Instruct-NVFP4,hayashi
hearing,6,0.5,0.3333333333333333,3,nvidia/Llama-3.3-70B-Instruct-NVFP4,hayashi
collect,6,0.5,0.3333333333333333,3,nvidia/Llama-3.3-70B-Instruct-NVFP4,hayashi
prosperous,6,0.5,0.3333333333333333,3,nvidia/Llama-3.3-70B-Instruct-NVFP4,hayashi
plan,6,0.5,0.3333333333333333,3,nvidia/Llama-3.3-70B-Instruct-NVFP4,hayashi
splendid,6,0.5,0.3333333333333333,3,nvidia/Llama-3.3-70B-Instruct-NVFP4,hayashi
proceed,8,0.5,0.3333333333333333,4,nvidia/Llama-3.3-70B-Instruct-NVFP4,hayashi
sorrow,6,0.5,0.3333333333333333,3,nvidia/Llama-3.3-70B-Instruct-NVFP4,hayashi
fair,6,0.5,0.3333333333333333,3,nvidia/Llama-3.3-70B-Instruct-NVFP4,hayashi
docile,6,0.5,0.3333333333333333,3,nvidia/Llama-3.3-70B-Instruct-NVFP4,hayashi
affliction,6,0.5,0.3333333333333333,3,nvidia/Llama-3.3-70B-Instruct-NVFP4,hayashi
advise,6,0.5,0.3333333333333333,3,nvidia/Llama-3.3-70B-Instruct-NVFP4,hayashi
wealth,8,0.5,0.3333333333333333,4,nvidia/Llama-3.3-70B-Instruct-NVFP4,hayashi
whiting,6,0.5,0.3333333333333333,3,nvidia/Llama-3.3-70B-Instruct-NVFP4,hayashi
academy,8,0.5,0.3333333333333333,4,nvidia/Llama-3.3-70B-Instruct-NVFP4,hayashi
drab,8,0.5,0.3333333333333333,4,nvidia/Llama-3.3-70B-Instruct-NVFP4,hayashi
append,6,0.5,0.3333333333333333,3,nvidia/Llama-3.3-70B-Instruct-NVFP4,hayashi
hope,6,0.5,0.3333333333333333,3,nvidia/Llama-3.3-70B-Instruct-NVFP4,hayashi
intimidation,6,0.5,0.3333333333333333,3,nvidia/Llama-3.3-70B-Instruct-NVFP4,hayashi
invite,14,0.5,0.3333333333333333,7,nvidia/Llama-3.3-70B-Instruct-NVFP4,hayashi
justification,6,0.5,0.3333333333333333,3,nvidia/Llama-3.3-70B-Instruct-NVFP4,hayashi
knob,8,0.5,0.3333333333333333,4,nvidia/Llama-3.3-70B-Instruct-NVFP4,hayashi
cruise,6,0.5,0.3333333333333333,3,nvidia/Llama-3.3-70B-Instruct-NVFP4,hayashi
unlock,6,0.5,0.3333333333333333,3,nvidia/Llama-3.3-70B-Instruct-NVFP4,hayashi
anticipation,8,0.5,0.3333333333333333,4,nvidia/Llama-3.3-70B-Instruct-NVFP4,hayashi
correct,6,0.5,0.3333333333333333,3,nvidia/Llama-3.3-70B-Instruct-NVFP4,hayashi
contamination,6,0.5,0.3333333333333333,3,nvidia/Llama-3.3-70B-Instruct-NVFP4,hayashi
make_it,6,0.5,0.3333333333333333,3,nvidia/Llama-3.3-70B-Instruct-NVFP4,hayashi
consecutive,6,0.5,0.3333333333333333,3,nvidia/Llama-3.3-70B-Instruct-NVFP4,hayashi
limitation,8,0.5,0.3333333333333333,4,nvidia/Llama-3.3-70B-Instruct-NVFP4,hayashi
leak,6,0.5,0.3333333333333333,3,nvidia/Llama-3.3-70B-Instruct-NVFP4,hayashi
steer,6,0.5,0.3333333333333333,3,nvidia/Llama-3.3-70B-Instruct-NVFP4,hayashi
standard,6,0.5,0.3333333333333333,3,nvidia/Llama-3.3-70B-Instruct-NVFP4,hayashi
suffering,6,0.5,0.3333333333333333,3,nvidia/Llama-3.3-70B-Instruct-NVFP4,hayashi
hypothesis,6,0.5,0.3333333333333333,3,nvidia/Llama-3.3-70B-Instruct-NVFP4,hayashi
ignore,6,0.5,0.3333333333333333,3,nvidia/Llama-3.3-70B-Instruct-NVFP4,hayashi
improvement,6,0.5,0.3333333333333333,3,nvidia/Llama-3.3-70B-Instruct-NVFP4,hayashi
duration,6,0.5,0.3333333333333333,3,nvidia/Llama-3.3-70B-Instruct-NVFP4,hayashi
extraneous,8,0.5,0.3333333333333333,4,nvidia/Llama-3.3-70B-Instruct-NVFP4,hayashi
gay,8,0.5,0.3333333333333333,4,nvidia/Llama-3.3-70B-Instruct-NVFP4,hayashi
dominate,6,0.5,0.3333333333333333,3,nvidia/Llama-3.3-70B-Instruct-NVFP4,hayashi
take_over,13,0.5384615384615384,0.35,6,nvidia/Llama-3.3-70B-Instruct-NVFP4,hayashi
combine,11,0.5454545454545454,0.35294117647058826,5,nvidia/Llama-3.3-70B-Instruct-NVFP4,hayashi
trade,9,0.5555555555555556,0.35714285714285715,4,nvidia/Llama-3.3-70B-Instruct-NVFP4,hayashi
deliberation,9,0.5555555555555556,0.35714285714285715,4,nvidia/Llama-3.3-70B-Instruct-NVFP4,hayashi
break_away,9,0.5555555555555556,0.35714285714285715,4,nvidia/Llama-3.3-70B-Instruct-NVFP4,hayashi
jerk,9,0.5555555555555556,0.35714285714285715,4,nvidia/Llama-3.3-70B-Instruct-NVFP4,hayashi
tangible,7,0.5714285714285714,0.36363636363636365,3,nvidia/Llama-3.3-70B-Instruct-NVFP4,hayashi
pride,7,0.5714285714285714,0.36363636363636365,3,nvidia/Llama-3.3-70B-Instruct-NVFP4,hayashi
noticeable,7,0.5714285714285714,0.36363636363636365,3,nvidia/Llama-3.3-70B-Instruct-NVFP4,hayashi
changeable,7,0.5714285714285714,0.36363636363636365,3,nvidia/Llama-3.3-70B-Instruct-NVFP4,hayashi
excuse,7,0.5714285714285714,0.36363636363636365,3,nvidia/Llama-3.3-70B-Instruct-NVFP4,hayashi
escort,7,0.5714285714285714,0.36363636363636365,3,nvidia/Llama-3.3-70B-Instruct-NVFP4,hayashi
insight,7,0.5714285714285714,0.36363636363636365,3,nvidia/Llama-3.3-70B-Instruct-NVFP4,hayashi
musical,7,0.5714285714285714,0.36363636363636365,3,nvidia/Llama-3.3-70B-Instruct-NVFP4,hayashi
drape,7,0.5714285714285714,0.36363636363636365,3,nvidia/Llama-3.3-70B-Instruct-NVFP4,hayashi
trap,7,0.5714285714285714,0.36363636363636365,3,nvidia/Llama-3.3-70B-Instruct-NVFP4,hayashi
falsify,7,0.5714285714285714,0.36363636363636365,3,nvidia/Llama-3.3-70B-Instruct-NVFP4,hayashi
minister,7,0.5714285714285714,0.36363636363636365,3,nvidia/Llama-3.3-70B-Instruct-NVFP4,hayashi
conformity,7,0.5714285714285714,0.36363636363636365,3,nvidia/Llama-3.3-70B-Instruct-NVFP4,hayashi
interpretation,7,0.5714285714285714,0.36363636363636365,3,nvidia/Llama-3.3-70B-Instruct-NVFP4,hayashi
dissipate,7,0.5714285714285714,0.36363636363636365,3,nvidia/Llama-3.3-70B-Instruct-NVFP4,hayashi
discover,12,0.5833333333333334,0.3684210526315789,5,nvidia/Llama-3.3-70B-Instruct-NVFP4,hayashi
incite,5,0.6,0.375,2,nvidia/Llama-3.3-70B-Instruct-NVFP4,hayashi
addition,5,0.6,0.375,2,nvidia/Llama-3.3-70B-Instruct-NVFP4,hayashi
ignorant,5,0.6,0.375,2,nvidia/Llama-3.3-70B-Instruct-NVFP4,hayashi
specify,10,0.6,0.375,4,nvidia/Llama-3.3-70B-Instruct-NVFP4,hayashi
snow,5,0.6,0.375,2,nvidia/Llama-3.3-70B-Instruct-NVFP4,hayashi
protrude,5,0.6,0.375,2,nvidia/Llama-3.3-70B-Instruct-NVFP4,hayashi
commence,5,0.6,0.375,2,nvidia/Llama-3.3-70B-Instruct-NVFP4,hayashi
nutrition,5,0.6,0.375,2,nvidia/Llama-3.3-70B-Instruct-NVFP4,hayashi
publish,5,0.6,0.375,2,nvidia/Llama-3.3-70B-Instruct-NVFP4,hayashi
headquarters,5,0.6,0.375,2,nvidia/Llama-3.3-70B-Instruct-NVFP4,hayashi
distill,5,0.6,0.375,2,nvidia/Llama-3.3-70B-Instruct-NVFP4,hayashi
scented,5,0.6,0.375,2,nvidia/Llama-3.3-70B-Instruct-NVFP4,hayashi
hardship,5,0.6,0.375,2,nvidia/Llama-3.3-70B-Instruct-NVFP4,hayashi
cruelty,5,0.6,0.375,2,nvidia/Llama-3.3-70B-Instruct-NVFP4,hayashi
interlock,5,0.6,0.375,2,nvidia/Llama-3.3-70B-Instruct-NVFP4,hayashi
decisively,5,0.6,0.375,2,nvidia/Llama-3.3-70B-Instruct-NVFP4,hayashi
lonely,5,0.6,0.375,2,nvidia/Llama-3.3-70B-Instruct-NVFP4,hayashi
irregularly,5,0.6,0.375,2,nvidia/Llama-3.3-70B-Instruct-NVFP4,hayashi
intensify,5,0.6,0.375,2,nvidia/Llama-3.3-70B-Instruct-NVFP4,hayashi
hinder,5,0.6,0.375,2,nvidia/Llama-3.3-70B-Instruct-NVFP4,hayashi
fulfill,5,0.6,0.375,2,nvidia/Llama-3.3-70B-Instruct-NVFP4,hayashi
fade,5,0.6,0.375,2,nvidia/Llama-3.3-70B-Instruct-NVFP4,hayashi
get_rid_of,5,0.6,0.375,2,nvidia/Llama-3.3-70B-Instruct-NVFP4,hayashi
patrol,5,0.6,0.375,2,nvidia/Llama-3.3-70B-Instruct-NVFP4,hayashi
owe,5,0.6,0.375,2,nvidia/Llama-3.3-70B-Instruct-NVFP4,hayashi
shield,5,0.6,0.375,2,nvidia/Llama-3.3-70B-Instruct-NVFP4,hayashi
calendar,5,0.6,0.375,2,nvidia/Llama-3.3-70B-Instruct-NVFP4,hayashi
avail,5,0.6,0.375,2,nvidia/Llama-3.3-70B-Instruct-NVFP4,hayashi
clever,5,0.6,0.375,2,nvidia/Llama-3.3-70B-Instruct-NVFP4,hayashi
uphold,5,0.6,0.375,2,nvidia/Llama-3.3-70B-Instruct-NVFP4,hayashi
exclude,5,0.6,0.375,2,nvidia/Llama-3.3-70B-Instruct-NVFP4,hayashi
excavation,5,0.6,0.375,2,nvidia/Llama-3.3-70B-Instruct-NVFP4,hayashi
thicken,5,0.6,0.375,2,nvidia/Llama-3.3-70B-Instruct-NVFP4,hayashi
essence,5,0.6,0.375,2,nvidia/Llama-3.3-70B-Instruct-NVFP4,hayashi
unskilled,5,0.6,0.375,2,nvidia/Llama-3.3-70B-Instruct-NVFP4,hayashi
stabilize,5,0.6,0.375,2,nvidia/Llama-3.3-70B-Instruct-NVFP4,hayashi
objection,5,0.6,0.375,2,nvidia/Llama-3.3-70B-Instruct-NVFP4,hayashi
confrontation,5,0.6,0.375,2,nvidia/Llama-3.3-70B-Instruct-NVFP4,hayashi
contribute,5,0.6,0.375,2,nvidia/Llama-3.3-70B-Instruct-NVFP4,hayashi
conscience,5,0.6,0.375,2,nvidia/Llama-3.3-70B-Instruct-NVFP4,hayashi
loyalty,5,0.6,0.375,2,nvidia/Llama-3.3-70B-Instruct-NVFP4,hayashi
kindness,5,0.6,0.375,2,nvidia/Llama-3.3-70B-Instruct-NVFP4,hayashi
inheritance,5,0.6,0.375,2,nvidia/Llama-3.3-70B-Instruct-NVFP4,hayashi
steep,5,0.6,0.375,2,nvidia/Llama-3.3-70B-Instruct-NVFP4,hayashi
stab,5,0.6,0.375,2,nvidia/Llama-3.3-70B-Instruct-NVFP4,hayashi
give_up,16,0.4375,0.37662337662337664,9,nvidia/Llama-3.3-70B-Instruct-NVFP4,hayashi
unify,8,0.625,0.38461538461538464,3,nvidia/Llama-3.3-70B-Instruct-NVFP4,hayashi
unlawful,8,0.625,0.38461538461538464,3,nvidia/Llama-3.3-70B-Instruct-NVFP4,hayashi
smut,8,0.625,0.38461538461538464,3,nvidia/Llama-3.3-70B-Instruct-NVFP4,hayashi
incapable,6,0.6666666666666666,0.4,2,nvidia/Llama-3.3-70B-Instruct-NVFP4,hayashi
imitative,5,0.4,0.4,3,nvidia/Llama-3.3-70B-Instruct-NVFP4,hayashi
comfortably,5,0.4,0.4,3,nvidia/Llama-3.3-70B-Instruct-NVFP4,hayashi
pretense,6,0.6666666666666666,0.4,2,nvidia/Llama-3.3-70B-Instruct-NVFP4,hayashi
personally,5,0.4,0.4,3,nvidia/Llama-3.3-70B-Instruct-NVFP4,hayashi
cock,6,0.6666666666666666,0.4,2,nvidia/Llama-3.3-70B-Instruct-NVFP4,hayashi
restrict,6,0.6666666666666666,0.4,2,nvidia/Llama-3.3-70B-Instruct-NVFP4,hayashi
contemplate,6,0.6666666666666666,0.4,2,nvidia/Llama-3.3-70B-Instruct-NVFP4,hayashi
darken,5,0.4,0.4,3,nvidia/Llama-3.3-70B-Instruct-NVFP4,hayashi
genre,6,0.6666666666666666,0.4,2,nvidia/Llama-3.3-70B-Instruct-NVFP4,hayashi
sadly,5,0.4,0.4,3,nvidia/Llama-3.3-70B-Instruct-NVFP4,hayashi
modest,11,0.45454545454545453,0.4107142857142857,6,nvidia/Llama-3.3-70B-Instruct-NVFP4,hayashi
zone,7,0.42857142857142855,0.41666666666666663,4,nvidia/Llama-3.3-70B-Instruct-NVFP4,hayashi
duplicate,7,0.42857142857142855,0.41666666666666663,4,nvidia/Llama-3.3-70B-Instruct-NVFP4,hayashi
heroic,7,0.42857142857142855,0.41666666666666663,4,nvidia/Llama-3.3-70B-Instruct-NVFP4,hayashi
attraction,7,0.42857142857142855,0.41666666666666663,4,nvidia/Llama-3.3-70B-Instruct-NVFP4,hayashi
redeem,7,0.42857142857142855,0.41666666666666663,4,nvidia/Llama-3.3-70B-Instruct-NVFP4,hayashi
conjunction,7,0.42857142857142855,0.41666666666666663,4,nvidia/Llama-3.3-70B-Instruct-NVFP4,hayashi
shorten,7,0.42857142857142855,0.41666666666666663,4,nvidia/Llama-3.3-70B-Instruct-NVFP4,hayashi
contribution,7,0.7142857142857143,0.4166666666666667,2,nvidia/Llama-3.3-70B-Instruct-NVFP4,hayashi
defect,5,0.8,0.4444444444444444,1,nvidia/Llama-3.3-70B-Instruct-NVFP4,hayashi
care,9,0.4444444444444444,0.4444444444444444,5,nvidia/Llama-3.3-70B-Instruct-NVFP4,hayashi
caution,8,0.5,0.4666666666666667,4,nvidia/Llama-3.3-70B-Instruct-NVFP4,hayashi
caller,8,0.5,0.4666666666666667,4,nvidia/Llama-3.3-70B-Instruct-NVFP4,hayashi
revive,8,0.5,0.4666666666666667,4,nvidia/Llama-3.3-70B-Instruct-NVFP4,hayashi
brush,8,0.5,0.4666666666666667,4,nvidia/Llama-3.3-70B-Instruct-NVFP4,hayashi
hardened,8,0.5,0.4666666666666667,4,nvidia/Llama-3.3-70B-Instruct-NVFP4,hayashi
abuse,8,0.5,0.4666666666666667,4,nvidia/Llama-3.3-70B-Instruct-NVFP4,hayashi
dramatic,8,0.5,0.4666666666666667,4,nvidia/Llama-3.3-70B-Instruct-NVFP4,hayashi
bass,11,0.5454545454545454,0.47619047619047616,5,nvidia/Llama-3.3-70B-Instruct-NVFP4,hayashi
clearly,6,0.5,0.4857142857142857,3,nvidia/Llama-3.3-70B-Instruct-NVFP4,hayashi
shear,6,0.5,0.4857142857142857,3,nvidia/Llama-3.3-70B-Instruct-NVFP4,hayashi
shortened,6,0.5,0.4857142857142857,3,nvidia/Llama-3.3-70B-Instruct-NVFP4,hayashi
thickened,6,0.5,0.4857142857142857,3,nvidia/Llama-3.3-70B-Instruct-NVFP4,hayashi
outburst,6,0.5,0.4857142857142857,3,nvidia/Llama-3.3-70B-Instruct-NVFP4,hayashi
corresponding,6,0.5,0.4857142857142857,3,nvidia/Llama-3.3-70B-Instruct-NVFP4,hayashi
garbage,6,0.5,0.4857142857142857,3,nvidia/Llama-3.3-70B-Instruct-NVFP4,hayashi
logical,6,0.5,0.4857142857142857,3,nvidia/Llama-3.3-70B-Instruct-NVFP4,hayashi
recapture,6,0.5,0.4857142857142857,3,nvidia/Llama-3.3-70B-Instruct-NVFP4,hayashi
poise,6,0.5,0.4857142857142857,3,nvidia/Llama-3.3-70B-Instruct-NVFP4,hayashi
disintegration,6,0.5,0.4857142857142857,3,nvidia/Llama-3.3-70B-Instruct-NVFP4,hayashi
age,6,0.5,0.4857142857142857,3,nvidia/Llama-3.3-70B-Instruct-NVFP4,hayashi
pursue,6,0.5,0.4857142857142857,3,nvidia/Llama-3.3-70B-Instruct-NVFP4,hayashi
block,19,0.631578947368421,0.4904214559386973,7,nvidia/Llama-3.3-70B-Instruct-NVFP4,hayashi
oppose,10,0.5,0.4949494949494949,5,nvidia/Llama-3.3-70B-Instruct-NVFP4,hayashi
farther,12,0.5833333333333334,0.4957983193277311,5,nvidia/Llama-3.3-70B-Instruct-NVFP4,hayashi
defend,12,0.5833333333333334,0.4957983193277311,5,nvidia/Llama-3.3-70B-Instruct-NVFP4,hayashi
indifferent,15,0.5333333333333333,0.49760765550239233,7,nvidia/Llama-3.3-70B-Instruct-NVFP4,hayashi
special,9,0.5555555555555556,0.5,4,nvidia/Llama-3.3-70B-Instruct-NVFP4,hayashi
rating,8,0.5,0.5,4,nvidia/Llama-3.3-70B-Instruct-NVFP4,hayashi
profess,9,0.5555555555555556,0.5,4,nvidia/Llama-3.3-70B-Instruct-NVFP4,hayashi
judge,9,0.5555555555555556,0.5,4,nvidia/Llama-3.3-70B-Instruct-NVFP4,hayashi
stimulate,9,0.5555555555555556,0.5,4,nvidia/Llama-3.3-70B-Instruct-NVFP4,hayashi
pass_on,9,0.5555555555555556,0.5,4,nvidia/Llama-3.3-70B-Instruct-NVFP4,hayashi
detachment,9,0.5555555555555556,0.5,4,nvidia/Llama-3.3-70B-Instruct-NVFP4,hayashi
sum,9,0.5555555555555556,0.5,4,nvidia/Llama-3.3-70B-Instruct-NVFP4,hayashi
restoration,9,0.5555555555555556,0.5,4,nvidia/Llama-3.3-70B-Instruct-NVFP4,hayashi
refine,9,0.5555555555555556,0.5,4,nvidia/Llama-3.3-70B-Instruct-NVFP4,hayashi
string,9,0.5555555555555556,0.5,4,nvidia/Llama-3.3-70B-Instruct-NVFP4,hayashi
neglect,13,0.6153846153846154,0.5112781954887218,5,nvidia/Llama-3.3-70B-Instruct-NVFP4,hayashi
tough,13,0.5384615384615384,0.5125,6,nvidia/Llama-3.3-70B-Instruct-NVFP4,hayashi
awkward,10,0.6,0.5238095238095238,4,nvidia/Llama-3.3-70B-Instruct-NVFP4,hayashi
rebel,10,0.6,0.5238095238095238,4,nvidia/Llama-3.3-70B-Instruct-NVFP4,hayashi
loosen,10,0.6,0.5238095238095238,4,nvidia/Llama-3.3-70B-Instruct-NVFP4,hayashi
logic,10,0.6,0.5238095238095238,4,nvidia/Llama-3.3-70B-Instruct-NVFP4,hayashi
line_up,10,0.6,0.5238095238095238,4,nvidia/Llama-3.3-70B-Instruct-NVFP4,hayashi
administer,7,0.5714285714285714,0.5333333333333333,3,nvidia/Llama-3.3-70B-Instruct-NVFP4,hayashi
affirmation,7,0.5714285714285714,0.5333333333333333,3,nvidia/Llama-3.3-70B-Instruct-NVFP4,hayashi
hours,7,0.5714285714285714,0.5333333333333333,3,nvidia/Llama-3.3-70B-Instruct-NVFP4,hayashi
hum,7,0.5714285714285714,0.5333333333333333,3,nvidia/Llama-3.3-70B-Instruct-NVFP4,hayashi
prohibition,7,0.5714285714285714,0.5333333333333333,3,nvidia/Llama-3.3-70B-Instruct-NVFP4,hayashi
harbor,7,0.5714285714285714,0.5333333333333333,3,nvidia/Llama-3.3-70B-Instruct-NVFP4,hayashi
skip,7,0.5714285714285714,0.5333333333333333,3,nvidia/Llama-3.3-70B-Instruct-NVFP4,hayashi
shrink,7,0.5714285714285714,0.5333333333333333,3,nvidia/Llama-3.3-70B-Instruct-NVFP4,hayashi
passing,7,0.5714285714285714,0.5333333333333333,3,nvidia/Llama-3.3-70B-Instruct-NVFP4,hayashi
disregard,7,0.5714285714285714,0.5333333333333333,3,nvidia/Llama-3.3-70B-Instruct-NVFP4,hayashi
harness,7,0.5714285714285714,0.5333333333333333,3,nvidia/Llama-3.3-70B-Instruct-NVFP4,hayashi
truth,7,0.5714285714285714,0.5333333333333333,3,nvidia/Llama-3.3-70B-Instruct-NVFP4,hayashi
urgency,7,0.5714285714285714,0.5333333333333333,3,nvidia/Llama-3.3-70B-Instruct-NVFP4,hayashi
validate,7,0.5714285714285714,0.5333333333333333,3,nvidia/Llama-3.3-70B-Instruct-NVFP4,hayashi
poison,7,0.5714285714285714,0.5333333333333333,3,nvidia/Llama-3.3-70B-Instruct-NVFP4,hayashi
profound,7,0.5714285714285714,0.5333333333333333,3,nvidia/Llama-3.3-70B-Instruct-NVFP4,hayashi
failure,14,0.5714285714285714,0.5333333333333333,6,nvidia/Llama-3.3-70B-Instruct-NVFP4,hayashi
frost,7,0.5714285714285714,0.5333333333333333,3,nvidia/Llama-3.3-70B-Instruct-NVFP4,hayashi
mail,7,0.5714285714285714,0.5333333333333333,3,nvidia/Llama-3.3-70B-Instruct-NVFP4,hayashi
notch,7,0.5714285714285714,0.5333333333333333,3,nvidia/Llama-3.3-70B-Instruct-NVFP4,hayashi
invade,7,0.5714285714285714,0.5333333333333333,3,nvidia/Llama-3.3-70B-Instruct-NVFP4,hayashi
converge,7,0.5714285714285714,0.5333333333333333,3,nvidia/Llama-3.3-70B-Instruct-NVFP4,hayashi
snap,13,0.5384615384615384,0.5357142857142857,6,nvidia/Llama-3.3-70B-Instruct-NVFP4,hayashi
guarantee,11,0.6363636363636364,0.5416666666666666,4,nvidia/Llama-3.3-70B-Instruct-NVFP4,hayashi
flow,11,0.6363636363636364,0.5416666666666666,4,nvidia/Llama-3.3-70B-Instruct-NVFP4,hayashi
deaden,11,0.6363636363636364,0.5416666666666666,4,nvidia/Llama-3.3-70B-Instruct-NVFP4,hayashi
beginning,9,0.5555555555555556,0.55,4,nvidia/Llama-3.3-70B-Instruct-NVFP4,hayashi
surrender,9,0.5555555555555556,0.55,4,nvidia/Llama-3.3-70B-Instruct-NVFP4,hayashi
humor,9,0.5555555555555556,0.55,4,nvidia/Llama-3.3-70B-Instruct-NVFP4,hayashi
increase,12,0.6666666666666666,0.5555555555555556,4,nvidia/Llama-3.3-70B-Instruct-NVFP4,hayashi
vivid,8,0.625,0.5636363636363637,3,nvidia/Llama-3.3-70B-Instruct-NVFP4,hayashi
warmth,8,0.625,0.5636363636363637,3,nvidia/Llama-3.3-70B-Instruct-NVFP4,hayashi
wish,8,0.625,0.5636363636363637,3,nvidia/Llama-3.3-70B-Instruct-NVFP4,hayashi
encounter,8,0.625,0.5636363636363637,3,nvidia/Llama-3.3-70B-Instruct-NVFP4,hayashi
unaffected,8,0.625,0.5636363636363637,3,nvidia/Llama-3.3-70B-Instruct-NVFP4,hayashi
annoyance,8,0.625,0.5636363636363637,3,nvidia/Llama-3.3-70B-Instruct-NVFP4,hayashi
trough,8,0.625,0.5636363636363637,3,nvidia/Llama-3.3-70B-Instruct-NVFP4,hayashi
initiate,8,0.625,0.5636363636363637,3,nvidia/Llama-3.3-70B-Instruct-NVFP4,hayashi
dark,8,0.625,0.5636363636363637,3,nvidia/Llama-3.3-70B-Instruct-NVFP4,hayashi
interview,8,0.625,0.5636363636363637,3,nvidia/Llama-3.3-70B-Instruct-NVFP4,hayashi
decomposition,8,0.625,0.5636363636363637,3,nvidia/Llama-3.3-70B-Instruct-NVFP4,hayashi
cram,8,0.625,0.5636363636363637,3,nvidia/Llama-3.3-70B-Instruct-NVFP4,hayashi
peace,8,0.625,0.5636363636363637,3,nvidia/Llama-3.3-70B-Instruct-NVFP4,hayashi
confinement,8,0.625,0.5636363636363637,3,nvidia/Llama-3.3-70B-Instruct-NVFP4,hayashi
ordain,8,0.625,0.5636363636363637,3,nvidia/Llama-3.3-70B-Instruct-NVFP4,hayashi
confront,8,0.625,0.5636363636363637,3,nvidia/Llama-3.3-70B-Instruct-NVFP4,hayashi
discount,8,0.625,0.5636363636363637,3,nvidia/Llama-3.3-70B-Instruct-NVFP4,hayashi
dialogue,8,0.625,0.5636363636363637,3,nvidia/Llama-3.3-70B-Instruct-NVFP4,hayashi
burst,16,0.625,0.5636363636363637,6,nvidia/Llama-3.3-70B-Instruct-NVFP4,hayashi
chafe,8,0.625,0.5636363636363637,3,nvidia/Llama-3.3-70B-Instruct-NVFP4,hayashi
tempt,8,0.625,0.5636363636363637,3,nvidia/Llama-3.3-70B-Instruct-NVFP4,hayashi
visit,7,0.5714285714285714,0.5714285714285714,3,nvidia/Llama-3.3-70B-Instruct-NVFP4,hayashi
market,7,0.5714285714285714,0.5714285714285714,3,nvidia/Llama-3.3-70B-Instruct-NVFP4,hayashi
organize,7,0.5714285714285714,0.5714285714285714,3,nvidia/Llama-3.3-70B-Instruct-NVFP4,hayashi
roar,7,0.5714285714285714,0.5714285714285714,3,nvidia/Llama-3.3-70B-Instruct-NVFP4,hayashi
starve,7,0.5714285714285714,0.5714285714285714,3,nvidia/Llama-3.3-70B-Instruct-NVFP4,hayashi
firm,13,0.6153846153846154,0.5751633986928104,5,nvidia/Llama-3.3-70B-Instruct-NVFP4,hayashi
disturbance,13,0.6153846153846154,0.5751633986928104,5,nvidia/Llama-3.3-70B-Instruct-NVFP4,hayashi
intelligent,5,0.6,0.5833333333333333,2,nvidia/Llama-3.3-70B-Instruct-NVFP4,hayashi
leadership,5,0.6,0.5833333333333333,2,nvidia/Llama-3.3-70B-Instruct-NVFP4,hayashi
imagination,5,0.6,0.5833333333333333,2,nvidia/Llama-3.3-70B-Instruct-NVFP4,hayashi
decompose,5,0.6,0.5833333333333333,2,nvidia/Llama-3.3-70B-Instruct-NVFP4,hayashi
proximity,5,0.6,0.5833333333333333,2,nvidia/Llama-3.3-70B-Instruct-NVFP4,hayashi
coarse,5,0.6,0.5833333333333333,2,nvidia/Llama-3.3-70B-Instruct-NVFP4,hayashi
cleavage,5,0.6,0.5833333333333333,2,nvidia/Llama-3.3-70B-Instruct-NVFP4,hayashi
pupil,5,0.6,0.5833333333333333,2,nvidia/Llama-3.3-70B-Instruct-NVFP4,hayashi
purify,5,0.6,0.5833333333333333,2,nvidia/Llama-3.3-70B-Instruct-NVFP4,hayashi
cylinder,5,0.6,0.5833333333333333,2,nvidia/Llama-3.3-70B-Instruct-NVFP4,hayashi
intellect,5,0.6,0.5833333333333333,2,nvidia/Llama-3.3-70B-Instruct-NVFP4,hayashi
crisp,5,0.6,0.5833333333333333,2,nvidia/Llama-3.3-70B-Instruct-NVFP4,hayashi
historical,5,0.6,0.5833333333333333,2,nvidia/Llama-3.3-70B-Instruct-NVFP4,hayashi
pathological,5,0.6,0.5833333333333333,2,nvidia/Llama-3.3-70B-Instruct-NVFP4,hayashi
mouthpiece,5,0.6,0.5833333333333333,2,nvidia/Llama-3.3-70B-Instruct-NVFP4,hayashi
commission,5,0.6,0.5833333333333333,2,nvidia/Llama-3.3-70B-Instruct-NVFP4,hayashi
proportion,10,0.6,0.5833333333333333,4,nvidia/Llama-3.3-70B-Instruct-NVFP4,hayashi
jam,10,0.6,0.5833333333333333,4,nvidia/Llama-3.3-70B-Instruct-NVFP4,hayashi
cortex,5,0.6,0.5833333333333333,2,nvidia/Llama-3.3-70B-Instruct-NVFP4,hayashi
liberate,5,0.6,0.5833333333333333,2,nvidia/Llama-3.3-70B-Instruct-NVFP4,hayashi
hasten,5,0.6,0.5833333333333333,2,nvidia/Llama-3.3-70B-Instruct-NVFP4,hayashi
dismissal,5,0.6,0.5833333333333333,2,nvidia/Llama-3.3-70B-Instruct-NVFP4,hayashi
replace,5,0.6,0.5833333333333333,2,nvidia/Llama-3.3-70B-Instruct-NVFP4,hayashi
stain,5,0.6,0.5833333333333333,2,nvidia/Llama-3.3-70B-Instruct-NVFP4,hayashi
speculate,5,0.6,0.5833333333333333,2,nvidia/Llama-3.3-70B-Instruct-NVFP4,hayashi
spice,5,0.6,0.5833333333333333,2,nvidia/Llama-3.3-70B-Instruct-NVFP4,hayashi
bulk,5,0.6,0.5833333333333333,2,nvidia/Llama-3.3-70B-Instruct-NVFP4,hayashi
solicit,5,0.6,0.5833333333333333,2,nvidia/Llama-3.3-70B-Instruct-NVFP4,hayashi
championship,5,0.6,0.5833333333333333,2,nvidia/Llama-3.3-70B-Instruct-NVFP4,hayashi
celebrate,5,0.6,0.5833333333333333,2,nvidia/Llama-3.3-70B-Instruct-NVFP4,hayashi
alpine,5,0.6,0.5833333333333333,2,nvidia/Llama-3.3-70B-Instruct-NVFP4,hayashi
horror,5,0.6,0.5833333333333333,2,nvidia/Llama-3.3-70B-Instruct-NVFP4,hayashi
aesthetic,5,0.6,0.5833333333333333,2,nvidia/Llama-3.3-70B-Instruct-NVFP4,hayashi
alternate,5,0.6,0.5833333333333333,2,nvidia/Llama-3.3-70B-Instruct-NVFP4,hayashi
endless,5,0.6,0.5833333333333333,2,nvidia/Llama-3.3-70B-Instruct-NVFP4,hayashi
engrave,5,0.6,0.5833333333333333,2,nvidia/Llama-3.3-70B-Instruct-NVFP4,hayashi
thorax,5,0.6,0.5833333333333333,2,nvidia/Llama-3.3-70B-Instruct-NVFP4,hayashi
sympathy,5,0.6,0.5833333333333333,2,nvidia/Llama-3.3-70B-Instruct-NVFP4,hayashi
gesture,5,0.6,0.5833333333333333,2,nvidia/Llama-3.3-70B-Instruct-NVFP4,hayashi
sturdy,5,0.6,0.5833333333333333,2,nvidia/Llama-3.3-70B-Instruct-NVFP4,hayashi
federation,5,0.6,0.5833333333333333,2,nvidia/Llama-3.3-70B-Instruct-NVFP4,hayashi
firmly,5,0.6,0.5833333333333333,2,nvidia/Llama-3.3-70B-Instruct-NVFP4,hayashi
govern,5,0.6,0.5833333333333333,2,nvidia/Llama-3.3-70B-Instruct-NVFP4,hayashi
stir,10,0.6,0.5833333333333333,4,nvidia/Llama-3.3-70B-Instruct-NVFP4,hayashi
threat,5,0.6,0.5833333333333333,2,nvidia/Llama-3.3-70B-Instruct-NVFP4,hayashi
fortune,5,0.6,0.5833333333333333,2,nvidia/Llama-3.3-70B-Instruct-NVFP4,hayashi
Edward,5,0.6,0.5833333333333333,2,nvidia/Llama-3.3-70B-Instruct-NVFP4,hayashi
chorus,5,0.6,0.5833333333333333,2,nvidia/Llama-3.3-70B-Instruct-NVFP4,hayashi
shroud,5,0.6,0.5833333333333333,2,nvidia/Llama-3.3-70B-Instruct-NVFP4,hayashi
inventory,9,0.6666666666666666,0.5846153846153846,3,nvidia/Llama-3.3-70B-Instruct-NVFP4,hayashi
compromise,9,0.6666666666666666,0.5846153846153846,3,nvidia/Llama-3.3-70B-Instruct-NVFP4,hayashi
reward,9,0.6666666666666666,0.5846153846153846,3,nvidia/Llama-3.3-70B-Instruct-NVFP4,hayashi
blame,9,0.6666666666666666,0.5846153846153846,3,nvidia/Llama-3.3-70B-Instruct-NVFP4,hayashi
yield,19,0.631578947368421,0.5907692307692307,7,nvidia/Llama-3.3-70B-Instruct-NVFP4,hayashi
repeat,10,0.6,0.6,4,nvidia/Llama-3.3-70B-Instruct-NVFP4,hayashi
peak,10,0.6,0.6,4,nvidia/Llama-3.3-70B-Instruct-NVFP4,hayashi
youth,10,0.6,0.6,4,nvidia/Llama-3.3-70B-Instruct-NVFP4,hayashi
execute,11,0.6363636363636364,0.6071428571428572,4,nvidia/Llama-3.3-70B-Instruct-NVFP4,hayashi
bury,11,0.6363636363636364,0.6071428571428572,4,nvidia/Llama-3.3-70B-Instruct-NVFP4,hayashi
singular,11,0.6363636363636364,0.6071428571428572,4,nvidia/Llama-3.3-70B-Instruct-NVFP4,hayashi
transition,8,0.625,0.6190476190476191,3,nvidia/Llama-3.3-70B-Instruct-NVFP4,hayashi
depart,8,0.625,0.6190476190476191,3,nvidia/Llama-3.3-70B-Instruct-NVFP4,hayashi
prime,8,0.625,0.6190476190476191,3,nvidia/Llama-3.3-70B-Instruct-NVFP4,hayashi
prevail,8,0.625,0.6190476190476191,3,nvidia/Llama-3.3-70B-Instruct-NVFP4,hayashi
middle,8,0.625,0.6190476190476191,3,nvidia/Llama-3.3-70B-Instruct-NVFP4,hayashi
performance,8,0.625,0.6190476190476191,3,nvidia/Llama-3.3-70B-Instruct-NVFP4,hayashi
irregular,8,0.625,0.6190476190476191,3,nvidia/Llama-3.3-70B-Instruct-NVFP4,hayashi
isolated,8,0.625,0.6190476190476191,3,nvidia/Llama-3.3-70B-Instruct-NVFP4,hayashi
regard,8,0.625,0.6190476190476191,3,nvidia/Llama-3.3-70B-Instruct-NVFP4,hayashi
fill_out,8,0.625,0.6190476190476191,3,nvidia/Llama-3.3-70B-Instruct-NVFP4,hayashi
stand_for,8,0.625,0.6190476190476191,3,nvidia/Llama-3.3-70B-Instruct-NVFP4,hayashi
vacuum,6,0.6666666666666666,0.625,2,nvidia/Llama-3.3-70B-Instruct-NVFP4,hayashi
utter,6,0.6666666666666666,0.625,2,nvidia/Llama-3.3-70B-Instruct-NVFP4,hayashi
ascend,12,0.6666666666666666,0.625,4,nvidia/Llama-3.3-70B-Instruct-NVFP4,hayashi
vigor,6,0.6666666666666666,0.625,2,nvidia/Llama-3.3-70B-Instruct-NVFP4,hayashi
frustration,6,0.6666666666666666,0.625,2,nvidia/Llama-3.3-70B-Instruct-NVFP4,hayashi
share,6,0.6666666666666666,0.625,2,nvidia/Llama-3.3-70B-Instruct-NVFP4,hayashi
lodge,6,0.6666666666666666,0.625,2,nvidia/Llama-3.3-70B-Instruct-NVFP4,hayashi
pop,18,0.6666666666666666,0.625,6,nvidia/Llama-3.3-70B-Instruct-NVFP4,hayashi
shunt,6,0.6666666666666666,0.625,2,nvidia/Llama-3.3-70B-Instruct-NVFP4,hayashi
learned,6,0.6666666666666666,0.625,2,nvidia/Llama-3.3-70B-Instruct-NVFP4,hayashi
invert,6,0.6666666666666666,0.625,2,nvidia/Llama-3.3-70B-Instruct-NVFP4,hayashi
immediacy,6,0.6666666666666666,0.625,2,nvidia/Llama-3.3-70B-Instruct-NVFP4,hayashi
inflate,6,0.6666666666666666,0.625,2,nvidia/Llama-3.3-70B-Instruct-NVFP4,hayashi
sacred,6,0.6666666666666666,0.625,2,nvidia/Llama-3.3-70B-Instruct-NVFP4,hayashi
carrot,6,0.6666666666666666,0.625,2,nvidia/Llama-3.3-70B-Instruct-NVFP4,hayashi
cabin,6,0.6666666666666666,0.625,2,nvidia/Llama-3.3-70B-Instruct-NVFP4,hayashi
invoke,6,0.6666666666666666,0.625,2,nvidia/Llama-3.3-70B-Instruct-NVFP4,hayashi
irony,6,0.6666666666666666,0.625,2,nvidia/Llama-3.3-70B-Instruct-NVFP4,hayashi
cut_short,6,0.6666666666666666,0.625,2,nvidia/Llama-3.3-70B-Instruct-NVFP4,hayashi
immediate,6,0.6666666666666666,0.625,2,nvidia/Llama-3.3-70B-Instruct-NVFP4,hayashi
immune,6,0.6666666666666666,0.625,2,nvidia/Llama-3.3-70B-Instruct-NVFP4,hayashi
comment,6,0.6666666666666666,0.625,2,nvidia/Llama-3.3-70B-Instruct-NVFP4,hayashi
heighten,12,0.6666666666666666,0.625,4,nvidia/Llama-3.3-70B-Instruct-NVFP4,hayashi
submerge,6,0.6666666666666666,0.625,2,nvidia/Llama-3.3-70B-Instruct-NVFP4,hayashi
concede,6,0.6666666666666666,0.625,2,nvidia/Llama-3.3-70B-Instruct-NVFP4,hayashi
referent,6,0.6666666666666666,0.625,2,nvidia/Llama-3.3-70B-Instruct-NVFP4,hayashi
replacement,12,0.6666666666666666,0.625,4,nvidia/Llama-3.3-70B-Instruct-NVFP4,hayashi
perform,6,0.6666666666666666,0.625,2,nvidia/Llama-3.3-70B-Instruct-NVFP4,hayashi
strictly,6,0.6666666666666666,0.625,2,nvidia/Llama-3.3-70B-Instruct-NVFP4,hayashi
straightforward,6,0.6666666666666666,0.625,2,nvidia/Llama-3.3-70B-Instruct-NVFP4,hayashi
bless,6,0.6666666666666666,0.625,2,nvidia/Llama-3.3-70B-Instruct-NVFP4,hayashi
spiral,6,0.6666666666666666,0.625,2,nvidia/Llama-3.3-70B-Instruct-NVFP4,hayashi
fixed,6,0.6666666666666666,0.625,2,nvidia/Llama-3.3-70B-Instruct-NVFP4,hayashi
finally,6,0.6666666666666666,0.625,2,nvidia/Llama-3.3-70B-Instruct-NVFP4,hayashi
grievance,6,0.6666666666666666,0.625,2,nvidia/Llama-3.3-70B-Instruct-NVFP4,hayashi
reservoir,6,0.6666666666666666,0.625,2,nvidia/Llama-3.3-70B-Instruct-NVFP4,hayashi
fantastic,6,0.6666666666666666,0.625,2,nvidia/Llama-3.3-70B-Instruct-NVFP4,hayashi
feast,6,0.6666666666666666,0.625,2,nvidia/Llama-3.3-70B-Instruct-NVFP4,hayashi
discretion,6,0.6666666666666666,0.625,2,nvidia/Llama-3.3-70B-Instruct-NVFP4,hayashi
suffocate,12,0.6666666666666666,0.625,4,nvidia/Llama-3.3-70B-Instruct-NVFP4,hayashi
concealment,6,0.6666666666666666,0.625,2,nvidia/Llama-3.3-70B-Instruct-NVFP4,hayashi
reconcile,6,0.6666666666666666,0.625,2,nvidia/Llama-3.3-70B-Instruct-NVFP4,hayashi
diffuse,6,0.6666666666666666,0.625,2,nvidia/Llama-3.3-70B-Instruct-NVFP4,hayashi
get_along,6,0.6666666666666666,0.625,2,nvidia/Llama-3.3-70B-Instruct-NVFP4,hayashi
vocabulary,6,0.6666666666666666,0.625,2,nvidia/Llama-3.3-70B-Instruct-NVFP4,hayashi
wheel,6,0.6666666666666666,0.625,2,nvidia/Llama-3.3-70B-Instruct-NVFP4,hayashi
circle,6,0.6666666666666666,0.625,2,nvidia/Llama-3.3-70B-Instruct-NVFP4,hayashi
reality,6,0.6666666666666666,0.625,2,nvidia/Llama-3.3-70B-Instruct-NVFP4,hayashi
luxury,6,0.6666666666666666,0.625,2,nvidia/Llama-3.3-70B-Instruct-NVFP4,hayashi
analogy,6,0.6666666666666666,0.625,2,nvidia/Llama-3.3-70B-Instruct-NVFP4,hayashi
median,6,0.6666666666666666,0.625,2,nvidia/Llama-3.3-70B-Instruct-NVFP4,hayashi
luck,6,0.6666666666666666,0.625,2,nvidia/Llama-3.3-70B-Instruct-NVFP4,hayashi
expulsion,6,0.6666666666666666,0.625,2,nvidia/Llama-3.3-70B-Instruct-NVFP4,hayashi
wiry,6,0.6666666666666666,0.625,2,nvidia/Llama-3.3-70B-Instruct-NVFP4,hayashi
assimilate,6,0.6666666666666666,0.625,2,nvidia/Llama-3.3-70B-Instruct-NVFP4,hayashi
attest,6,0.6666666666666666,0.625,2,nvidia/Llama-3.3-70B-Instruct-NVFP4,hayashi
introduce,14,0.6428571428571429,0.625668449197861,5,nvidia/Llama-3.3-70B-Instruct-NVFP4,hayashi
belong,11,0.6363636363636364,0.6333333333333333,4,nvidia/Llama-3.3-70B-Instruct-NVFP4,hayashi
free,17,0.6470588235294118,0.6357142857142857,6,nvidia/Llama-3.3-70B-Instruct-NVFP4,hayashi
direct,21,0.6666666666666666,0.6370370370370371,7,nvidia/Llama-3.3-70B-Instruct-NVFP4,hayashi
flash,13,0.6923076923076923,0.6388888888888888,4,nvidia/Llama-3.3-70B-Instruct-NVFP4,hayashi
dash,15,0.6666666666666666,0.6411483253588517,5,nvidia/Llama-3.3-70B-Instruct-NVFP4,hayashi
glow,20,0.7,0.6428571428571428,6,nvidia/Llama-3.3-70B-Instruct-NVFP4,hayashi
confused,9,0.6666666666666666,0.6493506493506493,3,nvidia/Llama-3.3-70B-Instruct-NVFP4,hayashi
suggest,9,0.6666666666666666,0.6493506493506493,3,nvidia/Llama-3.3-70B-Instruct-NVFP4,hayashi
disperse,9,0.6666666666666666,0.6493506493506493,3,nvidia/Llama-3.3-70B-Instruct-NVFP4,hayashi
clap,9,0.6666666666666666,0.6493506493506493,3,nvidia/Llama-3.3-70B-Instruct-NVFP4,hayashi
growth,9,0.6666666666666666,0.6493506493506493,3,nvidia/Llama-3.3-70B-Instruct-NVFP4,hayashi
interior,9,0.6666666666666666,0.6493506493506493,3,nvidia/Llama-3.3-70B-Instruct-NVFP4,hayashi
mold,9,0.6666666666666666,0.6493506493506493,3,nvidia/Llama-3.3-70B-Instruct-NVFP4,hayashi
camp,9,0.6666666666666666,0.6493506493506493,3,nvidia/Llama-3.3-70B-Instruct-NVFP4,hayashi
dampen,9,0.6666666666666666,0.6493506493506493,3,nvidia/Llama-3.3-70B-Instruct-NVFP4,hayashi
indirect,9,0.6666666666666666,0.6493506493506493,3,nvidia/Llama-3.3-70B-Instruct-NVFP4,hayashi
security,9,0.6666666666666666,0.6493506493506493,3,nvidia/Llama-3.3-70B-Instruct-NVFP4,hayashi
award,9,0.6666666666666666,0.6493506493506493,3,nvidia/Llama-3.3-70B-Instruct-NVFP4,hayashi
crude,9,0.6666666666666666,0.6493506493506493,3,nvidia/Llama-3.3-70B-Instruct-NVFP4,hayashi
wicked,9,0.6666666666666666,0.6493506493506493,3,nvidia/Llama-3.3-70B-Instruct-NVFP4,hayashi
closure,9,0.6666666666666666,0.6493506493506493,3,nvidia/Llama-3.3-70B-Instruct-NVFP4,hayashi
quietly,7,0.7142857142857143,0.65,2,nvidia/Llama-3.3-70B-Instruct-NVFP4,hayashi
dust,7,0.7142857142857143,0.65,2,nvidia/Llama-3.3-70B-Instruct-NVFP4,hayashi
gear,7,0.7142857142857143,0.65,2,nvidia/Llama-3.3-70B-Instruct-NVFP4,hayashi
session,7,0.7142857142857143,0.65,2,nvidia/Llama-3.3-70B-Instruct-NVFP4,hayashi
lighting,7,0.7142857142857143,0.65,2,nvidia/Llama-3.3-70B-Instruct-NVFP4,hayashi
derive,7,0.7142857142857143,0.65,2,nvidia/Llama-3.3-70B-Instruct-NVFP4,hayashi
royal,7,0.7142857142857143,0.65,2,nvidia/Llama-3.3-70B-Instruct-NVFP4,hayashi
carry_over,7,0.7142857142857143,0.65,2,nvidia/Llama-3.3-70B-Instruct-NVFP4,hayashi
parameter,7,0.7142857142857143,0.65,2,nvidia/Llama-3.3-70B-Instruct-NVFP4,hayashi
toss,7,0.7142857142857143,0.65,2,nvidia/Llama-3.3-70B-Instruct-NVFP4,hayashi
alarm,7,0.7142857142857143,0.65,2,nvidia/Llama-3.3-70B-Instruct-NVFP4,hayashi
endorsement,7,0.7142857142857143,0.65,2,nvidia/Llama-3.3-70B-Instruct-NVFP4,hayashi
mission,7,0.7142857142857143,0.65,2,nvidia/Llama-3.3-70B-Instruct-NVFP4,hayashi
output,7,0.7142857142857143,0.65,2,nvidia/Llama-3.3-70B-Instruct-NVFP4,hayashi
indulge,7,0.7142857142857143,0.65,2,nvidia/Llama-3.3-70B-Instruct-NVFP4,hayashi
cult,7,0.7142857142857143,0.65,2,nvidia/Llama-3.3-70B-Instruct-NVFP4,hayashi
clip,7,0.7142857142857143,0.65,2,nvidia/Llama-3.3-70B-Instruct-NVFP4,hayashi
vector,7,0.7142857142857143,0.65,2,nvidia/Llama-3.3-70B-Instruct-NVFP4,hayashi
flare,12,0.6666666666666666,0.6571428571428571,4,nvidia/Llama-3.3-70B-Instruct-NVFP4,hayashi
bore,19,0.6842105263157895,0.6607142857142857,6,nvidia/Llama-3.3-70B-Instruct-NVFP4,hayashi
raw,17,0.7058823529411765,0.6640316205533596,5,nvidia/Llama-3.3-70B-Instruct-NVFP4,hayashi
homely,6,0.6666666666666666,0.6666666666666666,2,nvidia/Llama-3.3-70B-Instruct-NVFP4,hayashi
paternal,6,0.6666666666666666,0.6666666666666666,2,nvidia/Llama-3.3-70B-Instruct-NVFP4,hayashi
spindle,6,0.6666666666666666,0.6666666666666666,2,nvidia/Llama-3.3-70B-Instruct-NVFP4,hayashi
conscious,6,0.6666666666666666,0.6666666666666666,2,nvidia/Llama-3.3-70B-Instruct-NVFP4,hayashi
lapse,12,0.6666666666666666,0.6666666666666666,4,nvidia/Llama-3.3-70B-Instruct-NVFP4,hayashi
challenge,6,0.6666666666666666,0.6666666666666666,2,nvidia/Llama-3.3-70B-Instruct-NVFP4,hayashi
sharply,6,0.6666666666666666,0.6666666666666666,2,nvidia/Llama-3.3-70B-Instruct-NVFP4,hayashi
pillar,6,0.6666666666666666,0.6666666666666666,2,nvidia/Llama-3.3-70B-Instruct-NVFP4,hayashi
cone,6,0.6666666666666666,0.6666666666666666,2,nvidia/Llama-3.3-70B-Instruct-NVFP4,hayashi
land,12,0.6666666666666666,0.6666666666666666,4,nvidia/Llama-3.3-70B-Instruct-NVFP4,hayashi
advanced,6,0.6666666666666666,0.6666666666666666,2,nvidia/Llama-3.3-70B-Instruct-NVFP4,hayashi
hold_back,9,0.6666666666666666,0.6666666666666666,3,nvidia/Llama-3.3-70B-Instruct-NVFP4,hayashi
enclose,6,0.6666666666666666,0.6666666666666666,2,nvidia/Llama-3.3-70B-Instruct-NVFP4,hayashi
summon,6,0.6666666666666666,0.6666666666666666,2,nvidia/Llama-3.3-70B-Instruct-NVFP4,hayashi
surmount,6,0.6666666666666666,0.6666666666666666,2,nvidia/Llama-3.3-70B-Instruct-NVFP4,hayashi
ward,9,0.6666666666666666,0.6666666666666666,3,nvidia/Llama-3.3-70B-Instruct-NVFP4,hayashi
balance,6,0.6666666666666666,0.6666666666666666,2,nvidia/Llama-3.3-70B-Instruct-NVFP4,hayashi
civilization,6,0.6666666666666666,0.6666666666666666,2,nvidia/Llama-3.3-70B-Instruct-NVFP4,hayashi
maternal,6,0.6666666666666666,0.6666666666666666,2,nvidia/Llama-3.3-70B-Instruct-NVFP4,hayashi
aroused,12,0.6666666666666666,0.6666666666666666,4,nvidia/Llama-3.3-70B-Instruct-NVFP4,hayashi
trace,12,0.6666666666666666,0.6666666666666666,4,nvidia/Llama-3.3-70B-Instruct-NVFP4,hayashi
go_away,6,0.6666666666666666,0.6666666666666666,2,nvidia/Llama-3.3-70B-Instruct-NVFP4,hayashi
orientation,8,0.75,0.6666666666666667,2,nvidia/Llama-3.3-70B-Instruct-NVFP4,hayashi
thread,8,0.75,0.6666666666666667,2,nvidia/Llama-3.3-70B-Instruct-NVFP4,hayashi
hurt,10,0.7,0.6703296703296704,3,nvidia/Llama-3.3-70B-Instruct-NVFP4,hayashi
purge,10,0.7,0.6703296703296704,3,nvidia/Llama-3.3-70B-Instruct-NVFP4,hayashi
liberal,10,0.7,0.6703296703296704,3,nvidia/Llama-3.3-70B-Instruct-NVFP4,hayashi
display,10,0.7,0.6703296703296704,3,nvidia/Llama-3.3-70B-Instruct-NVFP4,hayashi
still,10,0.7,0.6703296703296704,3,nvidia/Llama-3.3-70B-Instruct-NVFP4,hayashi
casual,13,0.6923076923076923,0.675,4,nvidia/Llama-3.3-70B-Instruct-NVFP4,hayashi
spread_out,13,0.6923076923076923,0.675,4,nvidia/Llama-3.3-70B-Instruct-NVFP4,hayashi
inactive,16,0.6875,0.6761133603238867,5,nvidia/Llama-3.3-70B-Instruct-NVFP4,hayashi
regenerate,16,0.6875,0.6761133603238867,5,nvidia/Llama-3.3-70B-Instruct-NVFP4,hayashi
take_away,11,0.7272727272727273,0.6857142857142857,3,nvidia/Llama-3.3-70B-Instruct-NVFP4,hayashi
notice,11,0.7272727272727273,0.6857142857142857,3,nvidia/Llama-3.3-70B-Instruct-NVFP4,hayashi
rush,11,0.7272727272727273,0.6857142857142857,3,nvidia/Llama-3.3-70B-Instruct-NVFP4,hayashi
gentle,11,0.7272727272727273,0.6857142857142857,3,nvidia/Llama-3.3-70B-Instruct-NVFP4,hayashi
plain,11,0.7272727272727273,0.6857142857142857,3,nvidia/Llama-3.3-70B-Instruct-NVFP4,hayashi
set_off,11,0.7272727272727273,0.6857142857142857,3,nvidia/Llama-3.3-70B-Instruct-NVFP4,hayashi
rest,14,0.7142857142857143,0.6888888888888889,4,nvidia/Llama-3.3-70B-Instruct-NVFP4,hayashi
consider,13,0.6923076923076923,0.6904761904761905,4,nvidia/Llama-3.3-70B-Instruct-NVFP4,hayashi
lock,13,0.6923076923076923,0.6904761904761905,4,nvidia/Llama-3.3-70B-Instruct-NVFP4,hayashi
flip,13,0.6923076923076923,0.6904761904761905,4,nvidia/Llama-3.3-70B-Instruct-NVFP4,hayashi
occupy,13,0.6923076923076923,0.6904761904761905,4,nvidia/Llama-3.3-70B-Instruct-NVFP4,hayashi
resist,10,0.7,0.696969696969697,3,nvidia/Llama-3.3-70B-Instruct-NVFP4,hayashi
product,10,0.7,0.696969696969697,3,nvidia/Llama-3.3-70B-Instruct-NVFP4,hayashi
richness,10,0.7,0.696969696969697,3,nvidia/Llama-3.3-70B-Instruct-NVFP4,hayashi
pace,10,0.7,0.696969696969697,3,nvidia/Llama-3.3-70B-Instruct-NVFP4,hayashi
resolve,10,0.7,0.696969696969697,3,nvidia/Llama-3.3-70B-Instruct-NVFP4,hayashi
material,10,0.7,0.696969696969697,3,nvidia/Llama-3.3-70B-Instruct-NVFP4,hayashi
introduction,12,0.75,0.6974789915966386,3,nvidia/Llama-3.3-70B-Instruct-NVFP4,hayashi
seize,12,0.75,0.6974789915966386,3,nvidia/Llama-3.3-70B-Instruct-NVFP4,hayashi
error,12,0.75,0.6974789915966386,3,nvidia/Llama-3.3-70B-Instruct-NVFP4,hayashi
withdraw,17,0.7058823529411765,0.7017543859649122,5,nvidia/Llama-3.3-70B-Instruct-NVFP4,hayashi
burn,17,0.7058823529411765,0.7058823529411765,5,nvidia/Llama-3.3-70B-Instruct-NVFP4,hayashi
tolerant,7,0.7142857142857143,0.7083333333333333,2,nvidia/Llama-3.3-70B-Instruct-NVFP4,hayashi
stumble,7,0.7142857142857143,0.7083333333333333,2,nvidia/Llama-3.3-70B-Instruct-NVFP4,hayashi
morphology,7,0.7142857142857143,0.7083333333333333,2,nvidia/Llama-3.3-70B-Instruct-NVFP4,hayashi
hold_out,7,0.7142857142857143,0.7083333333333333,2,nvidia/Llama-3.3-70B-Instruct-NVFP4,hayashi
guess,7,0.7142857142857143,0.7083333333333333,2,nvidia/Llama-3.3-70B-Instruct-NVFP4,hayashi
reserve,7,0.7142857142857143,0.7083333333333333,2,nvidia/Llama-3.3-70B-Instruct-NVFP4,hayashi
reel,7,0.7142857142857143,0.7083333333333333,2,nvidia/Llama-3.3-70B-Instruct-NVFP4,hayashi
assurance,7,0.7142857142857143,0.7083333333333333,2,nvidia/Llama-3.3-70B-Instruct-NVFP4,hayashi
antagonistic,7,0.7142857142857143,0.7083333333333333,2,nvidia/Llama-3.3-70B-Instruct-NVFP4,hayashi
aside,7,0.7142857142857143,0.7083333333333333,2,nvidia/Llama-3.3-70B-Instruct-NVFP4,hayashi
antecedent,7,0.7142857142857143,0.7083333333333333,2,nvidia/Llama-3.3-70B-Instruct-NVFP4,hayashi
cut_out,7,0.7142857142857143,0.7083333333333333,2,nvidia/Llama-3.3-70B-Instruct-NVFP4,hayashi
involvement,7,0.7142857142857143,0.7083333333333333,2,nvidia/Llama-3.3-70B-Instruct-NVFP4,hayashi
difficulty,7,0.7142857142857143,0.7083333333333333,2,nvidia/Llama-3.3-70B-Instruct-NVFP4,hayashi
certify,7,0.7142857142857143,0.7083333333333333,2,nvidia/Llama-3.3-70B-Instruct-NVFP4,hayashi
break_off,7,0.7142857142857143,0.7083333333333333,2,nvidia/Llama-3.3-70B-Instruct-NVFP4,hayashi
repress,7,0.7142857142857143,0.7083333333333333,2,nvidia/Llama-3.3-70B-Instruct-NVFP4,hayashi
patronize,7,0.7142857142857143,0.7083333333333333,2,nvidia/Llama-3.3-70B-Instruct-NVFP4,hayashi
relationship,7,0.7142857142857143,0.7083333333333333,2,nvidia/Llama-3.3-70B-Instruct-NVFP4,hayashi
cheat,7,0.7142857142857143,0.7083333333333333,2,nvidia/Llama-3.3-70B-Instruct-NVFP4,hayashi
open_up,7,0.7142857142857143,0.7083333333333333,2,nvidia/Llama-3.3-70B-Instruct-NVFP4,hayashi
fullness,7,0.7142857142857143,0.7083333333333333,2,nvidia/Llama-3.3-70B-Instruct-NVFP4,hayashi
question,7,0.7142857142857143,0.7083333333333333,2,nvidia/Llama-3.3-70B-Instruct-NVFP4,hayashi
agitate,7,0.7142857142857143,0.7083333333333333,2,nvidia/Llama-3.3-70B-Instruct-NVFP4,hayashi
adhere,7,0.7142857142857143,0.7083333333333333,2,nvidia/Llama-3.3-70B-Instruct-NVFP4,hayashi
loose,23,0.7391304347826086,0.7125,6,nvidia/Llama-3.3-70B-Instruct-NVFP4,hayashi
reversal,14,0.7142857142857143,0.7142857142857143,4,nvidia/Llama-3.3-70B-Instruct-NVFP4,hayashi
break_down,14,0.7142857142857143,0.7142857142857143,4,nvidia/Llama-3.3-70B-Instruct-NVFP4,hayashi
solid,20,0.75,0.7150997150997151,5,nvidia/Llama-3.3-70B-Instruct-NVFP4,hayashi
accommodate,11,0.7272727272727273,0.717948717948718,3,nvidia/Llama-3.3-70B-Instruct-NVFP4,hayashi
hop,11,0.7272727272727273,0.717948717948718,3,nvidia/Llama-3.3-70B-Instruct-NVFP4,hayashi
bare,11,0.7272727272727273,0.717948717948718,3,nvidia/Llama-3.3-70B-Instruct-NVFP4,hayashi
captain,11,0.7272727272727273,0.717948717948718,3,nvidia/Llama-3.3-70B-Instruct-NVFP4,hayashi
piece,18,0.7222222222222222,0.7213622291021672,5,nvidia/Llama-3.3-70B-Instruct-NVFP4,hayashi
control,15,0.7333333333333333,0.7222222222222222,4,nvidia/Llama-3.3-70B-Instruct-NVFP4,hayashi
curse,15,0.7333333333333333,0.7222222222222222,4,nvidia/Llama-3.3-70B-Instruct-NVFP4,hayashi
advance,15,0.7333333333333333,0.7222222222222222,4,nvidia/Llama-3.3-70B-Instruct-NVFP4,hayashi
loss,15,0.7333333333333333,0.7222222222222222,4,nvidia/Llama-3.3-70B-Instruct-NVFP4,hayashi
splash,11,0.7272727272727273,0.7272727272727273,3,nvidia/Llama-3.3-70B-Instruct-NVFP4,hayashi
label,15,0.7333333333333333,0.7321428571428572,4,nvidia/Llama-3.3-70B-Instruct-NVFP4,hayashi
accessible,8,0.75,0.7333333333333334,2,nvidia/Llama-3.3-70B-Instruct-NVFP4,hayashi
fortify,8,0.75,0.7333333333333334,2,nvidia/Llama-3.3-70B-Instruct-NVFP4,hayashi
level,8,0.75,0.7333333333333334,2,nvidia/Llama-3.3-70B-Instruct-NVFP4,hayashi
define,8,0.75,0.7333333333333334,2,nvidia/Llama-3.3-70B-Instruct-NVFP4,hayashi
sweep,16,0.75,0.7333333333333334,4,nvidia/Llama-3.3-70B-Instruct-NVFP4,hayashi
switch,12,0.75,0.7333333333333334,3,nvidia/Llama-3.3-70B-Instruct-NVFP4,hayashi
original,8,0.75,0.7333333333333334,2,nvidia/Llama-3.3-70B-Instruct-NVFP4,hayashi
warm_up,8,0.75,0.7333333333333334,2,nvidia/Llama-3.3-70B-Instruct-NVFP4,hayashi
intrusion,8,0.75,0.7333333333333334,2,nvidia/Llama-3.3-70B-Instruct-NVFP4,hayashi
creation,8,0.75,0.7333333333333334,2,nvidia/Llama-3.3-70B-Instruct-NVFP4,hayashi
smother,8,0.75,0.7333333333333334,2,nvidia/Llama-3.3-70B-Instruct-NVFP4,hayashi
capitalize,8,0.75,0.7333333333333334,2,nvidia/Llama-3.3-70B-Instruct-NVFP4,hayashi
residence,8,0.75,0.7333333333333334,2,nvidia/Llama-3.3-70B-Instruct-NVFP4,hayashi
spy,8,0.75,0.7333333333333334,2,nvidia/Llama-3.3-70B-Instruct-NVFP4,hayashi
book,8,0.75,0.7333333333333334,2,nvidia/Llama-3.3-70B-Instruct-NVFP4,hayashi
hover,8,0.75,0.7333333333333334,2,nvidia/Llama-3.3-70B-Instruct-NVFP4,hayashi
progress,12,0.75,0.7333333333333334,3,nvidia/Llama-3.3-70B-Instruct-NVFP4,hayashi
generalization,8,0.75,0.7333333333333334,2,nvidia/Llama-3.3-70B-Instruct-NVFP4,hayashi
restraint,8,0.75,0.7333333333333334,2,nvidia/Llama-3.3-70B-Instruct-NVFP4,hayashi
emerge,8,0.75,0.7333333333333334,2,nvidia/Llama-3.3-70B-Instruct-NVFP4,hayashi
draw_in,8,0.75,0.7333333333333334,2,nvidia/Llama-3.3-70B-Instruct-NVFP4,hayashi
graphic,8,0.75,0.7333333333333334,2,nvidia/Llama-3.3-70B-Instruct-NVFP4,hayashi
guard,8,0.75,0.7333333333333334,2,nvidia/Llama-3.3-70B-Instruct-NVFP4,hayashi
blast,19,0.7368421052631579,0.7338935574229692,5,nvidia/Llama-3.3-70B-Instruct-NVFP4,hayashi
smash,13,0.7692307692307693,0.7450980392156863,3,nvidia/Llama-3.3-70B-Instruct-NVFP4,hayashi
grow,13,0.7692307692307693,0.7450980392156863,3,nvidia/Llama-3.3-70B-Instruct-NVFP4,hayashi
turn_over,16,0.75,0.746031746031746,4,nvidia/Llama-3.3-70B-Instruct-NVFP4,hayashi
separation,16,0.75,0.746031746031746,4,nvidia/Llama-3.3-70B-Instruct-NVFP4,hayashi
access,12,0.75,0.7482517482517483,3,nvidia/Llama-3.3-70B-Instruct-NVFP4,hayashi
manage,12,0.75,0.7482517482517483,3,nvidia/Llama-3.3-70B-Instruct-NVFP4,hayashi
run_out,12,0.75,0.7482517482517483,3,nvidia/Llama-3.3-70B-Instruct-NVFP4,hayashi
contract,12,0.75,0.7482517482517483,3,nvidia/Llama-3.3-70B-Instruct-NVFP4,hayashi
puff,12,0.75,0.7482517482517483,3,nvidia/Llama-3.3-70B-Instruct-NVFP4,hayashi
speed,9,0.7777777777777778,0.75,2,nvidia/Llama-3.3-70B-Instruct-NVFP4,hayashi
blessed,8,0.75,0.75,2,nvidia/Llama-3.3-70B-Instruct-NVFP4,hayashi
perception,8,0.75,0.75,2,nvidia/Llama-3.3-70B-Instruct-NVFP4,hayashi
observation,8,0.75,0.75,2,nvidia/Llama-3.3-70B-Instruct-NVFP4,hayashi
number,8,0.75,0.75,2,nvidia/Llama-3.3-70B-Instruct-NVFP4,hayashi
ridge,9,0.7777777777777778,0.75,2,nvidia/Llama-3.3-70B-Instruct-NVFP4,hayashi
rank,9,0.7777777777777778,0.75,2,nvidia/Llama-3.3-70B-Instruct-NVFP4,hayashi
knock,8,0.75,0.75,2,nvidia/Llama-3.3-70B-Instruct-NVFP4,hayashi
neutralize,9,0.7777777777777778,0.75,2,nvidia/Llama-3.3-70B-Instruct-NVFP4,hayashi
reform,8,0.75,0.75,2,nvidia/Llama-3.3-70B-Instruct-NVFP4,hayashi
superior,9,0.7777777777777778,0.75,2,nvidia/Llama-3.3-70B-Instruct-NVFP4,hayashi
lightness,9,0.7777777777777778,0.75,2,nvidia/Llama-3.3-70B-Instruct-NVFP4,hayashi
ruin,9,0.7777777777777778,0.75,2,nvidia/Llama-3.3-70B-Instruct-NVFP4,hayashi
precious,8,0.75,0.75,2,nvidia/Llama-3.3-70B-Instruct-NVFP4,hayashi
sanction,8,0.75,0.75,2,nvidia/Llama-3.3-70B-Instruct-NVFP4,hayashi
commitment,9,0.7777777777777778,0.75,2,nvidia/Llama-3.3-70B-Instruct-NVFP4,hayashi
choice,8,0.75,0.75,2,nvidia/Llama-3.3-70B-Instruct-NVFP4,hayashi
allowance,9,0.7777777777777778,0.75,2,nvidia/Llama-3.3-70B-Instruct-NVFP4,hayashi
yoke,8,0.75,0.75,2,nvidia/Llama-3.3-70B-Instruct-NVFP4,hayashi
glazed,8,0.75,0.75,2,nvidia/Llama-3.3-70B-Instruct-NVFP4,hayashi
storm,8,0.75,0.75,2,nvidia/Llama-3.3-70B-Instruct-NVFP4,hayashi
time,8,0.75,0.75,2,nvidia/Llama-3.3-70B-Instruct-NVFP4,hayashi
unfold,8,0.75,0.75,2,nvidia/Llama-3.3-70B-Instruct-NVFP4,hayashi
moderate,9,0.7777777777777778,0.75,2,nvidia/Llama-3.3-70B-Instruct-NVFP4,hayashi
deny,9,0.7777777777777778,0.75,2,nvidia/Llama-3.3-70B-Instruct-NVFP4,hayashi
fearful,8,0.75,0.75,2,nvidia/Llama-3.3-70B-Instruct-NVFP4,hayashi
library,9,0.7777777777777778,0.75,2,nvidia/Llama-3.3-70B-Instruct-NVFP4,hayashi
follow,30,0.7666666666666667,0.7532314923619272,7,nvidia/Llama-3.3-70B-Instruct-NVFP4,hayashi
shower,17,0.7647058823529411,0.7571428571428571,4,nvidia/Llama-3.3-70B-Instruct-NVFP4,hayashi
expectation,5,0.8,0.7619047619047619,1,nvidia/Llama-3.3-70B-Instruct-NVFP4,hayashi
get_up,5,0.8,0.7619047619047619,1,nvidia/Llama-3.3-70B-Instruct-NVFP4,hayashi
critic,5,0.8,0.7619047619047619,1,nvidia/Llama-3.3-70B-Instruct-NVFP4,hayashi
irritate,5,0.8,0.7619047619047619,1,nvidia/Llama-3.3-70B-Instruct-NVFP4,hayashi
break_out,5,0.8,0.7619047619047619,1,nvidia/Llama-3.3-70B-Instruct-NVFP4,hayashi
cabinet,5,0.8,0.7619047619047619,1,nvidia/Llama-3.3-70B-Instruct-NVFP4,hayashi
compressed,5,0.8,0.7619047619047619,1,nvidia/Llama-3.3-70B-Instruct-NVFP4,hayashi
pursuit,5,0.8,0.7619047619047619,1,nvidia/Llama-3.3-70B-Instruct-NVFP4,hayashi
awaken,5,0.8,0.7619047619047619,1,nvidia/Llama-3.3-70B-Instruct-NVFP4,hayashi
fracture,5,0.8,0.7619047619047619,1,nvidia/Llama-3.3-70B-Instruct-NVFP4,hayashi
equilibrium,5,0.8,0.7619047619047619,1,nvidia/Llama-3.3-70B-Instruct-NVFP4,hayashi
high,5,0.8,0.7619047619047619,1,nvidia/Llama-3.3-70B-Instruct-NVFP4,hayashi
hoop,5,0.8,0.7619047619047619,1,nvidia/Llama-3.3-70B-Instruct-NVFP4,hayashi
knife,5,0.8,0.7619047619047619,1,nvidia/Llama-3.3-70B-Instruct-NVFP4,hayashi
carve,5,0.8,0.7619047619047619,1,nvidia/Llama-3.3-70B-Instruct-NVFP4,hayashi
devotion,5,0.8,0.7619047619047619,1,nvidia/Llama-3.3-70B-Instruct-NVFP4,hayashi
bitterness,5,0.8,0.7619047619047619,1,nvidia/Llama-3.3-70B-Instruct-NVFP4,hayashi
celebration,5,0.8,0.7619047619047619,1,nvidia/Llama-3.3-70B-Instruct-NVFP4,hayashi
arch,5,0.8,0.7619047619047619,1,nvidia/Llama-3.3-70B-Instruct-NVFP4,hayashi
disposition,5,0.8,0.7619047619047619,1,nvidia/Llama-3.3-70B-Instruct-NVFP4,hayashi
good_luck,5,0.8,0.7619047619047619,1,nvidia/Llama-3.3-70B-Instruct-NVFP4,hayashi
syndicate,5,0.8,0.7619047619047619,1,nvidia/Llama-3.3-70B-Instruct-NVFP4,hayashi
bluff,5,0.8,0.7619047619047619,1,nvidia/Llama-3.3-70B-Instruct-NVFP4,hayashi
merry,5,0.8,0.7619047619047619,1,nvidia/Llama-3.3-70B-Instruct-NVFP4,hayashi
active,21,0.7619047619047619,0.7619047619047619,5,nvidia/Llama-3.3-70B-Instruct-NVFP4,hayashi
economical,5,0.8,0.7619047619047619,1,nvidia/Llama-3.3-70B-Instruct-NVFP4,hayashi
whistle,13,0.7692307692307693,0.7636363636363637,3,nvidia/Llama-3.3-70B-Instruct-NVFP4,hayashi
delicacy,13,0.7692307692307693,0.7636363636363637,3,nvidia/Llama-3.3-70B-Instruct-NVFP4,hayashi
come_up,13,0.7692307692307693,0.7636363636363637,3,nvidia/Llama-3.3-70B-Instruct-NVFP4,hayashi
radiate,13,0.7692307692307693,0.7636363636363637,3,nvidia/Llama-3.3-70B-Instruct-NVFP4,hayashi
horn,17,0.7647058823529411,0.7638888888888888,4,nvidia/Llama-3.3-70B-Instruct-NVFP4,hayashi
deep,17,0.7647058823529411,0.7638888888888888,4,nvidia/Llama-3.3-70B-Instruct-NVFP4,hayashi
shift,30,0.7666666666666667,0.7643097643097643,7,nvidia/Llama-3.3-70B-Instruct-NVFP4,hayashi
take_out,22,0.7727272727272727,0.7684210526315789,5,nvidia/Llama-3.3-70B-Instruct-NVFP4,hayashi
miss,13,0.7692307692307693,0.7692307692307693,3,nvidia/Llama-3.3-70B-Instruct-NVFP4,hayashi
put_down,13,0.7692307692307693,0.7692307692307693,3,nvidia/Llama-3.3-70B-Instruct-NVFP4,hayashi
open,31,0.7741935483870968,0.7732497387669801,7,nvidia/Llama-3.3-70B-Instruct-NVFP4,hayashi
launch,9,0.7777777777777778,0.775,2,nvidia/Llama-3.3-70B-Instruct-NVFP4,hayashi
pound,9,0.7777777777777778,0.775,2,nvidia/Llama-3.3-70B-Instruct-NVFP4,hayashi
content,9,0.7777777777777778,0.775,2,nvidia/Llama-3.3-70B-Instruct-NVFP4,hayashi
gem,9,0.7777777777777778,0.775,2,nvidia/Llama-3.3-70B-Instruct-NVFP4,hayashi
seed,9,0.7777777777777778,0.775,2,nvidia/Llama-3.3-70B-Instruct-NVFP4,hayashi
knock_out,9,0.7777777777777778,0.775,2,nvidia/Llama-3.3-70B-Instruct-NVFP4,hayashi
condition,9,0.7777777777777778,0.775,2,nvidia/Llama-3.3-70B-Instruct-NVFP4,hayashi
temporal,9,0.7777777777777778,0.775,2,nvidia/Llama-3.3-70B-Instruct-NVFP4,hayashi
condense,9,0.7777777777777778,0.775,2,nvidia/Llama-3.3-70B-Instruct-NVFP4,hayashi
punch,9,0.7777777777777778,0.775,2,nvidia/Llama-3.3-70B-Instruct-NVFP4,hayashi
opposite,9,0.7777777777777778,0.775,2,nvidia/Llama-3.3-70B-Instruct-NVFP4,hayashi
decline,9,0.7777777777777778,0.775,2,nvidia/Llama-3.3-70B-Instruct-NVFP4,hayashi
up,9,0.7777777777777778,0.775,2,nvidia/Llama-3.3-70B-Instruct-NVFP4,hayashi
recover,9,0.7777777777777778,0.775,2,nvidia/Llama-3.3-70B-Instruct-NVFP4,hayashi
attack,9,0.7777777777777778,0.775,2,nvidia/Llama-3.3-70B-Instruct-NVFP4,hayashi
retreat,18,0.7777777777777778,0.775,4,nvidia/Llama-3.3-70B-Instruct-NVFP4,hayashi
inside,9,0.7777777777777778,0.775,2,nvidia/Llama-3.3-70B-Instruct-NVFP4,hayashi
lost,14,0.7857142857142857,0.7754010695187166,3,nvidia/Llama-3.3-70B-Instruct-NVFP4,hayashi
beat,14,0.7857142857142857,0.7754010695187166,3,nvidia/Llama-3.3-70B-Instruct-NVFP4,hayashi
set_up,14,0.7857142857142857,0.7754010695187166,3,nvidia/Llama-3.3-70B-Instruct-NVFP4,hayashi
system,14,0.7857142857142857,0.7754010695187166,3,nvidia/Llama-3.3-70B-Instruct-NVFP4,hayashi
porter,6,0.8333333333333334,0.7777777777777777,1,nvidia/Llama-3.3-70B-Instruct-NVFP4,hayashi
lookout,6,0.8333333333333334,0.7777777777777777,1,nvidia/Llama-3.3-70B-Instruct-NVFP4,hayashi
disturb,6,0.8333333333333334,0.7777777777777777,1,nvidia/Llama-3.3-70B-Instruct-NVFP4,hayashi
stick,23,0.782608695652174,0.782608695652174,5,nvidia/Llama-3.3-70B-Instruct-NVFP4,hayashi
cover,14,0.7857142857142857,0.7846153846153847,3,nvidia/Llama-3.3-70B-Instruct-NVFP4,hayashi
distribute,14,0.7857142857142857,0.7846153846153847,3,nvidia/Llama-3.3-70B-Instruct-NVFP4,hayashi
fusion,14,0.7857142857142857,0.7846153846153847,3,nvidia/Llama-3.3-70B-Instruct-NVFP4,hayashi
spike,14,0.7857142857142857,0.7846153846153847,3,nvidia/Llama-3.3-70B-Instruct-NVFP4,hayashi
review,15,0.8,0.784688995215311,3,nvidia/Llama-3.3-70B-Instruct-NVFP4,hayashi
rail,7,0.8571428571428571,0.7878787878787878,1,nvidia/Llama-3.3-70B-Instruct-NVFP4,hayashi
appreciation,7,0.8571428571428571,0.7878787878787878,1,nvidia/Llama-3.3-70B-Instruct-NVFP4,hayashi
choke,19,0.7894736842105263,0.788888888888889,4,nvidia/Llama-3.3-70B-Instruct-NVFP4,hayashi
order,24,0.7916666666666666,0.791304347826087,5,nvidia/Llama-3.3-70B-Instruct-NVFP4,hayashi
cross,10,0.8,0.7916666666666667,2,nvidia/Llama-3.3-70B-Instruct-NVFP4,hayashi
scratch,10,0.8,0.7916666666666667,2,nvidia/Llama-3.3-70B-Instruct-NVFP4,hayashi
consolidate,10,0.8,0.7916666666666667,2,nvidia/Llama-3.3-70B-Instruct-NVFP4,hayashi
tenor,10,0.8,0.7916666666666667,2,nvidia/Llama-3.3-70B-Instruct-NVFP4,hayashi
expand,10,0.8,0.7916666666666667,2,nvidia/Llama-3.3-70B-Instruct-NVFP4,hayashi
hitch,10,0.8,0.7916666666666667,2,nvidia/Llama-3.3-70B-Instruct-NVFP4,hayashi
observe,10,0.8,0.7916666666666667,2,nvidia/Llama-3.3-70B-Instruct-NVFP4,hayashi
perch,10,0.8,0.7916666666666667,2,nvidia/Llama-3.3-70B-Instruct-NVFP4,hayashi
go_on,10,0.8,0.7916666666666667,2,nvidia/Llama-3.3-70B-Instruct-NVFP4,hayashi
shank,10,0.8,0.7916666666666667,2,nvidia/Llama-3.3-70B-Instruct-NVFP4,hayashi
identify,10,0.8,0.7916666666666667,2,nvidia/Llama-3.3-70B-Instruct-NVFP4,hayashi
record,10,0.8,0.7916666666666667,2,nvidia/Llama-3.3-70B-Instruct-NVFP4,hayashi
get_off,10,0.8,0.7916666666666667,2,nvidia/Llama-3.3-70B-Instruct-NVFP4,hayashi
channel,8,0.875,0.7948717948717949,1,nvidia/Llama-3.3-70B-Instruct-NVFP4,hayashi
hook,15,0.8,0.7963800904977376,3,nvidia/Llama-3.3-70B-Instruct-NVFP4,hayashi
preserve,15,0.8,0.7963800904977376,3,nvidia/Llama-3.3-70B-Instruct-NVFP4,hayashi
affair,5,0.8,0.8,1,nvidia/Llama-3.3-70B-Instruct-NVFP4,hayashi
vary,5,0.8,0.8,1,nvidia/Llama-3.3-70B-Instruct-NVFP4,hayashi
assessment,5,0.8,0.8,1,nvidia/Llama-3.3-70B-Instruct-NVFP4,hayashi
exceptional,5,0.8,0.8,1,nvidia/Llama-3.3-70B-Instruct-NVFP4,hayashi
exhibit,5,0.8,0.8,1,nvidia/Llama-3.3-70B-Instruct-NVFP4,hayashi
toothed,5,0.8,0.8,1,nvidia/Llama-3.3-70B-Instruct-NVFP4,hayashi
cancel,5,0.8,0.8,1,nvidia/Llama-3.3-70B-Instruct-NVFP4,hayashi
convertible,5,0.8,0.8,1,nvidia/Llama-3.3-70B-Instruct-NVFP4,hayashi
council,5,0.8,0.8,1,nvidia/Llama-3.3-70B-Instruct-NVFP4,hayashi
contour,5,0.8,0.8,1,nvidia/Llama-3.3-70B-Instruct-NVFP4,hayashi
critical,10,0.8,0.8,2,nvidia/Llama-3.3-70B-Instruct-NVFP4,hayashi
interference,10,0.8,0.8,2,nvidia/Llama-3.3-70B-Instruct-NVFP4,hayashi
slaughter,5,0.8,0.8,1,nvidia/Llama-3.3-70B-Instruct-NVFP4,hayashi
tolerance,5,0.8,0.8,1,nvidia/Llama-3.3-70B-Instruct-NVFP4,hayashi
irregularity,5,0.8,0.8,1,nvidia/Llama-3.3-70B-Instruct-NVFP4,hayashi
multiplication,5,0.8,0.8,1,nvidia/Llama-3.3-70B-Instruct-NVFP4,hayashi
inferiority,5,0.8,0.8,1,nvidia/Llama-3.3-70B-Instruct-NVFP4,hayashi
monopoly,5,0.8,0.8,1,nvidia/Llama-3.3-70B-Instruct-NVFP4,hayashi
stimulation,5,0.8,0.8,1,nvidia/Llama-3.3-70B-Instruct-NVFP4,hayashi
specialize,5,0.8,0.8,1,nvidia/Llama-3.3-70B-Instruct-NVFP4,hayashi
hero,10,0.8,0.8,2,nvidia/Llama-3.3-70B-Instruct-NVFP4,hayashi
identity,5,0.8,0.8,1,nvidia/Llama-3.3-70B-Instruct-NVFP4,hayashi
decent,5,0.8,0.8,1,nvidia/Llama-3.3-70B-Instruct-NVFP4,hayashi
oppression,5,0.8,0.8,1,nvidia/Llama-3.3-70B-Instruct-NVFP4,hayashi
mill,5,0.8,0.8,1,nvidia/Llama-3.3-70B-Instruct-NVFP4,hayashi
distributor,5,0.8,0.8,1,nvidia/Llama-3.3-70B-Instruct-NVFP4,hayashi
respectable,5,0.8,0.8,1,nvidia/Llama-3.3-70B-Instruct-NVFP4,hayashi
grave,5,0.8,0.8,1,nvidia/Llama-3.3-70B-Instruct-NVFP4,hayashi
path,5,0.8,0.8,1,nvidia/Llama-3.3-70B-Instruct-NVFP4,hayashi
exclusive,5,0.8,0.8,1,nvidia/Llama-3.3-70B-Instruct-NVFP4,hayashi
franchise,5,0.8,0.8,1,nvidia/Llama-3.3-70B-Instruct-NVFP4,hayashi
terrible,5,0.8,0.8,1,nvidia/Llama-3.3-70B-Instruct-NVFP4,hayashi
fury,5,0.8,0.8,1,nvidia/Llama-3.3-70B-Instruct-NVFP4,hayashi
relative,5,0.8,0.8,1,nvidia/Llama-3.3-70B-Instruct-NVFP4,hayashi
plague,5,0.8,0.8,1,nvidia/Llama-3.3-70B-Instruct-NVFP4,hayashi
promptly,5,0.8,0.8,1,nvidia/Llama-3.3-70B-Instruct-NVFP4,hayashi
propagate,10,0.8,0.8,2,nvidia/Llama-3.3-70B-Instruct-NVFP4,hayashi
studio,5,0.8,0.8,1,nvidia/Llama-3.3-70B-Instruct-NVFP4,hayashi
through,5,0.8,0.8,1,nvidia/Llama-3.3-70B-Instruct-NVFP4,hayashi
trouble,20,0.8,0.8,4,nvidia/Llama-3.3-70B-Instruct-NVFP4,hayashi
dull,10,0.8,0.8,2,nvidia/Llama-3.3-70B-Instruct-NVFP4,hayashi
balsam,5,0.8,0.8,1,nvidia/Llama-3.3-70B-Instruct-NVFP4,hayashi
radiator,5,0.8,0.8,1,nvidia/Llama-3.3-70B-Instruct-NVFP4,hayashi
purse,5,0.8,0.8,1,nvidia/Llama-3.3-70B-Instruct-NVFP4,hayashi
cod,5,0.8,0.8,1,nvidia/Llama-3.3-70B-Instruct-NVFP4,hayashi
closet,5,0.8,0.8,1,nvidia/Llama-3.3-70B-Instruct-NVFP4,hayashi
hack,10,0.8,0.8,2,nvidia/Llama-3.3-70B-Instruct-NVFP4,hayashi
go_by,5,0.8,0.8,1,nvidia/Llama-3.3-70B-Instruct-NVFP4,hayashi
charitable,5,0.8,0.8,1,nvidia/Llama-3.3-70B-Instruct-NVFP4,hayashi
spray,11,0.8181818181818182,0.8035714285714286,2,nvidia/Llama-3.3-70B-Instruct-NVFP4,hayashi
neutral,11,0.8181818181818182,0.8035714285714286,2,nvidia/Llama-3.3-70B-Instruct-NVFP4,hayashi
think_of,11,0.8181818181818182,0.8035714285714286,2,nvidia/Llama-3.3-70B-Instruct-NVFP4,hayashi
structural,11,0.8181818181818182,0.8035714285714286,2,nvidia/Llama-3.3-70B-Instruct-NVFP4,hayashi
flood,16,0.8125,0.8056680161943319,3,nvidia/Llama-3.3-70B-Instruct-NVFP4,hayashi
freeze,16,0.8125,0.8056680161943319,3,nvidia/Llama-3.3-70B-Instruct-NVFP4,hayashi
reference,16,0.8125,0.8056680161943319,3,nvidia/Llama-3.3-70B-Instruct-NVFP4,hayashi
find,21,0.8095238095238095,0.8090909090909091,4,nvidia/Llama-3.3-70B-Instruct-NVFP4,hayashi
soften,11,0.8181818181818182,0.8166666666666667,2,nvidia/Llama-3.3-70B-Instruct-NVFP4,hayashi
administration,11,0.8181818181818182,0.8166666666666667,2,nvidia/Llama-3.3-70B-Instruct-NVFP4,hayashi
touch,22,0.8181818181818182,0.8181818181818182,4,nvidia/Llama-3.3-70B-Instruct-NVFP4,hayashi
living,17,0.8235294117647058,0.8210526315789474,3,nvidia/Llama-3.3-70B-Instruct-NVFP4,hayashi
scene,17,0.8235294117647058,0.8210526315789474,3,nvidia/Llama-3.3-70B-Instruct-NVFP4,hayashi
clear,34,0.8235294117647058,0.8210526315789474,6,nvidia/Llama-3.3-70B-Instruct-NVFP4,hayashi
hysteria,6,0.8333333333333334,0.8285714285714285,1,nvidia/Llama-3.3-70B-Instruct-NVFP4,hayashi
depreciation,6,0.8333333333333334,0.8285714285714285,1,nvidia/Llama-3.3-70B-Instruct-NVFP4,hayashi
bruise,6,0.8333333333333334,0.8285714285714285,1,nvidia/Llama-3.3-70B-Instruct-NVFP4,hayashi
specialization,6,0.8333333333333334,0.8285714285714285,1,nvidia/Llama-3.3-70B-Instruct-NVFP4,hayashi
monstrous,6,0.8333333333333334,0.8285714285714285,1,nvidia/Llama-3.3-70B-Instruct-NVFP4,hayashi
persist,6,0.8333333333333334,0.8285714285714285,1,nvidia/Llama-3.3-70B-Instruct-NVFP4,hayashi
calculus,6,0.8333333333333334,0.8285714285714285,1,nvidia/Llama-3.3-70B-Instruct-NVFP4,hayashi
sinus,6,0.8333333333333334,0.8285714285714285,1,nvidia/Llama-3.3-70B-Instruct-NVFP4,hayashi
decay,6,0.8333333333333334,0.8285714285714285,1,nvidia/Llama-3.3-70B-Instruct-NVFP4,hayashi
cyclic,6,0.8333333333333334,0.8285714285714285,1,nvidia/Llama-3.3-70B-Instruct-NVFP4,hayashi
invention,6,0.8333333333333334,0.8285714285714285,1,nvidia/Llama-3.3-70B-Instruct-NVFP4,hayashi
slow_down,6,0.8333333333333334,0.8285714285714285,1,nvidia/Llama-3.3-70B-Instruct-NVFP4,hayashi
silence,6,0.8333333333333334,0.8285714285714285,1,nvidia/Llama-3.3-70B-Instruct-NVFP4,hayashi
smoothness,6,0.8333333333333334,0.8285714285714285,1,nvidia/Llama-3.3-70B-Instruct-NVFP4,hayashi
chain,12,0.8333333333333334,0.8285714285714285,2,nvidia/Llama-3.3-70B-Instruct-NVFP4,hayashi
tilt,6,0.8333333333333334,0.8285714285714285,1,nvidia/Llama-3.3-70B-Instruct-NVFP4,hayashi
suppose,6,0.8333333333333334,0.8285714285714285,1,nvidia/Llama-3.3-70B-Instruct-NVFP4,hayashi
pulse,6,0.8333333333333334,0.8285714285714285,1,nvidia/Llama-3.3-70B-Instruct-NVFP4,hayashi
pool,12,0.8333333333333334,0.8285714285714285,2,nvidia/Llama-3.3-70B-Instruct-NVFP4,hayashi
turn_away,6,0.8333333333333334,0.8285714285714285,1,nvidia/Llama-3.3-70B-Instruct-NVFP4,hayashi
terminal,6,0.8333333333333334,0.8285714285714285,1,nvidia/Llama-3.3-70B-Instruct-NVFP4,hayashi
possibility,6,0.8333333333333334,0.8285714285714285,1,nvidia/Llama-3.3-70B-Instruct-NVFP4,hayashi
overcome,6,0.8333333333333334,0.8285714285714285,1,nvidia/Llama-3.3-70B-Instruct-NVFP4,hayashi
pair,6,0.8333333333333334,0.8285714285714285,1,nvidia/Llama-3.3-70B-Instruct-NVFP4,hayashi
colony,6,0.8333333333333334,0.8285714285714285,1,nvidia/Llama-3.3-70B-Instruct-NVFP4,hayashi
presentation,12,0.8333333333333334,0.8285714285714285,2,nvidia/Llama-3.3-70B-Instruct-NVFP4,hayashi
command,6,0.8333333333333334,0.8285714285714285,1,nvidia/Llama-3.3-70B-Instruct-NVFP4,hayashi
reminder,6,0.8333333333333334,0.8285714285714285,1,nvidia/Llama-3.3-70B-Instruct-NVFP4,hayashi
distribution,6,0.8333333333333334,0.8285714285714285,1,nvidia/Llama-3.3-70B-Instruct-NVFP4,hayashi
recession,6,0.8333333333333334,0.8285714285714285,1,nvidia/Llama-3.3-70B-Instruct-NVFP4,hayashi
charity,6,0.8333333333333334,0.8285714285714285,1,nvidia/Llama-3.3-70B-Instruct-NVFP4,hayashi
dissociation,6,0.8333333333333334,0.8285714285714285,1,nvidia/Llama-3.3-70B-Instruct-NVFP4,hayashi
detached,12,0.8333333333333334,0.8285714285714285,2,nvidia/Llama-3.3-70B-Instruct-NVFP4,hayashi
justice,6,0.8333333333333334,0.8285714285714285,1,nvidia/Llama-3.3-70B-Instruct-NVFP4,hayashi
junior,6,0.8333333333333334,0.8285714285714285,1,nvidia/Llama-3.3-70B-Instruct-NVFP4,hayashi
confusion,6,0.8333333333333334,0.8285714285714285,1,nvidia/Llama-3.3-70B-Instruct-NVFP4,hayashi
saturation,6,0.8333333333333334,0.8285714285714285,1,nvidia/Llama-3.3-70B-Instruct-NVFP4,hayashi
role,6,0.8333333333333334,0.8285714285714285,1,nvidia/Llama-3.3-70B-Instruct-NVFP4,hayashi
sensibility,6,0.8333333333333334,0.8285714285714285,1,nvidia/Llama-3.3-70B-Instruct-NVFP4,hayashi
innocence,6,0.8333333333333334,0.8285714285714285,1,nvidia/Llama-3.3-70B-Instruct-NVFP4,hayashi
infusion,6,0.8333333333333334,0.8285714285714285,1,nvidia/Llama-3.3-70B-Instruct-NVFP4,hayashi
industry,6,0.8333333333333334,0.8285714285714285,1,nvidia/Llama-3.3-70B-Instruct-NVFP4,hayashi
indent,6,0.8333333333333334,0.8285714285714285,1,nvidia/Llama-3.3-70B-Instruct-NVFP4,hayashi
incorporate,6,0.8333333333333334,0.8285714285714285,1,nvidia/Llama-3.3-70B-Instruct-NVFP4,hayashi
offensive,12,0.8333333333333334,0.8285714285714285,2,nvidia/Llama-3.3-70B-Instruct-NVFP4,hayashi
noble,6,0.8333333333333334,0.8285714285714285,1,nvidia/Llama-3.3-70B-Instruct-NVFP4,hayashi
naturally,6,0.8333333333333334,0.8285714285714285,1,nvidia/Llama-3.3-70B-Instruct-NVFP4,hayashi
scrape,12,0.8333333333333334,0.8285714285714285,2,nvidia/Llama-3.3-70B-Instruct-NVFP4,hayashi
continuation,6,0.8333333333333334,0.8285714285714285,1,nvidia/Llama-3.3-70B-Instruct-NVFP4,hayashi
romantic,6,0.8333333333333334,0.8285714285714285,1,nvidia/Llama-3.3-70B-Instruct-NVFP4,hayashi
set_down,6,0.8333333333333334,0.8285714285714285,1,nvidia/Llama-3.3-70B-Instruct-NVFP4,hayashi
lady,6,0.8333333333333334,0.8285714285714285,1,nvidia/Llama-3.3-70B-Instruct-NVFP4,hayashi
crowd,6,0.8333333333333334,0.8285714285714285,1,nvidia/Llama-3.3-70B-Instruct-NVFP4,hayashi
convey,12,0.8333333333333334,0.8285714285714285,2,nvidia/Llama-3.3-70B-Instruct-NVFP4,hayashi
crook,6,0.8333333333333334,0.8285714285714285,1,nvidia/Llama-3.3-70B-Instruct-NVFP4,hayashi
memorial,6,0.8333333333333334,0.8285714285714285,1,nvidia/Llama-3.3-70B-Instruct-NVFP4,hayashi
amount,12,0.8333333333333334,0.8285714285714285,2,nvidia/Llama-3.3-70B-Instruct-NVFP4,hayashi
affinity,12,0.8333333333333334,0.8285714285714285,2,nvidia/Llama-3.3-70B-Instruct-NVFP4,hayashi
unit,6,0.8333333333333334,0.8285714285714285,1,nvidia/Llama-3.3-70B-Instruct-NVFP4,hayashi
engraving,6,0.8333333333333334,0.8285714285714285,1,nvidia/Llama-3.3-70B-Instruct-NVFP4,hayashi
acknowledge,12,0.8333333333333334,0.8285714285714285,2,nvidia/Llama-3.3-70B-Instruct-NVFP4,hayashi
accord,12,0.8333333333333334,0.8285714285714285,2,nvidia/Llama-3.3-70B-Instruct-NVFP4,hayashi
under,6,0.8333333333333334,0.8285714285714285,1,nvidia/Llama-3.3-70B-Instruct-NVFP4,hayashi
party,6,0.8333333333333334,0.8285714285714285,1,nvidia/Llama-3.3-70B-Instruct-NVFP4,hayashi
ground,24,0.8333333333333334,0.8285714285714285,4,nvidia/Llama-3.3-70B-Instruct-NVFP4,hayashi
discriminate,6,0.8333333333333334,0.8285714285714285,1,nvidia/Llama-3.3-70B-Instruct-NVFP4,hayashi
reside,6,0.8333333333333334,0.8285714285714285,1,nvidia/Llama-3.3-70B-Instruct-NVFP4,hayashi
parliamentary,6,0.8333333333333334,0.8285714285714285,1,nvidia/Llama-3.3-70B-Instruct-NVFP4,hayashi
guide,6,0.8333333333333334,0.8285714285714285,1,nvidia/Llama-3.3-70B-Instruct-NVFP4,hayashi
submit,12,0.8333333333333334,0.8333333333333334,2,nvidia/Llama-3.3-70B-Instruct-NVFP4,hayashi
chip,12,0.8333333333333334,0.8333333333333334,2,nvidia/Llama-3.3-70B-Instruct-NVFP4,hayashi
tease,12,0.8333333333333334,0.8333333333333334,2,nvidia/Llama-3.3-70B-Instruct-NVFP4,hayashi
limit,12,0.8333333333333334,0.8333333333333334,2,nvidia/Llama-3.3-70B-Instruct-NVFP4,hayashi
break_up,24,0.8333333333333334,0.8333333333333334,4,nvidia/Llama-3.3-70B-Instruct-NVFP4,hayashi
hunt,12,0.8333333333333334,0.8333333333333334,2,nvidia/Llama-3.3-70B-Instruct-NVFP4,hayashi
support,19,0.8421052631578947,0.8347826086956522,3,nvidia/Llama-3.3-70B-Instruct-NVFP4,hayashi
bring_up,13,0.8461538461538461,0.8375,2,nvidia/Llama-3.3-70B-Instruct-NVFP4,hayashi
plunge,13,0.8461538461538461,0.8375,2,nvidia/Llama-3.3-70B-Instruct-NVFP4,hayashi
excite,13,0.8461538461538461,0.8375,2,nvidia/Llama-3.3-70B-Instruct-NVFP4,hayashi
swing,13,0.8461538461538461,0.8375,2,nvidia/Llama-3.3-70B-Instruct-NVFP4,hayashi
projection,13,0.8461538461538461,0.8375,2,nvidia/Llama-3.3-70B-Instruct-NVFP4,hayashi
elimination,7,0.8571428571428571,0.8444444444444444,1,nvidia/Llama-3.3-70B-Instruct-NVFP4,hayashi
good,7,0.8571428571428571,0.8444444444444444,1,nvidia/Llama-3.3-70B-Instruct-NVFP4,hayashi
bloom,7,0.8571428571428571,0.8444444444444444,1,nvidia/Llama-3.3-70B-Instruct-NVFP4,hayashi
dispatch,7,0.8571428571428571,0.8444444444444444,1,nvidia/Llama-3.3-70B-Instruct-NVFP4,hayashi
revelation,7,0.8571428571428571,0.8444444444444444,1,nvidia/Llama-3.3-70B-Instruct-NVFP4,hayashi
penetration,7,0.8571428571428571,0.8444444444444444,1,nvidia/Llama-3.3-70B-Instruct-NVFP4,hayashi
popular,7,0.8571428571428571,0.8444444444444444,1,nvidia/Llama-3.3-70B-Instruct-NVFP4,hayashi
flank,7,0.8571428571428571,0.8444444444444444,1,nvidia/Llama-3.3-70B-Instruct-NVFP4,hayashi
exhaust,7,0.8571428571428571,0.8444444444444444,1,nvidia/Llama-3.3-70B-Instruct-NVFP4,hayashi
agitation,7,0.8571428571428571,0.8444444444444444,1,nvidia/Llama-3.3-70B-Instruct-NVFP4,hayashi
walk,7,0.8571428571428571,0.8444444444444444,1,nvidia/Llama-3.3-70B-Instruct-NVFP4,hayashi
speculation,7,0.8571428571428571,0.8444444444444444,1,nvidia/Llama-3.3-70B-Instruct-NVFP4,hayashi
bolt,7,0.8571428571428571,0.8444444444444444,1,nvidia/Llama-3.3-70B-Instruct-NVFP4,hayashi
dimension,7,0.8571428571428571,0.8444444444444444,1,nvidia/Llama-3.3-70B-Instruct-NVFP4,hayashi
wisdom,7,0.8571428571428571,0.8444444444444444,1,nvidia/Llama-3.3-70B-Instruct-NVFP4,hayashi
inspire,7,0.8571428571428571,0.8444444444444444,1,nvidia/Llama-3.3-70B-Instruct-NVFP4,hayashi
rim,7,0.8571428571428571,0.8444444444444444,1,nvidia/Llama-3.3-70B-Instruct-NVFP4,hayashi
blunt,7,0.8571428571428571,0.8444444444444444,1,nvidia/Llama-3.3-70B-Instruct-NVFP4,hayashi
dial,7,0.8571428571428571,0.8444444444444444,1,nvidia/Llama-3.3-70B-Instruct-NVFP4,hayashi
moderator,7,0.8571428571428571,0.8444444444444444,1,nvidia/Llama-3.3-70B-Instruct-NVFP4,hayashi
heritage,7,0.8571428571428571,0.8444444444444444,1,nvidia/Llama-3.3-70B-Instruct-NVFP4,hayashi
liable,7,0.8571428571428571,0.8444444444444444,1,nvidia/Llama-3.3-70B-Instruct-NVFP4,hayashi
accounting,7,0.8571428571428571,0.8444444444444444,1,nvidia/Llama-3.3-70B-Instruct-NVFP4,hayashi
medicine,7,0.8571428571428571,0.8444444444444444,1,nvidia/Llama-3.3-70B-Instruct-NVFP4,hayashi
slide,14,0.8571428571428571,0.8444444444444444,2,nvidia/Llama-3.3-70B-Instruct-NVFP4,hayashi
indicator,7,0.8571428571428571,0.8444444444444444,1,nvidia/Llama-3.3-70B-Instruct-NVFP4,hayashi
spiritual,7,0.8571428571428571,0.8444444444444444,1,nvidia/Llama-3.3-70B-Instruct-NVFP4,hayashi
reach,7,0.8571428571428571,0.8444444444444444,1,nvidia/Llama-3.3-70B-Instruct-NVFP4,hayashi
pike,7,0.8571428571428571,0.8444444444444444,1,nvidia/Llama-3.3-70B-Instruct-NVFP4,hayashi
rare,7,0.8571428571428571,0.8444444444444444,1,nvidia/Llama-3.3-70B-Instruct-NVFP4,hayashi
odd,7,0.8571428571428571,0.8444444444444444,1,nvidia/Llama-3.3-70B-Instruct-NVFP4,hayashi
spoil,13,0.8461538461538461,0.8452380952380952,2,nvidia/Llama-3.3-70B-Instruct-NVFP4,hayashi
heave,13,0.8461538461538461,0.8452380952380952,2,nvidia/Llama-3.3-70B-Instruct-NVFP4,hayashi
closed,13,0.8461538461538461,0.8452380952380952,2,nvidia/Llama-3.3-70B-Instruct-NVFP4,hayashi
hold_up,13,0.8461538461538461,0.8452380952380952,2,nvidia/Llama-3.3-70B-Instruct-NVFP4,hayashi
spin,13,0.8461538461538461,0.8452380952380952,2,nvidia/Llama-3.3-70B-Instruct-NVFP4,hayashi
split,26,0.8461538461538461,0.8452380952380952,4,nvidia/Llama-3.3-70B-Instruct-NVFP4,hayashi
track,20,0.85,0.849624060150376,3,nvidia/Llama-3.3-70B-Instruct-NVFP4,hayashi
focus,20,0.85,0.849624060150376,3,nvidia/Llama-3.3-70B-Instruct-NVFP4,hayashi
settle,27,0.8518518518518519,0.8500000000000001,4,nvidia/Llama-3.3-70B-Instruct-NVFP4,hayashi
round,21,0.8571428571428571,0.851764705882353,3,nvidia/Llama-3.3-70B-Instruct-NVFP4,hayashi
release,29,0.8620689655172413,0.8535353535353536,4,nvidia/Llama-3.3-70B-Instruct-NVFP4,hayashi
board,14,0.8571428571428571,0.8541666666666667,2,nvidia/Llama-3.3-70B-Instruct-NVFP4,hayashi
capacity,14,0.8571428571428571,0.8541666666666667,2,nvidia/Llama-3.3-70B-Instruct-NVFP4,hayashi
minor,14,0.8571428571428571,0.8541666666666667,2,nvidia/Llama-3.3-70B-Instruct-NVFP4,hayashi
bang,14,0.8571428571428571,0.8541666666666667,2,nvidia/Llama-3.3-70B-Instruct-NVFP4,hayashi
pitch,14,0.8571428571428571,0.8541666666666667,2,nvidia/Llama-3.3-70B-Instruct-NVFP4,hayashi
repel,8,0.875,0.8545454545454545,1,nvidia/Llama-3.3-70B-Instruct-NVFP4,hayashi
get_on,8,0.875,0.8545454545454545,1,nvidia/Llama-3.3-70B-Instruct-NVFP4,hayashi
structure,8,0.875,0.8545454545454545,1,nvidia/Llama-3.3-70B-Instruct-NVFP4,hayashi
assembly,8,0.875,0.8545454545454545,1,nvidia/Llama-3.3-70B-Instruct-NVFP4,hayashi
twist,35,0.8571428571428571,0.8552522746071134,5,nvidia/Llama-3.3-70B-Instruct-NVFP4,hayashi
illustration,7,0.8571428571428571,0.8571428571428571,1,nvidia/Llama-3.3-70B-Instruct-NVFP4,hayashi
snarl,7,0.8571428571428571,0.8571428571428571,1,nvidia/Llama-3.3-70B-Instruct-NVFP4,hayashi
endorse,7,0.8571428571428571,0.8571428571428571,1,nvidia/Llama-3.3-70B-Instruct-NVFP4,hayashi
aspiration,7,0.8571428571428571,0.8571428571428571,1,nvidia/Llama-3.3-70B-Instruct-NVFP4,hayashi
make_out,7,0.8571428571428571,0.8571428571428571,1,nvidia/Llama-3.3-70B-Instruct-NVFP4,hayashi
along,7,0.8571428571428571,0.8571428571428571,1,nvidia/Llama-3.3-70B-Instruct-NVFP4,hayashi
legitimate,7,0.8571428571428571,0.8571428571428571,1,nvidia/Llama-3.3-70B-Instruct-NVFP4,hayashi
campaign,7,0.8571428571428571,0.8571428571428571,1,nvidia/Llama-3.3-70B-Instruct-NVFP4,hayashi
virtue,7,0.8571428571428571,0.8571428571428571,1,nvidia/Llama-3.3-70B-Instruct-NVFP4,hayashi
spill,7,0.8571428571428571,0.8571428571428571,1,nvidia/Llama-3.3-70B-Instruct-NVFP4,hayashi
turn_up,7,0.8571428571428571,0.8571428571428571,1,nvidia/Llama-3.3-70B-Instruct-NVFP4,hayashi
approximation,7,0.8571428571428571,0.8571428571428571,1,nvidia/Llama-3.3-70B-Instruct-NVFP4,hayashi
circulation,7,0.8571428571428571,0.8571428571428571,1,nvidia/Llama-3.3-70B-Instruct-NVFP4,hayashi
target,7,0.8571428571428571,0.8571428571428571,1,nvidia/Llama-3.3-70B-Instruct-NVFP4,hayashi
business,14,0.8571428571428571,0.8571428571428571,2,nvidia/Llama-3.3-70B-Instruct-NVFP4,hayashi
arrangement,7,0.8571428571428571,0.8571428571428571,1,nvidia/Llama-3.3-70B-Instruct-NVFP4,hayashi
pick,14,0.8571428571428571,0.8571428571428571,2,nvidia/Llama-3.3-70B-Instruct-NVFP4,hayashi
blind,7,0.8571428571428571,0.8571428571428571,1,nvidia/Llama-3.3-70B-Instruct-NVFP4,hayashi
concern,7,0.8571428571428571,0.8571428571428571,1,nvidia/Llama-3.3-70B-Instruct-NVFP4,hayashi
straighten,7,0.8571428571428571,0.8571428571428571,1,nvidia/Llama-3.3-70B-Instruct-NVFP4,hayashi
streak,7,0.8571428571428571,0.8571428571428571,1,nvidia/Llama-3.3-70B-Instruct-NVFP4,hayashi
recruit,7,0.8571428571428571,0.8571428571428571,1,nvidia/Llama-3.3-70B-Instruct-NVFP4,hayashi
passion,14,0.8571428571428571,0.8571428571428571,2,nvidia/Llama-3.3-70B-Instruct-NVFP4,hayashi
distortion,7,0.8571428571428571,0.8571428571428571,1,nvidia/Llama-3.3-70B-Instruct-NVFP4,hayashi
get_into,7,0.8571428571428571,0.8571428571428571,1,nvidia/Llama-3.3-70B-Instruct-NVFP4,hayashi
plot,7,0.8571428571428571,0.8571428571428571,1,nvidia/Llama-3.3-70B-Instruct-NVFP4,hayashi
together,7,0.8571428571428571,0.8571428571428571,1,nvidia/Llama-3.3-70B-Instruct-NVFP4,hayashi
out,15,0.8666666666666667,0.8611111111111112,2,nvidia/Llama-3.3-70B-Instruct-NVFP4,hayashi
maneuver,15,0.8666666666666667,0.8611111111111112,2,nvidia/Llama-3.3-70B-Instruct-NVFP4,hayashi
stuff,22,0.8636363636363636,0.8633540372670807,3,nvidia/Llama-3.3-70B-Instruct-NVFP4,hayashi
drift,22,0.8636363636363636,0.8633540372670807,3,nvidia/Llama-3.3-70B-Instruct-NVFP4,hayashi
post,22,0.8636363636363636,0.8633540372670807,3,nvidia/Llama-3.3-70B-Instruct-NVFP4,hayashi
mate,23,0.8695652173913043,0.8654970760233918,3,nvidia/Llama-3.3-70B-Instruct-NVFP4,hayashi
pledge,15,0.8666666666666667,0.8660714285714286,2,nvidia/Llama-3.3-70B-Instruct-NVFP4,hayashi
composition,15,0.8666666666666667,0.8660714285714286,2,nvidia/Llama-3.3-70B-Instruct-NVFP4,hayashi
sweet,15,0.8666666666666667,0.8660714285714286,2,nvidia/Llama-3.3-70B-Instruct-NVFP4,hayashi
withdrawal,15,0.8666666666666667,0.8660714285714286,2,nvidia/Llama-3.3-70B-Instruct-NVFP4,hayashi
grounds,23,0.8695652173913043,0.8685714285714285,3,nvidia/Llama-3.3-70B-Instruct-NVFP4,hayashi
Jackson,8,0.875,0.873015873015873,1,nvidia/Llama-3.3-70B-Instruct-NVFP4,hayashi
aged,8,0.875,0.873015873015873,1,nvidia/Llama-3.3-70B-Instruct-NVFP4,hayashi
align,8,0.875,0.873015873015873,1,nvidia/Llama-3.3-70B-Instruct-NVFP4,hayashi
wide,8,0.875,0.873015873015873,1,nvidia/Llama-3.3-70B-Instruct-NVFP4,hayashi
compression,8,0.875,0.873015873015873,1,nvidia/Llama-3.3-70B-Instruct-NVFP4,hayashi
reproduction,8,0.875,0.873015873015873,1,nvidia/Llama-3.3-70B-Instruct-NVFP4,hayashi
fairness,8,0.875,0.873015873015873,1,nvidia/Llama-3.3-70B-Instruct-NVFP4,hayashi
continental,8,0.875,0.873015873015873,1,nvidia/Llama-3.3-70B-Instruct-NVFP4,hayashi
straight,16,0.875,0.873015873015873,2,nvidia/Llama-3.3-70B-Instruct-NVFP4,hayashi
bend,8,0.875,0.873015873015873,1,nvidia/Llama-3.3-70B-Instruct-NVFP4,hayashi
gain,8,0.875,0.873015873015873,1,nvidia/Llama-3.3-70B-Instruct-NVFP4,hayashi
distort,8,0.875,0.873015873015873,1,nvidia/Llama-3.3-70B-Instruct-NVFP4,hayashi
net,8,0.875,0.873015873015873,1,nvidia/Llama-3.3-70B-Instruct-NVFP4,hayashi
mobile,8,0.875,0.873015873015873,1,nvidia/Llama-3.3-70B-Instruct-NVFP4,hayashi
operational,8,0.875,0.873015873015873,1,nvidia/Llama-3.3-70B-Instruct-NVFP4,hayashi
rig,16,0.875,0.873015873015873,2,nvidia/Llama-3.3-70B-Instruct-NVFP4,hayashi
cause,8,0.875,0.873015873015873,1,nvidia/Llama-3.3-70B-Instruct-NVFP4,hayashi
m,8,0.875,0.873015873015873,1,nvidia/Llama-3.3-70B-Instruct-NVFP4,hayashi
manifestation,8,0.875,0.873015873015873,1,nvidia/Llama-3.3-70B-Instruct-NVFP4,hayashi
short,8,0.875,0.873015873015873,1,nvidia/Llama-3.3-70B-Instruct-NVFP4,hayashi
settlement,8,0.875,0.873015873015873,1,nvidia/Llama-3.3-70B-Instruct-NVFP4,hayashi
native,8,0.875,0.873015873015873,1,nvidia/Llama-3.3-70B-Instruct-NVFP4,hayashi
consume,8,0.875,0.873015873015873,1,nvidia/Llama-3.3-70B-Instruct-NVFP4,hayashi
affairs,8,0.875,0.873015873015873,1,nvidia/Llama-3.3-70B-Instruct-NVFP4,hayashi
promotion,8,0.875,0.873015873015873,1,nvidia/Llama-3.3-70B-Instruct-NVFP4,hayashi
deduction,8,0.875,0.873015873015873,1,nvidia/Llama-3.3-70B-Instruct-NVFP4,hayashi
impulse,8,0.875,0.873015873015873,1,nvidia/Llama-3.3-70B-Instruct-NVFP4,hayashi
brilliant,8,0.875,0.873015873015873,1,nvidia/Llama-3.3-70B-Instruct-NVFP4,hayashi
isolate,8,0.875,0.873015873015873,1,nvidia/Llama-3.3-70B-Instruct-NVFP4,hayashi
join,8,0.875,0.873015873015873,1,nvidia/Llama-3.3-70B-Instruct-NVFP4,hayashi
stamp,16,0.875,0.873015873015873,2,nvidia/Llama-3.3-70B-Instruct-NVFP4,hayashi
stake,8,0.875,0.873015873015873,1,nvidia/Llama-3.3-70B-Instruct-NVFP4,hayashi
indicate,8,0.875,0.873015873015873,1,nvidia/Llama-3.3-70B-Instruct-NVFP4,hayashi
assimilation,8,0.875,0.873015873015873,1,nvidia/Llama-3.3-70B-Instruct-NVFP4,hayashi
date,16,0.875,0.873015873015873,2,nvidia/Llama-3.3-70B-Instruct-NVFP4,hayashi
induction,8,0.875,0.873015873015873,1,nvidia/Llama-3.3-70B-Instruct-NVFP4,hayashi
boss,8,0.875,0.873015873015873,1,nvidia/Llama-3.3-70B-Instruct-NVFP4,hayashi
spell,8,0.875,0.873015873015873,1,nvidia/Llama-3.3-70B-Instruct-NVFP4,hayashi
serve,24,0.875,0.8747826086956522,3,nvidia/Llama-3.3-70B-Instruct-NVFP4,hayashi
hold,16,0.875,0.875,2,nvidia/Llama-3.3-70B-Instruct-NVFP4,hayashi
stop,16,0.875,0.875,2,nvidia/Llama-3.3-70B-Instruct-NVFP4,hayashi
bind,17,0.8823529411764706,0.8785714285714286,2,nvidia/Llama-3.3-70B-Instruct-NVFP4,hayashi
turn,17,0.8823529411764706,0.8785714285714286,2,nvidia/Llama-3.3-70B-Instruct-NVFP4,hayashi
dip,33,0.8787878787878788,0.8786764705882353,4,nvidia/Llama-3.3-70B-Instruct-NVFP4,hayashi
frame,25,0.88,0.8792270531400965,3,nvidia/Llama-3.3-70B-Instruct-NVFP4,hayashi
bowl,17,0.8823529411764706,0.8819444444444444,2,nvidia/Llama-3.3-70B-Instruct-NVFP4,hayashi
force,17,0.8823529411764706,0.8819444444444444,2,nvidia/Llama-3.3-70B-Instruct-NVFP4,hayashi
expression,17,0.8823529411764706,0.8819444444444444,2,nvidia/Llama-3.3-70B-Instruct-NVFP4,hayashi
grant,17,0.8823529411764706,0.8819444444444444,2,nvidia/Llama-3.3-70B-Instruct-NVFP4,hayashi
relief,17,0.8823529411764706,0.8819444444444444,2,nvidia/Llama-3.3-70B-Instruct-NVFP4,hayashi
cut,26,0.8846153846153846,0.8830584707646176,3,nvidia/Llama-3.3-70B-Instruct-NVFP4,hayashi
rise,26,0.8846153846153846,0.8830584707646176,3,nvidia/Llama-3.3-70B-Instruct-NVFP4,hayashi
refer,9,0.8888888888888888,0.8831168831168831,1,nvidia/Llama-3.3-70B-Instruct-NVFP4,hayashi
works,9,0.8888888888888888,0.8831168831168831,1,nvidia/Llama-3.3-70B-Instruct-NVFP4,hayashi
writing,9,0.8888888888888888,0.8831168831168831,1,nvidia/Llama-3.3-70B-Instruct-NVFP4,hayashi
anticipate,9,0.8888888888888888,0.8831168831168831,1,nvidia/Llama-3.3-70B-Instruct-NVFP4,hayashi
draft,9,0.8888888888888888,0.8831168831168831,1,nvidia/Llama-3.3-70B-Instruct-NVFP4,hayashi
tone,9,0.8888888888888888,0.8831168831168831,1,nvidia/Llama-3.3-70B-Instruct-NVFP4,hayashi
population,9,0.8888888888888888,0.8831168831168831,1,nvidia/Llama-3.3-70B-Instruct-NVFP4,hayashi
manipulate,9,0.8888888888888888,0.8831168831168831,1,nvidia/Llama-3.3-70B-Instruct-NVFP4,hayashi
column,9,0.8888888888888888,0.8831168831168831,1,nvidia/Llama-3.3-70B-Instruct-NVFP4,hayashi
reception,9,0.8888888888888888,0.8831168831168831,1,nvidia/Llama-3.3-70B-Instruct-NVFP4,hayashi
badly,9,0.8888888888888888,0.8831168831168831,1,nvidia/Llama-3.3-70B-Instruct-NVFP4,hayashi
extremity,9,0.8888888888888888,0.8831168831168831,1,nvidia/Llama-3.3-70B-Instruct-NVFP4,hayashi
spark,9,0.8888888888888888,0.8831168831168831,1,nvidia/Llama-3.3-70B-Instruct-NVFP4,hayashi
wind,9,0.8888888888888888,0.8831168831168831,1,nvidia/Llama-3.3-70B-Instruct-NVFP4,hayashi
represent,18,0.8888888888888888,0.8875,2,nvidia/Llama-3.3-70B-Instruct-NVFP4,hayashi
medium,18,0.8888888888888888,0.8875,2,nvidia/Llama-3.3-70B-Instruct-NVFP4,hayashi
radical,18,0.8888888888888888,0.8875,2,nvidia/Llama-3.3-70B-Instruct-NVFP4,hayashi
outside,18,0.8888888888888888,0.8875,2,nvidia/Llama-3.3-70B-Instruct-NVFP4,hayashi
scale,27,0.8888888888888888,0.8882758620689655,3,nvidia/Llama-3.3-70B-Instruct-NVFP4,hayashi
skim,9,0.8888888888888888,0.8888888888888888,1,nvidia/Llama-3.3-70B-Instruct-NVFP4,hayashi
stand,9,0.8888888888888888,0.8888888888888888,1,nvidia/Llama-3.3-70B-Instruct-NVFP4,hayashi
dedication,9,0.8888888888888888,0.8888888888888888,1,nvidia/Llama-3.3-70B-Instruct-NVFP4,hayashi
inspiration,9,0.8888888888888888,0.8888888888888888,1,nvidia/Llama-3.3-70B-Instruct-NVFP4,hayashi
last,9,0.8888888888888888,0.8888888888888888,1,nvidia/Llama-3.3-70B-Instruct-NVFP4,hayashi
break_in,9,0.8888888888888888,0.8888888888888888,1,nvidia/Llama-3.3-70B-Instruct-NVFP4,hayashi
seeded,9,0.8888888888888888,0.8888888888888888,1,nvidia/Llama-3.3-70B-Instruct-NVFP4,hayashi
confirmation,9,0.8888888888888888,0.8888888888888888,1,nvidia/Llama-3.3-70B-Instruct-NVFP4,hayashi
naked,9,0.8888888888888888,0.8888888888888888,1,nvidia/Llama-3.3-70B-Instruct-NVFP4,hayashi
domestic,9,0.8888888888888888,0.8888888888888888,1,nvidia/Llama-3.3-70B-Instruct-NVFP4,hayashi
memory,9,0.8888888888888888,0.8888888888888888,1,nvidia/Llama-3.3-70B-Instruct-NVFP4,hayashi
sacrifice,9,0.8888888888888888,0.8888888888888888,1,nvidia/Llama-3.3-70B-Instruct-NVFP4,hayashi
submission,9,0.8888888888888888,0.8888888888888888,1,nvidia/Llama-3.3-70B-Instruct-NVFP4,hayashi
lime,9,0.8888888888888888,0.8888888888888888,1,nvidia/Llama-3.3-70B-Instruct-NVFP4,hayashi
fork,9,0.8888888888888888,0.8888888888888888,1,nvidia/Llama-3.3-70B-Instruct-NVFP4,hayashi
dullness,9,0.8888888888888888,0.8888888888888888,1,nvidia/Llama-3.3-70B-Instruct-NVFP4,hayashi
reservation,9,0.8888888888888888,0.8888888888888888,1,nvidia/Llama-3.3-70B-Instruct-NVFP4,hayashi
compose,9,0.8888888888888888,0.8888888888888888,1,nvidia/Llama-3.3-70B-Instruct-NVFP4,hayashi
passage,18,0.8888888888888888,0.8888888888888888,2,nvidia/Llama-3.3-70B-Instruct-NVFP4,hayashi
thong,9,0.8888888888888888,0.8888888888888888,1,nvidia/Llama-3.3-70B-Instruct-NVFP4,hayashi
realism,9,0.8888888888888888,0.8888888888888888,1,nvidia/Llama-3.3-70B-Instruct-NVFP4,hayashi
evacuate,9,0.8888888888888888,0.8888888888888888,1,nvidia/Llama-3.3-70B-Instruct-NVFP4,hayashi
extinction,9,0.8888888888888888,0.8888888888888888,1,nvidia/Llama-3.3-70B-Instruct-NVFP4,hayashi
transcribe,9,0.8888888888888888,0.8888888888888888,1,nvidia/Llama-3.3-70B-Instruct-NVFP4,hayashi
stiffness,9,0.8888888888888888,0.8888888888888888,1,nvidia/Llama-3.3-70B-Instruct-NVFP4,hayashi
call_in,9,0.8888888888888888,0.8888888888888888,1,nvidia/Llama-3.3-70B-Instruct-NVFP4,hayashi
take,55,0.8909090909090909,0.8891129032258065,6,nvidia/Llama-3.3-70B-Instruct-NVFP4,hayashi
impress,10,0.9,0.8901098901098901,1,nvidia/Llama-3.3-70B-Instruct-NVFP4,hayashi
supplement,10,0.9,0.8901098901098901,1,nvidia/Llama-3.3-70B-Instruct-NVFP4,hayashi
flush,10,0.9,0.8901098901098901,1,nvidia/Llama-3.3-70B-Instruct-NVFP4,hayashi
reverse,10,0.9,0.8901098901098901,1,nvidia/Llama-3.3-70B-Instruct-NVFP4,hayashi
band,19,0.8947368421052632,0.8920454545454546,2,nvidia/Llama-3.3-70B-Instruct-NVFP4,hayashi
deal,19,0.8947368421052632,0.8920454545454546,2,nvidia/Llama-3.3-70B-Instruct-NVFP4,hayashi
spread,29,0.896551724137931,0.8960573476702509,3,nvidia/Llama-3.3-70B-Instruct-NVFP4,hayashi
down,10,0.9,0.898989898989899,1,nvidia/Llama-3.3-70B-Instruct-NVFP4,hayashi
bid,10,0.9,0.898989898989899,1,nvidia/Llama-3.3-70B-Instruct-NVFP4,hayashi
mosaic,10,0.9,0.898989898989899,1,nvidia/Llama-3.3-70B-Instruct-NVFP4,hayashi
subject,10,0.9,0.898989898989899,1,nvidia/Llama-3.3-70B-Instruct-NVFP4,hayashi
rubber,10,0.9,0.898989898989899,1,nvidia/Llama-3.3-70B-Instruct-NVFP4,hayashi
zero,10,0.9,0.898989898989899,1,nvidia/Llama-3.3-70B-Instruct-NVFP4,hayashi
foul,10,0.9,0.898989898989899,1,nvidia/Llama-3.3-70B-Instruct-NVFP4,hayashi
flat,10,0.9,0.898989898989899,1,nvidia/Llama-3.3-70B-Instruct-NVFP4,hayashi
drawing,10,0.9,0.898989898989899,1,nvidia/Llama-3.3-70B-Instruct-NVFP4,hayashi
trust,10,0.9,0.898989898989899,1,nvidia/Llama-3.3-70B-Instruct-NVFP4,hayashi
radius,10,0.9,0.898989898989899,1,nvidia/Llama-3.3-70B-Instruct-NVFP4,hayashi
boost,10,0.9,0.898989898989899,1,nvidia/Llama-3.3-70B-Instruct-NVFP4,hayashi
keep_up,10,0.9,0.898989898989899,1,nvidia/Llama-3.3-70B-Instruct-NVFP4,hayashi
habit,10,0.9,0.898989898989899,1,nvidia/Llama-3.3-70B-Instruct-NVFP4,hayashi
trip,10,0.9,0.898989898989899,1,nvidia/Llama-3.3-70B-Instruct-NVFP4,hayashi
transport,10,0.9,0.898989898989899,1,nvidia/Llama-3.3-70B-Instruct-NVFP4,hayashi
picket,10,0.9,0.898989898989899,1,nvidia/Llama-3.3-70B-Instruct-NVFP4,hayashi
character,10,0.9,0.898989898989899,1,nvidia/Llama-3.3-70B-Instruct-NVFP4,hayashi
reinforcement,10,0.9,0.898989898989899,1,nvidia/Llama-3.3-70B-Instruct-NVFP4,hayashi
crash,20,0.9,0.9,2,nvidia/Llama-3.3-70B-Instruct-NVFP4,hayashi
take_up,21,0.9047619047619048,0.9027777777777777,2,nvidia/Llama-3.3-70B-Instruct-NVFP4,hayashi
break,85,0.9058823529411765,0.9057649667405765,8,nvidia/Llama-3.3-70B-Instruct-NVFP4,hayashi
load,11,0.9090909090909091,0.905982905982906,1,nvidia/Llama-3.3-70B-Instruct-NVFP4,hayashi
jumper,11,0.9090909090909091,0.905982905982906,1,nvidia/Llama-3.3-70B-Instruct-NVFP4,hayashi
work_out,11,0.9090909090909091,0.905982905982906,1,nvidia/Llama-3.3-70B-Instruct-NVFP4,hayashi
corruption,11,0.9090909090909091,0.905982905982906,1,nvidia/Llama-3.3-70B-Instruct-NVFP4,hayashi
suspension,11,0.9090909090909091,0.905982905982906,1,nvidia/Llama-3.3-70B-Instruct-NVFP4,hayashi
core,11,0.9090909090909091,0.905982905982906,1,nvidia/Llama-3.3-70B-Instruct-NVFP4,hayashi
field,22,0.9090909090909091,0.9083333333333333,2,nvidia/Llama-3.3-70B-Instruct-NVFP4,hayashi
sight,11,0.9090909090909091,0.9090909090909091,1,nvidia/Llama-3.3-70B-Instruct-NVFP4,hayashi
cycle,11,0.9090909090909091,0.9090909090909091,1,nvidia/Llama-3.3-70B-Instruct-NVFP4,hayashi
rocker,11,0.9090909090909091,0.9090909090909091,1,nvidia/Llama-3.3-70B-Instruct-NVFP4,hayashi
correction,11,0.9090909090909091,0.9090909090909091,1,nvidia/Llama-3.3-70B-Instruct-NVFP4,hayashi
utility,11,0.9090909090909091,0.9090909090909091,1,nvidia/Llama-3.3-70B-Instruct-NVFP4,hayashi
pay_off,11,0.9090909090909091,0.9090909090909091,1,nvidia/Llama-3.3-70B-Instruct-NVFP4,hayashi
bite,11,0.9090909090909091,0.9090909090909091,1,nvidia/Llama-3.3-70B-Instruct-NVFP4,hayashi
sound,34,0.9117647058823529,0.9098143236074271,3,nvidia/Llama-3.3-70B-Instruct-NVFP4,hayashi
mantle,12,0.9166666666666666,0.9111111111111111,1,nvidia/Llama-3.3-70B-Instruct-NVFP4,hayashi
stall,12,0.9166666666666666,0.9111111111111111,1,nvidia/Llama-3.3-70B-Instruct-NVFP4,hayashi
experience,12,0.9166666666666666,0.9111111111111111,1,nvidia/Llama-3.3-70B-Instruct-NVFP4,hayashi
draw,57,0.9122807017543859,0.9121725731895223,5,nvidia/Llama-3.3-70B-Instruct-NVFP4,hayashi
screen,23,0.9130434782608695,0.9128787878787878,2,nvidia/Llama-3.3-70B-Instruct-NVFP4,hayashi
brace,23,0.9130434782608695,0.9128787878787878,2,nvidia/Llama-3.3-70B-Instruct-NVFP4,hayashi
connect,12,0.9166666666666666,0.916083916083916,1,nvidia/Llama-3.3-70B-Instruct-NVFP4,hayashi
go_down,12,0.9166666666666666,0.916083916083916,1,nvidia/Llama-3.3-70B-Instruct-NVFP4,hayashi
bank,12,0.9166666666666666,0.916083916083916,1,nvidia/Llama-3.3-70B-Instruct-NVFP4,hayashi
common,12,0.9166666666666666,0.916083916083916,1,nvidia/Llama-3.3-70B-Instruct-NVFP4,hayashi
rack,12,0.9166666666666666,0.916083916083916,1,nvidia/Llama-3.3-70B-Instruct-NVFP4,hayashi
cut_off,12,0.9166666666666666,0.916083916083916,1,nvidia/Llama-3.3-70B-Instruct-NVFP4,hayashi
square,12,0.9166666666666666,0.916083916083916,1,nvidia/Llama-3.3-70B-Instruct-NVFP4,hayashi
course,12,0.9166666666666666,0.916083916083916,1,nvidia/Llama-3.3-70B-Instruct-NVFP4,hayashi
slip,37,0.918918918918919,0.9186813186813187,3,nvidia/Llama-3.3-70B-Instruct-NVFP4,hayashi
address,26,0.9230769230769231,0.91875,2,nvidia/Llama-3.3-70B-Instruct-NVFP4,hayashi
tap,25,0.92,0.9198717948717949,2,nvidia/Llama-3.3-70B-Instruct-NVFP4,hayashi
pack,13,0.9230769230769231,0.9212121212121211,1,nvidia/Llama-3.3-70B-Instruct-NVFP4,hayashi
dive,13,0.9230769230769231,0.9212121212121211,1,nvidia/Llama-3.3-70B-Instruct-NVFP4,hayashi
acceptance,13,0.9230769230769231,0.9212121212121211,1,nvidia/Llama-3.3-70B-Instruct-NVFP4,hayashi
wedge,13,0.9230769230769231,0.9212121212121211,1,nvidia/Llama-3.3-70B-Instruct-NVFP4,hayashi
pull,13,0.9230769230769231,0.9212121212121211,1,nvidia/Llama-3.3-70B-Instruct-NVFP4,hayashi
cast,13,0.9230769230769231,0.9212121212121211,1,nvidia/Llama-3.3-70B-Instruct-NVFP4,hayashi
discharge,13,0.9230769230769231,0.9230769230769231,1,nvidia/Llama-3.3-70B-Instruct-NVFP4,hayashi
model,13,0.9230769230769231,0.9230769230769231,1,nvidia/Llama-3.3-70B-Instruct-NVFP4,hayashi
back,13,0.9230769230769231,0.9230769230769231,1,nvidia/Llama-3.3-70B-Instruct-NVFP4,hayashi
shock,13,0.9230769230769231,0.9230769230769231,1,nvidia/Llama-3.3-70B-Instruct-NVFP4,hayashi
title,13,0.9230769230769231,0.9230769230769231,1,nvidia/Llama-3.3-70B-Instruct-NVFP4,hayashi
appeal,13,0.9230769230769231,0.9230769230769231,1,nvidia/Llama-3.3-70B-Instruct-NVFP4,hayashi
base,40,0.925,0.9245757385292269,3,nvidia/Llama-3.3-70B-Instruct-NVFP4,hayashi
formula,14,0.9285714285714286,0.9282051282051282,1,nvidia/Llama-3.3-70B-Instruct-NVFP4,hayashi
master,14,0.9285714285714286,0.9282051282051282,1,nvidia/Llama-3.3-70B-Instruct-NVFP4,hayashi
runner,14,0.9285714285714286,0.9282051282051282,1,nvidia/Llama-3.3-70B-Instruct-NVFP4,hayashi
charge,46,0.9347826086956522,0.9308270676691729,3,nvidia/Llama-3.3-70B-Instruct-NVFP4,hayashi
meet,15,0.9333333333333333,0.9321266968325792,1,nvidia/Llama-3.3-70B-Instruct-NVFP4,hayashi
lay,15,0.9333333333333333,0.9321266968325792,1,nvidia/Llama-3.3-70B-Instruct-NVFP4,hayashi
corner,16,0.9375,0.9372549019607843,1,nvidia/Llama-3.3-70B-Instruct-NVFP4,hayashi
capture,16,0.9375,0.9372549019607843,1,nvidia/Llama-3.3-70B-Instruct-NVFP4,hayashi
node,16,0.9375,0.9372549019607843,1,nvidia/Llama-3.3-70B-Instruct-NVFP4,hayashi
pickup,16,0.9375,0.9372549019607843,1,nvidia/Llama-3.3-70B-Instruct-NVFP4,hayashi
fall,17,0.9411764705882353,0.9377289377289377,1,nvidia/Llama-3.3-70B-Instruct-NVFP4,hayashi
figure,17,0.9411764705882353,0.9403508771929825,1,nvidia/Llama-3.3-70B-Instruct-NVFP4,hayashi
drive,17,0.9411764705882353,0.9403508771929825,1,nvidia/Llama-3.3-70B-Instruct-NVFP4,hayashi
seal,17,0.9411764705882353,0.9411764705882353,1,nvidia/Llama-3.3-70B-Instruct-NVFP4,hayashi
suffer,17,0.9411764705882353,0.9411764705882353,1,nvidia/Llama-3.3-70B-Instruct-NVFP4,hayashi
lead,34,0.9411764705882353,0.9411764705882353,2,nvidia/Llama-3.3-70B-Instruct-NVFP4,hayashi
tread,17,0.9411764705882353,0.9411764705882353,1,nvidia/Llama-3.3-70B-Instruct-NVFP4,hayashi
cutting,18,0.9444444444444444,0.9428571428571428,1,nvidia/Llama-3.3-70B-Instruct-NVFP4,hayashi
crack,18,0.9444444444444444,0.9442724458204335,1,nvidia/Llama-3.3-70B-Instruct-NVFP4,hayashi
crown,18,0.9444444444444444,0.9442724458204335,1,nvidia/Llama-3.3-70B-Instruct-NVFP4,hayashi
extend,20,0.95,0.9466666666666667,1,nvidia/Llama-3.3-70B-Instruct-NVFP4,hayashi
extension,19,0.9473684210526315,0.9473684210526315,1,nvidia/Llama-3.3-70B-Instruct-NVFP4,hayashi
show,20,0.95,0.948849104859335,1,nvidia/Llama-3.3-70B-Instruct-NVFP4,hayashi
life,20,0.95,0.948849104859335,1,nvidia/Llama-3.3-70B-Instruct-NVFP4,hayashi
call,20,0.95,0.948849104859335,1,nvidia/Llama-3.3-70B-Instruct-NVFP4,hayashi
fit,20,0.95,0.948849104859335,1,nvidia/Llama-3.3-70B-Instruct-NVFP4,hayashi
bound,20,0.95,0.949874686716792,1,nvidia/Llama-3.3-70B-Instruct-NVFP4,hayashi
take_in,22,0.9545454545454546,0.9536842105263157,1,nvidia/Llama-3.3-70B-Instruct-NVFP4,hayashi
roll,22,0.9545454545454546,0.9536842105263157,1,nvidia/Llama-3.3-70B-Instruct-NVFP4,hayashi
stretch,23,0.9565217391304348,0.9561904761904761,1,nvidia/Llama-3.3-70B-Instruct-NVFP4,hayashi
pass,53,0.9622641509433962,0.9615942028985507,2,nvidia/Llama-3.3-70B-Instruct-NVFP4,hayashi
strain,32,0.96875,0.9687194525904204,1,nvidia/Llama-3.3-70B-Instruct-NVFP4,hayashi
accelerator,5,1.0,1.0,0,nvidia/Llama-3.3-70B-Instruct-NVFP4,hayashi
accent,6,1.0,1.0,0,nvidia/Llama-3.3-70B-Instruct-NVFP4,hayashi
exposition,7,1.0,1.0,0,nvidia/Llama-3.3-70B-Instruct-NVFP4,hayashi
amplification,6,1.0,1.0,0,nvidia/Llama-3.3-70B-Instruct-NVFP4,hayashi
amplify,7,1.0,1.0,0,nvidia/Llama-3.3-70B-Instruct-NVFP4,hayashi
exercise,7,1.0,1.0,0,nvidia/Llama-3.3-70B-Instruct-NVFP4,hayashi
exit,5,1.0,1.0,0,nvidia/Llama-3.3-70B-Instruct-NVFP4,hayashi
acquaintance,5,1.0,1.0,0,nvidia/Llama-3.3-70B-Instruct-NVFP4,hayashi
Wilson,9,1.0,1.0,0,nvidia/Llama-3.3-70B-Instruct-NVFP4,hayashi
abstraction,11,1.0,1.0,0,nvidia/Llama-3.3-70B-Instruct-NVFP4,hayashi
appointed,8,1.0,1.0,0,nvidia/Llama-3.3-70B-Instruct-NVFP4,hayashi
attachment,10,1.0,1.0,0,nvidia/Llama-3.3-70B-Instruct-NVFP4,hayashi
assault,7,1.0,1.0,0,nvidia/Llama-3.3-70B-Instruct-NVFP4,hayashi
escape,10,1.0,1.0,0,nvidia/Llama-3.3-70B-Instruct-NVFP4,hayashi
evacuation,6,1.0,1.0,0,nvidia/Llama-3.3-70B-Instruct-NVFP4,hayashi
engagement,9,1.0,1.0,0,nvidia/Llama-3.3-70B-Instruct-NVFP4,hayashi
enjoy,8,1.0,1.0,0,nvidia/Llama-3.3-70B-Instruct-NVFP4,hayashi
trick,9,1.0,1.0,0,nvidia/Llama-3.3-70B-Instruct-NVFP4,hayashi
tug,10,1.0,1.0,0,nvidia/Llama-3.3-70B-Instruct-NVFP4,hayashi
assignment,10,1.0,1.0,0,nvidia/Llama-3.3-70B-Instruct-NVFP4,hayashi
printer,6,1.0,1.0,0,nvidia/Llama-3.3-70B-Instruct-NVFP4,hayashi
potential,5,1.0,1.0,0,nvidia/Llama-3.3-70B-Instruct-NVFP4,hayashi
precipitate,8,1.0,1.0,0,nvidia/Llama-3.3-70B-Instruct-NVFP4,hayashi
preference,6,1.0,1.0,0,nvidia/Llama-3.3-70B-Instruct-NVFP4,hayashi
propagation,6,1.0,1.0,0,nvidia/Llama-3.3-70B-Instruct-NVFP4,hayashi
providence,8,1.0,1.0,0,nvidia/Llama-3.3-70B-Instruct-NVFP4,hayashi
persistence,6,1.0,1.0,0,nvidia/Llama-3.3-70B-Instruct-NVFP4,hayashi
publication,8,1.0,1.0,0,nvidia/Llama-3.3-70B-Instruct-NVFP4,hayashi
ram,5,1.0,1.0,0,nvidia/Llama-3.3-70B-Instruct-NVFP4,hayashi
prominence,5,1.0,1.0,0,nvidia/Llama-3.3-70B-Instruct-NVFP4,hayashi
waste,6,1.0,1.0,0,nvidia/Llama-3.3-70B-Instruct-NVFP4,hayashi
whip,8,1.0,1.0,0,nvidia/Llama-3.3-70B-Instruct-NVFP4,hayashi
cloudy,5,1.0,1.0,0,nvidia/Llama-3.3-70B-Instruct-NVFP4,hayashi
club,7,1.0,1.0,0,nvidia/Llama-3.3-70B-Instruct-NVFP4,hayashi
coat,6,1.0,1.0,0,nvidia/Llama-3.3-70B-Instruct-NVFP4,hayashi
put_up,13,1.0,1.0,0,nvidia/Llama-3.3-70B-Instruct-NVFP4,hayashi
adjustment,5,1.0,1.0,0,nvidia/Llama-3.3-70B-Instruct-NVFP4,hayashi
wash,13,1.0,1.0,0,nvidia/Llama-3.3-70B-Instruct-NVFP4,hayashi
adoption,5,1.0,1.0,0,nvidia/Llama-3.3-70B-Instruct-NVFP4,hayashi
demonstrate,6,1.0,1.0,0,nvidia/Llama-3.3-70B-Instruct-NVFP4,hayashi
depress,6,1.0,1.0,0,nvidia/Llama-3.3-70B-Instruct-NVFP4,hayashi
depressed,6,1.0,1.0,0,nvidia/Llama-3.3-70B-Instruct-NVFP4,hayashi
spirit,11,1.0,1.0,0,nvidia/Llama-3.3-70B-Instruct-NVFP4,hayashi
spectacle,5,1.0,1.0,0,nvidia/Llama-3.3-70B-Instruct-NVFP4,hayashi
bosom,5,1.0,1.0,0,nvidia/Llama-3.3-70B-Instruct-NVFP4,hayashi
bow,18,1.0,1.0,0,nvidia/Llama-3.3-70B-Instruct-NVFP4,hayashi
hood,16,1.0,1.0,0,nvidia/Llama-3.3-70B-Instruct-NVFP4,hayashi
spare,7,1.0,1.0,0,nvidia/Llama-3.3-70B-Instruct-NVFP4,hayashi
dare,5,1.0,1.0,0,nvidia/Llama-3.3-70B-Instruct-NVFP4,hayashi
slate,6,1.0,1.0,0,nvidia/Llama-3.3-70B-Instruct-NVFP4,hayashi
sleeper,13,1.0,1.0,0,nvidia/Llama-3.3-70B-Instruct-NVFP4,hayashi
slice,7,1.0,1.0,0,nvidia/Llama-3.3-70B-Instruct-NVFP4,hayashi
interface,5,1.0,1.0,0,nvidia/Llama-3.3-70B-Instruct-NVFP4,hayashi
interpreter,6,1.0,1.0,0,nvidia/Llama-3.3-70B-Instruct-NVFP4,hayashi
inversion,16,1.0,1.0,0,nvidia/Llama-3.3-70B-Instruct-NVFP4,hayashi
sling,7,1.0,1.0,0,nvidia/Llama-3.3-70B-Instruct-NVFP4,hayashi
skirt,5,1.0,1.0,0,nvidia/Llama-3.3-70B-Instruct-NVFP4,hayashi
jack,13,1.0,1.0,0,nvidia/Llama-3.3-70B-Instruct-NVFP4,hayashi
instruction,6,1.0,1.0,0,nvidia/Llama-3.3-70B-Instruct-NVFP4,hayashi
landing,8,1.0,1.0,0,nvidia/Llama-3.3-70B-Instruct-NVFP4,hayashi
landscape,5,1.0,1.0,0,nvidia/Llama-3.3-70B-Instruct-NVFP4,hayashi
crossing,11,1.0,1.0,0,nvidia/Llama-3.3-70B-Instruct-NVFP4,hayashi
journal,6,1.0,1.0,0,nvidia/Llama-3.3-70B-Instruct-NVFP4,hayashi
hardware,6,1.0,1.0,0,nvidia/Llama-3.3-70B-Instruct-NVFP4,hayashi
harmony,6,1.0,1.0,0,nvidia/Llama-3.3-70B-Instruct-NVFP4,hayashi
hail,8,1.0,1.0,0,nvidia/Llama-3.3-70B-Instruct-NVFP4,hayashi
disk,7,1.0,1.0,0,nvidia/Llama-3.3-70B-Instruct-NVFP4,hayashi
haunt,6,1.0,1.0,0,nvidia/Llama-3.3-70B-Instruct-NVFP4,hayashi
heading,6,1.0,1.0,0,nvidia/Llama-3.3-70B-Instruct-NVFP4,hayashi
starter,11,1.0,1.0,0,nvidia/Llama-3.3-70B-Instruct-NVFP4,hayashi
stagger,8,1.0,1.0,0,nvidia/Llama-3.3-70B-Instruct-NVFP4,hayashi
solitaire,5,1.0,1.0,0,nvidia/Llama-3.3-70B-Instruct-NVFP4,hayashi
sophistication,8,1.0,1.0,0,nvidia/Llama-3.3-70B-Instruct-NVFP4,hayashi
sponge,7,1.0,1.0,0,nvidia/Llama-3.3-70B-Instruct-NVFP4,hayashi
sporting,6,1.0,1.0,0,nvidia/Llama-3.3-70B-Instruct-NVFP4,hayashi
depression,17,1.0,1.0,0,nvidia/Llama-3.3-70B-Instruct-NVFP4,hayashi
detail,8,1.0,1.0,0,nvidia/Llama-3.3-70B-Instruct-NVFP4,hayashi
direction,12,1.0,1.0,0,nvidia/Llama-3.3-70B-Instruct-NVFP4,hayashi
discipline,8,1.0,1.0,0,nvidia/Llama-3.3-70B-Instruct-NVFP4,hayashi
dim,7,1.0,1.0,0,nvidia/Llama-3.3-70B-Instruct-NVFP4,hayashi
spring,5,1.0,1.0,0,nvidia/Llama-3.3-70B-Instruct-NVFP4,hayashi
spur,9,1.0,1.0,0,nvidia/Llama-3.3-70B-Instruct-NVFP4,hayashi
coverage,5,1.0,1.0,0,nvidia/Llama-3.3-70B-Instruct-NVFP4,hayashi
look,5,1.0,1.0,0,nvidia/Llama-3.3-70B-Instruct-NVFP4,hayashi
credit,15,1.0,1.0,0,nvidia/Llama-3.3-70B-Instruct-NVFP4,hayashi
romance,8,1.0,1.0,0,nvidia/Llama-3.3-70B-Instruct-NVFP4,hayashi
liberty,8,1.0,1.0,0,nvidia/Llama-3.3-70B-Instruct-NVFP4,hayashi
loom,6,1.0,1.0,0,nvidia/Llama-3.3-70B-Instruct-NVFP4,hayashi
line,34,1.0,1.0,0,nvidia/Llama-3.3-70B-Instruct-NVFP4,hayashi
lobe,7,1.0,1.0,0,nvidia/Llama-3.3-70B-Instruct-NVFP4,hayashi
sheer,5,1.0,1.0,0,nvidia/Llama-3.3-70B-Instruct-NVFP4,hayashi
sewer,5,1.0,1.0,0,nvidia/Llama-3.3-70B-Instruct-NVFP4,hayashi
lesson,5,1.0,1.0,0,nvidia/Llama-3.3-70B-Instruct-NVFP4,hayashi
sector,8,1.0,1.0,0,nvidia/Llama-3.3-70B-Instruct-NVFP4,hayashi
shade,8,1.0,1.0,0,nvidia/Llama-3.3-70B-Instruct-NVFP4,hayashi
separated,8,1.0,1.0,0,nvidia/Llama-3.3-70B-Instruct-NVFP4,hayashi
measure,15,1.0,1.0,0,nvidia/Llama-3.3-70B-Instruct-NVFP4,hayashi
mask,13,1.0,1.0,0,nvidia/Llama-3.3-70B-Instruct-NVFP4,hayashi
canon,5,1.0,1.0,0,nvidia/Llama-3.3-70B-Instruct-NVFP4,hayashi
catch,15,1.0,1.0,0,nvidia/Llama-3.3-70B-Instruct-NVFP4,hayashi
carrier,14,1.0,1.0,0,nvidia/Llama-3.3-70B-Instruct-NVFP4,hayashi
lot,8,1.0,1.0,0,nvidia/Llama-3.3-70B-Instruct-NVFP4,hayashi
roughly,6,1.0,1.0,0,nvidia/Llama-3.3-70B-Instruct-NVFP4,hayashi
run_down,13,1.0,1.0,0,nvidia/Llama-3.3-70B-Instruct-NVFP4,hayashi
confederacy,6,1.0,1.0,0,nvidia/Llama-3.3-70B-Instruct-NVFP4,hayashi
stump,6,1.0,1.0,0,nvidia/Llama-3.3-70B-Instruct-NVFP4,hayashi
strike_out,6,1.0,1.0,0,nvidia/Llama-3.3-70B-Instruct-NVFP4,hayashi
striker,5,1.0,1.0,0,nvidia/Llama-3.3-70B-Instruct-NVFP4,hayashi
sway,5,1.0,1.0,0,nvidia/Llama-3.3-70B-Instruct-NVFP4,hayashi
swear,6,1.0,1.0,0,nvidia/Llama-3.3-70B-Instruct-NVFP4,hayashi
suite,6,1.0,1.0,0,nvidia/Llama-3.3-70B-Instruct-NVFP4,hayashi
blister,5,1.0,1.0,0,nvidia/Llama-3.3-70B-Instruct-NVFP4,hayashi
stroke,19,1.0,1.0,0,nvidia/Llama-3.3-70B-Instruct-NVFP4,hayashi
get_away,6,1.0,1.0,0,nvidia/Llama-3.3-70B-Instruct-NVFP4,hayashi
grace,10,1.0,1.0,0,nvidia/Llama-3.3-70B-Instruct-NVFP4,hayashi
give_away,8,1.0,1.0,0,nvidia/Llama-3.3-70B-Instruct-NVFP4,hayashi
belt,8,1.0,1.0,0,nvidia/Llama-3.3-70B-Instruct-NVFP4,hayashi
beset,6,1.0,1.0,0,nvidia/Llama-3.3-70B-Instruct-NVFP4,hayashi
diverge,7,1.0,1.0,0,nvidia/Llama-3.3-70B-Instruct-NVFP4,hayashi
double,12,1.0,1.0,0,nvidia/Llama-3.3-70B-Instruct-NVFP4,hayashi
doubt,5,1.0,1.0,0,nvidia/Llama-3.3-70B-Instruct-NVFP4,hayashi
gallery,7,1.0,1.0,0,nvidia/Llama-3.3-70B-Instruct-NVFP4,hayashi
outfit,6,1.0,1.0,0,nvidia/Llama-3.3-70B-Instruct-NVFP4,hayashi
outlet,7,1.0,1.0,0,nvidia/Llama-3.3-70B-Instruct-NVFP4,hayashi
mound,6,1.0,1.0,0,nvidia/Llama-3.3-70B-Instruct-NVFP4,hayashi
nobility,5,1.0,1.0,0,nvidia/Llama-3.3-70B-Instruct-NVFP4,hayashi
operation,15,1.0,1.0,0,nvidia/Llama-3.3-70B-Instruct-NVFP4,hayashi
peculiar,6,1.0,1.0,0,nvidia/Llama-3.3-70B-Instruct-NVFP4,hayashi
ordinary,9,1.0,1.0,0,nvidia/Llama-3.3-70B-Instruct-NVFP4,hayashi
offset,8,1.0,1.0,0,nvidia/Llama-3.3-70B-Instruct-NVFP4,hayashi
once,5,1.0,1.0,0,nvidia/Llama-3.3-70B-Instruct-NVFP4,hayashi
ounce,5,1.0,1.0,0,nvidia/Llama-3.3-70B-Instruct-NVFP4,hayashi
chad,7,1.0,1.0,0,nvidia/Llama-3.3-70B-Instruct-NVFP4,hayashi
cartridge,8,1.0,1.0,0,nvidia/Llama-3.3-70B-Instruct-NVFP4,hayashi
revolutionary,6,1.0,1.0,0,nvidia/Llama-3.3-70B-Instruct-NVFP4,hayashi
conceive,6,1.0,1.0,0,nvidia/Llama-3.3-70B-Instruct-NVFP4,hayashi
concentrate,12,1.0,1.0,0,nvidia/Llama-3.3-70B-Instruct-NVFP4,hayashi
partner,6,1.0,1.0,0,nvidia/Llama-3.3-70B-Instruct-NVFP4,hayashi
freshness,8,1.0,1.0,0,nvidia/Llama-3.3-70B-Instruct-NVFP4,hayashi
tension,8,1.0,1.0,0,nvidia/Llama-3.3-70B-Instruct-NVFP4,hayashi
go_off,8,1.0,1.0,0,nvidia/Llama-3.3-70B-Instruct-NVFP4,hayashi
fog,5,1.0,1.0,0,nvidia/Llama-3.3-70B-Instruct-NVFP4,hayashi
fold,9,1.0,1.0,0,nvidia/Llama-3.3-70B-Instruct-NVFP4,hayashi
formulation,6,1.0,1.0,0,nvidia/Llama-3.3-70B-Instruct-NVFP4,hayashi
forth,5,1.0,1.0,0,nvidia/Llama-3.3-70B-Instruct-NVFP4,hayashi
bathe,5,1.0,1.0,0,nvidia/Llama-3.3-70B-Instruct-NVFP4,hayashi
bean,6,1.0,1.0,0,nvidia/Llama-3.3-70B-Instruct-NVFP4,hayashi
bearing,10,1.0,1.0,0,nvidia/Llama-3.3-70B-Instruct-NVFP4,hayashi
flight,10,1.0,1.0,0,nvidia/Llama-3.3-70B-Instruct-NVFP4,hayashi
sweetheart,5,1.0,1.0,0,nvidia/Llama-3.3-70B-Instruct-NVFP4,hayashi
bark,6,1.0,1.0,0,nvidia/Llama-3.3-70B-Instruct-NVFP4,hayashi
take_back,8,1.0,1.0,0,nvidia/Llama-3.3-70B-Instruct-NVFP4,hayashi
take_off,13,1.0,1.0,0,nvidia/Llama-3.3-70B-Instruct-NVFP4,hayashi
earthy,6,1.0,1.0,0,nvidia/Llama-3.3-70B-Instruct-NVFP4,hayashi
enamel,8,1.0,1.0,0,nvidia/Llama-3.3-70B-Instruct-NVFP4,hayashi
drown,10,1.0,1.0,0,nvidia/Llama-3.3-70B-Instruct-NVFP4,hayashi
tremor,5,1.0,1.0,0,nvidia/Llama-3.3-70B-Instruct-NVFP4,hayashi
finely,5,1.0,1.0,0,nvidia/Llama-3.3-70B-Instruct-NVFP4,hayashi
fix,15,1.0,1.0,0,nvidia/Llama-3.3-70B-Instruct-NVFP4,hayashi
fixation,7,1.0,1.0,0,nvidia/Llama-3.3-70B-Instruct-NVFP4,hayashi
fellowship,5,1.0,1.0,0,nvidia/Llama-3.3-70B-Instruct-NVFP4,hayashi
fighter,6,1.0,1.0,0,nvidia/Llama-3.3-70B-Instruct-NVFP4,hayashi
dwell,5,1.0,1.0,0,nvidia/Llama-3.3-70B-Instruct-NVFP4,hayashi
thought,5,1.0,1.0,0,nvidia/Llama-3.3-70B-Instruct-NVFP4,hayashi
tie,13,1.0,1.0,0,nvidia/Llama-3.3-70B-Instruct-NVFP4,hayashi
filling,5,1.0,1.0,0,nvidia/Llama-3.3-70B-Instruct-NVFP4,hayashi
fault,11,1.0,1.0,0,nvidia/Llama-3.3-70B-Instruct-NVFP4,hayashi
association,12,1.0,1.0,0,nvidia/Llama-3.3-70B-Instruct-NVFP4,hayashi
theater,6,1.0,1.0,0,nvidia/Llama-3.3-70B-Instruct-NVFP4,hayashi
theme,6,1.0,1.0,0,nvidia/Llama-3.3-70B-Instruct-NVFP4,hayashi
then,5,1.0,1.0,0,nvidia/Llama-3.3-70B-Instruct-NVFP4,hayashi
third,6,1.0,1.0,0,nvidia/Llama-3.3-70B-Instruct-NVFP4,hayashi
remote,6,1.0,1.0,0,nvidia/Llama-3.3-70B-Instruct-NVFP4,hayashi
claim,9,1.0,1.0,0,nvidia/Llama-3.3-70B-Instruct-NVFP4,hayashi
concession,6,1.0,1.0,0,nvidia/Llama-3.3-70B-Instruct-NVFP4,hayashi
condemnation,7,1.0,1.0,0,nvidia/Llama-3.3-70B-Instruct-NVFP4,hayashi
condensation,10,1.0,1.0,0,nvidia/Llama-3.3-70B-Instruct-NVFP4,hayashi
complication,5,1.0,1.0,0,nvidia/Llama-3.3-70B-Instruct-NVFP4,hayashi
receiver,7,1.0,1.0,0,nvidia/Llama-3.3-70B-Instruct-NVFP4,hayashi
refined,7,1.0,1.0,0,nvidia/Llama-3.3-70B-Instruct-NVFP4,hayashi
chill,7,1.0,1.0,0,nvidia/Llama-3.3-70B-Instruct-NVFP4,hayashi
coherent,6,1.0,1.0,0,nvidia/Llama-3.3-70B-Instruct-NVFP4,hayashi
come_on,6,1.0,1.0,0,nvidia/Llama-3.3-70B-Instruct-NVFP4,hayashi
come_to,5,1.0,1.0,0,nvidia/Llama-3.3-70B-Instruct-NVFP4,hayashi
compound,5,1.0,1.0,0,nvidia/Llama-3.3-70B-Instruct-NVFP4,hayashi
comfort,10,1.0,1.0,0,nvidia/Llama-3.3-70B-Instruct-NVFP4,hayashi
phoenix,5,1.0,1.0,0,nvidia/Llama-3.3-70B-Instruct-NVFP4,hayashi
pick_up,21,1.0,1.0,0,nvidia/Llama-3.3-70B-Instruct-NVFP4,hayashi
poetic,7,1.0,1.0,0,nvidia/Llama-3.3-70B-Instruct-NVFP4,hayashi
pony,5,1.0,1.0,0,nvidia/Llama-3.3-70B-Instruct-NVFP4,hayashi
plug,7,1.0,1.0,0,nvidia/Llama-3.3-70B-Instruct-NVFP4,hayashi
view,20,1.0,1.0,0,nvidia/Llama-3.3-70B-Instruct-NVFP4,hayashi
venture,5,1.0,1.0,0,nvidia/Llama-3.3-70B-Instruct-NVFP4,hayashi
unconscious,6,1.0,1.0,0,nvidia/Llama-3.3-70B-Instruct-NVFP4,hayashi
upset,9,1.0,1.0,0,nvidia/Llama-3.3-70B-Instruct-NVFP4,hayashi
worth,7,1.0,1.0,0,nvidia/Llama-3.3-70B-Instruct-NVFP4,hayashi
variable,5,1.0,1.0,0,nvidia/Llama-3.3-70B-Instruct-NVFP4,hayashi
antiquity,5,1.0,1.0,0,nvidia/Llama-3.3-70B-Instruct-NVFP4,hayashi
answer,7,1.0,1.0,0,nvidia/Llama-3.3-70B-Instruct-NVFP4,hayashi
