label,predicted_label,confidence,lemma,correct,model,mode
1,1,,show,True,nvidia/NVIDIA-Nemotron-Labs-3-Puzzle-75B-A9B-NVFP4,p2
1,1,,show,True,nvidia/NVIDIA-Nemotron-Labs-3-Puzzle-75B-A9B-NVFP4,p2
1,1,,show,True,nvidia/NVIDIA-Nemotron-Labs-3-Puzzle-75B-A9B-NVFP4,p2
1,1,,show,True,nvidia/NVIDIA-Nemotron-Labs-3-Puzzle-75B-A9B-NVFP4,p2
1,1,,show,True,nvidia/NVIDIA-Nemotron-Labs-3-Puzzle-75B-A9B-NVFP4,p2
1,1,,show,True,nvidia/NVIDIA-Nemotron-Labs-3-Puzzle-75B-A9B-NVFP4,p2
1,1,,show,True,nvidia/NVIDIA-Nemotron-Labs-3-Puzzle-75B-A9B-NVFP4,p2
1,1,,show,True,nvidia/NVIDIA-Nemotron-Labs-3-Puzzle-75B-A9B-NVFP4,p2
0,0,,show,True,nvidia/NVIDIA-Nemotron-Labs-3-Puzzle-75B-A9B-NVFP4,p2
0,0,,show,True,nvidia/NVIDIA-Nemotron-Labs-3-Puzzle-75B-A9B-NVFP4,p2
0,0,,show,True,nvidia/NVIDIA-Nemotron-Labs-3-Puzzle-75B-A9B-NVFP4,p2
0,0,,show,True,nvidia/NVIDIA-Nemotron-Labs-3-Puzzle-75B-A9B-NVFP4,p2
0,0,,show,True,nvidia/NVIDIA-Nemotron-Labs-3-Puzzle-75B-A9B-NVFP4,p2
0,0,,show,True,nvidia/NVIDIA-Nemotron-Labs-3-Puzzle-75B-A9B-NVFP4,p2
0,1,,show,False,nvidia/NVIDIA-Nemotron-Labs-3-Puzzle-75B-A9B-NVFP4,p2
0,0,,show,True,nvidia/NVIDIA-Nemotron-Labs-3-Puzzle-75B-A9B-NVFP4,p2
0,1,,show,False,nvidia/NVIDIA-Nemotron-Labs-3-Puzzle-75B-A9B-NVFP4,p2
0,1,,show,False,nvidia/NVIDIA-Nemotron-Labs-3-Puzzle-75B-A9B-NVFP4,p2
0,0,,show,True,nvidia/NVIDIA-Nemotron-Labs-3-Puzzle-75B-A9B-NVFP4,p2
1,1,,take,True,nvidia/NVIDIA-Nemotron-Labs-3-Puzzle-75B-A9B-NVFP4,p2
1,1,,take,True,nvidia/NVIDIA-Nemotron-Labs-3-Puzzle-75B-A9B-NVFP4,p2
1,1,,take,True,nvidia/NVIDIA-Nemotron-Labs-3-Puzzle-75B-A9B-NVFP4,p2
1,1,,take,True,nvidia/NVIDIA-Nemotron-Labs-3-Puzzle-75B-A9B-NVFP4,p2
1,1,,take,True,nvidia/NVIDIA-Nemotron-Labs-3-Puzzle-75B-A9B-NVFP4,p2
1,1,,take,True,nvidia/NVIDIA-Nemotron-Labs-3-Puzzle-75B-A9B-NVFP4,p2
1,0,,take,False,nvidia/NVIDIA-Nemotron-Labs-3-Puzzle-75B-A9B-NVFP4,p2
1,1,,take,True,nvidia/NVIDIA-Nemotron-Labs-3-Puzzle-75B-A9B-NVFP4,p2
1,1,,take,True,nvidia/NVIDIA-Nemotron-Labs-3-Puzzle-75B-A9B-NVFP4,p2
1,1,,take,True,nvidia/NVIDIA-Nemotron-Labs-3-Puzzle-75B-A9B-NVFP4,p2
1,0,,take,False,nvidia/NVIDIA-Nemotron-Labs-3-Puzzle-75B-A9B-NVFP4,p2
1,0,,take,False,nvidia/NVIDIA-Nemotron-Labs-3-Puzzle-75B-A9B-NVFP4,p2
1,1,,take,True,nvidia/NVIDIA-Nemotron-Labs-3-Puzzle-75B-A9B-NVFP4,p2
1,1,,take,True,nvidia/NVIDIA-Nemotron-Labs-3-Puzzle-75B-A9B-NVFP4,p2
1,1,,take,True,nvidia/NVIDIA-Nemotron-Labs-3-Puzzle-75B-A9B-NVFP4,p2
1,1,,take,True,nvidia/NVIDIA-Nemotron-Labs-3-Puzzle-75B-A9B-NVFP4,p2
1,1,,take,True,nvidia/NVIDIA-Nemotron-Labs-3-Puzzle-75B-A9B-NVFP4,p2
0,0,,take,True,nvidia/NVIDIA-Nemotron-Labs-3-Puzzle-75B-A9B-NVFP4,p2
0,0,,take,True,nvidia/NVIDIA-Nemotron-Labs-3-Puzzle-75B-A9B-NVFP4,p2
0,0,,take,True,nvidia/NVIDIA-Nemotron-Labs-3-Puzzle-75B-A9B-NVFP4,p2
0,0,,take,True,nvidia/NVIDIA-Nemotron-Labs-3-Puzzle-75B-A9B-NVFP4,p2
0,0,,take,True,nvidia/NVIDIA-Nemotron-Labs-3-Puzzle-75B-A9B-NVFP4,p2
0,0,,take,True,nvidia/NVIDIA-Nemotron-Labs-3-Puzzle-75B-A9B-NVFP4,p2
0,0,,take,True,nvidia/NVIDIA-Nemotron-Labs-3-Puzzle-75B-A9B-NVFP4,p2
0,0,,take,True,nvidia/NVIDIA-Nemotron-Labs-3-Puzzle-75B-A9B-NVFP4,p2
0,0,,take,True,nvidia/NVIDIA-Nemotron-Labs-3-Puzzle-75B-A9B-NVFP4,p2
0,0,,take,True,nvidia/NVIDIA-Nemotron-Labs-3-Puzzle-75B-A9B-NVFP4,p2
0,0,,take,True,nvidia/NVIDIA-Nemotron-Labs-3-Puzzle-75B-A9B-NVFP4,p2
0,0,,take,True,nvidia/NVIDIA-Nemotron-Labs-3-Puzzle-75B-A9B-NVFP4,p2
0,0,,take,True,nvidia/NVIDIA-Nemotron-Labs-3-Puzzle-75B-A9B-NVFP4,p2
0,0,,take,True,nvidia/NVIDIA-Nemotron-Labs-3-Puzzle-75B-A9B-NVFP4,p2
0,0,,take,True,nvidia/NVIDIA-Nemotron-Labs-3-Puzzle-75B-A9B-NVFP4,p2
0,0,,take,True,nvidia/NVIDIA-Nemotron-Labs-3-Puzzle-75B-A9B-NVFP4,p2
0,0,,take,True,nvidia/NVIDIA-Nemotron-Labs-3-Puzzle-75B-A9B-NVFP4,p2
0,0,,take,True,nvidia/NVIDIA-Nemotron-Labs-3-Puzzle-75B-A9B-NVFP4,p2
0,0,,take,True,nvidia/NVIDIA-Nemotron-Labs-3-Puzzle-75B-A9B-NVFP4,p2
0,0,,take,True,nvidia/NVIDIA-Nemotron-Labs-3-Puzzle-75B-A9B-NVFP4,p2
0,0,,take,True,nvidia/NVIDIA-Nemotron-Labs-3-Puzzle-75B-A9B-NVFP4,p2
0,0,,take,True,nvidia/NVIDIA-Nemotron-Labs-3-Puzzle-75B-A9B-NVFP4,p2
1,1,,find,True,nvidia/NVIDIA-Nemotron-Labs-3-Puzzle-75B-A9B-NVFP4,p2
1,1,,find,True,nvidia/NVIDIA-Nemotron-Labs-3-Puzzle-75B-A9B-NVFP4,p2
1,1,,find,True,nvidia/NVIDIA-Nemotron-Labs-3-Puzzle-75B-A9B-NVFP4,p2
1,1,,find,True,nvidia/NVIDIA-Nemotron-Labs-3-Puzzle-75B-A9B-NVFP4,p2
1,0,,find,False,nvidia/NVIDIA-Nemotron-Labs-3-Puzzle-75B-A9B-NVFP4,p2
1,1,,find,True,nvidia/NVIDIA-Nemotron-Labs-3-Puzzle-75B-A9B-NVFP4,p2
0,1,,find,False,nvidia/NVIDIA-Nemotron-Labs-3-Puzzle-75B-A9B-NVFP4,p2
0,0,,find,True,nvidia/NVIDIA-Nemotron-Labs-3-Puzzle-75B-A9B-NVFP4,p2
0,1,,find,False,nvidia/NVIDIA-Nemotron-Labs-3-Puzzle-75B-A9B-NVFP4,p2
0,0,,find,True,nvidia/NVIDIA-Nemotron-Labs-3-Puzzle-75B-A9B-NVFP4,p2
0,0,,find,True,nvidia/NVIDIA-Nemotron-Labs-3-Puzzle-75B-A9B-NVFP4,p2
0,0,,find,True,nvidia/NVIDIA-Nemotron-Labs-3-Puzzle-75B-A9B-NVFP4,p2
0,0,,find,True,nvidia/NVIDIA-Nemotron-Labs-3-Puzzle-75B-A9B-NVFP4,p2
0,0,,find,True,nvidia/NVIDIA-Nemotron-Labs-3-Puzzle-75B-A9B-NVFP4,p2
1,1,,american,True,nvidia/NVIDIA-Nemotron-Labs-3-Puzzle-75B-A9B-NVFP4,p2
1,1,,american,True,nvidia/NVIDIA-Nemotron-Labs-3-Puzzle-75B-A9B-NVFP4,p2
0,1,,american,False,nvidia/NVIDIA-Nemotron-Labs-3-Puzzle-75B-A9B-NVFP4,p2
1,1,,sound,True,nvidia/NVIDIA-Nemotron-Labs-3-Puzzle-75B-A9B-NVFP4,p2
1,1,,sound,True,nvidia/NVIDIA-Nemotron-Labs-3-Puzzle-75B-A9B-NVFP4,p2
1,1,,sound,True,nvidia/NVIDIA-Nemotron-Labs-3-Puzzle-75B-A9B-NVFP4,p2
1,1,,sound,True,nvidia/NVIDIA-Nemotron-Labs-3-Puzzle-75B-A9B-NVFP4,p2
1,1,,sound,True,nvidia/NVIDIA-Nemotron-Labs-3-Puzzle-75B-A9B-NVFP4,p2
1,1,,sound,True,nvidia/NVIDIA-Nemotron-Labs-3-Puzzle-75B-A9B-NVFP4,p2
1,1,,sound,True,nvidia/NVIDIA-Nemotron-Labs-3-Puzzle-75B-A9B-NVFP4,p2
1,1,,sound,True,nvidia/NVIDIA-Nemotron-Labs-3-Puzzle-75B-A9B-NVFP4,p2
1,1,,sound,True,nvidia/NVIDIA-Nemotron-Labs-3-Puzzle-75B-A9B-NVFP4,p2
1,1,,sound,True,nvidia/NVIDIA-Nemotron-Labs-3-Puzzle-75B-A9B-NVFP4,p2
0,0,,sound,True,nvidia/NVIDIA-Nemotron-Labs-3-Puzzle-75B-A9B-NVFP4,p2
0,0,,sound,True,nvidia/NVIDIA-Nemotron-Labs-3-Puzzle-75B-A9B-NVFP4,p2
0,1,,sound,False,nvidia/NVIDIA-Nemotron-Labs-3-Puzzle-75B-A9B-NVFP4,p2
0,0,,sound,True,nvidia/NVIDIA-Nemotron-Labs-3-Puzzle-75B-A9B-NVFP4,p2
0,0,,sound,True,nvidia/NVIDIA-Nemotron-Labs-3-Puzzle-75B-A9B-NVFP4,p2
0,0,,sound,True,nvidia/NVIDIA-Nemotron-Labs-3-Puzzle-75B-A9B-NVFP4,p2
0,0,,sound,True,nvidia/NVIDIA-Nemotron-Labs-3-Puzzle-75B-A9B-NVFP4,p2
0,0,,sound,True,nvidia/NVIDIA-Nemotron-Labs-3-Puzzle-75B-A9B-NVFP4,p2
0,0,,sound,True,nvidia/NVIDIA-Nemotron-Labs-3-Puzzle-75B-A9B-NVFP4,p2
0,0,,sound,True,nvidia/NVIDIA-Nemotron-Labs-3-Puzzle-75B-A9B-NVFP4,p2
0,0,,sound,True,nvidia/NVIDIA-Nemotron-Labs-3-Puzzle-75B-A9B-NVFP4,p2
0,0,,sound,True,nvidia/NVIDIA-Nemotron-Labs-3-Puzzle-75B-A9B-NVFP4,p2
0,0,,sound,True,nvidia/NVIDIA-Nemotron-Labs-3-Puzzle-75B-A9B-NVFP4,p2
0,0,,sound,True,nvidia/NVIDIA-Nemotron-Labs-3-Puzzle-75B-A9B-NVFP4,p2
0,1,,sound,False,nvidia/NVIDIA-Nemotron-Labs-3-Puzzle-75B-A9B-NVFP4,p2
0,0,,sound,True,nvidia/NVIDIA-Nemotron-Labs-3-Puzzle-75B-A9B-NVFP4,p2
0,0,,sound,True,nvidia/NVIDIA-Nemotron-Labs-3-Puzzle-75B-A9B-NVFP4,p2
0,1,,sound,False,nvidia/NVIDIA-Nemotron-Labs-3-Puzzle-75B-A9B-NVFP4,p2
1,1,,then,True,nvidia/NVIDIA-Nemotron-Labs-3-Puzzle-75B-A9B-NVFP4,p2
0,0,,then,True,nvidia/NVIDIA-Nemotron-Labs-3-Puzzle-75B-A9B-NVFP4,p2
0,0,,then,True,nvidia/NVIDIA-Nemotron-Labs-3-Puzzle-75B-A9B-NVFP4,p2
1,1,,structure,True,nvidia/NVIDIA-Nemotron-Labs-3-Puzzle-75B-A9B-NVFP4,p2
1,1,,structure,True,nvidia/NVIDIA-Nemotron-Labs-3-Puzzle-75B-A9B-NVFP4,p2
1,1,,structure,True,nvidia/NVIDIA-Nemotron-Labs-3-Puzzle-75B-A9B-NVFP4,p2
1,1,,structure,True,nvidia/NVIDIA-Nemotron-Labs-3-Puzzle-75B-A9B-NVFP4,p2
0,1,,structure,False,nvidia/NVIDIA-Nemotron-Labs-3-Puzzle-75B-A9B-NVFP4,p2
0,1,,structure,False,nvidia/NVIDIA-Nemotron-Labs-3-Puzzle-75B-A9B-NVFP4,p2
0,0,,structure,True,nvidia/NVIDIA-Nemotron-Labs-3-Puzzle-75B-A9B-NVFP4,p2
1,1,,related,True,nvidia/NVIDIA-Nemotron-Labs-3-Puzzle-75B-A9B-NVFP4,p2
1,1,,open,True,nvidia/NVIDIA-Nemotron-Labs-3-Puzzle-75B-A9B-NVFP4,p2
1,0,,open,False,nvidia/NVIDIA-Nemotron-Labs-3-Puzzle-75B-A9B-NVFP4,p2
1,0,,open,False,nvidia/NVIDIA-Nemotron-Labs-3-Puzzle-75B-A9B-NVFP4,p2
1,0,,open,False,nvidia/NVIDIA-Nemotron-Labs-3-Puzzle-75B-A9B-NVFP4,p2
1,1,,open,True,nvidia/NVIDIA-Nemotron-Labs-3-Puzzle-75B-A9B-NVFP4,p2
1,1,,open,True,nvidia/NVIDIA-Nemotron-Labs-3-Puzzle-75B-A9B-NVFP4,p2
1,1,,open,True,nvidia/NVIDIA-Nemotron-Labs-3-Puzzle-75B-A9B-NVFP4,p2
1,1,,open,True,nvidia/NVIDIA-Nemotron-Labs-3-Puzzle-75B-A9B-NVFP4,p2
1,1,,open,True,nvidia/NVIDIA-Nemotron-Labs-3-Puzzle-75B-A9B-NVFP4,p2
0,0,,open,True,nvidia/NVIDIA-Nemotron-Labs-3-Puzzle-75B-A9B-NVFP4,p2
0,1,,open,False,nvidia/NVIDIA-Nemotron-Labs-3-Puzzle-75B-A9B-NVFP4,p2
0,0,,open,True,nvidia/NVIDIA-Nemotron-Labs-3-Puzzle-75B-A9B-NVFP4,p2
0,0,,open,True,nvidia/NVIDIA-Nemotron-Labs-3-Puzzle-75B-A9B-NVFP4,p2
0,0,,open,True,nvidia/NVIDIA-Nemotron-Labs-3-Puzzle-75B-A9B-NVFP4,p2
0,0,,open,True,nvidia/NVIDIA-Nemotron-Labs-3-Puzzle-75B-A9B-NVFP4,p2
0,1,,open,False,nvidia/NVIDIA-Nemotron-Labs-3-Puzzle-75B-A9B-NVFP4,p2
0,0,,open,True,nvidia/NVIDIA-Nemotron-Labs-3-Puzzle-75B-A9B-NVFP4,p2
0,1,,open,False,nvidia/NVIDIA-Nemotron-Labs-3-Puzzle-75B-A9B-NVFP4,p2
0,0,,open,True,nvidia/NVIDIA-Nemotron-Labs-3-Puzzle-75B-A9B-NVFP4,p2
0,0,,open,True,nvidia/NVIDIA-Nemotron-Labs-3-Puzzle-75B-A9B-NVFP4,p2
0,0,,open,True,nvidia/NVIDIA-Nemotron-Labs-3-Puzzle-75B-A9B-NVFP4,p2
0,0,,open,True,nvidia/NVIDIA-Nemotron-Labs-3-Puzzle-75B-A9B-NVFP4,p2
0,0,,open,True,nvidia/NVIDIA-Nemotron-Labs-3-Puzzle-75B-A9B-NVFP4,p2
1,1,,represent,True,nvidia/NVIDIA-Nemotron-Labs-3-Puzzle-75B-A9B-NVFP4,p2
1,1,,represent,True,nvidia/NVIDIA-Nemotron-Labs-3-Puzzle-75B-A9B-NVFP4,p2
1,1,,represent,True,nvidia/NVIDIA-Nemotron-Labs-3-Puzzle-75B-A9B-NVFP4,p2
1,1,,represent,True,nvidia/NVIDIA-Nemotron-Labs-3-Puzzle-75B-A9B-NVFP4,p2
1,1,,represent,True,nvidia/NVIDIA-Nemotron-Labs-3-Puzzle-75B-A9B-NVFP4,p2
1,1,,represent,True,nvidia/NVIDIA-Nemotron-Labs-3-Puzzle-75B-A9B-NVFP4,p2
1,1,,represent,True,nvidia/NVIDIA-Nemotron-Labs-3-Puzzle-75B-A9B-NVFP4,p2
1,1,,represent,True,nvidia/NVIDIA-Nemotron-Labs-3-Puzzle-75B-A9B-NVFP4,p2
0,0,,represent,True,nvidia/NVIDIA-Nemotron-Labs-3-Puzzle-75B-A9B-NVFP4,p2
0,1,,represent,False,nvidia/NVIDIA-Nemotron-Labs-3-Puzzle-75B-A9B-NVFP4,p2
0,0,,represent,True,nvidia/NVIDIA-Nemotron-Labs-3-Puzzle-75B-A9B-NVFP4,p2
0,0,,represent,True,nvidia/NVIDIA-Nemotron-Labs-3-Puzzle-75B-A9B-NVFP4,p2
0,0,,represent,True,nvidia/NVIDIA-Nemotron-Labs-3-Puzzle-75B-A9B-NVFP4,p2
0,0,,represent,True,nvidia/NVIDIA-Nemotron-Labs-3-Puzzle-75B-A9B-NVFP4,p2
0,0,,represent,True,nvidia/NVIDIA-Nemotron-Labs-3-Puzzle-75B-A9B-NVFP4,p2
0,0,,represent,True,nvidia/NVIDIA-Nemotron-Labs-3-Puzzle-75B-A9B-NVFP4,p2
0,0,,represent,True,nvidia/NVIDIA-Nemotron-Labs-3-Puzzle-75B-A9B-NVFP4,p2
0,0,,represent,True,nvidia/NVIDIA-Nemotron-Labs-3-Puzzle-75B-A9B-NVFP4,p2
1,1,,prevent,True,nvidia/NVIDIA-Nemotron-Labs-3-Puzzle-75B-A9B-NVFP4,p2
0,1,,prevent,False,nvidia/NVIDIA-Nemotron-Labs-3-Puzzle-75B-A9B-NVFP4,p2
0,1,,prevent,False,nvidia/NVIDIA-Nemotron-Labs-3-Puzzle-75B-A9B-NVFP4,p2
1,1,,increase,True,nvidia/NVIDIA-Nemotron-Labs-3-Puzzle-75B-A9B-NVFP4,p2
1,1,,increase,True,nvidia/NVIDIA-Nemotron-Labs-3-Puzzle-75B-A9B-NVFP4,p2
1,1,,increase,True,nvidia/NVIDIA-Nemotron-Labs-3-Puzzle-75B-A9B-NVFP4,p2
1,1,,increase,True,nvidia/NVIDIA-Nemotron-Labs-3-Puzzle-75B-A9B-NVFP4,p2
0,1,,increase,False,nvidia/NVIDIA-Nemotron-Labs-3-Puzzle-75B-A9B-NVFP4,p2
0,1,,increase,False,nvidia/NVIDIA-Nemotron-Labs-3-Puzzle-75B-A9B-NVFP4,p2
1,1,,meet,True,nvidia/NVIDIA-Nemotron-Labs-3-Puzzle-75B-A9B-NVFP4,p2
1,1,,meet,True,nvidia/NVIDIA-Nemotron-Labs-3-Puzzle-75B-A9B-NVFP4,p2
1,1,,meet,True,nvidia/NVIDIA-Nemotron-Labs-3-Puzzle-75B-A9B-NVFP4,p2
1,1,,meet,True,nvidia/NVIDIA-Nemotron-Labs-3-Puzzle-75B-A9B-NVFP4,p2
1,1,,meet,True,nvidia/NVIDIA-Nemotron-Labs-3-Puzzle-75B-A9B-NVFP4,p2
0,0,,meet,True,nvidia/NVIDIA-Nemotron-Labs-3-Puzzle-75B-A9B-NVFP4,p2
0,0,,meet,True,nvidia/NVIDIA-Nemotron-Labs-3-Puzzle-75B-A9B-NVFP4,p2
0,0,,meet,True,nvidia/NVIDIA-Nemotron-Labs-3-Puzzle-75B-A9B-NVFP4,p2
0,0,,meet,True,nvidia/NVIDIA-Nemotron-Labs-3-Puzzle-75B-A9B-NVFP4,p2
0,0,,meet,True,nvidia/NVIDIA-Nemotron-Labs-3-Puzzle-75B-A9B-NVFP4,p2
0,0,,meet,True,nvidia/NVIDIA-Nemotron-Labs-3-Puzzle-75B-A9B-NVFP4,p2
0,0,,meet,True,nvidia/NVIDIA-Nemotron-Labs-3-Puzzle-75B-A9B-NVFP4,p2
0,0,,meet,True,nvidia/NVIDIA-Nemotron-Labs-3-Puzzle-75B-A9B-NVFP4,p2
1,1,,human,True,nvidia/NVIDIA-Nemotron-Labs-3-Puzzle-75B-A9B-NVFP4,p2
1,1,,human,True,nvidia/NVIDIA-Nemotron-Labs-3-Puzzle-75B-A9B-NVFP4,p2
0,1,,human,False,nvidia/NVIDIA-Nemotron-Labs-3-Puzzle-75B-A9B-NVFP4,p2
1,1,,derive,True,nvidia/NVIDIA-Nemotron-Labs-3-Puzzle-75B-A9B-NVFP4,p2
1,1,,derive,True,nvidia/NVIDIA-Nemotron-Labs-3-Puzzle-75B-A9B-NVFP4,p2
0,1,,derive,False,nvidia/NVIDIA-Nemotron-Labs-3-Puzzle-75B-A9B-NVFP4,p2
0,1,,derive,False,nvidia/NVIDIA-Nemotron-Labs-3-Puzzle-75B-A9B-NVFP4,p2
0,1,,derive,False,nvidia/NVIDIA-Nemotron-Labs-3-Puzzle-75B-A9B-NVFP4,p2
0,1,,problem,False,nvidia/NVIDIA-Nemotron-Labs-3-Puzzle-75B-A9B-NVFP4,p2
1,1,,join,True,nvidia/NVIDIA-Nemotron-Labs-3-Puzzle-75B-A9B-NVFP4,p2
1,1,,join,True,nvidia/NVIDIA-Nemotron-Labs-3-Puzzle-75B-A9B-NVFP4,p2
0,1,,join,False,nvidia/NVIDIA-Nemotron-Labs-3-Puzzle-75B-A9B-NVFP4,p2
0,0,,join,True,nvidia/NVIDIA-Nemotron-Labs-3-Puzzle-75B-A9B-NVFP4,p2
1,1,,figure,True,nvidia/NVIDIA-Nemotron-Labs-3-Puzzle-75B-A9B-NVFP4,p2
1,1,,figure,True,nvidia/NVIDIA-Nemotron-Labs-3-Puzzle-75B-A9B-NVFP4,p2
1,1,,figure,True,nvidia/NVIDIA-Nemotron-Labs-3-Puzzle-75B-A9B-NVFP4,p2
1,1,,figure,True,nvidia/NVIDIA-Nemotron-Labs-3-Puzzle-75B-A9B-NVFP4,p2
1,1,,figure,True,nvidia/NVIDIA-Nemotron-Labs-3-Puzzle-75B-A9B-NVFP4,p2
1,1,,figure,True,nvidia/NVIDIA-Nemotron-Labs-3-Puzzle-75B-A9B-NVFP4,p2
1,1,,figure,True,nvidia/NVIDIA-Nemotron-Labs-3-Puzzle-75B-A9B-NVFP4,p2
0,0,,figure,True,nvidia/NVIDIA-Nemotron-Labs-3-Puzzle-75B-A9B-NVFP4,p2
0,0,,figure,True,nvidia/NVIDIA-Nemotron-Labs-3-Puzzle-75B-A9B-NVFP4,p2
0,0,,figure,True,nvidia/NVIDIA-Nemotron-Labs-3-Puzzle-75B-A9B-NVFP4,p2
0,0,,figure,True,nvidia/NVIDIA-Nemotron-Labs-3-Puzzle-75B-A9B-NVFP4,p2
0,0,,figure,True,nvidia/NVIDIA-Nemotron-Labs-3-Puzzle-75B-A9B-NVFP4,p2
0,1,,figure,False,nvidia/NVIDIA-Nemotron-Labs-3-Puzzle-75B-A9B-NVFP4,p2
0,0,,figure,True,nvidia/NVIDIA-Nemotron-Labs-3-Puzzle-75B-A9B-NVFP4,p2
0,0,,figure,True,nvidia/NVIDIA-Nemotron-Labs-3-Puzzle-75B-A9B-NVFP4,p2
0,0,,figure,True,nvidia/NVIDIA-Nemotron-Labs-3-Puzzle-75B-A9B-NVFP4,p2
1,1,,party,True,nvidia/NVIDIA-Nemotron-Labs-3-Puzzle-75B-A9B-NVFP4,p2
1,1,,party,True,nvidia/NVIDIA-Nemotron-Labs-3-Puzzle-75B-A9B-NVFP4,p2
0,0,,party,True,nvidia/NVIDIA-Nemotron-Labs-3-Puzzle-75B-A9B-NVFP4,p2
1,1,,product,True,nvidia/NVIDIA-Nemotron-Labs-3-Puzzle-75B-A9B-NVFP4,p2
1,1,,product,True,nvidia/NVIDIA-Nemotron-Labs-3-Puzzle-75B-A9B-NVFP4,p2
1,0,,product,False,nvidia/NVIDIA-Nemotron-Labs-3-Puzzle-75B-A9B-NVFP4,p2
0,0,,product,True,nvidia/NVIDIA-Nemotron-Labs-3-Puzzle-75B-A9B-NVFP4,p2
0,0,,product,True,nvidia/NVIDIA-Nemotron-Labs-3-Puzzle-75B-A9B-NVFP4,p2
0,0,,product,True,nvidia/NVIDIA-Nemotron-Labs-3-Puzzle-75B-A9B-NVFP4,p2
0,0,,product,True,nvidia/NVIDIA-Nemotron-Labs-3-Puzzle-75B-A9B-NVFP4,p2
0,0,,product,True,nvidia/NVIDIA-Nemotron-Labs-3-Puzzle-75B-A9B-NVFP4,p2
1,1,,course,True,nvidia/NVIDIA-Nemotron-Labs-3-Puzzle-75B-A9B-NVFP4,p2
1,1,,course,True,nvidia/NVIDIA-Nemotron-Labs-3-Puzzle-75B-A9B-NVFP4,p2
1,1,,course,True,nvidia/NVIDIA-Nemotron-Labs-3-Puzzle-75B-A9B-NVFP4,p2
0,0,,course,True,nvidia/NVIDIA-Nemotron-Labs-3-Puzzle-75B-A9B-NVFP4,p2
0,0,,course,True,nvidia/NVIDIA-Nemotron-Labs-3-Puzzle-75B-A9B-NVFP4,p2
0,0,,course,True,nvidia/NVIDIA-Nemotron-Labs-3-Puzzle-75B-A9B-NVFP4,p2
0,0,,course,True,nvidia/NVIDIA-Nemotron-Labs-3-Puzzle-75B-A9B-NVFP4,p2
1,1,,field,True,nvidia/NVIDIA-Nemotron-Labs-3-Puzzle-75B-A9B-NVFP4,p2
1,1,,field,True,nvidia/NVIDIA-Nemotron-Labs-3-Puzzle-75B-A9B-NVFP4,p2
1,1,,field,True,nvidia/NVIDIA-Nemotron-Labs-3-Puzzle-75B-A9B-NVFP4,p2
1,1,,field,True,nvidia/NVIDIA-Nemotron-Labs-3-Puzzle-75B-A9B-NVFP4,p2
1,1,,field,True,nvidia/NVIDIA-Nemotron-Labs-3-Puzzle-75B-A9B-NVFP4,p2
1,1,,field,True,nvidia/NVIDIA-Nemotron-Labs-3-Puzzle-75B-A9B-NVFP4,p2
0,0,,field,True,nvidia/NVIDIA-Nemotron-Labs-3-Puzzle-75B-A9B-NVFP4,p2
0,1,,field,False,nvidia/NVIDIA-Nemotron-Labs-3-Puzzle-75B-A9B-NVFP4,p2
0,0,,field,True,nvidia/NVIDIA-Nemotron-Labs-3-Puzzle-75B-A9B-NVFP4,p2
0,0,,field,True,nvidia/NVIDIA-Nemotron-Labs-3-Puzzle-75B-A9B-NVFP4,p2
0,0,,field,True,nvidia/NVIDIA-Nemotron-Labs-3-Puzzle-75B-A9B-NVFP4,p2
0,0,,field,True,nvidia/NVIDIA-Nemotron-Labs-3-Puzzle-75B-A9B-NVFP4,p2
0,0,,field,True,nvidia/NVIDIA-Nemotron-Labs-3-Puzzle-75B-A9B-NVFP4,p2
0,0,,field,True,nvidia/NVIDIA-Nemotron-Labs-3-Puzzle-75B-A9B-NVFP4,p2
1,1,,life,True,nvidia/NVIDIA-Nemotron-Labs-3-Puzzle-75B-A9B-NVFP4,p2
1,1,,life,True,nvidia/NVIDIA-Nemotron-Labs-3-Puzzle-75B-A9B-NVFP4,p2
1,1,,life,True,nvidia/NVIDIA-Nemotron-Labs-3-Puzzle-75B-A9B-NVFP4,p2
1,1,,life,True,nvidia/NVIDIA-Nemotron-Labs-3-Puzzle-75B-A9B-NVFP4,p2
1,1,,life,True,nvidia/NVIDIA-Nemotron-Labs-3-Puzzle-75B-A9B-NVFP4,p2
1,1,,life,True,nvidia/NVIDIA-Nemotron-Labs-3-Puzzle-75B-A9B-NVFP4,p2
0,0,,life,True,nvidia/NVIDIA-Nemotron-Labs-3-Puzzle-75B-A9B-NVFP4,p2
0,0,,life,True,nvidia/NVIDIA-Nemotron-Labs-3-Puzzle-75B-A9B-NVFP4,p2
0,0,,life,True,nvidia/NVIDIA-Nemotron-Labs-3-Puzzle-75B-A9B-NVFP4,p2
0,0,,life,True,nvidia/NVIDIA-Nemotron-Labs-3-Puzzle-75B-A9B-NVFP4,p2
0,1,,life,False,nvidia/NVIDIA-Nemotron-Labs-3-Puzzle-75B-A9B-NVFP4,p2
0,0,,life,True,nvidia/NVIDIA-Nemotron-Labs-3-Puzzle-75B-A9B-NVFP4,p2
0,0,,life,True,nvidia/NVIDIA-Nemotron-Labs-3-Puzzle-75B-A9B-NVFP4,p2
0,0,,life,True,nvidia/NVIDIA-Nemotron-Labs-3-Puzzle-75B-A9B-NVFP4,p2
0,0,,life,True,nvidia/NVIDIA-Nemotron-Labs-3-Puzzle-75B-A9B-NVFP4,p2
0,0,,life,True,nvidia/NVIDIA-Nemotron-Labs-3-Puzzle-75B-A9B-NVFP4,p2
0,0,,life,True,nvidia/NVIDIA-Nemotron-Labs-3-Puzzle-75B-A9B-NVFP4,p2
1,1,,follow,True,nvidia/NVIDIA-Nemotron-Labs-3-Puzzle-75B-A9B-NVFP4,p2
1,1,,follow,True,nvidia/NVIDIA-Nemotron-Labs-3-Puzzle-75B-A9B-NVFP4,p2
1,1,,follow,True,nvidia/NVIDIA-Nemotron-Labs-3-Puzzle-75B-A9B-NVFP4,p2
1,1,,follow,True,nvidia/NVIDIA-Nemotron-Labs-3-Puzzle-75B-A9B-NVFP4,p2
1,1,,follow,True,nvidia/NVIDIA-Nemotron-Labs-3-Puzzle-75B-A9B-NVFP4,p2
1,1,,follow,True,nvidia/NVIDIA-Nemotron-Labs-3-Puzzle-75B-A9B-NVFP4,p2
1,1,,follow,True,nvidia/NVIDIA-Nemotron-Labs-3-Puzzle-75B-A9B-NVFP4,p2
1,1,,follow,True,nvidia/NVIDIA-Nemotron-Labs-3-Puzzle-75B-A9B-NVFP4,p2
1,1,,follow,True,nvidia/NVIDIA-Nemotron-Labs-3-Puzzle-75B-A9B-NVFP4,p2
1,1,,follow,True,nvidia/NVIDIA-Nemotron-Labs-3-Puzzle-75B-A9B-NVFP4,p2
1,1,,follow,True,nvidia/NVIDIA-Nemotron-Labs-3-Puzzle-75B-A9B-NVFP4,p2
1,1,,follow,True,nvidia/NVIDIA-Nemotron-Labs-3-Puzzle-75B-A9B-NVFP4,p2
1,1,,follow,True,nvidia/NVIDIA-Nemotron-Labs-3-Puzzle-75B-A9B-NVFP4,p2
0,0,,follow,True,nvidia/NVIDIA-Nemotron-Labs-3-Puzzle-75B-A9B-NVFP4,p2
0,0,,follow,True,nvidia/NVIDIA-Nemotron-Labs-3-Puzzle-75B-A9B-NVFP4,p2
0,1,,follow,False,nvidia/NVIDIA-Nemotron-Labs-3-Puzzle-75B-A9B-NVFP4,p2
0,0,,follow,True,nvidia/NVIDIA-Nemotron-Labs-3-Puzzle-75B-A9B-NVFP4,p2
0,0,,follow,True,nvidia/NVIDIA-Nemotron-Labs-3-Puzzle-75B-A9B-NVFP4,p2
0,1,,follow,False,nvidia/NVIDIA-Nemotron-Labs-3-Puzzle-75B-A9B-NVFP4,p2
0,0,,follow,True,nvidia/NVIDIA-Nemotron-Labs-3-Puzzle-75B-A9B-NVFP4,p2
0,0,,follow,True,nvidia/NVIDIA-Nemotron-Labs-3-Puzzle-75B-A9B-NVFP4,p2
0,1,,follow,False,nvidia/NVIDIA-Nemotron-Labs-3-Puzzle-75B-A9B-NVFP4,p2
0,0,,follow,True,nvidia/NVIDIA-Nemotron-Labs-3-Puzzle-75B-A9B-NVFP4,p2
0,1,,follow,False,nvidia/NVIDIA-Nemotron-Labs-3-Puzzle-75B-A9B-NVFP4,p2
0,1,,follow,False,nvidia/NVIDIA-Nemotron-Labs-3-Puzzle-75B-A9B-NVFP4,p2
0,1,,follow,False,nvidia/NVIDIA-Nemotron-Labs-3-Puzzle-75B-A9B-NVFP4,p2
1,1,,given,True,nvidia/NVIDIA-Nemotron-Labs-3-Puzzle-75B-A9B-NVFP4,p2
0,0,,given,True,nvidia/NVIDIA-Nemotron-Labs-3-Puzzle-75B-A9B-NVFP4,p2
0,1,,month,False,nvidia/NVIDIA-Nemotron-Labs-3-Puzzle-75B-A9B-NVFP4,p2
1,1,,growth,True,nvidia/NVIDIA-Nemotron-Labs-3-Puzzle-75B-A9B-NVFP4,p2
1,1,,growth,True,nvidia/NVIDIA-Nemotron-Labs-3-Puzzle-75B-A9B-NVFP4,p2
0,0,,growth,True,nvidia/NVIDIA-Nemotron-Labs-3-Puzzle-75B-A9B-NVFP4,p2
0,0,,growth,True,nvidia/NVIDIA-Nemotron-Labs-3-Puzzle-75B-A9B-NVFP4,p2
0,0,,growth,True,nvidia/NVIDIA-Nemotron-Labs-3-Puzzle-75B-A9B-NVFP4,p2
0,0,,growth,True,nvidia/NVIDIA-Nemotron-Labs-3-Puzzle-75B-A9B-NVFP4,p2
0,0,,growth,True,nvidia/NVIDIA-Nemotron-Labs-3-Puzzle-75B-A9B-NVFP4,p2
1,1,,meaning,True,nvidia/NVIDIA-Nemotron-Labs-3-Puzzle-75B-A9B-NVFP4,p2
0,1,,meaning,False,nvidia/NVIDIA-Nemotron-Labs-3-Puzzle-75B-A9B-NVFP4,p2
1,1,,serve,True,nvidia/NVIDIA-Nemotron-Labs-3-Puzzle-75B-A9B-NVFP4,p2
1,1,,serve,True,nvidia/NVIDIA-Nemotron-Labs-3-Puzzle-75B-A9B-NVFP4,p2
1,1,,serve,True,nvidia/NVIDIA-Nemotron-Labs-3-Puzzle-75B-A9B-NVFP4,p2
1,1,,serve,True,nvidia/NVIDIA-Nemotron-Labs-3-Puzzle-75B-A9B-NVFP4,p2
1,1,,serve,True,nvidia/NVIDIA-Nemotron-Labs-3-Puzzle-75B-A9B-NVFP4,p2
1,1,,serve,True,nvidia/NVIDIA-Nemotron-Labs-3-Puzzle-75B-A9B-NVFP4,p2
1,1,,serve,True,nvidia/NVIDIA-Nemotron-Labs-3-Puzzle-75B-A9B-NVFP4,p2
1,1,,serve,True,nvidia/NVIDIA-Nemotron-Labs-3-Puzzle-75B-A9B-NVFP4,p2
0,0,,serve,True,nvidia/NVIDIA-Nemotron-Labs-3-Puzzle-75B-A9B-NVFP4,p2
0,0,,serve,True,nvidia/NVIDIA-Nemotron-Labs-3-Puzzle-75B-A9B-NVFP4,p2
0,0,,serve,True,nvidia/NVIDIA-Nemotron-Labs-3-Puzzle-75B-A9B-NVFP4,p2
0,0,,serve,True,nvidia/NVIDIA-Nemotron-Labs-3-Puzzle-75B-A9B-NVFP4,p2
0,0,,serve,True,nvidia/NVIDIA-Nemotron-Labs-3-Puzzle-75B-A9B-NVFP4,p2
0,0,,serve,True,nvidia/NVIDIA-Nemotron-Labs-3-Puzzle-75B-A9B-NVFP4,p2
0,1,,serve,False,nvidia/NVIDIA-Nemotron-Labs-3-Puzzle-75B-A9B-NVFP4,p2
0,0,,serve,True,nvidia/NVIDIA-Nemotron-Labs-3-Puzzle-75B-A9B-NVFP4,p2
1,1,,consider,True,nvidia/NVIDIA-Nemotron-Labs-3-Puzzle-75B-A9B-NVFP4,p2
1,1,,consider,True,nvidia/NVIDIA-Nemotron-Labs-3-Puzzle-75B-A9B-NVFP4,p2
1,1,,consider,True,nvidia/NVIDIA-Nemotron-Labs-3-Puzzle-75B-A9B-NVFP4,p2
1,1,,consider,True,nvidia/NVIDIA-Nemotron-Labs-3-Puzzle-75B-A9B-NVFP4,p2
1,1,,consider,True,nvidia/NVIDIA-Nemotron-Labs-3-Puzzle-75B-A9B-NVFP4,p2
1,1,,consider,True,nvidia/NVIDIA-Nemotron-Labs-3-Puzzle-75B-A9B-NVFP4,p2
1,1,,consider,True,nvidia/NVIDIA-Nemotron-Labs-3-Puzzle-75B-A9B-NVFP4,p2
0,0,,consider,True,nvidia/NVIDIA-Nemotron-Labs-3-Puzzle-75B-A9B-NVFP4,p2
0,0,,consider,True,nvidia/NVIDIA-Nemotron-Labs-3-Puzzle-75B-A9B-NVFP4,p2
0,1,,consider,False,nvidia/NVIDIA-Nemotron-Labs-3-Puzzle-75B-A9B-NVFP4,p2
0,0,,consider,True,nvidia/NVIDIA-Nemotron-Labs-3-Puzzle-75B-A9B-NVFP4,p2
0,0,,consider,True,nvidia/NVIDIA-Nemotron-Labs-3-Puzzle-75B-A9B-NVFP4,p2
0,1,,consider,False,nvidia/NVIDIA-Nemotron-Labs-3-Puzzle-75B-A9B-NVFP4,p2
0,1,,consider,False,nvidia/NVIDIA-Nemotron-Labs-3-Puzzle-75B-A9B-NVFP4,p2
1,1,,introduce,True,nvidia/NVIDIA-Nemotron-Labs-3-Puzzle-75B-A9B-NVFP4,p2
1,0,,introduce,False,nvidia/NVIDIA-Nemotron-Labs-3-Puzzle-75B-A9B-NVFP4,p2
1,1,,introduce,True,nvidia/NVIDIA-Nemotron-Labs-3-Puzzle-75B-A9B-NVFP4,p2
1,1,,introduce,True,nvidia/NVIDIA-Nemotron-Labs-3-Puzzle-75B-A9B-NVFP4,p2
1,1,,introduce,True,nvidia/NVIDIA-Nemotron-Labs-3-Puzzle-75B-A9B-NVFP4,p2
0,0,,introduce,True,nvidia/NVIDIA-Nemotron-Labs-3-Puzzle-75B-A9B-NVFP4,p2
0,1,,introduce,False,nvidia/NVIDIA-Nemotron-Labs-3-Puzzle-75B-A9B-NVFP4,p2
0,0,,introduce,True,nvidia/NVIDIA-Nemotron-Labs-3-Puzzle-75B-A9B-NVFP4,p2
0,1,,introduce,False,nvidia/NVIDIA-Nemotron-Labs-3-Puzzle-75B-A9B-NVFP4,p2
0,1,,introduce,False,nvidia/NVIDIA-Nemotron-Labs-3-Puzzle-75B-A9B-NVFP4,p2
0,1,,introduce,False,nvidia/NVIDIA-Nemotron-Labs-3-Puzzle-75B-A9B-NVFP4,p2
1,1,,performance,True,nvidia/NVIDIA-Nemotron-Labs-3-Puzzle-75B-A9B-NVFP4,p2
1,1,,performance,True,nvidia/NVIDIA-Nemotron-Labs-3-Puzzle-75B-A9B-NVFP4,p2
1,1,,performance,True,nvidia/NVIDIA-Nemotron-Labs-3-Puzzle-75B-A9B-NVFP4,p2
0,0,,performance,True,nvidia/NVIDIA-Nemotron-Labs-3-Puzzle-75B-A9B-NVFP4,p2
0,0,,performance,True,nvidia/NVIDIA-Nemotron-Labs-3-Puzzle-75B-A9B-NVFP4,p2
1,1,,active,True,nvidia/NVIDIA-Nemotron-Labs-3-Puzzle-75B-A9B-NVFP4,p2
1,1,,active,True,nvidia/NVIDIA-Nemotron-Labs-3-Puzzle-75B-A9B-NVFP4,p2
1,1,,active,True,nvidia/NVIDIA-Nemotron-Labs-3-Puzzle-75B-A9B-NVFP4,p2
0,0,,active,True,nvidia/NVIDIA-Nemotron-Labs-3-Puzzle-75B-A9B-NVFP4,p2
0,1,,active,False,nvidia/NVIDIA-Nemotron-Labs-3-Puzzle-75B-A9B-NVFP4,p2
0,0,,active,True,nvidia/NVIDIA-Nemotron-Labs-3-Puzzle-75B-A9B-NVFP4,p2
0,0,,active,True,nvidia/NVIDIA-Nemotron-Labs-3-Puzzle-75B-A9B-NVFP4,p2
0,1,,active,False,nvidia/NVIDIA-Nemotron-Labs-3-Puzzle-75B-A9B-NVFP4,p2
0,0,,active,True,nvidia/NVIDIA-Nemotron-Labs-3-Puzzle-75B-A9B-NVFP4,p2
1,0,,expression,False,nvidia/NVIDIA-Nemotron-Labs-3-Puzzle-75B-A9B-NVFP4,p2
1,1,,expression,True,nvidia/NVIDIA-Nemotron-Labs-3-Puzzle-75B-A9B-NVFP4,p2
1,1,,expression,True,nvidia/NVIDIA-Nemotron-Labs-3-Puzzle-75B-A9B-NVFP4,p2
1,0,,expression,False,nvidia/NVIDIA-Nemotron-Labs-3-Puzzle-75B-A9B-NVFP4,p2
1,1,,expression,True,nvidia/NVIDIA-Nemotron-Labs-3-Puzzle-75B-A9B-NVFP4,p2
0,0,,expression,True,nvidia/NVIDIA-Nemotron-Labs-3-Puzzle-75B-A9B-NVFP4,p2
0,0,,expression,True,nvidia/NVIDIA-Nemotron-Labs-3-Puzzle-75B-A9B-NVFP4,p2
0,1,,expression,False,nvidia/NVIDIA-Nemotron-Labs-3-Puzzle-75B-A9B-NVFP4,p2
0,0,,expression,True,nvidia/NVIDIA-Nemotron-Labs-3-Puzzle-75B-A9B-NVFP4,p2
0,0,,expression,True,nvidia/NVIDIA-Nemotron-Labs-3-Puzzle-75B-A9B-NVFP4,p2
1,1,,transmit,True,nvidia/NVIDIA-Nemotron-Labs-3-Puzzle-75B-A9B-NVFP4,p2
1,1,,transmit,True,nvidia/NVIDIA-Nemotron-Labs-3-Puzzle-75B-A9B-NVFP4,p2
1,1,,transmit,True,nvidia/NVIDIA-Nemotron-Labs-3-Puzzle-75B-A9B-NVFP4,p2
0,1,,transmit,False,nvidia/NVIDIA-Nemotron-Labs-3-Puzzle-75B-A9B-NVFP4,p2
0,1,,transmit,False,nvidia/NVIDIA-Nemotron-Labs-3-Puzzle-75B-A9B-NVFP4,p2
1,0,,break,False,nvidia/NVIDIA-Nemotron-Labs-3-Puzzle-75B-A9B-NVFP4,p2
1,1,,break,True,nvidia/NVIDIA-Nemotron-Labs-3-Puzzle-75B-A9B-NVFP4,p2
1,1,,break,True,nvidia/NVIDIA-Nemotron-Labs-3-Puzzle-75B-A9B-NVFP4,p2
1,0,,break,False,nvidia/NVIDIA-Nemotron-Labs-3-Puzzle-75B-A9B-NVFP4,p2
1,1,,break,True,nvidia/NVIDIA-Nemotron-Labs-3-Puzzle-75B-A9B-NVFP4,p2
1,1,,break,True,nvidia/NVIDIA-Nemotron-Labs-3-Puzzle-75B-A9B-NVFP4,p2
1,1,,break,True,nvidia/NVIDIA-Nemotron-Labs-3-Puzzle-75B-A9B-NVFP4,p2
1,1,,break,True,nvidia/NVIDIA-Nemotron-Labs-3-Puzzle-75B-A9B-NVFP4,p2
1,1,,break,True,nvidia/NVIDIA-Nemotron-Labs-3-Puzzle-75B-A9B-NVFP4,p2
1,1,,break,True,nvidia/NVIDIA-Nemotron-Labs-3-Puzzle-75B-A9B-NVFP4,p2
1,0,,break,False,nvidia/NVIDIA-Nemotron-Labs-3-Puzzle-75B-A9B-NVFP4,p2
1,1,,break,True,nvidia/NVIDIA-Nemotron-Labs-3-Puzzle-75B-A9B-NVFP4,p2
1,1,,break,True,nvidia/NVIDIA-Nemotron-Labs-3-Puzzle-75B-A9B-NVFP4,p2
1,1,,break,True,nvidia/NVIDIA-Nemotron-Labs-3-Puzzle-75B-A9B-NVFP4,p2
1,1,,break,True,nvidia/NVIDIA-Nemotron-Labs-3-Puzzle-75B-A9B-NVFP4,p2
1,1,,break,True,nvidia/NVIDIA-Nemotron-Labs-3-Puzzle-75B-A9B-NVFP4,p2
1,1,,break,True,nvidia/NVIDIA-Nemotron-Labs-3-Puzzle-75B-A9B-NVFP4,p2
1,1,,break,True,nvidia/NVIDIA-Nemotron-Labs-3-Puzzle-75B-A9B-NVFP4,p2
1,1,,break,True,nvidia/NVIDIA-Nemotron-Labs-3-Puzzle-75B-A9B-NVFP4,p2
1,1,,break,True,nvidia/NVIDIA-Nemotron-Labs-3-Puzzle-75B-A9B-NVFP4,p2
1,1,,break,True,nvidia/NVIDIA-Nemotron-Labs-3-Puzzle-75B-A9B-NVFP4,p2
1,1,,break,True,nvidia/NVIDIA-Nemotron-Labs-3-Puzzle-75B-A9B-NVFP4,p2
1,1,,break,True,nvidia/NVIDIA-Nemotron-Labs-3-Puzzle-75B-A9B-NVFP4,p2
1,0,,break,False,nvidia/NVIDIA-Nemotron-Labs-3-Puzzle-75B-A9B-NVFP4,p2
1,1,,break,True,nvidia/NVIDIA-Nemotron-Labs-3-Puzzle-75B-A9B-NVFP4,p2
1,1,,break,True,nvidia/NVIDIA-Nemotron-Labs-3-Puzzle-75B-A9B-NVFP4,p2
1,1,,break,True,nvidia/NVIDIA-Nemotron-Labs-3-Puzzle-75B-A9B-NVFP4,p2
1,1,,break,True,nvidia/NVIDIA-Nemotron-Labs-3-Puzzle-75B-A9B-NVFP4,p2
1,1,,break,True,nvidia/NVIDIA-Nemotron-Labs-3-Puzzle-75B-A9B-NVFP4,p2
1,1,,break,True,nvidia/NVIDIA-Nemotron-Labs-3-Puzzle-75B-A9B-NVFP4,p2
1,1,,break,True,nvidia/NVIDIA-Nemotron-Labs-3-Puzzle-75B-A9B-NVFP4,p2
1,1,,break,True,nvidia/NVIDIA-Nemotron-Labs-3-Puzzle-75B-A9B-NVFP4,p2
1,1,,break,True,nvidia/NVIDIA-Nemotron-Labs-3-Puzzle-75B-A9B-NVFP4,p2
0,0,,break,True,nvidia/NVIDIA-Nemotron-Labs-3-Puzzle-75B-A9B-NVFP4,p2
0,0,,break,True,nvidia/NVIDIA-Nemotron-Labs-3-Puzzle-75B-A9B-NVFP4,p2
0,0,,break,True,nvidia/NVIDIA-Nemotron-Labs-3-Puzzle-75B-A9B-NVFP4,p2
0,0,,break,True,nvidia/NVIDIA-Nemotron-Labs-3-Puzzle-75B-A9B-NVFP4,p2
0,0,,break,True,nvidia/NVIDIA-Nemotron-Labs-3-Puzzle-75B-A9B-NVFP4,p2
0,0,,break,True,nvidia/NVIDIA-Nemotron-Labs-3-Puzzle-75B-A9B-NVFP4,p2
0,0,,break,True,nvidia/NVIDIA-Nemotron-Labs-3-Puzzle-75B-A9B-NVFP4,p2
0,0,,break,True,nvidia/NVIDIA-Nemotron-Labs-3-Puzzle-75B-A9B-NVFP4,p2
0,0,,break,True,nvidia/NVIDIA-Nemotron-Labs-3-Puzzle-75B-A9B-NVFP4,p2
0,0,,break,True,nvidia/NVIDIA-Nemotron-Labs-3-Puzzle-75B-A9B-NVFP4,p2
0,1,,break,False,nvidia/NVIDIA-Nemotron-Labs-3-Puzzle-75B-A9B-NVFP4,p2
0,0,,break,True,nvidia/NVIDIA-Nemotron-Labs-3-Puzzle-75B-A9B-NVFP4,p2
0,1,,break,False,nvidia/NVIDIA-Nemotron-Labs-3-Puzzle-75B-A9B-NVFP4,p2
0,0,,break,True,nvidia/NVIDIA-Nemotron-Labs-3-Puzzle-75B-A9B-NVFP4,p2
0,0,,break,True,nvidia/NVIDIA-Nemotron-Labs-3-Puzzle-75B-A9B-NVFP4,p2
0,0,,break,True,nvidia/NVIDIA-Nemotron-Labs-3-Puzzle-75B-A9B-NVFP4,p2
0,0,,break,True,nvidia/NVIDIA-Nemotron-Labs-3-Puzzle-75B-A9B-NVFP4,p2
0,0,,break,True,nvidia/NVIDIA-Nemotron-Labs-3-Puzzle-75B-A9B-NVFP4,p2
0,0,,break,True,nvidia/NVIDIA-Nemotron-Labs-3-Puzzle-75B-A9B-NVFP4,p2
0,0,,break,True,nvidia/NVIDIA-Nemotron-Labs-3-Puzzle-75B-A9B-NVFP4,p2
0,0,,break,True,nvidia/NVIDIA-Nemotron-Labs-3-Puzzle-75B-A9B-NVFP4,p2
0,0,,break,True,nvidia/NVIDIA-Nemotron-Labs-3-Puzzle-75B-A9B-NVFP4,p2
0,0,,break,True,nvidia/NVIDIA-Nemotron-Labs-3-Puzzle-75B-A9B-NVFP4,p2
0,0,,break,True,nvidia/NVIDIA-Nemotron-Labs-3-Puzzle-75B-A9B-NVFP4,p2
0,0,,break,True,nvidia/NVIDIA-Nemotron-Labs-3-Puzzle-75B-A9B-NVFP4,p2
0,0,,break,True,nvidia/NVIDIA-Nemotron-Labs-3-Puzzle-75B-A9B-NVFP4,p2
0,0,,break,True,nvidia/NVIDIA-Nemotron-Labs-3-Puzzle-75B-A9B-NVFP4,p2
0,0,,break,True,nvidia/NVIDIA-Nemotron-Labs-3-Puzzle-75B-A9B-NVFP4,p2
0,1,,break,False,nvidia/NVIDIA-Nemotron-Labs-3-Puzzle-75B-A9B-NVFP4,p2
0,0,,break,True,nvidia/NVIDIA-Nemotron-Labs-3-Puzzle-75B-A9B-NVFP4,p2
0,1,,break,False,nvidia/NVIDIA-Nemotron-Labs-3-Puzzle-75B-A9B-NVFP4,p2
0,0,,break,True,nvidia/NVIDIA-Nemotron-Labs-3-Puzzle-75B-A9B-NVFP4,p2
0,0,,break,True,nvidia/NVIDIA-Nemotron-Labs-3-Puzzle-75B-A9B-NVFP4,p2
0,0,,break,True,nvidia/NVIDIA-Nemotron-Labs-3-Puzzle-75B-A9B-NVFP4,p2
0,1,,break,False,nvidia/NVIDIA-Nemotron-Labs-3-Puzzle-75B-A9B-NVFP4,p2
0,0,,break,True,nvidia/NVIDIA-Nemotron-Labs-3-Puzzle-75B-A9B-NVFP4,p2
1,1,,support,True,nvidia/NVIDIA-Nemotron-Labs-3-Puzzle-75B-A9B-NVFP4,p2
1,1,,support,True,nvidia/NVIDIA-Nemotron-Labs-3-Puzzle-75B-A9B-NVFP4,p2
1,1,,support,True,nvidia/NVIDIA-Nemotron-Labs-3-Puzzle-75B-A9B-NVFP4,p2
1,1,,support,True,nvidia/NVIDIA-Nemotron-Labs-3-Puzzle-75B-A9B-NVFP4,p2
1,1,,support,True,nvidia/NVIDIA-Nemotron-Labs-3-Puzzle-75B-A9B-NVFP4,p2
1,1,,support,True,nvidia/NVIDIA-Nemotron-Labs-3-Puzzle-75B-A9B-NVFP4,p2
1,1,,support,True,nvidia/NVIDIA-Nemotron-Labs-3-Puzzle-75B-A9B-NVFP4,p2
0,1,,support,False,nvidia/NVIDIA-Nemotron-Labs-3-Puzzle-75B-A9B-NVFP4,p2
0,1,,support,False,nvidia/NVIDIA-Nemotron-Labs-3-Puzzle-75B-A9B-NVFP4,p2
0,0,,support,True,nvidia/NVIDIA-Nemotron-Labs-3-Puzzle-75B-A9B-NVFP4,p2
0,0,,support,True,nvidia/NVIDIA-Nemotron-Labs-3-Puzzle-75B-A9B-NVFP4,p2
0,1,,support,False,nvidia/NVIDIA-Nemotron-Labs-3-Puzzle-75B-A9B-NVFP4,p2
0,1,,support,False,nvidia/NVIDIA-Nemotron-Labs-3-Puzzle-75B-A9B-NVFP4,p2
0,1,,support,False,nvidia/NVIDIA-Nemotron-Labs-3-Puzzle-75B-A9B-NVFP4,p2
1,1,,operation,True,nvidia/NVIDIA-Nemotron-Labs-3-Puzzle-75B-A9B-NVFP4,p2
1,1,,operation,True,nvidia/NVIDIA-Nemotron-Labs-3-Puzzle-75B-A9B-NVFP4,p2
1,1,,operation,True,nvidia/NVIDIA-Nemotron-Labs-3-Puzzle-75B-A9B-NVFP4,p2
1,1,,operation,True,nvidia/NVIDIA-Nemotron-Labs-3-Puzzle-75B-A9B-NVFP4,p2
1,1,,operation,True,nvidia/NVIDIA-Nemotron-Labs-3-Puzzle-75B-A9B-NVFP4,p2
0,0,,operation,True,nvidia/NVIDIA-Nemotron-Labs-3-Puzzle-75B-A9B-NVFP4,p2
0,0,,operation,True,nvidia/NVIDIA-Nemotron-Labs-3-Puzzle-75B-A9B-NVFP4,p2
0,0,,operation,True,nvidia/NVIDIA-Nemotron-Labs-3-Puzzle-75B-A9B-NVFP4,p2
0,0,,operation,True,nvidia/NVIDIA-Nemotron-Labs-3-Puzzle-75B-A9B-NVFP4,p2
0,0,,operation,True,nvidia/NVIDIA-Nemotron-Labs-3-Puzzle-75B-A9B-NVFP4,p2
0,0,,operation,True,nvidia/NVIDIA-Nemotron-Labs-3-Puzzle-75B-A9B-NVFP4,p2
0,0,,operation,True,nvidia/NVIDIA-Nemotron-Labs-3-Puzzle-75B-A9B-NVFP4,p2
0,0,,operation,True,nvidia/NVIDIA-Nemotron-Labs-3-Puzzle-75B-A9B-NVFP4,p2
1,0,,passage,False,nvidia/NVIDIA-Nemotron-Labs-3-Puzzle-75B-A9B-NVFP4,p2
1,1,,passage,True,nvidia/NVIDIA-Nemotron-Labs-3-Puzzle-75B-A9B-NVFP4,p2
1,1,,passage,True,nvidia/NVIDIA-Nemotron-Labs-3-Puzzle-75B-A9B-NVFP4,p2
1,1,,passage,True,nvidia/NVIDIA-Nemotron-Labs-3-Puzzle-75B-A9B-NVFP4,p2
1,1,,passage,True,nvidia/NVIDIA-Nemotron-Labs-3-Puzzle-75B-A9B-NVFP4,p2
1,1,,passage,True,nvidia/NVIDIA-Nemotron-Labs-3-Puzzle-75B-A9B-NVFP4,p2
0,0,,passage,True,nvidia/NVIDIA-Nemotron-Labs-3-Puzzle-75B-A9B-NVFP4,p2
0,0,,passage,True,nvidia/NVIDIA-Nemotron-Labs-3-Puzzle-75B-A9B-NVFP4,p2
0,0,,passage,True,nvidia/NVIDIA-Nemotron-Labs-3-Puzzle-75B-A9B-NVFP4,p2
0,0,,passage,True,nvidia/NVIDIA-Nemotron-Labs-3-Puzzle-75B-A9B-NVFP4,p2
0,0,,passage,True,nvidia/NVIDIA-Nemotron-Labs-3-Puzzle-75B-A9B-NVFP4,p2
0,1,,passage,False,nvidia/NVIDIA-Nemotron-Labs-3-Puzzle-75B-A9B-NVFP4,p2
0,0,,passage,True,nvidia/NVIDIA-Nemotron-Labs-3-Puzzle-75B-A9B-NVFP4,p2
0,1,,store,False,nvidia/NVIDIA-Nemotron-Labs-3-Puzzle-75B-A9B-NVFP4,p2
0,1,,more,False,nvidia/NVIDIA-Nemotron-Labs-3-Puzzle-75B-A9B-NVFP4,p2
1,1,,evidence,True,nvidia/NVIDIA-Nemotron-Labs-3-Puzzle-75B-A9B-NVFP4,p2
1,1,,evidence,True,nvidia/NVIDIA-Nemotron-Labs-3-Puzzle-75B-A9B-NVFP4,p2
0,1,,evidence,False,nvidia/NVIDIA-Nemotron-Labs-3-Puzzle-75B-A9B-NVFP4,p2
0,1,,evidence,False,nvidia/NVIDIA-Nemotron-Labs-3-Puzzle-75B-A9B-NVFP4,p2
1,1,,scale,True,nvidia/NVIDIA-Nemotron-Labs-3-Puzzle-75B-A9B-NVFP4,p2
1,1,,scale,True,nvidia/NVIDIA-Nemotron-Labs-3-Puzzle-75B-A9B-NVFP4,p2
1,1,,scale,True,nvidia/NVIDIA-Nemotron-Labs-3-Puzzle-75B-A9B-NVFP4,p2
1,1,,scale,True,nvidia/NVIDIA-Nemotron-Labs-3-Puzzle-75B-A9B-NVFP4,p2
1,1,,scale,True,nvidia/NVIDIA-Nemotron-Labs-3-Puzzle-75B-A9B-NVFP4,p2
1,1,,scale,True,nvidia/NVIDIA-Nemotron-Labs-3-Puzzle-75B-A9B-NVFP4,p2
0,0,,scale,True,nvidia/NVIDIA-Nemotron-Labs-3-Puzzle-75B-A9B-NVFP4,p2
0,0,,scale,True,nvidia/NVIDIA-Nemotron-Labs-3-Puzzle-75B-A9B-NVFP4,p2
0,0,,scale,True,nvidia/NVIDIA-Nemotron-Labs-3-Puzzle-75B-A9B-NVFP4,p2
0,0,,scale,True,nvidia/NVIDIA-Nemotron-Labs-3-Puzzle-75B-A9B-NVFP4,p2
0,0,,scale,True,nvidia/NVIDIA-Nemotron-Labs-3-Puzzle-75B-A9B-NVFP4,p2
0,1,,scale,False,nvidia/NVIDIA-Nemotron-Labs-3-Puzzle-75B-A9B-NVFP4,p2
0,0,,scale,True,nvidia/NVIDIA-Nemotron-Labs-3-Puzzle-75B-A9B-NVFP4,p2
0,0,,scale,True,nvidia/NVIDIA-Nemotron-Labs-3-Puzzle-75B-A9B-NVFP4,p2
0,0,,scale,True,nvidia/NVIDIA-Nemotron-Labs-3-Puzzle-75B-A9B-NVFP4,p2
0,0,,scale,True,nvidia/NVIDIA-Nemotron-Labs-3-Puzzle-75B-A9B-NVFP4,p2
0,0,,scale,True,nvidia/NVIDIA-Nemotron-Labs-3-Puzzle-75B-A9B-NVFP4,p2
0,0,,scale,True,nvidia/NVIDIA-Nemotron-Labs-3-Puzzle-75B-A9B-NVFP4,p2
1,1,,direct,True,nvidia/NVIDIA-Nemotron-Labs-3-Puzzle-75B-A9B-NVFP4,p2
1,1,,direct,True,nvidia/NVIDIA-Nemotron-Labs-3-Puzzle-75B-A9B-NVFP4,p2
1,1,,direct,True,nvidia/NVIDIA-Nemotron-Labs-3-Puzzle-75B-A9B-NVFP4,p2
0,0,,direct,True,nvidia/NVIDIA-Nemotron-Labs-3-Puzzle-75B-A9B-NVFP4,p2
0,1,,direct,False,nvidia/NVIDIA-Nemotron-Labs-3-Puzzle-75B-A9B-NVFP4,p2
0,0,,direct,True,nvidia/NVIDIA-Nemotron-Labs-3-Puzzle-75B-A9B-NVFP4,p2
0,0,,direct,True,nvidia/NVIDIA-Nemotron-Labs-3-Puzzle-75B-A9B-NVFP4,p2
0,1,,direct,False,nvidia/NVIDIA-Nemotron-Labs-3-Puzzle-75B-A9B-NVFP4,p2
0,0,,direct,True,nvidia/NVIDIA-Nemotron-Labs-3-Puzzle-75B-A9B-NVFP4,p2
0,1,,direct,False,nvidia/NVIDIA-Nemotron-Labs-3-Puzzle-75B-A9B-NVFP4,p2
1,1,,ability,True,nvidia/NVIDIA-Nemotron-Labs-3-Puzzle-75B-A9B-NVFP4,p2
1,1,,ability,True,nvidia/NVIDIA-Nemotron-Labs-3-Puzzle-75B-A9B-NVFP4,p2
0,1,,ability,False,nvidia/NVIDIA-Nemotron-Labs-3-Puzzle-75B-A9B-NVFP4,p2
1,1,,excessive,True,nvidia/NVIDIA-Nemotron-Labs-3-Puzzle-75B-A9B-NVFP4,p2
1,1,,observe,True,nvidia/NVIDIA-Nemotron-Labs-3-Puzzle-75B-A9B-NVFP4,p2
1,1,,observe,True,nvidia/NVIDIA-Nemotron-Labs-3-Puzzle-75B-A9B-NVFP4,p2
0,1,,observe,False,nvidia/NVIDIA-Nemotron-Labs-3-Puzzle-75B-A9B-NVFP4,p2
0,0,,observe,True,nvidia/NVIDIA-Nemotron-Labs-3-Puzzle-75B-A9B-NVFP4,p2
1,1,,combine,True,nvidia/NVIDIA-Nemotron-Labs-3-Puzzle-75B-A9B-NVFP4,p2
1,1,,combine,True,nvidia/NVIDIA-Nemotron-Labs-3-Puzzle-75B-A9B-NVFP4,p2
0,0,,combine,True,nvidia/NVIDIA-Nemotron-Labs-3-Puzzle-75B-A9B-NVFP4,p2
0,1,,combine,False,nvidia/NVIDIA-Nemotron-Labs-3-Puzzle-75B-A9B-NVFP4,p2
0,1,,combine,False,nvidia/NVIDIA-Nemotron-Labs-3-Puzzle-75B-A9B-NVFP4,p2
1,1,,history,True,nvidia/NVIDIA-Nemotron-Labs-3-Puzzle-75B-A9B-NVFP4,p2
1,1,,history,True,nvidia/NVIDIA-Nemotron-Labs-3-Puzzle-75B-A9B-NVFP4,p2
0,1,,history,False,nvidia/NVIDIA-Nemotron-Labs-3-Puzzle-75B-A9B-NVFP4,p2
0,1,,history,False,nvidia/NVIDIA-Nemotron-Labs-3-Puzzle-75B-A9B-NVFP4,p2
0,1,,history,False,nvidia/NVIDIA-Nemotron-Labs-3-Puzzle-75B-A9B-NVFP4,p2
1,1,,theory,True,nvidia/NVIDIA-Nemotron-Labs-3-Puzzle-75B-A9B-NVFP4,p2
0,0,,theory,True,nvidia/NVIDIA-Nemotron-Labs-3-Puzzle-75B-A9B-NVFP4,p2
0,1,,theory,False,nvidia/NVIDIA-Nemotron-Labs-3-Puzzle-75B-A9B-NVFP4,p2
0,1,,theory,False,nvidia/NVIDIA-Nemotron-Labs-3-Puzzle-75B-A9B-NVFP4,p2
1,1,,lead,True,nvidia/NVIDIA-Nemotron-Labs-3-Puzzle-75B-A9B-NVFP4,p2
1,1,,lead,True,nvidia/NVIDIA-Nemotron-Labs-3-Puzzle-75B-A9B-NVFP4,p2
1,1,,lead,True,nvidia/NVIDIA-Nemotron-Labs-3-Puzzle-75B-A9B-NVFP4,p2
1,1,,lead,True,nvidia/NVIDIA-Nemotron-Labs-3-Puzzle-75B-A9B-NVFP4,p2
1,1,,lead,True,nvidia/NVIDIA-Nemotron-Labs-3-Puzzle-75B-A9B-NVFP4,p2
1,1,,lead,True,nvidia/NVIDIA-Nemotron-Labs-3-Puzzle-75B-A9B-NVFP4,p2
1,1,,lead,True,nvidia/NVIDIA-Nemotron-Labs-3-Puzzle-75B-A9B-NVFP4,p2
0,0,,lead,True,nvidia/NVIDIA-Nemotron-Labs-3-Puzzle-75B-A9B-NVFP4,p2
0,0,,lead,True,nvidia/NVIDIA-Nemotron-Labs-3-Puzzle-75B-A9B-NVFP4,p2
0,0,,lead,True,nvidia/NVIDIA-Nemotron-Labs-3-Puzzle-75B-A9B-NVFP4,p2
0,0,,lead,True,nvidia/NVIDIA-Nemotron-Labs-3-Puzzle-75B-A9B-NVFP4,p2
0,0,,lead,True,nvidia/NVIDIA-Nemotron-Labs-3-Puzzle-75B-A9B-NVFP4,p2
0,0,,lead,True,nvidia/NVIDIA-Nemotron-Labs-3-Puzzle-75B-A9B-NVFP4,p2
0,0,,lead,True,nvidia/NVIDIA-Nemotron-Labs-3-Puzzle-75B-A9B-NVFP4,p2
0,0,,lead,True,nvidia/NVIDIA-Nemotron-Labs-3-Puzzle-75B-A9B-NVFP4,p2
0,0,,lead,True,nvidia/NVIDIA-Nemotron-Labs-3-Puzzle-75B-A9B-NVFP4,p2
0,0,,lead,True,nvidia/NVIDIA-Nemotron-Labs-3-Puzzle-75B-A9B-NVFP4,p2
0,1,,lead,False,nvidia/NVIDIA-Nemotron-Labs-3-Puzzle-75B-A9B-NVFP4,p2
0,0,,lead,True,nvidia/NVIDIA-Nemotron-Labs-3-Puzzle-75B-A9B-NVFP4,p2
1,1,,indicate,True,nvidia/NVIDIA-Nemotron-Labs-3-Puzzle-75B-A9B-NVFP4,p2
1,1,,indicate,True,nvidia/NVIDIA-Nemotron-Labs-3-Puzzle-75B-A9B-NVFP4,p2
1,1,,indicate,True,nvidia/NVIDIA-Nemotron-Labs-3-Puzzle-75B-A9B-NVFP4,p2
0,0,,indicate,True,nvidia/NVIDIA-Nemotron-Labs-3-Puzzle-75B-A9B-NVFP4,p2
0,0,,indicate,True,nvidia/NVIDIA-Nemotron-Labs-3-Puzzle-75B-A9B-NVFP4,p2
0,0,,indicate,True,nvidia/NVIDIA-Nemotron-Labs-3-Puzzle-75B-A9B-NVFP4,p2
0,1,,indicate,False,nvidia/NVIDIA-Nemotron-Labs-3-Puzzle-75B-A9B-NVFP4,p2
1,1,,line,True,nvidia/NVIDIA-Nemotron-Labs-3-Puzzle-75B-A9B-NVFP4,p2
1,1,,line,True,nvidia/NVIDIA-Nemotron-Labs-3-Puzzle-75B-A9B-NVFP4,p2
1,1,,line,True,nvidia/NVIDIA-Nemotron-Labs-3-Puzzle-75B-A9B-NVFP4,p2
1,1,,line,True,nvidia/NVIDIA-Nemotron-Labs-3-Puzzle-75B-A9B-NVFP4,p2
1,1,,line,True,nvidia/NVIDIA-Nemotron-Labs-3-Puzzle-75B-A9B-NVFP4,p2
1,1,,line,True,nvidia/NVIDIA-Nemotron-Labs-3-Puzzle-75B-A9B-NVFP4,p2
1,1,,line,True,nvidia/NVIDIA-Nemotron-Labs-3-Puzzle-75B-A9B-NVFP4,p2
1,1,,line,True,nvidia/NVIDIA-Nemotron-Labs-3-Puzzle-75B-A9B-NVFP4,p2
1,1,,line,True,nvidia/NVIDIA-Nemotron-Labs-3-Puzzle-75B-A9B-NVFP4,p2
1,1,,line,True,nvidia/NVIDIA-Nemotron-Labs-3-Puzzle-75B-A9B-NVFP4,p2
0,0,,line,True,nvidia/NVIDIA-Nemotron-Labs-3-Puzzle-75B-A9B-NVFP4,p2
0,0,,line,True,nvidia/NVIDIA-Nemotron-Labs-3-Puzzle-75B-A9B-NVFP4,p2
0,0,,line,True,nvidia/NVIDIA-Nemotron-Labs-3-Puzzle-75B-A9B-NVFP4,p2
0,0,,line,True,nvidia/NVIDIA-Nemotron-Labs-3-Puzzle-75B-A9B-NVFP4,p2
0,0,,line,True,nvidia/NVIDIA-Nemotron-Labs-3-Puzzle-75B-A9B-NVFP4,p2
0,0,,line,True,nvidia/NVIDIA-Nemotron-Labs-3-Puzzle-75B-A9B-NVFP4,p2
0,0,,line,True,nvidia/NVIDIA-Nemotron-Labs-3-Puzzle-75B-A9B-NVFP4,p2
0,0,,line,True,nvidia/NVIDIA-Nemotron-Labs-3-Puzzle-75B-A9B-NVFP4,p2
0,0,,line,True,nvidia/NVIDIA-Nemotron-Labs-3-Puzzle-75B-A9B-NVFP4,p2
0,0,,line,True,nvidia/NVIDIA-Nemotron-Labs-3-Puzzle-75B-A9B-NVFP4,p2
0,0,,line,True,nvidia/NVIDIA-Nemotron-Labs-3-Puzzle-75B-A9B-NVFP4,p2
0,1,,line,False,nvidia/NVIDIA-Nemotron-Labs-3-Puzzle-75B-A9B-NVFP4,p2
0,0,,line,True,nvidia/NVIDIA-Nemotron-Labs-3-Puzzle-75B-A9B-NVFP4,p2
0,0,,line,True,nvidia/NVIDIA-Nemotron-Labs-3-Puzzle-75B-A9B-NVFP4,p2
0,0,,line,True,nvidia/NVIDIA-Nemotron-Labs-3-Puzzle-75B-A9B-NVFP4,p2
0,0,,line,True,nvidia/NVIDIA-Nemotron-Labs-3-Puzzle-75B-A9B-NVFP4,p2
0,0,,line,True,nvidia/NVIDIA-Nemotron-Labs-3-Puzzle-75B-A9B-NVFP4,p2
1,1,,spirit,True,nvidia/NVIDIA-Nemotron-Labs-3-Puzzle-75B-A9B-NVFP4,p2
1,1,,spirit,True,nvidia/NVIDIA-Nemotron-Labs-3-Puzzle-75B-A9B-NVFP4,p2
1,1,,spirit,True,nvidia/NVIDIA-Nemotron-Labs-3-Puzzle-75B-A9B-NVFP4,p2
0,0,,spirit,True,nvidia/NVIDIA-Nemotron-Labs-3-Puzzle-75B-A9B-NVFP4,p2
0,0,,spirit,True,nvidia/NVIDIA-Nemotron-Labs-3-Puzzle-75B-A9B-NVFP4,p2
0,1,,spirit,False,nvidia/NVIDIA-Nemotron-Labs-3-Puzzle-75B-A9B-NVFP4,p2
0,0,,spirit,True,nvidia/NVIDIA-Nemotron-Labs-3-Puzzle-75B-A9B-NVFP4,p2
0,0,,spirit,True,nvidia/NVIDIA-Nemotron-Labs-3-Puzzle-75B-A9B-NVFP4,p2
1,1,,view,True,nvidia/NVIDIA-Nemotron-Labs-3-Puzzle-75B-A9B-NVFP4,p2
1,1,,view,True,nvidia/NVIDIA-Nemotron-Labs-3-Puzzle-75B-A9B-NVFP4,p2
1,1,,view,True,nvidia/NVIDIA-Nemotron-Labs-3-Puzzle-75B-A9B-NVFP4,p2
1,1,,view,True,nvidia/NVIDIA-Nemotron-Labs-3-Puzzle-75B-A9B-NVFP4,p2
1,1,,view,True,nvidia/NVIDIA-Nemotron-Labs-3-Puzzle-75B-A9B-NVFP4,p2
0,0,,view,True,nvidia/NVIDIA-Nemotron-Labs-3-Puzzle-75B-A9B-NVFP4,p2
0,0,,view,True,nvidia/NVIDIA-Nemotron-Labs-3-Puzzle-75B-A9B-NVFP4,p2
0,0,,view,True,nvidia/NVIDIA-Nemotron-Labs-3-Puzzle-75B-A9B-NVFP4,p2
0,0,,view,True,nvidia/NVIDIA-Nemotron-Labs-3-Puzzle-75B-A9B-NVFP4,p2
0,0,,view,True,nvidia/NVIDIA-Nemotron-Labs-3-Puzzle-75B-A9B-NVFP4,p2
0,0,,view,True,nvidia/NVIDIA-Nemotron-Labs-3-Puzzle-75B-A9B-NVFP4,p2
0,0,,view,True,nvidia/NVIDIA-Nemotron-Labs-3-Puzzle-75B-A9B-NVFP4,p2
0,0,,view,True,nvidia/NVIDIA-Nemotron-Labs-3-Puzzle-75B-A9B-NVFP4,p2
0,0,,view,True,nvidia/NVIDIA-Nemotron-Labs-3-Puzzle-75B-A9B-NVFP4,p2
1,1,,coat,True,nvidia/NVIDIA-Nemotron-Labs-3-Puzzle-75B-A9B-NVFP4,p2
0,0,,coat,True,nvidia/NVIDIA-Nemotron-Labs-3-Puzzle-75B-A9B-NVFP4,p2
0,0,,coat,True,nvidia/NVIDIA-Nemotron-Labs-3-Puzzle-75B-A9B-NVFP4,p2
1,1,,identify,True,nvidia/NVIDIA-Nemotron-Labs-3-Puzzle-75B-A9B-NVFP4,p2
1,1,,identify,True,nvidia/NVIDIA-Nemotron-Labs-3-Puzzle-75B-A9B-NVFP4,p2
1,1,,identify,True,nvidia/NVIDIA-Nemotron-Labs-3-Puzzle-75B-A9B-NVFP4,p2
0,0,,identify,True,nvidia/NVIDIA-Nemotron-Labs-3-Puzzle-75B-A9B-NVFP4,p2
0,1,,identify,False,nvidia/NVIDIA-Nemotron-Labs-3-Puzzle-75B-A9B-NVFP4,p2
1,1,,grow,True,nvidia/NVIDIA-Nemotron-Labs-3-Puzzle-75B-A9B-NVFP4,p2
1,1,,grow,True,nvidia/NVIDIA-Nemotron-Labs-3-Puzzle-75B-A9B-NVFP4,p2
1,1,,grow,True,nvidia/NVIDIA-Nemotron-Labs-3-Puzzle-75B-A9B-NVFP4,p2
1,1,,grow,True,nvidia/NVIDIA-Nemotron-Labs-3-Puzzle-75B-A9B-NVFP4,p2
0,0,,grow,True,nvidia/NVIDIA-Nemotron-Labs-3-Puzzle-75B-A9B-NVFP4,p2
0,0,,grow,True,nvidia/NVIDIA-Nemotron-Labs-3-Puzzle-75B-A9B-NVFP4,p2
1,1,,extreme,True,nvidia/NVIDIA-Nemotron-Labs-3-Puzzle-75B-A9B-NVFP4,p2
1,1,,extreme,True,nvidia/NVIDIA-Nemotron-Labs-3-Puzzle-75B-A9B-NVFP4,p2
1,1,,extreme,True,nvidia/NVIDIA-Nemotron-Labs-3-Puzzle-75B-A9B-NVFP4,p2
1,0,,extreme,False,nvidia/NVIDIA-Nemotron-Labs-3-Puzzle-75B-A9B-NVFP4,p2
1,1,,extreme,True,nvidia/NVIDIA-Nemotron-Labs-3-Puzzle-75B-A9B-NVFP4,p2
0,0,,extreme,True,nvidia/NVIDIA-Nemotron-Labs-3-Puzzle-75B-A9B-NVFP4,p2
0,1,,extreme,False,nvidia/NVIDIA-Nemotron-Labs-3-Puzzle-75B-A9B-NVFP4,p2
0,1,,extreme,False,nvidia/NVIDIA-Nemotron-Labs-3-Puzzle-75B-A9B-NVFP4,p2
0,1,,extreme,False,nvidia/NVIDIA-Nemotron-Labs-3-Puzzle-75B-A9B-NVFP4,p2
0,0,,extreme,True,nvidia/NVIDIA-Nemotron-Labs-3-Puzzle-75B-A9B-NVFP4,p2
1,1,,record,True,nvidia/NVIDIA-Nemotron-Labs-3-Puzzle-75B-A9B-NVFP4,p2
1,1,,record,True,nvidia/NVIDIA-Nemotron-Labs-3-Puzzle-75B-A9B-NVFP4,p2
1,1,,record,True,nvidia/NVIDIA-Nemotron-Labs-3-Puzzle-75B-A9B-NVFP4,p2
1,1,,record,True,nvidia/NVIDIA-Nemotron-Labs-3-Puzzle-75B-A9B-NVFP4,p2
0,0,,record,True,nvidia/NVIDIA-Nemotron-Labs-3-Puzzle-75B-A9B-NVFP4,p2
0,0,,record,True,nvidia/NVIDIA-Nemotron-Labs-3-Puzzle-75B-A9B-NVFP4,p2
0,1,,record,False,nvidia/NVIDIA-Nemotron-Labs-3-Puzzle-75B-A9B-NVFP4,p2
1,1,,fit,True,nvidia/NVIDIA-Nemotron-Labs-3-Puzzle-75B-A9B-NVFP4,p2
1,1,,fit,True,nvidia/NVIDIA-Nemotron-Labs-3-Puzzle-75B-A9B-NVFP4,p2
1,1,,fit,True,nvidia/NVIDIA-Nemotron-Labs-3-Puzzle-75B-A9B-NVFP4,p2
1,1,,fit,True,nvidia/NVIDIA-Nemotron-Labs-3-Puzzle-75B-A9B-NVFP4,p2
1,1,,fit,True,nvidia/NVIDIA-Nemotron-Labs-3-Puzzle-75B-A9B-NVFP4,p2
1,0,,fit,False,nvidia/NVIDIA-Nemotron-Labs-3-Puzzle-75B-A9B-NVFP4,p2
1,1,,fit,True,nvidia/NVIDIA-Nemotron-Labs-3-Puzzle-75B-A9B-NVFP4,p2
0,0,,fit,True,nvidia/NVIDIA-Nemotron-Labs-3-Puzzle-75B-A9B-NVFP4,p2
0,0,,fit,True,nvidia/NVIDIA-Nemotron-Labs-3-Puzzle-75B-A9B-NVFP4,p2
0,0,,fit,True,nvidia/NVIDIA-Nemotron-Labs-3-Puzzle-75B-A9B-NVFP4,p2
0,0,,fit,True,nvidia/NVIDIA-Nemotron-Labs-3-Puzzle-75B-A9B-NVFP4,p2
0,1,,fit,False,nvidia/NVIDIA-Nemotron-Labs-3-Puzzle-75B-A9B-NVFP4,p2
0,0,,fit,True,nvidia/NVIDIA-Nemotron-Labs-3-Puzzle-75B-A9B-NVFP4,p2
0,1,,fit,False,nvidia/NVIDIA-Nemotron-Labs-3-Puzzle-75B-A9B-NVFP4,p2
0,1,,fit,False,nvidia/NVIDIA-Nemotron-Labs-3-Puzzle-75B-A9B-NVFP4,p2
1,1,,role,True,nvidia/NVIDIA-Nemotron-Labs-3-Puzzle-75B-A9B-NVFP4,p2
1,1,,role,True,nvidia/NVIDIA-Nemotron-Labs-3-Puzzle-75B-A9B-NVFP4,p2
0,1,,role,False,nvidia/NVIDIA-Nemotron-Labs-3-Puzzle-75B-A9B-NVFP4,p2
0,1,,role,False,nvidia/NVIDIA-Nemotron-Labs-3-Puzzle-75B-A9B-NVFP4,p2
0,0,,role,True,nvidia/NVIDIA-Nemotron-Labs-3-Puzzle-75B-A9B-NVFP4,p2
0,0,,role,True,nvidia/NVIDIA-Nemotron-Labs-3-Puzzle-75B-A9B-NVFP4,p2
1,1,,subject,True,nvidia/NVIDIA-Nemotron-Labs-3-Puzzle-75B-A9B-NVFP4,p2
1,1,,subject,True,nvidia/NVIDIA-Nemotron-Labs-3-Puzzle-75B-A9B-NVFP4,p2
1,1,,subject,True,nvidia/NVIDIA-Nemotron-Labs-3-Puzzle-75B-A9B-NVFP4,p2
1,1,,subject,True,nvidia/NVIDIA-Nemotron-Labs-3-Puzzle-75B-A9B-NVFP4,p2
1,1,,subject,True,nvidia/NVIDIA-Nemotron-Labs-3-Puzzle-75B-A9B-NVFP4,p2
0,0,,subject,True,nvidia/NVIDIA-Nemotron-Labs-3-Puzzle-75B-A9B-NVFP4,p2
0,0,,subject,True,nvidia/NVIDIA-Nemotron-Labs-3-Puzzle-75B-A9B-NVFP4,p2
0,0,,subject,True,nvidia/NVIDIA-Nemotron-Labs-3-Puzzle-75B-A9B-NVFP4,p2
0,0,,subject,True,nvidia/NVIDIA-Nemotron-Labs-3-Puzzle-75B-A9B-NVFP4,p2
0,0,,subject,True,nvidia/NVIDIA-Nemotron-Labs-3-Puzzle-75B-A9B-NVFP4,p2
0,0,,subject,True,nvidia/NVIDIA-Nemotron-Labs-3-Puzzle-75B-A9B-NVFP4,p2
1,1,,security,True,nvidia/NVIDIA-Nemotron-Labs-3-Puzzle-75B-A9B-NVFP4,p2
1,1,,security,True,nvidia/NVIDIA-Nemotron-Labs-3-Puzzle-75B-A9B-NVFP4,p2
1,1,,security,True,nvidia/NVIDIA-Nemotron-Labs-3-Puzzle-75B-A9B-NVFP4,p2
1,1,,security,True,nvidia/NVIDIA-Nemotron-Labs-3-Puzzle-75B-A9B-NVFP4,p2
1,1,,security,True,nvidia/NVIDIA-Nemotron-Labs-3-Puzzle-75B-A9B-NVFP4,p2
0,0,,security,True,nvidia/NVIDIA-Nemotron-Labs-3-Puzzle-75B-A9B-NVFP4,p2
0,0,,security,True,nvidia/NVIDIA-Nemotron-Labs-3-Puzzle-75B-A9B-NVFP4,p2
0,0,,security,True,nvidia/NVIDIA-Nemotron-Labs-3-Puzzle-75B-A9B-NVFP4,p2
0,0,,security,True,nvidia/NVIDIA-Nemotron-Labs-3-Puzzle-75B-A9B-NVFP4,p2
0,1,,security,False,nvidia/NVIDIA-Nemotron-Labs-3-Puzzle-75B-A9B-NVFP4,p2
1,1,,issue,True,nvidia/NVIDIA-Nemotron-Labs-3-Puzzle-75B-A9B-NVFP4,p2
1,1,,issue,True,nvidia/NVIDIA-Nemotron-Labs-3-Puzzle-75B-A9B-NVFP4,p2
1,1,,issue,True,nvidia/NVIDIA-Nemotron-Labs-3-Puzzle-75B-A9B-NVFP4,p2
0,1,,issue,False,nvidia/NVIDIA-Nemotron-Labs-3-Puzzle-75B-A9B-NVFP4,p2
0,1,,issue,False,nvidia/NVIDIA-Nemotron-Labs-3-Puzzle-75B-A9B-NVFP4,p2
0,1,,issue,False,nvidia/NVIDIA-Nemotron-Labs-3-Puzzle-75B-A9B-NVFP4,p2
1,1,,employ,True,nvidia/NVIDIA-Nemotron-Labs-3-Puzzle-75B-A9B-NVFP4,p2
1,1,,employ,True,nvidia/NVIDIA-Nemotron-Labs-3-Puzzle-75B-A9B-NVFP4,p2
0,0,,employ,True,nvidia/NVIDIA-Nemotron-Labs-3-Puzzle-75B-A9B-NVFP4,p2
0,0,,employ,True,nvidia/NVIDIA-Nemotron-Labs-3-Puzzle-75B-A9B-NVFP4,p2
1,1,,writing,True,nvidia/NVIDIA-Nemotron-Labs-3-Puzzle-75B-A9B-NVFP4,p2
0,0,,writing,True,nvidia/NVIDIA-Nemotron-Labs-3-Puzzle-75B-A9B-NVFP4,p2
0,1,,writing,False,nvidia/NVIDIA-Nemotron-Labs-3-Puzzle-75B-A9B-NVFP4,p2
0,0,,writing,True,nvidia/NVIDIA-Nemotron-Labs-3-Puzzle-75B-A9B-NVFP4,p2
1,1,,vessel,True,nvidia/NVIDIA-Nemotron-Labs-3-Puzzle-75B-A9B-NVFP4,p2
0,0,,vessel,True,nvidia/NVIDIA-Nemotron-Labs-3-Puzzle-75B-A9B-NVFP4,p2
0,0,,vessel,True,nvidia/NVIDIA-Nemotron-Labs-3-Puzzle-75B-A9B-NVFP4,p2
1,1,,egg,True,nvidia/NVIDIA-Nemotron-Labs-3-Puzzle-75B-A9B-NVFP4,p2
0,0,,egg,True,nvidia/NVIDIA-Nemotron-Labs-3-Puzzle-75B-A9B-NVFP4,p2
0,0,,egg,True,nvidia/NVIDIA-Nemotron-Labs-3-Puzzle-75B-A9B-NVFP4,p2
1,1,,rank,True,nvidia/NVIDIA-Nemotron-Labs-3-Puzzle-75B-A9B-NVFP4,p2
0,0,,rank,True,nvidia/NVIDIA-Nemotron-Labs-3-Puzzle-75B-A9B-NVFP4,p2
0,0,,rank,True,nvidia/NVIDIA-Nemotron-Labs-3-Puzzle-75B-A9B-NVFP4,p2
0,1,,rank,False,nvidia/NVIDIA-Nemotron-Labs-3-Puzzle-75B-A9B-NVFP4,p2
1,1,,pass,True,nvidia/NVIDIA-Nemotron-Labs-3-Puzzle-75B-A9B-NVFP4,p2
1,1,,pass,True,nvidia/NVIDIA-Nemotron-Labs-3-Puzzle-75B-A9B-NVFP4,p2
1,1,,pass,True,nvidia/NVIDIA-Nemotron-Labs-3-Puzzle-75B-A9B-NVFP4,p2
1,1,,pass,True,nvidia/NVIDIA-Nemotron-Labs-3-Puzzle-75B-A9B-NVFP4,p2
1,1,,pass,True,nvidia/NVIDIA-Nemotron-Labs-3-Puzzle-75B-A9B-NVFP4,p2
1,1,,pass,True,nvidia/NVIDIA-Nemotron-Labs-3-Puzzle-75B-A9B-NVFP4,p2
1,1,,pass,True,nvidia/NVIDIA-Nemotron-Labs-3-Puzzle-75B-A9B-NVFP4,p2
1,1,,pass,True,nvidia/NVIDIA-Nemotron-Labs-3-Puzzle-75B-A9B-NVFP4,p2
1,1,,pass,True,nvidia/NVIDIA-Nemotron-Labs-3-Puzzle-75B-A9B-NVFP4,p2
1,1,,pass,True,nvidia/NVIDIA-Nemotron-Labs-3-Puzzle-75B-A9B-NVFP4,p2
1,1,,pass,True,nvidia/NVIDIA-Nemotron-Labs-3-Puzzle-75B-A9B-NVFP4,p2
1,1,,pass,True,nvidia/NVIDIA-Nemotron-Labs-3-Puzzle-75B-A9B-NVFP4,p2
1,1,,pass,True,nvidia/NVIDIA-Nemotron-Labs-3-Puzzle-75B-A9B-NVFP4,p2
1,1,,pass,True,nvidia/NVIDIA-Nemotron-Labs-3-Puzzle-75B-A9B-NVFP4,p2
1,1,,pass,True,nvidia/NVIDIA-Nemotron-Labs-3-Puzzle-75B-A9B-NVFP4,p2
1,1,,pass,True,nvidia/NVIDIA-Nemotron-Labs-3-Puzzle-75B-A9B-NVFP4,p2
0,0,,pass,True,nvidia/NVIDIA-Nemotron-Labs-3-Puzzle-75B-A9B-NVFP4,p2
0,0,,pass,True,nvidia/NVIDIA-Nemotron-Labs-3-Puzzle-75B-A9B-NVFP4,p2
0,1,,pass,False,nvidia/NVIDIA-Nemotron-Labs-3-Puzzle-75B-A9B-NVFP4,p2
0,0,,pass,True,nvidia/NVIDIA-Nemotron-Labs-3-Puzzle-75B-A9B-NVFP4,p2
0,0,,pass,True,nvidia/NVIDIA-Nemotron-Labs-3-Puzzle-75B-A9B-NVFP4,p2
0,0,,pass,True,nvidia/NVIDIA-Nemotron-Labs-3-Puzzle-75B-A9B-NVFP4,p2
0,0,,pass,True,nvidia/NVIDIA-Nemotron-Labs-3-Puzzle-75B-A9B-NVFP4,p2
0,0,,pass,True,nvidia/NVIDIA-Nemotron-Labs-3-Puzzle-75B-A9B-NVFP4,p2
0,0,,pass,True,nvidia/NVIDIA-Nemotron-Labs-3-Puzzle-75B-A9B-NVFP4,p2
0,0,,pass,True,nvidia/NVIDIA-Nemotron-Labs-3-Puzzle-75B-A9B-NVFP4,p2
0,0,,pass,True,nvidia/NVIDIA-Nemotron-Labs-3-Puzzle-75B-A9B-NVFP4,p2
0,0,,pass,True,nvidia/NVIDIA-Nemotron-Labs-3-Puzzle-75B-A9B-NVFP4,p2
0,0,,pass,True,nvidia/NVIDIA-Nemotron-Labs-3-Puzzle-75B-A9B-NVFP4,p2
0,0,,pass,True,nvidia/NVIDIA-Nemotron-Labs-3-Puzzle-75B-A9B-NVFP4,p2
0,0,,pass,True,nvidia/NVIDIA-Nemotron-Labs-3-Puzzle-75B-A9B-NVFP4,p2
0,0,,pass,True,nvidia/NVIDIA-Nemotron-Labs-3-Puzzle-75B-A9B-NVFP4,p2
0,1,,pass,False,nvidia/NVIDIA-Nemotron-Labs-3-Puzzle-75B-A9B-NVFP4,p2
0,0,,pass,True,nvidia/NVIDIA-Nemotron-Labs-3-Puzzle-75B-A9B-NVFP4,p2
0,0,,pass,True,nvidia/NVIDIA-Nemotron-Labs-3-Puzzle-75B-A9B-NVFP4,p2
0,0,,pass,True,nvidia/NVIDIA-Nemotron-Labs-3-Puzzle-75B-A9B-NVFP4,p2
0,0,,pass,True,nvidia/NVIDIA-Nemotron-Labs-3-Puzzle-75B-A9B-NVFP4,p2
0,0,,pass,True,nvidia/NVIDIA-Nemotron-Labs-3-Puzzle-75B-A9B-NVFP4,p2
0,0,,pass,True,nvidia/NVIDIA-Nemotron-Labs-3-Puzzle-75B-A9B-NVFP4,p2
1,0,,title,False,nvidia/NVIDIA-Nemotron-Labs-3-Puzzle-75B-A9B-NVFP4,p2
1,1,,title,True,nvidia/NVIDIA-Nemotron-Labs-3-Puzzle-75B-A9B-NVFP4,p2
1,1,,title,True,nvidia/NVIDIA-Nemotron-Labs-3-Puzzle-75B-A9B-NVFP4,p2
1,1,,title,True,nvidia/NVIDIA-Nemotron-Labs-3-Puzzle-75B-A9B-NVFP4,p2
1,1,,title,True,nvidia/NVIDIA-Nemotron-Labs-3-Puzzle-75B-A9B-NVFP4,p2
1,1,,title,True,nvidia/NVIDIA-Nemotron-Labs-3-Puzzle-75B-A9B-NVFP4,p2
0,0,,title,True,nvidia/NVIDIA-Nemotron-Labs-3-Puzzle-75B-A9B-NVFP4,p2
0,0,,title,True,nvidia/NVIDIA-Nemotron-Labs-3-Puzzle-75B-A9B-NVFP4,p2
0,0,,title,True,nvidia/NVIDIA-Nemotron-Labs-3-Puzzle-75B-A9B-NVFP4,p2
0,0,,title,True,nvidia/NVIDIA-Nemotron-Labs-3-Puzzle-75B-A9B-NVFP4,p2
0,0,,title,True,nvidia/NVIDIA-Nemotron-Labs-3-Puzzle-75B-A9B-NVFP4,p2
0,0,,title,True,nvidia/NVIDIA-Nemotron-Labs-3-Puzzle-75B-A9B-NVFP4,p2
0,1,,title,False,nvidia/NVIDIA-Nemotron-Labs-3-Puzzle-75B-A9B-NVFP4,p2
0,0,,thus,True,nvidia/NVIDIA-Nemotron-Labs-3-Puzzle-75B-A9B-NVFP4,p2
0,1,,permit,False,nvidia/NVIDIA-Nemotron-Labs-3-Puzzle-75B-A9B-NVFP4,p2
1,1,,communication,True,nvidia/NVIDIA-Nemotron-Labs-3-Puzzle-75B-A9B-NVFP4,p2
1,1,,communication,True,nvidia/NVIDIA-Nemotron-Labs-3-Puzzle-75B-A9B-NVFP4,p2
0,0,,communication,True,nvidia/NVIDIA-Nemotron-Labs-3-Puzzle-75B-A9B-NVFP4,p2
1,1,,industry,True,nvidia/NVIDIA-Nemotron-Labs-3-Puzzle-75B-A9B-NVFP4,p2
1,1,,industry,True,nvidia/NVIDIA-Nemotron-Labs-3-Puzzle-75B-A9B-NVFP4,p2
1,1,,industry,True,nvidia/NVIDIA-Nemotron-Labs-3-Puzzle-75B-A9B-NVFP4,p2
0,0,,industry,True,nvidia/NVIDIA-Nemotron-Labs-3-Puzzle-75B-A9B-NVFP4,p2
0,0,,industry,True,nvidia/NVIDIA-Nemotron-Labs-3-Puzzle-75B-A9B-NVFP4,p2
1,1,,tone,True,nvidia/NVIDIA-Nemotron-Labs-3-Puzzle-75B-A9B-NVFP4,p2
1,1,,tone,True,nvidia/NVIDIA-Nemotron-Labs-3-Puzzle-75B-A9B-NVFP4,p2
1,1,,tone,True,nvidia/NVIDIA-Nemotron-Labs-3-Puzzle-75B-A9B-NVFP4,p2
0,0,,tone,True,nvidia/NVIDIA-Nemotron-Labs-3-Puzzle-75B-A9B-NVFP4,p2
0,0,,tone,True,nvidia/NVIDIA-Nemotron-Labs-3-Puzzle-75B-A9B-NVFP4,p2
0,0,,tone,True,nvidia/NVIDIA-Nemotron-Labs-3-Puzzle-75B-A9B-NVFP4,p2
0,0,,tone,True,nvidia/NVIDIA-Nemotron-Labs-3-Puzzle-75B-A9B-NVFP4,p2
0,0,,tone,True,nvidia/NVIDIA-Nemotron-Labs-3-Puzzle-75B-A9B-NVFP4,p2
0,0,,tone,True,nvidia/NVIDIA-Nemotron-Labs-3-Puzzle-75B-A9B-NVFP4,p2
0,0,,tone,True,nvidia/NVIDIA-Nemotron-Labs-3-Puzzle-75B-A9B-NVFP4,p2
0,0,,enclose,True,nvidia/NVIDIA-Nemotron-Labs-3-Puzzle-75B-A9B-NVFP4,p2
0,0,,enclose,True,nvidia/NVIDIA-Nemotron-Labs-3-Puzzle-75B-A9B-NVFP4,p2
1,1,,refer,True,nvidia/NVIDIA-Nemotron-Labs-3-Puzzle-75B-A9B-NVFP4,p2
0,0,,refer,True,nvidia/NVIDIA-Nemotron-Labs-3-Puzzle-75B-A9B-NVFP4,p2
0,0,,refer,True,nvidia/NVIDIA-Nemotron-Labs-3-Puzzle-75B-A9B-NVFP4,p2
0,0,,refer,True,nvidia/NVIDIA-Nemotron-Labs-3-Puzzle-75B-A9B-NVFP4,p2
1,1,,at_least,True,nvidia/NVIDIA-Nemotron-Labs-3-Puzzle-75B-A9B-NVFP4,p2
0,0,,at_least,True,nvidia/NVIDIA-Nemotron-Labs-3-Puzzle-75B-A9B-NVFP4,p2
0,0,,at_least,True,nvidia/NVIDIA-Nemotron-Labs-3-Puzzle-75B-A9B-NVFP4,p2
1,1,,attack,True,nvidia/NVIDIA-Nemotron-Labs-3-Puzzle-75B-A9B-NVFP4,p2
1,1,,attack,True,nvidia/NVIDIA-Nemotron-Labs-3-Puzzle-75B-A9B-NVFP4,p2
1,1,,attack,True,nvidia/NVIDIA-Nemotron-Labs-3-Puzzle-75B-A9B-NVFP4,p2
0,1,,attack,False,nvidia/NVIDIA-Nemotron-Labs-3-Puzzle-75B-A9B-NVFP4,p2
0,1,,attack,False,nvidia/NVIDIA-Nemotron-Labs-3-Puzzle-75B-A9B-NVFP4,p2
1,1,,board,True,nvidia/NVIDIA-Nemotron-Labs-3-Puzzle-75B-A9B-NVFP4,p2
1,1,,board,True,nvidia/NVIDIA-Nemotron-Labs-3-Puzzle-75B-A9B-NVFP4,p2
1,0,,board,False,nvidia/NVIDIA-Nemotron-Labs-3-Puzzle-75B-A9B-NVFP4,p2
1,1,,board,True,nvidia/NVIDIA-Nemotron-Labs-3-Puzzle-75B-A9B-NVFP4,p2
0,0,,board,True,nvidia/NVIDIA-Nemotron-Labs-3-Puzzle-75B-A9B-NVFP4,p2
0,0,,board,True,nvidia/NVIDIA-Nemotron-Labs-3-Puzzle-75B-A9B-NVFP4,p2
0,0,,board,True,nvidia/NVIDIA-Nemotron-Labs-3-Puzzle-75B-A9B-NVFP4,p2
0,0,,board,True,nvidia/NVIDIA-Nemotron-Labs-3-Puzzle-75B-A9B-NVFP4,p2
0,0,,board,True,nvidia/NVIDIA-Nemotron-Labs-3-Puzzle-75B-A9B-NVFP4,p2
1,1,,arrangement,True,nvidia/NVIDIA-Nemotron-Labs-3-Puzzle-75B-A9B-NVFP4,p2
1,1,,arrangement,True,nvidia/NVIDIA-Nemotron-Labs-3-Puzzle-75B-A9B-NVFP4,p2
1,1,,arrangement,True,nvidia/NVIDIA-Nemotron-Labs-3-Puzzle-75B-A9B-NVFP4,p2
1,1,,arrangement,True,nvidia/NVIDIA-Nemotron-Labs-3-Puzzle-75B-A9B-NVFP4,p2
0,0,,arrangement,True,nvidia/NVIDIA-Nemotron-Labs-3-Puzzle-75B-A9B-NVFP4,p2
0,0,,arrangement,True,nvidia/NVIDIA-Nemotron-Labs-3-Puzzle-75B-A9B-NVFP4,p2
0,0,,arrangement,True,nvidia/NVIDIA-Nemotron-Labs-3-Puzzle-75B-A9B-NVFP4,p2
0,0,,arrangement,True,nvidia/NVIDIA-Nemotron-Labs-3-Puzzle-75B-A9B-NVFP4,p2
0,0,,arrangement,True,nvidia/NVIDIA-Nemotron-Labs-3-Puzzle-75B-A9B-NVFP4,p2
1,1,,cause,True,nvidia/NVIDIA-Nemotron-Labs-3-Puzzle-75B-A9B-NVFP4,p2
1,1,,cause,True,nvidia/NVIDIA-Nemotron-Labs-3-Puzzle-75B-A9B-NVFP4,p2
0,0,,cause,True,nvidia/NVIDIA-Nemotron-Labs-3-Puzzle-75B-A9B-NVFP4,p2
0,1,,cause,False,nvidia/NVIDIA-Nemotron-Labs-3-Puzzle-75B-A9B-NVFP4,p2
0,0,,cause,True,nvidia/NVIDIA-Nemotron-Labs-3-Puzzle-75B-A9B-NVFP4,p2
0,1,,cause,False,nvidia/NVIDIA-Nemotron-Labs-3-Puzzle-75B-A9B-NVFP4,p2
0,0,,cause,True,nvidia/NVIDIA-Nemotron-Labs-3-Puzzle-75B-A9B-NVFP4,p2
1,1,,hope,True,nvidia/NVIDIA-Nemotron-Labs-3-Puzzle-75B-A9B-NVFP4,p2
1,1,,hope,True,nvidia/NVIDIA-Nemotron-Labs-3-Puzzle-75B-A9B-NVFP4,p2
1,1,,hope,True,nvidia/NVIDIA-Nemotron-Labs-3-Puzzle-75B-A9B-NVFP4,p2
0,1,,hope,False,nvidia/NVIDIA-Nemotron-Labs-3-Puzzle-75B-A9B-NVFP4,p2
1,1,,serious,True,nvidia/NVIDIA-Nemotron-Labs-3-Puzzle-75B-A9B-NVFP4,p2
1,1,,serious,True,nvidia/NVIDIA-Nemotron-Labs-3-Puzzle-75B-A9B-NVFP4,p2
0,1,,serious,False,nvidia/NVIDIA-Nemotron-Labs-3-Puzzle-75B-A9B-NVFP4,p2
0,1,,serious,False,nvidia/NVIDIA-Nemotron-Labs-3-Puzzle-75B-A9B-NVFP4,p2
0,1,,serious,False,nvidia/NVIDIA-Nemotron-Labs-3-Puzzle-75B-A9B-NVFP4,p2
1,1,,think_of,True,nvidia/NVIDIA-Nemotron-Labs-3-Puzzle-75B-A9B-NVFP4,p2
1,1,,think_of,True,nvidia/NVIDIA-Nemotron-Labs-3-Puzzle-75B-A9B-NVFP4,p2
1,1,,think_of,True,nvidia/NVIDIA-Nemotron-Labs-3-Puzzle-75B-A9B-NVFP4,p2
0,0,,think_of,True,nvidia/NVIDIA-Nemotron-Labs-3-Puzzle-75B-A9B-NVFP4,p2
0,1,,think_of,False,nvidia/NVIDIA-Nemotron-Labs-3-Puzzle-75B-A9B-NVFP4,p2
0,0,,think_of,True,nvidia/NVIDIA-Nemotron-Labs-3-Puzzle-75B-A9B-NVFP4,p2
0,1,,think_of,False,nvidia/NVIDIA-Nemotron-Labs-3-Puzzle-75B-A9B-NVFP4,p2
1,1,,result,True,nvidia/NVIDIA-Nemotron-Labs-3-Puzzle-75B-A9B-NVFP4,p2
1,1,,result,True,nvidia/NVIDIA-Nemotron-Labs-3-Puzzle-75B-A9B-NVFP4,p2
0,1,,result,False,nvidia/NVIDIA-Nemotron-Labs-3-Puzzle-75B-A9B-NVFP4,p2
1,1,,band,True,nvidia/NVIDIA-Nemotron-Labs-3-Puzzle-75B-A9B-NVFP4,p2
1,1,,band,True,nvidia/NVIDIA-Nemotron-Labs-3-Puzzle-75B-A9B-NVFP4,p2
1,1,,band,True,nvidia/NVIDIA-Nemotron-Labs-3-Puzzle-75B-A9B-NVFP4,p2
1,1,,band,True,nvidia/NVIDIA-Nemotron-Labs-3-Puzzle-75B-A9B-NVFP4,p2
1,1,,band,True,nvidia/NVIDIA-Nemotron-Labs-3-Puzzle-75B-A9B-NVFP4,p2
1,1,,band,True,nvidia/NVIDIA-Nemotron-Labs-3-Puzzle-75B-A9B-NVFP4,p2
0,0,,band,True,nvidia/NVIDIA-Nemotron-Labs-3-Puzzle-75B-A9B-NVFP4,p2
0,0,,band,True,nvidia/NVIDIA-Nemotron-Labs-3-Puzzle-75B-A9B-NVFP4,p2
0,0,,band,True,nvidia/NVIDIA-Nemotron-Labs-3-Puzzle-75B-A9B-NVFP4,p2
0,0,,band,True,nvidia/NVIDIA-Nemotron-Labs-3-Puzzle-75B-A9B-NVFP4,p2
0,0,,band,True,nvidia/NVIDIA-Nemotron-Labs-3-Puzzle-75B-A9B-NVFP4,p2
0,0,,band,True,nvidia/NVIDIA-Nemotron-Labs-3-Puzzle-75B-A9B-NVFP4,p2
0,0,,band,True,nvidia/NVIDIA-Nemotron-Labs-3-Puzzle-75B-A9B-NVFP4,p2
1,1,,organize,True,nvidia/NVIDIA-Nemotron-Labs-3-Puzzle-75B-A9B-NVFP4,p2
1,1,,organize,True,nvidia/NVIDIA-Nemotron-Labs-3-Puzzle-75B-A9B-NVFP4,p2
0,1,,organize,False,nvidia/NVIDIA-Nemotron-Labs-3-Puzzle-75B-A9B-NVFP4,p2
0,1,,organize,False,nvidia/NVIDIA-Nemotron-Labs-3-Puzzle-75B-A9B-NVFP4,p2
0,0,,organize,True,nvidia/NVIDIA-Nemotron-Labs-3-Puzzle-75B-A9B-NVFP4,p2
1,1,,failure,True,nvidia/NVIDIA-Nemotron-Labs-3-Puzzle-75B-A9B-NVFP4,p2
1,1,,failure,True,nvidia/NVIDIA-Nemotron-Labs-3-Puzzle-75B-A9B-NVFP4,p2
0,0,,failure,True,nvidia/NVIDIA-Nemotron-Labs-3-Puzzle-75B-A9B-NVFP4,p2
0,0,,failure,True,nvidia/NVIDIA-Nemotron-Labs-3-Puzzle-75B-A9B-NVFP4,p2
0,1,,failure,False,nvidia/NVIDIA-Nemotron-Labs-3-Puzzle-75B-A9B-NVFP4,p2
0,1,,failure,False,nvidia/NVIDIA-Nemotron-Labs-3-Puzzle-75B-A9B-NVFP4,p2
1,1,,memory,True,nvidia/NVIDIA-Nemotron-Labs-3-Puzzle-75B-A9B-NVFP4,p2
1,1,,memory,True,nvidia/NVIDIA-Nemotron-Labs-3-Puzzle-75B-A9B-NVFP4,p2
0,1,,memory,False,nvidia/NVIDIA-Nemotron-Labs-3-Puzzle-75B-A9B-NVFP4,p2
0,0,,memory,True,nvidia/NVIDIA-Nemotron-Labs-3-Puzzle-75B-A9B-NVFP4,p2
0,0,,memory,True,nvidia/NVIDIA-Nemotron-Labs-3-Puzzle-75B-A9B-NVFP4,p2
0,0,,memory,True,nvidia/NVIDIA-Nemotron-Labs-3-Puzzle-75B-A9B-NVFP4,p2
0,0,,coarse,True,nvidia/NVIDIA-Nemotron-Labs-3-Puzzle-75B-A9B-NVFP4,p2
0,0,,coarse,True,nvidia/NVIDIA-Nemotron-Labs-3-Puzzle-75B-A9B-NVFP4,p2
0,0,,coarse,True,nvidia/NVIDIA-Nemotron-Labs-3-Puzzle-75B-A9B-NVFP4,p2
1,1,,plan,True,nvidia/NVIDIA-Nemotron-Labs-3-Puzzle-75B-A9B-NVFP4,p2
0,1,,plan,False,nvidia/NVIDIA-Nemotron-Labs-3-Puzzle-75B-A9B-NVFP4,p2
1,1,,repeat,True,nvidia/NVIDIA-Nemotron-Labs-3-Puzzle-75B-A9B-NVFP4,p2
1,1,,repeat,True,nvidia/NVIDIA-Nemotron-Labs-3-Puzzle-75B-A9B-NVFP4,p2
0,1,,repeat,False,nvidia/NVIDIA-Nemotron-Labs-3-Puzzle-75B-A9B-NVFP4,p2
0,1,,repeat,False,nvidia/NVIDIA-Nemotron-Labs-3-Puzzle-75B-A9B-NVFP4,p2
0,1,,repeat,False,nvidia/NVIDIA-Nemotron-Labs-3-Puzzle-75B-A9B-NVFP4,p2
0,1,,repeat,False,nvidia/NVIDIA-Nemotron-Labs-3-Puzzle-75B-A9B-NVFP4,p2
1,1,,preserve,True,nvidia/NVIDIA-Nemotron-Labs-3-Puzzle-75B-A9B-NVFP4,p2
1,1,,preserve,True,nvidia/NVIDIA-Nemotron-Labs-3-Puzzle-75B-A9B-NVFP4,p2
1,1,,preserve,True,nvidia/NVIDIA-Nemotron-Labs-3-Puzzle-75B-A9B-NVFP4,p2
1,1,,preserve,True,nvidia/NVIDIA-Nemotron-Labs-3-Puzzle-75B-A9B-NVFP4,p2
1,1,,preserve,True,nvidia/NVIDIA-Nemotron-Labs-3-Puzzle-75B-A9B-NVFP4,p2
0,0,,preserve,True,nvidia/NVIDIA-Nemotron-Labs-3-Puzzle-75B-A9B-NVFP4,p2
0,0,,preserve,True,nvidia/NVIDIA-Nemotron-Labs-3-Puzzle-75B-A9B-NVFP4,p2
0,0,,preserve,True,nvidia/NVIDIA-Nemotron-Labs-3-Puzzle-75B-A9B-NVFP4,p2
0,0,,preserve,True,nvidia/NVIDIA-Nemotron-Labs-3-Puzzle-75B-A9B-NVFP4,p2
1,1,,belief,True,nvidia/NVIDIA-Nemotron-Labs-3-Puzzle-75B-A9B-NVFP4,p2
1,1,,belief,True,nvidia/NVIDIA-Nemotron-Labs-3-Puzzle-75B-A9B-NVFP4,p2
0,1,,belief,False,nvidia/NVIDIA-Nemotron-Labs-3-Puzzle-75B-A9B-NVFP4,p2
1,1,,system,True,nvidia/NVIDIA-Nemotron-Labs-3-Puzzle-75B-A9B-NVFP4,p2
1,1,,system,True,nvidia/NVIDIA-Nemotron-Labs-3-Puzzle-75B-A9B-NVFP4,p2
1,1,,system,True,nvidia/NVIDIA-Nemotron-Labs-3-Puzzle-75B-A9B-NVFP4,p2
0,0,,system,True,nvidia/NVIDIA-Nemotron-Labs-3-Puzzle-75B-A9B-NVFP4,p2
0,1,,system,False,nvidia/NVIDIA-Nemotron-Labs-3-Puzzle-75B-A9B-NVFP4,p2
0,0,,system,True,nvidia/NVIDIA-Nemotron-Labs-3-Puzzle-75B-A9B-NVFP4,p2
0,0,,system,True,nvidia/NVIDIA-Nemotron-Labs-3-Puzzle-75B-A9B-NVFP4,p2
0,0,,system,True,nvidia/NVIDIA-Nemotron-Labs-3-Puzzle-75B-A9B-NVFP4,p2
0,0,,system,True,nvidia/NVIDIA-Nemotron-Labs-3-Puzzle-75B-A9B-NVFP4,p2
1,1,,grant,True,nvidia/NVIDIA-Nemotron-Labs-3-Puzzle-75B-A9B-NVFP4,p2
1,1,,grant,True,nvidia/NVIDIA-Nemotron-Labs-3-Puzzle-75B-A9B-NVFP4,p2
1,1,,grant,True,nvidia/NVIDIA-Nemotron-Labs-3-Puzzle-75B-A9B-NVFP4,p2
1,1,,grant,True,nvidia/NVIDIA-Nemotron-Labs-3-Puzzle-75B-A9B-NVFP4,p2
1,1,,grant,True,nvidia/NVIDIA-Nemotron-Labs-3-Puzzle-75B-A9B-NVFP4,p2
1,1,,grant,True,nvidia/NVIDIA-Nemotron-Labs-3-Puzzle-75B-A9B-NVFP4,p2
1,1,,grant,True,nvidia/NVIDIA-Nemotron-Labs-3-Puzzle-75B-A9B-NVFP4,p2
1,1,,grant,True,nvidia/NVIDIA-Nemotron-Labs-3-Puzzle-75B-A9B-NVFP4,p2
1,1,,grant,True,nvidia/NVIDIA-Nemotron-Labs-3-Puzzle-75B-A9B-NVFP4,p2
1,1,,grant,True,nvidia/NVIDIA-Nemotron-Labs-3-Puzzle-75B-A9B-NVFP4,p2
0,1,,grant,False,nvidia/NVIDIA-Nemotron-Labs-3-Puzzle-75B-A9B-NVFP4,p2
0,0,,grant,True,nvidia/NVIDIA-Nemotron-Labs-3-Puzzle-75B-A9B-NVFP4,p2
0,0,,grant,True,nvidia/NVIDIA-Nemotron-Labs-3-Puzzle-75B-A9B-NVFP4,p2
0,0,,grant,True,nvidia/NVIDIA-Nemotron-Labs-3-Puzzle-75B-A9B-NVFP4,p2
0,0,,grant,True,nvidia/NVIDIA-Nemotron-Labs-3-Puzzle-75B-A9B-NVFP4,p2
0,1,,grant,False,nvidia/NVIDIA-Nemotron-Labs-3-Puzzle-75B-A9B-NVFP4,p2
0,0,,grant,True,nvidia/NVIDIA-Nemotron-Labs-3-Puzzle-75B-A9B-NVFP4,p2
0,0,,grant,True,nvidia/NVIDIA-Nemotron-Labs-3-Puzzle-75B-A9B-NVFP4,p2
0,0,,grant,True,nvidia/NVIDIA-Nemotron-Labs-3-Puzzle-75B-A9B-NVFP4,p2
0,1,,grant,False,nvidia/NVIDIA-Nemotron-Labs-3-Puzzle-75B-A9B-NVFP4,p2
0,0,,grant,True,nvidia/NVIDIA-Nemotron-Labs-3-Puzzle-75B-A9B-NVFP4,p2
0,0,,grant,True,nvidia/NVIDIA-Nemotron-Labs-3-Puzzle-75B-A9B-NVFP4,p2
1,1,,perceive,True,nvidia/NVIDIA-Nemotron-Labs-3-Puzzle-75B-A9B-NVFP4,p2
1,1,,perceive,True,nvidia/NVIDIA-Nemotron-Labs-3-Puzzle-75B-A9B-NVFP4,p2
0,1,,perceive,False,nvidia/NVIDIA-Nemotron-Labs-3-Puzzle-75B-A9B-NVFP4,p2
1,1,,experience,True,nvidia/NVIDIA-Nemotron-Labs-3-Puzzle-75B-A9B-NVFP4,p2
1,1,,experience,True,nvidia/NVIDIA-Nemotron-Labs-3-Puzzle-75B-A9B-NVFP4,p2
1,1,,experience,True,nvidia/NVIDIA-Nemotron-Labs-3-Puzzle-75B-A9B-NVFP4,p2
1,1,,experience,True,nvidia/NVIDIA-Nemotron-Labs-3-Puzzle-75B-A9B-NVFP4,p2
1,1,,experience,True,nvidia/NVIDIA-Nemotron-Labs-3-Puzzle-75B-A9B-NVFP4,p2
0,1,,experience,False,nvidia/NVIDIA-Nemotron-Labs-3-Puzzle-75B-A9B-NVFP4,p2
0,1,,experience,False,nvidia/NVIDIA-Nemotron-Labs-3-Puzzle-75B-A9B-NVFP4,p2
0,0,,experience,True,nvidia/NVIDIA-Nemotron-Labs-3-Puzzle-75B-A9B-NVFP4,p2
0,0,,experience,True,nvidia/NVIDIA-Nemotron-Labs-3-Puzzle-75B-A9B-NVFP4,p2
1,1,,enjoy,True,nvidia/NVIDIA-Nemotron-Labs-3-Puzzle-75B-A9B-NVFP4,p2
1,1,,enjoy,True,nvidia/NVIDIA-Nemotron-Labs-3-Puzzle-75B-A9B-NVFP4,p2
0,0,,enjoy,True,nvidia/NVIDIA-Nemotron-Labs-3-Puzzle-75B-A9B-NVFP4,p2
0,0,,enjoy,True,nvidia/NVIDIA-Nemotron-Labs-3-Puzzle-75B-A9B-NVFP4,p2
1,1,,bend,True,nvidia/NVIDIA-Nemotron-Labs-3-Puzzle-75B-A9B-NVFP4,p2
1,1,,bend,True,nvidia/NVIDIA-Nemotron-Labs-3-Puzzle-75B-A9B-NVFP4,p2
1,1,,bend,True,nvidia/NVIDIA-Nemotron-Labs-3-Puzzle-75B-A9B-NVFP4,p2
0,1,,bend,False,nvidia/NVIDIA-Nemotron-Labs-3-Puzzle-75B-A9B-NVFP4,p2
0,0,,bend,True,nvidia/NVIDIA-Nemotron-Labs-3-Puzzle-75B-A9B-NVFP4,p2
0,0,,relative,True,nvidia/NVIDIA-Nemotron-Labs-3-Puzzle-75B-A9B-NVFP4,p2
0,0,,relative,True,nvidia/NVIDIA-Nemotron-Labs-3-Puzzle-75B-A9B-NVFP4,p2
1,1,,whole,True,nvidia/NVIDIA-Nemotron-Labs-3-Puzzle-75B-A9B-NVFP4,p2
1,1,,whole,True,nvidia/NVIDIA-Nemotron-Labs-3-Puzzle-75B-A9B-NVFP4,p2
0,1,,whole,False,nvidia/NVIDIA-Nemotron-Labs-3-Puzzle-75B-A9B-NVFP4,p2
0,0,,message,True,nvidia/NVIDIA-Nemotron-Labs-3-Puzzle-75B-A9B-NVFP4,p2
1,1,,suggest,True,nvidia/NVIDIA-Nemotron-Labs-3-Puzzle-75B-A9B-NVFP4,p2
0,0,,suggest,True,nvidia/NVIDIA-Nemotron-Labs-3-Puzzle-75B-A9B-NVFP4,p2
0,0,,suggest,True,nvidia/NVIDIA-Nemotron-Labs-3-Puzzle-75B-A9B-NVFP4,p2
0,0,,suggest,True,nvidia/NVIDIA-Nemotron-Labs-3-Puzzle-75B-A9B-NVFP4,p2
0,0,,suggest,True,nvidia/NVIDIA-Nemotron-Labs-3-Puzzle-75B-A9B-NVFP4,p2
0,1,,suggest,False,nvidia/NVIDIA-Nemotron-Labs-3-Puzzle-75B-A9B-NVFP4,p2
1,0,,meal,False,nvidia/NVIDIA-Nemotron-Labs-3-Puzzle-75B-A9B-NVFP4,p2
0,0,,meal,True,nvidia/NVIDIA-Nemotron-Labs-3-Puzzle-75B-A9B-NVFP4,p2
1,1,,environment,True,nvidia/NVIDIA-Nemotron-Labs-3-Puzzle-75B-A9B-NVFP4,p2
0,0,,environment,True,nvidia/NVIDIA-Nemotron-Labs-3-Puzzle-75B-A9B-NVFP4,p2
0,1,,environment,False,nvidia/NVIDIA-Nemotron-Labs-3-Puzzle-75B-A9B-NVFP4,p2
1,1,,final,True,nvidia/NVIDIA-Nemotron-Labs-3-Puzzle-75B-A9B-NVFP4,p2
0,1,,final,False,nvidia/NVIDIA-Nemotron-Labs-3-Puzzle-75B-A9B-NVFP4,p2
1,1,,male,True,nvidia/NVIDIA-Nemotron-Labs-3-Puzzle-75B-A9B-NVFP4,p2
1,1,,population,True,nvidia/NVIDIA-Nemotron-Labs-3-Puzzle-75B-A9B-NVFP4,p2
0,1,,population,False,nvidia/NVIDIA-Nemotron-Labs-3-Puzzle-75B-A9B-NVFP4,p2
0,0,,population,True,nvidia/NVIDIA-Nemotron-Labs-3-Puzzle-75B-A9B-NVFP4,p2
1,1,,contribute,True,nvidia/NVIDIA-Nemotron-Labs-3-Puzzle-75B-A9B-NVFP4,p2
1,1,,contribute,True,nvidia/NVIDIA-Nemotron-Labs-3-Puzzle-75B-A9B-NVFP4,p2
0,1,,contribute,False,nvidia/NVIDIA-Nemotron-Labs-3-Puzzle-75B-A9B-NVFP4,p2
0,1,,contribute,False,nvidia/NVIDIA-Nemotron-Labs-3-Puzzle-75B-A9B-NVFP4,p2
0,1,,contribute,False,nvidia/NVIDIA-Nemotron-Labs-3-Puzzle-75B-A9B-NVFP4,p2
1,1,,symbol,True,nvidia/NVIDIA-Nemotron-Labs-3-Puzzle-75B-A9B-NVFP4,p2
1,1,,symbol,True,nvidia/NVIDIA-Nemotron-Labs-3-Puzzle-75B-A9B-NVFP4,p2
0,1,,symbol,False,nvidia/NVIDIA-Nemotron-Labs-3-Puzzle-75B-A9B-NVFP4,p2
0,1,,symbol,False,nvidia/NVIDIA-Nemotron-Labs-3-Puzzle-75B-A9B-NVFP4,p2
1,1,,lay,True,nvidia/NVIDIA-Nemotron-Labs-3-Puzzle-75B-A9B-NVFP4,p2
1,1,,lay,True,nvidia/NVIDIA-Nemotron-Labs-3-Puzzle-75B-A9B-NVFP4,p2
1,1,,lay,True,nvidia/NVIDIA-Nemotron-Labs-3-Puzzle-75B-A9B-NVFP4,p2
1,1,,lay,True,nvidia/NVIDIA-Nemotron-Labs-3-Puzzle-75B-A9B-NVFP4,p2
1,1,,lay,True,nvidia/NVIDIA-Nemotron-Labs-3-Puzzle-75B-A9B-NVFP4,p2
0,0,,lay,True,nvidia/NVIDIA-Nemotron-Labs-3-Puzzle-75B-A9B-NVFP4,p2
0,0,,lay,True,nvidia/NVIDIA-Nemotron-Labs-3-Puzzle-75B-A9B-NVFP4,p2
0,0,,lay,True,nvidia/NVIDIA-Nemotron-Labs-3-Puzzle-75B-A9B-NVFP4,p2
0,0,,lay,True,nvidia/NVIDIA-Nemotron-Labs-3-Puzzle-75B-A9B-NVFP4,p2
0,0,,lay,True,nvidia/NVIDIA-Nemotron-Labs-3-Puzzle-75B-A9B-NVFP4,p2
1,1,,medicine,True,nvidia/NVIDIA-Nemotron-Labs-3-Puzzle-75B-A9B-NVFP4,p2
1,1,,medicine,True,nvidia/NVIDIA-Nemotron-Labs-3-Puzzle-75B-A9B-NVFP4,p2
0,0,,medicine,True,nvidia/NVIDIA-Nemotron-Labs-3-Puzzle-75B-A9B-NVFP4,p2
0,0,,medicine,True,nvidia/NVIDIA-Nemotron-Labs-3-Puzzle-75B-A9B-NVFP4,p2
1,1,,scene,True,nvidia/NVIDIA-Nemotron-Labs-3-Puzzle-75B-A9B-NVFP4,p2
1,1,,scene,True,nvidia/NVIDIA-Nemotron-Labs-3-Puzzle-75B-A9B-NVFP4,p2
1,1,,scene,True,nvidia/NVIDIA-Nemotron-Labs-3-Puzzle-75B-A9B-NVFP4,p2
1,1,,scene,True,nvidia/NVIDIA-Nemotron-Labs-3-Puzzle-75B-A9B-NVFP4,p2
1,1,,scene,True,nvidia/NVIDIA-Nemotron-Labs-3-Puzzle-75B-A9B-NVFP4,p2
1,1,,scene,True,nvidia/NVIDIA-Nemotron-Labs-3-Puzzle-75B-A9B-NVFP4,p2
1,1,,scene,True,nvidia/NVIDIA-Nemotron-Labs-3-Puzzle-75B-A9B-NVFP4,p2
1,1,,scene,True,nvidia/NVIDIA-Nemotron-Labs-3-Puzzle-75B-A9B-NVFP4,p2
0,0,,scene,True,nvidia/NVIDIA-Nemotron-Labs-3-Puzzle-75B-A9B-NVFP4,p2
0,0,,scene,True,nvidia/NVIDIA-Nemotron-Labs-3-Puzzle-75B-A9B-NVFP4,p2
0,0,,scene,True,nvidia/NVIDIA-Nemotron-Labs-3-Puzzle-75B-A9B-NVFP4,p2
0,1,,scene,False,nvidia/NVIDIA-Nemotron-Labs-3-Puzzle-75B-A9B-NVFP4,p2
0,0,,scene,True,nvidia/NVIDIA-Nemotron-Labs-3-Puzzle-75B-A9B-NVFP4,p2
0,1,,scene,False,nvidia/NVIDIA-Nemotron-Labs-3-Puzzle-75B-A9B-NVFP4,p2
0,0,,scene,True,nvidia/NVIDIA-Nemotron-Labs-3-Puzzle-75B-A9B-NVFP4,p2
0,0,,scene,True,nvidia/NVIDIA-Nemotron-Labs-3-Puzzle-75B-A9B-NVFP4,p2
1,1,,once,True,nvidia/NVIDIA-Nemotron-Labs-3-Puzzle-75B-A9B-NVFP4,p2
0,1,,once,False,nvidia/NVIDIA-Nemotron-Labs-3-Puzzle-75B-A9B-NVFP4,p2
0,0,,once,True,nvidia/NVIDIA-Nemotron-Labs-3-Puzzle-75B-A9B-NVFP4,p2
1,1,,dry,True,nvidia/NVIDIA-Nemotron-Labs-3-Puzzle-75B-A9B-NVFP4,p2
1,1,,dry,True,nvidia/NVIDIA-Nemotron-Labs-3-Puzzle-75B-A9B-NVFP4,p2
0,1,,dry,False,nvidia/NVIDIA-Nemotron-Labs-3-Puzzle-75B-A9B-NVFP4,p2
1,1,,draw,True,nvidia/NVIDIA-Nemotron-Labs-3-Puzzle-75B-A9B-NVFP4,p2
1,1,,draw,True,nvidia/NVIDIA-Nemotron-Labs-3-Puzzle-75B-A9B-NVFP4,p2
1,1,,draw,True,nvidia/NVIDIA-Nemotron-Labs-3-Puzzle-75B-A9B-NVFP4,p2
1,1,,draw,True,nvidia/NVIDIA-Nemotron-Labs-3-Puzzle-75B-A9B-NVFP4,p2
1,1,,draw,True,nvidia/NVIDIA-Nemotron-Labs-3-Puzzle-75B-A9B-NVFP4,p2
1,1,,draw,True,nvidia/NVIDIA-Nemotron-Labs-3-Puzzle-75B-A9B-NVFP4,p2
1,1,,draw,True,nvidia/NVIDIA-Nemotron-Labs-3-Puzzle-75B-A9B-NVFP4,p2
1,1,,draw,True,nvidia/NVIDIA-Nemotron-Labs-3-Puzzle-75B-A9B-NVFP4,p2
1,1,,draw,True,nvidia/NVIDIA-Nemotron-Labs-3-Puzzle-75B-A9B-NVFP4,p2
1,1,,draw,True,nvidia/NVIDIA-Nemotron-Labs-3-Puzzle-75B-A9B-NVFP4,p2
1,1,,draw,True,nvidia/NVIDIA-Nemotron-Labs-3-Puzzle-75B-A9B-NVFP4,p2
1,1,,draw,True,nvidia/NVIDIA-Nemotron-Labs-3-Puzzle-75B-A9B-NVFP4,p2
1,0,,draw,False,nvidia/NVIDIA-Nemotron-Labs-3-Puzzle-75B-A9B-NVFP4,p2
1,1,,draw,True,nvidia/NVIDIA-Nemotron-Labs-3-Puzzle-75B-A9B-NVFP4,p2
1,1,,draw,True,nvidia/NVIDIA-Nemotron-Labs-3-Puzzle-75B-A9B-NVFP4,p2
1,1,,draw,True,nvidia/NVIDIA-Nemotron-Labs-3-Puzzle-75B-A9B-NVFP4,p2
1,1,,draw,True,nvidia/NVIDIA-Nemotron-Labs-3-Puzzle-75B-A9B-NVFP4,p2
0,0,,draw,True,nvidia/NVIDIA-Nemotron-Labs-3-Puzzle-75B-A9B-NVFP4,p2
0,0,,draw,True,nvidia/NVIDIA-Nemotron-Labs-3-Puzzle-75B-A9B-NVFP4,p2
0,1,,draw,False,nvidia/NVIDIA-Nemotron-Labs-3-Puzzle-75B-A9B-NVFP4,p2
0,0,,draw,True,nvidia/NVIDIA-Nemotron-Labs-3-Puzzle-75B-A9B-NVFP4,p2
0,0,,draw,True,nvidia/NVIDIA-Nemotron-Labs-3-Puzzle-75B-A9B-NVFP4,p2
0,0,,draw,True,nvidia/NVIDIA-Nemotron-Labs-3-Puzzle-75B-A9B-NVFP4,p2
0,0,,draw,True,nvidia/NVIDIA-Nemotron-Labs-3-Puzzle-75B-A9B-NVFP4,p2
0,0,,draw,True,nvidia/NVIDIA-Nemotron-Labs-3-Puzzle-75B-A9B-NVFP4,p2
0,0,,draw,True,nvidia/NVIDIA-Nemotron-Labs-3-Puzzle-75B-A9B-NVFP4,p2
0,0,,draw,True,nvidia/NVIDIA-Nemotron-Labs-3-Puzzle-75B-A9B-NVFP4,p2
0,0,,draw,True,nvidia/NVIDIA-Nemotron-Labs-3-Puzzle-75B-A9B-NVFP4,p2
0,0,,draw,True,nvidia/NVIDIA-Nemotron-Labs-3-Puzzle-75B-A9B-NVFP4,p2
0,0,,draw,True,nvidia/NVIDIA-Nemotron-Labs-3-Puzzle-75B-A9B-NVFP4,p2
0,0,,draw,True,nvidia/NVIDIA-Nemotron-Labs-3-Puzzle-75B-A9B-NVFP4,p2
0,0,,draw,True,nvidia/NVIDIA-Nemotron-Labs-3-Puzzle-75B-A9B-NVFP4,p2
0,0,,draw,True,nvidia/NVIDIA-Nemotron-Labs-3-Puzzle-75B-A9B-NVFP4,p2
0,0,,draw,True,nvidia/NVIDIA-Nemotron-Labs-3-Puzzle-75B-A9B-NVFP4,p2
0,0,,draw,True,nvidia/NVIDIA-Nemotron-Labs-3-Puzzle-75B-A9B-NVFP4,p2
0,0,,draw,True,nvidia/NVIDIA-Nemotron-Labs-3-Puzzle-75B-A9B-NVFP4,p2
0,0,,draw,True,nvidia/NVIDIA-Nemotron-Labs-3-Puzzle-75B-A9B-NVFP4,p2
0,0,,draw,True,nvidia/NVIDIA-Nemotron-Labs-3-Puzzle-75B-A9B-NVFP4,p2
0,0,,draw,True,nvidia/NVIDIA-Nemotron-Labs-3-Puzzle-75B-A9B-NVFP4,p2
0,0,,draw,True,nvidia/NVIDIA-Nemotron-Labs-3-Puzzle-75B-A9B-NVFP4,p2
0,0,,draw,True,nvidia/NVIDIA-Nemotron-Labs-3-Puzzle-75B-A9B-NVFP4,p2
0,0,,draw,True,nvidia/NVIDIA-Nemotron-Labs-3-Puzzle-75B-A9B-NVFP4,p2
0,0,,draw,True,nvidia/NVIDIA-Nemotron-Labs-3-Puzzle-75B-A9B-NVFP4,p2
0,0,,season,True,nvidia/NVIDIA-Nemotron-Labs-3-Puzzle-75B-A9B-NVFP4,p2
0,0,,season,True,nvidia/NVIDIA-Nemotron-Labs-3-Puzzle-75B-A9B-NVFP4,p2
1,0,,effective,False,nvidia/NVIDIA-Nemotron-Labs-3-Puzzle-75B-A9B-NVFP4,p2
0,1,,effective,False,nvidia/NVIDIA-Nemotron-Labs-3-Puzzle-75B-A9B-NVFP4,p2
0,0,,effective,True,nvidia/NVIDIA-Nemotron-Labs-3-Puzzle-75B-A9B-NVFP4,p2
0,1,,effective,False,nvidia/NVIDIA-Nemotron-Labs-3-Puzzle-75B-A9B-NVFP4,p2
1,1,,claim,True,nvidia/NVIDIA-Nemotron-Labs-3-Puzzle-75B-A9B-NVFP4,p2
1,1,,claim,True,nvidia/NVIDIA-Nemotron-Labs-3-Puzzle-75B-A9B-NVFP4,p2
1,1,,claim,True,nvidia/NVIDIA-Nemotron-Labs-3-Puzzle-75B-A9B-NVFP4,p2
0,0,,claim,True,nvidia/NVIDIA-Nemotron-Labs-3-Puzzle-75B-A9B-NVFP4,p2
0,0,,claim,True,nvidia/NVIDIA-Nemotron-Labs-3-Puzzle-75B-A9B-NVFP4,p2
0,0,,claim,True,nvidia/NVIDIA-Nemotron-Labs-3-Puzzle-75B-A9B-NVFP4,p2
0,1,,claim,False,nvidia/NVIDIA-Nemotron-Labs-3-Puzzle-75B-A9B-NVFP4,p2
0,0,,claim,True,nvidia/NVIDIA-Nemotron-Labs-3-Puzzle-75B-A9B-NVFP4,p2
0,0,,claim,True,nvidia/NVIDIA-Nemotron-Labs-3-Puzzle-75B-A9B-NVFP4,p2
1,1,,rise,True,nvidia/NVIDIA-Nemotron-Labs-3-Puzzle-75B-A9B-NVFP4,p2
1,1,,rise,True,nvidia/NVIDIA-Nemotron-Labs-3-Puzzle-75B-A9B-NVFP4,p2
1,1,,rise,True,nvidia/NVIDIA-Nemotron-Labs-3-Puzzle-75B-A9B-NVFP4,p2
1,1,,rise,True,nvidia/NVIDIA-Nemotron-Labs-3-Puzzle-75B-A9B-NVFP4,p2
1,0,,rise,False,nvidia/NVIDIA-Nemotron-Labs-3-Puzzle-75B-A9B-NVFP4,p2
1,1,,rise,True,nvidia/NVIDIA-Nemotron-Labs-3-Puzzle-75B-A9B-NVFP4,p2
0,0,,rise,True,nvidia/NVIDIA-Nemotron-Labs-3-Puzzle-75B-A9B-NVFP4,p2
0,0,,rise,True,nvidia/NVIDIA-Nemotron-Labs-3-Puzzle-75B-A9B-NVFP4,p2
0,0,,rise,True,nvidia/NVIDIA-Nemotron-Labs-3-Puzzle-75B-A9B-NVFP4,p2
0,0,,rise,True,nvidia/NVIDIA-Nemotron-Labs-3-Puzzle-75B-A9B-NVFP4,p2
0,0,,rise,True,nvidia/NVIDIA-Nemotron-Labs-3-Puzzle-75B-A9B-NVFP4,p2
0,0,,rise,True,nvidia/NVIDIA-Nemotron-Labs-3-Puzzle-75B-A9B-NVFP4,p2
0,0,,rise,True,nvidia/NVIDIA-Nemotron-Labs-3-Puzzle-75B-A9B-NVFP4,p2
0,0,,rise,True,nvidia/NVIDIA-Nemotron-Labs-3-Puzzle-75B-A9B-NVFP4,p2
1,1,,chain,True,nvidia/NVIDIA-Nemotron-Labs-3-Puzzle-75B-A9B-NVFP4,p2
1,1,,chain,True,nvidia/NVIDIA-Nemotron-Labs-3-Puzzle-75B-A9B-NVFP4,p2
1,1,,chain,True,nvidia/NVIDIA-Nemotron-Labs-3-Puzzle-75B-A9B-NVFP4,p2
1,1,,chain,True,nvidia/NVIDIA-Nemotron-Labs-3-Puzzle-75B-A9B-NVFP4,p2
1,0,,chain,False,nvidia/NVIDIA-Nemotron-Labs-3-Puzzle-75B-A9B-NVFP4,p2
1,1,,chain,True,nvidia/NVIDIA-Nemotron-Labs-3-Puzzle-75B-A9B-NVFP4,p2
0,0,,chain,True,nvidia/NVIDIA-Nemotron-Labs-3-Puzzle-75B-A9B-NVFP4,p2
0,0,,chain,True,nvidia/NVIDIA-Nemotron-Labs-3-Puzzle-75B-A9B-NVFP4,p2
0,0,,chain,True,nvidia/NVIDIA-Nemotron-Labs-3-Puzzle-75B-A9B-NVFP4,p2
0,0,,chain,True,nvidia/NVIDIA-Nemotron-Labs-3-Puzzle-75B-A9B-NVFP4,p2
0,0,,chain,True,nvidia/NVIDIA-Nemotron-Labs-3-Puzzle-75B-A9B-NVFP4,p2
0,0,,chain,True,nvidia/NVIDIA-Nemotron-Labs-3-Puzzle-75B-A9B-NVFP4,p2
1,1,,president,True,nvidia/NVIDIA-Nemotron-Labs-3-Puzzle-75B-A9B-NVFP4,p2
1,1,,president,True,nvidia/NVIDIA-Nemotron-Labs-3-Puzzle-75B-A9B-NVFP4,p2
1,1,,president,True,nvidia/NVIDIA-Nemotron-Labs-3-Puzzle-75B-A9B-NVFP4,p2
0,0,,president,True,nvidia/NVIDIA-Nemotron-Labs-3-Puzzle-75B-A9B-NVFP4,p2
0,1,,president,False,nvidia/NVIDIA-Nemotron-Labs-3-Puzzle-75B-A9B-NVFP4,p2
0,1,,president,False,nvidia/NVIDIA-Nemotron-Labs-3-Puzzle-75B-A9B-NVFP4,p2
1,1,,business,True,nvidia/NVIDIA-Nemotron-Labs-3-Puzzle-75B-A9B-NVFP4,p2
1,1,,business,True,nvidia/NVIDIA-Nemotron-Labs-3-Puzzle-75B-A9B-NVFP4,p2
0,1,,business,False,nvidia/NVIDIA-Nemotron-Labs-3-Puzzle-75B-A9B-NVFP4,p2
0,0,,business,True,nvidia/NVIDIA-Nemotron-Labs-3-Puzzle-75B-A9B-NVFP4,p2
0,0,,business,True,nvidia/NVIDIA-Nemotron-Labs-3-Puzzle-75B-A9B-NVFP4,p2
0,0,,business,True,nvidia/NVIDIA-Nemotron-Labs-3-Puzzle-75B-A9B-NVFP4,p2
0,0,,business,True,nvidia/NVIDIA-Nemotron-Labs-3-Puzzle-75B-A9B-NVFP4,p2
0,0,,business,True,nvidia/NVIDIA-Nemotron-Labs-3-Puzzle-75B-A9B-NVFP4,p2
0,0,,business,True,nvidia/NVIDIA-Nemotron-Labs-3-Puzzle-75B-A9B-NVFP4,p2
1,1,,publish,True,nvidia/NVIDIA-Nemotron-Labs-3-Puzzle-75B-A9B-NVFP4,p2
0,1,,publish,False,nvidia/NVIDIA-Nemotron-Labs-3-Puzzle-75B-A9B-NVFP4,p2
0,0,,care,True,nvidia/NVIDIA-Nemotron-Labs-3-Puzzle-75B-A9B-NVFP4,p2
0,0,,care,True,nvidia/NVIDIA-Nemotron-Labs-3-Puzzle-75B-A9B-NVFP4,p2
0,0,,care,True,nvidia/NVIDIA-Nemotron-Labs-3-Puzzle-75B-A9B-NVFP4,p2
1,1,,path,True,nvidia/NVIDIA-Nemotron-Labs-3-Puzzle-75B-A9B-NVFP4,p2
0,0,,path,True,nvidia/NVIDIA-Nemotron-Labs-3-Puzzle-75B-A9B-NVFP4,p2
1,1,,occurrence,True,nvidia/NVIDIA-Nemotron-Labs-3-Puzzle-75B-A9B-NVFP4,p2
1,1,,occurrence,True,nvidia/NVIDIA-Nemotron-Labs-3-Puzzle-75B-A9B-NVFP4,p2
0,1,,occurrence,False,nvidia/NVIDIA-Nemotron-Labs-3-Puzzle-75B-A9B-NVFP4,p2
0,1,,occurrence,False,nvidia/NVIDIA-Nemotron-Labs-3-Puzzle-75B-A9B-NVFP4,p2
1,1,,alcohol,True,nvidia/NVIDIA-Nemotron-Labs-3-Puzzle-75B-A9B-NVFP4,p2
1,1,,alcohol,True,nvidia/NVIDIA-Nemotron-Labs-3-Puzzle-75B-A9B-NVFP4,p2
0,0,,alcohol,True,nvidia/NVIDIA-Nemotron-Labs-3-Puzzle-75B-A9B-NVFP4,p2
1,1,,cotton,True,nvidia/NVIDIA-Nemotron-Labs-3-Puzzle-75B-A9B-NVFP4,p2
1,0,,domestic,False,nvidia/NVIDIA-Nemotron-Labs-3-Puzzle-75B-A9B-NVFP4,p2
0,0,,domestic,True,nvidia/NVIDIA-Nemotron-Labs-3-Puzzle-75B-A9B-NVFP4,p2
0,0,,domestic,True,nvidia/NVIDIA-Nemotron-Labs-3-Puzzle-75B-A9B-NVFP4,p2
0,0,,domestic,True,nvidia/NVIDIA-Nemotron-Labs-3-Puzzle-75B-A9B-NVFP4,p2
0,0,,domestic,True,nvidia/NVIDIA-Nemotron-Labs-3-Puzzle-75B-A9B-NVFP4,p2
1,1,,date,True,nvidia/NVIDIA-Nemotron-Labs-3-Puzzle-75B-A9B-NVFP4,p2
1,1,,date,True,nvidia/NVIDIA-Nemotron-Labs-3-Puzzle-75B-A9B-NVFP4,p2
1,1,,date,True,nvidia/NVIDIA-Nemotron-Labs-3-Puzzle-75B-A9B-NVFP4,p2
1,1,,date,True,nvidia/NVIDIA-Nemotron-Labs-3-Puzzle-75B-A9B-NVFP4,p2
1,1,,date,True,nvidia/NVIDIA-Nemotron-Labs-3-Puzzle-75B-A9B-NVFP4,p2
0,1,,date,False,nvidia/NVIDIA-Nemotron-Labs-3-Puzzle-75B-A9B-NVFP4,p2
0,0,,date,True,nvidia/NVIDIA-Nemotron-Labs-3-Puzzle-75B-A9B-NVFP4,p2
0,0,,date,True,nvidia/NVIDIA-Nemotron-Labs-3-Puzzle-75B-A9B-NVFP4,p2
0,0,,date,True,nvidia/NVIDIA-Nemotron-Labs-3-Puzzle-75B-A9B-NVFP4,p2
0,0,,date,True,nvidia/NVIDIA-Nemotron-Labs-3-Puzzle-75B-A9B-NVFP4,p2
0,0,,date,True,nvidia/NVIDIA-Nemotron-Labs-3-Puzzle-75B-A9B-NVFP4,p2
0,0,,date,True,nvidia/NVIDIA-Nemotron-Labs-3-Puzzle-75B-A9B-NVFP4,p2
0,0,,date,True,nvidia/NVIDIA-Nemotron-Labs-3-Puzzle-75B-A9B-NVFP4,p2
0,0,,date,True,nvidia/NVIDIA-Nemotron-Labs-3-Puzzle-75B-A9B-NVFP4,p2
1,1,,reality,True,nvidia/NVIDIA-Nemotron-Labs-3-Puzzle-75B-A9B-NVFP4,p2
1,1,,reality,True,nvidia/NVIDIA-Nemotron-Labs-3-Puzzle-75B-A9B-NVFP4,p2
0,0,,reality,True,nvidia/NVIDIA-Nemotron-Labs-3-Puzzle-75B-A9B-NVFP4,p2
0,1,,reality,False,nvidia/NVIDIA-Nemotron-Labs-3-Puzzle-75B-A9B-NVFP4,p2
0,0,,special,True,nvidia/NVIDIA-Nemotron-Labs-3-Puzzle-75B-A9B-NVFP4,p2
0,1,,special,False,nvidia/NVIDIA-Nemotron-Labs-3-Puzzle-75B-A9B-NVFP4,p2
1,1,,deny,True,nvidia/NVIDIA-Nemotron-Labs-3-Puzzle-75B-A9B-NVFP4,p2
1,1,,deny,True,nvidia/NVIDIA-Nemotron-Labs-3-Puzzle-75B-A9B-NVFP4,p2
0,1,,deny,False,nvidia/NVIDIA-Nemotron-Labs-3-Puzzle-75B-A9B-NVFP4,p2
0,0,,deny,True,nvidia/NVIDIA-Nemotron-Labs-3-Puzzle-75B-A9B-NVFP4,p2
0,0,,deny,True,nvidia/NVIDIA-Nemotron-Labs-3-Puzzle-75B-A9B-NVFP4,p2
1,1,,opponent,True,nvidia/NVIDIA-Nemotron-Labs-3-Puzzle-75B-A9B-NVFP4,p2
0,1,,opponent,False,nvidia/NVIDIA-Nemotron-Labs-3-Puzzle-75B-A9B-NVFP4,p2
1,1,,dull,True,nvidia/NVIDIA-Nemotron-Labs-3-Puzzle-75B-A9B-NVFP4,p2
1,1,,dull,True,nvidia/NVIDIA-Nemotron-Labs-3-Puzzle-75B-A9B-NVFP4,p2
1,1,,dull,True,nvidia/NVIDIA-Nemotron-Labs-3-Puzzle-75B-A9B-NVFP4,p2
1,1,,dull,True,nvidia/NVIDIA-Nemotron-Labs-3-Puzzle-75B-A9B-NVFP4,p2
0,0,,dull,True,nvidia/NVIDIA-Nemotron-Labs-3-Puzzle-75B-A9B-NVFP4,p2
0,0,,dull,True,nvidia/NVIDIA-Nemotron-Labs-3-Puzzle-75B-A9B-NVFP4,p2
0,0,,dull,True,nvidia/NVIDIA-Nemotron-Labs-3-Puzzle-75B-A9B-NVFP4,p2
0,0,,dull,True,nvidia/NVIDIA-Nemotron-Labs-3-Puzzle-75B-A9B-NVFP4,p2
0,1,,dull,False,nvidia/NVIDIA-Nemotron-Labs-3-Puzzle-75B-A9B-NVFP4,p2
0,0,,dull,True,nvidia/NVIDIA-Nemotron-Labs-3-Puzzle-75B-A9B-NVFP4,p2
0,1,,dull,False,nvidia/NVIDIA-Nemotron-Labs-3-Puzzle-75B-A9B-NVFP4,p2
0,0,,dull,True,nvidia/NVIDIA-Nemotron-Labs-3-Puzzle-75B-A9B-NVFP4,p2
0,1,,dull,False,nvidia/NVIDIA-Nemotron-Labs-3-Puzzle-75B-A9B-NVFP4,p2
1,1,,relationship,True,nvidia/NVIDIA-Nemotron-Labs-3-Puzzle-75B-A9B-NVFP4,p2
1,1,,relationship,True,nvidia/NVIDIA-Nemotron-Labs-3-Puzzle-75B-A9B-NVFP4,p2
1,1,,relationship,True,nvidia/NVIDIA-Nemotron-Labs-3-Puzzle-75B-A9B-NVFP4,p2
0,1,,relationship,False,nvidia/NVIDIA-Nemotron-Labs-3-Puzzle-75B-A9B-NVFP4,p2
0,1,,relationship,False,nvidia/NVIDIA-Nemotron-Labs-3-Puzzle-75B-A9B-NVFP4,p2
0,1,,relationship,False,nvidia/NVIDIA-Nemotron-Labs-3-Puzzle-75B-A9B-NVFP4,p2
1,1,,amount,True,nvidia/NVIDIA-Nemotron-Labs-3-Puzzle-75B-A9B-NVFP4,p2
1,1,,amount,True,nvidia/NVIDIA-Nemotron-Labs-3-Puzzle-75B-A9B-NVFP4,p2
1,1,,amount,True,nvidia/NVIDIA-Nemotron-Labs-3-Puzzle-75B-A9B-NVFP4,p2
0,0,,amount,True,nvidia/NVIDIA-Nemotron-Labs-3-Puzzle-75B-A9B-NVFP4,p2
0,1,,amount,False,nvidia/NVIDIA-Nemotron-Labs-3-Puzzle-75B-A9B-NVFP4,p2
0,0,,amount,True,nvidia/NVIDIA-Nemotron-Labs-3-Puzzle-75B-A9B-NVFP4,p2
0,0,,amount,True,nvidia/NVIDIA-Nemotron-Labs-3-Puzzle-75B-A9B-NVFP4,p2
0,0,,amount,True,nvidia/NVIDIA-Nemotron-Labs-3-Puzzle-75B-A9B-NVFP4,p2
0,0,,amount,True,nvidia/NVIDIA-Nemotron-Labs-3-Puzzle-75B-A9B-NVFP4,p2
1,1,,emit,True,nvidia/NVIDIA-Nemotron-Labs-3-Puzzle-75B-A9B-NVFP4,p2
1,1,,discuss,True,nvidia/NVIDIA-Nemotron-Labs-3-Puzzle-75B-A9B-NVFP4,p2
1,1,,discuss,True,nvidia/NVIDIA-Nemotron-Labs-3-Puzzle-75B-A9B-NVFP4,p2
0,1,,discuss,False,nvidia/NVIDIA-Nemotron-Labs-3-Puzzle-75B-A9B-NVFP4,p2
0,1,,discuss,False,nvidia/NVIDIA-Nemotron-Labs-3-Puzzle-75B-A9B-NVFP4,p2
1,1,,instruction,True,nvidia/NVIDIA-Nemotron-Labs-3-Puzzle-75B-A9B-NVFP4,p2
0,0,,instruction,True,nvidia/NVIDIA-Nemotron-Labs-3-Puzzle-75B-A9B-NVFP4,p2
0,0,,instruction,True,nvidia/NVIDIA-Nemotron-Labs-3-Puzzle-75B-A9B-NVFP4,p2
0,1,,instruction,False,nvidia/NVIDIA-Nemotron-Labs-3-Puzzle-75B-A9B-NVFP4,p2
1,1,,carry_out,True,nvidia/NVIDIA-Nemotron-Labs-3-Puzzle-75B-A9B-NVFP4,p2
0,1,,carry_out,False,nvidia/NVIDIA-Nemotron-Labs-3-Puzzle-75B-A9B-NVFP4,p2
0,1,,carry_out,False,nvidia/NVIDIA-Nemotron-Labs-3-Puzzle-75B-A9B-NVFP4,p2
1,1,,error,True,nvidia/NVIDIA-Nemotron-Labs-3-Puzzle-75B-A9B-NVFP4,p2
1,1,,error,True,nvidia/NVIDIA-Nemotron-Labs-3-Puzzle-75B-A9B-NVFP4,p2
0,1,,error,False,nvidia/NVIDIA-Nemotron-Labs-3-Puzzle-75B-A9B-NVFP4,p2
0,1,,error,False,nvidia/NVIDIA-Nemotron-Labs-3-Puzzle-75B-A9B-NVFP4,p2
1,1,,observation,True,nvidia/NVIDIA-Nemotron-Labs-3-Puzzle-75B-A9B-NVFP4,p2
1,1,,observation,True,nvidia/NVIDIA-Nemotron-Labs-3-Puzzle-75B-A9B-NVFP4,p2
0,1,,observation,False,nvidia/NVIDIA-Nemotron-Labs-3-Puzzle-75B-A9B-NVFP4,p2
0,1,,observation,False,nvidia/NVIDIA-Nemotron-Labs-3-Puzzle-75B-A9B-NVFP4,p2
0,0,,observation,True,nvidia/NVIDIA-Nemotron-Labs-3-Puzzle-75B-A9B-NVFP4,p2
0,1,,observation,False,nvidia/NVIDIA-Nemotron-Labs-3-Puzzle-75B-A9B-NVFP4,p2
1,1,,govern,True,nvidia/NVIDIA-Nemotron-Labs-3-Puzzle-75B-A9B-NVFP4,p2
1,1,,govern,True,nvidia/NVIDIA-Nemotron-Labs-3-Puzzle-75B-A9B-NVFP4,p2
0,0,,govern,True,nvidia/NVIDIA-Nemotron-Labs-3-Puzzle-75B-A9B-NVFP4,p2
0,1,,govern,False,nvidia/NVIDIA-Nemotron-Labs-3-Puzzle-75B-A9B-NVFP4,p2
1,1,,clearly,True,nvidia/NVIDIA-Nemotron-Labs-3-Puzzle-75B-A9B-NVFP4,p2
1,1,,clearly,True,nvidia/NVIDIA-Nemotron-Labs-3-Puzzle-75B-A9B-NVFP4,p2
1,1,,clearly,True,nvidia/NVIDIA-Nemotron-Labs-3-Puzzle-75B-A9B-NVFP4,p2
0,0,,clearly,True,nvidia/NVIDIA-Nemotron-Labs-3-Puzzle-75B-A9B-NVFP4,p2
0,1,,clearly,False,nvidia/NVIDIA-Nemotron-Labs-3-Puzzle-75B-A9B-NVFP4,p2
1,1,,proceed,True,nvidia/NVIDIA-Nemotron-Labs-3-Puzzle-75B-A9B-NVFP4,p2
1,1,,proceed,True,nvidia/NVIDIA-Nemotron-Labs-3-Puzzle-75B-A9B-NVFP4,p2
0,1,,proceed,False,nvidia/NVIDIA-Nemotron-Labs-3-Puzzle-75B-A9B-NVFP4,p2
0,1,,proceed,False,nvidia/NVIDIA-Nemotron-Labs-3-Puzzle-75B-A9B-NVFP4,p2
1,1,,concern,True,nvidia/NVIDIA-Nemotron-Labs-3-Puzzle-75B-A9B-NVFP4,p2
1,1,,concern,True,nvidia/NVIDIA-Nemotron-Labs-3-Puzzle-75B-A9B-NVFP4,p2
1,1,,concern,True,nvidia/NVIDIA-Nemotron-Labs-3-Puzzle-75B-A9B-NVFP4,p2
1,1,,concern,True,nvidia/NVIDIA-Nemotron-Labs-3-Puzzle-75B-A9B-NVFP4,p2
0,1,,concern,False,nvidia/NVIDIA-Nemotron-Labs-3-Puzzle-75B-A9B-NVFP4,p2
0,0,,concern,True,nvidia/NVIDIA-Nemotron-Labs-3-Puzzle-75B-A9B-NVFP4,p2
1,1,,association,True,nvidia/NVIDIA-Nemotron-Labs-3-Puzzle-75B-A9B-NVFP4,p2
1,1,,association,True,nvidia/NVIDIA-Nemotron-Labs-3-Puzzle-75B-A9B-NVFP4,p2
1,1,,association,True,nvidia/NVIDIA-Nemotron-Labs-3-Puzzle-75B-A9B-NVFP4,p2
1,1,,association,True,nvidia/NVIDIA-Nemotron-Labs-3-Puzzle-75B-A9B-NVFP4,p2
0,0,,association,True,nvidia/NVIDIA-Nemotron-Labs-3-Puzzle-75B-A9B-NVFP4,p2
0,0,,association,True,nvidia/NVIDIA-Nemotron-Labs-3-Puzzle-75B-A9B-NVFP4,p2
0,0,,association,True,nvidia/NVIDIA-Nemotron-Labs-3-Puzzle-75B-A9B-NVFP4,p2
0,0,,association,True,nvidia/NVIDIA-Nemotron-Labs-3-Puzzle-75B-A9B-NVFP4,p2
0,1,,association,False,nvidia/NVIDIA-Nemotron-Labs-3-Puzzle-75B-A9B-NVFP4,p2
0,0,,association,True,nvidia/NVIDIA-Nemotron-Labs-3-Puzzle-75B-A9B-NVFP4,p2
0,0,,association,True,nvidia/NVIDIA-Nemotron-Labs-3-Puzzle-75B-A9B-NVFP4,p2
0,0,,association,True,nvidia/NVIDIA-Nemotron-Labs-3-Puzzle-75B-A9B-NVFP4,p2
1,1,,musical,True,nvidia/NVIDIA-Nemotron-Labs-3-Puzzle-75B-A9B-NVFP4,p2
1,1,,musical,True,nvidia/NVIDIA-Nemotron-Labs-3-Puzzle-75B-A9B-NVFP4,p2
1,1,,musical,True,nvidia/NVIDIA-Nemotron-Labs-3-Puzzle-75B-A9B-NVFP4,p2
0,1,,musical,False,nvidia/NVIDIA-Nemotron-Labs-3-Puzzle-75B-A9B-NVFP4,p2
1,1,,stimulate,True,nvidia/NVIDIA-Nemotron-Labs-3-Puzzle-75B-A9B-NVFP4,p2
1,1,,stimulate,True,nvidia/NVIDIA-Nemotron-Labs-3-Puzzle-75B-A9B-NVFP4,p2
0,1,,stimulate,False,nvidia/NVIDIA-Nemotron-Labs-3-Puzzle-75B-A9B-NVFP4,p2
0,1,,stimulate,False,nvidia/NVIDIA-Nemotron-Labs-3-Puzzle-75B-A9B-NVFP4,p2
0,1,,stimulate,False,nvidia/NVIDIA-Nemotron-Labs-3-Puzzle-75B-A9B-NVFP4,p2
0,1,,stimulate,False,nvidia/NVIDIA-Nemotron-Labs-3-Puzzle-75B-A9B-NVFP4,p2
1,1,,defend,True,nvidia/NVIDIA-Nemotron-Labs-3-Puzzle-75B-A9B-NVFP4,p2
1,1,,defend,True,nvidia/NVIDIA-Nemotron-Labs-3-Puzzle-75B-A9B-NVFP4,p2
0,1,,defend,False,nvidia/NVIDIA-Nemotron-Labs-3-Puzzle-75B-A9B-NVFP4,p2
1,1,,go_on,True,nvidia/NVIDIA-Nemotron-Labs-3-Puzzle-75B-A9B-NVFP4,p2
1,1,,go_on,True,nvidia/NVIDIA-Nemotron-Labs-3-Puzzle-75B-A9B-NVFP4,p2
1,1,,go_on,True,nvidia/NVIDIA-Nemotron-Labs-3-Puzzle-75B-A9B-NVFP4,p2
0,1,,go_on,False,nvidia/NVIDIA-Nemotron-Labs-3-Puzzle-75B-A9B-NVFP4,p2
0,0,,go_on,True,nvidia/NVIDIA-Nemotron-Labs-3-Puzzle-75B-A9B-NVFP4,p2
0,0,,go_on,True,nvidia/NVIDIA-Nemotron-Labs-3-Puzzle-75B-A9B-NVFP4,p2
0,0,,go_on,True,nvidia/NVIDIA-Nemotron-Labs-3-Puzzle-75B-A9B-NVFP4,p2
1,1,,market,True,nvidia/NVIDIA-Nemotron-Labs-3-Puzzle-75B-A9B-NVFP4,p2
0,1,,market,False,nvidia/NVIDIA-Nemotron-Labs-3-Puzzle-75B-A9B-NVFP4,p2
0,0,,market,True,nvidia/NVIDIA-Nemotron-Labs-3-Puzzle-75B-A9B-NVFP4,p2
0,0,,market,True,nvidia/NVIDIA-Nemotron-Labs-3-Puzzle-75B-A9B-NVFP4,p2
1,1,,stretch,True,nvidia/NVIDIA-Nemotron-Labs-3-Puzzle-75B-A9B-NVFP4,p2
1,1,,stretch,True,nvidia/NVIDIA-Nemotron-Labs-3-Puzzle-75B-A9B-NVFP4,p2
1,1,,stretch,True,nvidia/NVIDIA-Nemotron-Labs-3-Puzzle-75B-A9B-NVFP4,p2
1,1,,stretch,True,nvidia/NVIDIA-Nemotron-Labs-3-Puzzle-75B-A9B-NVFP4,p2
1,1,,stretch,True,nvidia/NVIDIA-Nemotron-Labs-3-Puzzle-75B-A9B-NVFP4,p2
1,1,,stretch,True,nvidia/NVIDIA-Nemotron-Labs-3-Puzzle-75B-A9B-NVFP4,p2
1,1,,stretch,True,nvidia/NVIDIA-Nemotron-Labs-3-Puzzle-75B-A9B-NVFP4,p2
1,1,,stretch,True,nvidia/NVIDIA-Nemotron-Labs-3-Puzzle-75B-A9B-NVFP4,p2
1,1,,stretch,True,nvidia/NVIDIA-Nemotron-Labs-3-Puzzle-75B-A9B-NVFP4,p2
1,1,,stretch,True,nvidia/NVIDIA-Nemotron-Labs-3-Puzzle-75B-A9B-NVFP4,p2
0,0,,stretch,True,nvidia/NVIDIA-Nemotron-Labs-3-Puzzle-75B-A9B-NVFP4,p2
0,1,,stretch,False,nvidia/NVIDIA-Nemotron-Labs-3-Puzzle-75B-A9B-NVFP4,p2
0,0,,stretch,True,nvidia/NVIDIA-Nemotron-Labs-3-Puzzle-75B-A9B-NVFP4,p2
0,0,,stretch,True,nvidia/NVIDIA-Nemotron-Labs-3-Puzzle-75B-A9B-NVFP4,p2
0,0,,stretch,True,nvidia/NVIDIA-Nemotron-Labs-3-Puzzle-75B-A9B-NVFP4,p2
0,0,,stretch,True,nvidia/NVIDIA-Nemotron-Labs-3-Puzzle-75B-A9B-NVFP4,p2
0,0,,stretch,True,nvidia/NVIDIA-Nemotron-Labs-3-Puzzle-75B-A9B-NVFP4,p2
0,1,,stretch,False,nvidia/NVIDIA-Nemotron-Labs-3-Puzzle-75B-A9B-NVFP4,p2
0,0,,stretch,True,nvidia/NVIDIA-Nemotron-Labs-3-Puzzle-75B-A9B-NVFP4,p2
0,1,,stretch,False,nvidia/NVIDIA-Nemotron-Labs-3-Puzzle-75B-A9B-NVFP4,p2
0,0,,stretch,True,nvidia/NVIDIA-Nemotron-Labs-3-Puzzle-75B-A9B-NVFP4,p2
0,1,,stretch,False,nvidia/NVIDIA-Nemotron-Labs-3-Puzzle-75B-A9B-NVFP4,p2
1,1,,discussion,True,nvidia/NVIDIA-Nemotron-Labs-3-Puzzle-75B-A9B-NVFP4,p2
0,1,,discussion,False,nvidia/NVIDIA-Nemotron-Labs-3-Puzzle-75B-A9B-NVFP4,p2
1,1,,present,True,nvidia/NVIDIA-Nemotron-Labs-3-Puzzle-75B-A9B-NVFP4,p2
0,0,,present,True,nvidia/NVIDIA-Nemotron-Labs-3-Puzzle-75B-A9B-NVFP4,p2
0,0,,present,True,nvidia/NVIDIA-Nemotron-Labs-3-Puzzle-75B-A9B-NVFP4,p2
1,0,,model,False,nvidia/NVIDIA-Nemotron-Labs-3-Puzzle-75B-A9B-NVFP4,p2
1,1,,model,True,nvidia/NVIDIA-Nemotron-Labs-3-Puzzle-75B-A9B-NVFP4,p2
0,0,,model,True,nvidia/NVIDIA-Nemotron-Labs-3-Puzzle-75B-A9B-NVFP4,p2
0,0,,model,True,nvidia/NVIDIA-Nemotron-Labs-3-Puzzle-75B-A9B-NVFP4,p2
0,1,,model,False,nvidia/NVIDIA-Nemotron-Labs-3-Puzzle-75B-A9B-NVFP4,p2
0,0,,model,True,nvidia/NVIDIA-Nemotron-Labs-3-Puzzle-75B-A9B-NVFP4,p2
0,0,,model,True,nvidia/NVIDIA-Nemotron-Labs-3-Puzzle-75B-A9B-NVFP4,p2
0,0,,model,True,nvidia/NVIDIA-Nemotron-Labs-3-Puzzle-75B-A9B-NVFP4,p2
0,0,,model,True,nvidia/NVIDIA-Nemotron-Labs-3-Puzzle-75B-A9B-NVFP4,p2
1,1,,manage,True,nvidia/NVIDIA-Nemotron-Labs-3-Puzzle-75B-A9B-NVFP4,p2
1,1,,manage,True,nvidia/NVIDIA-Nemotron-Labs-3-Puzzle-75B-A9B-NVFP4,p2
1,1,,manage,True,nvidia/NVIDIA-Nemotron-Labs-3-Puzzle-75B-A9B-NVFP4,p2
0,1,,manage,False,nvidia/NVIDIA-Nemotron-Labs-3-Puzzle-75B-A9B-NVFP4,p2
0,1,,manage,False,nvidia/NVIDIA-Nemotron-Labs-3-Puzzle-75B-A9B-NVFP4,p2
0,1,,manage,False,nvidia/NVIDIA-Nemotron-Labs-3-Puzzle-75B-A9B-NVFP4,p2
0,1,,manage,False,nvidia/NVIDIA-Nemotron-Labs-3-Puzzle-75B-A9B-NVFP4,p2
0,1,,manage,False,nvidia/NVIDIA-Nemotron-Labs-3-Puzzle-75B-A9B-NVFP4,p2
0,0,,manage,True,nvidia/NVIDIA-Nemotron-Labs-3-Puzzle-75B-A9B-NVFP4,p2
1,1,,dried,True,nvidia/NVIDIA-Nemotron-Labs-3-Puzzle-75B-A9B-NVFP4,p2
0,1,,dried,False,nvidia/NVIDIA-Nemotron-Labs-3-Puzzle-75B-A9B-NVFP4,p2
1,1,,advocate,True,nvidia/NVIDIA-Nemotron-Labs-3-Puzzle-75B-A9B-NVFP4,p2
0,1,,advocate,False,nvidia/NVIDIA-Nemotron-Labs-3-Puzzle-75B-A9B-NVFP4,p2
1,1,,vary,True,nvidia/NVIDIA-Nemotron-Labs-3-Puzzle-75B-A9B-NVFP4,p2
1,1,,vary,True,nvidia/NVIDIA-Nemotron-Labs-3-Puzzle-75B-A9B-NVFP4,p2
1,1,,vary,True,nvidia/NVIDIA-Nemotron-Labs-3-Puzzle-75B-A9B-NVFP4,p2
1,1,,vary,True,nvidia/NVIDIA-Nemotron-Labs-3-Puzzle-75B-A9B-NVFP4,p2
0,1,,vary,False,nvidia/NVIDIA-Nemotron-Labs-3-Puzzle-75B-A9B-NVFP4,p2
0,1,,vary,False,nvidia/NVIDIA-Nemotron-Labs-3-Puzzle-75B-A9B-NVFP4,p2
0,1,,modify,False,nvidia/NVIDIA-Nemotron-Labs-3-Puzzle-75B-A9B-NVFP4,p2
1,1,,requirement,True,nvidia/NVIDIA-Nemotron-Labs-3-Puzzle-75B-A9B-NVFP4,p2
0,1,,requirement,False,nvidia/NVIDIA-Nemotron-Labs-3-Puzzle-75B-A9B-NVFP4,p2
1,1,,task,True,nvidia/NVIDIA-Nemotron-Labs-3-Puzzle-75B-A9B-NVFP4,p2
1,0,,tough,False,nvidia/NVIDIA-Nemotron-Labs-3-Puzzle-75B-A9B-NVFP4,p2
1,1,,tough,True,nvidia/NVIDIA-Nemotron-Labs-3-Puzzle-75B-A9B-NVFP4,p2
1,1,,tough,True,nvidia/NVIDIA-Nemotron-Labs-3-Puzzle-75B-A9B-NVFP4,p2
1,1,,tough,True,nvidia/NVIDIA-Nemotron-Labs-3-Puzzle-75B-A9B-NVFP4,p2
1,1,,tough,True,nvidia/NVIDIA-Nemotron-Labs-3-Puzzle-75B-A9B-NVFP4,p2
0,0,,tough,True,nvidia/NVIDIA-Nemotron-Labs-3-Puzzle-75B-A9B-NVFP4,p2
0,0,,tough,True,nvidia/NVIDIA-Nemotron-Labs-3-Puzzle-75B-A9B-NVFP4,p2
0,0,,tough,True,nvidia/NVIDIA-Nemotron-Labs-3-Puzzle-75B-A9B-NVFP4,p2
0,1,,tough,False,nvidia/NVIDIA-Nemotron-Labs-3-Puzzle-75B-A9B-NVFP4,p2
1,1,,will,True,nvidia/NVIDIA-Nemotron-Labs-3-Puzzle-75B-A9B-NVFP4,p2
0,0,,will,True,nvidia/NVIDIA-Nemotron-Labs-3-Puzzle-75B-A9B-NVFP4,p2
1,0,,deal,False,nvidia/NVIDIA-Nemotron-Labs-3-Puzzle-75B-A9B-NVFP4,p2
1,1,,deal,True,nvidia/NVIDIA-Nemotron-Labs-3-Puzzle-75B-A9B-NVFP4,p2
1,1,,deal,True,nvidia/NVIDIA-Nemotron-Labs-3-Puzzle-75B-A9B-NVFP4,p2
1,0,,deal,False,nvidia/NVIDIA-Nemotron-Labs-3-Puzzle-75B-A9B-NVFP4,p2
1,1,,deal,True,nvidia/NVIDIA-Nemotron-Labs-3-Puzzle-75B-A9B-NVFP4,p2
1,1,,deal,True,nvidia/NVIDIA-Nemotron-Labs-3-Puzzle-75B-A9B-NVFP4,p2
1,1,,deal,True,nvidia/NVIDIA-Nemotron-Labs-3-Puzzle-75B-A9B-NVFP4,p2
1,1,,deal,True,nvidia/NVIDIA-Nemotron-Labs-3-Puzzle-75B-A9B-NVFP4,p2
1,1,,deal,True,nvidia/NVIDIA-Nemotron-Labs-3-Puzzle-75B-A9B-NVFP4,p2
1,1,,deal,True,nvidia/NVIDIA-Nemotron-Labs-3-Puzzle-75B-A9B-NVFP4,p2
1,1,,deal,True,nvidia/NVIDIA-Nemotron-Labs-3-Puzzle-75B-A9B-NVFP4,p2
1,1,,deal,True,nvidia/NVIDIA-Nemotron-Labs-3-Puzzle-75B-A9B-NVFP4,p2
0,0,,deal,True,nvidia/NVIDIA-Nemotron-Labs-3-Puzzle-75B-A9B-NVFP4,p2
0,0,,deal,True,nvidia/NVIDIA-Nemotron-Labs-3-Puzzle-75B-A9B-NVFP4,p2
0,0,,deal,True,nvidia/NVIDIA-Nemotron-Labs-3-Puzzle-75B-A9B-NVFP4,p2
0,0,,deal,True,nvidia/NVIDIA-Nemotron-Labs-3-Puzzle-75B-A9B-NVFP4,p2
0,0,,deal,True,nvidia/NVIDIA-Nemotron-Labs-3-Puzzle-75B-A9B-NVFP4,p2
0,0,,deal,True,nvidia/NVIDIA-Nemotron-Labs-3-Puzzle-75B-A9B-NVFP4,p2
0,0,,deal,True,nvidia/NVIDIA-Nemotron-Labs-3-Puzzle-75B-A9B-NVFP4,p2
0,0,,deal,True,nvidia/NVIDIA-Nemotron-Labs-3-Puzzle-75B-A9B-NVFP4,p2
0,0,,deal,True,nvidia/NVIDIA-Nemotron-Labs-3-Puzzle-75B-A9B-NVFP4,p2
1,1,,owner,True,nvidia/NVIDIA-Nemotron-Labs-3-Puzzle-75B-A9B-NVFP4,p2
1,1,,owner,True,nvidia/NVIDIA-Nemotron-Labs-3-Puzzle-75B-A9B-NVFP4,p2
0,1,,owner,False,nvidia/NVIDIA-Nemotron-Labs-3-Puzzle-75B-A9B-NVFP4,p2
1,1,,execute,True,nvidia/NVIDIA-Nemotron-Labs-3-Puzzle-75B-A9B-NVFP4,p2
1,1,,execute,True,nvidia/NVIDIA-Nemotron-Labs-3-Puzzle-75B-A9B-NVFP4,p2
1,1,,execute,True,nvidia/NVIDIA-Nemotron-Labs-3-Puzzle-75B-A9B-NVFP4,p2
1,1,,execute,True,nvidia/NVIDIA-Nemotron-Labs-3-Puzzle-75B-A9B-NVFP4,p2
1,1,,execute,True,nvidia/NVIDIA-Nemotron-Labs-3-Puzzle-75B-A9B-NVFP4,p2
0,0,,execute,True,nvidia/NVIDIA-Nemotron-Labs-3-Puzzle-75B-A9B-NVFP4,p2
0,0,,execute,True,nvidia/NVIDIA-Nemotron-Labs-3-Puzzle-75B-A9B-NVFP4,p2
0,0,,execute,True,nvidia/NVIDIA-Nemotron-Labs-3-Puzzle-75B-A9B-NVFP4,p2
0,1,,execute,False,nvidia/NVIDIA-Nemotron-Labs-3-Puzzle-75B-A9B-NVFP4,p2
1,1,,address,True,nvidia/NVIDIA-Nemotron-Labs-3-Puzzle-75B-A9B-NVFP4,p2
1,1,,address,True,nvidia/NVIDIA-Nemotron-Labs-3-Puzzle-75B-A9B-NVFP4,p2
1,0,,address,False,nvidia/NVIDIA-Nemotron-Labs-3-Puzzle-75B-A9B-NVFP4,p2
1,1,,address,True,nvidia/NVIDIA-Nemotron-Labs-3-Puzzle-75B-A9B-NVFP4,p2
1,1,,address,True,nvidia/NVIDIA-Nemotron-Labs-3-Puzzle-75B-A9B-NVFP4,p2
1,1,,address,True,nvidia/NVIDIA-Nemotron-Labs-3-Puzzle-75B-A9B-NVFP4,p2
1,1,,address,True,nvidia/NVIDIA-Nemotron-Labs-3-Puzzle-75B-A9B-NVFP4,p2
1,1,,address,True,nvidia/NVIDIA-Nemotron-Labs-3-Puzzle-75B-A9B-NVFP4,p2
1,1,,address,True,nvidia/NVIDIA-Nemotron-Labs-3-Puzzle-75B-A9B-NVFP4,p2
1,1,,address,True,nvidia/NVIDIA-Nemotron-Labs-3-Puzzle-75B-A9B-NVFP4,p2
0,1,,address,False,nvidia/NVIDIA-Nemotron-Labs-3-Puzzle-75B-A9B-NVFP4,p2
0,0,,address,True,nvidia/NVIDIA-Nemotron-Labs-3-Puzzle-75B-A9B-NVFP4,p2
0,0,,address,True,nvidia/NVIDIA-Nemotron-Labs-3-Puzzle-75B-A9B-NVFP4,p2
0,0,,address,True,nvidia/NVIDIA-Nemotron-Labs-3-Puzzle-75B-A9B-NVFP4,p2
0,1,,address,False,nvidia/NVIDIA-Nemotron-Labs-3-Puzzle-75B-A9B-NVFP4,p2
0,0,,address,True,nvidia/NVIDIA-Nemotron-Labs-3-Puzzle-75B-A9B-NVFP4,p2
0,0,,address,True,nvidia/NVIDIA-Nemotron-Labs-3-Puzzle-75B-A9B-NVFP4,p2
0,0,,address,True,nvidia/NVIDIA-Nemotron-Labs-3-Puzzle-75B-A9B-NVFP4,p2
0,0,,address,True,nvidia/NVIDIA-Nemotron-Labs-3-Puzzle-75B-A9B-NVFP4,p2
0,0,,address,True,nvidia/NVIDIA-Nemotron-Labs-3-Puzzle-75B-A9B-NVFP4,p2
0,0,,address,True,nvidia/NVIDIA-Nemotron-Labs-3-Puzzle-75B-A9B-NVFP4,p2
0,0,,address,True,nvidia/NVIDIA-Nemotron-Labs-3-Puzzle-75B-A9B-NVFP4,p2
0,0,,address,True,nvidia/NVIDIA-Nemotron-Labs-3-Puzzle-75B-A9B-NVFP4,p2
1,1,,pope,True,nvidia/NVIDIA-Nemotron-Labs-3-Puzzle-75B-A9B-NVFP4,p2
0,0,,pope,True,nvidia/NVIDIA-Nemotron-Labs-3-Puzzle-75B-A9B-NVFP4,p2
1,1,,capture,True,nvidia/NVIDIA-Nemotron-Labs-3-Puzzle-75B-A9B-NVFP4,p2
1,1,,capture,True,nvidia/NVIDIA-Nemotron-Labs-3-Puzzle-75B-A9B-NVFP4,p2
1,1,,capture,True,nvidia/NVIDIA-Nemotron-Labs-3-Puzzle-75B-A9B-NVFP4,p2
0,0,,capture,True,nvidia/NVIDIA-Nemotron-Labs-3-Puzzle-75B-A9B-NVFP4,p2
0,1,,capture,False,nvidia/NVIDIA-Nemotron-Labs-3-Puzzle-75B-A9B-NVFP4,p2
0,0,,capture,True,nvidia/NVIDIA-Nemotron-Labs-3-Puzzle-75B-A9B-NVFP4,p2
0,1,,capture,False,nvidia/NVIDIA-Nemotron-Labs-3-Puzzle-75B-A9B-NVFP4,p2
0,0,,capture,True,nvidia/NVIDIA-Nemotron-Labs-3-Puzzle-75B-A9B-NVFP4,p2
0,0,,capture,True,nvidia/NVIDIA-Nemotron-Labs-3-Puzzle-75B-A9B-NVFP4,p2
0,0,,capture,True,nvidia/NVIDIA-Nemotron-Labs-3-Puzzle-75B-A9B-NVFP4,p2
1,1,,answer,True,nvidia/NVIDIA-Nemotron-Labs-3-Puzzle-75B-A9B-NVFP4,p2
0,0,,answer,True,nvidia/NVIDIA-Nemotron-Labs-3-Puzzle-75B-A9B-NVFP4,p2
0,0,,answer,True,nvidia/NVIDIA-Nemotron-Labs-3-Puzzle-75B-A9B-NVFP4,p2
0,0,,answer,True,nvidia/NVIDIA-Nemotron-Labs-3-Puzzle-75B-A9B-NVFP4,p2
1,1,,force,True,nvidia/NVIDIA-Nemotron-Labs-3-Puzzle-75B-A9B-NVFP4,p2
1,1,,force,True,nvidia/NVIDIA-Nemotron-Labs-3-Puzzle-75B-A9B-NVFP4,p2
1,1,,force,True,nvidia/NVIDIA-Nemotron-Labs-3-Puzzle-75B-A9B-NVFP4,p2
1,1,,force,True,nvidia/NVIDIA-Nemotron-Labs-3-Puzzle-75B-A9B-NVFP4,p2
1,1,,force,True,nvidia/NVIDIA-Nemotron-Labs-3-Puzzle-75B-A9B-NVFP4,p2
0,0,,force,True,nvidia/NVIDIA-Nemotron-Labs-3-Puzzle-75B-A9B-NVFP4,p2
0,0,,force,True,nvidia/NVIDIA-Nemotron-Labs-3-Puzzle-75B-A9B-NVFP4,p2
0,1,,force,False,nvidia/NVIDIA-Nemotron-Labs-3-Puzzle-75B-A9B-NVFP4,p2
0,0,,force,True,nvidia/NVIDIA-Nemotron-Labs-3-Puzzle-75B-A9B-NVFP4,p2
0,0,,force,True,nvidia/NVIDIA-Nemotron-Labs-3-Puzzle-75B-A9B-NVFP4,p2
0,0,,force,True,nvidia/NVIDIA-Nemotron-Labs-3-Puzzle-75B-A9B-NVFP4,p2
0,0,,force,True,nvidia/NVIDIA-Nemotron-Labs-3-Puzzle-75B-A9B-NVFP4,p2
1,1,,useful,True,nvidia/NVIDIA-Nemotron-Labs-3-Puzzle-75B-A9B-NVFP4,p2
1,1,,scientific,True,nvidia/NVIDIA-Nemotron-Labs-3-Puzzle-75B-A9B-NVFP4,p2
0,1,,progress,False,nvidia/NVIDIA-Nemotron-Labs-3-Puzzle-75B-A9B-NVFP4,p2
0,1,,progress,False,nvidia/NVIDIA-Nemotron-Labs-3-Puzzle-75B-A9B-NVFP4,p2
0,1,,progress,False,nvidia/NVIDIA-Nemotron-Labs-3-Puzzle-75B-A9B-NVFP4,p2
0,1,,progress,False,nvidia/NVIDIA-Nemotron-Labs-3-Puzzle-75B-A9B-NVFP4,p2
1,1,,common,True,nvidia/NVIDIA-Nemotron-Labs-3-Puzzle-75B-A9B-NVFP4,p2
1,1,,common,True,nvidia/NVIDIA-Nemotron-Labs-3-Puzzle-75B-A9B-NVFP4,p2
1,1,,common,True,nvidia/NVIDIA-Nemotron-Labs-3-Puzzle-75B-A9B-NVFP4,p2
1,1,,common,True,nvidia/NVIDIA-Nemotron-Labs-3-Puzzle-75B-A9B-NVFP4,p2
0,0,,common,True,nvidia/NVIDIA-Nemotron-Labs-3-Puzzle-75B-A9B-NVFP4,p2
0,0,,common,True,nvidia/NVIDIA-Nemotron-Labs-3-Puzzle-75B-A9B-NVFP4,p2
0,0,,common,True,nvidia/NVIDIA-Nemotron-Labs-3-Puzzle-75B-A9B-NVFP4,p2
0,0,,common,True,nvidia/NVIDIA-Nemotron-Labs-3-Puzzle-75B-A9B-NVFP4,p2
0,0,,common,True,nvidia/NVIDIA-Nemotron-Labs-3-Puzzle-75B-A9B-NVFP4,p2
0,0,,common,True,nvidia/NVIDIA-Nemotron-Labs-3-Puzzle-75B-A9B-NVFP4,p2
0,1,,common,False,nvidia/NVIDIA-Nemotron-Labs-3-Puzzle-75B-A9B-NVFP4,p2
1,1,,convey,True,nvidia/NVIDIA-Nemotron-Labs-3-Puzzle-75B-A9B-NVFP4,p2
1,1,,convey,True,nvidia/NVIDIA-Nemotron-Labs-3-Puzzle-75B-A9B-NVFP4,p2
1,1,,convey,True,nvidia/NVIDIA-Nemotron-Labs-3-Puzzle-75B-A9B-NVFP4,p2
1,1,,convey,True,nvidia/NVIDIA-Nemotron-Labs-3-Puzzle-75B-A9B-NVFP4,p2
0,1,,convey,False,nvidia/NVIDIA-Nemotron-Labs-3-Puzzle-75B-A9B-NVFP4,p2
0,0,,convey,True,nvidia/NVIDIA-Nemotron-Labs-3-Puzzle-75B-A9B-NVFP4,p2
1,1,,emerge,True,nvidia/NVIDIA-Nemotron-Labs-3-Puzzle-75B-A9B-NVFP4,p2
1,1,,emerge,True,nvidia/NVIDIA-Nemotron-Labs-3-Puzzle-75B-A9B-NVFP4,p2
1,1,,emerge,True,nvidia/NVIDIA-Nemotron-Labs-3-Puzzle-75B-A9B-NVFP4,p2
0,0,,emerge,True,nvidia/NVIDIA-Nemotron-Labs-3-Puzzle-75B-A9B-NVFP4,p2
0,1,,emerge,False,nvidia/NVIDIA-Nemotron-Labs-3-Puzzle-75B-A9B-NVFP4,p2
0,1,,emerge,False,nvidia/NVIDIA-Nemotron-Labs-3-Puzzle-75B-A9B-NVFP4,p2
0,1,,emerge,False,nvidia/NVIDIA-Nemotron-Labs-3-Puzzle-75B-A9B-NVFP4,p2
0,0,,succeed,True,nvidia/NVIDIA-Nemotron-Labs-3-Puzzle-75B-A9B-NVFP4,p2
0,1,,egypt,False,nvidia/NVIDIA-Nemotron-Labs-3-Puzzle-75B-A9B-NVFP4,p2
1,1,,composition,True,nvidia/NVIDIA-Nemotron-Labs-3-Puzzle-75B-A9B-NVFP4,p2
1,0,,composition,False,nvidia/NVIDIA-Nemotron-Labs-3-Puzzle-75B-A9B-NVFP4,p2
1,1,,composition,True,nvidia/NVIDIA-Nemotron-Labs-3-Puzzle-75B-A9B-NVFP4,p2
0,0,,composition,True,nvidia/NVIDIA-Nemotron-Labs-3-Puzzle-75B-A9B-NVFP4,p2
0,0,,composition,True,nvidia/NVIDIA-Nemotron-Labs-3-Puzzle-75B-A9B-NVFP4,p2
0,0,,composition,True,nvidia/NVIDIA-Nemotron-Labs-3-Puzzle-75B-A9B-NVFP4,p2
0,1,,composition,False,nvidia/NVIDIA-Nemotron-Labs-3-Puzzle-75B-A9B-NVFP4,p2
0,1,,composition,False,nvidia/NVIDIA-Nemotron-Labs-3-Puzzle-75B-A9B-NVFP4,p2
0,0,,composition,True,nvidia/NVIDIA-Nemotron-Labs-3-Puzzle-75B-A9B-NVFP4,p2
0,0,,composition,True,nvidia/NVIDIA-Nemotron-Labs-3-Puzzle-75B-A9B-NVFP4,p2
0,0,,composition,True,nvidia/NVIDIA-Nemotron-Labs-3-Puzzle-75B-A9B-NVFP4,p2
0,0,,composition,True,nvidia/NVIDIA-Nemotron-Labs-3-Puzzle-75B-A9B-NVFP4,p2
1,1,,category,True,nvidia/NVIDIA-Nemotron-Labs-3-Puzzle-75B-A9B-NVFP4,p2
1,0,,category,False,nvidia/NVIDIA-Nemotron-Labs-3-Puzzle-75B-A9B-NVFP4,p2
0,0,,category,True,nvidia/NVIDIA-Nemotron-Labs-3-Puzzle-75B-A9B-NVFP4,p2
0,1,,category,False,nvidia/NVIDIA-Nemotron-Labs-3-Puzzle-75B-A9B-NVFP4,p2
1,0,,celebrate,False,nvidia/NVIDIA-Nemotron-Labs-3-Puzzle-75B-A9B-NVFP4,p2
1,1,,celebrate,True,nvidia/NVIDIA-Nemotron-Labs-3-Puzzle-75B-A9B-NVFP4,p2
0,0,,celebrate,True,nvidia/NVIDIA-Nemotron-Labs-3-Puzzle-75B-A9B-NVFP4,p2
0,1,,celebrate,False,nvidia/NVIDIA-Nemotron-Labs-3-Puzzle-75B-A9B-NVFP4,p2
0,0,,celebrate,True,nvidia/NVIDIA-Nemotron-Labs-3-Puzzle-75B-A9B-NVFP4,p2
1,1,,minor,True,nvidia/NVIDIA-Nemotron-Labs-3-Puzzle-75B-A9B-NVFP4,p2
1,1,,minor,True,nvidia/NVIDIA-Nemotron-Labs-3-Puzzle-75B-A9B-NVFP4,p2
0,0,,minor,True,nvidia/NVIDIA-Nemotron-Labs-3-Puzzle-75B-A9B-NVFP4,p2
0,0,,minor,True,nvidia/NVIDIA-Nemotron-Labs-3-Puzzle-75B-A9B-NVFP4,p2
0,0,,minor,True,nvidia/NVIDIA-Nemotron-Labs-3-Puzzle-75B-A9B-NVFP4,p2
0,0,,minor,True,nvidia/NVIDIA-Nemotron-Labs-3-Puzzle-75B-A9B-NVFP4,p2
0,0,,minor,True,nvidia/NVIDIA-Nemotron-Labs-3-Puzzle-75B-A9B-NVFP4,p2
1,1,,restrict,True,nvidia/NVIDIA-Nemotron-Labs-3-Puzzle-75B-A9B-NVFP4,p2
1,1,,restrict,True,nvidia/NVIDIA-Nemotron-Labs-3-Puzzle-75B-A9B-NVFP4,p2
1,1,,restrict,True,nvidia/NVIDIA-Nemotron-Labs-3-Puzzle-75B-A9B-NVFP4,p2
0,1,,restrict,False,nvidia/NVIDIA-Nemotron-Labs-3-Puzzle-75B-A9B-NVFP4,p2
0,1,,restrict,False,nvidia/NVIDIA-Nemotron-Labs-3-Puzzle-75B-A9B-NVFP4,p2
1,1,,apparent,True,nvidia/NVIDIA-Nemotron-Labs-3-Puzzle-75B-A9B-NVFP4,p2
1,1,,apparent,True,nvidia/NVIDIA-Nemotron-Labs-3-Puzzle-75B-A9B-NVFP4,p2
0,0,,apparent,True,nvidia/NVIDIA-Nemotron-Labs-3-Puzzle-75B-A9B-NVFP4,p2
1,1,,reference,True,nvidia/NVIDIA-Nemotron-Labs-3-Puzzle-75B-A9B-NVFP4,p2
1,1,,reference,True,nvidia/NVIDIA-Nemotron-Labs-3-Puzzle-75B-A9B-NVFP4,p2
1,1,,reference,True,nvidia/NVIDIA-Nemotron-Labs-3-Puzzle-75B-A9B-NVFP4,p2
1,1,,reference,True,nvidia/NVIDIA-Nemotron-Labs-3-Puzzle-75B-A9B-NVFP4,p2
1,1,,reference,True,nvidia/NVIDIA-Nemotron-Labs-3-Puzzle-75B-A9B-NVFP4,p2
1,1,,reference,True,nvidia/NVIDIA-Nemotron-Labs-3-Puzzle-75B-A9B-NVFP4,p2
1,1,,reference,True,nvidia/NVIDIA-Nemotron-Labs-3-Puzzle-75B-A9B-NVFP4,p2
0,0,,reference,True,nvidia/NVIDIA-Nemotron-Labs-3-Puzzle-75B-A9B-NVFP4,p2
0,0,,reference,True,nvidia/NVIDIA-Nemotron-Labs-3-Puzzle-75B-A9B-NVFP4,p2
0,0,,reference,True,nvidia/NVIDIA-Nemotron-Labs-3-Puzzle-75B-A9B-NVFP4,p2
0,1,,reference,False,nvidia/NVIDIA-Nemotron-Labs-3-Puzzle-75B-A9B-NVFP4,p2
0,0,,reference,True,nvidia/NVIDIA-Nemotron-Labs-3-Puzzle-75B-A9B-NVFP4,p2
0,0,,reference,True,nvidia/NVIDIA-Nemotron-Labs-3-Puzzle-75B-A9B-NVFP4,p2
0,0,,reference,True,nvidia/NVIDIA-Nemotron-Labs-3-Puzzle-75B-A9B-NVFP4,p2
0,0,,reference,True,nvidia/NVIDIA-Nemotron-Labs-3-Puzzle-75B-A9B-NVFP4,p2
0,1,,reference,False,nvidia/NVIDIA-Nemotron-Labs-3-Puzzle-75B-A9B-NVFP4,p2
1,1,,bind,True,nvidia/NVIDIA-Nemotron-Labs-3-Puzzle-75B-A9B-NVFP4,p2
1,1,,bind,True,nvidia/NVIDIA-Nemotron-Labs-3-Puzzle-75B-A9B-NVFP4,p2
1,1,,bind,True,nvidia/NVIDIA-Nemotron-Labs-3-Puzzle-75B-A9B-NVFP4,p2
1,1,,bind,True,nvidia/NVIDIA-Nemotron-Labs-3-Puzzle-75B-A9B-NVFP4,p2
1,1,,bind,True,nvidia/NVIDIA-Nemotron-Labs-3-Puzzle-75B-A9B-NVFP4,p2
0,0,,bind,True,nvidia/NVIDIA-Nemotron-Labs-3-Puzzle-75B-A9B-NVFP4,p2
0,0,,bind,True,nvidia/NVIDIA-Nemotron-Labs-3-Puzzle-75B-A9B-NVFP4,p2
0,0,,bind,True,nvidia/NVIDIA-Nemotron-Labs-3-Puzzle-75B-A9B-NVFP4,p2
0,0,,bind,True,nvidia/NVIDIA-Nemotron-Labs-3-Puzzle-75B-A9B-NVFP4,p2
0,0,,bind,True,nvidia/NVIDIA-Nemotron-Labs-3-Puzzle-75B-A9B-NVFP4,p2
0,0,,bind,True,nvidia/NVIDIA-Nemotron-Labs-3-Puzzle-75B-A9B-NVFP4,p2
0,0,,bind,True,nvidia/NVIDIA-Nemotron-Labs-3-Puzzle-75B-A9B-NVFP4,p2
0,1,,bind,False,nvidia/NVIDIA-Nemotron-Labs-3-Puzzle-75B-A9B-NVFP4,p2
1,1,,entirely,True,nvidia/NVIDIA-Nemotron-Labs-3-Puzzle-75B-A9B-NVFP4,p2
1,1,,entirely,True,nvidia/NVIDIA-Nemotron-Labs-3-Puzzle-75B-A9B-NVFP4,p2
0,1,,entirely,False,nvidia/NVIDIA-Nemotron-Labs-3-Puzzle-75B-A9B-NVFP4,p2
1,1,,hero,True,nvidia/NVIDIA-Nemotron-Labs-3-Puzzle-75B-A9B-NVFP4,p2
1,1,,hero,True,nvidia/NVIDIA-Nemotron-Labs-3-Puzzle-75B-A9B-NVFP4,p2
1,1,,hero,True,nvidia/NVIDIA-Nemotron-Labs-3-Puzzle-75B-A9B-NVFP4,p2
1,1,,hero,True,nvidia/NVIDIA-Nemotron-Labs-3-Puzzle-75B-A9B-NVFP4,p2
1,1,,hero,True,nvidia/NVIDIA-Nemotron-Labs-3-Puzzle-75B-A9B-NVFP4,p2
0,0,,hero,True,nvidia/NVIDIA-Nemotron-Labs-3-Puzzle-75B-A9B-NVFP4,p2
0,0,,hero,True,nvidia/NVIDIA-Nemotron-Labs-3-Puzzle-75B-A9B-NVFP4,p2
0,0,,hero,True,nvidia/NVIDIA-Nemotron-Labs-3-Puzzle-75B-A9B-NVFP4,p2
0,0,,hero,True,nvidia/NVIDIA-Nemotron-Labs-3-Puzzle-75B-A9B-NVFP4,p2
1,1,,accomplish,True,nvidia/NVIDIA-Nemotron-Labs-3-Puzzle-75B-A9B-NVFP4,p2
1,1,,conform_to,True,nvidia/NVIDIA-Nemotron-Labs-3-Puzzle-75B-A9B-NVFP4,p2
1,1,,conform_to,True,nvidia/NVIDIA-Nemotron-Labs-3-Puzzle-75B-A9B-NVFP4,p2
0,1,,conform_to,False,nvidia/NVIDIA-Nemotron-Labs-3-Puzzle-75B-A9B-NVFP4,p2
1,1,,miss,True,nvidia/NVIDIA-Nemotron-Labs-3-Puzzle-75B-A9B-NVFP4,p2
1,1,,miss,True,nvidia/NVIDIA-Nemotron-Labs-3-Puzzle-75B-A9B-NVFP4,p2
1,1,,miss,True,nvidia/NVIDIA-Nemotron-Labs-3-Puzzle-75B-A9B-NVFP4,p2
1,1,,miss,True,nvidia/NVIDIA-Nemotron-Labs-3-Puzzle-75B-A9B-NVFP4,p2
1,0,,miss,False,nvidia/NVIDIA-Nemotron-Labs-3-Puzzle-75B-A9B-NVFP4,p2
1,1,,miss,True,nvidia/NVIDIA-Nemotron-Labs-3-Puzzle-75B-A9B-NVFP4,p2
1,1,,miss,True,nvidia/NVIDIA-Nemotron-Labs-3-Puzzle-75B-A9B-NVFP4,p2
0,0,,miss,True,nvidia/NVIDIA-Nemotron-Labs-3-Puzzle-75B-A9B-NVFP4,p2
0,1,,miss,False,nvidia/NVIDIA-Nemotron-Labs-3-Puzzle-75B-A9B-NVFP4,p2
0,0,,miss,True,nvidia/NVIDIA-Nemotron-Labs-3-Puzzle-75B-A9B-NVFP4,p2
0,0,,miss,True,nvidia/NVIDIA-Nemotron-Labs-3-Puzzle-75B-A9B-NVFP4,p2
0,0,,miss,True,nvidia/NVIDIA-Nemotron-Labs-3-Puzzle-75B-A9B-NVFP4,p2
1,1,,naturally,True,nvidia/NVIDIA-Nemotron-Labs-3-Puzzle-75B-A9B-NVFP4,p2
0,0,,naturally,True,nvidia/NVIDIA-Nemotron-Labs-3-Puzzle-75B-A9B-NVFP4,p2
0,0,,naturally,True,nvidia/NVIDIA-Nemotron-Labs-3-Puzzle-75B-A9B-NVFP4,p2
0,0,,naturally,True,nvidia/NVIDIA-Nemotron-Labs-3-Puzzle-75B-A9B-NVFP4,p2
1,1,,link,True,nvidia/NVIDIA-Nemotron-Labs-3-Puzzle-75B-A9B-NVFP4,p2
0,1,,link,False,nvidia/NVIDIA-Nemotron-Labs-3-Puzzle-75B-A9B-NVFP4,p2
1,1,,define,True,nvidia/NVIDIA-Nemotron-Labs-3-Puzzle-75B-A9B-NVFP4,p2
1,1,,define,True,nvidia/NVIDIA-Nemotron-Labs-3-Puzzle-75B-A9B-NVFP4,p2
1,1,,define,True,nvidia/NVIDIA-Nemotron-Labs-3-Puzzle-75B-A9B-NVFP4,p2
1,1,,define,True,nvidia/NVIDIA-Nemotron-Labs-3-Puzzle-75B-A9B-NVFP4,p2
0,0,,define,True,nvidia/NVIDIA-Nemotron-Labs-3-Puzzle-75B-A9B-NVFP4,p2
0,0,,define,True,nvidia/NVIDIA-Nemotron-Labs-3-Puzzle-75B-A9B-NVFP4,p2
0,0,,define,True,nvidia/NVIDIA-Nemotron-Labs-3-Puzzle-75B-A9B-NVFP4,p2
0,1,,define,False,nvidia/NVIDIA-Nemotron-Labs-3-Puzzle-75B-A9B-NVFP4,p2
1,1,,spin,True,nvidia/NVIDIA-Nemotron-Labs-3-Puzzle-75B-A9B-NVFP4,p2
1,1,,spin,True,nvidia/NVIDIA-Nemotron-Labs-3-Puzzle-75B-A9B-NVFP4,p2
1,1,,spin,True,nvidia/NVIDIA-Nemotron-Labs-3-Puzzle-75B-A9B-NVFP4,p2
1,1,,spin,True,nvidia/NVIDIA-Nemotron-Labs-3-Puzzle-75B-A9B-NVFP4,p2
1,1,,spin,True,nvidia/NVIDIA-Nemotron-Labs-3-Puzzle-75B-A9B-NVFP4,p2
0,0,,spin,True,nvidia/NVIDIA-Nemotron-Labs-3-Puzzle-75B-A9B-NVFP4,p2
0,0,,spin,True,nvidia/NVIDIA-Nemotron-Labs-3-Puzzle-75B-A9B-NVFP4,p2
0,1,,spin,False,nvidia/NVIDIA-Nemotron-Labs-3-Puzzle-75B-A9B-NVFP4,p2
0,1,,spin,False,nvidia/NVIDIA-Nemotron-Labs-3-Puzzle-75B-A9B-NVFP4,p2
0,0,,spin,True,nvidia/NVIDIA-Nemotron-Labs-3-Puzzle-75B-A9B-NVFP4,p2
0,0,,spin,True,nvidia/NVIDIA-Nemotron-Labs-3-Puzzle-75B-A9B-NVFP4,p2
1,0,,participate,False,nvidia/NVIDIA-Nemotron-Labs-3-Puzzle-75B-A9B-NVFP4,p2
0,1,,participate,False,nvidia/NVIDIA-Nemotron-Labs-3-Puzzle-75B-A9B-NVFP4,p2
1,1,,israel,True,nvidia/NVIDIA-Nemotron-Labs-3-Puzzle-75B-A9B-NVFP4,p2
1,1,,height,True,nvidia/NVIDIA-Nemotron-Labs-3-Puzzle-75B-A9B-NVFP4,p2
0,1,,height,False,nvidia/NVIDIA-Nemotron-Labs-3-Puzzle-75B-A9B-NVFP4,p2
0,1,,height,False,nvidia/NVIDIA-Nemotron-Labs-3-Puzzle-75B-A9B-NVFP4,p2
1,1,,credit,True,nvidia/NVIDIA-Nemotron-Labs-3-Puzzle-75B-A9B-NVFP4,p2
1,1,,credit,True,nvidia/NVIDIA-Nemotron-Labs-3-Puzzle-75B-A9B-NVFP4,p2
0,0,,credit,True,nvidia/NVIDIA-Nemotron-Labs-3-Puzzle-75B-A9B-NVFP4,p2
0,0,,credit,True,nvidia/NVIDIA-Nemotron-Labs-3-Puzzle-75B-A9B-NVFP4,p2
0,0,,credit,True,nvidia/NVIDIA-Nemotron-Labs-3-Puzzle-75B-A9B-NVFP4,p2
0,0,,credit,True,nvidia/NVIDIA-Nemotron-Labs-3-Puzzle-75B-A9B-NVFP4,p2
0,0,,credit,True,nvidia/NVIDIA-Nemotron-Labs-3-Puzzle-75B-A9B-NVFP4,p2
0,1,,credit,False,nvidia/NVIDIA-Nemotron-Labs-3-Puzzle-75B-A9B-NVFP4,p2
0,0,,credit,True,nvidia/NVIDIA-Nemotron-Labs-3-Puzzle-75B-A9B-NVFP4,p2
0,0,,credit,True,nvidia/NVIDIA-Nemotron-Labs-3-Puzzle-75B-A9B-NVFP4,p2
1,1,,obligation,True,nvidia/NVIDIA-Nemotron-Labs-3-Puzzle-75B-A9B-NVFP4,p2
0,1,,obligation,False,nvidia/NVIDIA-Nemotron-Labs-3-Puzzle-75B-A9B-NVFP4,p2
0,0,,obligation,True,nvidia/NVIDIA-Nemotron-Labs-3-Puzzle-75B-A9B-NVFP4,p2
0,1,,obligation,False,nvidia/NVIDIA-Nemotron-Labs-3-Puzzle-75B-A9B-NVFP4,p2
1,1,,extension,True,nvidia/NVIDIA-Nemotron-Labs-3-Puzzle-75B-A9B-NVFP4,p2
1,1,,extension,True,nvidia/NVIDIA-Nemotron-Labs-3-Puzzle-75B-A9B-NVFP4,p2
1,0,,extension,False,nvidia/NVIDIA-Nemotron-Labs-3-Puzzle-75B-A9B-NVFP4,p2
1,1,,extension,True,nvidia/NVIDIA-Nemotron-Labs-3-Puzzle-75B-A9B-NVFP4,p2
1,1,,extension,True,nvidia/NVIDIA-Nemotron-Labs-3-Puzzle-75B-A9B-NVFP4,p2
0,0,,extension,True,nvidia/NVIDIA-Nemotron-Labs-3-Puzzle-75B-A9B-NVFP4,p2
0,1,,extension,False,nvidia/NVIDIA-Nemotron-Labs-3-Puzzle-75B-A9B-NVFP4,p2
0,0,,extension,True,nvidia/NVIDIA-Nemotron-Labs-3-Puzzle-75B-A9B-NVFP4,p2
0,0,,extension,True,nvidia/NVIDIA-Nemotron-Labs-3-Puzzle-75B-A9B-NVFP4,p2
0,0,,extension,True,nvidia/NVIDIA-Nemotron-Labs-3-Puzzle-75B-A9B-NVFP4,p2
0,0,,extension,True,nvidia/NVIDIA-Nemotron-Labs-3-Puzzle-75B-A9B-NVFP4,p2
0,0,,extension,True,nvidia/NVIDIA-Nemotron-Labs-3-Puzzle-75B-A9B-NVFP4,p2
0,0,,extension,True,nvidia/NVIDIA-Nemotron-Labs-3-Puzzle-75B-A9B-NVFP4,p2
0,0,,extension,True,nvidia/NVIDIA-Nemotron-Labs-3-Puzzle-75B-A9B-NVFP4,p2
0,0,,extension,True,nvidia/NVIDIA-Nemotron-Labs-3-Puzzle-75B-A9B-NVFP4,p2
0,1,,at_the_same_time,False,nvidia/NVIDIA-Nemotron-Labs-3-Puzzle-75B-A9B-NVFP4,p2
1,1,,finally,True,nvidia/NVIDIA-Nemotron-Labs-3-Puzzle-75B-A9B-NVFP4,p2
1,1,,finally,True,nvidia/NVIDIA-Nemotron-Labs-3-Puzzle-75B-A9B-NVFP4,p2
1,1,,teaching,True,nvidia/NVIDIA-Nemotron-Labs-3-Puzzle-75B-A9B-NVFP4,p2
1,1,,teaching,True,nvidia/NVIDIA-Nemotron-Labs-3-Puzzle-75B-A9B-NVFP4,p2
0,0,,teaching,True,nvidia/NVIDIA-Nemotron-Labs-3-Puzzle-75B-A9B-NVFP4,p2
0,1,,teaching,False,nvidia/NVIDIA-Nemotron-Labs-3-Puzzle-75B-A9B-NVFP4,p2
1,1,,snow,True,nvidia/NVIDIA-Nemotron-Labs-3-Puzzle-75B-A9B-NVFP4,p2
0,0,,snow,True,nvidia/NVIDIA-Nemotron-Labs-3-Puzzle-75B-A9B-NVFP4,p2
1,1,,restore,True,nvidia/NVIDIA-Nemotron-Labs-3-Puzzle-75B-A9B-NVFP4,p2
1,1,,explanation,True,nvidia/NVIDIA-Nemotron-Labs-3-Puzzle-75B-A9B-NVFP4,p2
1,1,,explanation,True,nvidia/NVIDIA-Nemotron-Labs-3-Puzzle-75B-A9B-NVFP4,p2
1,1,,explanation,True,nvidia/NVIDIA-Nemotron-Labs-3-Puzzle-75B-A9B-NVFP4,p2
0,1,,explanation,False,nvidia/NVIDIA-Nemotron-Labs-3-Puzzle-75B-A9B-NVFP4,p2
0,1,,explanation,False,nvidia/NVIDIA-Nemotron-Labs-3-Puzzle-75B-A9B-NVFP4,p2
1,0,,maturity,False,nvidia/NVIDIA-Nemotron-Labs-3-Puzzle-75B-A9B-NVFP4,p2
0,0,,maturity,True,nvidia/NVIDIA-Nemotron-Labs-3-Puzzle-75B-A9B-NVFP4,p2
0,1,,maturity,False,nvidia/NVIDIA-Nemotron-Labs-3-Puzzle-75B-A9B-NVFP4,p2
1,1,,elongated,True,nvidia/NVIDIA-Nemotron-Labs-3-Puzzle-75B-A9B-NVFP4,p2
1,1,,elongated,True,nvidia/NVIDIA-Nemotron-Labs-3-Puzzle-75B-A9B-NVFP4,p2
0,1,,elongated,False,nvidia/NVIDIA-Nemotron-Labs-3-Puzzle-75B-A9B-NVFP4,p2
1,1,,replace,True,nvidia/NVIDIA-Nemotron-Labs-3-Puzzle-75B-A9B-NVFP4,p2
1,1,,replace,True,nvidia/NVIDIA-Nemotron-Labs-3-Puzzle-75B-A9B-NVFP4,p2
1,1,,replace,True,nvidia/NVIDIA-Nemotron-Labs-3-Puzzle-75B-A9B-NVFP4,p2
0,1,,replace,False,nvidia/NVIDIA-Nemotron-Labs-3-Puzzle-75B-A9B-NVFP4,p2
0,1,,replace,False,nvidia/NVIDIA-Nemotron-Labs-3-Puzzle-75B-A9B-NVFP4,p2
1,1,,paint,True,nvidia/NVIDIA-Nemotron-Labs-3-Puzzle-75B-A9B-NVFP4,p2
0,0,,paint,True,nvidia/NVIDIA-Nemotron-Labs-3-Puzzle-75B-A9B-NVFP4,p2
0,1,,paint,False,nvidia/NVIDIA-Nemotron-Labs-3-Puzzle-75B-A9B-NVFP4,p2
0,1,,paint,False,nvidia/NVIDIA-Nemotron-Labs-3-Puzzle-75B-A9B-NVFP4,p2
1,1,,club,True,nvidia/NVIDIA-Nemotron-Labs-3-Puzzle-75B-A9B-NVFP4,p2
1,1,,club,True,nvidia/NVIDIA-Nemotron-Labs-3-Puzzle-75B-A9B-NVFP4,p2
0,0,,club,True,nvidia/NVIDIA-Nemotron-Labs-3-Puzzle-75B-A9B-NVFP4,p2
0,0,,club,True,nvidia/NVIDIA-Nemotron-Labs-3-Puzzle-75B-A9B-NVFP4,p2
0,0,,club,True,nvidia/NVIDIA-Nemotron-Labs-3-Puzzle-75B-A9B-NVFP4,p2
1,1,,land,True,nvidia/NVIDIA-Nemotron-Labs-3-Puzzle-75B-A9B-NVFP4,p2
1,1,,land,True,nvidia/NVIDIA-Nemotron-Labs-3-Puzzle-75B-A9B-NVFP4,p2
1,1,,land,True,nvidia/NVIDIA-Nemotron-Labs-3-Puzzle-75B-A9B-NVFP4,p2
1,1,,land,True,nvidia/NVIDIA-Nemotron-Labs-3-Puzzle-75B-A9B-NVFP4,p2
1,1,,land,True,nvidia/NVIDIA-Nemotron-Labs-3-Puzzle-75B-A9B-NVFP4,p2
1,1,,land,True,nvidia/NVIDIA-Nemotron-Labs-3-Puzzle-75B-A9B-NVFP4,p2
0,1,,land,False,nvidia/NVIDIA-Nemotron-Labs-3-Puzzle-75B-A9B-NVFP4,p2
0,0,,land,True,nvidia/NVIDIA-Nemotron-Labs-3-Puzzle-75B-A9B-NVFP4,p2
0,0,,land,True,nvidia/NVIDIA-Nemotron-Labs-3-Puzzle-75B-A9B-NVFP4,p2
0,1,,land,False,nvidia/NVIDIA-Nemotron-Labs-3-Puzzle-75B-A9B-NVFP4,p2
0,0,,land,True,nvidia/NVIDIA-Nemotron-Labs-3-Puzzle-75B-A9B-NVFP4,p2
0,1,,land,False,nvidia/NVIDIA-Nemotron-Labs-3-Puzzle-75B-A9B-NVFP4,p2
1,1,,resist,True,nvidia/NVIDIA-Nemotron-Labs-3-Puzzle-75B-A9B-NVFP4,p2
1,1,,resist,True,nvidia/NVIDIA-Nemotron-Labs-3-Puzzle-75B-A9B-NVFP4,p2
0,1,,resist,False,nvidia/NVIDIA-Nemotron-Labs-3-Puzzle-75B-A9B-NVFP4,p2
0,1,,resist,False,nvidia/NVIDIA-Nemotron-Labs-3-Puzzle-75B-A9B-NVFP4,p2
0,1,,resist,False,nvidia/NVIDIA-Nemotron-Labs-3-Puzzle-75B-A9B-NVFP4,p2
1,1,,demonstrate,True,nvidia/NVIDIA-Nemotron-Labs-3-Puzzle-75B-A9B-NVFP4,p2
0,0,,demonstrate,True,nvidia/NVIDIA-Nemotron-Labs-3-Puzzle-75B-A9B-NVFP4,p2
0,0,,demonstrate,True,nvidia/NVIDIA-Nemotron-Labs-3-Puzzle-75B-A9B-NVFP4,p2
0,0,,demonstrate,True,nvidia/NVIDIA-Nemotron-Labs-3-Puzzle-75B-A9B-NVFP4,p2
0,0,,demonstrate,True,nvidia/NVIDIA-Nemotron-Labs-3-Puzzle-75B-A9B-NVFP4,p2
1,1,,immediate,True,nvidia/NVIDIA-Nemotron-Labs-3-Puzzle-75B-A9B-NVFP4,p2
1,1,,immediate,True,nvidia/NVIDIA-Nemotron-Labs-3-Puzzle-75B-A9B-NVFP4,p2
0,1,,immediate,False,nvidia/NVIDIA-Nemotron-Labs-3-Puzzle-75B-A9B-NVFP4,p2
0,0,,immediate,True,nvidia/NVIDIA-Nemotron-Labs-3-Puzzle-75B-A9B-NVFP4,p2
1,1,,measure,True,nvidia/NVIDIA-Nemotron-Labs-3-Puzzle-75B-A9B-NVFP4,p2
1,1,,measure,True,nvidia/NVIDIA-Nemotron-Labs-3-Puzzle-75B-A9B-NVFP4,p2
1,1,,measure,True,nvidia/NVIDIA-Nemotron-Labs-3-Puzzle-75B-A9B-NVFP4,p2
1,1,,measure,True,nvidia/NVIDIA-Nemotron-Labs-3-Puzzle-75B-A9B-NVFP4,p2
1,1,,measure,True,nvidia/NVIDIA-Nemotron-Labs-3-Puzzle-75B-A9B-NVFP4,p2
0,0,,measure,True,nvidia/NVIDIA-Nemotron-Labs-3-Puzzle-75B-A9B-NVFP4,p2
0,0,,measure,True,nvidia/NVIDIA-Nemotron-Labs-3-Puzzle-75B-A9B-NVFP4,p2
0,0,,measure,True,nvidia/NVIDIA-Nemotron-Labs-3-Puzzle-75B-A9B-NVFP4,p2
0,0,,measure,True,nvidia/NVIDIA-Nemotron-Labs-3-Puzzle-75B-A9B-NVFP4,p2
0,0,,measure,True,nvidia/NVIDIA-Nemotron-Labs-3-Puzzle-75B-A9B-NVFP4,p2
0,0,,measure,True,nvidia/NVIDIA-Nemotron-Labs-3-Puzzle-75B-A9B-NVFP4,p2
0,0,,measure,True,nvidia/NVIDIA-Nemotron-Labs-3-Puzzle-75B-A9B-NVFP4,p2
0,0,,measure,True,nvidia/NVIDIA-Nemotron-Labs-3-Puzzle-75B-A9B-NVFP4,p2
1,1,,widespread,True,nvidia/NVIDIA-Nemotron-Labs-3-Puzzle-75B-A9B-NVFP4,p2
0,1,,widespread,False,nvidia/NVIDIA-Nemotron-Labs-3-Puzzle-75B-A9B-NVFP4,p2
1,1,,lobe,True,nvidia/NVIDIA-Nemotron-Labs-3-Puzzle-75B-A9B-NVFP4,p2
0,0,,lobe,True,nvidia/NVIDIA-Nemotron-Labs-3-Puzzle-75B-A9B-NVFP4,p2
0,0,,lobe,True,nvidia/NVIDIA-Nemotron-Labs-3-Puzzle-75B-A9B-NVFP4,p2
0,1,,lobe,False,nvidia/NVIDIA-Nemotron-Labs-3-Puzzle-75B-A9B-NVFP4,p2
0,0,,lobe,True,nvidia/NVIDIA-Nemotron-Labs-3-Puzzle-75B-A9B-NVFP4,p2
1,1,,search,True,nvidia/NVIDIA-Nemotron-Labs-3-Puzzle-75B-A9B-NVFP4,p2
1,1,,search,True,nvidia/NVIDIA-Nemotron-Labs-3-Puzzle-75B-A9B-NVFP4,p2
1,1,,slide,True,nvidia/NVIDIA-Nemotron-Labs-3-Puzzle-75B-A9B-NVFP4,p2
1,1,,slide,True,nvidia/NVIDIA-Nemotron-Labs-3-Puzzle-75B-A9B-NVFP4,p2
1,1,,slide,True,nvidia/NVIDIA-Nemotron-Labs-3-Puzzle-75B-A9B-NVFP4,p2
1,1,,slide,True,nvidia/NVIDIA-Nemotron-Labs-3-Puzzle-75B-A9B-NVFP4,p2
1,0,,slide,False,nvidia/NVIDIA-Nemotron-Labs-3-Puzzle-75B-A9B-NVFP4,p2
1,1,,slide,True,nvidia/NVIDIA-Nemotron-Labs-3-Puzzle-75B-A9B-NVFP4,p2
1,1,,slide,True,nvidia/NVIDIA-Nemotron-Labs-3-Puzzle-75B-A9B-NVFP4,p2
0,0,,slide,True,nvidia/NVIDIA-Nemotron-Labs-3-Puzzle-75B-A9B-NVFP4,p2
0,0,,slide,True,nvidia/NVIDIA-Nemotron-Labs-3-Puzzle-75B-A9B-NVFP4,p2
0,0,,slide,True,nvidia/NVIDIA-Nemotron-Labs-3-Puzzle-75B-A9B-NVFP4,p2
0,0,,slide,True,nvidia/NVIDIA-Nemotron-Labs-3-Puzzle-75B-A9B-NVFP4,p2
0,0,,slide,True,nvidia/NVIDIA-Nemotron-Labs-3-Puzzle-75B-A9B-NVFP4,p2
0,1,,slide,False,nvidia/NVIDIA-Nemotron-Labs-3-Puzzle-75B-A9B-NVFP4,p2
1,1,,tradition,True,nvidia/NVIDIA-Nemotron-Labs-3-Puzzle-75B-A9B-NVFP4,p2
1,1,,tradition,True,nvidia/NVIDIA-Nemotron-Labs-3-Puzzle-75B-A9B-NVFP4,p2
0,1,,tradition,False,nvidia/NVIDIA-Nemotron-Labs-3-Puzzle-75B-A9B-NVFP4,p2
0,1,,tradition,False,nvidia/NVIDIA-Nemotron-Labs-3-Puzzle-75B-A9B-NVFP4,p2
1,0,,television,False,nvidia/NVIDIA-Nemotron-Labs-3-Puzzle-75B-A9B-NVFP4,p2
0,0,,television,True,nvidia/NVIDIA-Nemotron-Labs-3-Puzzle-75B-A9B-NVFP4,p2
1,1,,channel,True,nvidia/NVIDIA-Nemotron-Labs-3-Puzzle-75B-A9B-NVFP4,p2
1,1,,channel,True,nvidia/NVIDIA-Nemotron-Labs-3-Puzzle-75B-A9B-NVFP4,p2
1,1,,channel,True,nvidia/NVIDIA-Nemotron-Labs-3-Puzzle-75B-A9B-NVFP4,p2
1,1,,channel,True,nvidia/NVIDIA-Nemotron-Labs-3-Puzzle-75B-A9B-NVFP4,p2
1,1,,channel,True,nvidia/NVIDIA-Nemotron-Labs-3-Puzzle-75B-A9B-NVFP4,p2
0,0,,channel,True,nvidia/NVIDIA-Nemotron-Labs-3-Puzzle-75B-A9B-NVFP4,p2
0,0,,channel,True,nvidia/NVIDIA-Nemotron-Labs-3-Puzzle-75B-A9B-NVFP4,p2
0,0,,channel,True,nvidia/NVIDIA-Nemotron-Labs-3-Puzzle-75B-A9B-NVFP4,p2
0,1,,channel,False,nvidia/NVIDIA-Nemotron-Labs-3-Puzzle-75B-A9B-NVFP4,p2
1,0,,responsible,False,nvidia/NVIDIA-Nemotron-Labs-3-Puzzle-75B-A9B-NVFP4,p2
1,1,,responsible,True,nvidia/NVIDIA-Nemotron-Labs-3-Puzzle-75B-A9B-NVFP4,p2
0,0,,responsible,True,nvidia/NVIDIA-Nemotron-Labs-3-Puzzle-75B-A9B-NVFP4,p2
0,0,,responsible,True,nvidia/NVIDIA-Nemotron-Labs-3-Puzzle-75B-A9B-NVFP4,p2
1,1,,pick_up,True,nvidia/NVIDIA-Nemotron-Labs-3-Puzzle-75B-A9B-NVFP4,p2
1,1,,pick_up,True,nvidia/NVIDIA-Nemotron-Labs-3-Puzzle-75B-A9B-NVFP4,p2
1,0,,pick_up,False,nvidia/NVIDIA-Nemotron-Labs-3-Puzzle-75B-A9B-NVFP4,p2
1,1,,pick_up,True,nvidia/NVIDIA-Nemotron-Labs-3-Puzzle-75B-A9B-NVFP4,p2
1,1,,pick_up,True,nvidia/NVIDIA-Nemotron-Labs-3-Puzzle-75B-A9B-NVFP4,p2
1,1,,pick_up,True,nvidia/NVIDIA-Nemotron-Labs-3-Puzzle-75B-A9B-NVFP4,p2
1,1,,pick_up,True,nvidia/NVIDIA-Nemotron-Labs-3-Puzzle-75B-A9B-NVFP4,p2
1,1,,pick_up,True,nvidia/NVIDIA-Nemotron-Labs-3-Puzzle-75B-A9B-NVFP4,p2
0,0,,pick_up,True,nvidia/NVIDIA-Nemotron-Labs-3-Puzzle-75B-A9B-NVFP4,p2
0,0,,pick_up,True,nvidia/NVIDIA-Nemotron-Labs-3-Puzzle-75B-A9B-NVFP4,p2
0,0,,pick_up,True,nvidia/NVIDIA-Nemotron-Labs-3-Puzzle-75B-A9B-NVFP4,p2
0,0,,pick_up,True,nvidia/NVIDIA-Nemotron-Labs-3-Puzzle-75B-A9B-NVFP4,p2
0,0,,pick_up,True,nvidia/NVIDIA-Nemotron-Labs-3-Puzzle-75B-A9B-NVFP4,p2
0,0,,pick_up,True,nvidia/NVIDIA-Nemotron-Labs-3-Puzzle-75B-A9B-NVFP4,p2
0,0,,pick_up,True,nvidia/NVIDIA-Nemotron-Labs-3-Puzzle-75B-A9B-NVFP4,p2
0,0,,pick_up,True,nvidia/NVIDIA-Nemotron-Labs-3-Puzzle-75B-A9B-NVFP4,p2
0,0,,pick_up,True,nvidia/NVIDIA-Nemotron-Labs-3-Puzzle-75B-A9B-NVFP4,p2
0,0,,pick_up,True,nvidia/NVIDIA-Nemotron-Labs-3-Puzzle-75B-A9B-NVFP4,p2
1,1,,cultural,True,nvidia/NVIDIA-Nemotron-Labs-3-Puzzle-75B-A9B-NVFP4,p2
1,1,,cultural,True,nvidia/NVIDIA-Nemotron-Labs-3-Puzzle-75B-A9B-NVFP4,p2
0,0,,cultural,True,nvidia/NVIDIA-Nemotron-Labs-3-Puzzle-75B-A9B-NVFP4,p2
0,0,,cultural,True,nvidia/NVIDIA-Nemotron-Labs-3-Puzzle-75B-A9B-NVFP4,p2
1,1,,suppose,True,nvidia/NVIDIA-Nemotron-Labs-3-Puzzle-75B-A9B-NVFP4,p2
0,0,,suppose,True,nvidia/NVIDIA-Nemotron-Labs-3-Puzzle-75B-A9B-NVFP4,p2
0,0,,suppose,True,nvidia/NVIDIA-Nemotron-Labs-3-Puzzle-75B-A9B-NVFP4,p2
0,1,,suppose,False,nvidia/NVIDIA-Nemotron-Labs-3-Puzzle-75B-A9B-NVFP4,p2
1,1,,interpretation,True,nvidia/NVIDIA-Nemotron-Labs-3-Puzzle-75B-A9B-NVFP4,p2
1,1,,interpretation,True,nvidia/NVIDIA-Nemotron-Labs-3-Puzzle-75B-A9B-NVFP4,p2
1,1,,interpretation,True,nvidia/NVIDIA-Nemotron-Labs-3-Puzzle-75B-A9B-NVFP4,p2
1,1,,interpretation,True,nvidia/NVIDIA-Nemotron-Labs-3-Puzzle-75B-A9B-NVFP4,p2
0,1,,interpretation,False,nvidia/NVIDIA-Nemotron-Labs-3-Puzzle-75B-A9B-NVFP4,p2
0,1,,interpretation,False,nvidia/NVIDIA-Nemotron-Labs-3-Puzzle-75B-A9B-NVFP4,p2
0,1,,interpretation,False,nvidia/NVIDIA-Nemotron-Labs-3-Puzzle-75B-A9B-NVFP4,p2
1,1,,discover,True,nvidia/NVIDIA-Nemotron-Labs-3-Puzzle-75B-A9B-NVFP4,p2
1,1,,discover,True,nvidia/NVIDIA-Nemotron-Labs-3-Puzzle-75B-A9B-NVFP4,p2
1,1,,discover,True,nvidia/NVIDIA-Nemotron-Labs-3-Puzzle-75B-A9B-NVFP4,p2
1,1,,discover,True,nvidia/NVIDIA-Nemotron-Labs-3-Puzzle-75B-A9B-NVFP4,p2
1,1,,discover,True,nvidia/NVIDIA-Nemotron-Labs-3-Puzzle-75B-A9B-NVFP4,p2
0,1,,discover,False,nvidia/NVIDIA-Nemotron-Labs-3-Puzzle-75B-A9B-NVFP4,p2
0,1,,discover,False,nvidia/NVIDIA-Nemotron-Labs-3-Puzzle-75B-A9B-NVFP4,p2
0,1,,discover,False,nvidia/NVIDIA-Nemotron-Labs-3-Puzzle-75B-A9B-NVFP4,p2
0,1,,discover,False,nvidia/NVIDIA-Nemotron-Labs-3-Puzzle-75B-A9B-NVFP4,p2
0,1,,discover,False,nvidia/NVIDIA-Nemotron-Labs-3-Puzzle-75B-A9B-NVFP4,p2
0,1,,discover,False,nvidia/NVIDIA-Nemotron-Labs-3-Puzzle-75B-A9B-NVFP4,p2
1,1,,suffer,True,nvidia/NVIDIA-Nemotron-Labs-3-Puzzle-75B-A9B-NVFP4,p2
1,1,,suffer,True,nvidia/NVIDIA-Nemotron-Labs-3-Puzzle-75B-A9B-NVFP4,p2
1,1,,suffer,True,nvidia/NVIDIA-Nemotron-Labs-3-Puzzle-75B-A9B-NVFP4,p2
0,1,,suffer,False,nvidia/NVIDIA-Nemotron-Labs-3-Puzzle-75B-A9B-NVFP4,p2
0,1,,suffer,False,nvidia/NVIDIA-Nemotron-Labs-3-Puzzle-75B-A9B-NVFP4,p2
0,1,,suffer,False,nvidia/NVIDIA-Nemotron-Labs-3-Puzzle-75B-A9B-NVFP4,p2
0,1,,suffer,False,nvidia/NVIDIA-Nemotron-Labs-3-Puzzle-75B-A9B-NVFP4,p2
1,1,,limit,True,nvidia/NVIDIA-Nemotron-Labs-3-Puzzle-75B-A9B-NVFP4,p2
1,1,,limit,True,nvidia/NVIDIA-Nemotron-Labs-3-Puzzle-75B-A9B-NVFP4,p2
0,0,,limit,True,nvidia/NVIDIA-Nemotron-Labs-3-Puzzle-75B-A9B-NVFP4,p2
0,0,,limit,True,nvidia/NVIDIA-Nemotron-Labs-3-Puzzle-75B-A9B-NVFP4,p2
0,0,,limit,True,nvidia/NVIDIA-Nemotron-Labs-3-Puzzle-75B-A9B-NVFP4,p2
0,0,,limit,True,nvidia/NVIDIA-Nemotron-Labs-3-Puzzle-75B-A9B-NVFP4,p2
1,0,,corner,False,nvidia/NVIDIA-Nemotron-Labs-3-Puzzle-75B-A9B-NVFP4,p2
1,1,,corner,True,nvidia/NVIDIA-Nemotron-Labs-3-Puzzle-75B-A9B-NVFP4,p2
1,1,,corner,True,nvidia/NVIDIA-Nemotron-Labs-3-Puzzle-75B-A9B-NVFP4,p2
1,1,,corner,True,nvidia/NVIDIA-Nemotron-Labs-3-Puzzle-75B-A9B-NVFP4,p2
1,1,,corner,True,nvidia/NVIDIA-Nemotron-Labs-3-Puzzle-75B-A9B-NVFP4,p2
1,1,,corner,True,nvidia/NVIDIA-Nemotron-Labs-3-Puzzle-75B-A9B-NVFP4,p2
0,0,,corner,True,nvidia/NVIDIA-Nemotron-Labs-3-Puzzle-75B-A9B-NVFP4,p2
0,0,,corner,True,nvidia/NVIDIA-Nemotron-Labs-3-Puzzle-75B-A9B-NVFP4,p2
0,0,,corner,True,nvidia/NVIDIA-Nemotron-Labs-3-Puzzle-75B-A9B-NVFP4,p2
0,0,,corner,True,nvidia/NVIDIA-Nemotron-Labs-3-Puzzle-75B-A9B-NVFP4,p2
0,0,,corner,True,nvidia/NVIDIA-Nemotron-Labs-3-Puzzle-75B-A9B-NVFP4,p2
0,0,,corner,True,nvidia/NVIDIA-Nemotron-Labs-3-Puzzle-75B-A9B-NVFP4,p2
0,0,,corner,True,nvidia/NVIDIA-Nemotron-Labs-3-Puzzle-75B-A9B-NVFP4,p2
1,0,,spread,False,nvidia/NVIDIA-Nemotron-Labs-3-Puzzle-75B-A9B-NVFP4,p2
1,1,,spread,True,nvidia/NVIDIA-Nemotron-Labs-3-Puzzle-75B-A9B-NVFP4,p2
1,1,,spread,True,nvidia/NVIDIA-Nemotron-Labs-3-Puzzle-75B-A9B-NVFP4,p2
1,1,,spread,True,nvidia/NVIDIA-Nemotron-Labs-3-Puzzle-75B-A9B-NVFP4,p2
1,1,,spread,True,nvidia/NVIDIA-Nemotron-Labs-3-Puzzle-75B-A9B-NVFP4,p2
1,1,,spread,True,nvidia/NVIDIA-Nemotron-Labs-3-Puzzle-75B-A9B-NVFP4,p2
1,1,,spread,True,nvidia/NVIDIA-Nemotron-Labs-3-Puzzle-75B-A9B-NVFP4,p2
1,1,,spread,True,nvidia/NVIDIA-Nemotron-Labs-3-Puzzle-75B-A9B-NVFP4,p2
1,1,,spread,True,nvidia/NVIDIA-Nemotron-Labs-3-Puzzle-75B-A9B-NVFP4,p2
1,1,,spread,True,nvidia/NVIDIA-Nemotron-Labs-3-Puzzle-75B-A9B-NVFP4,p2
1,1,,spread,True,nvidia/NVIDIA-Nemotron-Labs-3-Puzzle-75B-A9B-NVFP4,p2
1,1,,spread,True,nvidia/NVIDIA-Nemotron-Labs-3-Puzzle-75B-A9B-NVFP4,p2
0,0,,spread,True,nvidia/NVIDIA-Nemotron-Labs-3-Puzzle-75B-A9B-NVFP4,p2
0,1,,spread,False,nvidia/NVIDIA-Nemotron-Labs-3-Puzzle-75B-A9B-NVFP4,p2
0,0,,spread,True,nvidia/NVIDIA-Nemotron-Labs-3-Puzzle-75B-A9B-NVFP4,p2
0,0,,spread,True,nvidia/NVIDIA-Nemotron-Labs-3-Puzzle-75B-A9B-NVFP4,p2
0,0,,spread,True,nvidia/NVIDIA-Nemotron-Labs-3-Puzzle-75B-A9B-NVFP4,p2
0,0,,spread,True,nvidia/NVIDIA-Nemotron-Labs-3-Puzzle-75B-A9B-NVFP4,p2
0,0,,spread,True,nvidia/NVIDIA-Nemotron-Labs-3-Puzzle-75B-A9B-NVFP4,p2
0,0,,spread,True,nvidia/NVIDIA-Nemotron-Labs-3-Puzzle-75B-A9B-NVFP4,p2
0,0,,spread,True,nvidia/NVIDIA-Nemotron-Labs-3-Puzzle-75B-A9B-NVFP4,p2
0,0,,spread,True,nvidia/NVIDIA-Nemotron-Labs-3-Puzzle-75B-A9B-NVFP4,p2
0,1,,spread,False,nvidia/NVIDIA-Nemotron-Labs-3-Puzzle-75B-A9B-NVFP4,p2
0,0,,spread,True,nvidia/NVIDIA-Nemotron-Labs-3-Puzzle-75B-A9B-NVFP4,p2
1,1,,contract,True,nvidia/NVIDIA-Nemotron-Labs-3-Puzzle-75B-A9B-NVFP4,p2
1,1,,contract,True,nvidia/NVIDIA-Nemotron-Labs-3-Puzzle-75B-A9B-NVFP4,p2
0,0,,contract,True,nvidia/NVIDIA-Nemotron-Labs-3-Puzzle-75B-A9B-NVFP4,p2
0,1,,contract,False,nvidia/NVIDIA-Nemotron-Labs-3-Puzzle-75B-A9B-NVFP4,p2
0,0,,contract,True,nvidia/NVIDIA-Nemotron-Labs-3-Puzzle-75B-A9B-NVFP4,p2
0,0,,contract,True,nvidia/NVIDIA-Nemotron-Labs-3-Puzzle-75B-A9B-NVFP4,p2
0,1,,contract,False,nvidia/NVIDIA-Nemotron-Labs-3-Puzzle-75B-A9B-NVFP4,p2
0,0,,contract,True,nvidia/NVIDIA-Nemotron-Labs-3-Puzzle-75B-A9B-NVFP4,p2
0,0,,contract,True,nvidia/NVIDIA-Nemotron-Labs-3-Puzzle-75B-A9B-NVFP4,p2
1,1,,extend,True,nvidia/NVIDIA-Nemotron-Labs-3-Puzzle-75B-A9B-NVFP4,p2
1,1,,extend,True,nvidia/NVIDIA-Nemotron-Labs-3-Puzzle-75B-A9B-NVFP4,p2
1,1,,extend,True,nvidia/NVIDIA-Nemotron-Labs-3-Puzzle-75B-A9B-NVFP4,p2
1,1,,extend,True,nvidia/NVIDIA-Nemotron-Labs-3-Puzzle-75B-A9B-NVFP4,p2
1,1,,extend,True,nvidia/NVIDIA-Nemotron-Labs-3-Puzzle-75B-A9B-NVFP4,p2
1,1,,extend,True,nvidia/NVIDIA-Nemotron-Labs-3-Puzzle-75B-A9B-NVFP4,p2
1,1,,extend,True,nvidia/NVIDIA-Nemotron-Labs-3-Puzzle-75B-A9B-NVFP4,p2
1,1,,extend,True,nvidia/NVIDIA-Nemotron-Labs-3-Puzzle-75B-A9B-NVFP4,p2
0,0,,extend,True,nvidia/NVIDIA-Nemotron-Labs-3-Puzzle-75B-A9B-NVFP4,p2
0,0,,extend,True,nvidia/NVIDIA-Nemotron-Labs-3-Puzzle-75B-A9B-NVFP4,p2
0,1,,extend,False,nvidia/NVIDIA-Nemotron-Labs-3-Puzzle-75B-A9B-NVFP4,p2
0,0,,extend,True,nvidia/NVIDIA-Nemotron-Labs-3-Puzzle-75B-A9B-NVFP4,p2
0,1,,extend,False,nvidia/NVIDIA-Nemotron-Labs-3-Puzzle-75B-A9B-NVFP4,p2
0,0,,extend,True,nvidia/NVIDIA-Nemotron-Labs-3-Puzzle-75B-A9B-NVFP4,p2
0,0,,extend,True,nvidia/NVIDIA-Nemotron-Labs-3-Puzzle-75B-A9B-NVFP4,p2
0,1,,extend,False,nvidia/NVIDIA-Nemotron-Labs-3-Puzzle-75B-A9B-NVFP4,p2
0,0,,brilliant,True,nvidia/NVIDIA-Nemotron-Labs-3-Puzzle-75B-A9B-NVFP4,p2
0,1,,persuade,False,nvidia/NVIDIA-Nemotron-Labs-3-Puzzle-75B-A9B-NVFP4,p2
1,1,,perform,True,nvidia/NVIDIA-Nemotron-Labs-3-Puzzle-75B-A9B-NVFP4,p2
1,1,,perform,True,nvidia/NVIDIA-Nemotron-Labs-3-Puzzle-75B-A9B-NVFP4,p2
0,1,,perform,False,nvidia/NVIDIA-Nemotron-Labs-3-Puzzle-75B-A9B-NVFP4,p2
1,1,,seize,True,nvidia/NVIDIA-Nemotron-Labs-3-Puzzle-75B-A9B-NVFP4,p2
1,1,,seize,True,nvidia/NVIDIA-Nemotron-Labs-3-Puzzle-75B-A9B-NVFP4,p2
1,1,,seize,True,nvidia/NVIDIA-Nemotron-Labs-3-Puzzle-75B-A9B-NVFP4,p2
0,1,,seize,False,nvidia/NVIDIA-Nemotron-Labs-3-Puzzle-75B-A9B-NVFP4,p2
0,0,,seize,True,nvidia/NVIDIA-Nemotron-Labs-3-Puzzle-75B-A9B-NVFP4,p2
0,1,,seize,False,nvidia/NVIDIA-Nemotron-Labs-3-Puzzle-75B-A9B-NVFP4,p2
0,1,,seize,False,nvidia/NVIDIA-Nemotron-Labs-3-Puzzle-75B-A9B-NVFP4,p2
0,0,,seize,True,nvidia/NVIDIA-Nemotron-Labs-3-Puzzle-75B-A9B-NVFP4,p2
0,0,,seize,True,nvidia/NVIDIA-Nemotron-Labs-3-Puzzle-75B-A9B-NVFP4,p2
1,1,,jaw,True,nvidia/NVIDIA-Nemotron-Labs-3-Puzzle-75B-A9B-NVFP4,p2
1,1,,jaw,True,nvidia/NVIDIA-Nemotron-Labs-3-Puzzle-75B-A9B-NVFP4,p2
0,0,,jaw,True,nvidia/NVIDIA-Nemotron-Labs-3-Puzzle-75B-A9B-NVFP4,p2
0,0,,jaw,True,nvidia/NVIDIA-Nemotron-Labs-3-Puzzle-75B-A9B-NVFP4,p2
1,1,,wool,True,nvidia/NVIDIA-Nemotron-Labs-3-Puzzle-75B-A9B-NVFP4,p2
0,1,,wool,False,nvidia/NVIDIA-Nemotron-Labs-3-Puzzle-75B-A9B-NVFP4,p2
1,1,,disk,True,nvidia/NVIDIA-Nemotron-Labs-3-Puzzle-75B-A9B-NVFP4,p2
1,1,,disk,True,nvidia/NVIDIA-Nemotron-Labs-3-Puzzle-75B-A9B-NVFP4,p2
1,1,,disk,True,nvidia/NVIDIA-Nemotron-Labs-3-Puzzle-75B-A9B-NVFP4,p2
1,1,,wealth,True,nvidia/NVIDIA-Nemotron-Labs-3-Puzzle-75B-A9B-NVFP4,p2
1,1,,wealth,True,nvidia/NVIDIA-Nemotron-Labs-3-Puzzle-75B-A9B-NVFP4,p2
0,1,,wealth,False,nvidia/NVIDIA-Nemotron-Labs-3-Puzzle-75B-A9B-NVFP4,p2
0,1,,wealth,False,nvidia/NVIDIA-Nemotron-Labs-3-Puzzle-75B-A9B-NVFP4,p2
0,1,,wealth,False,nvidia/NVIDIA-Nemotron-Labs-3-Puzzle-75B-A9B-NVFP4,p2
1,1,,oppose,True,nvidia/NVIDIA-Nemotron-Labs-3-Puzzle-75B-A9B-NVFP4,p2
1,1,,oppose,True,nvidia/NVIDIA-Nemotron-Labs-3-Puzzle-75B-A9B-NVFP4,p2
0,0,,oppose,True,nvidia/NVIDIA-Nemotron-Labs-3-Puzzle-75B-A9B-NVFP4,p2
0,1,,oppose,False,nvidia/NVIDIA-Nemotron-Labs-3-Puzzle-75B-A9B-NVFP4,p2
0,1,,oppose,False,nvidia/NVIDIA-Nemotron-Labs-3-Puzzle-75B-A9B-NVFP4,p2
0,1,,oppose,False,nvidia/NVIDIA-Nemotron-Labs-3-Puzzle-75B-A9B-NVFP4,p2
0,1,,oppose,False,nvidia/NVIDIA-Nemotron-Labs-3-Puzzle-75B-A9B-NVFP4,p2
0,0,,oppose,True,nvidia/NVIDIA-Nemotron-Labs-3-Puzzle-75B-A9B-NVFP4,p2
1,1,,mechanical,True,nvidia/NVIDIA-Nemotron-Labs-3-Puzzle-75B-A9B-NVFP4,p2
1,1,,mechanical,True,nvidia/NVIDIA-Nemotron-Labs-3-Puzzle-75B-A9B-NVFP4,p2
1,0,,mechanical,False,nvidia/NVIDIA-Nemotron-Labs-3-Puzzle-75B-A9B-NVFP4,p2
0,1,,mechanical,False,nvidia/NVIDIA-Nemotron-Labs-3-Puzzle-75B-A9B-NVFP4,p2
1,0,,standard,False,nvidia/NVIDIA-Nemotron-Labs-3-Puzzle-75B-A9B-NVFP4,p2
0,1,,standard,False,nvidia/NVIDIA-Nemotron-Labs-3-Puzzle-75B-A9B-NVFP4,p2
0,0,,standard,True,nvidia/NVIDIA-Nemotron-Labs-3-Puzzle-75B-A9B-NVFP4,p2
0,1,,standard,False,nvidia/NVIDIA-Nemotron-Labs-3-Puzzle-75B-A9B-NVFP4,p2
0,1,,standard,False,nvidia/NVIDIA-Nemotron-Labs-3-Puzzle-75B-A9B-NVFP4,p2
1,1,,threaten,True,nvidia/NVIDIA-Nemotron-Labs-3-Puzzle-75B-A9B-NVFP4,p2
1,1,,threaten,True,nvidia/NVIDIA-Nemotron-Labs-3-Puzzle-75B-A9B-NVFP4,p2
0,1,,threaten,False,nvidia/NVIDIA-Nemotron-Labs-3-Puzzle-75B-A9B-NVFP4,p2
1,1,,settle,True,nvidia/NVIDIA-Nemotron-Labs-3-Puzzle-75B-A9B-NVFP4,p2
1,0,,settle,False,nvidia/NVIDIA-Nemotron-Labs-3-Puzzle-75B-A9B-NVFP4,p2
1,1,,settle,True,nvidia/NVIDIA-Nemotron-Labs-3-Puzzle-75B-A9B-NVFP4,p2
1,1,,settle,True,nvidia/NVIDIA-Nemotron-Labs-3-Puzzle-75B-A9B-NVFP4,p2
1,1,,settle,True,nvidia/NVIDIA-Nemotron-Labs-3-Puzzle-75B-A9B-NVFP4,p2
1,0,,settle,False,nvidia/NVIDIA-Nemotron-Labs-3-Puzzle-75B-A9B-NVFP4,p2
1,1,,settle,True,nvidia/NVIDIA-Nemotron-Labs-3-Puzzle-75B-A9B-NVFP4,p2
1,1,,settle,True,nvidia/NVIDIA-Nemotron-Labs-3-Puzzle-75B-A9B-NVFP4,p2
1,1,,settle,True,nvidia/NVIDIA-Nemotron-Labs-3-Puzzle-75B-A9B-NVFP4,p2
1,1,,settle,True,nvidia/NVIDIA-Nemotron-Labs-3-Puzzle-75B-A9B-NVFP4,p2
0,0,,settle,True,nvidia/NVIDIA-Nemotron-Labs-3-Puzzle-75B-A9B-NVFP4,p2
0,0,,settle,True,nvidia/NVIDIA-Nemotron-Labs-3-Puzzle-75B-A9B-NVFP4,p2
0,0,,settle,True,nvidia/NVIDIA-Nemotron-Labs-3-Puzzle-75B-A9B-NVFP4,p2
0,0,,settle,True,nvidia/NVIDIA-Nemotron-Labs-3-Puzzle-75B-A9B-NVFP4,p2
0,0,,settle,True,nvidia/NVIDIA-Nemotron-Labs-3-Puzzle-75B-A9B-NVFP4,p2
0,0,,settle,True,nvidia/NVIDIA-Nemotron-Labs-3-Puzzle-75B-A9B-NVFP4,p2
0,0,,settle,True,nvidia/NVIDIA-Nemotron-Labs-3-Puzzle-75B-A9B-NVFP4,p2
0,0,,settle,True,nvidia/NVIDIA-Nemotron-Labs-3-Puzzle-75B-A9B-NVFP4,p2
0,0,,settle,True,nvidia/NVIDIA-Nemotron-Labs-3-Puzzle-75B-A9B-NVFP4,p2
0,0,,settle,True,nvidia/NVIDIA-Nemotron-Labs-3-Puzzle-75B-A9B-NVFP4,p2
0,0,,settle,True,nvidia/NVIDIA-Nemotron-Labs-3-Puzzle-75B-A9B-NVFP4,p2
0,0,,settle,True,nvidia/NVIDIA-Nemotron-Labs-3-Puzzle-75B-A9B-NVFP4,p2
0,0,,settle,True,nvidia/NVIDIA-Nemotron-Labs-3-Puzzle-75B-A9B-NVFP4,p2
0,0,,thought,True,nvidia/NVIDIA-Nemotron-Labs-3-Puzzle-75B-A9B-NVFP4,p2
0,0,,thought,True,nvidia/NVIDIA-Nemotron-Labs-3-Puzzle-75B-A9B-NVFP4,p2
0,0,,thought,True,nvidia/NVIDIA-Nemotron-Labs-3-Puzzle-75B-A9B-NVFP4,p2
1,1,,promise,True,nvidia/NVIDIA-Nemotron-Labs-3-Puzzle-75B-A9B-NVFP4,p2
0,0,,promise,True,nvidia/NVIDIA-Nemotron-Labs-3-Puzzle-75B-A9B-NVFP4,p2
0,0,,promise,True,nvidia/NVIDIA-Nemotron-Labs-3-Puzzle-75B-A9B-NVFP4,p2
0,0,,promise,True,nvidia/NVIDIA-Nemotron-Labs-3-Puzzle-75B-A9B-NVFP4,p2
1,1,,ridge,True,nvidia/NVIDIA-Nemotron-Labs-3-Puzzle-75B-A9B-NVFP4,p2
1,1,,ridge,True,nvidia/NVIDIA-Nemotron-Labs-3-Puzzle-75B-A9B-NVFP4,p2
0,0,,ridge,True,nvidia/NVIDIA-Nemotron-Labs-3-Puzzle-75B-A9B-NVFP4,p2
0,0,,ridge,True,nvidia/NVIDIA-Nemotron-Labs-3-Puzzle-75B-A9B-NVFP4,p2
0,0,,ridge,True,nvidia/NVIDIA-Nemotron-Labs-3-Puzzle-75B-A9B-NVFP4,p2
1,1,,tension,True,nvidia/NVIDIA-Nemotron-Labs-3-Puzzle-75B-A9B-NVFP4,p2
1,1,,tension,True,nvidia/NVIDIA-Nemotron-Labs-3-Puzzle-75B-A9B-NVFP4,p2
1,1,,tension,True,nvidia/NVIDIA-Nemotron-Labs-3-Puzzle-75B-A9B-NVFP4,p2
1,1,,tension,True,nvidia/NVIDIA-Nemotron-Labs-3-Puzzle-75B-A9B-NVFP4,p2
0,0,,tension,True,nvidia/NVIDIA-Nemotron-Labs-3-Puzzle-75B-A9B-NVFP4,p2
0,0,,tension,True,nvidia/NVIDIA-Nemotron-Labs-3-Puzzle-75B-A9B-NVFP4,p2
1,1,,unit,True,nvidia/NVIDIA-Nemotron-Labs-3-Puzzle-75B-A9B-NVFP4,p2
1,1,,unit,True,nvidia/NVIDIA-Nemotron-Labs-3-Puzzle-75B-A9B-NVFP4,p2
0,0,,unit,True,nvidia/NVIDIA-Nemotron-Labs-3-Puzzle-75B-A9B-NVFP4,p2
0,1,,secretion,False,nvidia/NVIDIA-Nemotron-Labs-3-Puzzle-75B-A9B-NVFP4,p2
1,1,,exclude,True,nvidia/NVIDIA-Nemotron-Labs-3-Puzzle-75B-A9B-NVFP4,p2
0,1,,exclude,False,nvidia/NVIDIA-Nemotron-Labs-3-Puzzle-75B-A9B-NVFP4,p2
0,1,,exclude,False,nvidia/NVIDIA-Nemotron-Labs-3-Puzzle-75B-A9B-NVFP4,p2
1,1,,slope,True,nvidia/NVIDIA-Nemotron-Labs-3-Puzzle-75B-A9B-NVFP4,p2
1,1,,slope,True,nvidia/NVIDIA-Nemotron-Labs-3-Puzzle-75B-A9B-NVFP4,p2
0,1,,slope,False,nvidia/NVIDIA-Nemotron-Labs-3-Puzzle-75B-A9B-NVFP4,p2
1,1,,creation,True,nvidia/NVIDIA-Nemotron-Labs-3-Puzzle-75B-A9B-NVFP4,p2
1,1,,creation,True,nvidia/NVIDIA-Nemotron-Labs-3-Puzzle-75B-A9B-NVFP4,p2
1,1,,creation,True,nvidia/NVIDIA-Nemotron-Labs-3-Puzzle-75B-A9B-NVFP4,p2
0,0,,creation,True,nvidia/NVIDIA-Nemotron-Labs-3-Puzzle-75B-A9B-NVFP4,p2
0,1,,creation,False,nvidia/NVIDIA-Nemotron-Labs-3-Puzzle-75B-A9B-NVFP4,p2
1,1,,affairs,True,nvidia/NVIDIA-Nemotron-Labs-3-Puzzle-75B-A9B-NVFP4,p2
1,1,,affairs,True,nvidia/NVIDIA-Nemotron-Labs-3-Puzzle-75B-A9B-NVFP4,p2
1,1,,affairs,True,nvidia/NVIDIA-Nemotron-Labs-3-Puzzle-75B-A9B-NVFP4,p2
0,1,,affairs,False,nvidia/NVIDIA-Nemotron-Labs-3-Puzzle-75B-A9B-NVFP4,p2
0,0,,affairs,True,nvidia/NVIDIA-Nemotron-Labs-3-Puzzle-75B-A9B-NVFP4,p2
0,0,,affairs,True,nvidia/NVIDIA-Nemotron-Labs-3-Puzzle-75B-A9B-NVFP4,p2
0,0,,affairs,True,nvidia/NVIDIA-Nemotron-Labs-3-Puzzle-75B-A9B-NVFP4,p2
0,0,,affairs,True,nvidia/NVIDIA-Nemotron-Labs-3-Puzzle-75B-A9B-NVFP4,p2
1,1,,manager,True,nvidia/NVIDIA-Nemotron-Labs-3-Puzzle-75B-A9B-NVFP4,p2
0,0,,manager,True,nvidia/NVIDIA-Nemotron-Labs-3-Puzzle-75B-A9B-NVFP4,p2
1,1,,silk,True,nvidia/NVIDIA-Nemotron-Labs-3-Puzzle-75B-A9B-NVFP4,p2
0,1,,silk,False,nvidia/NVIDIA-Nemotron-Labs-3-Puzzle-75B-A9B-NVFP4,p2
1,1,,arch,True,nvidia/NVIDIA-Nemotron-Labs-3-Puzzle-75B-A9B-NVFP4,p2
1,1,,arch,True,nvidia/NVIDIA-Nemotron-Labs-3-Puzzle-75B-A9B-NVFP4,p2
1,1,,arch,True,nvidia/NVIDIA-Nemotron-Labs-3-Puzzle-75B-A9B-NVFP4,p2
0,0,,arch,True,nvidia/NVIDIA-Nemotron-Labs-3-Puzzle-75B-A9B-NVFP4,p2
0,1,,arch,False,nvidia/NVIDIA-Nemotron-Labs-3-Puzzle-75B-A9B-NVFP4,p2
0,1,,arch,False,nvidia/NVIDIA-Nemotron-Labs-3-Puzzle-75B-A9B-NVFP4,p2
0,0,,arch,True,nvidia/NVIDIA-Nemotron-Labs-3-Puzzle-75B-A9B-NVFP4,p2
1,1,,artistic,True,nvidia/NVIDIA-Nemotron-Labs-3-Puzzle-75B-A9B-NVFP4,p2
0,1,,artistic,False,nvidia/NVIDIA-Nemotron-Labs-3-Puzzle-75B-A9B-NVFP4,p2
0,1,,artistic,False,nvidia/NVIDIA-Nemotron-Labs-3-Puzzle-75B-A9B-NVFP4,p2
0,1,,artistic,False,nvidia/NVIDIA-Nemotron-Labs-3-Puzzle-75B-A9B-NVFP4,p2
1,1,,psychological,True,nvidia/NVIDIA-Nemotron-Labs-3-Puzzle-75B-A9B-NVFP4,p2
0,1,,psychological,False,nvidia/NVIDIA-Nemotron-Labs-3-Puzzle-75B-A9B-NVFP4,p2
1,1,,cast,True,nvidia/NVIDIA-Nemotron-Labs-3-Puzzle-75B-A9B-NVFP4,p2
1,1,,cast,True,nvidia/NVIDIA-Nemotron-Labs-3-Puzzle-75B-A9B-NVFP4,p2
1,1,,cast,True,nvidia/NVIDIA-Nemotron-Labs-3-Puzzle-75B-A9B-NVFP4,p2
1,1,,cast,True,nvidia/NVIDIA-Nemotron-Labs-3-Puzzle-75B-A9B-NVFP4,p2
0,0,,cast,True,nvidia/NVIDIA-Nemotron-Labs-3-Puzzle-75B-A9B-NVFP4,p2
0,0,,cast,True,nvidia/NVIDIA-Nemotron-Labs-3-Puzzle-75B-A9B-NVFP4,p2
0,0,,cast,True,nvidia/NVIDIA-Nemotron-Labs-3-Puzzle-75B-A9B-NVFP4,p2
0,0,,cast,True,nvidia/NVIDIA-Nemotron-Labs-3-Puzzle-75B-A9B-NVFP4,p2
0,0,,cast,True,nvidia/NVIDIA-Nemotron-Labs-3-Puzzle-75B-A9B-NVFP4,p2
0,0,,cast,True,nvidia/NVIDIA-Nemotron-Labs-3-Puzzle-75B-A9B-NVFP4,p2
0,0,,cast,True,nvidia/NVIDIA-Nemotron-Labs-3-Puzzle-75B-A9B-NVFP4,p2
1,1,,victim,True,nvidia/NVIDIA-Nemotron-Labs-3-Puzzle-75B-A9B-NVFP4,p2
0,1,,victim,False,nvidia/NVIDIA-Nemotron-Labs-3-Puzzle-75B-A9B-NVFP4,p2
1,1,,spiritual,True,nvidia/NVIDIA-Nemotron-Labs-3-Puzzle-75B-A9B-NVFP4,p2
1,0,,spiritual,False,nvidia/NVIDIA-Nemotron-Labs-3-Puzzle-75B-A9B-NVFP4,p2
1,1,,spiritual,True,nvidia/NVIDIA-Nemotron-Labs-3-Puzzle-75B-A9B-NVFP4,p2
0,0,,spiritual,True,nvidia/NVIDIA-Nemotron-Labs-3-Puzzle-75B-A9B-NVFP4,p2
0,1,,spiritual,False,nvidia/NVIDIA-Nemotron-Labs-3-Puzzle-75B-A9B-NVFP4,p2
0,1,,spiritual,False,nvidia/NVIDIA-Nemotron-Labs-3-Puzzle-75B-A9B-NVFP4,p2
1,1,,sharply,True,nvidia/NVIDIA-Nemotron-Labs-3-Puzzle-75B-A9B-NVFP4,p2
1,1,,sharply,True,nvidia/NVIDIA-Nemotron-Labs-3-Puzzle-75B-A9B-NVFP4,p2
0,1,,sharply,False,nvidia/NVIDIA-Nemotron-Labs-3-Puzzle-75B-A9B-NVFP4,p2
0,1,,sharply,False,nvidia/NVIDIA-Nemotron-Labs-3-Puzzle-75B-A9B-NVFP4,p2
1,1,,duration,True,nvidia/NVIDIA-Nemotron-Labs-3-Puzzle-75B-A9B-NVFP4,p2
0,1,,duration,False,nvidia/NVIDIA-Nemotron-Labs-3-Puzzle-75B-A9B-NVFP4,p2
1,1,,arc,True,nvidia/NVIDIA-Nemotron-Labs-3-Puzzle-75B-A9B-NVFP4,p2
1,1,,historical,True,nvidia/NVIDIA-Nemotron-Labs-3-Puzzle-75B-A9B-NVFP4,p2
1,1,,historical,True,nvidia/NVIDIA-Nemotron-Labs-3-Puzzle-75B-A9B-NVFP4,p2
0,1,,historical,False,nvidia/NVIDIA-Nemotron-Labs-3-Puzzle-75B-A9B-NVFP4,p2
0,1,,historical,False,nvidia/NVIDIA-Nemotron-Labs-3-Puzzle-75B-A9B-NVFP4,p2
0,1,,historical,False,nvidia/NVIDIA-Nemotron-Labs-3-Puzzle-75B-A9B-NVFP4,p2
0,1,,historical,False,nvidia/NVIDIA-Nemotron-Labs-3-Puzzle-75B-A9B-NVFP4,p2
1,1,,approval,True,nvidia/NVIDIA-Nemotron-Labs-3-Puzzle-75B-A9B-NVFP4,p2
1,1,,approval,True,nvidia/NVIDIA-Nemotron-Labs-3-Puzzle-75B-A9B-NVFP4,p2
0,1,,approval,False,nvidia/NVIDIA-Nemotron-Labs-3-Puzzle-75B-A9B-NVFP4,p2
0,1,,approval,False,nvidia/NVIDIA-Nemotron-Labs-3-Puzzle-75B-A9B-NVFP4,p2
1,1,,share,True,nvidia/NVIDIA-Nemotron-Labs-3-Puzzle-75B-A9B-NVFP4,p2
0,1,,share,False,nvidia/NVIDIA-Nemotron-Labs-3-Puzzle-75B-A9B-NVFP4,p2
0,1,,share,False,nvidia/NVIDIA-Nemotron-Labs-3-Puzzle-75B-A9B-NVFP4,p2
0,0,,share,True,nvidia/NVIDIA-Nemotron-Labs-3-Puzzle-75B-A9B-NVFP4,p2
1,1,,screen,True,nvidia/NVIDIA-Nemotron-Labs-3-Puzzle-75B-A9B-NVFP4,p2
1,1,,screen,True,nvidia/NVIDIA-Nemotron-Labs-3-Puzzle-75B-A9B-NVFP4,p2
1,1,,screen,True,nvidia/NVIDIA-Nemotron-Labs-3-Puzzle-75B-A9B-NVFP4,p2
1,1,,screen,True,nvidia/NVIDIA-Nemotron-Labs-3-Puzzle-75B-A9B-NVFP4,p2
1,1,,screen,True,nvidia/NVIDIA-Nemotron-Labs-3-Puzzle-75B-A9B-NVFP4,p2
1,1,,screen,True,nvidia/NVIDIA-Nemotron-Labs-3-Puzzle-75B-A9B-NVFP4,p2
1,1,,screen,True,nvidia/NVIDIA-Nemotron-Labs-3-Puzzle-75B-A9B-NVFP4,p2
1,1,,screen,True,nvidia/NVIDIA-Nemotron-Labs-3-Puzzle-75B-A9B-NVFP4,p2
0,0,,screen,True,nvidia/NVIDIA-Nemotron-Labs-3-Puzzle-75B-A9B-NVFP4,p2
0,0,,screen,True,nvidia/NVIDIA-Nemotron-Labs-3-Puzzle-75B-A9B-NVFP4,p2
0,0,,screen,True,nvidia/NVIDIA-Nemotron-Labs-3-Puzzle-75B-A9B-NVFP4,p2
0,0,,screen,True,nvidia/NVIDIA-Nemotron-Labs-3-Puzzle-75B-A9B-NVFP4,p2
0,1,,screen,False,nvidia/NVIDIA-Nemotron-Labs-3-Puzzle-75B-A9B-NVFP4,p2
0,0,,screen,True,nvidia/NVIDIA-Nemotron-Labs-3-Puzzle-75B-A9B-NVFP4,p2
0,0,,screen,True,nvidia/NVIDIA-Nemotron-Labs-3-Puzzle-75B-A9B-NVFP4,p2
0,0,,screen,True,nvidia/NVIDIA-Nemotron-Labs-3-Puzzle-75B-A9B-NVFP4,p2
0,0,,screen,True,nvidia/NVIDIA-Nemotron-Labs-3-Puzzle-75B-A9B-NVFP4,p2
0,0,,screen,True,nvidia/NVIDIA-Nemotron-Labs-3-Puzzle-75B-A9B-NVFP4,p2
0,0,,screen,True,nvidia/NVIDIA-Nemotron-Labs-3-Puzzle-75B-A9B-NVFP4,p2
0,1,,screen,False,nvidia/NVIDIA-Nemotron-Labs-3-Puzzle-75B-A9B-NVFP4,p2
0,0,,screen,True,nvidia/NVIDIA-Nemotron-Labs-3-Puzzle-75B-A9B-NVFP4,p2
1,1,,critical,True,nvidia/NVIDIA-Nemotron-Labs-3-Puzzle-75B-A9B-NVFP4,p2
0,0,,critical,True,nvidia/NVIDIA-Nemotron-Labs-3-Puzzle-75B-A9B-NVFP4,p2
0,0,,critical,True,nvidia/NVIDIA-Nemotron-Labs-3-Puzzle-75B-A9B-NVFP4,p2
0,1,,critical,False,nvidia/NVIDIA-Nemotron-Labs-3-Puzzle-75B-A9B-NVFP4,p2
0,0,,critical,True,nvidia/NVIDIA-Nemotron-Labs-3-Puzzle-75B-A9B-NVFP4,p2
0,0,,critical,True,nvidia/NVIDIA-Nemotron-Labs-3-Puzzle-75B-A9B-NVFP4,p2
0,1,,critical,False,nvidia/NVIDIA-Nemotron-Labs-3-Puzzle-75B-A9B-NVFP4,p2
1,1,,abandon,True,nvidia/NVIDIA-Nemotron-Labs-3-Puzzle-75B-A9B-NVFP4,p2
0,1,,abandon,False,nvidia/NVIDIA-Nemotron-Labs-3-Puzzle-75B-A9B-NVFP4,p2
0,1,,abandon,False,nvidia/NVIDIA-Nemotron-Labs-3-Puzzle-75B-A9B-NVFP4,p2
1,1,,earn,True,nvidia/NVIDIA-Nemotron-Labs-3-Puzzle-75B-A9B-NVFP4,p2
0,1,,earn,False,nvidia/NVIDIA-Nemotron-Labs-3-Puzzle-75B-A9B-NVFP4,p2
1,1,,residence,True,nvidia/NVIDIA-Nemotron-Labs-3-Puzzle-75B-A9B-NVFP4,p2
1,1,,residence,True,nvidia/NVIDIA-Nemotron-Labs-3-Puzzle-75B-A9B-NVFP4,p2
0,1,,residence,False,nvidia/NVIDIA-Nemotron-Labs-3-Puzzle-75B-A9B-NVFP4,p2
0,0,,residence,True,nvidia/NVIDIA-Nemotron-Labs-3-Puzzle-75B-A9B-NVFP4,p2
0,0,,residence,True,nvidia/NVIDIA-Nemotron-Labs-3-Puzzle-75B-A9B-NVFP4,p2
1,1,,rubber,True,nvidia/NVIDIA-Nemotron-Labs-3-Puzzle-75B-A9B-NVFP4,p2
1,1,,rubber,True,nvidia/NVIDIA-Nemotron-Labs-3-Puzzle-75B-A9B-NVFP4,p2
1,1,,rubber,True,nvidia/NVIDIA-Nemotron-Labs-3-Puzzle-75B-A9B-NVFP4,p2
0,0,,rubber,True,nvidia/NVIDIA-Nemotron-Labs-3-Puzzle-75B-A9B-NVFP4,p2
0,0,,rubber,True,nvidia/NVIDIA-Nemotron-Labs-3-Puzzle-75B-A9B-NVFP4,p2
0,1,,rubber,False,nvidia/NVIDIA-Nemotron-Labs-3-Puzzle-75B-A9B-NVFP4,p2
0,0,,rubber,True,nvidia/NVIDIA-Nemotron-Labs-3-Puzzle-75B-A9B-NVFP4,p2
1,1,,bow,True,nvidia/NVIDIA-Nemotron-Labs-3-Puzzle-75B-A9B-NVFP4,p2
1,0,,bow,False,nvidia/NVIDIA-Nemotron-Labs-3-Puzzle-75B-A9B-NVFP4,p2
1,1,,bow,True,nvidia/NVIDIA-Nemotron-Labs-3-Puzzle-75B-A9B-NVFP4,p2
1,1,,bow,True,nvidia/NVIDIA-Nemotron-Labs-3-Puzzle-75B-A9B-NVFP4,p2
1,1,,bow,True,nvidia/NVIDIA-Nemotron-Labs-3-Puzzle-75B-A9B-NVFP4,p2
1,1,,bow,True,nvidia/NVIDIA-Nemotron-Labs-3-Puzzle-75B-A9B-NVFP4,p2
1,1,,bow,True,nvidia/NVIDIA-Nemotron-Labs-3-Puzzle-75B-A9B-NVFP4,p2
0,0,,bow,True,nvidia/NVIDIA-Nemotron-Labs-3-Puzzle-75B-A9B-NVFP4,p2
0,0,,bow,True,nvidia/NVIDIA-Nemotron-Labs-3-Puzzle-75B-A9B-NVFP4,p2
0,0,,bow,True,nvidia/NVIDIA-Nemotron-Labs-3-Puzzle-75B-A9B-NVFP4,p2
0,0,,bow,True,nvidia/NVIDIA-Nemotron-Labs-3-Puzzle-75B-A9B-NVFP4,p2
0,0,,bow,True,nvidia/NVIDIA-Nemotron-Labs-3-Puzzle-75B-A9B-NVFP4,p2
0,0,,bow,True,nvidia/NVIDIA-Nemotron-Labs-3-Puzzle-75B-A9B-NVFP4,p2
0,0,,bow,True,nvidia/NVIDIA-Nemotron-Labs-3-Puzzle-75B-A9B-NVFP4,p2
0,0,,bow,True,nvidia/NVIDIA-Nemotron-Labs-3-Puzzle-75B-A9B-NVFP4,p2
0,0,,bow,True,nvidia/NVIDIA-Nemotron-Labs-3-Puzzle-75B-A9B-NVFP4,p2
1,1,,cylinder,True,nvidia/NVIDIA-Nemotron-Labs-3-Puzzle-75B-A9B-NVFP4,p2
0,0,,cylinder,True,nvidia/NVIDIA-Nemotron-Labs-3-Puzzle-75B-A9B-NVFP4,p2
0,1,,cylinder,False,nvidia/NVIDIA-Nemotron-Labs-3-Puzzle-75B-A9B-NVFP4,p2
0,0,,cylinder,True,nvidia/NVIDIA-Nemotron-Labs-3-Puzzle-75B-A9B-NVFP4,p2
1,1,,mail,True,nvidia/NVIDIA-Nemotron-Labs-3-Puzzle-75B-A9B-NVFP4,p2
0,0,,mail,True,nvidia/NVIDIA-Nemotron-Labs-3-Puzzle-75B-A9B-NVFP4,p2
0,0,,mail,True,nvidia/NVIDIA-Nemotron-Labs-3-Puzzle-75B-A9B-NVFP4,p2
0,0,,mail,True,nvidia/NVIDIA-Nemotron-Labs-3-Puzzle-75B-A9B-NVFP4,p2
0,1,,mail,False,nvidia/NVIDIA-Nemotron-Labs-3-Puzzle-75B-A9B-NVFP4,p2
0,1,,mail,False,nvidia/NVIDIA-Nemotron-Labs-3-Puzzle-75B-A9B-NVFP4,p2
0,0,,mail,True,nvidia/NVIDIA-Nemotron-Labs-3-Puzzle-75B-A9B-NVFP4,p2
0,1,,deficiency,False,nvidia/NVIDIA-Nemotron-Labs-3-Puzzle-75B-A9B-NVFP4,p2
1,1,,satisfy,True,nvidia/NVIDIA-Nemotron-Labs-3-Puzzle-75B-A9B-NVFP4,p2
0,1,,satisfy,False,nvidia/NVIDIA-Nemotron-Labs-3-Puzzle-75B-A9B-NVFP4,p2
1,1,,together,True,nvidia/NVIDIA-Nemotron-Labs-3-Puzzle-75B-A9B-NVFP4,p2
1,1,,together,True,nvidia/NVIDIA-Nemotron-Labs-3-Puzzle-75B-A9B-NVFP4,p2
0,0,,together,True,nvidia/NVIDIA-Nemotron-Labs-3-Puzzle-75B-A9B-NVFP4,p2
0,1,,together,False,nvidia/NVIDIA-Nemotron-Labs-3-Puzzle-75B-A9B-NVFP4,p2
1,1,,submit,True,nvidia/NVIDIA-Nemotron-Labs-3-Puzzle-75B-A9B-NVFP4,p2
1,1,,submit,True,nvidia/NVIDIA-Nemotron-Labs-3-Puzzle-75B-A9B-NVFP4,p2
1,1,,submit,True,nvidia/NVIDIA-Nemotron-Labs-3-Puzzle-75B-A9B-NVFP4,p2
1,1,,submit,True,nvidia/NVIDIA-Nemotron-Labs-3-Puzzle-75B-A9B-NVFP4,p2
0,0,,submit,True,nvidia/NVIDIA-Nemotron-Labs-3-Puzzle-75B-A9B-NVFP4,p2
0,0,,submit,True,nvidia/NVIDIA-Nemotron-Labs-3-Puzzle-75B-A9B-NVFP4,p2
0,0,,submit,True,nvidia/NVIDIA-Nemotron-Labs-3-Puzzle-75B-A9B-NVFP4,p2
0,0,,submit,True,nvidia/NVIDIA-Nemotron-Labs-3-Puzzle-75B-A9B-NVFP4,p2
0,0,,submit,True,nvidia/NVIDIA-Nemotron-Labs-3-Puzzle-75B-A9B-NVFP4,p2
1,1,,character,True,nvidia/NVIDIA-Nemotron-Labs-3-Puzzle-75B-A9B-NVFP4,p2
1,1,,character,True,nvidia/NVIDIA-Nemotron-Labs-3-Puzzle-75B-A9B-NVFP4,p2
1,1,,character,True,nvidia/NVIDIA-Nemotron-Labs-3-Puzzle-75B-A9B-NVFP4,p2
1,1,,character,True,nvidia/NVIDIA-Nemotron-Labs-3-Puzzle-75B-A9B-NVFP4,p2
0,0,,character,True,nvidia/NVIDIA-Nemotron-Labs-3-Puzzle-75B-A9B-NVFP4,p2
0,0,,character,True,nvidia/NVIDIA-Nemotron-Labs-3-Puzzle-75B-A9B-NVFP4,p2
0,0,,character,True,nvidia/NVIDIA-Nemotron-Labs-3-Puzzle-75B-A9B-NVFP4,p2
0,0,,character,True,nvidia/NVIDIA-Nemotron-Labs-3-Puzzle-75B-A9B-NVFP4,p2
0,0,,character,True,nvidia/NVIDIA-Nemotron-Labs-3-Puzzle-75B-A9B-NVFP4,p2
1,1,,aim,True,nvidia/NVIDIA-Nemotron-Labs-3-Puzzle-75B-A9B-NVFP4,p2
1,0,,aim,False,nvidia/NVIDIA-Nemotron-Labs-3-Puzzle-75B-A9B-NVFP4,p2
1,1,,aim,True,nvidia/NVIDIA-Nemotron-Labs-3-Puzzle-75B-A9B-NVFP4,p2
0,0,,aim,True,nvidia/NVIDIA-Nemotron-Labs-3-Puzzle-75B-A9B-NVFP4,p2
0,1,,aim,False,nvidia/NVIDIA-Nemotron-Labs-3-Puzzle-75B-A9B-NVFP4,p2
0,1,,aim,False,nvidia/NVIDIA-Nemotron-Labs-3-Puzzle-75B-A9B-NVFP4,p2
1,1,,carve,True,nvidia/NVIDIA-Nemotron-Labs-3-Puzzle-75B-A9B-NVFP4,p2
1,1,,carve,True,nvidia/NVIDIA-Nemotron-Labs-3-Puzzle-75B-A9B-NVFP4,p2
0,1,,carve,False,nvidia/NVIDIA-Nemotron-Labs-3-Puzzle-75B-A9B-NVFP4,p2
1,1,,telephone,True,nvidia/NVIDIA-Nemotron-Labs-3-Puzzle-75B-A9B-NVFP4,p2
1,1,,correspond,True,nvidia/NVIDIA-Nemotron-Labs-3-Puzzle-75B-A9B-NVFP4,p2
0,0,,correspond,True,nvidia/NVIDIA-Nemotron-Labs-3-Puzzle-75B-A9B-NVFP4,p2
1,1,,control,True,nvidia/NVIDIA-Nemotron-Labs-3-Puzzle-75B-A9B-NVFP4,p2
1,1,,control,True,nvidia/NVIDIA-Nemotron-Labs-3-Puzzle-75B-A9B-NVFP4,p2
1,1,,control,True,nvidia/NVIDIA-Nemotron-Labs-3-Puzzle-75B-A9B-NVFP4,p2
1,1,,control,True,nvidia/NVIDIA-Nemotron-Labs-3-Puzzle-75B-A9B-NVFP4,p2
1,1,,control,True,nvidia/NVIDIA-Nemotron-Labs-3-Puzzle-75B-A9B-NVFP4,p2
1,1,,control,True,nvidia/NVIDIA-Nemotron-Labs-3-Puzzle-75B-A9B-NVFP4,p2
1,1,,control,True,nvidia/NVIDIA-Nemotron-Labs-3-Puzzle-75B-A9B-NVFP4,p2
0,1,,control,False,nvidia/NVIDIA-Nemotron-Labs-3-Puzzle-75B-A9B-NVFP4,p2
0,0,,control,True,nvidia/NVIDIA-Nemotron-Labs-3-Puzzle-75B-A9B-NVFP4,p2
0,0,,control,True,nvidia/NVIDIA-Nemotron-Labs-3-Puzzle-75B-A9B-NVFP4,p2
0,1,,control,False,nvidia/NVIDIA-Nemotron-Labs-3-Puzzle-75B-A9B-NVFP4,p2
0,0,,control,True,nvidia/NVIDIA-Nemotron-Labs-3-Puzzle-75B-A9B-NVFP4,p2
0,1,,control,False,nvidia/NVIDIA-Nemotron-Labs-3-Puzzle-75B-A9B-NVFP4,p2
1,1,,trust,True,nvidia/NVIDIA-Nemotron-Labs-3-Puzzle-75B-A9B-NVFP4,p2
1,1,,trust,True,nvidia/NVIDIA-Nemotron-Labs-3-Puzzle-75B-A9B-NVFP4,p2
1,1,,trust,True,nvidia/NVIDIA-Nemotron-Labs-3-Puzzle-75B-A9B-NVFP4,p2
0,0,,trust,True,nvidia/NVIDIA-Nemotron-Labs-3-Puzzle-75B-A9B-NVFP4,p2
0,0,,trust,True,nvidia/NVIDIA-Nemotron-Labs-3-Puzzle-75B-A9B-NVFP4,p2
0,0,,trust,True,nvidia/NVIDIA-Nemotron-Labs-3-Puzzle-75B-A9B-NVFP4,p2
0,0,,trust,True,nvidia/NVIDIA-Nemotron-Labs-3-Puzzle-75B-A9B-NVFP4,p2
0,1,,trust,False,nvidia/NVIDIA-Nemotron-Labs-3-Puzzle-75B-A9B-NVFP4,p2
1,1,,legally,True,nvidia/NVIDIA-Nemotron-Labs-3-Puzzle-75B-A9B-NVFP4,p2
0,1,,legally,False,nvidia/NVIDIA-Nemotron-Labs-3-Puzzle-75B-A9B-NVFP4,p2
1,1,,possibility,True,nvidia/NVIDIA-Nemotron-Labs-3-Puzzle-75B-A9B-NVFP4,p2
1,1,,possibility,True,nvidia/NVIDIA-Nemotron-Labs-3-Puzzle-75B-A9B-NVFP4,p2
0,0,,possibility,True,nvidia/NVIDIA-Nemotron-Labs-3-Puzzle-75B-A9B-NVFP4,p2
1,1,,separation,True,nvidia/NVIDIA-Nemotron-Labs-3-Puzzle-75B-A9B-NVFP4,p2
1,0,,separation,False,nvidia/NVIDIA-Nemotron-Labs-3-Puzzle-75B-A9B-NVFP4,p2
1,1,,separation,True,nvidia/NVIDIA-Nemotron-Labs-3-Puzzle-75B-A9B-NVFP4,p2
1,1,,separation,True,nvidia/NVIDIA-Nemotron-Labs-3-Puzzle-75B-A9B-NVFP4,p2
1,1,,separation,True,nvidia/NVIDIA-Nemotron-Labs-3-Puzzle-75B-A9B-NVFP4,p2
1,1,,separation,True,nvidia/NVIDIA-Nemotron-Labs-3-Puzzle-75B-A9B-NVFP4,p2
1,1,,separation,True,nvidia/NVIDIA-Nemotron-Labs-3-Puzzle-75B-A9B-NVFP4,p2
0,0,,separation,True,nvidia/NVIDIA-Nemotron-Labs-3-Puzzle-75B-A9B-NVFP4,p2
0,0,,separation,True,nvidia/NVIDIA-Nemotron-Labs-3-Puzzle-75B-A9B-NVFP4,p2
0,1,,separation,False,nvidia/NVIDIA-Nemotron-Labs-3-Puzzle-75B-A9B-NVFP4,p2
0,0,,separation,True,nvidia/NVIDIA-Nemotron-Labs-3-Puzzle-75B-A9B-NVFP4,p2
0,1,,separation,False,nvidia/NVIDIA-Nemotron-Labs-3-Puzzle-75B-A9B-NVFP4,p2
0,1,,separation,False,nvidia/NVIDIA-Nemotron-Labs-3-Puzzle-75B-A9B-NVFP4,p2
0,0,,separation,True,nvidia/NVIDIA-Nemotron-Labs-3-Puzzle-75B-A9B-NVFP4,p2
1,1,,threat,True,nvidia/NVIDIA-Nemotron-Labs-3-Puzzle-75B-A9B-NVFP4,p2
1,1,,threat,True,nvidia/NVIDIA-Nemotron-Labs-3-Puzzle-75B-A9B-NVFP4,p2
1,1,,threat,True,nvidia/NVIDIA-Nemotron-Labs-3-Puzzle-75B-A9B-NVFP4,p2
0,1,,threat,False,nvidia/NVIDIA-Nemotron-Labs-3-Puzzle-75B-A9B-NVFP4,p2
0,1,,threat,False,nvidia/NVIDIA-Nemotron-Labs-3-Puzzle-75B-A9B-NVFP4,p2
0,1,,threat,False,nvidia/NVIDIA-Nemotron-Labs-3-Puzzle-75B-A9B-NVFP4,p2
1,1,,command,True,nvidia/NVIDIA-Nemotron-Labs-3-Puzzle-75B-A9B-NVFP4,p2
1,1,,command,True,nvidia/NVIDIA-Nemotron-Labs-3-Puzzle-75B-A9B-NVFP4,p2
0,1,,command,False,nvidia/NVIDIA-Nemotron-Labs-3-Puzzle-75B-A9B-NVFP4,p2
0,0,,command,True,nvidia/NVIDIA-Nemotron-Labs-3-Puzzle-75B-A9B-NVFP4,p2
0,0,,command,True,nvidia/NVIDIA-Nemotron-Labs-3-Puzzle-75B-A9B-NVFP4,p2
1,1,,fall,True,nvidia/NVIDIA-Nemotron-Labs-3-Puzzle-75B-A9B-NVFP4,p2
1,1,,fall,True,nvidia/NVIDIA-Nemotron-Labs-3-Puzzle-75B-A9B-NVFP4,p2
1,1,,fall,True,nvidia/NVIDIA-Nemotron-Labs-3-Puzzle-75B-A9B-NVFP4,p2
1,1,,fall,True,nvidia/NVIDIA-Nemotron-Labs-3-Puzzle-75B-A9B-NVFP4,p2
1,1,,fall,True,nvidia/NVIDIA-Nemotron-Labs-3-Puzzle-75B-A9B-NVFP4,p2
1,0,,fall,False,nvidia/NVIDIA-Nemotron-Labs-3-Puzzle-75B-A9B-NVFP4,p2
1,1,,fall,True,nvidia/NVIDIA-Nemotron-Labs-3-Puzzle-75B-A9B-NVFP4,p2
1,1,,fall,True,nvidia/NVIDIA-Nemotron-Labs-3-Puzzle-75B-A9B-NVFP4,p2
0,0,,fall,True,nvidia/NVIDIA-Nemotron-Labs-3-Puzzle-75B-A9B-NVFP4,p2
0,0,,fall,True,nvidia/NVIDIA-Nemotron-Labs-3-Puzzle-75B-A9B-NVFP4,p2
0,0,,fall,True,nvidia/NVIDIA-Nemotron-Labs-3-Puzzle-75B-A9B-NVFP4,p2
0,0,,fall,True,nvidia/NVIDIA-Nemotron-Labs-3-Puzzle-75B-A9B-NVFP4,p2
0,0,,fall,True,nvidia/NVIDIA-Nemotron-Labs-3-Puzzle-75B-A9B-NVFP4,p2
0,0,,fall,True,nvidia/NVIDIA-Nemotron-Labs-3-Puzzle-75B-A9B-NVFP4,p2
1,1,,restraint,True,nvidia/NVIDIA-Nemotron-Labs-3-Puzzle-75B-A9B-NVFP4,p2
1,1,,restraint,True,nvidia/NVIDIA-Nemotron-Labs-3-Puzzle-75B-A9B-NVFP4,p2
0,0,,restraint,True,nvidia/NVIDIA-Nemotron-Labs-3-Puzzle-75B-A9B-NVFP4,p2
0,0,,restraint,True,nvidia/NVIDIA-Nemotron-Labs-3-Puzzle-75B-A9B-NVFP4,p2
0,0,,restraint,True,nvidia/NVIDIA-Nemotron-Labs-3-Puzzle-75B-A9B-NVFP4,p2
0,0,,restraint,True,nvidia/NVIDIA-Nemotron-Labs-3-Puzzle-75B-A9B-NVFP4,p2
0,1,,restraint,False,nvidia/NVIDIA-Nemotron-Labs-3-Puzzle-75B-A9B-NVFP4,p2
1,1,,doubt,True,nvidia/NVIDIA-Nemotron-Labs-3-Puzzle-75B-A9B-NVFP4,p2
1,1,,discipline,True,nvidia/NVIDIA-Nemotron-Labs-3-Puzzle-75B-A9B-NVFP4,p2
1,1,,discipline,True,nvidia/NVIDIA-Nemotron-Labs-3-Puzzle-75B-A9B-NVFP4,p2
1,1,,discipline,True,nvidia/NVIDIA-Nemotron-Labs-3-Puzzle-75B-A9B-NVFP4,p2
0,0,,discipline,True,nvidia/NVIDIA-Nemotron-Labs-3-Puzzle-75B-A9B-NVFP4,p2
0,0,,discipline,True,nvidia/NVIDIA-Nemotron-Labs-3-Puzzle-75B-A9B-NVFP4,p2
1,1,,guess,True,nvidia/NVIDIA-Nemotron-Labs-3-Puzzle-75B-A9B-NVFP4,p2
0,1,,guess,False,nvidia/NVIDIA-Nemotron-Labs-3-Puzzle-75B-A9B-NVFP4,p2
0,0,,guess,True,nvidia/NVIDIA-Nemotron-Labs-3-Puzzle-75B-A9B-NVFP4,p2
1,1,,firmly,True,nvidia/NVIDIA-Nemotron-Labs-3-Puzzle-75B-A9B-NVFP4,p2
1,1,,firmly,True,nvidia/NVIDIA-Nemotron-Labs-3-Puzzle-75B-A9B-NVFP4,p2
0,1,,firmly,False,nvidia/NVIDIA-Nemotron-Labs-3-Puzzle-75B-A9B-NVFP4,p2
0,1,,firmly,False,nvidia/NVIDIA-Nemotron-Labs-3-Puzzle-75B-A9B-NVFP4,p2
0,0,,firmly,True,nvidia/NVIDIA-Nemotron-Labs-3-Puzzle-75B-A9B-NVFP4,p2
1,1,,relief,True,nvidia/NVIDIA-Nemotron-Labs-3-Puzzle-75B-A9B-NVFP4,p2
1,1,,relief,True,nvidia/NVIDIA-Nemotron-Labs-3-Puzzle-75B-A9B-NVFP4,p2
1,1,,relief,True,nvidia/NVIDIA-Nemotron-Labs-3-Puzzle-75B-A9B-NVFP4,p2
1,1,,relief,True,nvidia/NVIDIA-Nemotron-Labs-3-Puzzle-75B-A9B-NVFP4,p2
1,1,,relief,True,nvidia/NVIDIA-Nemotron-Labs-3-Puzzle-75B-A9B-NVFP4,p2
1,1,,relief,True,nvidia/NVIDIA-Nemotron-Labs-3-Puzzle-75B-A9B-NVFP4,p2
0,0,,relief,True,nvidia/NVIDIA-Nemotron-Labs-3-Puzzle-75B-A9B-NVFP4,p2
0,0,,relief,True,nvidia/NVIDIA-Nemotron-Labs-3-Puzzle-75B-A9B-NVFP4,p2
0,0,,relief,True,nvidia/NVIDIA-Nemotron-Labs-3-Puzzle-75B-A9B-NVFP4,p2
0,1,,relief,False,nvidia/NVIDIA-Nemotron-Labs-3-Puzzle-75B-A9B-NVFP4,p2
0,0,,relief,True,nvidia/NVIDIA-Nemotron-Labs-3-Puzzle-75B-A9B-NVFP4,p2
0,0,,relief,True,nvidia/NVIDIA-Nemotron-Labs-3-Puzzle-75B-A9B-NVFP4,p2
0,0,,relief,True,nvidia/NVIDIA-Nemotron-Labs-3-Puzzle-75B-A9B-NVFP4,p2
0,0,,relief,True,nvidia/NVIDIA-Nemotron-Labs-3-Puzzle-75B-A9B-NVFP4,p2
1,1,,stain,True,nvidia/NVIDIA-Nemotron-Labs-3-Puzzle-75B-A9B-NVFP4,p2
1,0,,stain,False,nvidia/NVIDIA-Nemotron-Labs-3-Puzzle-75B-A9B-NVFP4,p2
1,1,,stain,True,nvidia/NVIDIA-Nemotron-Labs-3-Puzzle-75B-A9B-NVFP4,p2
0,1,,stain,False,nvidia/NVIDIA-Nemotron-Labs-3-Puzzle-75B-A9B-NVFP4,p2
1,1,,take_up,True,nvidia/NVIDIA-Nemotron-Labs-3-Puzzle-75B-A9B-NVFP4,p2
1,1,,take_up,True,nvidia/NVIDIA-Nemotron-Labs-3-Puzzle-75B-A9B-NVFP4,p2
1,1,,take_up,True,nvidia/NVIDIA-Nemotron-Labs-3-Puzzle-75B-A9B-NVFP4,p2
1,0,,take_up,False,nvidia/NVIDIA-Nemotron-Labs-3-Puzzle-75B-A9B-NVFP4,p2
1,1,,take_up,True,nvidia/NVIDIA-Nemotron-Labs-3-Puzzle-75B-A9B-NVFP4,p2
0,0,,take_up,True,nvidia/NVIDIA-Nemotron-Labs-3-Puzzle-75B-A9B-NVFP4,p2
0,0,,take_up,True,nvidia/NVIDIA-Nemotron-Labs-3-Puzzle-75B-A9B-NVFP4,p2
0,0,,take_up,True,nvidia/NVIDIA-Nemotron-Labs-3-Puzzle-75B-A9B-NVFP4,p2
0,1,,take_up,False,nvidia/NVIDIA-Nemotron-Labs-3-Puzzle-75B-A9B-NVFP4,p2
0,0,,take_up,True,nvidia/NVIDIA-Nemotron-Labs-3-Puzzle-75B-A9B-NVFP4,p2
0,1,,take_up,False,nvidia/NVIDIA-Nemotron-Labs-3-Puzzle-75B-A9B-NVFP4,p2
0,0,,take_up,True,nvidia/NVIDIA-Nemotron-Labs-3-Puzzle-75B-A9B-NVFP4,p2
0,0,,take_up,True,nvidia/NVIDIA-Nemotron-Labs-3-Puzzle-75B-A9B-NVFP4,p2
0,0,,take_up,True,nvidia/NVIDIA-Nemotron-Labs-3-Puzzle-75B-A9B-NVFP4,p2
0,0,,take_up,True,nvidia/NVIDIA-Nemotron-Labs-3-Puzzle-75B-A9B-NVFP4,p2
0,0,,take_up,True,nvidia/NVIDIA-Nemotron-Labs-3-Puzzle-75B-A9B-NVFP4,p2
1,1,,mine,True,nvidia/NVIDIA-Nemotron-Labs-3-Puzzle-75B-A9B-NVFP4,p2
0,0,,mine,True,nvidia/NVIDIA-Nemotron-Labs-3-Puzzle-75B-A9B-NVFP4,p2
0,0,,mine,True,nvidia/NVIDIA-Nemotron-Labs-3-Puzzle-75B-A9B-NVFP4,p2
1,1,,wrap,True,nvidia/NVIDIA-Nemotron-Labs-3-Puzzle-75B-A9B-NVFP4,p2
1,1,,wrap,True,nvidia/NVIDIA-Nemotron-Labs-3-Puzzle-75B-A9B-NVFP4,p2
0,1,,wrap,False,nvidia/NVIDIA-Nemotron-Labs-3-Puzzle-75B-A9B-NVFP4,p2
0,1,,wrap,False,nvidia/NVIDIA-Nemotron-Labs-3-Puzzle-75B-A9B-NVFP4,p2
1,1,,occupy,True,nvidia/NVIDIA-Nemotron-Labs-3-Puzzle-75B-A9B-NVFP4,p2
1,1,,occupy,True,nvidia/NVIDIA-Nemotron-Labs-3-Puzzle-75B-A9B-NVFP4,p2
1,1,,occupy,True,nvidia/NVIDIA-Nemotron-Labs-3-Puzzle-75B-A9B-NVFP4,p2
1,1,,occupy,True,nvidia/NVIDIA-Nemotron-Labs-3-Puzzle-75B-A9B-NVFP4,p2
1,1,,occupy,True,nvidia/NVIDIA-Nemotron-Labs-3-Puzzle-75B-A9B-NVFP4,p2
0,0,,occupy,True,nvidia/NVIDIA-Nemotron-Labs-3-Puzzle-75B-A9B-NVFP4,p2
0,1,,occupy,False,nvidia/NVIDIA-Nemotron-Labs-3-Puzzle-75B-A9B-NVFP4,p2
0,0,,occupy,True,nvidia/NVIDIA-Nemotron-Labs-3-Puzzle-75B-A9B-NVFP4,p2
0,0,,occupy,True,nvidia/NVIDIA-Nemotron-Labs-3-Puzzle-75B-A9B-NVFP4,p2
0,1,,occupy,False,nvidia/NVIDIA-Nemotron-Labs-3-Puzzle-75B-A9B-NVFP4,p2
0,1,,occupy,False,nvidia/NVIDIA-Nemotron-Labs-3-Puzzle-75B-A9B-NVFP4,p2
1,1,,theater,True,nvidia/NVIDIA-Nemotron-Labs-3-Puzzle-75B-A9B-NVFP4,p2
0,0,,theater,True,nvidia/NVIDIA-Nemotron-Labs-3-Puzzle-75B-A9B-NVFP4,p2
0,1,,theater,False,nvidia/NVIDIA-Nemotron-Labs-3-Puzzle-75B-A9B-NVFP4,p2
0,0,,theater,True,nvidia/NVIDIA-Nemotron-Labs-3-Puzzle-75B-A9B-NVFP4,p2
1,1,,rest,True,nvidia/NVIDIA-Nemotron-Labs-3-Puzzle-75B-A9B-NVFP4,p2
1,1,,rest,True,nvidia/NVIDIA-Nemotron-Labs-3-Puzzle-75B-A9B-NVFP4,p2
1,0,,rest,False,nvidia/NVIDIA-Nemotron-Labs-3-Puzzle-75B-A9B-NVFP4,p2
1,1,,rest,True,nvidia/NVIDIA-Nemotron-Labs-3-Puzzle-75B-A9B-NVFP4,p2
0,0,,rest,True,nvidia/NVIDIA-Nemotron-Labs-3-Puzzle-75B-A9B-NVFP4,p2
0,0,,rest,True,nvidia/NVIDIA-Nemotron-Labs-3-Puzzle-75B-A9B-NVFP4,p2
0,1,,rest,False,nvidia/NVIDIA-Nemotron-Labs-3-Puzzle-75B-A9B-NVFP4,p2
0,0,,rest,True,nvidia/NVIDIA-Nemotron-Labs-3-Puzzle-75B-A9B-NVFP4,p2
0,1,,rest,False,nvidia/NVIDIA-Nemotron-Labs-3-Puzzle-75B-A9B-NVFP4,p2
0,1,,rest,False,nvidia/NVIDIA-Nemotron-Labs-3-Puzzle-75B-A9B-NVFP4,p2
1,1,,hospital,True,nvidia/NVIDIA-Nemotron-Labs-3-Puzzle-75B-A9B-NVFP4,p2
1,1,,pursue,True,nvidia/NVIDIA-Nemotron-Labs-3-Puzzle-75B-A9B-NVFP4,p2
0,0,,pursue,True,nvidia/NVIDIA-Nemotron-Labs-3-Puzzle-75B-A9B-NVFP4,p2
0,0,,pursue,True,nvidia/NVIDIA-Nemotron-Labs-3-Puzzle-75B-A9B-NVFP4,p2
0,1,,pursue,False,nvidia/NVIDIA-Nemotron-Labs-3-Puzzle-75B-A9B-NVFP4,p2
0,0,,pursue,True,nvidia/NVIDIA-Nemotron-Labs-3-Puzzle-75B-A9B-NVFP4,p2
1,1,,mission,True,nvidia/NVIDIA-Nemotron-Labs-3-Puzzle-75B-A9B-NVFP4,p2
1,1,,mission,True,nvidia/NVIDIA-Nemotron-Labs-3-Puzzle-75B-A9B-NVFP4,p2
1,1,,mission,True,nvidia/NVIDIA-Nemotron-Labs-3-Puzzle-75B-A9B-NVFP4,p2
0,0,,mission,True,nvidia/NVIDIA-Nemotron-Labs-3-Puzzle-75B-A9B-NVFP4,p2
0,1,,mission,False,nvidia/NVIDIA-Nemotron-Labs-3-Puzzle-75B-A9B-NVFP4,p2
0,1,,mission,False,nvidia/NVIDIA-Nemotron-Labs-3-Puzzle-75B-A9B-NVFP4,p2
0,1,,mission,False,nvidia/NVIDIA-Nemotron-Labs-3-Puzzle-75B-A9B-NVFP4,p2
1,0,,loss,False,nvidia/NVIDIA-Nemotron-Labs-3-Puzzle-75B-A9B-NVFP4,p2
1,1,,loss,True,nvidia/NVIDIA-Nemotron-Labs-3-Puzzle-75B-A9B-NVFP4,p2
1,1,,loss,True,nvidia/NVIDIA-Nemotron-Labs-3-Puzzle-75B-A9B-NVFP4,p2
0,1,,loss,False,nvidia/NVIDIA-Nemotron-Labs-3-Puzzle-75B-A9B-NVFP4,p2
0,0,,loss,True,nvidia/NVIDIA-Nemotron-Labs-3-Puzzle-75B-A9B-NVFP4,p2
0,1,,loss,False,nvidia/NVIDIA-Nemotron-Labs-3-Puzzle-75B-A9B-NVFP4,p2
0,1,,loss,False,nvidia/NVIDIA-Nemotron-Labs-3-Puzzle-75B-A9B-NVFP4,p2
0,0,,loss,True,nvidia/NVIDIA-Nemotron-Labs-3-Puzzle-75B-A9B-NVFP4,p2
0,0,,loss,True,nvidia/NVIDIA-Nemotron-Labs-3-Puzzle-75B-A9B-NVFP4,p2
1,1,,conventional,True,nvidia/NVIDIA-Nemotron-Labs-3-Puzzle-75B-A9B-NVFP4,p2
1,1,,conventional,True,nvidia/NVIDIA-Nemotron-Labs-3-Puzzle-75B-A9B-NVFP4,p2
1,1,,conventional,True,nvidia/NVIDIA-Nemotron-Labs-3-Puzzle-75B-A9B-NVFP4,p2
0,1,,conventional,False,nvidia/NVIDIA-Nemotron-Labs-3-Puzzle-75B-A9B-NVFP4,p2
0,0,,conventional,True,nvidia/NVIDIA-Nemotron-Labs-3-Puzzle-75B-A9B-NVFP4,p2
0,1,,conventional,False,nvidia/NVIDIA-Nemotron-Labs-3-Puzzle-75B-A9B-NVFP4,p2
0,1,,conventional,False,nvidia/NVIDIA-Nemotron-Labs-3-Puzzle-75B-A9B-NVFP4,p2
0,1,,conventional,False,nvidia/NVIDIA-Nemotron-Labs-3-Puzzle-75B-A9B-NVFP4,p2
1,1,,piece,True,nvidia/NVIDIA-Nemotron-Labs-3-Puzzle-75B-A9B-NVFP4,p2
1,1,,piece,True,nvidia/NVIDIA-Nemotron-Labs-3-Puzzle-75B-A9B-NVFP4,p2
1,0,,piece,False,nvidia/NVIDIA-Nemotron-Labs-3-Puzzle-75B-A9B-NVFP4,p2
1,1,,piece,True,nvidia/NVIDIA-Nemotron-Labs-3-Puzzle-75B-A9B-NVFP4,p2
1,0,,piece,False,nvidia/NVIDIA-Nemotron-Labs-3-Puzzle-75B-A9B-NVFP4,p2
1,1,,piece,True,nvidia/NVIDIA-Nemotron-Labs-3-Puzzle-75B-A9B-NVFP4,p2
1,1,,piece,True,nvidia/NVIDIA-Nemotron-Labs-3-Puzzle-75B-A9B-NVFP4,p2
1,1,,piece,True,nvidia/NVIDIA-Nemotron-Labs-3-Puzzle-75B-A9B-NVFP4,p2
1,1,,piece,True,nvidia/NVIDIA-Nemotron-Labs-3-Puzzle-75B-A9B-NVFP4,p2
0,0,,piece,True,nvidia/NVIDIA-Nemotron-Labs-3-Puzzle-75B-A9B-NVFP4,p2
0,1,,piece,False,nvidia/NVIDIA-Nemotron-Labs-3-Puzzle-75B-A9B-NVFP4,p2
0,0,,piece,True,nvidia/NVIDIA-Nemotron-Labs-3-Puzzle-75B-A9B-NVFP4,p2
0,0,,piece,True,nvidia/NVIDIA-Nemotron-Labs-3-Puzzle-75B-A9B-NVFP4,p2
0,1,,piece,False,nvidia/NVIDIA-Nemotron-Labs-3-Puzzle-75B-A9B-NVFP4,p2
0,0,,piece,True,nvidia/NVIDIA-Nemotron-Labs-3-Puzzle-75B-A9B-NVFP4,p2
0,0,,piece,True,nvidia/NVIDIA-Nemotron-Labs-3-Puzzle-75B-A9B-NVFP4,p2
0,0,,piece,True,nvidia/NVIDIA-Nemotron-Labs-3-Puzzle-75B-A9B-NVFP4,p2
0,1,,piece,False,nvidia/NVIDIA-Nemotron-Labs-3-Puzzle-75B-A9B-NVFP4,p2
0,1,,decrease,False,nvidia/NVIDIA-Nemotron-Labs-3-Puzzle-75B-A9B-NVFP4,p2
1,1,,access,True,nvidia/NVIDIA-Nemotron-Labs-3-Puzzle-75B-A9B-NVFP4,p2
1,1,,access,True,nvidia/NVIDIA-Nemotron-Labs-3-Puzzle-75B-A9B-NVFP4,p2
1,1,,access,True,nvidia/NVIDIA-Nemotron-Labs-3-Puzzle-75B-A9B-NVFP4,p2
0,1,,access,False,nvidia/NVIDIA-Nemotron-Labs-3-Puzzle-75B-A9B-NVFP4,p2
0,1,,access,False,nvidia/NVIDIA-Nemotron-Labs-3-Puzzle-75B-A9B-NVFP4,p2
0,1,,access,False,nvidia/NVIDIA-Nemotron-Labs-3-Puzzle-75B-A9B-NVFP4,p2
0,0,,access,True,nvidia/NVIDIA-Nemotron-Labs-3-Puzzle-75B-A9B-NVFP4,p2
0,1,,access,False,nvidia/NVIDIA-Nemotron-Labs-3-Puzzle-75B-A9B-NVFP4,p2
0,1,,access,False,nvidia/NVIDIA-Nemotron-Labs-3-Puzzle-75B-A9B-NVFP4,p2
1,1,,alone,True,nvidia/NVIDIA-Nemotron-Labs-3-Puzzle-75B-A9B-NVFP4,p2
1,1,,investigation,True,nvidia/NVIDIA-Nemotron-Labs-3-Puzzle-75B-A9B-NVFP4,p2
1,1,,investigation,True,nvidia/NVIDIA-Nemotron-Labs-3-Puzzle-75B-A9B-NVFP4,p2
0,1,,investigation,False,nvidia/NVIDIA-Nemotron-Labs-3-Puzzle-75B-A9B-NVFP4,p2
0,1,,investigation,False,nvidia/NVIDIA-Nemotron-Labs-3-Puzzle-75B-A9B-NVFP4,p2
1,1,,look,True,nvidia/NVIDIA-Nemotron-Labs-3-Puzzle-75B-A9B-NVFP4,p2
0,0,,look,True,nvidia/NVIDIA-Nemotron-Labs-3-Puzzle-75B-A9B-NVFP4,p2
0,0,,look,True,nvidia/NVIDIA-Nemotron-Labs-3-Puzzle-75B-A9B-NVFP4,p2
0,0,,look,True,nvidia/NVIDIA-Nemotron-Labs-3-Puzzle-75B-A9B-NVFP4,p2
1,1,,creamy,True,nvidia/NVIDIA-Nemotron-Labs-3-Puzzle-75B-A9B-NVFP4,p2
0,1,,prominent,False,nvidia/NVIDIA-Nemotron-Labs-3-Puzzle-75B-A9B-NVFP4,p2
0,1,,prominent,False,nvidia/NVIDIA-Nemotron-Labs-3-Puzzle-75B-A9B-NVFP4,p2
1,1,,trouble,True,nvidia/NVIDIA-Nemotron-Labs-3-Puzzle-75B-A9B-NVFP4,p2
1,1,,trouble,True,nvidia/NVIDIA-Nemotron-Labs-3-Puzzle-75B-A9B-NVFP4,p2
1,1,,trouble,True,nvidia/NVIDIA-Nemotron-Labs-3-Puzzle-75B-A9B-NVFP4,p2
1,1,,trouble,True,nvidia/NVIDIA-Nemotron-Labs-3-Puzzle-75B-A9B-NVFP4,p2
0,0,,trouble,True,nvidia/NVIDIA-Nemotron-Labs-3-Puzzle-75B-A9B-NVFP4,p2
0,1,,trouble,False,nvidia/NVIDIA-Nemotron-Labs-3-Puzzle-75B-A9B-NVFP4,p2
0,1,,trouble,False,nvidia/NVIDIA-Nemotron-Labs-3-Puzzle-75B-A9B-NVFP4,p2
0,0,,trouble,True,nvidia/NVIDIA-Nemotron-Labs-3-Puzzle-75B-A9B-NVFP4,p2
0,0,,trouble,True,nvidia/NVIDIA-Nemotron-Labs-3-Puzzle-75B-A9B-NVFP4,p2
0,0,,trouble,True,nvidia/NVIDIA-Nemotron-Labs-3-Puzzle-75B-A9B-NVFP4,p2
0,1,,trouble,False,nvidia/NVIDIA-Nemotron-Labs-3-Puzzle-75B-A9B-NVFP4,p2
1,1,,trade,True,nvidia/NVIDIA-Nemotron-Labs-3-Puzzle-75B-A9B-NVFP4,p2
1,1,,trade,True,nvidia/NVIDIA-Nemotron-Labs-3-Puzzle-75B-A9B-NVFP4,p2
1,1,,trade,True,nvidia/NVIDIA-Nemotron-Labs-3-Puzzle-75B-A9B-NVFP4,p2
1,1,,trade,True,nvidia/NVIDIA-Nemotron-Labs-3-Puzzle-75B-A9B-NVFP4,p2
1,1,,trade,True,nvidia/NVIDIA-Nemotron-Labs-3-Puzzle-75B-A9B-NVFP4,p2
0,1,,trade,False,nvidia/NVIDIA-Nemotron-Labs-3-Puzzle-75B-A9B-NVFP4,p2
0,0,,trade,True,nvidia/NVIDIA-Nemotron-Labs-3-Puzzle-75B-A9B-NVFP4,p2
0,1,,trade,False,nvidia/NVIDIA-Nemotron-Labs-3-Puzzle-75B-A9B-NVFP4,p2
1,1,,adhere,True,nvidia/NVIDIA-Nemotron-Labs-3-Puzzle-75B-A9B-NVFP4,p2
1,1,,adhere,True,nvidia/NVIDIA-Nemotron-Labs-3-Puzzle-75B-A9B-NVFP4,p2
1,1,,adhere,True,nvidia/NVIDIA-Nemotron-Labs-3-Puzzle-75B-A9B-NVFP4,p2
0,0,,adhere,True,nvidia/NVIDIA-Nemotron-Labs-3-Puzzle-75B-A9B-NVFP4,p2
0,0,,adhere,True,nvidia/NVIDIA-Nemotron-Labs-3-Puzzle-75B-A9B-NVFP4,p2
0,0,,adhere,True,nvidia/NVIDIA-Nemotron-Labs-3-Puzzle-75B-A9B-NVFP4,p2
0,0,,adhere,True,nvidia/NVIDIA-Nemotron-Labs-3-Puzzle-75B-A9B-NVFP4,p2
1,1,,captain,True,nvidia/NVIDIA-Nemotron-Labs-3-Puzzle-75B-A9B-NVFP4,p2
1,1,,captain,True,nvidia/NVIDIA-Nemotron-Labs-3-Puzzle-75B-A9B-NVFP4,p2
1,1,,captain,True,nvidia/NVIDIA-Nemotron-Labs-3-Puzzle-75B-A9B-NVFP4,p2
1,1,,captain,True,nvidia/NVIDIA-Nemotron-Labs-3-Puzzle-75B-A9B-NVFP4,p2
1,1,,captain,True,nvidia/NVIDIA-Nemotron-Labs-3-Puzzle-75B-A9B-NVFP4,p2
0,0,,captain,True,nvidia/NVIDIA-Nemotron-Labs-3-Puzzle-75B-A9B-NVFP4,p2
0,0,,captain,True,nvidia/NVIDIA-Nemotron-Labs-3-Puzzle-75B-A9B-NVFP4,p2
0,1,,captain,False,nvidia/NVIDIA-Nemotron-Labs-3-Puzzle-75B-A9B-NVFP4,p2
1,1,,identity,True,nvidia/NVIDIA-Nemotron-Labs-3-Puzzle-75B-A9B-NVFP4,p2
1,0,,identity,False,nvidia/NVIDIA-Nemotron-Labs-3-Puzzle-75B-A9B-NVFP4,p2
0,0,,identity,True,nvidia/NVIDIA-Nemotron-Labs-3-Puzzle-75B-A9B-NVFP4,p2
0,0,,identity,True,nvidia/NVIDIA-Nemotron-Labs-3-Puzzle-75B-A9B-NVFP4,p2
0,0,,identity,True,nvidia/NVIDIA-Nemotron-Labs-3-Puzzle-75B-A9B-NVFP4,p2
0,0,,ovary,True,nvidia/NVIDIA-Nemotron-Labs-3-Puzzle-75B-A9B-NVFP4,p2
0,0,,ovary,True,nvidia/NVIDIA-Nemotron-Labs-3-Puzzle-75B-A9B-NVFP4,p2
1,1,,formally,True,nvidia/NVIDIA-Nemotron-Labs-3-Puzzle-75B-A9B-NVFP4,p2
0,1,,formally,False,nvidia/NVIDIA-Nemotron-Labs-3-Puzzle-75B-A9B-NVFP4,p2
1,1,,instead,True,nvidia/NVIDIA-Nemotron-Labs-3-Puzzle-75B-A9B-NVFP4,p2
1,1,,instead,True,nvidia/NVIDIA-Nemotron-Labs-3-Puzzle-75B-A9B-NVFP4,p2
0,1,,instead,False,nvidia/NVIDIA-Nemotron-Labs-3-Puzzle-75B-A9B-NVFP4,p2
0,0,,conductor,True,nvidia/NVIDIA-Nemotron-Labs-3-Puzzle-75B-A9B-NVFP4,p2
1,1,,sight,True,nvidia/NVIDIA-Nemotron-Labs-3-Puzzle-75B-A9B-NVFP4,p2
1,1,,sight,True,nvidia/NVIDIA-Nemotron-Labs-3-Puzzle-75B-A9B-NVFP4,p2
0,0,,sight,True,nvidia/NVIDIA-Nemotron-Labs-3-Puzzle-75B-A9B-NVFP4,p2
0,0,,sight,True,nvidia/NVIDIA-Nemotron-Labs-3-Puzzle-75B-A9B-NVFP4,p2
0,0,,sight,True,nvidia/NVIDIA-Nemotron-Labs-3-Puzzle-75B-A9B-NVFP4,p2
0,1,,sight,False,nvidia/NVIDIA-Nemotron-Labs-3-Puzzle-75B-A9B-NVFP4,p2
1,1,,judge,True,nvidia/NVIDIA-Nemotron-Labs-3-Puzzle-75B-A9B-NVFP4,p2
1,0,,judge,False,nvidia/NVIDIA-Nemotron-Labs-3-Puzzle-75B-A9B-NVFP4,p2
1,1,,judge,True,nvidia/NVIDIA-Nemotron-Labs-3-Puzzle-75B-A9B-NVFP4,p2
0,1,,judge,False,nvidia/NVIDIA-Nemotron-Labs-3-Puzzle-75B-A9B-NVFP4,p2
0,1,,judge,False,nvidia/NVIDIA-Nemotron-Labs-3-Puzzle-75B-A9B-NVFP4,p2
1,1,,touch,True,nvidia/NVIDIA-Nemotron-Labs-3-Puzzle-75B-A9B-NVFP4,p2
1,1,,touch,True,nvidia/NVIDIA-Nemotron-Labs-3-Puzzle-75B-A9B-NVFP4,p2
1,1,,touch,True,nvidia/NVIDIA-Nemotron-Labs-3-Puzzle-75B-A9B-NVFP4,p2
1,1,,touch,True,nvidia/NVIDIA-Nemotron-Labs-3-Puzzle-75B-A9B-NVFP4,p2
1,1,,touch,True,nvidia/NVIDIA-Nemotron-Labs-3-Puzzle-75B-A9B-NVFP4,p2
1,1,,touch,True,nvidia/NVIDIA-Nemotron-Labs-3-Puzzle-75B-A9B-NVFP4,p2
1,1,,touch,True,nvidia/NVIDIA-Nemotron-Labs-3-Puzzle-75B-A9B-NVFP4,p2
1,1,,touch,True,nvidia/NVIDIA-Nemotron-Labs-3-Puzzle-75B-A9B-NVFP4,p2
0,1,,touch,False,nvidia/NVIDIA-Nemotron-Labs-3-Puzzle-75B-A9B-NVFP4,p2
0,0,,touch,True,nvidia/NVIDIA-Nemotron-Labs-3-Puzzle-75B-A9B-NVFP4,p2
0,1,,touch,False,nvidia/NVIDIA-Nemotron-Labs-3-Puzzle-75B-A9B-NVFP4,p2
0,0,,touch,True,nvidia/NVIDIA-Nemotron-Labs-3-Puzzle-75B-A9B-NVFP4,p2
0,0,,touch,True,nvidia/NVIDIA-Nemotron-Labs-3-Puzzle-75B-A9B-NVFP4,p2
0,0,,touch,True,nvidia/NVIDIA-Nemotron-Labs-3-Puzzle-75B-A9B-NVFP4,p2
0,0,,touch,True,nvidia/NVIDIA-Nemotron-Labs-3-Puzzle-75B-A9B-NVFP4,p2
0,0,,touch,True,nvidia/NVIDIA-Nemotron-Labs-3-Puzzle-75B-A9B-NVFP4,p2
0,0,,touch,True,nvidia/NVIDIA-Nemotron-Labs-3-Puzzle-75B-A9B-NVFP4,p2
1,1,,harm,True,nvidia/NVIDIA-Nemotron-Labs-3-Puzzle-75B-A9B-NVFP4,p2
1,1,,harm,True,nvidia/NVIDIA-Nemotron-Labs-3-Puzzle-75B-A9B-NVFP4,p2
1,1,,harm,True,nvidia/NVIDIA-Nemotron-Labs-3-Puzzle-75B-A9B-NVFP4,p2
0,1,,harm,False,nvidia/NVIDIA-Nemotron-Labs-3-Puzzle-75B-A9B-NVFP4,p2
1,1,,inherit,True,nvidia/NVIDIA-Nemotron-Labs-3-Puzzle-75B-A9B-NVFP4,p2
1,1,,inherit,True,nvidia/NVIDIA-Nemotron-Labs-3-Puzzle-75B-A9B-NVFP4,p2
1,1,,award,True,nvidia/NVIDIA-Nemotron-Labs-3-Puzzle-75B-A9B-NVFP4,p2
1,1,,award,True,nvidia/NVIDIA-Nemotron-Labs-3-Puzzle-75B-A9B-NVFP4,p2
1,1,,award,True,nvidia/NVIDIA-Nemotron-Labs-3-Puzzle-75B-A9B-NVFP4,p2
0,0,,award,True,nvidia/NVIDIA-Nemotron-Labs-3-Puzzle-75B-A9B-NVFP4,p2
0,0,,award,True,nvidia/NVIDIA-Nemotron-Labs-3-Puzzle-75B-A9B-NVFP4,p2
1,1,,incapable,True,nvidia/NVIDIA-Nemotron-Labs-3-Puzzle-75B-A9B-NVFP4,p2
1,1,,incapable,True,nvidia/NVIDIA-Nemotron-Labs-3-Puzzle-75B-A9B-NVFP4,p2
1,1,,incapable,True,nvidia/NVIDIA-Nemotron-Labs-3-Puzzle-75B-A9B-NVFP4,p2
1,1,,incapable,True,nvidia/NVIDIA-Nemotron-Labs-3-Puzzle-75B-A9B-NVFP4,p2
0,1,,incapable,False,nvidia/NVIDIA-Nemotron-Labs-3-Puzzle-75B-A9B-NVFP4,p2
0,1,,incapable,False,nvidia/NVIDIA-Nemotron-Labs-3-Puzzle-75B-A9B-NVFP4,p2
0,1,,incapable,False,nvidia/NVIDIA-Nemotron-Labs-3-Puzzle-75B-A9B-NVFP4,p2
1,1,,trace,True,nvidia/NVIDIA-Nemotron-Labs-3-Puzzle-75B-A9B-NVFP4,p2
1,1,,trace,True,nvidia/NVIDIA-Nemotron-Labs-3-Puzzle-75B-A9B-NVFP4,p2
1,1,,trace,True,nvidia/NVIDIA-Nemotron-Labs-3-Puzzle-75B-A9B-NVFP4,p2
1,1,,trace,True,nvidia/NVIDIA-Nemotron-Labs-3-Puzzle-75B-A9B-NVFP4,p2
1,1,,trace,True,nvidia/NVIDIA-Nemotron-Labs-3-Puzzle-75B-A9B-NVFP4,p2
1,1,,trace,True,nvidia/NVIDIA-Nemotron-Labs-3-Puzzle-75B-A9B-NVFP4,p2
0,0,,trace,True,nvidia/NVIDIA-Nemotron-Labs-3-Puzzle-75B-A9B-NVFP4,p2
0,1,,trace,False,nvidia/NVIDIA-Nemotron-Labs-3-Puzzle-75B-A9B-NVFP4,p2
0,0,,trace,True,nvidia/NVIDIA-Nemotron-Labs-3-Puzzle-75B-A9B-NVFP4,p2
0,0,,trace,True,nvidia/NVIDIA-Nemotron-Labs-3-Puzzle-75B-A9B-NVFP4,p2
0,1,,trace,False,nvidia/NVIDIA-Nemotron-Labs-3-Puzzle-75B-A9B-NVFP4,p2
0,0,,trace,True,nvidia/NVIDIA-Nemotron-Labs-3-Puzzle-75B-A9B-NVFP4,p2
0,1,,trace,False,nvidia/NVIDIA-Nemotron-Labs-3-Puzzle-75B-A9B-NVFP4,p2
0,0,,trace,True,nvidia/NVIDIA-Nemotron-Labs-3-Puzzle-75B-A9B-NVFP4,p2
0,0,,trace,True,nvidia/NVIDIA-Nemotron-Labs-3-Puzzle-75B-A9B-NVFP4,p2
0,0,,correct,True,nvidia/NVIDIA-Nemotron-Labs-3-Puzzle-75B-A9B-NVFP4,p2
0,0,,correct,True,nvidia/NVIDIA-Nemotron-Labs-3-Puzzle-75B-A9B-NVFP4,p2
0,1,,correct,False,nvidia/NVIDIA-Nemotron-Labs-3-Puzzle-75B-A9B-NVFP4,p2
1,1,,track,True,nvidia/NVIDIA-Nemotron-Labs-3-Puzzle-75B-A9B-NVFP4,p2
1,1,,track,True,nvidia/NVIDIA-Nemotron-Labs-3-Puzzle-75B-A9B-NVFP4,p2
1,1,,track,True,nvidia/NVIDIA-Nemotron-Labs-3-Puzzle-75B-A9B-NVFP4,p2
1,1,,track,True,nvidia/NVIDIA-Nemotron-Labs-3-Puzzle-75B-A9B-NVFP4,p2
1,1,,track,True,nvidia/NVIDIA-Nemotron-Labs-3-Puzzle-75B-A9B-NVFP4,p2
1,1,,track,True,nvidia/NVIDIA-Nemotron-Labs-3-Puzzle-75B-A9B-NVFP4,p2
1,0,,track,False,nvidia/NVIDIA-Nemotron-Labs-3-Puzzle-75B-A9B-NVFP4,p2
0,0,,track,True,nvidia/NVIDIA-Nemotron-Labs-3-Puzzle-75B-A9B-NVFP4,p2
0,0,,track,True,nvidia/NVIDIA-Nemotron-Labs-3-Puzzle-75B-A9B-NVFP4,p2
0,0,,track,True,nvidia/NVIDIA-Nemotron-Labs-3-Puzzle-75B-A9B-NVFP4,p2
0,1,,track,False,nvidia/NVIDIA-Nemotron-Labs-3-Puzzle-75B-A9B-NVFP4,p2
0,0,,track,True,nvidia/NVIDIA-Nemotron-Labs-3-Puzzle-75B-A9B-NVFP4,p2
0,0,,track,True,nvidia/NVIDIA-Nemotron-Labs-3-Puzzle-75B-A9B-NVFP4,p2
0,0,,track,True,nvidia/NVIDIA-Nemotron-Labs-3-Puzzle-75B-A9B-NVFP4,p2
1,1,,sacred,True,nvidia/NVIDIA-Nemotron-Labs-3-Puzzle-75B-A9B-NVFP4,p2
1,1,,sacred,True,nvidia/NVIDIA-Nemotron-Labs-3-Puzzle-75B-A9B-NVFP4,p2
1,1,,sacred,True,nvidia/NVIDIA-Nemotron-Labs-3-Puzzle-75B-A9B-NVFP4,p2
0,1,,sacred,False,nvidia/NVIDIA-Nemotron-Labs-3-Puzzle-75B-A9B-NVFP4,p2
0,1,,sacred,False,nvidia/NVIDIA-Nemotron-Labs-3-Puzzle-75B-A9B-NVFP4,p2
0,1,,sacred,False,nvidia/NVIDIA-Nemotron-Labs-3-Puzzle-75B-A9B-NVFP4,p2
1,1,,confusion,True,nvidia/NVIDIA-Nemotron-Labs-3-Puzzle-75B-A9B-NVFP4,p2
1,1,,confusion,True,nvidia/NVIDIA-Nemotron-Labs-3-Puzzle-75B-A9B-NVFP4,p2
1,1,,confusion,True,nvidia/NVIDIA-Nemotron-Labs-3-Puzzle-75B-A9B-NVFP4,p2
1,1,,confusion,True,nvidia/NVIDIA-Nemotron-Labs-3-Puzzle-75B-A9B-NVFP4,p2
0,1,,confusion,False,nvidia/NVIDIA-Nemotron-Labs-3-Puzzle-75B-A9B-NVFP4,p2
0,1,,confusion,False,nvidia/NVIDIA-Nemotron-Labs-3-Puzzle-75B-A9B-NVFP4,p2
0,1,,confusion,False,nvidia/NVIDIA-Nemotron-Labs-3-Puzzle-75B-A9B-NVFP4,p2
0,1,,confusion,False,nvidia/NVIDIA-Nemotron-Labs-3-Puzzle-75B-A9B-NVFP4,p2
0,1,,extent,False,nvidia/NVIDIA-Nemotron-Labs-3-Puzzle-75B-A9B-NVFP4,p2
0,1,,extent,False,nvidia/NVIDIA-Nemotron-Labs-3-Puzzle-75B-A9B-NVFP4,p2
1,1,,freeze,True,nvidia/NVIDIA-Nemotron-Labs-3-Puzzle-75B-A9B-NVFP4,p2
1,1,,freeze,True,nvidia/NVIDIA-Nemotron-Labs-3-Puzzle-75B-A9B-NVFP4,p2
1,1,,freeze,True,nvidia/NVIDIA-Nemotron-Labs-3-Puzzle-75B-A9B-NVFP4,p2
1,1,,freeze,True,nvidia/NVIDIA-Nemotron-Labs-3-Puzzle-75B-A9B-NVFP4,p2
1,1,,freeze,True,nvidia/NVIDIA-Nemotron-Labs-3-Puzzle-75B-A9B-NVFP4,p2
1,1,,freeze,True,nvidia/NVIDIA-Nemotron-Labs-3-Puzzle-75B-A9B-NVFP4,p2
0,0,,freeze,True,nvidia/NVIDIA-Nemotron-Labs-3-Puzzle-75B-A9B-NVFP4,p2
0,0,,freeze,True,nvidia/NVIDIA-Nemotron-Labs-3-Puzzle-75B-A9B-NVFP4,p2
0,1,,freeze,False,nvidia/NVIDIA-Nemotron-Labs-3-Puzzle-75B-A9B-NVFP4,p2
0,0,,freeze,True,nvidia/NVIDIA-Nemotron-Labs-3-Puzzle-75B-A9B-NVFP4,p2
0,0,,freeze,True,nvidia/NVIDIA-Nemotron-Labs-3-Puzzle-75B-A9B-NVFP4,p2
0,0,,freeze,True,nvidia/NVIDIA-Nemotron-Labs-3-Puzzle-75B-A9B-NVFP4,p2
0,1,,freeze,False,nvidia/NVIDIA-Nemotron-Labs-3-Puzzle-75B-A9B-NVFP4,p2
1,1,,fashion,True,nvidia/NVIDIA-Nemotron-Labs-3-Puzzle-75B-A9B-NVFP4,p2
1,1,,fashion,True,nvidia/NVIDIA-Nemotron-Labs-3-Puzzle-75B-A9B-NVFP4,p2
0,1,,fashion,False,nvidia/NVIDIA-Nemotron-Labs-3-Puzzle-75B-A9B-NVFP4,p2
0,1,,fashion,False,nvidia/NVIDIA-Nemotron-Labs-3-Puzzle-75B-A9B-NVFP4,p2
1,1,,imagination,True,nvidia/NVIDIA-Nemotron-Labs-3-Puzzle-75B-A9B-NVFP4,p2
0,1,,imagination,False,nvidia/NVIDIA-Nemotron-Labs-3-Puzzle-75B-A9B-NVFP4,p2
0,1,,imagination,False,nvidia/NVIDIA-Nemotron-Labs-3-Puzzle-75B-A9B-NVFP4,p2
0,1,,imagination,False,nvidia/NVIDIA-Nemotron-Labs-3-Puzzle-75B-A9B-NVFP4,p2
1,1,,difficulty,True,nvidia/NVIDIA-Nemotron-Labs-3-Puzzle-75B-A9B-NVFP4,p2
0,1,,difficulty,False,nvidia/NVIDIA-Nemotron-Labs-3-Puzzle-75B-A9B-NVFP4,p2
0,1,,difficulty,False,nvidia/NVIDIA-Nemotron-Labs-3-Puzzle-75B-A9B-NVFP4,p2
0,1,,difficulty,False,nvidia/NVIDIA-Nemotron-Labs-3-Puzzle-75B-A9B-NVFP4,p2
1,1,,potato,True,nvidia/NVIDIA-Nemotron-Labs-3-Puzzle-75B-A9B-NVFP4,p2
1,1,,reasonable,True,nvidia/NVIDIA-Nemotron-Labs-3-Puzzle-75B-A9B-NVFP4,p2
1,1,,cost,True,nvidia/NVIDIA-Nemotron-Labs-3-Puzzle-75B-A9B-NVFP4,p2
1,1,,sphere,True,nvidia/NVIDIA-Nemotron-Labs-3-Puzzle-75B-A9B-NVFP4,p2
0,1,,sphere,False,nvidia/NVIDIA-Nemotron-Labs-3-Puzzle-75B-A9B-NVFP4,p2
1,1,,charge,True,nvidia/NVIDIA-Nemotron-Labs-3-Puzzle-75B-A9B-NVFP4,p2
1,1,,charge,True,nvidia/NVIDIA-Nemotron-Labs-3-Puzzle-75B-A9B-NVFP4,p2
1,1,,charge,True,nvidia/NVIDIA-Nemotron-Labs-3-Puzzle-75B-A9B-NVFP4,p2
1,1,,charge,True,nvidia/NVIDIA-Nemotron-Labs-3-Puzzle-75B-A9B-NVFP4,p2
1,1,,charge,True,nvidia/NVIDIA-Nemotron-Labs-3-Puzzle-75B-A9B-NVFP4,p2
1,1,,charge,True,nvidia/NVIDIA-Nemotron-Labs-3-Puzzle-75B-A9B-NVFP4,p2
1,1,,charge,True,nvidia/NVIDIA-Nemotron-Labs-3-Puzzle-75B-A9B-NVFP4,p2
1,1,,charge,True,nvidia/NVIDIA-Nemotron-Labs-3-Puzzle-75B-A9B-NVFP4,p2
1,1,,charge,True,nvidia/NVIDIA-Nemotron-Labs-3-Puzzle-75B-A9B-NVFP4,p2
1,1,,charge,True,nvidia/NVIDIA-Nemotron-Labs-3-Puzzle-75B-A9B-NVFP4,p2
1,1,,charge,True,nvidia/NVIDIA-Nemotron-Labs-3-Puzzle-75B-A9B-NVFP4,p2
1,1,,charge,True,nvidia/NVIDIA-Nemotron-Labs-3-Puzzle-75B-A9B-NVFP4,p2
1,1,,charge,True,nvidia/NVIDIA-Nemotron-Labs-3-Puzzle-75B-A9B-NVFP4,p2
1,1,,charge,True,nvidia/NVIDIA-Nemotron-Labs-3-Puzzle-75B-A9B-NVFP4,p2
1,1,,charge,True,nvidia/NVIDIA-Nemotron-Labs-3-Puzzle-75B-A9B-NVFP4,p2
1,0,,charge,False,nvidia/NVIDIA-Nemotron-Labs-3-Puzzle-75B-A9B-NVFP4,p2
0,0,,charge,True,nvidia/NVIDIA-Nemotron-Labs-3-Puzzle-75B-A9B-NVFP4,p2
0,0,,charge,True,nvidia/NVIDIA-Nemotron-Labs-3-Puzzle-75B-A9B-NVFP4,p2
0,1,,charge,False,nvidia/NVIDIA-Nemotron-Labs-3-Puzzle-75B-A9B-NVFP4,p2
0,0,,charge,True,nvidia/NVIDIA-Nemotron-Labs-3-Puzzle-75B-A9B-NVFP4,p2
0,0,,charge,True,nvidia/NVIDIA-Nemotron-Labs-3-Puzzle-75B-A9B-NVFP4,p2
0,0,,charge,True,nvidia/NVIDIA-Nemotron-Labs-3-Puzzle-75B-A9B-NVFP4,p2
0,0,,charge,True,nvidia/NVIDIA-Nemotron-Labs-3-Puzzle-75B-A9B-NVFP4,p2
0,0,,charge,True,nvidia/NVIDIA-Nemotron-Labs-3-Puzzle-75B-A9B-NVFP4,p2
0,0,,charge,True,nvidia/NVIDIA-Nemotron-Labs-3-Puzzle-75B-A9B-NVFP4,p2
0,0,,charge,True,nvidia/NVIDIA-Nemotron-Labs-3-Puzzle-75B-A9B-NVFP4,p2
0,0,,charge,True,nvidia/NVIDIA-Nemotron-Labs-3-Puzzle-75B-A9B-NVFP4,p2
0,0,,charge,True,nvidia/NVIDIA-Nemotron-Labs-3-Puzzle-75B-A9B-NVFP4,p2
0,0,,charge,True,nvidia/NVIDIA-Nemotron-Labs-3-Puzzle-75B-A9B-NVFP4,p2
0,0,,charge,True,nvidia/NVIDIA-Nemotron-Labs-3-Puzzle-75B-A9B-NVFP4,p2
0,0,,charge,True,nvidia/NVIDIA-Nemotron-Labs-3-Puzzle-75B-A9B-NVFP4,p2
0,0,,charge,True,nvidia/NVIDIA-Nemotron-Labs-3-Puzzle-75B-A9B-NVFP4,p2
0,0,,charge,True,nvidia/NVIDIA-Nemotron-Labs-3-Puzzle-75B-A9B-NVFP4,p2
0,0,,charge,True,nvidia/NVIDIA-Nemotron-Labs-3-Puzzle-75B-A9B-NVFP4,p2
0,0,,charge,True,nvidia/NVIDIA-Nemotron-Labs-3-Puzzle-75B-A9B-NVFP4,p2
0,0,,charge,True,nvidia/NVIDIA-Nemotron-Labs-3-Puzzle-75B-A9B-NVFP4,p2
0,0,,charge,True,nvidia/NVIDIA-Nemotron-Labs-3-Puzzle-75B-A9B-NVFP4,p2
0,0,,charge,True,nvidia/NVIDIA-Nemotron-Labs-3-Puzzle-75B-A9B-NVFP4,p2
1,1,,dramatic,True,nvidia/NVIDIA-Nemotron-Labs-3-Puzzle-75B-A9B-NVFP4,p2
0,0,,dramatic,True,nvidia/NVIDIA-Nemotron-Labs-3-Puzzle-75B-A9B-NVFP4,p2
0,1,,dramatic,False,nvidia/NVIDIA-Nemotron-Labs-3-Puzzle-75B-A9B-NVFP4,p2
1,1,,set_up,True,nvidia/NVIDIA-Nemotron-Labs-3-Puzzle-75B-A9B-NVFP4,p2
1,1,,set_up,True,nvidia/NVIDIA-Nemotron-Labs-3-Puzzle-75B-A9B-NVFP4,p2
1,1,,set_up,True,nvidia/NVIDIA-Nemotron-Labs-3-Puzzle-75B-A9B-NVFP4,p2
1,1,,set_up,True,nvidia/NVIDIA-Nemotron-Labs-3-Puzzle-75B-A9B-NVFP4,p2
1,1,,set_up,True,nvidia/NVIDIA-Nemotron-Labs-3-Puzzle-75B-A9B-NVFP4,p2
1,1,,set_up,True,nvidia/NVIDIA-Nemotron-Labs-3-Puzzle-75B-A9B-NVFP4,p2
0,0,,set_up,True,nvidia/NVIDIA-Nemotron-Labs-3-Puzzle-75B-A9B-NVFP4,p2
0,0,,set_up,True,nvidia/NVIDIA-Nemotron-Labs-3-Puzzle-75B-A9B-NVFP4,p2
0,1,,set_up,False,nvidia/NVIDIA-Nemotron-Labs-3-Puzzle-75B-A9B-NVFP4,p2
0,0,,set_up,True,nvidia/NVIDIA-Nemotron-Labs-3-Puzzle-75B-A9B-NVFP4,p2
0,0,,set_up,True,nvidia/NVIDIA-Nemotron-Labs-3-Puzzle-75B-A9B-NVFP4,p2
0,0,,set_up,True,nvidia/NVIDIA-Nemotron-Labs-3-Puzzle-75B-A9B-NVFP4,p2
0,1,,set_up,False,nvidia/NVIDIA-Nemotron-Labs-3-Puzzle-75B-A9B-NVFP4,p2
0,0,,set_up,True,nvidia/NVIDIA-Nemotron-Labs-3-Puzzle-75B-A9B-NVFP4,p2
0,0,,set_up,True,nvidia/NVIDIA-Nemotron-Labs-3-Puzzle-75B-A9B-NVFP4,p2
0,0,,set_up,True,nvidia/NVIDIA-Nemotron-Labs-3-Puzzle-75B-A9B-NVFP4,p2
1,1,,order,True,nvidia/NVIDIA-Nemotron-Labs-3-Puzzle-75B-A9B-NVFP4,p2
1,1,,order,True,nvidia/NVIDIA-Nemotron-Labs-3-Puzzle-75B-A9B-NVFP4,p2
1,1,,order,True,nvidia/NVIDIA-Nemotron-Labs-3-Puzzle-75B-A9B-NVFP4,p2
0,0,,order,True,nvidia/NVIDIA-Nemotron-Labs-3-Puzzle-75B-A9B-NVFP4,p2
0,0,,order,True,nvidia/NVIDIA-Nemotron-Labs-3-Puzzle-75B-A9B-NVFP4,p2
0,0,,order,True,nvidia/NVIDIA-Nemotron-Labs-3-Puzzle-75B-A9B-NVFP4,p2
0,0,,order,True,nvidia/NVIDIA-Nemotron-Labs-3-Puzzle-75B-A9B-NVFP4,p2
0,0,,order,True,nvidia/NVIDIA-Nemotron-Labs-3-Puzzle-75B-A9B-NVFP4,p2
0,0,,order,True,nvidia/NVIDIA-Nemotron-Labs-3-Puzzle-75B-A9B-NVFP4,p2
0,1,,order,False,nvidia/NVIDIA-Nemotron-Labs-3-Puzzle-75B-A9B-NVFP4,p2
0,0,,order,True,nvidia/NVIDIA-Nemotron-Labs-3-Puzzle-75B-A9B-NVFP4,p2
0,0,,order,True,nvidia/NVIDIA-Nemotron-Labs-3-Puzzle-75B-A9B-NVFP4,p2
0,0,,order,True,nvidia/NVIDIA-Nemotron-Labs-3-Puzzle-75B-A9B-NVFP4,p2
1,1,,influence,True,nvidia/NVIDIA-Nemotron-Labs-3-Puzzle-75B-A9B-NVFP4,p2
1,1,,influence,True,nvidia/NVIDIA-Nemotron-Labs-3-Puzzle-75B-A9B-NVFP4,p2
1,1,,influence,True,nvidia/NVIDIA-Nemotron-Labs-3-Puzzle-75B-A9B-NVFP4,p2
1,1,,influence,True,nvidia/NVIDIA-Nemotron-Labs-3-Puzzle-75B-A9B-NVFP4,p2
0,1,,influence,False,nvidia/NVIDIA-Nemotron-Labs-3-Puzzle-75B-A9B-NVFP4,p2
0,1,,influence,False,nvidia/NVIDIA-Nemotron-Labs-3-Puzzle-75B-A9B-NVFP4,p2
0,1,,influence,False,nvidia/NVIDIA-Nemotron-Labs-3-Puzzle-75B-A9B-NVFP4,p2
1,1,,payment,True,nvidia/NVIDIA-Nemotron-Labs-3-Puzzle-75B-A9B-NVFP4,p2
1,1,,payment,True,nvidia/NVIDIA-Nemotron-Labs-3-Puzzle-75B-A9B-NVFP4,p2
0,0,,payment,True,nvidia/NVIDIA-Nemotron-Labs-3-Puzzle-75B-A9B-NVFP4,p2
0,1,,payment,False,nvidia/NVIDIA-Nemotron-Labs-3-Puzzle-75B-A9B-NVFP4,p2
0,0,,payment,True,nvidia/NVIDIA-Nemotron-Labs-3-Puzzle-75B-A9B-NVFP4,p2
1,1,,protest,True,nvidia/NVIDIA-Nemotron-Labs-3-Puzzle-75B-A9B-NVFP4,p2
0,1,,protest,False,nvidia/NVIDIA-Nemotron-Labs-3-Puzzle-75B-A9B-NVFP4,p2
1,1,,knife,True,nvidia/NVIDIA-Nemotron-Labs-3-Puzzle-75B-A9B-NVFP4,p2
1,1,,automatically,True,nvidia/NVIDIA-Nemotron-Labs-3-Puzzle-75B-A9B-NVFP4,p2
1,1,,representative,True,nvidia/NVIDIA-Nemotron-Labs-3-Puzzle-75B-A9B-NVFP4,p2
0,1,,representative,False,nvidia/NVIDIA-Nemotron-Labs-3-Puzzle-75B-A9B-NVFP4,p2
0,1,,representative,False,nvidia/NVIDIA-Nemotron-Labs-3-Puzzle-75B-A9B-NVFP4,p2
1,1,,french,True,nvidia/NVIDIA-Nemotron-Labs-3-Puzzle-75B-A9B-NVFP4,p2
1,1,,french,True,nvidia/NVIDIA-Nemotron-Labs-3-Puzzle-75B-A9B-NVFP4,p2
0,0,,french,True,nvidia/NVIDIA-Nemotron-Labs-3-Puzzle-75B-A9B-NVFP4,p2
0,1,,density,False,nvidia/NVIDIA-Nemotron-Labs-3-Puzzle-75B-A9B-NVFP4,p2
0,1,,density,False,nvidia/NVIDIA-Nemotron-Labs-3-Puzzle-75B-A9B-NVFP4,p2
1,1,,incorporate,True,nvidia/NVIDIA-Nemotron-Labs-3-Puzzle-75B-A9B-NVFP4,p2
0,0,,incorporate,True,nvidia/NVIDIA-Nemotron-Labs-3-Puzzle-75B-A9B-NVFP4,p2
0,1,,incorporate,False,nvidia/NVIDIA-Nemotron-Labs-3-Puzzle-75B-A9B-NVFP4,p2
1,1,,take_over,True,nvidia/NVIDIA-Nemotron-Labs-3-Puzzle-75B-A9B-NVFP4,p2
1,1,,take_over,True,nvidia/NVIDIA-Nemotron-Labs-3-Puzzle-75B-A9B-NVFP4,p2
1,1,,take_over,True,nvidia/NVIDIA-Nemotron-Labs-3-Puzzle-75B-A9B-NVFP4,p2
1,1,,take_over,True,nvidia/NVIDIA-Nemotron-Labs-3-Puzzle-75B-A9B-NVFP4,p2
0,1,,take_over,False,nvidia/NVIDIA-Nemotron-Labs-3-Puzzle-75B-A9B-NVFP4,p2
0,1,,take_over,False,nvidia/NVIDIA-Nemotron-Labs-3-Puzzle-75B-A9B-NVFP4,p2
0,1,,take_over,False,nvidia/NVIDIA-Nemotron-Labs-3-Puzzle-75B-A9B-NVFP4,p2
0,0,,take_over,True,nvidia/NVIDIA-Nemotron-Labs-3-Puzzle-75B-A9B-NVFP4,p2
0,1,,take_over,False,nvidia/NVIDIA-Nemotron-Labs-3-Puzzle-75B-A9B-NVFP4,p2
0,1,,take_over,False,nvidia/NVIDIA-Nemotron-Labs-3-Puzzle-75B-A9B-NVFP4,p2
1,1,,direction,True,nvidia/NVIDIA-Nemotron-Labs-3-Puzzle-75B-A9B-NVFP4,p2
1,1,,direction,True,nvidia/NVIDIA-Nemotron-Labs-3-Puzzle-75B-A9B-NVFP4,p2
1,1,,direction,True,nvidia/NVIDIA-Nemotron-Labs-3-Puzzle-75B-A9B-NVFP4,p2
1,1,,direction,True,nvidia/NVIDIA-Nemotron-Labs-3-Puzzle-75B-A9B-NVFP4,p2
1,1,,direction,True,nvidia/NVIDIA-Nemotron-Labs-3-Puzzle-75B-A9B-NVFP4,p2
1,1,,direction,True,nvidia/NVIDIA-Nemotron-Labs-3-Puzzle-75B-A9B-NVFP4,p2
1,1,,direction,True,nvidia/NVIDIA-Nemotron-Labs-3-Puzzle-75B-A9B-NVFP4,p2
0,0,,direction,True,nvidia/NVIDIA-Nemotron-Labs-3-Puzzle-75B-A9B-NVFP4,p2
0,0,,direction,True,nvidia/NVIDIA-Nemotron-Labs-3-Puzzle-75B-A9B-NVFP4,p2
0,1,,direction,False,nvidia/NVIDIA-Nemotron-Labs-3-Puzzle-75B-A9B-NVFP4,p2
0,0,,direction,True,nvidia/NVIDIA-Nemotron-Labs-3-Puzzle-75B-A9B-NVFP4,p2
0,0,,direction,True,nvidia/NVIDIA-Nemotron-Labs-3-Puzzle-75B-A9B-NVFP4,p2
1,1,,fix,True,nvidia/NVIDIA-Nemotron-Labs-3-Puzzle-75B-A9B-NVFP4,p2
1,1,,fix,True,nvidia/NVIDIA-Nemotron-Labs-3-Puzzle-75B-A9B-NVFP4,p2
1,1,,fix,True,nvidia/NVIDIA-Nemotron-Labs-3-Puzzle-75B-A9B-NVFP4,p2
1,1,,fix,True,nvidia/NVIDIA-Nemotron-Labs-3-Puzzle-75B-A9B-NVFP4,p2
1,1,,fix,True,nvidia/NVIDIA-Nemotron-Labs-3-Puzzle-75B-A9B-NVFP4,p2
1,1,,fix,True,nvidia/NVIDIA-Nemotron-Labs-3-Puzzle-75B-A9B-NVFP4,p2
0,0,,fix,True,nvidia/NVIDIA-Nemotron-Labs-3-Puzzle-75B-A9B-NVFP4,p2
0,0,,fix,True,nvidia/NVIDIA-Nemotron-Labs-3-Puzzle-75B-A9B-NVFP4,p2
0,0,,fix,True,nvidia/NVIDIA-Nemotron-Labs-3-Puzzle-75B-A9B-NVFP4,p2
1,1,,repetition,True,nvidia/NVIDIA-Nemotron-Labs-3-Puzzle-75B-A9B-NVFP4,p2
1,1,,repetition,True,nvidia/NVIDIA-Nemotron-Labs-3-Puzzle-75B-A9B-NVFP4,p2
1,1,,repetition,True,nvidia/NVIDIA-Nemotron-Labs-3-Puzzle-75B-A9B-NVFP4,p2
0,1,,repetition,False,nvidia/NVIDIA-Nemotron-Labs-3-Puzzle-75B-A9B-NVFP4,p2
0,1,,repetition,False,nvidia/NVIDIA-Nemotron-Labs-3-Puzzle-75B-A9B-NVFP4,p2
1,1,,philippines,True,nvidia/NVIDIA-Nemotron-Labs-3-Puzzle-75B-A9B-NVFP4,p2
1,1,,philippines,True,nvidia/NVIDIA-Nemotron-Labs-3-Puzzle-75B-A9B-NVFP4,p2
0,1,,philippines,False,nvidia/NVIDIA-Nemotron-Labs-3-Puzzle-75B-A9B-NVFP4,p2
1,1,,fraction,True,nvidia/NVIDIA-Nemotron-Labs-3-Puzzle-75B-A9B-NVFP4,p2
1,1,,fraction,True,nvidia/NVIDIA-Nemotron-Labs-3-Puzzle-75B-A9B-NVFP4,p2
0,0,,fraction,True,nvidia/NVIDIA-Nemotron-Labs-3-Puzzle-75B-A9B-NVFP4,p2
0,0,,fraction,True,nvidia/NVIDIA-Nemotron-Labs-3-Puzzle-75B-A9B-NVFP4,p2
1,1,,request,True,nvidia/NVIDIA-Nemotron-Labs-3-Puzzle-75B-A9B-NVFP4,p2
0,1,,request,False,nvidia/NVIDIA-Nemotron-Labs-3-Puzzle-75B-A9B-NVFP4,p2
0,0,,choice,True,nvidia/NVIDIA-Nemotron-Labs-3-Puzzle-75B-A9B-NVFP4,p2
0,0,,choice,True,nvidia/NVIDIA-Nemotron-Labs-3-Puzzle-75B-A9B-NVFP4,p2
0,0,,choice,True,nvidia/NVIDIA-Nemotron-Labs-3-Puzzle-75B-A9B-NVFP4,p2
1,1,,collect,True,nvidia/NVIDIA-Nemotron-Labs-3-Puzzle-75B-A9B-NVFP4,p2
1,1,,collect,True,nvidia/NVIDIA-Nemotron-Labs-3-Puzzle-75B-A9B-NVFP4,p2
0,1,,collect,False,nvidia/NVIDIA-Nemotron-Labs-3-Puzzle-75B-A9B-NVFP4,p2
0,0,,collect,True,nvidia/NVIDIA-Nemotron-Labs-3-Puzzle-75B-A9B-NVFP4,p2
1,1,,harmony,True,nvidia/NVIDIA-Nemotron-Labs-3-Puzzle-75B-A9B-NVFP4,p2
1,1,,harmony,True,nvidia/NVIDIA-Nemotron-Labs-3-Puzzle-75B-A9B-NVFP4,p2
1,1,,harmony,True,nvidia/NVIDIA-Nemotron-Labs-3-Puzzle-75B-A9B-NVFP4,p2
0,0,,harmony,True,nvidia/NVIDIA-Nemotron-Labs-3-Puzzle-75B-A9B-NVFP4,p2
0,0,,harmony,True,nvidia/NVIDIA-Nemotron-Labs-3-Puzzle-75B-A9B-NVFP4,p2
0,1,,harmony,False,nvidia/NVIDIA-Nemotron-Labs-3-Puzzle-75B-A9B-NVFP4,p2
1,1,,depression,True,nvidia/NVIDIA-Nemotron-Labs-3-Puzzle-75B-A9B-NVFP4,p2
1,1,,depression,True,nvidia/NVIDIA-Nemotron-Labs-3-Puzzle-75B-A9B-NVFP4,p2
1,1,,depression,True,nvidia/NVIDIA-Nemotron-Labs-3-Puzzle-75B-A9B-NVFP4,p2
1,1,,depression,True,nvidia/NVIDIA-Nemotron-Labs-3-Puzzle-75B-A9B-NVFP4,p2
1,1,,depression,True,nvidia/NVIDIA-Nemotron-Labs-3-Puzzle-75B-A9B-NVFP4,p2
1,1,,depression,True,nvidia/NVIDIA-Nemotron-Labs-3-Puzzle-75B-A9B-NVFP4,p2
1,1,,depression,True,nvidia/NVIDIA-Nemotron-Labs-3-Puzzle-75B-A9B-NVFP4,p2
0,0,,depression,True,nvidia/NVIDIA-Nemotron-Labs-3-Puzzle-75B-A9B-NVFP4,p2
0,0,,depression,True,nvidia/NVIDIA-Nemotron-Labs-3-Puzzle-75B-A9B-NVFP4,p2
0,0,,depression,True,nvidia/NVIDIA-Nemotron-Labs-3-Puzzle-75B-A9B-NVFP4,p2
0,0,,depression,True,nvidia/NVIDIA-Nemotron-Labs-3-Puzzle-75B-A9B-NVFP4,p2
0,0,,depression,True,nvidia/NVIDIA-Nemotron-Labs-3-Puzzle-75B-A9B-NVFP4,p2
0,0,,depression,True,nvidia/NVIDIA-Nemotron-Labs-3-Puzzle-75B-A9B-NVFP4,p2
0,0,,depression,True,nvidia/NVIDIA-Nemotron-Labs-3-Puzzle-75B-A9B-NVFP4,p2
0,0,,depression,True,nvidia/NVIDIA-Nemotron-Labs-3-Puzzle-75B-A9B-NVFP4,p2
1,1,,shift,True,nvidia/NVIDIA-Nemotron-Labs-3-Puzzle-75B-A9B-NVFP4,p2
1,1,,shift,True,nvidia/NVIDIA-Nemotron-Labs-3-Puzzle-75B-A9B-NVFP4,p2
1,1,,shift,True,nvidia/NVIDIA-Nemotron-Labs-3-Puzzle-75B-A9B-NVFP4,p2
1,1,,shift,True,nvidia/NVIDIA-Nemotron-Labs-3-Puzzle-75B-A9B-NVFP4,p2
1,1,,shift,True,nvidia/NVIDIA-Nemotron-Labs-3-Puzzle-75B-A9B-NVFP4,p2
1,0,,shift,False,nvidia/NVIDIA-Nemotron-Labs-3-Puzzle-75B-A9B-NVFP4,p2
0,0,,shift,True,nvidia/NVIDIA-Nemotron-Labs-3-Puzzle-75B-A9B-NVFP4,p2
0,1,,shift,False,nvidia/NVIDIA-Nemotron-Labs-3-Puzzle-75B-A9B-NVFP4,p2
0,1,,shift,False,nvidia/NVIDIA-Nemotron-Labs-3-Puzzle-75B-A9B-NVFP4,p2
0,1,,shift,False,nvidia/NVIDIA-Nemotron-Labs-3-Puzzle-75B-A9B-NVFP4,p2
0,0,,shift,True,nvidia/NVIDIA-Nemotron-Labs-3-Puzzle-75B-A9B-NVFP4,p2
0,0,,shift,True,nvidia/NVIDIA-Nemotron-Labs-3-Puzzle-75B-A9B-NVFP4,p2
0,1,,shift,False,nvidia/NVIDIA-Nemotron-Labs-3-Puzzle-75B-A9B-NVFP4,p2
0,0,,shift,True,nvidia/NVIDIA-Nemotron-Labs-3-Puzzle-75B-A9B-NVFP4,p2
0,0,,shift,True,nvidia/NVIDIA-Nemotron-Labs-3-Puzzle-75B-A9B-NVFP4,p2
0,0,,shift,True,nvidia/NVIDIA-Nemotron-Labs-3-Puzzle-75B-A9B-NVFP4,p2
0,0,,shift,True,nvidia/NVIDIA-Nemotron-Labs-3-Puzzle-75B-A9B-NVFP4,p2
0,0,,shift,True,nvidia/NVIDIA-Nemotron-Labs-3-Puzzle-75B-A9B-NVFP4,p2
0,0,,shift,True,nvidia/NVIDIA-Nemotron-Labs-3-Puzzle-75B-A9B-NVFP4,p2
1,1,,launch,True,nvidia/NVIDIA-Nemotron-Labs-3-Puzzle-75B-A9B-NVFP4,p2
1,0,,launch,False,nvidia/NVIDIA-Nemotron-Labs-3-Puzzle-75B-A9B-NVFP4,p2
0,0,,launch,True,nvidia/NVIDIA-Nemotron-Labs-3-Puzzle-75B-A9B-NVFP4,p2
0,1,,launch,False,nvidia/NVIDIA-Nemotron-Labs-3-Puzzle-75B-A9B-NVFP4,p2
0,0,,launch,True,nvidia/NVIDIA-Nemotron-Labs-3-Puzzle-75B-A9B-NVFP4,p2
0,1,,launch,False,nvidia/NVIDIA-Nemotron-Labs-3-Puzzle-75B-A9B-NVFP4,p2
1,1,,beef,True,nvidia/NVIDIA-Nemotron-Labs-3-Puzzle-75B-A9B-NVFP4,p2
0,0,,beef,True,nvidia/NVIDIA-Nemotron-Labs-3-Puzzle-75B-A9B-NVFP4,p2
1,1,,topic,True,nvidia/NVIDIA-Nemotron-Labs-3-Puzzle-75B-A9B-NVFP4,p2
1,1,,topic,True,nvidia/NVIDIA-Nemotron-Labs-3-Puzzle-75B-A9B-NVFP4,p2
0,1,,topic,False,nvidia/NVIDIA-Nemotron-Labs-3-Puzzle-75B-A9B-NVFP4,p2
1,1,,excite,True,nvidia/NVIDIA-Nemotron-Labs-3-Puzzle-75B-A9B-NVFP4,p2
1,1,,excite,True,nvidia/NVIDIA-Nemotron-Labs-3-Puzzle-75B-A9B-NVFP4,p2
1,1,,excite,True,nvidia/NVIDIA-Nemotron-Labs-3-Puzzle-75B-A9B-NVFP4,p2
1,1,,excite,True,nvidia/NVIDIA-Nemotron-Labs-3-Puzzle-75B-A9B-NVFP4,p2
0,1,,excite,False,nvidia/NVIDIA-Nemotron-Labs-3-Puzzle-75B-A9B-NVFP4,p2
0,1,,excite,False,nvidia/NVIDIA-Nemotron-Labs-3-Puzzle-75B-A9B-NVFP4,p2
0,0,,excite,True,nvidia/NVIDIA-Nemotron-Labs-3-Puzzle-75B-A9B-NVFP4,p2
0,0,,excite,True,nvidia/NVIDIA-Nemotron-Labs-3-Puzzle-75B-A9B-NVFP4,p2
0,1,,excite,False,nvidia/NVIDIA-Nemotron-Labs-3-Puzzle-75B-A9B-NVFP4,p2
1,1,,ignore,True,nvidia/NVIDIA-Nemotron-Labs-3-Puzzle-75B-A9B-NVFP4,p2
0,1,,ignore,False,nvidia/NVIDIA-Nemotron-Labs-3-Puzzle-75B-A9B-NVFP4,p2
0,1,,ignore,False,nvidia/NVIDIA-Nemotron-Labs-3-Puzzle-75B-A9B-NVFP4,p2
1,1,,inspire,True,nvidia/NVIDIA-Nemotron-Labs-3-Puzzle-75B-A9B-NVFP4,p2
1,1,,inspire,True,nvidia/NVIDIA-Nemotron-Labs-3-Puzzle-75B-A9B-NVFP4,p2
0,0,,inspire,True,nvidia/NVIDIA-Nemotron-Labs-3-Puzzle-75B-A9B-NVFP4,p2
0,1,,inspire,False,nvidia/NVIDIA-Nemotron-Labs-3-Puzzle-75B-A9B-NVFP4,p2
1,0,,cut_off,False,nvidia/NVIDIA-Nemotron-Labs-3-Puzzle-75B-A9B-NVFP4,p2
1,1,,cut_off,True,nvidia/NVIDIA-Nemotron-Labs-3-Puzzle-75B-A9B-NVFP4,p2
1,1,,cut_off,True,nvidia/NVIDIA-Nemotron-Labs-3-Puzzle-75B-A9B-NVFP4,p2
0,0,,cut_off,True,nvidia/NVIDIA-Nemotron-Labs-3-Puzzle-75B-A9B-NVFP4,p2
0,0,,cut_off,True,nvidia/NVIDIA-Nemotron-Labs-3-Puzzle-75B-A9B-NVFP4,p2
0,0,,cut_off,True,nvidia/NVIDIA-Nemotron-Labs-3-Puzzle-75B-A9B-NVFP4,p2
1,1,,output,True,nvidia/NVIDIA-Nemotron-Labs-3-Puzzle-75B-A9B-NVFP4,p2
1,1,,output,True,nvidia/NVIDIA-Nemotron-Labs-3-Puzzle-75B-A9B-NVFP4,p2
1,1,,output,True,nvidia/NVIDIA-Nemotron-Labs-3-Puzzle-75B-A9B-NVFP4,p2
0,0,,output,True,nvidia/NVIDIA-Nemotron-Labs-3-Puzzle-75B-A9B-NVFP4,p2
0,1,,output,False,nvidia/NVIDIA-Nemotron-Labs-3-Puzzle-75B-A9B-NVFP4,p2
0,1,,output,False,nvidia/NVIDIA-Nemotron-Labs-3-Puzzle-75B-A9B-NVFP4,p2
1,1,,defect,True,nvidia/NVIDIA-Nemotron-Labs-3-Puzzle-75B-A9B-NVFP4,p2
1,1,,defect,True,nvidia/NVIDIA-Nemotron-Labs-3-Puzzle-75B-A9B-NVFP4,p2
1,1,,defect,True,nvidia/NVIDIA-Nemotron-Labs-3-Puzzle-75B-A9B-NVFP4,p2
1,1,,defect,True,nvidia/NVIDIA-Nemotron-Labs-3-Puzzle-75B-A9B-NVFP4,p2
0,1,,defect,False,nvidia/NVIDIA-Nemotron-Labs-3-Puzzle-75B-A9B-NVFP4,p2
0,1,,defect,False,nvidia/NVIDIA-Nemotron-Labs-3-Puzzle-75B-A9B-NVFP4,p2
1,1,,sexually,True,nvidia/NVIDIA-Nemotron-Labs-3-Puzzle-75B-A9B-NVFP4,p2
0,0,,sexually,True,nvidia/NVIDIA-Nemotron-Labs-3-Puzzle-75B-A9B-NVFP4,p2
0,1,,improvement,False,nvidia/NVIDIA-Nemotron-Labs-3-Puzzle-75B-A9B-NVFP4,p2
1,1,,settlement,True,nvidia/NVIDIA-Nemotron-Labs-3-Puzzle-75B-A9B-NVFP4,p2
1,1,,settlement,True,nvidia/NVIDIA-Nemotron-Labs-3-Puzzle-75B-A9B-NVFP4,p2
1,1,,settlement,True,nvidia/NVIDIA-Nemotron-Labs-3-Puzzle-75B-A9B-NVFP4,p2
1,1,,settlement,True,nvidia/NVIDIA-Nemotron-Labs-3-Puzzle-75B-A9B-NVFP4,p2
0,0,,settlement,True,nvidia/NVIDIA-Nemotron-Labs-3-Puzzle-75B-A9B-NVFP4,p2
0,1,,settlement,False,nvidia/NVIDIA-Nemotron-Labs-3-Puzzle-75B-A9B-NVFP4,p2
0,0,,settlement,True,nvidia/NVIDIA-Nemotron-Labs-3-Puzzle-75B-A9B-NVFP4,p2
0,0,,settlement,True,nvidia/NVIDIA-Nemotron-Labs-3-Puzzle-75B-A9B-NVFP4,p2
0,0,,settlement,True,nvidia/NVIDIA-Nemotron-Labs-3-Puzzle-75B-A9B-NVFP4,p2
1,1,,bean,True,nvidia/NVIDIA-Nemotron-Labs-3-Puzzle-75B-A9B-NVFP4,p2
1,1,,bean,True,nvidia/NVIDIA-Nemotron-Labs-3-Puzzle-75B-A9B-NVFP4,p2
1,1,,bean,True,nvidia/NVIDIA-Nemotron-Labs-3-Puzzle-75B-A9B-NVFP4,p2
0,0,,bean,True,nvidia/NVIDIA-Nemotron-Labs-3-Puzzle-75B-A9B-NVFP4,p2
0,0,,bean,True,nvidia/NVIDIA-Nemotron-Labs-3-Puzzle-75B-A9B-NVFP4,p2
0,0,,bean,True,nvidia/NVIDIA-Nemotron-Labs-3-Puzzle-75B-A9B-NVFP4,p2
1,1,,regard,True,nvidia/NVIDIA-Nemotron-Labs-3-Puzzle-75B-A9B-NVFP4,p2
1,1,,regard,True,nvidia/NVIDIA-Nemotron-Labs-3-Puzzle-75B-A9B-NVFP4,p2
1,1,,regard,True,nvidia/NVIDIA-Nemotron-Labs-3-Puzzle-75B-A9B-NVFP4,p2
1,1,,regard,True,nvidia/NVIDIA-Nemotron-Labs-3-Puzzle-75B-A9B-NVFP4,p2
1,1,,regard,True,nvidia/NVIDIA-Nemotron-Labs-3-Puzzle-75B-A9B-NVFP4,p2
0,0,,regard,True,nvidia/NVIDIA-Nemotron-Labs-3-Puzzle-75B-A9B-NVFP4,p2
0,0,,regard,True,nvidia/NVIDIA-Nemotron-Labs-3-Puzzle-75B-A9B-NVFP4,p2
0,0,,regard,True,nvidia/NVIDIA-Nemotron-Labs-3-Puzzle-75B-A9B-NVFP4,p2
0,1,,regard,False,nvidia/NVIDIA-Nemotron-Labs-3-Puzzle-75B-A9B-NVFP4,p2
1,1,,lock,True,nvidia/NVIDIA-Nemotron-Labs-3-Puzzle-75B-A9B-NVFP4,p2
1,1,,lock,True,nvidia/NVIDIA-Nemotron-Labs-3-Puzzle-75B-A9B-NVFP4,p2
0,1,,lock,False,nvidia/NVIDIA-Nemotron-Labs-3-Puzzle-75B-A9B-NVFP4,p2
0,1,,lock,False,nvidia/NVIDIA-Nemotron-Labs-3-Puzzle-75B-A9B-NVFP4,p2
0,0,,lock,True,nvidia/NVIDIA-Nemotron-Labs-3-Puzzle-75B-A9B-NVFP4,p2
0,0,,lock,True,nvidia/NVIDIA-Nemotron-Labs-3-Puzzle-75B-A9B-NVFP4,p2
1,1,,guarantee,True,nvidia/NVIDIA-Nemotron-Labs-3-Puzzle-75B-A9B-NVFP4,p2
1,1,,guarantee,True,nvidia/NVIDIA-Nemotron-Labs-3-Puzzle-75B-A9B-NVFP4,p2
1,1,,guarantee,True,nvidia/NVIDIA-Nemotron-Labs-3-Puzzle-75B-A9B-NVFP4,p2
1,0,,guarantee,False,nvidia/NVIDIA-Nemotron-Labs-3-Puzzle-75B-A9B-NVFP4,p2
1,1,,guarantee,True,nvidia/NVIDIA-Nemotron-Labs-3-Puzzle-75B-A9B-NVFP4,p2
0,1,,guarantee,False,nvidia/NVIDIA-Nemotron-Labs-3-Puzzle-75B-A9B-NVFP4,p2
0,1,,guarantee,False,nvidia/NVIDIA-Nemotron-Labs-3-Puzzle-75B-A9B-NVFP4,p2
0,1,,guarantee,False,nvidia/NVIDIA-Nemotron-Labs-3-Puzzle-75B-A9B-NVFP4,p2
0,1,,guarantee,False,nvidia/NVIDIA-Nemotron-Labs-3-Puzzle-75B-A9B-NVFP4,p2
0,1,,guarantee,False,nvidia/NVIDIA-Nemotron-Labs-3-Puzzle-75B-A9B-NVFP4,p2
0,0,,guarantee,True,nvidia/NVIDIA-Nemotron-Labs-3-Puzzle-75B-A9B-NVFP4,p2
1,1,,pool,True,nvidia/NVIDIA-Nemotron-Labs-3-Puzzle-75B-A9B-NVFP4,p2
1,1,,pool,True,nvidia/NVIDIA-Nemotron-Labs-3-Puzzle-75B-A9B-NVFP4,p2
1,1,,pool,True,nvidia/NVIDIA-Nemotron-Labs-3-Puzzle-75B-A9B-NVFP4,p2
1,1,,pool,True,nvidia/NVIDIA-Nemotron-Labs-3-Puzzle-75B-A9B-NVFP4,p2
1,1,,pool,True,nvidia/NVIDIA-Nemotron-Labs-3-Puzzle-75B-A9B-NVFP4,p2
0,0,,pool,True,nvidia/NVIDIA-Nemotron-Labs-3-Puzzle-75B-A9B-NVFP4,p2
0,0,,pool,True,nvidia/NVIDIA-Nemotron-Labs-3-Puzzle-75B-A9B-NVFP4,p2
0,0,,pool,True,nvidia/NVIDIA-Nemotron-Labs-3-Puzzle-75B-A9B-NVFP4,p2
0,0,,pool,True,nvidia/NVIDIA-Nemotron-Labs-3-Puzzle-75B-A9B-NVFP4,p2
0,0,,pool,True,nvidia/NVIDIA-Nemotron-Labs-3-Puzzle-75B-A9B-NVFP4,p2
0,0,,pool,True,nvidia/NVIDIA-Nemotron-Labs-3-Puzzle-75B-A9B-NVFP4,p2
1,1,,inadequate,True,nvidia/NVIDIA-Nemotron-Labs-3-Puzzle-75B-A9B-NVFP4,p2
1,0,,segment,False,nvidia/NVIDIA-Nemotron-Labs-3-Puzzle-75B-A9B-NVFP4,p2
0,1,,segment,False,nvidia/NVIDIA-Nemotron-Labs-3-Puzzle-75B-A9B-NVFP4,p2
0,1,,segment,False,nvidia/NVIDIA-Nemotron-Labs-3-Puzzle-75B-A9B-NVFP4,p2
1,1,,conceive,True,nvidia/NVIDIA-Nemotron-Labs-3-Puzzle-75B-A9B-NVFP4,p2
1,1,,conceive,True,nvidia/NVIDIA-Nemotron-Labs-3-Puzzle-75B-A9B-NVFP4,p2
0,0,,conceive,True,nvidia/NVIDIA-Nemotron-Labs-3-Puzzle-75B-A9B-NVFP4,p2
0,0,,conceive,True,nvidia/NVIDIA-Nemotron-Labs-3-Puzzle-75B-A9B-NVFP4,p2
0,0,,conceive,True,nvidia/NVIDIA-Nemotron-Labs-3-Puzzle-75B-A9B-NVFP4,p2
1,1,,gear,True,nvidia/NVIDIA-Nemotron-Labs-3-Puzzle-75B-A9B-NVFP4,p2
1,1,,gear,True,nvidia/NVIDIA-Nemotron-Labs-3-Puzzle-75B-A9B-NVFP4,p2
0,0,,gear,True,nvidia/NVIDIA-Nemotron-Labs-3-Puzzle-75B-A9B-NVFP4,p2
1,1,,camp,True,nvidia/NVIDIA-Nemotron-Labs-3-Puzzle-75B-A9B-NVFP4,p2
1,1,,camp,True,nvidia/NVIDIA-Nemotron-Labs-3-Puzzle-75B-A9B-NVFP4,p2
1,1,,camp,True,nvidia/NVIDIA-Nemotron-Labs-3-Puzzle-75B-A9B-NVFP4,p2
1,1,,camp,True,nvidia/NVIDIA-Nemotron-Labs-3-Puzzle-75B-A9B-NVFP4,p2
0,0,,camp,True,nvidia/NVIDIA-Nemotron-Labs-3-Puzzle-75B-A9B-NVFP4,p2
0,0,,camp,True,nvidia/NVIDIA-Nemotron-Labs-3-Puzzle-75B-A9B-NVFP4,p2
0,0,,camp,True,nvidia/NVIDIA-Nemotron-Labs-3-Puzzle-75B-A9B-NVFP4,p2
0,0,,camp,True,nvidia/NVIDIA-Nemotron-Labs-3-Puzzle-75B-A9B-NVFP4,p2
0,1,,camp,False,nvidia/NVIDIA-Nemotron-Labs-3-Puzzle-75B-A9B-NVFP4,p2
0,0,,camp,True,nvidia/NVIDIA-Nemotron-Labs-3-Puzzle-75B-A9B-NVFP4,p2
1,1,,pronounce,True,nvidia/NVIDIA-Nemotron-Labs-3-Puzzle-75B-A9B-NVFP4,p2
0,0,,pronounce,True,nvidia/NVIDIA-Nemotron-Labs-3-Puzzle-75B-A9B-NVFP4,p2
1,1,,assure,True,nvidia/NVIDIA-Nemotron-Labs-3-Puzzle-75B-A9B-NVFP4,p2
1,0,,assure,False,nvidia/NVIDIA-Nemotron-Labs-3-Puzzle-75B-A9B-NVFP4,p2
1,1,,assure,True,nvidia/NVIDIA-Nemotron-Labs-3-Puzzle-75B-A9B-NVFP4,p2
0,1,,assure,False,nvidia/NVIDIA-Nemotron-Labs-3-Puzzle-75B-A9B-NVFP4,p2
0,1,,assure,False,nvidia/NVIDIA-Nemotron-Labs-3-Puzzle-75B-A9B-NVFP4,p2
0,1,,assure,False,nvidia/NVIDIA-Nemotron-Labs-3-Puzzle-75B-A9B-NVFP4,p2
0,1,,assure,False,nvidia/NVIDIA-Nemotron-Labs-3-Puzzle-75B-A9B-NVFP4,p2
1,1,,impulse,True,nvidia/NVIDIA-Nemotron-Labs-3-Puzzle-75B-A9B-NVFP4,p2
1,1,,impulse,True,nvidia/NVIDIA-Nemotron-Labs-3-Puzzle-75B-A9B-NVFP4,p2
0,0,,impulse,True,nvidia/NVIDIA-Nemotron-Labs-3-Puzzle-75B-A9B-NVFP4,p2
0,0,,impulse,True,nvidia/NVIDIA-Nemotron-Labs-3-Puzzle-75B-A9B-NVFP4,p2
0,0,,impulse,True,nvidia/NVIDIA-Nemotron-Labs-3-Puzzle-75B-A9B-NVFP4,p2
0,0,,impulse,True,nvidia/NVIDIA-Nemotron-Labs-3-Puzzle-75B-A9B-NVFP4,p2
0,1,,abdomen,False,nvidia/NVIDIA-Nemotron-Labs-3-Puzzle-75B-A9B-NVFP4,p2
1,1,,jurisdiction,True,nvidia/NVIDIA-Nemotron-Labs-3-Puzzle-75B-A9B-NVFP4,p2
1,1,,jurisdiction,True,nvidia/NVIDIA-Nemotron-Labs-3-Puzzle-75B-A9B-NVFP4,p2
0,1,,jurisdiction,False,nvidia/NVIDIA-Nemotron-Labs-3-Puzzle-75B-A9B-NVFP4,p2
1,1,,burn,True,nvidia/NVIDIA-Nemotron-Labs-3-Puzzle-75B-A9B-NVFP4,p2
1,1,,burn,True,nvidia/NVIDIA-Nemotron-Labs-3-Puzzle-75B-A9B-NVFP4,p2
1,1,,burn,True,nvidia/NVIDIA-Nemotron-Labs-3-Puzzle-75B-A9B-NVFP4,p2
1,1,,burn,True,nvidia/NVIDIA-Nemotron-Labs-3-Puzzle-75B-A9B-NVFP4,p2
1,1,,burn,True,nvidia/NVIDIA-Nemotron-Labs-3-Puzzle-75B-A9B-NVFP4,p2
1,1,,burn,True,nvidia/NVIDIA-Nemotron-Labs-3-Puzzle-75B-A9B-NVFP4,p2
0,0,,burn,True,nvidia/NVIDIA-Nemotron-Labs-3-Puzzle-75B-A9B-NVFP4,p2
0,0,,burn,True,nvidia/NVIDIA-Nemotron-Labs-3-Puzzle-75B-A9B-NVFP4,p2
0,1,,burn,False,nvidia/NVIDIA-Nemotron-Labs-3-Puzzle-75B-A9B-NVFP4,p2
0,0,,burn,True,nvidia/NVIDIA-Nemotron-Labs-3-Puzzle-75B-A9B-NVFP4,p2
0,0,,burn,True,nvidia/NVIDIA-Nemotron-Labs-3-Puzzle-75B-A9B-NVFP4,p2
0,0,,burn,True,nvidia/NVIDIA-Nemotron-Labs-3-Puzzle-75B-A9B-NVFP4,p2
0,0,,burn,True,nvidia/NVIDIA-Nemotron-Labs-3-Puzzle-75B-A9B-NVFP4,p2
1,1,,hearing,True,nvidia/NVIDIA-Nemotron-Labs-3-Puzzle-75B-A9B-NVFP4,p2
1,1,,hearing,True,nvidia/NVIDIA-Nemotron-Labs-3-Puzzle-75B-A9B-NVFP4,p2
1,1,,hearing,True,nvidia/NVIDIA-Nemotron-Labs-3-Puzzle-75B-A9B-NVFP4,p2
0,1,,hearing,False,nvidia/NVIDIA-Nemotron-Labs-3-Puzzle-75B-A9B-NVFP4,p2
0,1,,hearing,False,nvidia/NVIDIA-Nemotron-Labs-3-Puzzle-75B-A9B-NVFP4,p2
0,1,,hearing,False,nvidia/NVIDIA-Nemotron-Labs-3-Puzzle-75B-A9B-NVFP4,p2
0,1,,deceive,False,nvidia/NVIDIA-Nemotron-Labs-3-Puzzle-75B-A9B-NVFP4,p2
0,1,,deceive,False,nvidia/NVIDIA-Nemotron-Labs-3-Puzzle-75B-A9B-NVFP4,p2
0,1,,exact,False,nvidia/NVIDIA-Nemotron-Labs-3-Puzzle-75B-A9B-NVFP4,p2
1,1,,potential,True,nvidia/NVIDIA-Nemotron-Labs-3-Puzzle-75B-A9B-NVFP4,p2
0,0,,potential,True,nvidia/NVIDIA-Nemotron-Labs-3-Puzzle-75B-A9B-NVFP4,p2
1,1,,indicator,True,nvidia/NVIDIA-Nemotron-Labs-3-Puzzle-75B-A9B-NVFP4,p2
1,1,,indicator,True,nvidia/NVIDIA-Nemotron-Labs-3-Puzzle-75B-A9B-NVFP4,p2
0,0,,indicator,True,nvidia/NVIDIA-Nemotron-Labs-3-Puzzle-75B-A9B-NVFP4,p2
0,0,,indicator,True,nvidia/NVIDIA-Nemotron-Labs-3-Puzzle-75B-A9B-NVFP4,p2
0,0,,indicator,True,nvidia/NVIDIA-Nemotron-Labs-3-Puzzle-75B-A9B-NVFP4,p2
0,1,,physiological,False,nvidia/NVIDIA-Nemotron-Labs-3-Puzzle-75B-A9B-NVFP4,p2
1,1,,perception,True,nvidia/NVIDIA-Nemotron-Labs-3-Puzzle-75B-A9B-NVFP4,p2
1,1,,perception,True,nvidia/NVIDIA-Nemotron-Labs-3-Puzzle-75B-A9B-NVFP4,p2
1,1,,perception,True,nvidia/NVIDIA-Nemotron-Labs-3-Puzzle-75B-A9B-NVFP4,p2
0,1,,perception,False,nvidia/NVIDIA-Nemotron-Labs-3-Puzzle-75B-A9B-NVFP4,p2
0,0,,perception,True,nvidia/NVIDIA-Nemotron-Labs-3-Puzzle-75B-A9B-NVFP4,p2
0,1,,perception,False,nvidia/NVIDIA-Nemotron-Labs-3-Puzzle-75B-A9B-NVFP4,p2
0,0,,perception,True,nvidia/NVIDIA-Nemotron-Labs-3-Puzzle-75B-A9B-NVFP4,p2
0,1,,perception,False,nvidia/NVIDIA-Nemotron-Labs-3-Puzzle-75B-A9B-NVFP4,p2
1,1,,career,True,nvidia/NVIDIA-Nemotron-Labs-3-Puzzle-75B-A9B-NVFP4,p2
0,1,,career,False,nvidia/NVIDIA-Nemotron-Labs-3-Puzzle-75B-A9B-NVFP4,p2
1,1,,cycle,True,nvidia/NVIDIA-Nemotron-Labs-3-Puzzle-75B-A9B-NVFP4,p2
1,1,,cycle,True,nvidia/NVIDIA-Nemotron-Labs-3-Puzzle-75B-A9B-NVFP4,p2
1,1,,cycle,True,nvidia/NVIDIA-Nemotron-Labs-3-Puzzle-75B-A9B-NVFP4,p2
0,1,,cycle,False,nvidia/NVIDIA-Nemotron-Labs-3-Puzzle-75B-A9B-NVFP4,p2
0,1,,cycle,False,nvidia/NVIDIA-Nemotron-Labs-3-Puzzle-75B-A9B-NVFP4,p2
0,0,,cycle,True,nvidia/NVIDIA-Nemotron-Labs-3-Puzzle-75B-A9B-NVFP4,p2
0,1,,cycle,False,nvidia/NVIDIA-Nemotron-Labs-3-Puzzle-75B-A9B-NVFP4,p2
1,1,,distribution,True,nvidia/NVIDIA-Nemotron-Labs-3-Puzzle-75B-A9B-NVFP4,p2
0,0,,distribution,True,nvidia/NVIDIA-Nemotron-Labs-3-Puzzle-75B-A9B-NVFP4,p2
0,1,,distribution,False,nvidia/NVIDIA-Nemotron-Labs-3-Puzzle-75B-A9B-NVFP4,p2
1,1,,assert,True,nvidia/NVIDIA-Nemotron-Labs-3-Puzzle-75B-A9B-NVFP4,p2
1,1,,assert,True,nvidia/NVIDIA-Nemotron-Labs-3-Puzzle-75B-A9B-NVFP4,p2
0,1,,assert,False,nvidia/NVIDIA-Nemotron-Labs-3-Puzzle-75B-A9B-NVFP4,p2
1,1,,deep,True,nvidia/NVIDIA-Nemotron-Labs-3-Puzzle-75B-A9B-NVFP4,p2
1,1,,deep,True,nvidia/NVIDIA-Nemotron-Labs-3-Puzzle-75B-A9B-NVFP4,p2
1,1,,deep,True,nvidia/NVIDIA-Nemotron-Labs-3-Puzzle-75B-A9B-NVFP4,p2
1,1,,deep,True,nvidia/NVIDIA-Nemotron-Labs-3-Puzzle-75B-A9B-NVFP4,p2
0,0,,deep,True,nvidia/NVIDIA-Nemotron-Labs-3-Puzzle-75B-A9B-NVFP4,p2
0,1,,deep,False,nvidia/NVIDIA-Nemotron-Labs-3-Puzzle-75B-A9B-NVFP4,p2
0,1,,deep,False,nvidia/NVIDIA-Nemotron-Labs-3-Puzzle-75B-A9B-NVFP4,p2
0,0,,deep,True,nvidia/NVIDIA-Nemotron-Labs-3-Puzzle-75B-A9B-NVFP4,p2
0,0,,deep,True,nvidia/NVIDIA-Nemotron-Labs-3-Puzzle-75B-A9B-NVFP4,p2
0,1,,deep,False,nvidia/NVIDIA-Nemotron-Labs-3-Puzzle-75B-A9B-NVFP4,p2
0,1,,deep,False,nvidia/NVIDIA-Nemotron-Labs-3-Puzzle-75B-A9B-NVFP4,p2
1,1,,house,True,nvidia/NVIDIA-Nemotron-Labs-3-Puzzle-75B-A9B-NVFP4,p2
1,1,,house,True,nvidia/NVIDIA-Nemotron-Labs-3-Puzzle-75B-A9B-NVFP4,p2
0,1,,house,False,nvidia/NVIDIA-Nemotron-Labs-3-Puzzle-75B-A9B-NVFP4,p2
1,1,,detail,True,nvidia/NVIDIA-Nemotron-Labs-3-Puzzle-75B-A9B-NVFP4,p2
1,1,,detail,True,nvidia/NVIDIA-Nemotron-Labs-3-Puzzle-75B-A9B-NVFP4,p2
1,1,,detail,True,nvidia/NVIDIA-Nemotron-Labs-3-Puzzle-75B-A9B-NVFP4,p2
0,0,,detail,True,nvidia/NVIDIA-Nemotron-Labs-3-Puzzle-75B-A9B-NVFP4,p2
0,0,,detail,True,nvidia/NVIDIA-Nemotron-Labs-3-Puzzle-75B-A9B-NVFP4,p2
0,0,,detail,True,nvidia/NVIDIA-Nemotron-Labs-3-Puzzle-75B-A9B-NVFP4,p2
1,1,,double,True,nvidia/NVIDIA-Nemotron-Labs-3-Puzzle-75B-A9B-NVFP4,p2
1,1,,double,True,nvidia/NVIDIA-Nemotron-Labs-3-Puzzle-75B-A9B-NVFP4,p2
1,1,,double,True,nvidia/NVIDIA-Nemotron-Labs-3-Puzzle-75B-A9B-NVFP4,p2
0,0,,double,True,nvidia/NVIDIA-Nemotron-Labs-3-Puzzle-75B-A9B-NVFP4,p2
0,0,,double,True,nvidia/NVIDIA-Nemotron-Labs-3-Puzzle-75B-A9B-NVFP4,p2
0,1,,double,False,nvidia/NVIDIA-Nemotron-Labs-3-Puzzle-75B-A9B-NVFP4,p2
0,1,,double,False,nvidia/NVIDIA-Nemotron-Labs-3-Puzzle-75B-A9B-NVFP4,p2
0,0,,double,True,nvidia/NVIDIA-Nemotron-Labs-3-Puzzle-75B-A9B-NVFP4,p2
1,1,,equilibrium,True,nvidia/NVIDIA-Nemotron-Labs-3-Puzzle-75B-A9B-NVFP4,p2
0,0,,equilibrium,True,nvidia/NVIDIA-Nemotron-Labs-3-Puzzle-75B-A9B-NVFP4,p2
1,1,,strain,True,nvidia/NVIDIA-Nemotron-Labs-3-Puzzle-75B-A9B-NVFP4,p2
1,1,,strain,True,nvidia/NVIDIA-Nemotron-Labs-3-Puzzle-75B-A9B-NVFP4,p2
1,1,,strain,True,nvidia/NVIDIA-Nemotron-Labs-3-Puzzle-75B-A9B-NVFP4,p2
1,1,,strain,True,nvidia/NVIDIA-Nemotron-Labs-3-Puzzle-75B-A9B-NVFP4,p2
1,1,,strain,True,nvidia/NVIDIA-Nemotron-Labs-3-Puzzle-75B-A9B-NVFP4,p2
0,0,,strain,True,nvidia/NVIDIA-Nemotron-Labs-3-Puzzle-75B-A9B-NVFP4,p2
0,0,,strain,True,nvidia/NVIDIA-Nemotron-Labs-3-Puzzle-75B-A9B-NVFP4,p2
0,1,,strain,False,nvidia/NVIDIA-Nemotron-Labs-3-Puzzle-75B-A9B-NVFP4,p2
0,0,,strain,True,nvidia/NVIDIA-Nemotron-Labs-3-Puzzle-75B-A9B-NVFP4,p2
0,0,,strain,True,nvidia/NVIDIA-Nemotron-Labs-3-Puzzle-75B-A9B-NVFP4,p2
0,0,,strain,True,nvidia/NVIDIA-Nemotron-Labs-3-Puzzle-75B-A9B-NVFP4,p2
0,0,,strain,True,nvidia/NVIDIA-Nemotron-Labs-3-Puzzle-75B-A9B-NVFP4,p2
0,0,,strain,True,nvidia/NVIDIA-Nemotron-Labs-3-Puzzle-75B-A9B-NVFP4,p2
0,0,,strain,True,nvidia/NVIDIA-Nemotron-Labs-3-Puzzle-75B-A9B-NVFP4,p2
0,1,,strain,False,nvidia/NVIDIA-Nemotron-Labs-3-Puzzle-75B-A9B-NVFP4,p2
0,0,,strain,True,nvidia/NVIDIA-Nemotron-Labs-3-Puzzle-75B-A9B-NVFP4,p2
0,1,,strain,False,nvidia/NVIDIA-Nemotron-Labs-3-Puzzle-75B-A9B-NVFP4,p2
0,0,,strain,True,nvidia/NVIDIA-Nemotron-Labs-3-Puzzle-75B-A9B-NVFP4,p2
0,0,,strain,True,nvidia/NVIDIA-Nemotron-Labs-3-Puzzle-75B-A9B-NVFP4,p2
0,1,,strain,False,nvidia/NVIDIA-Nemotron-Labs-3-Puzzle-75B-A9B-NVFP4,p2
0,0,,strain,True,nvidia/NVIDIA-Nemotron-Labs-3-Puzzle-75B-A9B-NVFP4,p2
1,1,,fixed,True,nvidia/NVIDIA-Nemotron-Labs-3-Puzzle-75B-A9B-NVFP4,p2
0,0,,fixed,True,nvidia/NVIDIA-Nemotron-Labs-3-Puzzle-75B-A9B-NVFP4,p2
0,0,,fixed,True,nvidia/NVIDIA-Nemotron-Labs-3-Puzzle-75B-A9B-NVFP4,p2
0,1,,fixed,False,nvidia/NVIDIA-Nemotron-Labs-3-Puzzle-75B-A9B-NVFP4,p2
1,1,,finely,True,nvidia/NVIDIA-Nemotron-Labs-3-Puzzle-75B-A9B-NVFP4,p2
1,1,,finely,True,nvidia/NVIDIA-Nemotron-Labs-3-Puzzle-75B-A9B-NVFP4,p2
0,0,,finely,True,nvidia/NVIDIA-Nemotron-Labs-3-Puzzle-75B-A9B-NVFP4,p2
0,0,,finely,True,nvidia/NVIDIA-Nemotron-Labs-3-Puzzle-75B-A9B-NVFP4,p2
1,1,,insure,True,nvidia/NVIDIA-Nemotron-Labs-3-Puzzle-75B-A9B-NVFP4,p2
1,1,,insure,True,nvidia/NVIDIA-Nemotron-Labs-3-Puzzle-75B-A9B-NVFP4,p2
0,1,,insure,False,nvidia/NVIDIA-Nemotron-Labs-3-Puzzle-75B-A9B-NVFP4,p2
0,0,,insure,True,nvidia/NVIDIA-Nemotron-Labs-3-Puzzle-75B-A9B-NVFP4,p2
1,1,,sink,True,nvidia/NVIDIA-Nemotron-Labs-3-Puzzle-75B-A9B-NVFP4,p2
1,1,,sink,True,nvidia/NVIDIA-Nemotron-Labs-3-Puzzle-75B-A9B-NVFP4,p2
1,1,,sink,True,nvidia/NVIDIA-Nemotron-Labs-3-Puzzle-75B-A9B-NVFP4,p2
1,1,,sink,True,nvidia/NVIDIA-Nemotron-Labs-3-Puzzle-75B-A9B-NVFP4,p2
0,1,,sink,False,nvidia/NVIDIA-Nemotron-Labs-3-Puzzle-75B-A9B-NVFP4,p2
0,1,,sink,False,nvidia/NVIDIA-Nemotron-Labs-3-Puzzle-75B-A9B-NVFP4,p2
0,0,,sink,True,nvidia/NVIDIA-Nemotron-Labs-3-Puzzle-75B-A9B-NVFP4,p2
0,0,,sink,True,nvidia/NVIDIA-Nemotron-Labs-3-Puzzle-75B-A9B-NVFP4,p2
1,1,,youth,True,nvidia/NVIDIA-Nemotron-Labs-3-Puzzle-75B-A9B-NVFP4,p2
1,1,,youth,True,nvidia/NVIDIA-Nemotron-Labs-3-Puzzle-75B-A9B-NVFP4,p2
1,1,,youth,True,nvidia/NVIDIA-Nemotron-Labs-3-Puzzle-75B-A9B-NVFP4,p2
1,0,,youth,False,nvidia/NVIDIA-Nemotron-Labs-3-Puzzle-75B-A9B-NVFP4,p2
0,1,,youth,False,nvidia/NVIDIA-Nemotron-Labs-3-Puzzle-75B-A9B-NVFP4,p2
0,1,,youth,False,nvidia/NVIDIA-Nemotron-Labs-3-Puzzle-75B-A9B-NVFP4,p2
1,1,,confront,True,nvidia/NVIDIA-Nemotron-Labs-3-Puzzle-75B-A9B-NVFP4,p2
0,1,,confront,False,nvidia/NVIDIA-Nemotron-Labs-3-Puzzle-75B-A9B-NVFP4,p2
0,1,,confront,False,nvidia/NVIDIA-Nemotron-Labs-3-Puzzle-75B-A9B-NVFP4,p2
0,1,,confront,False,nvidia/NVIDIA-Nemotron-Labs-3-Puzzle-75B-A9B-NVFP4,p2
1,0,,middle,False,nvidia/NVIDIA-Nemotron-Labs-3-Puzzle-75B-A9B-NVFP4,p2
1,1,,middle,True,nvidia/NVIDIA-Nemotron-Labs-3-Puzzle-75B-A9B-NVFP4,p2
1,1,,middle,True,nvidia/NVIDIA-Nemotron-Labs-3-Puzzle-75B-A9B-NVFP4,p2
0,1,,middle,False,nvidia/NVIDIA-Nemotron-Labs-3-Puzzle-75B-A9B-NVFP4,p2
0,1,,middle,False,nvidia/NVIDIA-Nemotron-Labs-3-Puzzle-75B-A9B-NVFP4,p2
0,0,,middle,True,nvidia/NVIDIA-Nemotron-Labs-3-Puzzle-75B-A9B-NVFP4,p2
0,1,,isolate,False,nvidia/NVIDIA-Nemotron-Labs-3-Puzzle-75B-A9B-NVFP4,p2
0,1,,isolate,False,nvidia/NVIDIA-Nemotron-Labs-3-Puzzle-75B-A9B-NVFP4,p2
0,0,,isolate,True,nvidia/NVIDIA-Nemotron-Labs-3-Puzzle-75B-A9B-NVFP4,p2
1,0,,accumulate,False,nvidia/NVIDIA-Nemotron-Labs-3-Puzzle-75B-A9B-NVFP4,p2
0,1,,accumulate,False,nvidia/NVIDIA-Nemotron-Labs-3-Puzzle-75B-A9B-NVFP4,p2
0,1,,accumulate,False,nvidia/NVIDIA-Nemotron-Labs-3-Puzzle-75B-A9B-NVFP4,p2
1,1,,tightly,True,nvidia/NVIDIA-Nemotron-Labs-3-Puzzle-75B-A9B-NVFP4,p2
1,1,,tuft,True,nvidia/NVIDIA-Nemotron-Labs-3-Puzzle-75B-A9B-NVFP4,p2
1,1,,tuft,True,nvidia/NVIDIA-Nemotron-Labs-3-Puzzle-75B-A9B-NVFP4,p2
0,1,,tuft,False,nvidia/NVIDIA-Nemotron-Labs-3-Puzzle-75B-A9B-NVFP4,p2
0,1,,tuft,False,nvidia/NVIDIA-Nemotron-Labs-3-Puzzle-75B-A9B-NVFP4,p2
1,1,,appeal,True,nvidia/NVIDIA-Nemotron-Labs-3-Puzzle-75B-A9B-NVFP4,p2
1,1,,appeal,True,nvidia/NVIDIA-Nemotron-Labs-3-Puzzle-75B-A9B-NVFP4,p2
1,1,,appeal,True,nvidia/NVIDIA-Nemotron-Labs-3-Puzzle-75B-A9B-NVFP4,p2
1,1,,appeal,True,nvidia/NVIDIA-Nemotron-Labs-3-Puzzle-75B-A9B-NVFP4,p2
1,1,,appeal,True,nvidia/NVIDIA-Nemotron-Labs-3-Puzzle-75B-A9B-NVFP4,p2
1,1,,appeal,True,nvidia/NVIDIA-Nemotron-Labs-3-Puzzle-75B-A9B-NVFP4,p2
0,0,,appeal,True,nvidia/NVIDIA-Nemotron-Labs-3-Puzzle-75B-A9B-NVFP4,p2
0,0,,appeal,True,nvidia/NVIDIA-Nemotron-Labs-3-Puzzle-75B-A9B-NVFP4,p2
0,0,,appeal,True,nvidia/NVIDIA-Nemotron-Labs-3-Puzzle-75B-A9B-NVFP4,p2
0,1,,appeal,False,nvidia/NVIDIA-Nemotron-Labs-3-Puzzle-75B-A9B-NVFP4,p2
0,1,,appeal,False,nvidia/NVIDIA-Nemotron-Labs-3-Puzzle-75B-A9B-NVFP4,p2
0,0,,appeal,True,nvidia/NVIDIA-Nemotron-Labs-3-Puzzle-75B-A9B-NVFP4,p2
0,0,,appeal,True,nvidia/NVIDIA-Nemotron-Labs-3-Puzzle-75B-A9B-NVFP4,p2
1,1,,confused,True,nvidia/NVIDIA-Nemotron-Labs-3-Puzzle-75B-A9B-NVFP4,p2
1,1,,confused,True,nvidia/NVIDIA-Nemotron-Labs-3-Puzzle-75B-A9B-NVFP4,p2
1,0,,confused,False,nvidia/NVIDIA-Nemotron-Labs-3-Puzzle-75B-A9B-NVFP4,p2
1,1,,confused,True,nvidia/NVIDIA-Nemotron-Labs-3-Puzzle-75B-A9B-NVFP4,p2
0,1,,confused,False,nvidia/NVIDIA-Nemotron-Labs-3-Puzzle-75B-A9B-NVFP4,p2
0,1,,confused,False,nvidia/NVIDIA-Nemotron-Labs-3-Puzzle-75B-A9B-NVFP4,p2
0,1,,confused,False,nvidia/NVIDIA-Nemotron-Labs-3-Puzzle-75B-A9B-NVFP4,p2
1,0,,disturb,False,nvidia/NVIDIA-Nemotron-Labs-3-Puzzle-75B-A9B-NVFP4,p2
1,1,,disturb,True,nvidia/NVIDIA-Nemotron-Labs-3-Puzzle-75B-A9B-NVFP4,p2
1,1,,disturb,True,nvidia/NVIDIA-Nemotron-Labs-3-Puzzle-75B-A9B-NVFP4,p2
0,1,,disturb,False,nvidia/NVIDIA-Nemotron-Labs-3-Puzzle-75B-A9B-NVFP4,p2
0,1,,disturb,False,nvidia/NVIDIA-Nemotron-Labs-3-Puzzle-75B-A9B-NVFP4,p2
0,1,,disturb,False,nvidia/NVIDIA-Nemotron-Labs-3-Puzzle-75B-A9B-NVFP4,p2
1,1,,depart,True,nvidia/NVIDIA-Nemotron-Labs-3-Puzzle-75B-A9B-NVFP4,p2
1,1,,depart,True,nvidia/NVIDIA-Nemotron-Labs-3-Puzzle-75B-A9B-NVFP4,p2
0,1,,depart,False,nvidia/NVIDIA-Nemotron-Labs-3-Puzzle-75B-A9B-NVFP4,p2
0,0,,depart,True,nvidia/NVIDIA-Nemotron-Labs-3-Puzzle-75B-A9B-NVFP4,p2
0,0,,depart,True,nvidia/NVIDIA-Nemotron-Labs-3-Puzzle-75B-A9B-NVFP4,p2
0,0,,depart,True,nvidia/NVIDIA-Nemotron-Labs-3-Puzzle-75B-A9B-NVFP4,p2
1,0,,conscious,False,nvidia/NVIDIA-Nemotron-Labs-3-Puzzle-75B-A9B-NVFP4,p2
1,1,,conscious,True,nvidia/NVIDIA-Nemotron-Labs-3-Puzzle-75B-A9B-NVFP4,p2
0,0,,conscious,True,nvidia/NVIDIA-Nemotron-Labs-3-Puzzle-75B-A9B-NVFP4,p2
0,1,,conscious,False,nvidia/NVIDIA-Nemotron-Labs-3-Puzzle-75B-A9B-NVFP4,p2
1,1,,leadership,True,nvidia/NVIDIA-Nemotron-Labs-3-Puzzle-75B-A9B-NVFP4,p2
1,1,,leadership,True,nvidia/NVIDIA-Nemotron-Labs-3-Puzzle-75B-A9B-NVFP4,p2
0,1,,leadership,False,nvidia/NVIDIA-Nemotron-Labs-3-Puzzle-75B-A9B-NVFP4,p2
0,1,,leadership,False,nvidia/NVIDIA-Nemotron-Labs-3-Puzzle-75B-A9B-NVFP4,p2
0,1,,leadership,False,nvidia/NVIDIA-Nemotron-Labs-3-Puzzle-75B-A9B-NVFP4,p2
0,1,,leadership,False,nvidia/NVIDIA-Nemotron-Labs-3-Puzzle-75B-A9B-NVFP4,p2
1,1,,cover,True,nvidia/NVIDIA-Nemotron-Labs-3-Puzzle-75B-A9B-NVFP4,p2
1,1,,cover,True,nvidia/NVIDIA-Nemotron-Labs-3-Puzzle-75B-A9B-NVFP4,p2
1,1,,cover,True,nvidia/NVIDIA-Nemotron-Labs-3-Puzzle-75B-A9B-NVFP4,p2
1,1,,cover,True,nvidia/NVIDIA-Nemotron-Labs-3-Puzzle-75B-A9B-NVFP4,p2
1,1,,cover,True,nvidia/NVIDIA-Nemotron-Labs-3-Puzzle-75B-A9B-NVFP4,p2
0,0,,cover,True,nvidia/NVIDIA-Nemotron-Labs-3-Puzzle-75B-A9B-NVFP4,p2
0,0,,cover,True,nvidia/NVIDIA-Nemotron-Labs-3-Puzzle-75B-A9B-NVFP4,p2
0,0,,cover,True,nvidia/NVIDIA-Nemotron-Labs-3-Puzzle-75B-A9B-NVFP4,p2
0,0,,cover,True,nvidia/NVIDIA-Nemotron-Labs-3-Puzzle-75B-A9B-NVFP4,p2
0,1,,cover,False,nvidia/NVIDIA-Nemotron-Labs-3-Puzzle-75B-A9B-NVFP4,p2
1,1,,break_down,True,nvidia/NVIDIA-Nemotron-Labs-3-Puzzle-75B-A9B-NVFP4,p2
1,0,,break_down,False,nvidia/NVIDIA-Nemotron-Labs-3-Puzzle-75B-A9B-NVFP4,p2
1,1,,break_down,True,nvidia/NVIDIA-Nemotron-Labs-3-Puzzle-75B-A9B-NVFP4,p2
0,1,,break_down,False,nvidia/NVIDIA-Nemotron-Labs-3-Puzzle-75B-A9B-NVFP4,p2
0,0,,break_down,True,nvidia/NVIDIA-Nemotron-Labs-3-Puzzle-75B-A9B-NVFP4,p2
0,0,,break_down,True,nvidia/NVIDIA-Nemotron-Labs-3-Puzzle-75B-A9B-NVFP4,p2
1,1,,manufacturer,True,nvidia/NVIDIA-Nemotron-Labs-3-Puzzle-75B-A9B-NVFP4,p2
0,1,,manufacturer,False,nvidia/NVIDIA-Nemotron-Labs-3-Puzzle-75B-A9B-NVFP4,p2
0,1,,manufacturer,False,nvidia/NVIDIA-Nemotron-Labs-3-Puzzle-75B-A9B-NVFP4,p2
1,1,,fundamental,True,nvidia/NVIDIA-Nemotron-Labs-3-Puzzle-75B-A9B-NVFP4,p2
1,1,,fundamental,True,nvidia/NVIDIA-Nemotron-Labs-3-Puzzle-75B-A9B-NVFP4,p2
0,1,,fundamental,False,nvidia/NVIDIA-Nemotron-Labs-3-Puzzle-75B-A9B-NVFP4,p2
0,1,,fundamental,False,nvidia/NVIDIA-Nemotron-Labs-3-Puzzle-75B-A9B-NVFP4,p2
1,1,,net,True,nvidia/NVIDIA-Nemotron-Labs-3-Puzzle-75B-A9B-NVFP4,p2
1,1,,net,True,nvidia/NVIDIA-Nemotron-Labs-3-Puzzle-75B-A9B-NVFP4,p2
0,0,,net,True,nvidia/NVIDIA-Nemotron-Labs-3-Puzzle-75B-A9B-NVFP4,p2
0,0,,net,True,nvidia/NVIDIA-Nemotron-Labs-3-Puzzle-75B-A9B-NVFP4,p2
0,0,,net,True,nvidia/NVIDIA-Nemotron-Labs-3-Puzzle-75B-A9B-NVFP4,p2
1,1,,disapproval,True,nvidia/NVIDIA-Nemotron-Labs-3-Puzzle-75B-A9B-NVFP4,p2
1,1,,disapproval,True,nvidia/NVIDIA-Nemotron-Labs-3-Puzzle-75B-A9B-NVFP4,p2
0,1,,disapproval,False,nvidia/NVIDIA-Nemotron-Labs-3-Puzzle-75B-A9B-NVFP4,p2
0,1,,disapproval,False,nvidia/NVIDIA-Nemotron-Labs-3-Puzzle-75B-A9B-NVFP4,p2
1,1,,base,True,nvidia/NVIDIA-Nemotron-Labs-3-Puzzle-75B-A9B-NVFP4,p2
1,1,,base,True,nvidia/NVIDIA-Nemotron-Labs-3-Puzzle-75B-A9B-NVFP4,p2
1,1,,base,True,nvidia/NVIDIA-Nemotron-Labs-3-Puzzle-75B-A9B-NVFP4,p2
1,1,,base,True,nvidia/NVIDIA-Nemotron-Labs-3-Puzzle-75B-A9B-NVFP4,p2
1,1,,base,True,nvidia/NVIDIA-Nemotron-Labs-3-Puzzle-75B-A9B-NVFP4,p2
1,1,,base,True,nvidia/NVIDIA-Nemotron-Labs-3-Puzzle-75B-A9B-NVFP4,p2
1,1,,base,True,nvidia/NVIDIA-Nemotron-Labs-3-Puzzle-75B-A9B-NVFP4,p2
1,0,,base,False,nvidia/NVIDIA-Nemotron-Labs-3-Puzzle-75B-A9B-NVFP4,p2
1,1,,base,True,nvidia/NVIDIA-Nemotron-Labs-3-Puzzle-75B-A9B-NVFP4,p2
1,1,,base,True,nvidia/NVIDIA-Nemotron-Labs-3-Puzzle-75B-A9B-NVFP4,p2
1,0,,base,False,nvidia/NVIDIA-Nemotron-Labs-3-Puzzle-75B-A9B-NVFP4,p2
1,1,,base,True,nvidia/NVIDIA-Nemotron-Labs-3-Puzzle-75B-A9B-NVFP4,p2
1,1,,base,True,nvidia/NVIDIA-Nemotron-Labs-3-Puzzle-75B-A9B-NVFP4,p2
0,0,,base,True,nvidia/NVIDIA-Nemotron-Labs-3-Puzzle-75B-A9B-NVFP4,p2
0,1,,base,False,nvidia/NVIDIA-Nemotron-Labs-3-Puzzle-75B-A9B-NVFP4,p2
0,0,,base,True,nvidia/NVIDIA-Nemotron-Labs-3-Puzzle-75B-A9B-NVFP4,p2
0,0,,base,True,nvidia/NVIDIA-Nemotron-Labs-3-Puzzle-75B-A9B-NVFP4,p2
0,0,,base,True,nvidia/NVIDIA-Nemotron-Labs-3-Puzzle-75B-A9B-NVFP4,p2
0,0,,base,True,nvidia/NVIDIA-Nemotron-Labs-3-Puzzle-75B-A9B-NVFP4,p2
0,0,,base,True,nvidia/NVIDIA-Nemotron-Labs-3-Puzzle-75B-A9B-NVFP4,p2
0,0,,base,True,nvidia/NVIDIA-Nemotron-Labs-3-Puzzle-75B-A9B-NVFP4,p2
0,0,,base,True,nvidia/NVIDIA-Nemotron-Labs-3-Puzzle-75B-A9B-NVFP4,p2
0,0,,base,True,nvidia/NVIDIA-Nemotron-Labs-3-Puzzle-75B-A9B-NVFP4,p2
0,0,,base,True,nvidia/NVIDIA-Nemotron-Labs-3-Puzzle-75B-A9B-NVFP4,p2
0,0,,base,True,nvidia/NVIDIA-Nemotron-Labs-3-Puzzle-75B-A9B-NVFP4,p2
0,0,,base,True,nvidia/NVIDIA-Nemotron-Labs-3-Puzzle-75B-A9B-NVFP4,p2
0,0,,base,True,nvidia/NVIDIA-Nemotron-Labs-3-Puzzle-75B-A9B-NVFP4,p2
0,0,,base,True,nvidia/NVIDIA-Nemotron-Labs-3-Puzzle-75B-A9B-NVFP4,p2
1,1,,sweep,True,nvidia/NVIDIA-Nemotron-Labs-3-Puzzle-75B-A9B-NVFP4,p2
1,1,,sweep,True,nvidia/NVIDIA-Nemotron-Labs-3-Puzzle-75B-A9B-NVFP4,p2
1,1,,sweep,True,nvidia/NVIDIA-Nemotron-Labs-3-Puzzle-75B-A9B-NVFP4,p2
1,0,,sweep,False,nvidia/NVIDIA-Nemotron-Labs-3-Puzzle-75B-A9B-NVFP4,p2
0,0,,sweep,True,nvidia/NVIDIA-Nemotron-Labs-3-Puzzle-75B-A9B-NVFP4,p2
0,0,,sweep,True,nvidia/NVIDIA-Nemotron-Labs-3-Puzzle-75B-A9B-NVFP4,p2
0,1,,sweep,False,nvidia/NVIDIA-Nemotron-Labs-3-Puzzle-75B-A9B-NVFP4,p2
0,0,,sweep,True,nvidia/NVIDIA-Nemotron-Labs-3-Puzzle-75B-A9B-NVFP4,p2
0,0,,sweep,True,nvidia/NVIDIA-Nemotron-Labs-3-Puzzle-75B-A9B-NVFP4,p2
0,0,,sweep,True,nvidia/NVIDIA-Nemotron-Labs-3-Puzzle-75B-A9B-NVFP4,p2
1,1,,council,True,nvidia/NVIDIA-Nemotron-Labs-3-Puzzle-75B-A9B-NVFP4,p2
0,1,,council,False,nvidia/NVIDIA-Nemotron-Labs-3-Puzzle-75B-A9B-NVFP4,p2
0,0,,council,True,nvidia/NVIDIA-Nemotron-Labs-3-Puzzle-75B-A9B-NVFP4,p2
1,1,,campaign,True,nvidia/NVIDIA-Nemotron-Labs-3-Puzzle-75B-A9B-NVFP4,p2
1,1,,campaign,True,nvidia/NVIDIA-Nemotron-Labs-3-Puzzle-75B-A9B-NVFP4,p2
1,1,,campaign,True,nvidia/NVIDIA-Nemotron-Labs-3-Puzzle-75B-A9B-NVFP4,p2
1,1,,campaign,True,nvidia/NVIDIA-Nemotron-Labs-3-Puzzle-75B-A9B-NVFP4,p2
0,1,,campaign,False,nvidia/NVIDIA-Nemotron-Labs-3-Puzzle-75B-A9B-NVFP4,p2
0,0,,campaign,True,nvidia/NVIDIA-Nemotron-Labs-3-Puzzle-75B-A9B-NVFP4,p2
0,0,,campaign,True,nvidia/NVIDIA-Nemotron-Labs-3-Puzzle-75B-A9B-NVFP4,p2
0,1,,campaign,False,nvidia/NVIDIA-Nemotron-Labs-3-Puzzle-75B-A9B-NVFP4,p2
1,1,,unite,True,nvidia/NVIDIA-Nemotron-Labs-3-Puzzle-75B-A9B-NVFP4,p2
1,1,,unite,True,nvidia/NVIDIA-Nemotron-Labs-3-Puzzle-75B-A9B-NVFP4,p2
1,1,,unite,True,nvidia/NVIDIA-Nemotron-Labs-3-Puzzle-75B-A9B-NVFP4,p2
1,1,,unite,True,nvidia/NVIDIA-Nemotron-Labs-3-Puzzle-75B-A9B-NVFP4,p2
0,1,,unite,False,nvidia/NVIDIA-Nemotron-Labs-3-Puzzle-75B-A9B-NVFP4,p2
0,0,,civilization,True,nvidia/NVIDIA-Nemotron-Labs-3-Puzzle-75B-A9B-NVFP4,p2
0,1,,civilization,False,nvidia/NVIDIA-Nemotron-Labs-3-Puzzle-75B-A9B-NVFP4,p2
0,0,,civilization,True,nvidia/NVIDIA-Nemotron-Labs-3-Puzzle-75B-A9B-NVFP4,p2
1,1,,gesture,True,nvidia/NVIDIA-Nemotron-Labs-3-Puzzle-75B-A9B-NVFP4,p2
0,1,,gesture,False,nvidia/NVIDIA-Nemotron-Labs-3-Puzzle-75B-A9B-NVFP4,p2
0,0,,gesture,True,nvidia/NVIDIA-Nemotron-Labs-3-Puzzle-75B-A9B-NVFP4,p2
1,1,,rail,True,nvidia/NVIDIA-Nemotron-Labs-3-Puzzle-75B-A9B-NVFP4,p2
1,1,,rail,True,nvidia/NVIDIA-Nemotron-Labs-3-Puzzle-75B-A9B-NVFP4,p2
1,1,,rail,True,nvidia/NVIDIA-Nemotron-Labs-3-Puzzle-75B-A9B-NVFP4,p2
1,1,,rail,True,nvidia/NVIDIA-Nemotron-Labs-3-Puzzle-75B-A9B-NVFP4,p2
0,0,,rail,True,nvidia/NVIDIA-Nemotron-Labs-3-Puzzle-75B-A9B-NVFP4,p2
0,1,,rail,False,nvidia/NVIDIA-Nemotron-Labs-3-Puzzle-75B-A9B-NVFP4,p2
0,0,,rail,True,nvidia/NVIDIA-Nemotron-Labs-3-Puzzle-75B-A9B-NVFP4,p2
0,0,,rail,True,nvidia/NVIDIA-Nemotron-Labs-3-Puzzle-75B-A9B-NVFP4,p2
1,1,,sympathy,True,nvidia/NVIDIA-Nemotron-Labs-3-Puzzle-75B-A9B-NVFP4,p2
1,1,,sympathy,True,nvidia/NVIDIA-Nemotron-Labs-3-Puzzle-75B-A9B-NVFP4,p2
0,0,,sympathy,True,nvidia/NVIDIA-Nemotron-Labs-3-Puzzle-75B-A9B-NVFP4,p2
0,1,,sympathy,False,nvidia/NVIDIA-Nemotron-Labs-3-Puzzle-75B-A9B-NVFP4,p2
0,0,,sympathy,True,nvidia/NVIDIA-Nemotron-Labs-3-Puzzle-75B-A9B-NVFP4,p2
1,1,,observer,True,nvidia/NVIDIA-Nemotron-Labs-3-Puzzle-75B-A9B-NVFP4,p2
0,1,,observer,False,nvidia/NVIDIA-Nemotron-Labs-3-Puzzle-75B-A9B-NVFP4,p2
1,1,,proportion,True,nvidia/NVIDIA-Nemotron-Labs-3-Puzzle-75B-A9B-NVFP4,p2
1,1,,proportion,True,nvidia/NVIDIA-Nemotron-Labs-3-Puzzle-75B-A9B-NVFP4,p2
0,1,,proportion,False,nvidia/NVIDIA-Nemotron-Labs-3-Puzzle-75B-A9B-NVFP4,p2
0,1,,proportion,False,nvidia/NVIDIA-Nemotron-Labs-3-Puzzle-75B-A9B-NVFP4,p2
1,1,,romantic,True,nvidia/NVIDIA-Nemotron-Labs-3-Puzzle-75B-A9B-NVFP4,p2
1,1,,romantic,True,nvidia/NVIDIA-Nemotron-Labs-3-Puzzle-75B-A9B-NVFP4,p2
0,1,,romantic,False,nvidia/NVIDIA-Nemotron-Labs-3-Puzzle-75B-A9B-NVFP4,p2
0,0,,romantic,True,nvidia/NVIDIA-Nemotron-Labs-3-Puzzle-75B-A9B-NVFP4,p2
0,1,,romantic,False,nvidia/NVIDIA-Nemotron-Labs-3-Puzzle-75B-A9B-NVFP4,p2
1,1,,mood,True,nvidia/NVIDIA-Nemotron-Labs-3-Puzzle-75B-A9B-NVFP4,p2
1,1,,mood,True,nvidia/NVIDIA-Nemotron-Labs-3-Puzzle-75B-A9B-NVFP4,p2
0,0,,mood,True,nvidia/NVIDIA-Nemotron-Labs-3-Puzzle-75B-A9B-NVFP4,p2
0,0,,mood,True,nvidia/NVIDIA-Nemotron-Labs-3-Puzzle-75B-A9B-NVFP4,p2
1,0,,humor,False,nvidia/NVIDIA-Nemotron-Labs-3-Puzzle-75B-A9B-NVFP4,p2
1,1,,humor,True,nvidia/NVIDIA-Nemotron-Labs-3-Puzzle-75B-A9B-NVFP4,p2
1,1,,humor,True,nvidia/NVIDIA-Nemotron-Labs-3-Puzzle-75B-A9B-NVFP4,p2
1,1,,humor,True,nvidia/NVIDIA-Nemotron-Labs-3-Puzzle-75B-A9B-NVFP4,p2
1,0,,humor,False,nvidia/NVIDIA-Nemotron-Labs-3-Puzzle-75B-A9B-NVFP4,p2
0,0,,humor,True,nvidia/NVIDIA-Nemotron-Labs-3-Puzzle-75B-A9B-NVFP4,p2
0,0,,humor,True,nvidia/NVIDIA-Nemotron-Labs-3-Puzzle-75B-A9B-NVFP4,p2
0,0,,humor,True,nvidia/NVIDIA-Nemotron-Labs-3-Puzzle-75B-A9B-NVFP4,p2
0,0,,humor,True,nvidia/NVIDIA-Nemotron-Labs-3-Puzzle-75B-A9B-NVFP4,p2
0,0,,humor,True,nvidia/NVIDIA-Nemotron-Labs-3-Puzzle-75B-A9B-NVFP4,p2
1,1,,consume,True,nvidia/NVIDIA-Nemotron-Labs-3-Puzzle-75B-A9B-NVFP4,p2
1,1,,consume,True,nvidia/NVIDIA-Nemotron-Labs-3-Puzzle-75B-A9B-NVFP4,p2
1,1,,consume,True,nvidia/NVIDIA-Nemotron-Labs-3-Puzzle-75B-A9B-NVFP4,p2
0,0,,consume,True,nvidia/NVIDIA-Nemotron-Labs-3-Puzzle-75B-A9B-NVFP4,p2
0,1,,consume,False,nvidia/NVIDIA-Nemotron-Labs-3-Puzzle-75B-A9B-NVFP4,p2
0,0,,consume,True,nvidia/NVIDIA-Nemotron-Labs-3-Puzzle-75B-A9B-NVFP4,p2
0,1,,consume,False,nvidia/NVIDIA-Nemotron-Labs-3-Puzzle-75B-A9B-NVFP4,p2
1,1,,theology,True,nvidia/NVIDIA-Nemotron-Labs-3-Puzzle-75B-A9B-NVFP4,p2
1,1,,theology,True,nvidia/NVIDIA-Nemotron-Labs-3-Puzzle-75B-A9B-NVFP4,p2
0,1,,theology,False,nvidia/NVIDIA-Nemotron-Labs-3-Puzzle-75B-A9B-NVFP4,p2
0,1,,theology,False,nvidia/NVIDIA-Nemotron-Labs-3-Puzzle-75B-A9B-NVFP4,p2
1,1,,flow,True,nvidia/NVIDIA-Nemotron-Labs-3-Puzzle-75B-A9B-NVFP4,p2
1,1,,flow,True,nvidia/NVIDIA-Nemotron-Labs-3-Puzzle-75B-A9B-NVFP4,p2
0,1,,flow,False,nvidia/NVIDIA-Nemotron-Labs-3-Puzzle-75B-A9B-NVFP4,p2
0,1,,flow,False,nvidia/NVIDIA-Nemotron-Labs-3-Puzzle-75B-A9B-NVFP4,p2
0,1,,flow,False,nvidia/NVIDIA-Nemotron-Labs-3-Puzzle-75B-A9B-NVFP4,p2
0,0,,flow,True,nvidia/NVIDIA-Nemotron-Labs-3-Puzzle-75B-A9B-NVFP4,p2
0,1,,flow,False,nvidia/NVIDIA-Nemotron-Labs-3-Puzzle-75B-A9B-NVFP4,p2
1,1,,decay,True,nvidia/NVIDIA-Nemotron-Labs-3-Puzzle-75B-A9B-NVFP4,p2
1,1,,decay,True,nvidia/NVIDIA-Nemotron-Labs-3-Puzzle-75B-A9B-NVFP4,p2
0,0,,decay,True,nvidia/NVIDIA-Nemotron-Labs-3-Puzzle-75B-A9B-NVFP4,p2
0,0,,decay,True,nvidia/NVIDIA-Nemotron-Labs-3-Puzzle-75B-A9B-NVFP4,p2
1,1,,outstanding,True,nvidia/NVIDIA-Nemotron-Labs-3-Puzzle-75B-A9B-NVFP4,p2
1,1,,outstanding,True,nvidia/NVIDIA-Nemotron-Labs-3-Puzzle-75B-A9B-NVFP4,p2
1,0,,outstanding,False,nvidia/NVIDIA-Nemotron-Labs-3-Puzzle-75B-A9B-NVFP4,p2
0,0,,outstanding,True,nvidia/NVIDIA-Nemotron-Labs-3-Puzzle-75B-A9B-NVFP4,p2
0,0,,outstanding,True,nvidia/NVIDIA-Nemotron-Labs-3-Puzzle-75B-A9B-NVFP4,p2
0,0,,outstanding,True,nvidia/NVIDIA-Nemotron-Labs-3-Puzzle-75B-A9B-NVFP4,p2
1,0,,seal,False,nvidia/NVIDIA-Nemotron-Labs-3-Puzzle-75B-A9B-NVFP4,p2
1,1,,seal,True,nvidia/NVIDIA-Nemotron-Labs-3-Puzzle-75B-A9B-NVFP4,p2
1,1,,seal,True,nvidia/NVIDIA-Nemotron-Labs-3-Puzzle-75B-A9B-NVFP4,p2
1,1,,seal,True,nvidia/NVIDIA-Nemotron-Labs-3-Puzzle-75B-A9B-NVFP4,p2
1,1,,seal,True,nvidia/NVIDIA-Nemotron-Labs-3-Puzzle-75B-A9B-NVFP4,p2
0,0,,seal,True,nvidia/NVIDIA-Nemotron-Labs-3-Puzzle-75B-A9B-NVFP4,p2
0,0,,seal,True,nvidia/NVIDIA-Nemotron-Labs-3-Puzzle-75B-A9B-NVFP4,p2
0,0,,seal,True,nvidia/NVIDIA-Nemotron-Labs-3-Puzzle-75B-A9B-NVFP4,p2
0,0,,seal,True,nvidia/NVIDIA-Nemotron-Labs-3-Puzzle-75B-A9B-NVFP4,p2
0,1,,seal,False,nvidia/NVIDIA-Nemotron-Labs-3-Puzzle-75B-A9B-NVFP4,p2
0,0,,seal,True,nvidia/NVIDIA-Nemotron-Labs-3-Puzzle-75B-A9B-NVFP4,p2
0,0,,seal,True,nvidia/NVIDIA-Nemotron-Labs-3-Puzzle-75B-A9B-NVFP4,p2
0,0,,seal,True,nvidia/NVIDIA-Nemotron-Labs-3-Puzzle-75B-A9B-NVFP4,p2
0,1,,seal,False,nvidia/NVIDIA-Nemotron-Labs-3-Puzzle-75B-A9B-NVFP4,p2
1,1,,ultimate,True,nvidia/NVIDIA-Nemotron-Labs-3-Puzzle-75B-A9B-NVFP4,p2
0,1,,ultimate,False,nvidia/NVIDIA-Nemotron-Labs-3-Puzzle-75B-A9B-NVFP4,p2
1,1,,movable,True,nvidia/NVIDIA-Nemotron-Labs-3-Puzzle-75B-A9B-NVFP4,p2
0,1,,movable,False,nvidia/NVIDIA-Nemotron-Labs-3-Puzzle-75B-A9B-NVFP4,p2
0,1,,movable,False,nvidia/NVIDIA-Nemotron-Labs-3-Puzzle-75B-A9B-NVFP4,p2
1,1,,precisely,True,nvidia/NVIDIA-Nemotron-Labs-3-Puzzle-75B-A9B-NVFP4,p2
0,1,,precisely,False,nvidia/NVIDIA-Nemotron-Labs-3-Puzzle-75B-A9B-NVFP4,p2
0,1,,precisely,False,nvidia/NVIDIA-Nemotron-Labs-3-Puzzle-75B-A9B-NVFP4,p2
1,1,,acceptance,True,nvidia/NVIDIA-Nemotron-Labs-3-Puzzle-75B-A9B-NVFP4,p2
1,1,,acceptance,True,nvidia/NVIDIA-Nemotron-Labs-3-Puzzle-75B-A9B-NVFP4,p2
1,1,,acceptance,True,nvidia/NVIDIA-Nemotron-Labs-3-Puzzle-75B-A9B-NVFP4,p2
1,1,,acceptance,True,nvidia/NVIDIA-Nemotron-Labs-3-Puzzle-75B-A9B-NVFP4,p2
1,1,,acceptance,True,nvidia/NVIDIA-Nemotron-Labs-3-Puzzle-75B-A9B-NVFP4,p2
0,0,,acceptance,True,nvidia/NVIDIA-Nemotron-Labs-3-Puzzle-75B-A9B-NVFP4,p2
0,0,,acceptance,True,nvidia/NVIDIA-Nemotron-Labs-3-Puzzle-75B-A9B-NVFP4,p2
0,0,,acceptance,True,nvidia/NVIDIA-Nemotron-Labs-3-Puzzle-75B-A9B-NVFP4,p2
0,0,,acceptance,True,nvidia/NVIDIA-Nemotron-Labs-3-Puzzle-75B-A9B-NVFP4,p2
0,0,,arrow,True,nvidia/NVIDIA-Nemotron-Labs-3-Puzzle-75B-A9B-NVFP4,p2
0,1,,steep,False,nvidia/NVIDIA-Nemotron-Labs-3-Puzzle-75B-A9B-NVFP4,p2
0,1,,steep,False,nvidia/NVIDIA-Nemotron-Labs-3-Puzzle-75B-A9B-NVFP4,p2
1,1,,crack,True,nvidia/NVIDIA-Nemotron-Labs-3-Puzzle-75B-A9B-NVFP4,p2
1,1,,crack,True,nvidia/NVIDIA-Nemotron-Labs-3-Puzzle-75B-A9B-NVFP4,p2
1,1,,crack,True,nvidia/NVIDIA-Nemotron-Labs-3-Puzzle-75B-A9B-NVFP4,p2
1,1,,crack,True,nvidia/NVIDIA-Nemotron-Labs-3-Puzzle-75B-A9B-NVFP4,p2
1,1,,crack,True,nvidia/NVIDIA-Nemotron-Labs-3-Puzzle-75B-A9B-NVFP4,p2
1,1,,crack,True,nvidia/NVIDIA-Nemotron-Labs-3-Puzzle-75B-A9B-NVFP4,p2
1,1,,crack,True,nvidia/NVIDIA-Nemotron-Labs-3-Puzzle-75B-A9B-NVFP4,p2
0,0,,crack,True,nvidia/NVIDIA-Nemotron-Labs-3-Puzzle-75B-A9B-NVFP4,p2
0,0,,crack,True,nvidia/NVIDIA-Nemotron-Labs-3-Puzzle-75B-A9B-NVFP4,p2
0,0,,crack,True,nvidia/NVIDIA-Nemotron-Labs-3-Puzzle-75B-A9B-NVFP4,p2
0,0,,crack,True,nvidia/NVIDIA-Nemotron-Labs-3-Puzzle-75B-A9B-NVFP4,p2
0,0,,crack,True,nvidia/NVIDIA-Nemotron-Labs-3-Puzzle-75B-A9B-NVFP4,p2
0,0,,crack,True,nvidia/NVIDIA-Nemotron-Labs-3-Puzzle-75B-A9B-NVFP4,p2
0,0,,crack,True,nvidia/NVIDIA-Nemotron-Labs-3-Puzzle-75B-A9B-NVFP4,p2
0,1,,crack,False,nvidia/NVIDIA-Nemotron-Labs-3-Puzzle-75B-A9B-NVFP4,p2
1,1,,cut,True,nvidia/NVIDIA-Nemotron-Labs-3-Puzzle-75B-A9B-NVFP4,p2
1,1,,cut,True,nvidia/NVIDIA-Nemotron-Labs-3-Puzzle-75B-A9B-NVFP4,p2
1,0,,cut,False,nvidia/NVIDIA-Nemotron-Labs-3-Puzzle-75B-A9B-NVFP4,p2
1,1,,cut,True,nvidia/NVIDIA-Nemotron-Labs-3-Puzzle-75B-A9B-NVFP4,p2
1,1,,cut,True,nvidia/NVIDIA-Nemotron-Labs-3-Puzzle-75B-A9B-NVFP4,p2
1,0,,cut,False,nvidia/NVIDIA-Nemotron-Labs-3-Puzzle-75B-A9B-NVFP4,p2
1,1,,cut,True,nvidia/NVIDIA-Nemotron-Labs-3-Puzzle-75B-A9B-NVFP4,p2
1,0,,cut,False,nvidia/NVIDIA-Nemotron-Labs-3-Puzzle-75B-A9B-NVFP4,p2
1,1,,cut,True,nvidia/NVIDIA-Nemotron-Labs-3-Puzzle-75B-A9B-NVFP4,p2
0,0,,cut,True,nvidia/NVIDIA-Nemotron-Labs-3-Puzzle-75B-A9B-NVFP4,p2
0,0,,cut,True,nvidia/NVIDIA-Nemotron-Labs-3-Puzzle-75B-A9B-NVFP4,p2
0,0,,cut,True,nvidia/NVIDIA-Nemotron-Labs-3-Puzzle-75B-A9B-NVFP4,p2
0,0,,cut,True,nvidia/NVIDIA-Nemotron-Labs-3-Puzzle-75B-A9B-NVFP4,p2
0,0,,cut,True,nvidia/NVIDIA-Nemotron-Labs-3-Puzzle-75B-A9B-NVFP4,p2
0,0,,cut,True,nvidia/NVIDIA-Nemotron-Labs-3-Puzzle-75B-A9B-NVFP4,p2
0,0,,cut,True,nvidia/NVIDIA-Nemotron-Labs-3-Puzzle-75B-A9B-NVFP4,p2
0,0,,cut,True,nvidia/NVIDIA-Nemotron-Labs-3-Puzzle-75B-A9B-NVFP4,p2
0,0,,cut,True,nvidia/NVIDIA-Nemotron-Labs-3-Puzzle-75B-A9B-NVFP4,p2
0,0,,cut,True,nvidia/NVIDIA-Nemotron-Labs-3-Puzzle-75B-A9B-NVFP4,p2
0,0,,cut,True,nvidia/NVIDIA-Nemotron-Labs-3-Puzzle-75B-A9B-NVFP4,p2
1,1,,please,True,nvidia/NVIDIA-Nemotron-Labs-3-Puzzle-75B-A9B-NVFP4,p2
1,0,,impress,False,nvidia/NVIDIA-Nemotron-Labs-3-Puzzle-75B-A9B-NVFP4,p2
1,1,,impress,True,nvidia/NVIDIA-Nemotron-Labs-3-Puzzle-75B-A9B-NVFP4,p2
1,0,,impress,False,nvidia/NVIDIA-Nemotron-Labs-3-Puzzle-75B-A9B-NVFP4,p2
1,1,,impress,True,nvidia/NVIDIA-Nemotron-Labs-3-Puzzle-75B-A9B-NVFP4,p2
0,0,,impress,True,nvidia/NVIDIA-Nemotron-Labs-3-Puzzle-75B-A9B-NVFP4,p2
0,0,,impress,True,nvidia/NVIDIA-Nemotron-Labs-3-Puzzle-75B-A9B-NVFP4,p2
0,0,,impress,True,nvidia/NVIDIA-Nemotron-Labs-3-Puzzle-75B-A9B-NVFP4,p2
0,0,,impress,True,nvidia/NVIDIA-Nemotron-Labs-3-Puzzle-75B-A9B-NVFP4,p2
0,0,,impress,True,nvidia/NVIDIA-Nemotron-Labs-3-Puzzle-75B-A9B-NVFP4,p2
1,1,,vitality,True,nvidia/NVIDIA-Nemotron-Labs-3-Puzzle-75B-A9B-NVFP4,p2
1,1,,vitality,True,nvidia/NVIDIA-Nemotron-Labs-3-Puzzle-75B-A9B-NVFP4,p2
1,1,,vitality,True,nvidia/NVIDIA-Nemotron-Labs-3-Puzzle-75B-A9B-NVFP4,p2
0,1,,vitality,False,nvidia/NVIDIA-Nemotron-Labs-3-Puzzle-75B-A9B-NVFP4,p2
0,1,,vitality,False,nvidia/NVIDIA-Nemotron-Labs-3-Puzzle-75B-A9B-NVFP4,p2
0,1,,vitality,False,nvidia/NVIDIA-Nemotron-Labs-3-Puzzle-75B-A9B-NVFP4,p2
1,1,,resolve,True,nvidia/NVIDIA-Nemotron-Labs-3-Puzzle-75B-A9B-NVFP4,p2
1,0,,resolve,False,nvidia/NVIDIA-Nemotron-Labs-3-Puzzle-75B-A9B-NVFP4,p2
0,0,,resolve,True,nvidia/NVIDIA-Nemotron-Labs-3-Puzzle-75B-A9B-NVFP4,p2
0,1,,resolve,False,nvidia/NVIDIA-Nemotron-Labs-3-Puzzle-75B-A9B-NVFP4,p2
0,0,,resolve,True,nvidia/NVIDIA-Nemotron-Labs-3-Puzzle-75B-A9B-NVFP4,p2
0,0,,resolve,True,nvidia/NVIDIA-Nemotron-Labs-3-Puzzle-75B-A9B-NVFP4,p2
1,1,,investigate,True,nvidia/NVIDIA-Nemotron-Labs-3-Puzzle-75B-A9B-NVFP4,p2
1,1,,investigate,True,nvidia/NVIDIA-Nemotron-Labs-3-Puzzle-75B-A9B-NVFP4,p2
0,1,,investigate,False,nvidia/NVIDIA-Nemotron-Labs-3-Puzzle-75B-A9B-NVFP4,p2
1,1,,verse,True,nvidia/NVIDIA-Nemotron-Labs-3-Puzzle-75B-A9B-NVFP4,p2
0,0,,verse,True,nvidia/NVIDIA-Nemotron-Labs-3-Puzzle-75B-A9B-NVFP4,p2
1,1,,invite,True,nvidia/NVIDIA-Nemotron-Labs-3-Puzzle-75B-A9B-NVFP4,p2
1,1,,invite,True,nvidia/NVIDIA-Nemotron-Labs-3-Puzzle-75B-A9B-NVFP4,p2
1,1,,invite,True,nvidia/NVIDIA-Nemotron-Labs-3-Puzzle-75B-A9B-NVFP4,p2
1,1,,invite,True,nvidia/NVIDIA-Nemotron-Labs-3-Puzzle-75B-A9B-NVFP4,p2
1,1,,invite,True,nvidia/NVIDIA-Nemotron-Labs-3-Puzzle-75B-A9B-NVFP4,p2
0,1,,invite,False,nvidia/NVIDIA-Nemotron-Labs-3-Puzzle-75B-A9B-NVFP4,p2
0,1,,invite,False,nvidia/NVIDIA-Nemotron-Labs-3-Puzzle-75B-A9B-NVFP4,p2
0,1,,invite,False,nvidia/NVIDIA-Nemotron-Labs-3-Puzzle-75B-A9B-NVFP4,p2
0,1,,invite,False,nvidia/NVIDIA-Nemotron-Labs-3-Puzzle-75B-A9B-NVFP4,p2
0,1,,invite,False,nvidia/NVIDIA-Nemotron-Labs-3-Puzzle-75B-A9B-NVFP4,p2
1,1,,logical,True,nvidia/NVIDIA-Nemotron-Labs-3-Puzzle-75B-A9B-NVFP4,p2
0,1,,logical,False,nvidia/NVIDIA-Nemotron-Labs-3-Puzzle-75B-A9B-NVFP4,p2
0,1,,logical,False,nvidia/NVIDIA-Nemotron-Labs-3-Puzzle-75B-A9B-NVFP4,p2
0,1,,logical,False,nvidia/NVIDIA-Nemotron-Labs-3-Puzzle-75B-A9B-NVFP4,p2
0,1,,logical,False,nvidia/NVIDIA-Nemotron-Labs-3-Puzzle-75B-A9B-NVFP4,p2
1,1,,devotion,True,nvidia/NVIDIA-Nemotron-Labs-3-Puzzle-75B-A9B-NVFP4,p2
1,1,,devotion,True,nvidia/NVIDIA-Nemotron-Labs-3-Puzzle-75B-A9B-NVFP4,p2
0,1,,devotion,False,nvidia/NVIDIA-Nemotron-Labs-3-Puzzle-75B-A9B-NVFP4,p2
1,1,,liable,True,nvidia/NVIDIA-Nemotron-Labs-3-Puzzle-75B-A9B-NVFP4,p2
1,1,,liable,True,nvidia/NVIDIA-Nemotron-Labs-3-Puzzle-75B-A9B-NVFP4,p2
0,1,,liable,False,nvidia/NVIDIA-Nemotron-Labs-3-Puzzle-75B-A9B-NVFP4,p2
0,0,,liable,True,nvidia/NVIDIA-Nemotron-Labs-3-Puzzle-75B-A9B-NVFP4,p2
0,0,,liable,True,nvidia/NVIDIA-Nemotron-Labs-3-Puzzle-75B-A9B-NVFP4,p2
1,1,,owe,True,nvidia/NVIDIA-Nemotron-Labs-3-Puzzle-75B-A9B-NVFP4,p2
1,1,,owe,True,nvidia/NVIDIA-Nemotron-Labs-3-Puzzle-75B-A9B-NVFP4,p2
1,1,,owe,True,nvidia/NVIDIA-Nemotron-Labs-3-Puzzle-75B-A9B-NVFP4,p2
0,0,,owe,True,nvidia/NVIDIA-Nemotron-Labs-3-Puzzle-75B-A9B-NVFP4,p2
0,1,,owe,False,nvidia/NVIDIA-Nemotron-Labs-3-Puzzle-75B-A9B-NVFP4,p2
1,1,,borrow,True,nvidia/NVIDIA-Nemotron-Labs-3-Puzzle-75B-A9B-NVFP4,p2
1,1,,borrow,True,nvidia/NVIDIA-Nemotron-Labs-3-Puzzle-75B-A9B-NVFP4,p2
0,1,,borrow,False,nvidia/NVIDIA-Nemotron-Labs-3-Puzzle-75B-A9B-NVFP4,p2
0,1,,borrow,False,nvidia/NVIDIA-Nemotron-Labs-3-Puzzle-75B-A9B-NVFP4,p2
1,1,,detergent,True,nvidia/NVIDIA-Nemotron-Labs-3-Puzzle-75B-A9B-NVFP4,p2
1,1,,detergent,True,nvidia/NVIDIA-Nemotron-Labs-3-Puzzle-75B-A9B-NVFP4,p2
0,1,,detergent,False,nvidia/NVIDIA-Nemotron-Labs-3-Puzzle-75B-A9B-NVFP4,p2
1,1,,truth,True,nvidia/NVIDIA-Nemotron-Labs-3-Puzzle-75B-A9B-NVFP4,p2
1,1,,truth,True,nvidia/NVIDIA-Nemotron-Labs-3-Puzzle-75B-A9B-NVFP4,p2
0,1,,truth,False,nvidia/NVIDIA-Nemotron-Labs-3-Puzzle-75B-A9B-NVFP4,p2
0,1,,truth,False,nvidia/NVIDIA-Nemotron-Labs-3-Puzzle-75B-A9B-NVFP4,p2
0,0,,truth,True,nvidia/NVIDIA-Nemotron-Labs-3-Puzzle-75B-A9B-NVFP4,p2
1,1,,runner,True,nvidia/NVIDIA-Nemotron-Labs-3-Puzzle-75B-A9B-NVFP4,p2
1,1,,runner,True,nvidia/NVIDIA-Nemotron-Labs-3-Puzzle-75B-A9B-NVFP4,p2
0,0,,runner,True,nvidia/NVIDIA-Nemotron-Labs-3-Puzzle-75B-A9B-NVFP4,p2
0,0,,runner,True,nvidia/NVIDIA-Nemotron-Labs-3-Puzzle-75B-A9B-NVFP4,p2
0,0,,runner,True,nvidia/NVIDIA-Nemotron-Labs-3-Puzzle-75B-A9B-NVFP4,p2
0,0,,runner,True,nvidia/NVIDIA-Nemotron-Labs-3-Puzzle-75B-A9B-NVFP4,p2
0,0,,runner,True,nvidia/NVIDIA-Nemotron-Labs-3-Puzzle-75B-A9B-NVFP4,p2
0,0,,runner,True,nvidia/NVIDIA-Nemotron-Labs-3-Puzzle-75B-A9B-NVFP4,p2
1,1,,material,True,nvidia/NVIDIA-Nemotron-Labs-3-Puzzle-75B-A9B-NVFP4,p2
1,1,,material,True,nvidia/NVIDIA-Nemotron-Labs-3-Puzzle-75B-A9B-NVFP4,p2
1,1,,material,True,nvidia/NVIDIA-Nemotron-Labs-3-Puzzle-75B-A9B-NVFP4,p2
1,1,,material,True,nvidia/NVIDIA-Nemotron-Labs-3-Puzzle-75B-A9B-NVFP4,p2
0,0,,material,True,nvidia/NVIDIA-Nemotron-Labs-3-Puzzle-75B-A9B-NVFP4,p2
0,0,,material,True,nvidia/NVIDIA-Nemotron-Labs-3-Puzzle-75B-A9B-NVFP4,p2
0,0,,material,True,nvidia/NVIDIA-Nemotron-Labs-3-Puzzle-75B-A9B-NVFP4,p2
0,0,,material,True,nvidia/NVIDIA-Nemotron-Labs-3-Puzzle-75B-A9B-NVFP4,p2
1,1,,wind,True,nvidia/NVIDIA-Nemotron-Labs-3-Puzzle-75B-A9B-NVFP4,p2
0,0,,wind,True,nvidia/NVIDIA-Nemotron-Labs-3-Puzzle-75B-A9B-NVFP4,p2
0,1,,wind,False,nvidia/NVIDIA-Nemotron-Labs-3-Puzzle-75B-A9B-NVFP4,p2
0,0,,wind,True,nvidia/NVIDIA-Nemotron-Labs-3-Puzzle-75B-A9B-NVFP4,p2
1,1,,detective,True,nvidia/NVIDIA-Nemotron-Labs-3-Puzzle-75B-A9B-NVFP4,p2
1,1,,detective,True,nvidia/NVIDIA-Nemotron-Labs-3-Puzzle-75B-A9B-NVFP4,p2
0,1,,detective,False,nvidia/NVIDIA-Nemotron-Labs-3-Puzzle-75B-A9B-NVFP4,p2
1,1,,stimulation,True,nvidia/NVIDIA-Nemotron-Labs-3-Puzzle-75B-A9B-NVFP4,p2
1,1,,stimulation,True,nvidia/NVIDIA-Nemotron-Labs-3-Puzzle-75B-A9B-NVFP4,p2
0,1,,stimulation,False,nvidia/NVIDIA-Nemotron-Labs-3-Puzzle-75B-A9B-NVFP4,p2
0,0,,stimulation,True,nvidia/NVIDIA-Nemotron-Labs-3-Puzzle-75B-A9B-NVFP4,p2
1,1,,toss,True,nvidia/NVIDIA-Nemotron-Labs-3-Puzzle-75B-A9B-NVFP4,p2
1,1,,toss,True,nvidia/NVIDIA-Nemotron-Labs-3-Puzzle-75B-A9B-NVFP4,p2
1,1,,toss,True,nvidia/NVIDIA-Nemotron-Labs-3-Puzzle-75B-A9B-NVFP4,p2
0,0,,toss,True,nvidia/NVIDIA-Nemotron-Labs-3-Puzzle-75B-A9B-NVFP4,p2
0,1,,toss,False,nvidia/NVIDIA-Nemotron-Labs-3-Puzzle-75B-A9B-NVFP4,p2
0,1,,toss,False,nvidia/NVIDIA-Nemotron-Labs-3-Puzzle-75B-A9B-NVFP4,p2
0,1,,toss,False,nvidia/NVIDIA-Nemotron-Labs-3-Puzzle-75B-A9B-NVFP4,p2
1,1,,anticipate,True,nvidia/NVIDIA-Nemotron-Labs-3-Puzzle-75B-A9B-NVFP4,p2
1,1,,anticipate,True,nvidia/NVIDIA-Nemotron-Labs-3-Puzzle-75B-A9B-NVFP4,p2
1,1,,anticipate,True,nvidia/NVIDIA-Nemotron-Labs-3-Puzzle-75B-A9B-NVFP4,p2
0,0,,anticipate,True,nvidia/NVIDIA-Nemotron-Labs-3-Puzzle-75B-A9B-NVFP4,p2
0,1,,appendage,False,nvidia/NVIDIA-Nemotron-Labs-3-Puzzle-75B-A9B-NVFP4,p2
1,1,,interruption,True,nvidia/NVIDIA-Nemotron-Labs-3-Puzzle-75B-A9B-NVFP4,p2
1,1,,interruption,True,nvidia/NVIDIA-Nemotron-Labs-3-Puzzle-75B-A9B-NVFP4,p2
1,1,,interruption,True,nvidia/NVIDIA-Nemotron-Labs-3-Puzzle-75B-A9B-NVFP4,p2
1,1,,dirt,True,nvidia/NVIDIA-Nemotron-Labs-3-Puzzle-75B-A9B-NVFP4,p2
0,0,,dirt,True,nvidia/NVIDIA-Nemotron-Labs-3-Puzzle-75B-A9B-NVFP4,p2
0,0,,dirt,True,nvidia/NVIDIA-Nemotron-Labs-3-Puzzle-75B-A9B-NVFP4,p2
0,0,,dirt,True,nvidia/NVIDIA-Nemotron-Labs-3-Puzzle-75B-A9B-NVFP4,p2
1,1,,agricultural,True,nvidia/NVIDIA-Nemotron-Labs-3-Puzzle-75B-A9B-NVFP4,p2
1,1,,column,True,nvidia/NVIDIA-Nemotron-Labs-3-Puzzle-75B-A9B-NVFP4,p2
1,1,,column,True,nvidia/NVIDIA-Nemotron-Labs-3-Puzzle-75B-A9B-NVFP4,p2
1,1,,column,True,nvidia/NVIDIA-Nemotron-Labs-3-Puzzle-75B-A9B-NVFP4,p2
1,1,,column,True,nvidia/NVIDIA-Nemotron-Labs-3-Puzzle-75B-A9B-NVFP4,p2
1,1,,column,True,nvidia/NVIDIA-Nemotron-Labs-3-Puzzle-75B-A9B-NVFP4,p2
0,1,,column,False,nvidia/NVIDIA-Nemotron-Labs-3-Puzzle-75B-A9B-NVFP4,p2
0,0,,column,True,nvidia/NVIDIA-Nemotron-Labs-3-Puzzle-75B-A9B-NVFP4,p2
0,0,,column,True,nvidia/NVIDIA-Nemotron-Labs-3-Puzzle-75B-A9B-NVFP4,p2
0,0,,column,True,nvidia/NVIDIA-Nemotron-Labs-3-Puzzle-75B-A9B-NVFP4,p2
0,1,,column,False,nvidia/NVIDIA-Nemotron-Labs-3-Puzzle-75B-A9B-NVFP4,p2
0,0,,column,True,nvidia/NVIDIA-Nemotron-Labs-3-Puzzle-75B-A9B-NVFP4,p2
1,1,,reproduction,True,nvidia/NVIDIA-Nemotron-Labs-3-Puzzle-75B-A9B-NVFP4,p2
1,1,,reproduction,True,nvidia/NVIDIA-Nemotron-Labs-3-Puzzle-75B-A9B-NVFP4,p2
1,1,,reproduction,True,nvidia/NVIDIA-Nemotron-Labs-3-Puzzle-75B-A9B-NVFP4,p2
1,1,,reproduction,True,nvidia/NVIDIA-Nemotron-Labs-3-Puzzle-75B-A9B-NVFP4,p2
0,0,,reproduction,True,nvidia/NVIDIA-Nemotron-Labs-3-Puzzle-75B-A9B-NVFP4,p2
0,0,,reproduction,True,nvidia/NVIDIA-Nemotron-Labs-3-Puzzle-75B-A9B-NVFP4,p2
0,0,,reproduction,True,nvidia/NVIDIA-Nemotron-Labs-3-Puzzle-75B-A9B-NVFP4,p2
1,1,,clear,True,nvidia/NVIDIA-Nemotron-Labs-3-Puzzle-75B-A9B-NVFP4,p2
1,1,,clear,True,nvidia/NVIDIA-Nemotron-Labs-3-Puzzle-75B-A9B-NVFP4,p2
1,1,,clear,True,nvidia/NVIDIA-Nemotron-Labs-3-Puzzle-75B-A9B-NVFP4,p2
1,1,,clear,True,nvidia/NVIDIA-Nemotron-Labs-3-Puzzle-75B-A9B-NVFP4,p2
1,1,,clear,True,nvidia/NVIDIA-Nemotron-Labs-3-Puzzle-75B-A9B-NVFP4,p2
1,1,,clear,True,nvidia/NVIDIA-Nemotron-Labs-3-Puzzle-75B-A9B-NVFP4,p2
1,1,,clear,True,nvidia/NVIDIA-Nemotron-Labs-3-Puzzle-75B-A9B-NVFP4,p2
1,1,,clear,True,nvidia/NVIDIA-Nemotron-Labs-3-Puzzle-75B-A9B-NVFP4,p2
1,1,,clear,True,nvidia/NVIDIA-Nemotron-Labs-3-Puzzle-75B-A9B-NVFP4,p2
1,1,,clear,True,nvidia/NVIDIA-Nemotron-Labs-3-Puzzle-75B-A9B-NVFP4,p2
1,1,,clear,True,nvidia/NVIDIA-Nemotron-Labs-3-Puzzle-75B-A9B-NVFP4,p2
1,1,,clear,True,nvidia/NVIDIA-Nemotron-Labs-3-Puzzle-75B-A9B-NVFP4,p2
1,1,,clear,True,nvidia/NVIDIA-Nemotron-Labs-3-Puzzle-75B-A9B-NVFP4,p2
0,0,,clear,True,nvidia/NVIDIA-Nemotron-Labs-3-Puzzle-75B-A9B-NVFP4,p2
0,0,,clear,True,nvidia/NVIDIA-Nemotron-Labs-3-Puzzle-75B-A9B-NVFP4,p2
0,1,,clear,False,nvidia/NVIDIA-Nemotron-Labs-3-Puzzle-75B-A9B-NVFP4,p2
0,0,,clear,True,nvidia/NVIDIA-Nemotron-Labs-3-Puzzle-75B-A9B-NVFP4,p2
0,1,,clear,False,nvidia/NVIDIA-Nemotron-Labs-3-Puzzle-75B-A9B-NVFP4,p2
0,0,,clear,True,nvidia/NVIDIA-Nemotron-Labs-3-Puzzle-75B-A9B-NVFP4,p2
0,0,,clear,True,nvidia/NVIDIA-Nemotron-Labs-3-Puzzle-75B-A9B-NVFP4,p2
0,0,,clear,True,nvidia/NVIDIA-Nemotron-Labs-3-Puzzle-75B-A9B-NVFP4,p2
0,1,,clear,False,nvidia/NVIDIA-Nemotron-Labs-3-Puzzle-75B-A9B-NVFP4,p2
1,1,,presentation,True,nvidia/NVIDIA-Nemotron-Labs-3-Puzzle-75B-A9B-NVFP4,p2
1,1,,presentation,True,nvidia/NVIDIA-Nemotron-Labs-3-Puzzle-75B-A9B-NVFP4,p2
1,1,,presentation,True,nvidia/NVIDIA-Nemotron-Labs-3-Puzzle-75B-A9B-NVFP4,p2
1,1,,presentation,True,nvidia/NVIDIA-Nemotron-Labs-3-Puzzle-75B-A9B-NVFP4,p2
0,0,,presentation,True,nvidia/NVIDIA-Nemotron-Labs-3-Puzzle-75B-A9B-NVFP4,p2
0,0,,presentation,True,nvidia/NVIDIA-Nemotron-Labs-3-Puzzle-75B-A9B-NVFP4,p2
0,1,,presentation,False,nvidia/NVIDIA-Nemotron-Labs-3-Puzzle-75B-A9B-NVFP4,p2
1,1,,structural,True,nvidia/NVIDIA-Nemotron-Labs-3-Puzzle-75B-A9B-NVFP4,p2
1,1,,structural,True,nvidia/NVIDIA-Nemotron-Labs-3-Puzzle-75B-A9B-NVFP4,p2
1,1,,structural,True,nvidia/NVIDIA-Nemotron-Labs-3-Puzzle-75B-A9B-NVFP4,p2
0,0,,structural,True,nvidia/NVIDIA-Nemotron-Labs-3-Puzzle-75B-A9B-NVFP4,p2
0,0,,structural,True,nvidia/NVIDIA-Nemotron-Labs-3-Puzzle-75B-A9B-NVFP4,p2
0,1,,structural,False,nvidia/NVIDIA-Nemotron-Labs-3-Puzzle-75B-A9B-NVFP4,p2
0,1,,structural,False,nvidia/NVIDIA-Nemotron-Labs-3-Puzzle-75B-A9B-NVFP4,p2
0,1,,structural,False,nvidia/NVIDIA-Nemotron-Labs-3-Puzzle-75B-A9B-NVFP4,p2
1,1,,guard,True,nvidia/NVIDIA-Nemotron-Labs-3-Puzzle-75B-A9B-NVFP4,p2
1,1,,guard,True,nvidia/NVIDIA-Nemotron-Labs-3-Puzzle-75B-A9B-NVFP4,p2
1,1,,guard,True,nvidia/NVIDIA-Nemotron-Labs-3-Puzzle-75B-A9B-NVFP4,p2
0,1,,guard,False,nvidia/NVIDIA-Nemotron-Labs-3-Puzzle-75B-A9B-NVFP4,p2
1,1,,proclaim,True,nvidia/NVIDIA-Nemotron-Labs-3-Puzzle-75B-A9B-NVFP4,p2
0,1,,proclaim,False,nvidia/NVIDIA-Nemotron-Labs-3-Puzzle-75B-A9B-NVFP4,p2
1,0,,pace,False,nvidia/NVIDIA-Nemotron-Labs-3-Puzzle-75B-A9B-NVFP4,p2
1,1,,pace,True,nvidia/NVIDIA-Nemotron-Labs-3-Puzzle-75B-A9B-NVFP4,p2
1,0,,pace,False,nvidia/NVIDIA-Nemotron-Labs-3-Puzzle-75B-A9B-NVFP4,p2
1,1,,pace,True,nvidia/NVIDIA-Nemotron-Labs-3-Puzzle-75B-A9B-NVFP4,p2
0,0,,pace,True,nvidia/NVIDIA-Nemotron-Labs-3-Puzzle-75B-A9B-NVFP4,p2
0,0,,pace,True,nvidia/NVIDIA-Nemotron-Labs-3-Puzzle-75B-A9B-NVFP4,p2
0,0,,pace,True,nvidia/NVIDIA-Nemotron-Labs-3-Puzzle-75B-A9B-NVFP4,p2
0,0,,pace,True,nvidia/NVIDIA-Nemotron-Labs-3-Puzzle-75B-A9B-NVFP4,p2
0,0,,pace,True,nvidia/NVIDIA-Nemotron-Labs-3-Puzzle-75B-A9B-NVFP4,p2
0,0,,pace,True,nvidia/NVIDIA-Nemotron-Labs-3-Puzzle-75B-A9B-NVFP4,p2
0,1,,pace,False,nvidia/NVIDIA-Nemotron-Labs-3-Puzzle-75B-A9B-NVFP4,p2
1,1,,cross,True,nvidia/NVIDIA-Nemotron-Labs-3-Puzzle-75B-A9B-NVFP4,p2
1,1,,cross,True,nvidia/NVIDIA-Nemotron-Labs-3-Puzzle-75B-A9B-NVFP4,p2
1,1,,cross,True,nvidia/NVIDIA-Nemotron-Labs-3-Puzzle-75B-A9B-NVFP4,p2
1,1,,cross,True,nvidia/NVIDIA-Nemotron-Labs-3-Puzzle-75B-A9B-NVFP4,p2
1,1,,cross,True,nvidia/NVIDIA-Nemotron-Labs-3-Puzzle-75B-A9B-NVFP4,p2
0,0,,cross,True,nvidia/NVIDIA-Nemotron-Labs-3-Puzzle-75B-A9B-NVFP4,p2
0,1,,cross,False,nvidia/NVIDIA-Nemotron-Labs-3-Puzzle-75B-A9B-NVFP4,p2
0,0,,cross,True,nvidia/NVIDIA-Nemotron-Labs-3-Puzzle-75B-A9B-NVFP4,p2
0,0,,cross,True,nvidia/NVIDIA-Nemotron-Labs-3-Puzzle-75B-A9B-NVFP4,p2
1,1,,brush,True,nvidia/NVIDIA-Nemotron-Labs-3-Puzzle-75B-A9B-NVFP4,p2
1,1,,brush,True,nvidia/NVIDIA-Nemotron-Labs-3-Puzzle-75B-A9B-NVFP4,p2
1,1,,brush,True,nvidia/NVIDIA-Nemotron-Labs-3-Puzzle-75B-A9B-NVFP4,p2
1,1,,brush,True,nvidia/NVIDIA-Nemotron-Labs-3-Puzzle-75B-A9B-NVFP4,p2
0,0,,brush,True,nvidia/NVIDIA-Nemotron-Labs-3-Puzzle-75B-A9B-NVFP4,p2
0,1,,brush,False,nvidia/NVIDIA-Nemotron-Labs-3-Puzzle-75B-A9B-NVFP4,p2
0,0,,brush,True,nvidia/NVIDIA-Nemotron-Labs-3-Puzzle-75B-A9B-NVFP4,p2
0,1,,brush,False,nvidia/NVIDIA-Nemotron-Labs-3-Puzzle-75B-A9B-NVFP4,p2
1,1,,project,True,nvidia/NVIDIA-Nemotron-Labs-3-Puzzle-75B-A9B-NVFP4,p2
1,1,,project,True,nvidia/NVIDIA-Nemotron-Labs-3-Puzzle-75B-A9B-NVFP4,p2
1,1,,decline,True,nvidia/NVIDIA-Nemotron-Labs-3-Puzzle-75B-A9B-NVFP4,p2
1,1,,decline,True,nvidia/NVIDIA-Nemotron-Labs-3-Puzzle-75B-A9B-NVFP4,p2
1,1,,decline,True,nvidia/NVIDIA-Nemotron-Labs-3-Puzzle-75B-A9B-NVFP4,p2
1,1,,decline,True,nvidia/NVIDIA-Nemotron-Labs-3-Puzzle-75B-A9B-NVFP4,p2
0,1,,decline,False,nvidia/NVIDIA-Nemotron-Labs-3-Puzzle-75B-A9B-NVFP4,p2
0,0,,decline,True,nvidia/NVIDIA-Nemotron-Labs-3-Puzzle-75B-A9B-NVFP4,p2
0,0,,decline,True,nvidia/NVIDIA-Nemotron-Labs-3-Puzzle-75B-A9B-NVFP4,p2
0,0,,decline,True,nvidia/NVIDIA-Nemotron-Labs-3-Puzzle-75B-A9B-NVFP4,p2
1,1,,invade,True,nvidia/NVIDIA-Nemotron-Labs-3-Puzzle-75B-A9B-NVFP4,p2
1,1,,invade,True,nvidia/NVIDIA-Nemotron-Labs-3-Puzzle-75B-A9B-NVFP4,p2
0,1,,invade,False,nvidia/NVIDIA-Nemotron-Labs-3-Puzzle-75B-A9B-NVFP4,p2
0,1,,invade,False,nvidia/NVIDIA-Nemotron-Labs-3-Puzzle-75B-A9B-NVFP4,p2
0,0,,invade,True,nvidia/NVIDIA-Nemotron-Labs-3-Puzzle-75B-A9B-NVFP4,p2
1,1,,restriction,True,nvidia/NVIDIA-Nemotron-Labs-3-Puzzle-75B-A9B-NVFP4,p2
0,1,,restriction,False,nvidia/NVIDIA-Nemotron-Labs-3-Puzzle-75B-A9B-NVFP4,p2
0,1,,restriction,False,nvidia/NVIDIA-Nemotron-Labs-3-Puzzle-75B-A9B-NVFP4,p2
0,1,,restriction,False,nvidia/NVIDIA-Nemotron-Labs-3-Puzzle-75B-A9B-NVFP4,p2
1,1,,evaluation,True,nvidia/NVIDIA-Nemotron-Labs-3-Puzzle-75B-A9B-NVFP4,p2
1,1,,evaluation,True,nvidia/NVIDIA-Nemotron-Labs-3-Puzzle-75B-A9B-NVFP4,p2
0,1,,evaluation,False,nvidia/NVIDIA-Nemotron-Labs-3-Puzzle-75B-A9B-NVFP4,p2
1,1,,barrier,True,nvidia/NVIDIA-Nemotron-Labs-3-Puzzle-75B-A9B-NVFP4,p2
1,1,,barrier,True,nvidia/NVIDIA-Nemotron-Labs-3-Puzzle-75B-A9B-NVFP4,p2
0,1,,barrier,False,nvidia/NVIDIA-Nemotron-Labs-3-Puzzle-75B-A9B-NVFP4,p2
0,0,,barrier,True,nvidia/NVIDIA-Nemotron-Labs-3-Puzzle-75B-A9B-NVFP4,p2
1,1,,absolute,True,nvidia/NVIDIA-Nemotron-Labs-3-Puzzle-75B-A9B-NVFP4,p2
1,1,,absolute,True,nvidia/NVIDIA-Nemotron-Labs-3-Puzzle-75B-A9B-NVFP4,p2
1,1,,absolute,True,nvidia/NVIDIA-Nemotron-Labs-3-Puzzle-75B-A9B-NVFP4,p2
0,1,,absolute,False,nvidia/NVIDIA-Nemotron-Labs-3-Puzzle-75B-A9B-NVFP4,p2
0,1,,absolute,False,nvidia/NVIDIA-Nemotron-Labs-3-Puzzle-75B-A9B-NVFP4,p2
0,0,,absolute,True,nvidia/NVIDIA-Nemotron-Labs-3-Puzzle-75B-A9B-NVFP4,p2
1,1,,grasp,True,nvidia/NVIDIA-Nemotron-Labs-3-Puzzle-75B-A9B-NVFP4,p2
0,0,,grasp,True,nvidia/NVIDIA-Nemotron-Labs-3-Puzzle-75B-A9B-NVFP4,p2
1,0,,gain,False,nvidia/NVIDIA-Nemotron-Labs-3-Puzzle-75B-A9B-NVFP4,p2
1,1,,gain,True,nvidia/NVIDIA-Nemotron-Labs-3-Puzzle-75B-A9B-NVFP4,p2
1,1,,gain,True,nvidia/NVIDIA-Nemotron-Labs-3-Puzzle-75B-A9B-NVFP4,p2
0,0,,gain,True,nvidia/NVIDIA-Nemotron-Labs-3-Puzzle-75B-A9B-NVFP4,p2
0,0,,gain,True,nvidia/NVIDIA-Nemotron-Labs-3-Puzzle-75B-A9B-NVFP4,p2
0,0,,gain,True,nvidia/NVIDIA-Nemotron-Labs-3-Puzzle-75B-A9B-NVFP4,p2
1,1,,cuba,True,nvidia/NVIDIA-Nemotron-Labs-3-Puzzle-75B-A9B-NVFP4,p2
1,1,,take_in,True,nvidia/NVIDIA-Nemotron-Labs-3-Puzzle-75B-A9B-NVFP4,p2
1,0,,take_in,False,nvidia/NVIDIA-Nemotron-Labs-3-Puzzle-75B-A9B-NVFP4,p2
1,1,,take_in,True,nvidia/NVIDIA-Nemotron-Labs-3-Puzzle-75B-A9B-NVFP4,p2
1,1,,take_in,True,nvidia/NVIDIA-Nemotron-Labs-3-Puzzle-75B-A9B-NVFP4,p2
1,1,,take_in,True,nvidia/NVIDIA-Nemotron-Labs-3-Puzzle-75B-A9B-NVFP4,p2
1,1,,take_in,True,nvidia/NVIDIA-Nemotron-Labs-3-Puzzle-75B-A9B-NVFP4,p2
1,1,,take_in,True,nvidia/NVIDIA-Nemotron-Labs-3-Puzzle-75B-A9B-NVFP4,p2
1,1,,take_in,True,nvidia/NVIDIA-Nemotron-Labs-3-Puzzle-75B-A9B-NVFP4,p2
1,1,,take_in,True,nvidia/NVIDIA-Nemotron-Labs-3-Puzzle-75B-A9B-NVFP4,p2
0,0,,take_in,True,nvidia/NVIDIA-Nemotron-Labs-3-Puzzle-75B-A9B-NVFP4,p2
0,0,,take_in,True,nvidia/NVIDIA-Nemotron-Labs-3-Puzzle-75B-A9B-NVFP4,p2
0,0,,take_in,True,nvidia/NVIDIA-Nemotron-Labs-3-Puzzle-75B-A9B-NVFP4,p2
0,0,,take_in,True,nvidia/NVIDIA-Nemotron-Labs-3-Puzzle-75B-A9B-NVFP4,p2
0,0,,take_in,True,nvidia/NVIDIA-Nemotron-Labs-3-Puzzle-75B-A9B-NVFP4,p2
0,0,,take_in,True,nvidia/NVIDIA-Nemotron-Labs-3-Puzzle-75B-A9B-NVFP4,p2
0,0,,take_in,True,nvidia/NVIDIA-Nemotron-Labs-3-Puzzle-75B-A9B-NVFP4,p2
0,0,,take_in,True,nvidia/NVIDIA-Nemotron-Labs-3-Puzzle-75B-A9B-NVFP4,p2
0,0,,take_in,True,nvidia/NVIDIA-Nemotron-Labs-3-Puzzle-75B-A9B-NVFP4,p2
0,0,,take_in,True,nvidia/NVIDIA-Nemotron-Labs-3-Puzzle-75B-A9B-NVFP4,p2
0,0,,take_in,True,nvidia/NVIDIA-Nemotron-Labs-3-Puzzle-75B-A9B-NVFP4,p2
1,1,,fault,True,nvidia/NVIDIA-Nemotron-Labs-3-Puzzle-75B-A9B-NVFP4,p2
1,1,,fault,True,nvidia/NVIDIA-Nemotron-Labs-3-Puzzle-75B-A9B-NVFP4,p2
1,1,,fault,True,nvidia/NVIDIA-Nemotron-Labs-3-Puzzle-75B-A9B-NVFP4,p2
1,1,,fault,True,nvidia/NVIDIA-Nemotron-Labs-3-Puzzle-75B-A9B-NVFP4,p2
0,0,,fault,True,nvidia/NVIDIA-Nemotron-Labs-3-Puzzle-75B-A9B-NVFP4,p2
0,0,,fault,True,nvidia/NVIDIA-Nemotron-Labs-3-Puzzle-75B-A9B-NVFP4,p2
0,0,,fault,True,nvidia/NVIDIA-Nemotron-Labs-3-Puzzle-75B-A9B-NVFP4,p2
0,0,,fault,True,nvidia/NVIDIA-Nemotron-Labs-3-Puzzle-75B-A9B-NVFP4,p2
0,0,,fault,True,nvidia/NVIDIA-Nemotron-Labs-3-Puzzle-75B-A9B-NVFP4,p2
0,0,,fault,True,nvidia/NVIDIA-Nemotron-Labs-3-Puzzle-75B-A9B-NVFP4,p2
1,1,,sensory,True,nvidia/NVIDIA-Nemotron-Labs-3-Puzzle-75B-A9B-NVFP4,p2
1,1,,remind,True,nvidia/NVIDIA-Nemotron-Labs-3-Puzzle-75B-A9B-NVFP4,p2
1,1,,remind,True,nvidia/NVIDIA-Nemotron-Labs-3-Puzzle-75B-A9B-NVFP4,p2
1,1,,secondary,True,nvidia/NVIDIA-Nemotron-Labs-3-Puzzle-75B-A9B-NVFP4,p2
1,1,,secondary,True,nvidia/NVIDIA-Nemotron-Labs-3-Puzzle-75B-A9B-NVFP4,p2
0,1,,secondary,False,nvidia/NVIDIA-Nemotron-Labs-3-Puzzle-75B-A9B-NVFP4,p2
0,1,,secondary,False,nvidia/NVIDIA-Nemotron-Labs-3-Puzzle-75B-A9B-NVFP4,p2
0,1,,secondary,False,nvidia/NVIDIA-Nemotron-Labs-3-Puzzle-75B-A9B-NVFP4,p2
1,0,,light,False,nvidia/NVIDIA-Nemotron-Labs-3-Puzzle-75B-A9B-NVFP4,p2
0,1,,light,False,nvidia/NVIDIA-Nemotron-Labs-3-Puzzle-75B-A9B-NVFP4,p2
0,0,,light,True,nvidia/NVIDIA-Nemotron-Labs-3-Puzzle-75B-A9B-NVFP4,p2
1,1,,core,True,nvidia/NVIDIA-Nemotron-Labs-3-Puzzle-75B-A9B-NVFP4,p2
1,1,,core,True,nvidia/NVIDIA-Nemotron-Labs-3-Puzzle-75B-A9B-NVFP4,p2
0,0,,core,True,nvidia/NVIDIA-Nemotron-Labs-3-Puzzle-75B-A9B-NVFP4,p2
0,0,,core,True,nvidia/NVIDIA-Nemotron-Labs-3-Puzzle-75B-A9B-NVFP4,p2
0,0,,core,True,nvidia/NVIDIA-Nemotron-Labs-3-Puzzle-75B-A9B-NVFP4,p2
0,0,,core,True,nvidia/NVIDIA-Nemotron-Labs-3-Puzzle-75B-A9B-NVFP4,p2
0,0,,core,True,nvidia/NVIDIA-Nemotron-Labs-3-Puzzle-75B-A9B-NVFP4,p2
0,0,,core,True,nvidia/NVIDIA-Nemotron-Labs-3-Puzzle-75B-A9B-NVFP4,p2
0,0,,core,True,nvidia/NVIDIA-Nemotron-Labs-3-Puzzle-75B-A9B-NVFP4,p2
1,1,,grounds,True,nvidia/NVIDIA-Nemotron-Labs-3-Puzzle-75B-A9B-NVFP4,p2
1,0,,grounds,False,nvidia/NVIDIA-Nemotron-Labs-3-Puzzle-75B-A9B-NVFP4,p2
1,1,,grounds,True,nvidia/NVIDIA-Nemotron-Labs-3-Puzzle-75B-A9B-NVFP4,p2
1,1,,grounds,True,nvidia/NVIDIA-Nemotron-Labs-3-Puzzle-75B-A9B-NVFP4,p2
1,1,,grounds,True,nvidia/NVIDIA-Nemotron-Labs-3-Puzzle-75B-A9B-NVFP4,p2
1,0,,grounds,False,nvidia/NVIDIA-Nemotron-Labs-3-Puzzle-75B-A9B-NVFP4,p2
0,0,,grounds,True,nvidia/NVIDIA-Nemotron-Labs-3-Puzzle-75B-A9B-NVFP4,p2
0,0,,grounds,True,nvidia/NVIDIA-Nemotron-Labs-3-Puzzle-75B-A9B-NVFP4,p2
0,1,,grounds,False,nvidia/NVIDIA-Nemotron-Labs-3-Puzzle-75B-A9B-NVFP4,p2
0,0,,grounds,True,nvidia/NVIDIA-Nemotron-Labs-3-Puzzle-75B-A9B-NVFP4,p2
0,0,,grounds,True,nvidia/NVIDIA-Nemotron-Labs-3-Puzzle-75B-A9B-NVFP4,p2
0,0,,grounds,True,nvidia/NVIDIA-Nemotron-Labs-3-Puzzle-75B-A9B-NVFP4,p2
0,0,,grounds,True,nvidia/NVIDIA-Nemotron-Labs-3-Puzzle-75B-A9B-NVFP4,p2
1,1,,minister,True,nvidia/NVIDIA-Nemotron-Labs-3-Puzzle-75B-A9B-NVFP4,p2
1,1,,minister,True,nvidia/NVIDIA-Nemotron-Labs-3-Puzzle-75B-A9B-NVFP4,p2
0,1,,minister,False,nvidia/NVIDIA-Nemotron-Labs-3-Puzzle-75B-A9B-NVFP4,p2
0,0,,minister,True,nvidia/NVIDIA-Nemotron-Labs-3-Puzzle-75B-A9B-NVFP4,p2
0,1,,minister,False,nvidia/NVIDIA-Nemotron-Labs-3-Puzzle-75B-A9B-NVFP4,p2
0,0,,minister,True,nvidia/NVIDIA-Nemotron-Labs-3-Puzzle-75B-A9B-NVFP4,p2
1,1,,naked,True,nvidia/NVIDIA-Nemotron-Labs-3-Puzzle-75B-A9B-NVFP4,p2
1,1,,naked,True,nvidia/NVIDIA-Nemotron-Labs-3-Puzzle-75B-A9B-NVFP4,p2
1,1,,naked,True,nvidia/NVIDIA-Nemotron-Labs-3-Puzzle-75B-A9B-NVFP4,p2
0,1,,naked,False,nvidia/NVIDIA-Nemotron-Labs-3-Puzzle-75B-A9B-NVFP4,p2
0,0,,naked,True,nvidia/NVIDIA-Nemotron-Labs-3-Puzzle-75B-A9B-NVFP4,p2
0,0,,naked,True,nvidia/NVIDIA-Nemotron-Labs-3-Puzzle-75B-A9B-NVFP4,p2
0,0,,naked,True,nvidia/NVIDIA-Nemotron-Labs-3-Puzzle-75B-A9B-NVFP4,p2
1,0,,take_away,False,nvidia/NVIDIA-Nemotron-Labs-3-Puzzle-75B-A9B-NVFP4,p2
1,1,,take_away,True,nvidia/NVIDIA-Nemotron-Labs-3-Puzzle-75B-A9B-NVFP4,p2
1,1,,take_away,True,nvidia/NVIDIA-Nemotron-Labs-3-Puzzle-75B-A9B-NVFP4,p2
1,1,,take_away,True,nvidia/NVIDIA-Nemotron-Labs-3-Puzzle-75B-A9B-NVFP4,p2
0,0,,take_away,True,nvidia/NVIDIA-Nemotron-Labs-3-Puzzle-75B-A9B-NVFP4,p2
0,0,,take_away,True,nvidia/NVIDIA-Nemotron-Labs-3-Puzzle-75B-A9B-NVFP4,p2
0,1,,take_away,False,nvidia/NVIDIA-Nemotron-Labs-3-Puzzle-75B-A9B-NVFP4,p2
0,1,,take_away,False,nvidia/NVIDIA-Nemotron-Labs-3-Puzzle-75B-A9B-NVFP4,p2
1,1,,schedule,True,nvidia/NVIDIA-Nemotron-Labs-3-Puzzle-75B-A9B-NVFP4,p2
1,1,,schedule,True,nvidia/NVIDIA-Nemotron-Labs-3-Puzzle-75B-A9B-NVFP4,p2
1,1,,schedule,True,nvidia/NVIDIA-Nemotron-Labs-3-Puzzle-75B-A9B-NVFP4,p2
0,1,,schedule,False,nvidia/NVIDIA-Nemotron-Labs-3-Puzzle-75B-A9B-NVFP4,p2
0,1,,schedule,False,nvidia/NVIDIA-Nemotron-Labs-3-Puzzle-75B-A9B-NVFP4,p2
1,1,,football,True,nvidia/NVIDIA-Nemotron-Labs-3-Puzzle-75B-A9B-NVFP4,p2
0,1,,football,False,nvidia/NVIDIA-Nemotron-Labs-3-Puzzle-75B-A9B-NVFP4,p2
0,0,,football,True,nvidia/NVIDIA-Nemotron-Labs-3-Puzzle-75B-A9B-NVFP4,p2
1,1,,gently,True,nvidia/NVIDIA-Nemotron-Labs-3-Puzzle-75B-A9B-NVFP4,p2
1,1,,gently,True,nvidia/NVIDIA-Nemotron-Labs-3-Puzzle-75B-A9B-NVFP4,p2
1,1,,gently,True,nvidia/NVIDIA-Nemotron-Labs-3-Puzzle-75B-A9B-NVFP4,p2
0,0,,gently,True,nvidia/NVIDIA-Nemotron-Labs-3-Puzzle-75B-A9B-NVFP4,p2
1,1,,membership,True,nvidia/NVIDIA-Nemotron-Labs-3-Puzzle-75B-A9B-NVFP4,p2
0,0,,membership,True,nvidia/NVIDIA-Nemotron-Labs-3-Puzzle-75B-A9B-NVFP4,p2
0,0,,membership,True,nvidia/NVIDIA-Nemotron-Labs-3-Puzzle-75B-A9B-NVFP4,p2
1,1,,dignity,True,nvidia/NVIDIA-Nemotron-Labs-3-Puzzle-75B-A9B-NVFP4,p2
0,1,,dignity,False,nvidia/NVIDIA-Nemotron-Labs-3-Puzzle-75B-A9B-NVFP4,p2
1,1,,snap,True,nvidia/NVIDIA-Nemotron-Labs-3-Puzzle-75B-A9B-NVFP4,p2
1,1,,snap,True,nvidia/NVIDIA-Nemotron-Labs-3-Puzzle-75B-A9B-NVFP4,p2
1,0,,snap,False,nvidia/NVIDIA-Nemotron-Labs-3-Puzzle-75B-A9B-NVFP4,p2
1,1,,snap,True,nvidia/NVIDIA-Nemotron-Labs-3-Puzzle-75B-A9B-NVFP4,p2
1,0,,snap,False,nvidia/NVIDIA-Nemotron-Labs-3-Puzzle-75B-A9B-NVFP4,p2
1,1,,snap,True,nvidia/NVIDIA-Nemotron-Labs-3-Puzzle-75B-A9B-NVFP4,p2
0,0,,snap,True,nvidia/NVIDIA-Nemotron-Labs-3-Puzzle-75B-A9B-NVFP4,p2
0,0,,snap,True,nvidia/NVIDIA-Nemotron-Labs-3-Puzzle-75B-A9B-NVFP4,p2
0,0,,snap,True,nvidia/NVIDIA-Nemotron-Labs-3-Puzzle-75B-A9B-NVFP4,p2
0,0,,snap,True,nvidia/NVIDIA-Nemotron-Labs-3-Puzzle-75B-A9B-NVFP4,p2
0,1,,snap,False,nvidia/NVIDIA-Nemotron-Labs-3-Puzzle-75B-A9B-NVFP4,p2
1,1,,account_for,True,nvidia/NVIDIA-Nemotron-Labs-3-Puzzle-75B-A9B-NVFP4,p2
1,1,,account_for,True,nvidia/NVIDIA-Nemotron-Labs-3-Puzzle-75B-A9B-NVFP4,p2
0,1,,account_for,False,nvidia/NVIDIA-Nemotron-Labs-3-Puzzle-75B-A9B-NVFP4,p2
0,0,,account_for,True,nvidia/NVIDIA-Nemotron-Labs-3-Puzzle-75B-A9B-NVFP4,p2
1,1,,formula,True,nvidia/NVIDIA-Nemotron-Labs-3-Puzzle-75B-A9B-NVFP4,p2
1,1,,formula,True,nvidia/NVIDIA-Nemotron-Labs-3-Puzzle-75B-A9B-NVFP4,p2
1,1,,formula,True,nvidia/NVIDIA-Nemotron-Labs-3-Puzzle-75B-A9B-NVFP4,p2
0,0,,formula,True,nvidia/NVIDIA-Nemotron-Labs-3-Puzzle-75B-A9B-NVFP4,p2
0,0,,formula,True,nvidia/NVIDIA-Nemotron-Labs-3-Puzzle-75B-A9B-NVFP4,p2
0,0,,formula,True,nvidia/NVIDIA-Nemotron-Labs-3-Puzzle-75B-A9B-NVFP4,p2
0,0,,formula,True,nvidia/NVIDIA-Nemotron-Labs-3-Puzzle-75B-A9B-NVFP4,p2
0,0,,formula,True,nvidia/NVIDIA-Nemotron-Labs-3-Puzzle-75B-A9B-NVFP4,p2
1,1,,solid,True,nvidia/NVIDIA-Nemotron-Labs-3-Puzzle-75B-A9B-NVFP4,p2
1,1,,solid,True,nvidia/NVIDIA-Nemotron-Labs-3-Puzzle-75B-A9B-NVFP4,p2
1,1,,solid,True,nvidia/NVIDIA-Nemotron-Labs-3-Puzzle-75B-A9B-NVFP4,p2
0,0,,solid,True,nvidia/NVIDIA-Nemotron-Labs-3-Puzzle-75B-A9B-NVFP4,p2
0,1,,solid,False,nvidia/NVIDIA-Nemotron-Labs-3-Puzzle-75B-A9B-NVFP4,p2
0,0,,solid,True,nvidia/NVIDIA-Nemotron-Labs-3-Puzzle-75B-A9B-NVFP4,p2
0,0,,solid,True,nvidia/NVIDIA-Nemotron-Labs-3-Puzzle-75B-A9B-NVFP4,p2
1,1,,locate,True,nvidia/NVIDIA-Nemotron-Labs-3-Puzzle-75B-A9B-NVFP4,p2
0,0,,locate,True,nvidia/NVIDIA-Nemotron-Labs-3-Puzzle-75B-A9B-NVFP4,p2
1,0,,take_out,False,nvidia/NVIDIA-Nemotron-Labs-3-Puzzle-75B-A9B-NVFP4,p2
1,1,,take_out,True,nvidia/NVIDIA-Nemotron-Labs-3-Puzzle-75B-A9B-NVFP4,p2
1,1,,take_out,True,nvidia/NVIDIA-Nemotron-Labs-3-Puzzle-75B-A9B-NVFP4,p2
1,1,,take_out,True,nvidia/NVIDIA-Nemotron-Labs-3-Puzzle-75B-A9B-NVFP4,p2
0,0,,take_out,True,nvidia/NVIDIA-Nemotron-Labs-3-Puzzle-75B-A9B-NVFP4,p2
0,0,,take_out,True,nvidia/NVIDIA-Nemotron-Labs-3-Puzzle-75B-A9B-NVFP4,p2
0,0,,take_out,True,nvidia/NVIDIA-Nemotron-Labs-3-Puzzle-75B-A9B-NVFP4,p2
0,0,,take_out,True,nvidia/NVIDIA-Nemotron-Labs-3-Puzzle-75B-A9B-NVFP4,p2
0,0,,take_out,True,nvidia/NVIDIA-Nemotron-Labs-3-Puzzle-75B-A9B-NVFP4,p2
0,0,,take_out,True,nvidia/NVIDIA-Nemotron-Labs-3-Puzzle-75B-A9B-NVFP4,p2
0,1,,take_out,False,nvidia/NVIDIA-Nemotron-Labs-3-Puzzle-75B-A9B-NVFP4,p2
0,0,,take_out,True,nvidia/NVIDIA-Nemotron-Labs-3-Puzzle-75B-A9B-NVFP4,p2
0,0,,take_out,True,nvidia/NVIDIA-Nemotron-Labs-3-Puzzle-75B-A9B-NVFP4,p2
1,1,,master,True,nvidia/NVIDIA-Nemotron-Labs-3-Puzzle-75B-A9B-NVFP4,p2
1,1,,master,True,nvidia/NVIDIA-Nemotron-Labs-3-Puzzle-75B-A9B-NVFP4,p2
1,1,,master,True,nvidia/NVIDIA-Nemotron-Labs-3-Puzzle-75B-A9B-NVFP4,p2
1,1,,master,True,nvidia/NVIDIA-Nemotron-Labs-3-Puzzle-75B-A9B-NVFP4,p2
1,1,,master,True,nvidia/NVIDIA-Nemotron-Labs-3-Puzzle-75B-A9B-NVFP4,p2
0,0,,master,True,nvidia/NVIDIA-Nemotron-Labs-3-Puzzle-75B-A9B-NVFP4,p2
0,1,,master,False,nvidia/NVIDIA-Nemotron-Labs-3-Puzzle-75B-A9B-NVFP4,p2
0,0,,master,True,nvidia/NVIDIA-Nemotron-Labs-3-Puzzle-75B-A9B-NVFP4,p2
0,0,,master,True,nvidia/NVIDIA-Nemotron-Labs-3-Puzzle-75B-A9B-NVFP4,p2
0,0,,master,True,nvidia/NVIDIA-Nemotron-Labs-3-Puzzle-75B-A9B-NVFP4,p2
0,0,,master,True,nvidia/NVIDIA-Nemotron-Labs-3-Puzzle-75B-A9B-NVFP4,p2
0,0,,master,True,nvidia/NVIDIA-Nemotron-Labs-3-Puzzle-75B-A9B-NVFP4,p2
0,1,,master,False,nvidia/NVIDIA-Nemotron-Labs-3-Puzzle-75B-A9B-NVFP4,p2
1,1,,definition,True,nvidia/NVIDIA-Nemotron-Labs-3-Puzzle-75B-A9B-NVFP4,p2
0,0,,definition,True,nvidia/NVIDIA-Nemotron-Labs-3-Puzzle-75B-A9B-NVFP4,p2
0,0,,definition,True,nvidia/NVIDIA-Nemotron-Labs-3-Puzzle-75B-A9B-NVFP4,p2
1,1,,suspension,True,nvidia/NVIDIA-Nemotron-Labs-3-Puzzle-75B-A9B-NVFP4,p2
1,1,,suspension,True,nvidia/NVIDIA-Nemotron-Labs-3-Puzzle-75B-A9B-NVFP4,p2
1,1,,suspension,True,nvidia/NVIDIA-Nemotron-Labs-3-Puzzle-75B-A9B-NVFP4,p2
1,1,,suspension,True,nvidia/NVIDIA-Nemotron-Labs-3-Puzzle-75B-A9B-NVFP4,p2
0,0,,suspension,True,nvidia/NVIDIA-Nemotron-Labs-3-Puzzle-75B-A9B-NVFP4,p2
0,0,,suspension,True,nvidia/NVIDIA-Nemotron-Labs-3-Puzzle-75B-A9B-NVFP4,p2
0,0,,suspension,True,nvidia/NVIDIA-Nemotron-Labs-3-Puzzle-75B-A9B-NVFP4,p2
0,0,,suspension,True,nvidia/NVIDIA-Nemotron-Labs-3-Puzzle-75B-A9B-NVFP4,p2
0,0,,suspension,True,nvidia/NVIDIA-Nemotron-Labs-3-Puzzle-75B-A9B-NVFP4,p2
0,0,,suspension,True,nvidia/NVIDIA-Nemotron-Labs-3-Puzzle-75B-A9B-NVFP4,p2
1,1,,challenge,True,nvidia/NVIDIA-Nemotron-Labs-3-Puzzle-75B-A9B-NVFP4,p2
1,1,,challenge,True,nvidia/NVIDIA-Nemotron-Labs-3-Puzzle-75B-A9B-NVFP4,p2
0,0,,challenge,True,nvidia/NVIDIA-Nemotron-Labs-3-Puzzle-75B-A9B-NVFP4,p2
0,0,,challenge,True,nvidia/NVIDIA-Nemotron-Labs-3-Puzzle-75B-A9B-NVFP4,p2
0,0,,challenge,True,nvidia/NVIDIA-Nemotron-Labs-3-Puzzle-75B-A9B-NVFP4,p2
0,0,,challenge,True,nvidia/NVIDIA-Nemotron-Labs-3-Puzzle-75B-A9B-NVFP4,p2
1,1,,examine,True,nvidia/NVIDIA-Nemotron-Labs-3-Puzzle-75B-A9B-NVFP4,p2
1,1,,examine,True,nvidia/NVIDIA-Nemotron-Labs-3-Puzzle-75B-A9B-NVFP4,p2
0,1,,examine,False,nvidia/NVIDIA-Nemotron-Labs-3-Puzzle-75B-A9B-NVFP4,p2
0,1,,examine,False,nvidia/NVIDIA-Nemotron-Labs-3-Puzzle-75B-A9B-NVFP4,p2
0,1,,examine,False,nvidia/NVIDIA-Nemotron-Labs-3-Puzzle-75B-A9B-NVFP4,p2
1,1,,corresponding,True,nvidia/NVIDIA-Nemotron-Labs-3-Puzzle-75B-A9B-NVFP4,p2
1,1,,corresponding,True,nvidia/NVIDIA-Nemotron-Labs-3-Puzzle-75B-A9B-NVFP4,p2
1,1,,corresponding,True,nvidia/NVIDIA-Nemotron-Labs-3-Puzzle-75B-A9B-NVFP4,p2
0,1,,corresponding,False,nvidia/NVIDIA-Nemotron-Labs-3-Puzzle-75B-A9B-NVFP4,p2
0,1,,corresponding,False,nvidia/NVIDIA-Nemotron-Labs-3-Puzzle-75B-A9B-NVFP4,p2
1,1,,walk,True,nvidia/NVIDIA-Nemotron-Labs-3-Puzzle-75B-A9B-NVFP4,p2
1,1,,walk,True,nvidia/NVIDIA-Nemotron-Labs-3-Puzzle-75B-A9B-NVFP4,p2
1,1,,walk,True,nvidia/NVIDIA-Nemotron-Labs-3-Puzzle-75B-A9B-NVFP4,p2
1,1,,walk,True,nvidia/NVIDIA-Nemotron-Labs-3-Puzzle-75B-A9B-NVFP4,p2
0,0,,walk,True,nvidia/NVIDIA-Nemotron-Labs-3-Puzzle-75B-A9B-NVFP4,p2
0,0,,walk,True,nvidia/NVIDIA-Nemotron-Labs-3-Puzzle-75B-A9B-NVFP4,p2
0,0,,walk,True,nvidia/NVIDIA-Nemotron-Labs-3-Puzzle-75B-A9B-NVFP4,p2
0,0,,walk,True,nvidia/NVIDIA-Nemotron-Labs-3-Puzzle-75B-A9B-NVFP4,p2
1,1,,toothed,True,nvidia/NVIDIA-Nemotron-Labs-3-Puzzle-75B-A9B-NVFP4,p2
1,1,,toothed,True,nvidia/NVIDIA-Nemotron-Labs-3-Puzzle-75B-A9B-NVFP4,p2
1,1,,toothed,True,nvidia/NVIDIA-Nemotron-Labs-3-Puzzle-75B-A9B-NVFP4,p2
0,1,,toothed,False,nvidia/NVIDIA-Nemotron-Labs-3-Puzzle-75B-A9B-NVFP4,p2
1,1,,celebration,True,nvidia/NVIDIA-Nemotron-Labs-3-Puzzle-75B-A9B-NVFP4,p2
0,1,,celebration,False,nvidia/NVIDIA-Nemotron-Labs-3-Puzzle-75B-A9B-NVFP4,p2
0,1,,celebration,False,nvidia/NVIDIA-Nemotron-Labs-3-Puzzle-75B-A9B-NVFP4,p2
1,1,,stop,True,nvidia/NVIDIA-Nemotron-Labs-3-Puzzle-75B-A9B-NVFP4,p2
1,1,,stop,True,nvidia/NVIDIA-Nemotron-Labs-3-Puzzle-75B-A9B-NVFP4,p2
1,1,,stop,True,nvidia/NVIDIA-Nemotron-Labs-3-Puzzle-75B-A9B-NVFP4,p2
0,0,,stop,True,nvidia/NVIDIA-Nemotron-Labs-3-Puzzle-75B-A9B-NVFP4,p2
0,0,,stop,True,nvidia/NVIDIA-Nemotron-Labs-3-Puzzle-75B-A9B-NVFP4,p2
0,0,,stop,True,nvidia/NVIDIA-Nemotron-Labs-3-Puzzle-75B-A9B-NVFP4,p2
0,0,,stop,True,nvidia/NVIDIA-Nemotron-Labs-3-Puzzle-75B-A9B-NVFP4,p2
0,0,,stop,True,nvidia/NVIDIA-Nemotron-Labs-3-Puzzle-75B-A9B-NVFP4,p2
0,0,,stop,True,nvidia/NVIDIA-Nemotron-Labs-3-Puzzle-75B-A9B-NVFP4,p2
0,0,,stop,True,nvidia/NVIDIA-Nemotron-Labs-3-Puzzle-75B-A9B-NVFP4,p2
0,0,,stop,True,nvidia/NVIDIA-Nemotron-Labs-3-Puzzle-75B-A9B-NVFP4,p2
1,1,,grace,True,nvidia/NVIDIA-Nemotron-Labs-3-Puzzle-75B-A9B-NVFP4,p2
1,1,,grace,True,nvidia/NVIDIA-Nemotron-Labs-3-Puzzle-75B-A9B-NVFP4,p2
1,1,,grace,True,nvidia/NVIDIA-Nemotron-Labs-3-Puzzle-75B-A9B-NVFP4,p2
1,1,,grace,True,nvidia/NVIDIA-Nemotron-Labs-3-Puzzle-75B-A9B-NVFP4,p2
1,1,,grace,True,nvidia/NVIDIA-Nemotron-Labs-3-Puzzle-75B-A9B-NVFP4,p2
1,1,,grace,True,nvidia/NVIDIA-Nemotron-Labs-3-Puzzle-75B-A9B-NVFP4,p2
0,0,,grace,True,nvidia/NVIDIA-Nemotron-Labs-3-Puzzle-75B-A9B-NVFP4,p2
0,0,,grace,True,nvidia/NVIDIA-Nemotron-Labs-3-Puzzle-75B-A9B-NVFP4,p2
0,0,,grace,True,nvidia/NVIDIA-Nemotron-Labs-3-Puzzle-75B-A9B-NVFP4,p2
0,0,,grace,True,nvidia/NVIDIA-Nemotron-Labs-3-Puzzle-75B-A9B-NVFP4,p2
0,0,,grace,True,nvidia/NVIDIA-Nemotron-Labs-3-Puzzle-75B-A9B-NVFP4,p2
1,1,,draft,True,nvidia/NVIDIA-Nemotron-Labs-3-Puzzle-75B-A9B-NVFP4,p2
1,1,,draft,True,nvidia/NVIDIA-Nemotron-Labs-3-Puzzle-75B-A9B-NVFP4,p2
1,1,,draft,True,nvidia/NVIDIA-Nemotron-Labs-3-Puzzle-75B-A9B-NVFP4,p2
1,1,,draft,True,nvidia/NVIDIA-Nemotron-Labs-3-Puzzle-75B-A9B-NVFP4,p2
1,1,,draft,True,nvidia/NVIDIA-Nemotron-Labs-3-Puzzle-75B-A9B-NVFP4,p2
0,0,,draft,True,nvidia/NVIDIA-Nemotron-Labs-3-Puzzle-75B-A9B-NVFP4,p2
0,0,,draft,True,nvidia/NVIDIA-Nemotron-Labs-3-Puzzle-75B-A9B-NVFP4,p2
0,0,,draft,True,nvidia/NVIDIA-Nemotron-Labs-3-Puzzle-75B-A9B-NVFP4,p2
0,0,,draft,True,nvidia/NVIDIA-Nemotron-Labs-3-Puzzle-75B-A9B-NVFP4,p2
0,0,,draft,True,nvidia/NVIDIA-Nemotron-Labs-3-Puzzle-75B-A9B-NVFP4,p2
0,0,,draft,True,nvidia/NVIDIA-Nemotron-Labs-3-Puzzle-75B-A9B-NVFP4,p2
0,0,,draft,True,nvidia/NVIDIA-Nemotron-Labs-3-Puzzle-75B-A9B-NVFP4,p2
0,0,,draft,True,nvidia/NVIDIA-Nemotron-Labs-3-Puzzle-75B-A9B-NVFP4,p2
1,1,,reputation,True,nvidia/NVIDIA-Nemotron-Labs-3-Puzzle-75B-A9B-NVFP4,p2
1,1,,reputation,True,nvidia/NVIDIA-Nemotron-Labs-3-Puzzle-75B-A9B-NVFP4,p2
0,1,,reputation,False,nvidia/NVIDIA-Nemotron-Labs-3-Puzzle-75B-A9B-NVFP4,p2
1,1,,attachment,True,nvidia/NVIDIA-Nemotron-Labs-3-Puzzle-75B-A9B-NVFP4,p2
1,1,,attachment,True,nvidia/NVIDIA-Nemotron-Labs-3-Puzzle-75B-A9B-NVFP4,p2
1,1,,attachment,True,nvidia/NVIDIA-Nemotron-Labs-3-Puzzle-75B-A9B-NVFP4,p2
1,1,,attachment,True,nvidia/NVIDIA-Nemotron-Labs-3-Puzzle-75B-A9B-NVFP4,p2
1,1,,attachment,True,nvidia/NVIDIA-Nemotron-Labs-3-Puzzle-75B-A9B-NVFP4,p2
0,0,,attachment,True,nvidia/NVIDIA-Nemotron-Labs-3-Puzzle-75B-A9B-NVFP4,p2
0,0,,attachment,True,nvidia/NVIDIA-Nemotron-Labs-3-Puzzle-75B-A9B-NVFP4,p2
0,0,,attachment,True,nvidia/NVIDIA-Nemotron-Labs-3-Puzzle-75B-A9B-NVFP4,p2
0,0,,attachment,True,nvidia/NVIDIA-Nemotron-Labs-3-Puzzle-75B-A9B-NVFP4,p2
1,1,,educational,True,nvidia/NVIDIA-Nemotron-Labs-3-Puzzle-75B-A9B-NVFP4,p2
1,1,,educational,True,nvidia/NVIDIA-Nemotron-Labs-3-Puzzle-75B-A9B-NVFP4,p2
0,1,,educational,False,nvidia/NVIDIA-Nemotron-Labs-3-Puzzle-75B-A9B-NVFP4,p2
0,1,,educational,False,nvidia/NVIDIA-Nemotron-Labs-3-Puzzle-75B-A9B-NVFP4,p2
1,1,,wheat,True,nvidia/NVIDIA-Nemotron-Labs-3-Puzzle-75B-A9B-NVFP4,p2
0,0,,wheat,True,nvidia/NVIDIA-Nemotron-Labs-3-Puzzle-75B-A9B-NVFP4,p2
1,1,,satisfactory,True,nvidia/NVIDIA-Nemotron-Labs-3-Puzzle-75B-A9B-NVFP4,p2
1,1,,emotionally,True,nvidia/NVIDIA-Nemotron-Labs-3-Puzzle-75B-A9B-NVFP4,p2
1,1,,wisdom,True,nvidia/NVIDIA-Nemotron-Labs-3-Puzzle-75B-A9B-NVFP4,p2
1,1,,wisdom,True,nvidia/NVIDIA-Nemotron-Labs-3-Puzzle-75B-A9B-NVFP4,p2
1,1,,wisdom,True,nvidia/NVIDIA-Nemotron-Labs-3-Puzzle-75B-A9B-NVFP4,p2
1,1,,wisdom,True,nvidia/NVIDIA-Nemotron-Labs-3-Puzzle-75B-A9B-NVFP4,p2
0,1,,wisdom,False,nvidia/NVIDIA-Nemotron-Labs-3-Puzzle-75B-A9B-NVFP4,p2
0,1,,wisdom,False,nvidia/NVIDIA-Nemotron-Labs-3-Puzzle-75B-A9B-NVFP4,p2
0,1,,wisdom,False,nvidia/NVIDIA-Nemotron-Labs-3-Puzzle-75B-A9B-NVFP4,p2
1,1,,library,True,nvidia/NVIDIA-Nemotron-Labs-3-Puzzle-75B-A9B-NVFP4,p2
1,1,,library,True,nvidia/NVIDIA-Nemotron-Labs-3-Puzzle-75B-A9B-NVFP4,p2
1,1,,library,True,nvidia/NVIDIA-Nemotron-Labs-3-Puzzle-75B-A9B-NVFP4,p2
1,1,,library,True,nvidia/NVIDIA-Nemotron-Labs-3-Puzzle-75B-A9B-NVFP4,p2
0,0,,library,True,nvidia/NVIDIA-Nemotron-Labs-3-Puzzle-75B-A9B-NVFP4,p2
0,1,,library,False,nvidia/NVIDIA-Nemotron-Labs-3-Puzzle-75B-A9B-NVFP4,p2
0,1,,library,False,nvidia/NVIDIA-Nemotron-Labs-3-Puzzle-75B-A9B-NVFP4,p2
1,1,,permission,True,nvidia/NVIDIA-Nemotron-Labs-3-Puzzle-75B-A9B-NVFP4,p2
0,1,,permission,False,nvidia/NVIDIA-Nemotron-Labs-3-Puzzle-75B-A9B-NVFP4,p2
1,0,,come_up,False,nvidia/NVIDIA-Nemotron-Labs-3-Puzzle-75B-A9B-NVFP4,p2
1,1,,come_up,True,nvidia/NVIDIA-Nemotron-Labs-3-Puzzle-75B-A9B-NVFP4,p2
1,0,,come_up,False,nvidia/NVIDIA-Nemotron-Labs-3-Puzzle-75B-A9B-NVFP4,p2
1,1,,come_up,True,nvidia/NVIDIA-Nemotron-Labs-3-Puzzle-75B-A9B-NVFP4,p2
0,0,,come_up,True,nvidia/NVIDIA-Nemotron-Labs-3-Puzzle-75B-A9B-NVFP4,p2
0,0,,come_up,True,nvidia/NVIDIA-Nemotron-Labs-3-Puzzle-75B-A9B-NVFP4,p2
0,0,,come_up,True,nvidia/NVIDIA-Nemotron-Labs-3-Puzzle-75B-A9B-NVFP4,p2
0,0,,come_up,True,nvidia/NVIDIA-Nemotron-Labs-3-Puzzle-75B-A9B-NVFP4,p2
0,0,,come_up,True,nvidia/NVIDIA-Nemotron-Labs-3-Puzzle-75B-A9B-NVFP4,p2
0,0,,come_up,True,nvidia/NVIDIA-Nemotron-Labs-3-Puzzle-75B-A9B-NVFP4,p2
0,0,,come_up,True,nvidia/NVIDIA-Nemotron-Labs-3-Puzzle-75B-A9B-NVFP4,p2
1,1,,beginning,True,nvidia/NVIDIA-Nemotron-Labs-3-Puzzle-75B-A9B-NVFP4,p2
1,1,,beginning,True,nvidia/NVIDIA-Nemotron-Labs-3-Puzzle-75B-A9B-NVFP4,p2
1,1,,beginning,True,nvidia/NVIDIA-Nemotron-Labs-3-Puzzle-75B-A9B-NVFP4,p2
1,1,,beginning,True,nvidia/NVIDIA-Nemotron-Labs-3-Puzzle-75B-A9B-NVFP4,p2
0,1,,beginning,False,nvidia/NVIDIA-Nemotron-Labs-3-Puzzle-75B-A9B-NVFP4,p2
0,0,,beginning,True,nvidia/NVIDIA-Nemotron-Labs-3-Puzzle-75B-A9B-NVFP4,p2
1,1,,strip,True,nvidia/NVIDIA-Nemotron-Labs-3-Puzzle-75B-A9B-NVFP4,p2
1,1,,strip,True,nvidia/NVIDIA-Nemotron-Labs-3-Puzzle-75B-A9B-NVFP4,p2
1,1,,strip,True,nvidia/NVIDIA-Nemotron-Labs-3-Puzzle-75B-A9B-NVFP4,p2
1,1,,strip,True,nvidia/NVIDIA-Nemotron-Labs-3-Puzzle-75B-A9B-NVFP4,p2
1,1,,strip,True,nvidia/NVIDIA-Nemotron-Labs-3-Puzzle-75B-A9B-NVFP4,p2
1,1,,strip,True,nvidia/NVIDIA-Nemotron-Labs-3-Puzzle-75B-A9B-NVFP4,p2
0,1,,strip,False,nvidia/NVIDIA-Nemotron-Labs-3-Puzzle-75B-A9B-NVFP4,p2
0,1,,strip,False,nvidia/NVIDIA-Nemotron-Labs-3-Puzzle-75B-A9B-NVFP4,p2
0,1,,strip,False,nvidia/NVIDIA-Nemotron-Labs-3-Puzzle-75B-A9B-NVFP4,p2
0,1,,strip,False,nvidia/NVIDIA-Nemotron-Labs-3-Puzzle-75B-A9B-NVFP4,p2
0,0,,strip,True,nvidia/NVIDIA-Nemotron-Labs-3-Puzzle-75B-A9B-NVFP4,p2
0,1,,strip,False,nvidia/NVIDIA-Nemotron-Labs-3-Puzzle-75B-A9B-NVFP4,p2
0,0,,strip,True,nvidia/NVIDIA-Nemotron-Labs-3-Puzzle-75B-A9B-NVFP4,p2
0,0,,strip,True,nvidia/NVIDIA-Nemotron-Labs-3-Puzzle-75B-A9B-NVFP4,p2
0,0,,strip,True,nvidia/NVIDIA-Nemotron-Labs-3-Puzzle-75B-A9B-NVFP4,p2
1,1,,lady,True,nvidia/NVIDIA-Nemotron-Labs-3-Puzzle-75B-A9B-NVFP4,p2
1,1,,lady,True,nvidia/NVIDIA-Nemotron-Labs-3-Puzzle-75B-A9B-NVFP4,p2
1,1,,radiate,True,nvidia/NVIDIA-Nemotron-Labs-3-Puzzle-75B-A9B-NVFP4,p2
1,1,,radiate,True,nvidia/NVIDIA-Nemotron-Labs-3-Puzzle-75B-A9B-NVFP4,p2
1,1,,radiate,True,nvidia/NVIDIA-Nemotron-Labs-3-Puzzle-75B-A9B-NVFP4,p2
0,0,,radiate,True,nvidia/NVIDIA-Nemotron-Labs-3-Puzzle-75B-A9B-NVFP4,p2
0,1,,radiate,False,nvidia/NVIDIA-Nemotron-Labs-3-Puzzle-75B-A9B-NVFP4,p2
0,1,,radiate,False,nvidia/NVIDIA-Nemotron-Labs-3-Puzzle-75B-A9B-NVFP4,p2
0,1,,radiate,False,nvidia/NVIDIA-Nemotron-Labs-3-Puzzle-75B-A9B-NVFP4,p2
0,0,,radiate,True,nvidia/NVIDIA-Nemotron-Labs-3-Puzzle-75B-A9B-NVFP4,p2
1,1,,spice,True,nvidia/NVIDIA-Nemotron-Labs-3-Puzzle-75B-A9B-NVFP4,p2
1,1,,spice,True,nvidia/NVIDIA-Nemotron-Labs-3-Puzzle-75B-A9B-NVFP4,p2
1,0,,spice,False,nvidia/NVIDIA-Nemotron-Labs-3-Puzzle-75B-A9B-NVFP4,p2
0,0,,spice,True,nvidia/NVIDIA-Nemotron-Labs-3-Puzzle-75B-A9B-NVFP4,p2
0,1,,spice,False,nvidia/NVIDIA-Nemotron-Labs-3-Puzzle-75B-A9B-NVFP4,p2
0,1,,spice,False,nvidia/NVIDIA-Nemotron-Labs-3-Puzzle-75B-A9B-NVFP4,p2
1,1,,norm,True,nvidia/NVIDIA-Nemotron-Labs-3-Puzzle-75B-A9B-NVFP4,p2
0,0,,norm,True,nvidia/NVIDIA-Nemotron-Labs-3-Puzzle-75B-A9B-NVFP4,p2
0,0,,norm,True,nvidia/NVIDIA-Nemotron-Labs-3-Puzzle-75B-A9B-NVFP4,p2
1,1,,dip,True,nvidia/NVIDIA-Nemotron-Labs-3-Puzzle-75B-A9B-NVFP4,p2
1,1,,dip,True,nvidia/NVIDIA-Nemotron-Labs-3-Puzzle-75B-A9B-NVFP4,p2
1,1,,dip,True,nvidia/NVIDIA-Nemotron-Labs-3-Puzzle-75B-A9B-NVFP4,p2
1,1,,dip,True,nvidia/NVIDIA-Nemotron-Labs-3-Puzzle-75B-A9B-NVFP4,p2
1,1,,dip,True,nvidia/NVIDIA-Nemotron-Labs-3-Puzzle-75B-A9B-NVFP4,p2
1,1,,dip,True,nvidia/NVIDIA-Nemotron-Labs-3-Puzzle-75B-A9B-NVFP4,p2
1,1,,dip,True,nvidia/NVIDIA-Nemotron-Labs-3-Puzzle-75B-A9B-NVFP4,p2
1,1,,dip,True,nvidia/NVIDIA-Nemotron-Labs-3-Puzzle-75B-A9B-NVFP4,p2
1,1,,dip,True,nvidia/NVIDIA-Nemotron-Labs-3-Puzzle-75B-A9B-NVFP4,p2
1,1,,dip,True,nvidia/NVIDIA-Nemotron-Labs-3-Puzzle-75B-A9B-NVFP4,p2
1,1,,dip,True,nvidia/NVIDIA-Nemotron-Labs-3-Puzzle-75B-A9B-NVFP4,p2
1,1,,dip,True,nvidia/NVIDIA-Nemotron-Labs-3-Puzzle-75B-A9B-NVFP4,p2
1,1,,dip,True,nvidia/NVIDIA-Nemotron-Labs-3-Puzzle-75B-A9B-NVFP4,p2
1,1,,dip,True,nvidia/NVIDIA-Nemotron-Labs-3-Puzzle-75B-A9B-NVFP4,p2
0,0,,dip,True,nvidia/NVIDIA-Nemotron-Labs-3-Puzzle-75B-A9B-NVFP4,p2
0,1,,dip,False,nvidia/NVIDIA-Nemotron-Labs-3-Puzzle-75B-A9B-NVFP4,p2
0,0,,dip,True,nvidia/NVIDIA-Nemotron-Labs-3-Puzzle-75B-A9B-NVFP4,p2
0,0,,dip,True,nvidia/NVIDIA-Nemotron-Labs-3-Puzzle-75B-A9B-NVFP4,p2
0,0,,dip,True,nvidia/NVIDIA-Nemotron-Labs-3-Puzzle-75B-A9B-NVFP4,p2
0,0,,dip,True,nvidia/NVIDIA-Nemotron-Labs-3-Puzzle-75B-A9B-NVFP4,p2
0,0,,dip,True,nvidia/NVIDIA-Nemotron-Labs-3-Puzzle-75B-A9B-NVFP4,p2
0,0,,dip,True,nvidia/NVIDIA-Nemotron-Labs-3-Puzzle-75B-A9B-NVFP4,p2
0,0,,dip,True,nvidia/NVIDIA-Nemotron-Labs-3-Puzzle-75B-A9B-NVFP4,p2
0,0,,dip,True,nvidia/NVIDIA-Nemotron-Labs-3-Puzzle-75B-A9B-NVFP4,p2
0,0,,dip,True,nvidia/NVIDIA-Nemotron-Labs-3-Puzzle-75B-A9B-NVFP4,p2
0,0,,dip,True,nvidia/NVIDIA-Nemotron-Labs-3-Puzzle-75B-A9B-NVFP4,p2
0,0,,dip,True,nvidia/NVIDIA-Nemotron-Labs-3-Puzzle-75B-A9B-NVFP4,p2
0,0,,dip,True,nvidia/NVIDIA-Nemotron-Labs-3-Puzzle-75B-A9B-NVFP4,p2
0,1,,dip,False,nvidia/NVIDIA-Nemotron-Labs-3-Puzzle-75B-A9B-NVFP4,p2
0,0,,dip,True,nvidia/NVIDIA-Nemotron-Labs-3-Puzzle-75B-A9B-NVFP4,p2
0,0,,dip,True,nvidia/NVIDIA-Nemotron-Labs-3-Puzzle-75B-A9B-NVFP4,p2
0,1,,dip,False,nvidia/NVIDIA-Nemotron-Labs-3-Puzzle-75B-A9B-NVFP4,p2
0,0,,dip,True,nvidia/NVIDIA-Nemotron-Labs-3-Puzzle-75B-A9B-NVFP4,p2
1,1,,capacity,True,nvidia/NVIDIA-Nemotron-Labs-3-Puzzle-75B-A9B-NVFP4,p2
1,1,,capacity,True,nvidia/NVIDIA-Nemotron-Labs-3-Puzzle-75B-A9B-NVFP4,p2
1,1,,capacity,True,nvidia/NVIDIA-Nemotron-Labs-3-Puzzle-75B-A9B-NVFP4,p2
1,1,,capacity,True,nvidia/NVIDIA-Nemotron-Labs-3-Puzzle-75B-A9B-NVFP4,p2
1,1,,capacity,True,nvidia/NVIDIA-Nemotron-Labs-3-Puzzle-75B-A9B-NVFP4,p2
1,1,,capacity,True,nvidia/NVIDIA-Nemotron-Labs-3-Puzzle-75B-A9B-NVFP4,p2
0,1,,capacity,False,nvidia/NVIDIA-Nemotron-Labs-3-Puzzle-75B-A9B-NVFP4,p2
0,1,,capacity,False,nvidia/NVIDIA-Nemotron-Labs-3-Puzzle-75B-A9B-NVFP4,p2
0,0,,capacity,True,nvidia/NVIDIA-Nemotron-Labs-3-Puzzle-75B-A9B-NVFP4,p2
0,0,,capacity,True,nvidia/NVIDIA-Nemotron-Labs-3-Puzzle-75B-A9B-NVFP4,p2
0,0,,capacity,True,nvidia/NVIDIA-Nemotron-Labs-3-Puzzle-75B-A9B-NVFP4,p2
0,1,,capacity,False,nvidia/NVIDIA-Nemotron-Labs-3-Puzzle-75B-A9B-NVFP4,p2
1,1,,shed,True,nvidia/NVIDIA-Nemotron-Labs-3-Puzzle-75B-A9B-NVFP4,p2
0,0,,shed,True,nvidia/NVIDIA-Nemotron-Labs-3-Puzzle-75B-A9B-NVFP4,p2
1,1,,bury,True,nvidia/NVIDIA-Nemotron-Labs-3-Puzzle-75B-A9B-NVFP4,p2
1,1,,bury,True,nvidia/NVIDIA-Nemotron-Labs-3-Puzzle-75B-A9B-NVFP4,p2
1,1,,bury,True,nvidia/NVIDIA-Nemotron-Labs-3-Puzzle-75B-A9B-NVFP4,p2
0,1,,bury,False,nvidia/NVIDIA-Nemotron-Labs-3-Puzzle-75B-A9B-NVFP4,p2
0,0,,bury,True,nvidia/NVIDIA-Nemotron-Labs-3-Puzzle-75B-A9B-NVFP4,p2
1,1,,dimension,True,nvidia/NVIDIA-Nemotron-Labs-3-Puzzle-75B-A9B-NVFP4,p2
1,1,,dimension,True,nvidia/NVIDIA-Nemotron-Labs-3-Puzzle-75B-A9B-NVFP4,p2
1,1,,dimension,True,nvidia/NVIDIA-Nemotron-Labs-3-Puzzle-75B-A9B-NVFP4,p2
0,1,,dimension,False,nvidia/NVIDIA-Nemotron-Labs-3-Puzzle-75B-A9B-NVFP4,p2
0,0,,dimension,True,nvidia/NVIDIA-Nemotron-Labs-3-Puzzle-75B-A9B-NVFP4,p2
0,1,,dimension,False,nvidia/NVIDIA-Nemotron-Labs-3-Puzzle-75B-A9B-NVFP4,p2
1,1,,staining,True,nvidia/NVIDIA-Nemotron-Labs-3-Puzzle-75B-A9B-NVFP4,p2
0,0,,staining,True,nvidia/NVIDIA-Nemotron-Labs-3-Puzzle-75B-A9B-NVFP4,p2
1,1,,back,True,nvidia/NVIDIA-Nemotron-Labs-3-Puzzle-75B-A9B-NVFP4,p2
1,1,,back,True,nvidia/NVIDIA-Nemotron-Labs-3-Puzzle-75B-A9B-NVFP4,p2
1,1,,back,True,nvidia/NVIDIA-Nemotron-Labs-3-Puzzle-75B-A9B-NVFP4,p2
1,1,,back,True,nvidia/NVIDIA-Nemotron-Labs-3-Puzzle-75B-A9B-NVFP4,p2
1,1,,back,True,nvidia/NVIDIA-Nemotron-Labs-3-Puzzle-75B-A9B-NVFP4,p2
0,0,,back,True,nvidia/NVIDIA-Nemotron-Labs-3-Puzzle-75B-A9B-NVFP4,p2
0,0,,back,True,nvidia/NVIDIA-Nemotron-Labs-3-Puzzle-75B-A9B-NVFP4,p2
0,1,,back,False,nvidia/NVIDIA-Nemotron-Labs-3-Puzzle-75B-A9B-NVFP4,p2
0,0,,back,True,nvidia/NVIDIA-Nemotron-Labs-3-Puzzle-75B-A9B-NVFP4,p2
0,0,,back,True,nvidia/NVIDIA-Nemotron-Labs-3-Puzzle-75B-A9B-NVFP4,p2
0,0,,back,True,nvidia/NVIDIA-Nemotron-Labs-3-Puzzle-75B-A9B-NVFP4,p2
1,1,,skirt,True,nvidia/NVIDIA-Nemotron-Labs-3-Puzzle-75B-A9B-NVFP4,p2
1,1,,skirt,True,nvidia/NVIDIA-Nemotron-Labs-3-Puzzle-75B-A9B-NVFP4,p2
1,0,,skirt,False,nvidia/NVIDIA-Nemotron-Labs-3-Puzzle-75B-A9B-NVFP4,p2
0,0,,skirt,True,nvidia/NVIDIA-Nemotron-Labs-3-Puzzle-75B-A9B-NVFP4,p2
0,0,,skirt,True,nvidia/NVIDIA-Nemotron-Labs-3-Puzzle-75B-A9B-NVFP4,p2
0,0,,skirt,True,nvidia/NVIDIA-Nemotron-Labs-3-Puzzle-75B-A9B-NVFP4,p2
1,1,,lot,True,nvidia/NVIDIA-Nemotron-Labs-3-Puzzle-75B-A9B-NVFP4,p2
1,1,,lot,True,nvidia/NVIDIA-Nemotron-Labs-3-Puzzle-75B-A9B-NVFP4,p2
1,1,,lot,True,nvidia/NVIDIA-Nemotron-Labs-3-Puzzle-75B-A9B-NVFP4,p2
1,1,,lot,True,nvidia/NVIDIA-Nemotron-Labs-3-Puzzle-75B-A9B-NVFP4,p2
0,0,,lot,True,nvidia/NVIDIA-Nemotron-Labs-3-Puzzle-75B-A9B-NVFP4,p2
0,0,,lot,True,nvidia/NVIDIA-Nemotron-Labs-3-Puzzle-75B-A9B-NVFP4,p2
0,0,,lot,True,nvidia/NVIDIA-Nemotron-Labs-3-Puzzle-75B-A9B-NVFP4,p2
1,1,,offensive,True,nvidia/NVIDIA-Nemotron-Labs-3-Puzzle-75B-A9B-NVFP4,p2
1,1,,offensive,True,nvidia/NVIDIA-Nemotron-Labs-3-Puzzle-75B-A9B-NVFP4,p2
1,1,,offensive,True,nvidia/NVIDIA-Nemotron-Labs-3-Puzzle-75B-A9B-NVFP4,p2
0,0,,offensive,True,nvidia/NVIDIA-Nemotron-Labs-3-Puzzle-75B-A9B-NVFP4,p2
0,1,,offensive,False,nvidia/NVIDIA-Nemotron-Labs-3-Puzzle-75B-A9B-NVFP4,p2
0,0,,offensive,True,nvidia/NVIDIA-Nemotron-Labs-3-Puzzle-75B-A9B-NVFP4,p2
0,1,,offensive,False,nvidia/NVIDIA-Nemotron-Labs-3-Puzzle-75B-A9B-NVFP4,p2
0,1,,offensive,False,nvidia/NVIDIA-Nemotron-Labs-3-Puzzle-75B-A9B-NVFP4,p2
1,1,,introduction,True,nvidia/NVIDIA-Nemotron-Labs-3-Puzzle-75B-A9B-NVFP4,p2
1,0,,introduction,False,nvidia/NVIDIA-Nemotron-Labs-3-Puzzle-75B-A9B-NVFP4,p2
0,1,,introduction,False,nvidia/NVIDIA-Nemotron-Labs-3-Puzzle-75B-A9B-NVFP4,p2
0,0,,introduction,True,nvidia/NVIDIA-Nemotron-Labs-3-Puzzle-75B-A9B-NVFP4,p2
0,0,,introduction,True,nvidia/NVIDIA-Nemotron-Labs-3-Puzzle-75B-A9B-NVFP4,p2
0,1,,introduction,False,nvidia/NVIDIA-Nemotron-Labs-3-Puzzle-75B-A9B-NVFP4,p2
0,0,,introduction,True,nvidia/NVIDIA-Nemotron-Labs-3-Puzzle-75B-A9B-NVFP4,p2
1,1,,bowl,True,nvidia/NVIDIA-Nemotron-Labs-3-Puzzle-75B-A9B-NVFP4,p2
1,1,,bowl,True,nvidia/NVIDIA-Nemotron-Labs-3-Puzzle-75B-A9B-NVFP4,p2
1,1,,bowl,True,nvidia/NVIDIA-Nemotron-Labs-3-Puzzle-75B-A9B-NVFP4,p2
1,1,,bowl,True,nvidia/NVIDIA-Nemotron-Labs-3-Puzzle-75B-A9B-NVFP4,p2
0,0,,bowl,True,nvidia/NVIDIA-Nemotron-Labs-3-Puzzle-75B-A9B-NVFP4,p2
0,0,,bowl,True,nvidia/NVIDIA-Nemotron-Labs-3-Puzzle-75B-A9B-NVFP4,p2
0,0,,bowl,True,nvidia/NVIDIA-Nemotron-Labs-3-Puzzle-75B-A9B-NVFP4,p2
0,1,,bowl,False,nvidia/NVIDIA-Nemotron-Labs-3-Puzzle-75B-A9B-NVFP4,p2
0,0,,bowl,True,nvidia/NVIDIA-Nemotron-Labs-3-Puzzle-75B-A9B-NVFP4,p2
0,1,,bowl,False,nvidia/NVIDIA-Nemotron-Labs-3-Puzzle-75B-A9B-NVFP4,p2
1,1,,question,True,nvidia/NVIDIA-Nemotron-Labs-3-Puzzle-75B-A9B-NVFP4,p2
1,1,,question,True,nvidia/NVIDIA-Nemotron-Labs-3-Puzzle-75B-A9B-NVFP4,p2
1,1,,question,True,nvidia/NVIDIA-Nemotron-Labs-3-Puzzle-75B-A9B-NVFP4,p2
0,0,,question,True,nvidia/NVIDIA-Nemotron-Labs-3-Puzzle-75B-A9B-NVFP4,p2
0,1,,question,False,nvidia/NVIDIA-Nemotron-Labs-3-Puzzle-75B-A9B-NVFP4,p2
1,1,,horny,True,nvidia/NVIDIA-Nemotron-Labs-3-Puzzle-75B-A9B-NVFP4,p2
1,1,,horny,True,nvidia/NVIDIA-Nemotron-Labs-3-Puzzle-75B-A9B-NVFP4,p2
1,1,,horny,True,nvidia/NVIDIA-Nemotron-Labs-3-Puzzle-75B-A9B-NVFP4,p2
0,1,,horny,False,nvidia/NVIDIA-Nemotron-Labs-3-Puzzle-75B-A9B-NVFP4,p2
0,0,,horny,True,nvidia/NVIDIA-Nemotron-Labs-3-Puzzle-75B-A9B-NVFP4,p2
0,0,,horny,True,nvidia/NVIDIA-Nemotron-Labs-3-Puzzle-75B-A9B-NVFP4,p2
1,1,,essential,True,nvidia/NVIDIA-Nemotron-Labs-3-Puzzle-75B-A9B-NVFP4,p2
1,1,,essential,True,nvidia/NVIDIA-Nemotron-Labs-3-Puzzle-75B-A9B-NVFP4,p2
0,0,,essential,True,nvidia/NVIDIA-Nemotron-Labs-3-Puzzle-75B-A9B-NVFP4,p2
0,0,,essential,True,nvidia/NVIDIA-Nemotron-Labs-3-Puzzle-75B-A9B-NVFP4,p2
0,0,,essential,True,nvidia/NVIDIA-Nemotron-Labs-3-Puzzle-75B-A9B-NVFP4,p2
1,1,,benefit,True,nvidia/NVIDIA-Nemotron-Labs-3-Puzzle-75B-A9B-NVFP4,p2
1,1,,benefit,True,nvidia/NVIDIA-Nemotron-Labs-3-Puzzle-75B-A9B-NVFP4,p2
0,1,,benefit,False,nvidia/NVIDIA-Nemotron-Labs-3-Puzzle-75B-A9B-NVFP4,p2
0,1,,benefit,False,nvidia/NVIDIA-Nemotron-Labs-3-Puzzle-75B-A9B-NVFP4,p2
1,1,,overthrow,True,nvidia/NVIDIA-Nemotron-Labs-3-Puzzle-75B-A9B-NVFP4,p2
1,1,,overthrow,True,nvidia/NVIDIA-Nemotron-Labs-3-Puzzle-75B-A9B-NVFP4,p2
0,0,,overthrow,True,nvidia/NVIDIA-Nemotron-Labs-3-Puzzle-75B-A9B-NVFP4,p2
0,0,,overthrow,True,nvidia/NVIDIA-Nemotron-Labs-3-Puzzle-75B-A9B-NVFP4,p2
0,1,,migrate,False,nvidia/NVIDIA-Nemotron-Labs-3-Puzzle-75B-A9B-NVFP4,p2
1,1,,outdoor,True,nvidia/NVIDIA-Nemotron-Labs-3-Puzzle-75B-A9B-NVFP4,p2
0,1,,outdoor,False,nvidia/NVIDIA-Nemotron-Labs-3-Puzzle-75B-A9B-NVFP4,p2
0,1,,outdoor,False,nvidia/NVIDIA-Nemotron-Labs-3-Puzzle-75B-A9B-NVFP4,p2
1,1,,pasture,True,nvidia/NVIDIA-Nemotron-Labs-3-Puzzle-75B-A9B-NVFP4,p2
1,1,,experimental,True,nvidia/NVIDIA-Nemotron-Labs-3-Puzzle-75B-A9B-NVFP4,p2
1,1,,theme,True,nvidia/NVIDIA-Nemotron-Labs-3-Puzzle-75B-A9B-NVFP4,p2
1,1,,theme,True,nvidia/NVIDIA-Nemotron-Labs-3-Puzzle-75B-A9B-NVFP4,p2
1,1,,theme,True,nvidia/NVIDIA-Nemotron-Labs-3-Puzzle-75B-A9B-NVFP4,p2
0,0,,theme,True,nvidia/NVIDIA-Nemotron-Labs-3-Puzzle-75B-A9B-NVFP4,p2
0,1,,theme,False,nvidia/NVIDIA-Nemotron-Labs-3-Puzzle-75B-A9B-NVFP4,p2
0,1,,theme,False,nvidia/NVIDIA-Nemotron-Labs-3-Puzzle-75B-A9B-NVFP4,p2
1,1,,vigor,True,nvidia/NVIDIA-Nemotron-Labs-3-Puzzle-75B-A9B-NVFP4,p2
1,1,,vigor,True,nvidia/NVIDIA-Nemotron-Labs-3-Puzzle-75B-A9B-NVFP4,p2
0,1,,vigor,False,nvidia/NVIDIA-Nemotron-Labs-3-Puzzle-75B-A9B-NVFP4,p2
0,1,,vigor,False,nvidia/NVIDIA-Nemotron-Labs-3-Puzzle-75B-A9B-NVFP4,p2
1,1,,frequent,True,nvidia/NVIDIA-Nemotron-Labs-3-Puzzle-75B-A9B-NVFP4,p2
0,1,,frequent,False,nvidia/NVIDIA-Nemotron-Labs-3-Puzzle-75B-A9B-NVFP4,p2
1,1,,warmth,True,nvidia/NVIDIA-Nemotron-Labs-3-Puzzle-75B-A9B-NVFP4,p2
1,1,,warmth,True,nvidia/NVIDIA-Nemotron-Labs-3-Puzzle-75B-A9B-NVFP4,p2
0,1,,warmth,False,nvidia/NVIDIA-Nemotron-Labs-3-Puzzle-75B-A9B-NVFP4,p2
0,0,,warmth,True,nvidia/NVIDIA-Nemotron-Labs-3-Puzzle-75B-A9B-NVFP4,p2
0,1,,warmth,False,nvidia/NVIDIA-Nemotron-Labs-3-Puzzle-75B-A9B-NVFP4,p2
0,1,,warmth,False,nvidia/NVIDIA-Nemotron-Labs-3-Puzzle-75B-A9B-NVFP4,p2
1,1,,hurt,True,nvidia/NVIDIA-Nemotron-Labs-3-Puzzle-75B-A9B-NVFP4,p2
0,1,,hurt,False,nvidia/NVIDIA-Nemotron-Labs-3-Puzzle-75B-A9B-NVFP4,p2
0,1,,hurt,False,nvidia/NVIDIA-Nemotron-Labs-3-Puzzle-75B-A9B-NVFP4,p2
1,1,,shock,True,nvidia/NVIDIA-Nemotron-Labs-3-Puzzle-75B-A9B-NVFP4,p2
0,0,,shock,True,nvidia/NVIDIA-Nemotron-Labs-3-Puzzle-75B-A9B-NVFP4,p2
0,1,,shock,False,nvidia/NVIDIA-Nemotron-Labs-3-Puzzle-75B-A9B-NVFP4,p2
0,0,,shock,True,nvidia/NVIDIA-Nemotron-Labs-3-Puzzle-75B-A9B-NVFP4,p2
0,1,,shock,False,nvidia/NVIDIA-Nemotron-Labs-3-Puzzle-75B-A9B-NVFP4,p2
0,1,,shock,False,nvidia/NVIDIA-Nemotron-Labs-3-Puzzle-75B-A9B-NVFP4,p2
0,0,,shock,True,nvidia/NVIDIA-Nemotron-Labs-3-Puzzle-75B-A9B-NVFP4,p2
0,1,,morality,False,nvidia/NVIDIA-Nemotron-Labs-3-Puzzle-75B-A9B-NVFP4,p2
1,1,,flight,True,nvidia/NVIDIA-Nemotron-Labs-3-Puzzle-75B-A9B-NVFP4,p2
1,1,,flight,True,nvidia/NVIDIA-Nemotron-Labs-3-Puzzle-75B-A9B-NVFP4,p2
1,1,,flight,True,nvidia/NVIDIA-Nemotron-Labs-3-Puzzle-75B-A9B-NVFP4,p2
1,1,,flight,True,nvidia/NVIDIA-Nemotron-Labs-3-Puzzle-75B-A9B-NVFP4,p2
1,1,,flight,True,nvidia/NVIDIA-Nemotron-Labs-3-Puzzle-75B-A9B-NVFP4,p2
0,0,,flight,True,nvidia/NVIDIA-Nemotron-Labs-3-Puzzle-75B-A9B-NVFP4,p2
0,0,,flight,True,nvidia/NVIDIA-Nemotron-Labs-3-Puzzle-75B-A9B-NVFP4,p2
0,0,,flight,True,nvidia/NVIDIA-Nemotron-Labs-3-Puzzle-75B-A9B-NVFP4,p2
0,0,,flight,True,nvidia/NVIDIA-Nemotron-Labs-3-Puzzle-75B-A9B-NVFP4,p2
0,0,,flight,True,nvidia/NVIDIA-Nemotron-Labs-3-Puzzle-75B-A9B-NVFP4,p2
1,1,,persist,True,nvidia/NVIDIA-Nemotron-Labs-3-Puzzle-75B-A9B-NVFP4,p2
0,1,,persist,False,nvidia/NVIDIA-Nemotron-Labs-3-Puzzle-75B-A9B-NVFP4,p2
1,1,,conviction,True,nvidia/NVIDIA-Nemotron-Labs-3-Puzzle-75B-A9B-NVFP4,p2
0,0,,conviction,True,nvidia/NVIDIA-Nemotron-Labs-3-Puzzle-75B-A9B-NVFP4,p2
1,1,,stick,True,nvidia/NVIDIA-Nemotron-Labs-3-Puzzle-75B-A9B-NVFP4,p2
1,0,,stick,False,nvidia/NVIDIA-Nemotron-Labs-3-Puzzle-75B-A9B-NVFP4,p2
1,1,,stick,True,nvidia/NVIDIA-Nemotron-Labs-3-Puzzle-75B-A9B-NVFP4,p2
1,1,,stick,True,nvidia/NVIDIA-Nemotron-Labs-3-Puzzle-75B-A9B-NVFP4,p2
1,1,,stick,True,nvidia/NVIDIA-Nemotron-Labs-3-Puzzle-75B-A9B-NVFP4,p2
1,1,,stick,True,nvidia/NVIDIA-Nemotron-Labs-3-Puzzle-75B-A9B-NVFP4,p2
1,1,,stick,True,nvidia/NVIDIA-Nemotron-Labs-3-Puzzle-75B-A9B-NVFP4,p2
0,0,,stick,True,nvidia/NVIDIA-Nemotron-Labs-3-Puzzle-75B-A9B-NVFP4,p2
0,0,,stick,True,nvidia/NVIDIA-Nemotron-Labs-3-Puzzle-75B-A9B-NVFP4,p2
0,0,,stick,True,nvidia/NVIDIA-Nemotron-Labs-3-Puzzle-75B-A9B-NVFP4,p2
0,0,,stick,True,nvidia/NVIDIA-Nemotron-Labs-3-Puzzle-75B-A9B-NVFP4,p2
0,0,,stick,True,nvidia/NVIDIA-Nemotron-Labs-3-Puzzle-75B-A9B-NVFP4,p2
0,0,,stick,True,nvidia/NVIDIA-Nemotron-Labs-3-Puzzle-75B-A9B-NVFP4,p2
0,0,,stick,True,nvidia/NVIDIA-Nemotron-Labs-3-Puzzle-75B-A9B-NVFP4,p2
0,1,,stick,False,nvidia/NVIDIA-Nemotron-Labs-3-Puzzle-75B-A9B-NVFP4,p2
0,0,,stick,True,nvidia/NVIDIA-Nemotron-Labs-3-Puzzle-75B-A9B-NVFP4,p2
0,0,,stick,True,nvidia/NVIDIA-Nemotron-Labs-3-Puzzle-75B-A9B-NVFP4,p2
0,0,,stick,True,nvidia/NVIDIA-Nemotron-Labs-3-Puzzle-75B-A9B-NVFP4,p2
0,0,,stick,True,nvidia/NVIDIA-Nemotron-Labs-3-Puzzle-75B-A9B-NVFP4,p2
0,0,,stick,True,nvidia/NVIDIA-Nemotron-Labs-3-Puzzle-75B-A9B-NVFP4,p2
1,1,,work_out,True,nvidia/NVIDIA-Nemotron-Labs-3-Puzzle-75B-A9B-NVFP4,p2
1,1,,work_out,True,nvidia/NVIDIA-Nemotron-Labs-3-Puzzle-75B-A9B-NVFP4,p2
1,1,,work_out,True,nvidia/NVIDIA-Nemotron-Labs-3-Puzzle-75B-A9B-NVFP4,p2
1,1,,work_out,True,nvidia/NVIDIA-Nemotron-Labs-3-Puzzle-75B-A9B-NVFP4,p2
0,0,,work_out,True,nvidia/NVIDIA-Nemotron-Labs-3-Puzzle-75B-A9B-NVFP4,p2
0,0,,work_out,True,nvidia/NVIDIA-Nemotron-Labs-3-Puzzle-75B-A9B-NVFP4,p2
0,0,,work_out,True,nvidia/NVIDIA-Nemotron-Labs-3-Puzzle-75B-A9B-NVFP4,p2
0,1,,work_out,False,nvidia/NVIDIA-Nemotron-Labs-3-Puzzle-75B-A9B-NVFP4,p2
0,1,,work_out,False,nvidia/NVIDIA-Nemotron-Labs-3-Puzzle-75B-A9B-NVFP4,p2
0,0,,work_out,True,nvidia/NVIDIA-Nemotron-Labs-3-Puzzle-75B-A9B-NVFP4,p2
0,0,,work_out,True,nvidia/NVIDIA-Nemotron-Labs-3-Puzzle-75B-A9B-NVFP4,p2
1,1,,frame,True,nvidia/NVIDIA-Nemotron-Labs-3-Puzzle-75B-A9B-NVFP4,p2
1,1,,frame,True,nvidia/NVIDIA-Nemotron-Labs-3-Puzzle-75B-A9B-NVFP4,p2
1,1,,frame,True,nvidia/NVIDIA-Nemotron-Labs-3-Puzzle-75B-A9B-NVFP4,p2
1,1,,frame,True,nvidia/NVIDIA-Nemotron-Labs-3-Puzzle-75B-A9B-NVFP4,p2
1,1,,frame,True,nvidia/NVIDIA-Nemotron-Labs-3-Puzzle-75B-A9B-NVFP4,p2
1,1,,frame,True,nvidia/NVIDIA-Nemotron-Labs-3-Puzzle-75B-A9B-NVFP4,p2
0,0,,frame,True,nvidia/NVIDIA-Nemotron-Labs-3-Puzzle-75B-A9B-NVFP4,p2
0,0,,frame,True,nvidia/NVIDIA-Nemotron-Labs-3-Puzzle-75B-A9B-NVFP4,p2
0,0,,frame,True,nvidia/NVIDIA-Nemotron-Labs-3-Puzzle-75B-A9B-NVFP4,p2
0,0,,frame,True,nvidia/NVIDIA-Nemotron-Labs-3-Puzzle-75B-A9B-NVFP4,p2
0,0,,frame,True,nvidia/NVIDIA-Nemotron-Labs-3-Puzzle-75B-A9B-NVFP4,p2
0,0,,frame,True,nvidia/NVIDIA-Nemotron-Labs-3-Puzzle-75B-A9B-NVFP4,p2
0,0,,frame,True,nvidia/NVIDIA-Nemotron-Labs-3-Puzzle-75B-A9B-NVFP4,p2
0,0,,frame,True,nvidia/NVIDIA-Nemotron-Labs-3-Puzzle-75B-A9B-NVFP4,p2
0,0,,frame,True,nvidia/NVIDIA-Nemotron-Labs-3-Puzzle-75B-A9B-NVFP4,p2
0,0,,frame,True,nvidia/NVIDIA-Nemotron-Labs-3-Puzzle-75B-A9B-NVFP4,p2
1,1,,vivid,True,nvidia/NVIDIA-Nemotron-Labs-3-Puzzle-75B-A9B-NVFP4,p2
1,1,,vivid,True,nvidia/NVIDIA-Nemotron-Labs-3-Puzzle-75B-A9B-NVFP4,p2
0,1,,vivid,False,nvidia/NVIDIA-Nemotron-Labs-3-Puzzle-75B-A9B-NVFP4,p2
0,0,,vivid,True,nvidia/NVIDIA-Nemotron-Labs-3-Puzzle-75B-A9B-NVFP4,p2
1,1,,isolated,True,nvidia/NVIDIA-Nemotron-Labs-3-Puzzle-75B-A9B-NVFP4,p2
1,1,,isolated,True,nvidia/NVIDIA-Nemotron-Labs-3-Puzzle-75B-A9B-NVFP4,p2
1,1,,isolated,True,nvidia/NVIDIA-Nemotron-Labs-3-Puzzle-75B-A9B-NVFP4,p2
0,0,,isolated,True,nvidia/NVIDIA-Nemotron-Labs-3-Puzzle-75B-A9B-NVFP4,p2
0,1,,isolated,False,nvidia/NVIDIA-Nemotron-Labs-3-Puzzle-75B-A9B-NVFP4,p2
0,0,,isolated,True,nvidia/NVIDIA-Nemotron-Labs-3-Puzzle-75B-A9B-NVFP4,p2
0,1,,isolated,False,nvidia/NVIDIA-Nemotron-Labs-3-Puzzle-75B-A9B-NVFP4,p2
0,0,,isolated,True,nvidia/NVIDIA-Nemotron-Labs-3-Puzzle-75B-A9B-NVFP4,p2
1,1,,housing,True,nvidia/NVIDIA-Nemotron-Labs-3-Puzzle-75B-A9B-NVFP4,p2
1,1,,housing,True,nvidia/NVIDIA-Nemotron-Labs-3-Puzzle-75B-A9B-NVFP4,p2
0,0,,housing,True,nvidia/NVIDIA-Nemotron-Labs-3-Puzzle-75B-A9B-NVFP4,p2
0,0,,housing,True,nvidia/NVIDIA-Nemotron-Labs-3-Puzzle-75B-A9B-NVFP4,p2
0,0,,housing,True,nvidia/NVIDIA-Nemotron-Labs-3-Puzzle-75B-A9B-NVFP4,p2
1,1,,bite,True,nvidia/NVIDIA-Nemotron-Labs-3-Puzzle-75B-A9B-NVFP4,p2
1,1,,bite,True,nvidia/NVIDIA-Nemotron-Labs-3-Puzzle-75B-A9B-NVFP4,p2
1,1,,bite,True,nvidia/NVIDIA-Nemotron-Labs-3-Puzzle-75B-A9B-NVFP4,p2
0,0,,bite,True,nvidia/NVIDIA-Nemotron-Labs-3-Puzzle-75B-A9B-NVFP4,p2
0,1,,bite,False,nvidia/NVIDIA-Nemotron-Labs-3-Puzzle-75B-A9B-NVFP4,p2
0,1,,bite,False,nvidia/NVIDIA-Nemotron-Labs-3-Puzzle-75B-A9B-NVFP4,p2
0,0,,bite,True,nvidia/NVIDIA-Nemotron-Labs-3-Puzzle-75B-A9B-NVFP4,p2
0,0,,bite,True,nvidia/NVIDIA-Nemotron-Labs-3-Puzzle-75B-A9B-NVFP4,p2
0,0,,bite,True,nvidia/NVIDIA-Nemotron-Labs-3-Puzzle-75B-A9B-NVFP4,p2
1,1,,vector,True,nvidia/NVIDIA-Nemotron-Labs-3-Puzzle-75B-A9B-NVFP4,p2
1,1,,vector,True,nvidia/NVIDIA-Nemotron-Labs-3-Puzzle-75B-A9B-NVFP4,p2
1,1,,vector,True,nvidia/NVIDIA-Nemotron-Labs-3-Puzzle-75B-A9B-NVFP4,p2
0,0,,vector,True,nvidia/NVIDIA-Nemotron-Labs-3-Puzzle-75B-A9B-NVFP4,p2
0,0,,vector,True,nvidia/NVIDIA-Nemotron-Labs-3-Puzzle-75B-A9B-NVFP4,p2
0,1,,vector,False,nvidia/NVIDIA-Nemotron-Labs-3-Puzzle-75B-A9B-NVFP4,p2
1,1,,below,True,nvidia/NVIDIA-Nemotron-Labs-3-Puzzle-75B-A9B-NVFP4,p2
1,1,,assembly,True,nvidia/NVIDIA-Nemotron-Labs-3-Puzzle-75B-A9B-NVFP4,p2
1,1,,assembly,True,nvidia/NVIDIA-Nemotron-Labs-3-Puzzle-75B-A9B-NVFP4,p2
1,1,,assembly,True,nvidia/NVIDIA-Nemotron-Labs-3-Puzzle-75B-A9B-NVFP4,p2
1,0,,assembly,False,nvidia/NVIDIA-Nemotron-Labs-3-Puzzle-75B-A9B-NVFP4,p2
0,1,,assembly,False,nvidia/NVIDIA-Nemotron-Labs-3-Puzzle-75B-A9B-NVFP4,p2
0,0,,assembly,True,nvidia/NVIDIA-Nemotron-Labs-3-Puzzle-75B-A9B-NVFP4,p2
0,0,,assembly,True,nvidia/NVIDIA-Nemotron-Labs-3-Puzzle-75B-A9B-NVFP4,p2
1,1,,prime_minister,True,nvidia/NVIDIA-Nemotron-Labs-3-Puzzle-75B-A9B-NVFP4,p2
0,1,,prime_minister,False,nvidia/NVIDIA-Nemotron-Labs-3-Puzzle-75B-A9B-NVFP4,p2
1,1,,specimen,True,nvidia/NVIDIA-Nemotron-Labs-3-Puzzle-75B-A9B-NVFP4,p2
1,1,,specimen,True,nvidia/NVIDIA-Nemotron-Labs-3-Puzzle-75B-A9B-NVFP4,p2
0,0,,specimen,True,nvidia/NVIDIA-Nemotron-Labs-3-Puzzle-75B-A9B-NVFP4,p2
1,1,,digit,True,nvidia/NVIDIA-Nemotron-Labs-3-Puzzle-75B-A9B-NVFP4,p2
0,0,,digit,True,nvidia/NVIDIA-Nemotron-Labs-3-Puzzle-75B-A9B-NVFP4,p2
0,0,,penalty,True,nvidia/NVIDIA-Nemotron-Labs-3-Puzzle-75B-A9B-NVFP4,p2
1,1,,compress,True,nvidia/NVIDIA-Nemotron-Labs-3-Puzzle-75B-A9B-NVFP4,p2
0,1,,compress,False,nvidia/NVIDIA-Nemotron-Labs-3-Puzzle-75B-A9B-NVFP4,p2
1,1,,squash,True,nvidia/NVIDIA-Nemotron-Labs-3-Puzzle-75B-A9B-NVFP4,p2
0,1,,squash,False,nvidia/NVIDIA-Nemotron-Labs-3-Puzzle-75B-A9B-NVFP4,p2
1,1,,scatter,True,nvidia/NVIDIA-Nemotron-Labs-3-Puzzle-75B-A9B-NVFP4,p2
1,1,,scatter,True,nvidia/NVIDIA-Nemotron-Labs-3-Puzzle-75B-A9B-NVFP4,p2
0,1,,scatter,False,nvidia/NVIDIA-Nemotron-Labs-3-Puzzle-75B-A9B-NVFP4,p2
1,1,,carrier,True,nvidia/NVIDIA-Nemotron-Labs-3-Puzzle-75B-A9B-NVFP4,p2
1,1,,carrier,True,nvidia/NVIDIA-Nemotron-Labs-3-Puzzle-75B-A9B-NVFP4,p2
1,1,,carrier,True,nvidia/NVIDIA-Nemotron-Labs-3-Puzzle-75B-A9B-NVFP4,p2
0,1,,carrier,False,nvidia/NVIDIA-Nemotron-Labs-3-Puzzle-75B-A9B-NVFP4,p2
0,0,,carrier,True,nvidia/NVIDIA-Nemotron-Labs-3-Puzzle-75B-A9B-NVFP4,p2
0,0,,carrier,True,nvidia/NVIDIA-Nemotron-Labs-3-Puzzle-75B-A9B-NVFP4,p2
0,0,,carrier,True,nvidia/NVIDIA-Nemotron-Labs-3-Puzzle-75B-A9B-NVFP4,p2
1,1,,transition,True,nvidia/NVIDIA-Nemotron-Labs-3-Puzzle-75B-A9B-NVFP4,p2
0,1,,transition,False,nvidia/NVIDIA-Nemotron-Labs-3-Puzzle-75B-A9B-NVFP4,p2
0,0,,transition,True,nvidia/NVIDIA-Nemotron-Labs-3-Puzzle-75B-A9B-NVFP4,p2
0,1,,transition,False,nvidia/NVIDIA-Nemotron-Labs-3-Puzzle-75B-A9B-NVFP4,p2
1,1,,advance,True,nvidia/NVIDIA-Nemotron-Labs-3-Puzzle-75B-A9B-NVFP4,p2
1,1,,advance,True,nvidia/NVIDIA-Nemotron-Labs-3-Puzzle-75B-A9B-NVFP4,p2
1,1,,advance,True,nvidia/NVIDIA-Nemotron-Labs-3-Puzzle-75B-A9B-NVFP4,p2
1,1,,advance,True,nvidia/NVIDIA-Nemotron-Labs-3-Puzzle-75B-A9B-NVFP4,p2
0,1,,advance,False,nvidia/NVIDIA-Nemotron-Labs-3-Puzzle-75B-A9B-NVFP4,p2
0,0,,advance,True,nvidia/NVIDIA-Nemotron-Labs-3-Puzzle-75B-A9B-NVFP4,p2
0,0,,advance,True,nvidia/NVIDIA-Nemotron-Labs-3-Puzzle-75B-A9B-NVFP4,p2
0,1,,advance,False,nvidia/NVIDIA-Nemotron-Labs-3-Puzzle-75B-A9B-NVFP4,p2
0,0,,advance,True,nvidia/NVIDIA-Nemotron-Labs-3-Puzzle-75B-A9B-NVFP4,p2
1,1,,component,True,nvidia/NVIDIA-Nemotron-Labs-3-Puzzle-75B-A9B-NVFP4,p2
0,1,,component,False,nvidia/NVIDIA-Nemotron-Labs-3-Puzzle-75B-A9B-NVFP4,p2
1,1,,qualification,True,nvidia/NVIDIA-Nemotron-Labs-3-Puzzle-75B-A9B-NVFP4,p2
1,1,,qualification,True,nvidia/NVIDIA-Nemotron-Labs-3-Puzzle-75B-A9B-NVFP4,p2
0,1,,qualification,False,nvidia/NVIDIA-Nemotron-Labs-3-Puzzle-75B-A9B-NVFP4,p2
1,1,,crisis,True,nvidia/NVIDIA-Nemotron-Labs-3-Puzzle-75B-A9B-NVFP4,p2
1,1,,crisis,True,nvidia/NVIDIA-Nemotron-Labs-3-Puzzle-75B-A9B-NVFP4,p2
1,1,,accord,True,nvidia/NVIDIA-Nemotron-Labs-3-Puzzle-75B-A9B-NVFP4,p2
1,1,,accord,True,nvidia/NVIDIA-Nemotron-Labs-3-Puzzle-75B-A9B-NVFP4,p2
1,1,,accord,True,nvidia/NVIDIA-Nemotron-Labs-3-Puzzle-75B-A9B-NVFP4,p2
1,1,,accord,True,nvidia/NVIDIA-Nemotron-Labs-3-Puzzle-75B-A9B-NVFP4,p2
1,1,,accord,True,nvidia/NVIDIA-Nemotron-Labs-3-Puzzle-75B-A9B-NVFP4,p2
0,0,,accord,True,nvidia/NVIDIA-Nemotron-Labs-3-Puzzle-75B-A9B-NVFP4,p2
0,0,,accord,True,nvidia/NVIDIA-Nemotron-Labs-3-Puzzle-75B-A9B-NVFP4,p2
0,0,,accord,True,nvidia/NVIDIA-Nemotron-Labs-3-Puzzle-75B-A9B-NVFP4,p2
0,1,,accord,False,nvidia/NVIDIA-Nemotron-Labs-3-Puzzle-75B-A9B-NVFP4,p2
1,1,,odd,True,nvidia/NVIDIA-Nemotron-Labs-3-Puzzle-75B-A9B-NVFP4,p2
0,0,,odd,True,nvidia/NVIDIA-Nemotron-Labs-3-Puzzle-75B-A9B-NVFP4,p2
0,0,,odd,True,nvidia/NVIDIA-Nemotron-Labs-3-Puzzle-75B-A9B-NVFP4,p2
0,1,,odd,False,nvidia/NVIDIA-Nemotron-Labs-3-Puzzle-75B-A9B-NVFP4,p2
0,0,,odd,True,nvidia/NVIDIA-Nemotron-Labs-3-Puzzle-75B-A9B-NVFP4,p2
1,1,,trick,True,nvidia/NVIDIA-Nemotron-Labs-3-Puzzle-75B-A9B-NVFP4,p2
1,1,,trick,True,nvidia/NVIDIA-Nemotron-Labs-3-Puzzle-75B-A9B-NVFP4,p2
1,1,,trick,True,nvidia/NVIDIA-Nemotron-Labs-3-Puzzle-75B-A9B-NVFP4,p2
1,0,,trick,False,nvidia/NVIDIA-Nemotron-Labs-3-Puzzle-75B-A9B-NVFP4,p2
0,0,,trick,True,nvidia/NVIDIA-Nemotron-Labs-3-Puzzle-75B-A9B-NVFP4,p2
0,0,,trick,True,nvidia/NVIDIA-Nemotron-Labs-3-Puzzle-75B-A9B-NVFP4,p2
0,0,,trick,True,nvidia/NVIDIA-Nemotron-Labs-3-Puzzle-75B-A9B-NVFP4,p2
0,0,,trick,True,nvidia/NVIDIA-Nemotron-Labs-3-Puzzle-75B-A9B-NVFP4,p2
0,0,,trick,True,nvidia/NVIDIA-Nemotron-Labs-3-Puzzle-75B-A9B-NVFP4,p2
1,1,,temporal,True,nvidia/NVIDIA-Nemotron-Labs-3-Puzzle-75B-A9B-NVFP4,p2
1,1,,temporal,True,nvidia/NVIDIA-Nemotron-Labs-3-Puzzle-75B-A9B-NVFP4,p2
0,0,,temporal,True,nvidia/NVIDIA-Nemotron-Labs-3-Puzzle-75B-A9B-NVFP4,p2
0,0,,temporal,True,nvidia/NVIDIA-Nemotron-Labs-3-Puzzle-75B-A9B-NVFP4,p2
0,0,,temporal,True,nvidia/NVIDIA-Nemotron-Labs-3-Puzzle-75B-A9B-NVFP4,p2
0,0,,temporal,True,nvidia/NVIDIA-Nemotron-Labs-3-Puzzle-75B-A9B-NVFP4,p2
1,1,,pair,True,nvidia/NVIDIA-Nemotron-Labs-3-Puzzle-75B-A9B-NVFP4,p2
1,1,,pair,True,nvidia/NVIDIA-Nemotron-Labs-3-Puzzle-75B-A9B-NVFP4,p2
0,0,,pair,True,nvidia/NVIDIA-Nemotron-Labs-3-Puzzle-75B-A9B-NVFP4,p2
0,1,,pair,False,nvidia/NVIDIA-Nemotron-Labs-3-Puzzle-75B-A9B-NVFP4,p2
1,1,,rush,True,nvidia/NVIDIA-Nemotron-Labs-3-Puzzle-75B-A9B-NVFP4,p2
1,1,,rush,True,nvidia/NVIDIA-Nemotron-Labs-3-Puzzle-75B-A9B-NVFP4,p2
0,1,,rush,False,nvidia/NVIDIA-Nemotron-Labs-3-Puzzle-75B-A9B-NVFP4,p2
0,0,,rush,True,nvidia/NVIDIA-Nemotron-Labs-3-Puzzle-75B-A9B-NVFP4,p2
0,1,,rush,False,nvidia/NVIDIA-Nemotron-Labs-3-Puzzle-75B-A9B-NVFP4,p2
0,1,,rush,False,nvidia/NVIDIA-Nemotron-Labs-3-Puzzle-75B-A9B-NVFP4,p2
1,1,,pastry,True,nvidia/NVIDIA-Nemotron-Labs-3-Puzzle-75B-A9B-NVFP4,p2
0,1,,pastry,False,nvidia/NVIDIA-Nemotron-Labs-3-Puzzle-75B-A9B-NVFP4,p2
1,1,,happiness,True,nvidia/NVIDIA-Nemotron-Labs-3-Puzzle-75B-A9B-NVFP4,p2
1,1,,happiness,True,nvidia/NVIDIA-Nemotron-Labs-3-Puzzle-75B-A9B-NVFP4,p2
0,1,,happiness,False,nvidia/NVIDIA-Nemotron-Labs-3-Puzzle-75B-A9B-NVFP4,p2
0,1,,happiness,False,nvidia/NVIDIA-Nemotron-Labs-3-Puzzle-75B-A9B-NVFP4,p2
1,1,,thicken,True,nvidia/NVIDIA-Nemotron-Labs-3-Puzzle-75B-A9B-NVFP4,p2
1,1,,thicken,True,nvidia/NVIDIA-Nemotron-Labs-3-Puzzle-75B-A9B-NVFP4,p2
0,1,,evolution,False,nvidia/NVIDIA-Nemotron-Labs-3-Puzzle-75B-A9B-NVFP4,p2
0,0,,evolution,True,nvidia/NVIDIA-Nemotron-Labs-3-Puzzle-75B-A9B-NVFP4,p2
1,1,,reward,True,nvidia/NVIDIA-Nemotron-Labs-3-Puzzle-75B-A9B-NVFP4,p2
0,1,,reward,False,nvidia/NVIDIA-Nemotron-Labs-3-Puzzle-75B-A9B-NVFP4,p2
0,1,,reward,False,nvidia/NVIDIA-Nemotron-Labs-3-Puzzle-75B-A9B-NVFP4,p2
0,0,,reward,True,nvidia/NVIDIA-Nemotron-Labs-3-Puzzle-75B-A9B-NVFP4,p2
0,1,,reward,False,nvidia/NVIDIA-Nemotron-Labs-3-Puzzle-75B-A9B-NVFP4,p2
1,1,,give_up,True,nvidia/NVIDIA-Nemotron-Labs-3-Puzzle-75B-A9B-NVFP4,p2
1,1,,give_up,True,nvidia/NVIDIA-Nemotron-Labs-3-Puzzle-75B-A9B-NVFP4,p2
1,1,,give_up,True,nvidia/NVIDIA-Nemotron-Labs-3-Puzzle-75B-A9B-NVFP4,p2
1,1,,give_up,True,nvidia/NVIDIA-Nemotron-Labs-3-Puzzle-75B-A9B-NVFP4,p2
0,1,,give_up,False,nvidia/NVIDIA-Nemotron-Labs-3-Puzzle-75B-A9B-NVFP4,p2
0,0,,give_up,True,nvidia/NVIDIA-Nemotron-Labs-3-Puzzle-75B-A9B-NVFP4,p2
0,1,,give_up,False,nvidia/NVIDIA-Nemotron-Labs-3-Puzzle-75B-A9B-NVFP4,p2
0,1,,give_up,False,nvidia/NVIDIA-Nemotron-Labs-3-Puzzle-75B-A9B-NVFP4,p2
0,0,,give_up,True,nvidia/NVIDIA-Nemotron-Labs-3-Puzzle-75B-A9B-NVFP4,p2
0,1,,give_up,False,nvidia/NVIDIA-Nemotron-Labs-3-Puzzle-75B-A9B-NVFP4,p2
1,1,,colonial,True,nvidia/NVIDIA-Nemotron-Labs-3-Puzzle-75B-A9B-NVFP4,p2
0,0,,colonial,True,nvidia/NVIDIA-Nemotron-Labs-3-Puzzle-75B-A9B-NVFP4,p2
0,0,,colonial,True,nvidia/NVIDIA-Nemotron-Labs-3-Puzzle-75B-A9B-NVFP4,p2
1,1,,german,True,nvidia/NVIDIA-Nemotron-Labs-3-Puzzle-75B-A9B-NVFP4,p2
0,0,,german,True,nvidia/NVIDIA-Nemotron-Labs-3-Puzzle-75B-A9B-NVFP4,p2
1,1,,casual,True,nvidia/NVIDIA-Nemotron-Labs-3-Puzzle-75B-A9B-NVFP4,p2
1,1,,casual,True,nvidia/NVIDIA-Nemotron-Labs-3-Puzzle-75B-A9B-NVFP4,p2
1,1,,casual,True,nvidia/NVIDIA-Nemotron-Labs-3-Puzzle-75B-A9B-NVFP4,p2
1,1,,casual,True,nvidia/NVIDIA-Nemotron-Labs-3-Puzzle-75B-A9B-NVFP4,p2
0,1,,casual,False,nvidia/NVIDIA-Nemotron-Labs-3-Puzzle-75B-A9B-NVFP4,p2
0,0,,casual,True,nvidia/NVIDIA-Nemotron-Labs-3-Puzzle-75B-A9B-NVFP4,p2
0,0,,casual,True,nvidia/NVIDIA-Nemotron-Labs-3-Puzzle-75B-A9B-NVFP4,p2
0,1,,casual,False,nvidia/NVIDIA-Nemotron-Labs-3-Puzzle-75B-A9B-NVFP4,p2
0,0,,casual,True,nvidia/NVIDIA-Nemotron-Labs-3-Puzzle-75B-A9B-NVFP4,p2
0,1,,casual,False,nvidia/NVIDIA-Nemotron-Labs-3-Puzzle-75B-A9B-NVFP4,p2
1,1,,escape,True,nvidia/NVIDIA-Nemotron-Labs-3-Puzzle-75B-A9B-NVFP4,p2
1,1,,escape,True,nvidia/NVIDIA-Nemotron-Labs-3-Puzzle-75B-A9B-NVFP4,p2
1,1,,escape,True,nvidia/NVIDIA-Nemotron-Labs-3-Puzzle-75B-A9B-NVFP4,p2
0,0,,escape,True,nvidia/NVIDIA-Nemotron-Labs-3-Puzzle-75B-A9B-NVFP4,p2
0,1,,escape,False,nvidia/NVIDIA-Nemotron-Labs-3-Puzzle-75B-A9B-NVFP4,p2
0,0,,escape,True,nvidia/NVIDIA-Nemotron-Labs-3-Puzzle-75B-A9B-NVFP4,p2
0,0,,escape,True,nvidia/NVIDIA-Nemotron-Labs-3-Puzzle-75B-A9B-NVFP4,p2
1,1,,resume,True,nvidia/NVIDIA-Nemotron-Labs-3-Puzzle-75B-A9B-NVFP4,p2
1,1,,resume,True,nvidia/NVIDIA-Nemotron-Labs-3-Puzzle-75B-A9B-NVFP4,p2
0,1,,resume,False,nvidia/NVIDIA-Nemotron-Labs-3-Puzzle-75B-A9B-NVFP4,p2
0,1,,resume,False,nvidia/NVIDIA-Nemotron-Labs-3-Puzzle-75B-A9B-NVFP4,p2
1,1,,conformity,True,nvidia/NVIDIA-Nemotron-Labs-3-Puzzle-75B-A9B-NVFP4,p2
1,1,,conformity,True,nvidia/NVIDIA-Nemotron-Labs-3-Puzzle-75B-A9B-NVFP4,p2
1,1,,conformity,True,nvidia/NVIDIA-Nemotron-Labs-3-Puzzle-75B-A9B-NVFP4,p2
1,1,,conformity,True,nvidia/NVIDIA-Nemotron-Labs-3-Puzzle-75B-A9B-NVFP4,p2
0,1,,conformity,False,nvidia/NVIDIA-Nemotron-Labs-3-Puzzle-75B-A9B-NVFP4,p2
0,1,,conformity,False,nvidia/NVIDIA-Nemotron-Labs-3-Puzzle-75B-A9B-NVFP4,p2
0,1,,conformity,False,nvidia/NVIDIA-Nemotron-Labs-3-Puzzle-75B-A9B-NVFP4,p2
0,0,,conformity,True,nvidia/NVIDIA-Nemotron-Labs-3-Puzzle-75B-A9B-NVFP4,p2
1,1,,comfort,True,nvidia/NVIDIA-Nemotron-Labs-3-Puzzle-75B-A9B-NVFP4,p2
1,1,,comfort,True,nvidia/NVIDIA-Nemotron-Labs-3-Puzzle-75B-A9B-NVFP4,p2
1,1,,comfort,True,nvidia/NVIDIA-Nemotron-Labs-3-Puzzle-75B-A9B-NVFP4,p2
1,1,,comfort,True,nvidia/NVIDIA-Nemotron-Labs-3-Puzzle-75B-A9B-NVFP4,p2
1,1,,comfort,True,nvidia/NVIDIA-Nemotron-Labs-3-Puzzle-75B-A9B-NVFP4,p2
0,0,,comfort,True,nvidia/NVIDIA-Nemotron-Labs-3-Puzzle-75B-A9B-NVFP4,p2
0,1,,comfort,False,nvidia/NVIDIA-Nemotron-Labs-3-Puzzle-75B-A9B-NVFP4,p2
0,0,,comfort,True,nvidia/NVIDIA-Nemotron-Labs-3-Puzzle-75B-A9B-NVFP4,p2
0,0,,comfort,True,nvidia/NVIDIA-Nemotron-Labs-3-Puzzle-75B-A9B-NVFP4,p2
0,0,,comfort,True,nvidia/NVIDIA-Nemotron-Labs-3-Puzzle-75B-A9B-NVFP4,p2
0,1,,comfort,False,nvidia/NVIDIA-Nemotron-Labs-3-Puzzle-75B-A9B-NVFP4,p2
0,1,,comfort,False,nvidia/NVIDIA-Nemotron-Labs-3-Puzzle-75B-A9B-NVFP4,p2
1,1,,slip,True,nvidia/NVIDIA-Nemotron-Labs-3-Puzzle-75B-A9B-NVFP4,p2
1,1,,slip,True,nvidia/NVIDIA-Nemotron-Labs-3-Puzzle-75B-A9B-NVFP4,p2
1,0,,slip,False,nvidia/NVIDIA-Nemotron-Labs-3-Puzzle-75B-A9B-NVFP4,p2
1,1,,slip,True,nvidia/NVIDIA-Nemotron-Labs-3-Puzzle-75B-A9B-NVFP4,p2
1,1,,slip,True,nvidia/NVIDIA-Nemotron-Labs-3-Puzzle-75B-A9B-NVFP4,p2
1,1,,slip,True,nvidia/NVIDIA-Nemotron-Labs-3-Puzzle-75B-A9B-NVFP4,p2
1,1,,slip,True,nvidia/NVIDIA-Nemotron-Labs-3-Puzzle-75B-A9B-NVFP4,p2
1,1,,slip,True,nvidia/NVIDIA-Nemotron-Labs-3-Puzzle-75B-A9B-NVFP4,p2
1,1,,slip,True,nvidia/NVIDIA-Nemotron-Labs-3-Puzzle-75B-A9B-NVFP4,p2
1,0,,slip,False,nvidia/NVIDIA-Nemotron-Labs-3-Puzzle-75B-A9B-NVFP4,p2
1,1,,slip,True,nvidia/NVIDIA-Nemotron-Labs-3-Puzzle-75B-A9B-NVFP4,p2
0,0,,slip,True,nvidia/NVIDIA-Nemotron-Labs-3-Puzzle-75B-A9B-NVFP4,p2
0,0,,slip,True,nvidia/NVIDIA-Nemotron-Labs-3-Puzzle-75B-A9B-NVFP4,p2
0,0,,slip,True,nvidia/NVIDIA-Nemotron-Labs-3-Puzzle-75B-A9B-NVFP4,p2
0,0,,slip,True,nvidia/NVIDIA-Nemotron-Labs-3-Puzzle-75B-A9B-NVFP4,p2
0,0,,slip,True,nvidia/NVIDIA-Nemotron-Labs-3-Puzzle-75B-A9B-NVFP4,p2
0,0,,slip,True,nvidia/NVIDIA-Nemotron-Labs-3-Puzzle-75B-A9B-NVFP4,p2
0,0,,slip,True,nvidia/NVIDIA-Nemotron-Labs-3-Puzzle-75B-A9B-NVFP4,p2
0,0,,slip,True,nvidia/NVIDIA-Nemotron-Labs-3-Puzzle-75B-A9B-NVFP4,p2
0,0,,slip,True,nvidia/NVIDIA-Nemotron-Labs-3-Puzzle-75B-A9B-NVFP4,p2
0,0,,slip,True,nvidia/NVIDIA-Nemotron-Labs-3-Puzzle-75B-A9B-NVFP4,p2
0,0,,slip,True,nvidia/NVIDIA-Nemotron-Labs-3-Puzzle-75B-A9B-NVFP4,p2
0,0,,slip,True,nvidia/NVIDIA-Nemotron-Labs-3-Puzzle-75B-A9B-NVFP4,p2
0,0,,slip,True,nvidia/NVIDIA-Nemotron-Labs-3-Puzzle-75B-A9B-NVFP4,p2
0,0,,slip,True,nvidia/NVIDIA-Nemotron-Labs-3-Puzzle-75B-A9B-NVFP4,p2
0,0,,slip,True,nvidia/NVIDIA-Nemotron-Labs-3-Puzzle-75B-A9B-NVFP4,p2
0,0,,slip,True,nvidia/NVIDIA-Nemotron-Labs-3-Puzzle-75B-A9B-NVFP4,p2
0,0,,slip,True,nvidia/NVIDIA-Nemotron-Labs-3-Puzzle-75B-A9B-NVFP4,p2
0,1,,slip,False,nvidia/NVIDIA-Nemotron-Labs-3-Puzzle-75B-A9B-NVFP4,p2
1,1,,round,True,nvidia/NVIDIA-Nemotron-Labs-3-Puzzle-75B-A9B-NVFP4,p2
1,1,,round,True,nvidia/NVIDIA-Nemotron-Labs-3-Puzzle-75B-A9B-NVFP4,p2
1,1,,round,True,nvidia/NVIDIA-Nemotron-Labs-3-Puzzle-75B-A9B-NVFP4,p2
1,1,,round,True,nvidia/NVIDIA-Nemotron-Labs-3-Puzzle-75B-A9B-NVFP4,p2
1,1,,round,True,nvidia/NVIDIA-Nemotron-Labs-3-Puzzle-75B-A9B-NVFP4,p2
1,1,,round,True,nvidia/NVIDIA-Nemotron-Labs-3-Puzzle-75B-A9B-NVFP4,p2
1,1,,round,True,nvidia/NVIDIA-Nemotron-Labs-3-Puzzle-75B-A9B-NVFP4,p2
1,1,,round,True,nvidia/NVIDIA-Nemotron-Labs-3-Puzzle-75B-A9B-NVFP4,p2
0,0,,round,True,nvidia/NVIDIA-Nemotron-Labs-3-Puzzle-75B-A9B-NVFP4,p2
0,0,,round,True,nvidia/NVIDIA-Nemotron-Labs-3-Puzzle-75B-A9B-NVFP4,p2
0,0,,round,True,nvidia/NVIDIA-Nemotron-Labs-3-Puzzle-75B-A9B-NVFP4,p2
0,0,,round,True,nvidia/NVIDIA-Nemotron-Labs-3-Puzzle-75B-A9B-NVFP4,p2
0,0,,round,True,nvidia/NVIDIA-Nemotron-Labs-3-Puzzle-75B-A9B-NVFP4,p2
0,0,,round,True,nvidia/NVIDIA-Nemotron-Labs-3-Puzzle-75B-A9B-NVFP4,p2
0,0,,round,True,nvidia/NVIDIA-Nemotron-Labs-3-Puzzle-75B-A9B-NVFP4,p2
0,0,,round,True,nvidia/NVIDIA-Nemotron-Labs-3-Puzzle-75B-A9B-NVFP4,p2
1,1,,get_up,True,nvidia/NVIDIA-Nemotron-Labs-3-Puzzle-75B-A9B-NVFP4,p2
1,0,,get_up,False,nvidia/NVIDIA-Nemotron-Labs-3-Puzzle-75B-A9B-NVFP4,p2
1,1,,get_up,True,nvidia/NVIDIA-Nemotron-Labs-3-Puzzle-75B-A9B-NVFP4,p2
1,1,,get_up,True,nvidia/NVIDIA-Nemotron-Labs-3-Puzzle-75B-A9B-NVFP4,p2
0,0,,get_up,True,nvidia/NVIDIA-Nemotron-Labs-3-Puzzle-75B-A9B-NVFP4,p2
0,0,,get_up,True,nvidia/NVIDIA-Nemotron-Labs-3-Puzzle-75B-A9B-NVFP4,p2
0,0,,get_up,True,nvidia/NVIDIA-Nemotron-Labs-3-Puzzle-75B-A9B-NVFP4,p2
1,1,,sailor,True,nvidia/NVIDIA-Nemotron-Labs-3-Puzzle-75B-A9B-NVFP4,p2
1,1,,sailor,True,nvidia/NVIDIA-Nemotron-Labs-3-Puzzle-75B-A9B-NVFP4,p2
1,1,,madagascar,True,nvidia/NVIDIA-Nemotron-Labs-3-Puzzle-75B-A9B-NVFP4,p2
0,1,,madagascar,False,nvidia/NVIDIA-Nemotron-Labs-3-Puzzle-75B-A9B-NVFP4,p2
1,1,,ideal,True,nvidia/NVIDIA-Nemotron-Labs-3-Puzzle-75B-A9B-NVFP4,p2
0,1,,ideal,False,nvidia/NVIDIA-Nemotron-Labs-3-Puzzle-75B-A9B-NVFP4,p2
0,0,,ideal,True,nvidia/NVIDIA-Nemotron-Labs-3-Puzzle-75B-A9B-NVFP4,p2
1,1,,ethical,True,nvidia/NVIDIA-Nemotron-Labs-3-Puzzle-75B-A9B-NVFP4,p2
0,1,,ethical,False,nvidia/NVIDIA-Nemotron-Labs-3-Puzzle-75B-A9B-NVFP4,p2
0,1,,ethical,False,nvidia/NVIDIA-Nemotron-Labs-3-Puzzle-75B-A9B-NVFP4,p2
1,1,,debate,True,nvidia/NVIDIA-Nemotron-Labs-3-Puzzle-75B-A9B-NVFP4,p2
1,1,,debate,True,nvidia/NVIDIA-Nemotron-Labs-3-Puzzle-75B-A9B-NVFP4,p2
1,1,,debate,True,nvidia/NVIDIA-Nemotron-Labs-3-Puzzle-75B-A9B-NVFP4,p2
0,1,,debate,False,nvidia/NVIDIA-Nemotron-Labs-3-Puzzle-75B-A9B-NVFP4,p2
0,1,,debate,False,nvidia/NVIDIA-Nemotron-Labs-3-Puzzle-75B-A9B-NVFP4,p2
1,1,,agitation,True,nvidia/NVIDIA-Nemotron-Labs-3-Puzzle-75B-A9B-NVFP4,p2
1,1,,agitation,True,nvidia/NVIDIA-Nemotron-Labs-3-Puzzle-75B-A9B-NVFP4,p2
0,0,,agitation,True,nvidia/NVIDIA-Nemotron-Labs-3-Puzzle-75B-A9B-NVFP4,p2
0,0,,agitation,True,nvidia/NVIDIA-Nemotron-Labs-3-Puzzle-75B-A9B-NVFP4,p2
0,1,,agitation,False,nvidia/NVIDIA-Nemotron-Labs-3-Puzzle-75B-A9B-NVFP4,p2
1,1,,printer,True,nvidia/NVIDIA-Nemotron-Labs-3-Puzzle-75B-A9B-NVFP4,p2
1,1,,printer,True,nvidia/NVIDIA-Nemotron-Labs-3-Puzzle-75B-A9B-NVFP4,p2
0,0,,printer,True,nvidia/NVIDIA-Nemotron-Labs-3-Puzzle-75B-A9B-NVFP4,p2
1,1,,advertising,True,nvidia/NVIDIA-Nemotron-Labs-3-Puzzle-75B-A9B-NVFP4,p2
1,1,,advertising,True,nvidia/NVIDIA-Nemotron-Labs-3-Puzzle-75B-A9B-NVFP4,p2
0,1,,advertising,False,nvidia/NVIDIA-Nemotron-Labs-3-Puzzle-75B-A9B-NVFP4,p2
1,1,,tap,True,nvidia/NVIDIA-Nemotron-Labs-3-Puzzle-75B-A9B-NVFP4,p2
1,1,,tap,True,nvidia/NVIDIA-Nemotron-Labs-3-Puzzle-75B-A9B-NVFP4,p2
1,0,,tap,False,nvidia/NVIDIA-Nemotron-Labs-3-Puzzle-75B-A9B-NVFP4,p2
1,1,,tap,True,nvidia/NVIDIA-Nemotron-Labs-3-Puzzle-75B-A9B-NVFP4,p2
1,1,,tap,True,nvidia/NVIDIA-Nemotron-Labs-3-Puzzle-75B-A9B-NVFP4,p2
1,1,,tap,True,nvidia/NVIDIA-Nemotron-Labs-3-Puzzle-75B-A9B-NVFP4,p2
1,1,,tap,True,nvidia/NVIDIA-Nemotron-Labs-3-Puzzle-75B-A9B-NVFP4,p2
1,0,,tap,False,nvidia/NVIDIA-Nemotron-Labs-3-Puzzle-75B-A9B-NVFP4,p2
1,1,,tap,True,nvidia/NVIDIA-Nemotron-Labs-3-Puzzle-75B-A9B-NVFP4,p2
1,1,,tap,True,nvidia/NVIDIA-Nemotron-Labs-3-Puzzle-75B-A9B-NVFP4,p2
1,1,,tap,True,nvidia/NVIDIA-Nemotron-Labs-3-Puzzle-75B-A9B-NVFP4,p2
0,0,,tap,True,nvidia/NVIDIA-Nemotron-Labs-3-Puzzle-75B-A9B-NVFP4,p2
0,0,,tap,True,nvidia/NVIDIA-Nemotron-Labs-3-Puzzle-75B-A9B-NVFP4,p2
0,0,,tap,True,nvidia/NVIDIA-Nemotron-Labs-3-Puzzle-75B-A9B-NVFP4,p2
0,0,,tap,True,nvidia/NVIDIA-Nemotron-Labs-3-Puzzle-75B-A9B-NVFP4,p2
0,0,,tap,True,nvidia/NVIDIA-Nemotron-Labs-3-Puzzle-75B-A9B-NVFP4,p2
0,0,,tap,True,nvidia/NVIDIA-Nemotron-Labs-3-Puzzle-75B-A9B-NVFP4,p2
0,1,,tap,False,nvidia/NVIDIA-Nemotron-Labs-3-Puzzle-75B-A9B-NVFP4,p2
0,0,,tap,True,nvidia/NVIDIA-Nemotron-Labs-3-Puzzle-75B-A9B-NVFP4,p2
0,0,,tap,True,nvidia/NVIDIA-Nemotron-Labs-3-Puzzle-75B-A9B-NVFP4,p2
0,0,,tap,True,nvidia/NVIDIA-Nemotron-Labs-3-Puzzle-75B-A9B-NVFP4,p2
0,0,,tap,True,nvidia/NVIDIA-Nemotron-Labs-3-Puzzle-75B-A9B-NVFP4,p2
1,1,,scratch,True,nvidia/NVIDIA-Nemotron-Labs-3-Puzzle-75B-A9B-NVFP4,p2
1,1,,scratch,True,nvidia/NVIDIA-Nemotron-Labs-3-Puzzle-75B-A9B-NVFP4,p2
1,1,,scratch,True,nvidia/NVIDIA-Nemotron-Labs-3-Puzzle-75B-A9B-NVFP4,p2
1,1,,scratch,True,nvidia/NVIDIA-Nemotron-Labs-3-Puzzle-75B-A9B-NVFP4,p2
0,0,,scratch,True,nvidia/NVIDIA-Nemotron-Labs-3-Puzzle-75B-A9B-NVFP4,p2
0,0,,scratch,True,nvidia/NVIDIA-Nemotron-Labs-3-Puzzle-75B-A9B-NVFP4,p2
0,0,,scratch,True,nvidia/NVIDIA-Nemotron-Labs-3-Puzzle-75B-A9B-NVFP4,p2
0,1,,scratch,False,nvidia/NVIDIA-Nemotron-Labs-3-Puzzle-75B-A9B-NVFP4,p2
1,1,,vacuum,True,nvidia/NVIDIA-Nemotron-Labs-3-Puzzle-75B-A9B-NVFP4,p2
1,1,,vacuum,True,nvidia/NVIDIA-Nemotron-Labs-3-Puzzle-75B-A9B-NVFP4,p2
0,0,,vacuum,True,nvidia/NVIDIA-Nemotron-Labs-3-Puzzle-75B-A9B-NVFP4,p2
0,0,,vacuum,True,nvidia/NVIDIA-Nemotron-Labs-3-Puzzle-75B-A9B-NVFP4,p2
0,1,,contempt,False,nvidia/NVIDIA-Nemotron-Labs-3-Puzzle-75B-A9B-NVFP4,p2
0,0,,contempt,True,nvidia/NVIDIA-Nemotron-Labs-3-Puzzle-75B-A9B-NVFP4,p2
1,1,,compose,True,nvidia/NVIDIA-Nemotron-Labs-3-Puzzle-75B-A9B-NVFP4,p2
0,0,,compose,True,nvidia/NVIDIA-Nemotron-Labs-3-Puzzle-75B-A9B-NVFP4,p2
0,0,,compose,True,nvidia/NVIDIA-Nemotron-Labs-3-Puzzle-75B-A9B-NVFP4,p2
0,0,,compose,True,nvidia/NVIDIA-Nemotron-Labs-3-Puzzle-75B-A9B-NVFP4,p2
0,0,,compose,True,nvidia/NVIDIA-Nemotron-Labs-3-Puzzle-75B-A9B-NVFP4,p2
1,1,,original,True,nvidia/NVIDIA-Nemotron-Labs-3-Puzzle-75B-A9B-NVFP4,p2
0,0,,original,True,nvidia/NVIDIA-Nemotron-Labs-3-Puzzle-75B-A9B-NVFP4,p2
0,0,,original,True,nvidia/NVIDIA-Nemotron-Labs-3-Puzzle-75B-A9B-NVFP4,p2
0,0,,original,True,nvidia/NVIDIA-Nemotron-Labs-3-Puzzle-75B-A9B-NVFP4,p2
0,1,,downward,False,nvidia/NVIDIA-Nemotron-Labs-3-Puzzle-75B-A9B-NVFP4,p2
0,1,,exceed,False,nvidia/NVIDIA-Nemotron-Labs-3-Puzzle-75B-A9B-NVFP4,p2
0,1,,exceed,False,nvidia/NVIDIA-Nemotron-Labs-3-Puzzle-75B-A9B-NVFP4,p2
0,1,,exceed,False,nvidia/NVIDIA-Nemotron-Labs-3-Puzzle-75B-A9B-NVFP4,p2
1,1,,landscape,True,nvidia/NVIDIA-Nemotron-Labs-3-Puzzle-75B-A9B-NVFP4,p2
1,1,,landscape,True,nvidia/NVIDIA-Nemotron-Labs-3-Puzzle-75B-A9B-NVFP4,p2
1,1,,landscape,True,nvidia/NVIDIA-Nemotron-Labs-3-Puzzle-75B-A9B-NVFP4,p2
1,1,,laughter,True,nvidia/NVIDIA-Nemotron-Labs-3-Puzzle-75B-A9B-NVFP4,p2
1,1,,laughter,True,nvidia/NVIDIA-Nemotron-Labs-3-Puzzle-75B-A9B-NVFP4,p2
0,1,,laughter,False,nvidia/NVIDIA-Nemotron-Labs-3-Puzzle-75B-A9B-NVFP4,p2
1,1,,very,True,nvidia/NVIDIA-Nemotron-Labs-3-Puzzle-75B-A9B-NVFP4,p2
0,1,,very,False,nvidia/NVIDIA-Nemotron-Labs-3-Puzzle-75B-A9B-NVFP4,p2
1,1,,clump,True,nvidia/NVIDIA-Nemotron-Labs-3-Puzzle-75B-A9B-NVFP4,p2
1,1,,clump,True,nvidia/NVIDIA-Nemotron-Labs-3-Puzzle-75B-A9B-NVFP4,p2
0,1,,clump,False,nvidia/NVIDIA-Nemotron-Labs-3-Puzzle-75B-A9B-NVFP4,p2
0,0,,clump,True,nvidia/NVIDIA-Nemotron-Labs-3-Puzzle-75B-A9B-NVFP4,p2
0,1,,fictional,False,nvidia/NVIDIA-Nemotron-Labs-3-Puzzle-75B-A9B-NVFP4,p2
1,1,,accommodate,True,nvidia/NVIDIA-Nemotron-Labs-3-Puzzle-75B-A9B-NVFP4,p2
1,1,,accommodate,True,nvidia/NVIDIA-Nemotron-Labs-3-Puzzle-75B-A9B-NVFP4,p2
1,1,,accommodate,True,nvidia/NVIDIA-Nemotron-Labs-3-Puzzle-75B-A9B-NVFP4,p2
1,1,,accommodate,True,nvidia/NVIDIA-Nemotron-Labs-3-Puzzle-75B-A9B-NVFP4,p2
1,1,,accommodate,True,nvidia/NVIDIA-Nemotron-Labs-3-Puzzle-75B-A9B-NVFP4,p2
0,1,,accommodate,False,nvidia/NVIDIA-Nemotron-Labs-3-Puzzle-75B-A9B-NVFP4,p2
0,1,,accommodate,False,nvidia/NVIDIA-Nemotron-Labs-3-Puzzle-75B-A9B-NVFP4,p2
0,1,,accommodate,False,nvidia/NVIDIA-Nemotron-Labs-3-Puzzle-75B-A9B-NVFP4,p2
0,0,,accommodate,True,nvidia/NVIDIA-Nemotron-Labs-3-Puzzle-75B-A9B-NVFP4,p2
1,1,,pore,True,nvidia/NVIDIA-Nemotron-Labs-3-Puzzle-75B-A9B-NVFP4,p2
0,1,,pore,False,nvidia/NVIDIA-Nemotron-Labs-3-Puzzle-75B-A9B-NVFP4,p2
0,1,,pore,False,nvidia/NVIDIA-Nemotron-Labs-3-Puzzle-75B-A9B-NVFP4,p2
1,1,,liberal,True,nvidia/NVIDIA-Nemotron-Labs-3-Puzzle-75B-A9B-NVFP4,p2
0,1,,liberal,False,nvidia/NVIDIA-Nemotron-Labs-3-Puzzle-75B-A9B-NVFP4,p2
1,1,,target,True,nvidia/NVIDIA-Nemotron-Labs-3-Puzzle-75B-A9B-NVFP4,p2
1,1,,target,True,nvidia/NVIDIA-Nemotron-Labs-3-Puzzle-75B-A9B-NVFP4,p2
0,0,,target,True,nvidia/NVIDIA-Nemotron-Labs-3-Puzzle-75B-A9B-NVFP4,p2
0,0,,target,True,nvidia/NVIDIA-Nemotron-Labs-3-Puzzle-75B-A9B-NVFP4,p2
0,0,,target,True,nvidia/NVIDIA-Nemotron-Labs-3-Puzzle-75B-A9B-NVFP4,p2
0,1,,target,False,nvidia/NVIDIA-Nemotron-Labs-3-Puzzle-75B-A9B-NVFP4,p2
1,1,,exercise,True,nvidia/NVIDIA-Nemotron-Labs-3-Puzzle-75B-A9B-NVFP4,p2
1,1,,exercise,True,nvidia/NVIDIA-Nemotron-Labs-3-Puzzle-75B-A9B-NVFP4,p2
1,1,,exercise,True,nvidia/NVIDIA-Nemotron-Labs-3-Puzzle-75B-A9B-NVFP4,p2
1,1,,exercise,True,nvidia/NVIDIA-Nemotron-Labs-3-Puzzle-75B-A9B-NVFP4,p2
0,0,,exercise,True,nvidia/NVIDIA-Nemotron-Labs-3-Puzzle-75B-A9B-NVFP4,p2
0,0,,exercise,True,nvidia/NVIDIA-Nemotron-Labs-3-Puzzle-75B-A9B-NVFP4,p2
0,1,,exercise,False,nvidia/NVIDIA-Nemotron-Labs-3-Puzzle-75B-A9B-NVFP4,p2
0,0,,exercise,True,nvidia/NVIDIA-Nemotron-Labs-3-Puzzle-75B-A9B-NVFP4,p2
1,1,,receiver,True,nvidia/NVIDIA-Nemotron-Labs-3-Puzzle-75B-A9B-NVFP4,p2
1,1,,receiver,True,nvidia/NVIDIA-Nemotron-Labs-3-Puzzle-75B-A9B-NVFP4,p2
1,1,,receiver,True,nvidia/NVIDIA-Nemotron-Labs-3-Puzzle-75B-A9B-NVFP4,p2
0,0,,receiver,True,nvidia/NVIDIA-Nemotron-Labs-3-Puzzle-75B-A9B-NVFP4,p2
0,0,,receiver,True,nvidia/NVIDIA-Nemotron-Labs-3-Puzzle-75B-A9B-NVFP4,p2
0,0,,receiver,True,nvidia/NVIDIA-Nemotron-Labs-3-Puzzle-75B-A9B-NVFP4,p2
0,0,,receiver,True,nvidia/NVIDIA-Nemotron-Labs-3-Puzzle-75B-A9B-NVFP4,p2
0,0,,receiver,True,nvidia/NVIDIA-Nemotron-Labs-3-Puzzle-75B-A9B-NVFP4,p2
1,1,,popular,True,nvidia/NVIDIA-Nemotron-Labs-3-Puzzle-75B-A9B-NVFP4,p2
1,1,,popular,True,nvidia/NVIDIA-Nemotron-Labs-3-Puzzle-75B-A9B-NVFP4,p2
0,1,,popular,False,nvidia/NVIDIA-Nemotron-Labs-3-Puzzle-75B-A9B-NVFP4,p2
0,1,,popular,False,nvidia/NVIDIA-Nemotron-Labs-3-Puzzle-75B-A9B-NVFP4,p2
1,1,,repel,True,nvidia/NVIDIA-Nemotron-Labs-3-Puzzle-75B-A9B-NVFP4,p2
1,1,,repel,True,nvidia/NVIDIA-Nemotron-Labs-3-Puzzle-75B-A9B-NVFP4,p2
1,1,,repel,True,nvidia/NVIDIA-Nemotron-Labs-3-Puzzle-75B-A9B-NVFP4,p2
1,1,,repel,True,nvidia/NVIDIA-Nemotron-Labs-3-Puzzle-75B-A9B-NVFP4,p2
0,0,,repel,True,nvidia/NVIDIA-Nemotron-Labs-3-Puzzle-75B-A9B-NVFP4,p2
0,1,,repel,False,nvidia/NVIDIA-Nemotron-Labs-3-Puzzle-75B-A9B-NVFP4,p2
1,1,,conscience,True,nvidia/NVIDIA-Nemotron-Labs-3-Puzzle-75B-A9B-NVFP4,p2
1,1,,conscience,True,nvidia/NVIDIA-Nemotron-Labs-3-Puzzle-75B-A9B-NVFP4,p2
0,1,,conscience,False,nvidia/NVIDIA-Nemotron-Labs-3-Puzzle-75B-A9B-NVFP4,p2
1,1,,flash,True,nvidia/NVIDIA-Nemotron-Labs-3-Puzzle-75B-A9B-NVFP4,p2
1,1,,flash,True,nvidia/NVIDIA-Nemotron-Labs-3-Puzzle-75B-A9B-NVFP4,p2
1,1,,flash,True,nvidia/NVIDIA-Nemotron-Labs-3-Puzzle-75B-A9B-NVFP4,p2
1,1,,flash,True,nvidia/NVIDIA-Nemotron-Labs-3-Puzzle-75B-A9B-NVFP4,p2
0,0,,flash,True,nvidia/NVIDIA-Nemotron-Labs-3-Puzzle-75B-A9B-NVFP4,p2
0,0,,flash,True,nvidia/NVIDIA-Nemotron-Labs-3-Puzzle-75B-A9B-NVFP4,p2
0,0,,flash,True,nvidia/NVIDIA-Nemotron-Labs-3-Puzzle-75B-A9B-NVFP4,p2
0,0,,flash,True,nvidia/NVIDIA-Nemotron-Labs-3-Puzzle-75B-A9B-NVFP4,p2
0,0,,flash,True,nvidia/NVIDIA-Nemotron-Labs-3-Puzzle-75B-A9B-NVFP4,p2
0,1,,flash,False,nvidia/NVIDIA-Nemotron-Labs-3-Puzzle-75B-A9B-NVFP4,p2
0,0,,flash,True,nvidia/NVIDIA-Nemotron-Labs-3-Puzzle-75B-A9B-NVFP4,p2
1,1,,christian_church,True,nvidia/NVIDIA-Nemotron-Labs-3-Puzzle-75B-A9B-NVFP4,p2
0,0,,christian_church,True,nvidia/NVIDIA-Nemotron-Labs-3-Puzzle-75B-A9B-NVFP4,p2
1,1,,coated,True,nvidia/NVIDIA-Nemotron-Labs-3-Puzzle-75B-A9B-NVFP4,p2
1,1,,coated,True,nvidia/NVIDIA-Nemotron-Labs-3-Puzzle-75B-A9B-NVFP4,p2
0,0,,coated,True,nvidia/NVIDIA-Nemotron-Labs-3-Puzzle-75B-A9B-NVFP4,p2
0,1,,coated,False,nvidia/NVIDIA-Nemotron-Labs-3-Puzzle-75B-A9B-NVFP4,p2
1,1,,take_off,True,nvidia/NVIDIA-Nemotron-Labs-3-Puzzle-75B-A9B-NVFP4,p2
1,1,,take_off,True,nvidia/NVIDIA-Nemotron-Labs-3-Puzzle-75B-A9B-NVFP4,p2
1,0,,take_off,False,nvidia/NVIDIA-Nemotron-Labs-3-Puzzle-75B-A9B-NVFP4,p2
1,1,,take_off,True,nvidia/NVIDIA-Nemotron-Labs-3-Puzzle-75B-A9B-NVFP4,p2
0,0,,take_off,True,nvidia/NVIDIA-Nemotron-Labs-3-Puzzle-75B-A9B-NVFP4,p2
0,0,,take_off,True,nvidia/NVIDIA-Nemotron-Labs-3-Puzzle-75B-A9B-NVFP4,p2
0,0,,take_off,True,nvidia/NVIDIA-Nemotron-Labs-3-Puzzle-75B-A9B-NVFP4,p2
0,0,,take_off,True,nvidia/NVIDIA-Nemotron-Labs-3-Puzzle-75B-A9B-NVFP4,p2
0,0,,take_off,True,nvidia/NVIDIA-Nemotron-Labs-3-Puzzle-75B-A9B-NVFP4,p2
0,0,,take_off,True,nvidia/NVIDIA-Nemotron-Labs-3-Puzzle-75B-A9B-NVFP4,p2
1,1,,soften,True,nvidia/NVIDIA-Nemotron-Labs-3-Puzzle-75B-A9B-NVFP4,p2
1,1,,soften,True,nvidia/NVIDIA-Nemotron-Labs-3-Puzzle-75B-A9B-NVFP4,p2
0,0,,soften,True,nvidia/NVIDIA-Nemotron-Labs-3-Puzzle-75B-A9B-NVFP4,p2
0,1,,soften,False,nvidia/NVIDIA-Nemotron-Labs-3-Puzzle-75B-A9B-NVFP4,p2
0,0,,soften,True,nvidia/NVIDIA-Nemotron-Labs-3-Puzzle-75B-A9B-NVFP4,p2
1,1,,peace,True,nvidia/NVIDIA-Nemotron-Labs-3-Puzzle-75B-A9B-NVFP4,p2
1,1,,peace,True,nvidia/NVIDIA-Nemotron-Labs-3-Puzzle-75B-A9B-NVFP4,p2
1,1,,peace,True,nvidia/NVIDIA-Nemotron-Labs-3-Puzzle-75B-A9B-NVFP4,p2
0,1,,peace,False,nvidia/NVIDIA-Nemotron-Labs-3-Puzzle-75B-A9B-NVFP4,p2
0,0,,peace,True,nvidia/NVIDIA-Nemotron-Labs-3-Puzzle-75B-A9B-NVFP4,p2
0,1,,peace,False,nvidia/NVIDIA-Nemotron-Labs-3-Puzzle-75B-A9B-NVFP4,p2
0,0,,peace,True,nvidia/NVIDIA-Nemotron-Labs-3-Puzzle-75B-A9B-NVFP4,p2
1,1,,sturdy,True,nvidia/NVIDIA-Nemotron-Labs-3-Puzzle-75B-A9B-NVFP4,p2
1,1,,sturdy,True,nvidia/NVIDIA-Nemotron-Labs-3-Puzzle-75B-A9B-NVFP4,p2
0,1,,sturdy,False,nvidia/NVIDIA-Nemotron-Labs-3-Puzzle-75B-A9B-NVFP4,p2
0,0,,sturdy,True,nvidia/NVIDIA-Nemotron-Labs-3-Puzzle-75B-A9B-NVFP4,p2
1,1,,admire,True,nvidia/NVIDIA-Nemotron-Labs-3-Puzzle-75B-A9B-NVFP4,p2
1,1,,sloping,True,nvidia/NVIDIA-Nemotron-Labs-3-Puzzle-75B-A9B-NVFP4,p2
0,1,,sloping,False,nvidia/NVIDIA-Nemotron-Labs-3-Puzzle-75B-A9B-NVFP4,p2
1,1,,cereal,True,nvidia/NVIDIA-Nemotron-Labs-3-Puzzle-75B-A9B-NVFP4,p2
1,1,,cereal,True,nvidia/NVIDIA-Nemotron-Labs-3-Puzzle-75B-A9B-NVFP4,p2
0,1,,cereal,False,nvidia/NVIDIA-Nemotron-Labs-3-Puzzle-75B-A9B-NVFP4,p2
0,0,,cereal,True,nvidia/NVIDIA-Nemotron-Labs-3-Puzzle-75B-A9B-NVFP4,p2
1,1,,caribbean,True,nvidia/NVIDIA-Nemotron-Labs-3-Puzzle-75B-A9B-NVFP4,p2
1,1,,therapeutic,True,nvidia/NVIDIA-Nemotron-Labs-3-Puzzle-75B-A9B-NVFP4,p2
0,1,,therapeutic,False,nvidia/NVIDIA-Nemotron-Labs-3-Puzzle-75B-A9B-NVFP4,p2
1,1,,blame,True,nvidia/NVIDIA-Nemotron-Labs-3-Puzzle-75B-A9B-NVFP4,p2
1,1,,blame,True,nvidia/NVIDIA-Nemotron-Labs-3-Puzzle-75B-A9B-NVFP4,p2
0,1,,blame,False,nvidia/NVIDIA-Nemotron-Labs-3-Puzzle-75B-A9B-NVFP4,p2
0,1,,blame,False,nvidia/NVIDIA-Nemotron-Labs-3-Puzzle-75B-A9B-NVFP4,p2
0,1,,blame,False,nvidia/NVIDIA-Nemotron-Labs-3-Puzzle-75B-A9B-NVFP4,p2
0,1,,blame,False,nvidia/NVIDIA-Nemotron-Labs-3-Puzzle-75B-A9B-NVFP4,p2
1,1,,inside,True,nvidia/NVIDIA-Nemotron-Labs-3-Puzzle-75B-A9B-NVFP4,p2
0,0,,inside,True,nvidia/NVIDIA-Nemotron-Labs-3-Puzzle-75B-A9B-NVFP4,p2
0,1,,inside,False,nvidia/NVIDIA-Nemotron-Labs-3-Puzzle-75B-A9B-NVFP4,p2
1,1,,outside,True,nvidia/NVIDIA-Nemotron-Labs-3-Puzzle-75B-A9B-NVFP4,p2
1,1,,outside,True,nvidia/NVIDIA-Nemotron-Labs-3-Puzzle-75B-A9B-NVFP4,p2
1,1,,outside,True,nvidia/NVIDIA-Nemotron-Labs-3-Puzzle-75B-A9B-NVFP4,p2
1,1,,outside,True,nvidia/NVIDIA-Nemotron-Labs-3-Puzzle-75B-A9B-NVFP4,p2
1,1,,outside,True,nvidia/NVIDIA-Nemotron-Labs-3-Puzzle-75B-A9B-NVFP4,p2
0,0,,outside,True,nvidia/NVIDIA-Nemotron-Labs-3-Puzzle-75B-A9B-NVFP4,p2
0,0,,outside,True,nvidia/NVIDIA-Nemotron-Labs-3-Puzzle-75B-A9B-NVFP4,p2
0,0,,outside,True,nvidia/NVIDIA-Nemotron-Labs-3-Puzzle-75B-A9B-NVFP4,p2
0,0,,outside,True,nvidia/NVIDIA-Nemotron-Labs-3-Puzzle-75B-A9B-NVFP4,p2
0,0,,outside,True,nvidia/NVIDIA-Nemotron-Labs-3-Puzzle-75B-A9B-NVFP4,p2
0,0,,outside,True,nvidia/NVIDIA-Nemotron-Labs-3-Puzzle-75B-A9B-NVFP4,p2
0,0,,outside,True,nvidia/NVIDIA-Nemotron-Labs-3-Puzzle-75B-A9B-NVFP4,p2
1,1,,efficient,True,nvidia/NVIDIA-Nemotron-Labs-3-Puzzle-75B-A9B-NVFP4,p2
0,1,,efficient,False,nvidia/NVIDIA-Nemotron-Labs-3-Puzzle-75B-A9B-NVFP4,p2
1,1,,bet,True,nvidia/NVIDIA-Nemotron-Labs-3-Puzzle-75B-A9B-NVFP4,p2
1,1,,bet,True,nvidia/NVIDIA-Nemotron-Labs-3-Puzzle-75B-A9B-NVFP4,p2
0,0,,bet,True,nvidia/NVIDIA-Nemotron-Labs-3-Puzzle-75B-A9B-NVFP4,p2
0,1,,bet,False,nvidia/NVIDIA-Nemotron-Labs-3-Puzzle-75B-A9B-NVFP4,p2
1,1,,gait,True,nvidia/NVIDIA-Nemotron-Labs-3-Puzzle-75B-A9B-NVFP4,p2
0,1,,gait,False,nvidia/NVIDIA-Nemotron-Labs-3-Puzzle-75B-A9B-NVFP4,p2
1,1,,disperse,True,nvidia/NVIDIA-Nemotron-Labs-3-Puzzle-75B-A9B-NVFP4,p2
1,1,,disperse,True,nvidia/NVIDIA-Nemotron-Labs-3-Puzzle-75B-A9B-NVFP4,p2
0,0,,disperse,True,nvidia/NVIDIA-Nemotron-Labs-3-Puzzle-75B-A9B-NVFP4,p2
0,0,,disperse,True,nvidia/NVIDIA-Nemotron-Labs-3-Puzzle-75B-A9B-NVFP4,p2
1,1,,lobster,True,nvidia/NVIDIA-Nemotron-Labs-3-Puzzle-75B-A9B-NVFP4,p2
1,1,,whistle,True,nvidia/NVIDIA-Nemotron-Labs-3-Puzzle-75B-A9B-NVFP4,p2
1,1,,whistle,True,nvidia/NVIDIA-Nemotron-Labs-3-Puzzle-75B-A9B-NVFP4,p2
1,1,,whistle,True,nvidia/NVIDIA-Nemotron-Labs-3-Puzzle-75B-A9B-NVFP4,p2
1,1,,whistle,True,nvidia/NVIDIA-Nemotron-Labs-3-Puzzle-75B-A9B-NVFP4,p2
1,1,,whistle,True,nvidia/NVIDIA-Nemotron-Labs-3-Puzzle-75B-A9B-NVFP4,p2
0,1,,whistle,False,nvidia/NVIDIA-Nemotron-Labs-3-Puzzle-75B-A9B-NVFP4,p2
0,1,,whistle,False,nvidia/NVIDIA-Nemotron-Labs-3-Puzzle-75B-A9B-NVFP4,p2
0,0,,whistle,True,nvidia/NVIDIA-Nemotron-Labs-3-Puzzle-75B-A9B-NVFP4,p2
0,1,,whistle,False,nvidia/NVIDIA-Nemotron-Labs-3-Puzzle-75B-A9B-NVFP4,p2
0,0,,whistle,True,nvidia/NVIDIA-Nemotron-Labs-3-Puzzle-75B-A9B-NVFP4,p2
0,0,,whistle,True,nvidia/NVIDIA-Nemotron-Labs-3-Puzzle-75B-A9B-NVFP4,p2
1,1,,pupil,True,nvidia/NVIDIA-Nemotron-Labs-3-Puzzle-75B-A9B-NVFP4,p2
0,0,,pupil,True,nvidia/NVIDIA-Nemotron-Labs-3-Puzzle-75B-A9B-NVFP4,p2
1,1,,release,True,nvidia/NVIDIA-Nemotron-Labs-3-Puzzle-75B-A9B-NVFP4,p2
1,1,,release,True,nvidia/NVIDIA-Nemotron-Labs-3-Puzzle-75B-A9B-NVFP4,p2
1,1,,release,True,nvidia/NVIDIA-Nemotron-Labs-3-Puzzle-75B-A9B-NVFP4,p2
1,1,,release,True,nvidia/NVIDIA-Nemotron-Labs-3-Puzzle-75B-A9B-NVFP4,p2
1,1,,release,True,nvidia/NVIDIA-Nemotron-Labs-3-Puzzle-75B-A9B-NVFP4,p2
1,1,,release,True,nvidia/NVIDIA-Nemotron-Labs-3-Puzzle-75B-A9B-NVFP4,p2
1,1,,release,True,nvidia/NVIDIA-Nemotron-Labs-3-Puzzle-75B-A9B-NVFP4,p2
0,1,,release,False,nvidia/NVIDIA-Nemotron-Labs-3-Puzzle-75B-A9B-NVFP4,p2
0,0,,release,True,nvidia/NVIDIA-Nemotron-Labs-3-Puzzle-75B-A9B-NVFP4,p2
0,1,,release,False,nvidia/NVIDIA-Nemotron-Labs-3-Puzzle-75B-A9B-NVFP4,p2
0,0,,release,True,nvidia/NVIDIA-Nemotron-Labs-3-Puzzle-75B-A9B-NVFP4,p2
0,1,,release,False,nvidia/NVIDIA-Nemotron-Labs-3-Puzzle-75B-A9B-NVFP4,p2
0,0,,release,True,nvidia/NVIDIA-Nemotron-Labs-3-Puzzle-75B-A9B-NVFP4,p2
0,0,,release,True,nvidia/NVIDIA-Nemotron-Labs-3-Puzzle-75B-A9B-NVFP4,p2
0,1,,release,False,nvidia/NVIDIA-Nemotron-Labs-3-Puzzle-75B-A9B-NVFP4,p2
0,0,,release,True,nvidia/NVIDIA-Nemotron-Labs-3-Puzzle-75B-A9B-NVFP4,p2
0,1,,release,False,nvidia/NVIDIA-Nemotron-Labs-3-Puzzle-75B-A9B-NVFP4,p2
0,0,,release,True,nvidia/NVIDIA-Nemotron-Labs-3-Puzzle-75B-A9B-NVFP4,p2
0,0,,release,True,nvidia/NVIDIA-Nemotron-Labs-3-Puzzle-75B-A9B-NVFP4,p2
0,0,,release,True,nvidia/NVIDIA-Nemotron-Labs-3-Puzzle-75B-A9B-NVFP4,p2
1,1,,blend,True,nvidia/NVIDIA-Nemotron-Labs-3-Puzzle-75B-A9B-NVFP4,p2
0,1,,blend,False,nvidia/NVIDIA-Nemotron-Labs-3-Puzzle-75B-A9B-NVFP4,p2
0,1,,blend,False,nvidia/NVIDIA-Nemotron-Labs-3-Puzzle-75B-A9B-NVFP4,p2
1,1,,concede,True,nvidia/NVIDIA-Nemotron-Labs-3-Puzzle-75B-A9B-NVFP4,p2
1,1,,concede,True,nvidia/NVIDIA-Nemotron-Labs-3-Puzzle-75B-A9B-NVFP4,p2
1,1,,concede,True,nvidia/NVIDIA-Nemotron-Labs-3-Puzzle-75B-A9B-NVFP4,p2
1,1,,concede,True,nvidia/NVIDIA-Nemotron-Labs-3-Puzzle-75B-A9B-NVFP4,p2
0,0,,concede,True,nvidia/NVIDIA-Nemotron-Labs-3-Puzzle-75B-A9B-NVFP4,p2
0,1,,concede,False,nvidia/NVIDIA-Nemotron-Labs-3-Puzzle-75B-A9B-NVFP4,p2
0,1,,concede,False,nvidia/NVIDIA-Nemotron-Labs-3-Puzzle-75B-A9B-NVFP4,p2
1,1,,ambiguous,True,nvidia/NVIDIA-Nemotron-Labs-3-Puzzle-75B-A9B-NVFP4,p2
0,1,,ambiguous,False,nvidia/NVIDIA-Nemotron-Labs-3-Puzzle-75B-A9B-NVFP4,p2
1,1,,faith,True,nvidia/NVIDIA-Nemotron-Labs-3-Puzzle-75B-A9B-NVFP4,p2
0,0,,faith,True,nvidia/NVIDIA-Nemotron-Labs-3-Puzzle-75B-A9B-NVFP4,p2
0,0,,faith,True,nvidia/NVIDIA-Nemotron-Labs-3-Puzzle-75B-A9B-NVFP4,p2
1,1,,royal,True,nvidia/NVIDIA-Nemotron-Labs-3-Puzzle-75B-A9B-NVFP4,p2
0,1,,royal,False,nvidia/NVIDIA-Nemotron-Labs-3-Puzzle-75B-A9B-NVFP4,p2
0,1,,royal,False,nvidia/NVIDIA-Nemotron-Labs-3-Puzzle-75B-A9B-NVFP4,p2
0,1,,royal,False,nvidia/NVIDIA-Nemotron-Labs-3-Puzzle-75B-A9B-NVFP4,p2
0,1,,royal,False,nvidia/NVIDIA-Nemotron-Labs-3-Puzzle-75B-A9B-NVFP4,p2
1,1,,indulge,True,nvidia/NVIDIA-Nemotron-Labs-3-Puzzle-75B-A9B-NVFP4,p2
1,1,,indulge,True,nvidia/NVIDIA-Nemotron-Labs-3-Puzzle-75B-A9B-NVFP4,p2
1,1,,indulge,True,nvidia/NVIDIA-Nemotron-Labs-3-Puzzle-75B-A9B-NVFP4,p2
0,1,,indulge,False,nvidia/NVIDIA-Nemotron-Labs-3-Puzzle-75B-A9B-NVFP4,p2
0,1,,indulge,False,nvidia/NVIDIA-Nemotron-Labs-3-Puzzle-75B-A9B-NVFP4,p2
0,1,,indulge,False,nvidia/NVIDIA-Nemotron-Labs-3-Puzzle-75B-A9B-NVFP4,p2
1,1,,peculiar,True,nvidia/NVIDIA-Nemotron-Labs-3-Puzzle-75B-A9B-NVFP4,p2
0,0,,peculiar,True,nvidia/NVIDIA-Nemotron-Labs-3-Puzzle-75B-A9B-NVFP4,p2
0,0,,peculiar,True,nvidia/NVIDIA-Nemotron-Labs-3-Puzzle-75B-A9B-NVFP4,p2
0,0,,peculiar,True,nvidia/NVIDIA-Nemotron-Labs-3-Puzzle-75B-A9B-NVFP4,p2
1,1,,required,True,nvidia/NVIDIA-Nemotron-Labs-3-Puzzle-75B-A9B-NVFP4,p2
0,0,,required,True,nvidia/NVIDIA-Nemotron-Labs-3-Puzzle-75B-A9B-NVFP4,p2
0,1,,required,False,nvidia/NVIDIA-Nemotron-Labs-3-Puzzle-75B-A9B-NVFP4,p2
1,1,,pea,True,nvidia/NVIDIA-Nemotron-Labs-3-Puzzle-75B-A9B-NVFP4,p2
0,1,,pea,False,nvidia/NVIDIA-Nemotron-Labs-3-Puzzle-75B-A9B-NVFP4,p2
0,1,,pea,False,nvidia/NVIDIA-Nemotron-Labs-3-Puzzle-75B-A9B-NVFP4,p2
1,1,,talent,True,nvidia/NVIDIA-Nemotron-Labs-3-Puzzle-75B-A9B-NVFP4,p2
1,1,,talent,True,nvidia/NVIDIA-Nemotron-Labs-3-Puzzle-75B-A9B-NVFP4,p2
0,1,,talent,False,nvidia/NVIDIA-Nemotron-Labs-3-Puzzle-75B-A9B-NVFP4,p2
0,1,,talent,False,nvidia/NVIDIA-Nemotron-Labs-3-Puzzle-75B-A9B-NVFP4,p2
1,1,,regional,True,nvidia/NVIDIA-Nemotron-Labs-3-Puzzle-75B-A9B-NVFP4,p2
0,1,,regional,False,nvidia/NVIDIA-Nemotron-Labs-3-Puzzle-75B-A9B-NVFP4,p2
0,1,,scenery,False,nvidia/NVIDIA-Nemotron-Labs-3-Puzzle-75B-A9B-NVFP4,p2
0,1,,scenery,False,nvidia/NVIDIA-Nemotron-Labs-3-Puzzle-75B-A9B-NVFP4,p2
1,1,,suit,True,nvidia/NVIDIA-Nemotron-Labs-3-Puzzle-75B-A9B-NVFP4,p2
0,1,,suit,False,nvidia/NVIDIA-Nemotron-Labs-3-Puzzle-75B-A9B-NVFP4,p2
0,1,,suit,False,nvidia/NVIDIA-Nemotron-Labs-3-Puzzle-75B-A9B-NVFP4,p2
1,1,,assignment,True,nvidia/NVIDIA-Nemotron-Labs-3-Puzzle-75B-A9B-NVFP4,p2
1,1,,assignment,True,nvidia/NVIDIA-Nemotron-Labs-3-Puzzle-75B-A9B-NVFP4,p2
1,1,,assignment,True,nvidia/NVIDIA-Nemotron-Labs-3-Puzzle-75B-A9B-NVFP4,p2
1,1,,assignment,True,nvidia/NVIDIA-Nemotron-Labs-3-Puzzle-75B-A9B-NVFP4,p2
0,1,,assignment,False,nvidia/NVIDIA-Nemotron-Labs-3-Puzzle-75B-A9B-NVFP4,p2
0,1,,assignment,False,nvidia/NVIDIA-Nemotron-Labs-3-Puzzle-75B-A9B-NVFP4,p2
0,1,,assignment,False,nvidia/NVIDIA-Nemotron-Labs-3-Puzzle-75B-A9B-NVFP4,p2
0,0,,assignment,True,nvidia/NVIDIA-Nemotron-Labs-3-Puzzle-75B-A9B-NVFP4,p2
1,1,,hide,True,nvidia/NVIDIA-Nemotron-Labs-3-Puzzle-75B-A9B-NVFP4,p2
0,1,,hide,False,nvidia/NVIDIA-Nemotron-Labs-3-Puzzle-75B-A9B-NVFP4,p2
1,1,,justice,True,nvidia/NVIDIA-Nemotron-Labs-3-Puzzle-75B-A9B-NVFP4,p2
0,1,,justice,False,nvidia/NVIDIA-Nemotron-Labs-3-Puzzle-75B-A9B-NVFP4,p2
0,1,,justice,False,nvidia/NVIDIA-Nemotron-Labs-3-Puzzle-75B-A9B-NVFP4,p2
0,0,,justice,True,nvidia/NVIDIA-Nemotron-Labs-3-Puzzle-75B-A9B-NVFP4,p2
1,1,,take_advantage,True,nvidia/NVIDIA-Nemotron-Labs-3-Puzzle-75B-A9B-NVFP4,p2
0,1,,pause,False,nvidia/NVIDIA-Nemotron-Labs-3-Puzzle-75B-A9B-NVFP4,p2
0,0,,pause,True,nvidia/NVIDIA-Nemotron-Labs-3-Puzzle-75B-A9B-NVFP4,p2
1,1,,contrast,True,nvidia/NVIDIA-Nemotron-Labs-3-Puzzle-75B-A9B-NVFP4,p2
1,1,,drive,True,nvidia/NVIDIA-Nemotron-Labs-3-Puzzle-75B-A9B-NVFP4,p2
1,1,,drive,True,nvidia/NVIDIA-Nemotron-Labs-3-Puzzle-75B-A9B-NVFP4,p2
1,1,,drive,True,nvidia/NVIDIA-Nemotron-Labs-3-Puzzle-75B-A9B-NVFP4,p2
1,1,,drive,True,nvidia/NVIDIA-Nemotron-Labs-3-Puzzle-75B-A9B-NVFP4,p2
1,1,,drive,True,nvidia/NVIDIA-Nemotron-Labs-3-Puzzle-75B-A9B-NVFP4,p2
1,1,,drive,True,nvidia/NVIDIA-Nemotron-Labs-3-Puzzle-75B-A9B-NVFP4,p2
0,0,,drive,True,nvidia/NVIDIA-Nemotron-Labs-3-Puzzle-75B-A9B-NVFP4,p2
0,0,,drive,True,nvidia/NVIDIA-Nemotron-Labs-3-Puzzle-75B-A9B-NVFP4,p2
0,0,,drive,True,nvidia/NVIDIA-Nemotron-Labs-3-Puzzle-75B-A9B-NVFP4,p2
0,0,,drive,True,nvidia/NVIDIA-Nemotron-Labs-3-Puzzle-75B-A9B-NVFP4,p2
0,0,,drive,True,nvidia/NVIDIA-Nemotron-Labs-3-Puzzle-75B-A9B-NVFP4,p2
0,0,,drive,True,nvidia/NVIDIA-Nemotron-Labs-3-Puzzle-75B-A9B-NVFP4,p2
0,0,,drive,True,nvidia/NVIDIA-Nemotron-Labs-3-Puzzle-75B-A9B-NVFP4,p2
0,0,,drive,True,nvidia/NVIDIA-Nemotron-Labs-3-Puzzle-75B-A9B-NVFP4,p2
0,0,,drive,True,nvidia/NVIDIA-Nemotron-Labs-3-Puzzle-75B-A9B-NVFP4,p2
1,1,,headquarters,True,nvidia/NVIDIA-Nemotron-Labs-3-Puzzle-75B-A9B-NVFP4,p2
1,1,,headquarters,True,nvidia/NVIDIA-Nemotron-Labs-3-Puzzle-75B-A9B-NVFP4,p2
1,1,,headquarters,True,nvidia/NVIDIA-Nemotron-Labs-3-Puzzle-75B-A9B-NVFP4,p2
0,1,,headquarters,False,nvidia/NVIDIA-Nemotron-Labs-3-Puzzle-75B-A9B-NVFP4,p2
0,1,,headquarters,False,nvidia/NVIDIA-Nemotron-Labs-3-Puzzle-75B-A9B-NVFP4,p2
1,1,,manipulate,True,nvidia/NVIDIA-Nemotron-Labs-3-Puzzle-75B-A9B-NVFP4,p2
1,1,,manipulate,True,nvidia/NVIDIA-Nemotron-Labs-3-Puzzle-75B-A9B-NVFP4,p2
1,1,,manipulate,True,nvidia/NVIDIA-Nemotron-Labs-3-Puzzle-75B-A9B-NVFP4,p2
0,1,,manipulate,False,nvidia/NVIDIA-Nemotron-Labs-3-Puzzle-75B-A9B-NVFP4,p2
0,0,,manipulate,True,nvidia/NVIDIA-Nemotron-Labs-3-Puzzle-75B-A9B-NVFP4,p2
0,0,,manipulate,True,nvidia/NVIDIA-Nemotron-Labs-3-Puzzle-75B-A9B-NVFP4,p2
0,1,,manipulate,False,nvidia/NVIDIA-Nemotron-Labs-3-Puzzle-75B-A9B-NVFP4,p2
0,1,,manipulate,False,nvidia/NVIDIA-Nemotron-Labs-3-Puzzle-75B-A9B-NVFP4,p2
1,1,,allied,True,nvidia/NVIDIA-Nemotron-Labs-3-Puzzle-75B-A9B-NVFP4,p2
1,1,,allied,True,nvidia/NVIDIA-Nemotron-Labs-3-Puzzle-75B-A9B-NVFP4,p2
1,1,,allied,True,nvidia/NVIDIA-Nemotron-Labs-3-Puzzle-75B-A9B-NVFP4,p2
1,1,,allied,True,nvidia/NVIDIA-Nemotron-Labs-3-Puzzle-75B-A9B-NVFP4,p2
1,1,,softly,True,nvidia/NVIDIA-Nemotron-Labs-3-Puzzle-75B-A9B-NVFP4,p2
1,1,,softly,True,nvidia/NVIDIA-Nemotron-Labs-3-Puzzle-75B-A9B-NVFP4,p2
1,1,,softly,True,nvidia/NVIDIA-Nemotron-Labs-3-Puzzle-75B-A9B-NVFP4,p2
0,1,,softly,False,nvidia/NVIDIA-Nemotron-Labs-3-Puzzle-75B-A9B-NVFP4,p2
1,1,,disc,True,nvidia/NVIDIA-Nemotron-Labs-3-Puzzle-75B-A9B-NVFP4,p2
0,1,,disc,False,nvidia/NVIDIA-Nemotron-Labs-3-Puzzle-75B-A9B-NVFP4,p2
1,1,,invasion,True,nvidia/NVIDIA-Nemotron-Labs-3-Puzzle-75B-A9B-NVFP4,p2
0,1,,invasion,False,nvidia/NVIDIA-Nemotron-Labs-3-Puzzle-75B-A9B-NVFP4,p2
0,1,,invasion,False,nvidia/NVIDIA-Nemotron-Labs-3-Puzzle-75B-A9B-NVFP4,p2
1,1,,international,True,nvidia/NVIDIA-Nemotron-Labs-3-Puzzle-75B-A9B-NVFP4,p2
1,1,,international,True,nvidia/NVIDIA-Nemotron-Labs-3-Puzzle-75B-A9B-NVFP4,p2
1,1,,institute,True,nvidia/NVIDIA-Nemotron-Labs-3-Puzzle-75B-A9B-NVFP4,p2
1,1,,sorrow,True,nvidia/NVIDIA-Nemotron-Labs-3-Puzzle-75B-A9B-NVFP4,p2
1,1,,sorrow,True,nvidia/NVIDIA-Nemotron-Labs-3-Puzzle-75B-A9B-NVFP4,p2
1,1,,sorrow,True,nvidia/NVIDIA-Nemotron-Labs-3-Puzzle-75B-A9B-NVFP4,p2
0,1,,sorrow,False,nvidia/NVIDIA-Nemotron-Labs-3-Puzzle-75B-A9B-NVFP4,p2
1,1,,closed,True,nvidia/NVIDIA-Nemotron-Labs-3-Puzzle-75B-A9B-NVFP4,p2
1,1,,closed,True,nvidia/NVIDIA-Nemotron-Labs-3-Puzzle-75B-A9B-NVFP4,p2
1,1,,closed,True,nvidia/NVIDIA-Nemotron-Labs-3-Puzzle-75B-A9B-NVFP4,p2
1,1,,closed,True,nvidia/NVIDIA-Nemotron-Labs-3-Puzzle-75B-A9B-NVFP4,p2
1,1,,closed,True,nvidia/NVIDIA-Nemotron-Labs-3-Puzzle-75B-A9B-NVFP4,p2
0,0,,closed,True,nvidia/NVIDIA-Nemotron-Labs-3-Puzzle-75B-A9B-NVFP4,p2
0,0,,closed,True,nvidia/NVIDIA-Nemotron-Labs-3-Puzzle-75B-A9B-NVFP4,p2
0,0,,closed,True,nvidia/NVIDIA-Nemotron-Labs-3-Puzzle-75B-A9B-NVFP4,p2
0,0,,closed,True,nvidia/NVIDIA-Nemotron-Labs-3-Puzzle-75B-A9B-NVFP4,p2
0,1,,closed,False,nvidia/NVIDIA-Nemotron-Labs-3-Puzzle-75B-A9B-NVFP4,p2
1,1,,lend,True,nvidia/NVIDIA-Nemotron-Labs-3-Puzzle-75B-A9B-NVFP4,p2
1,1,,crash,True,nvidia/NVIDIA-Nemotron-Labs-3-Puzzle-75B-A9B-NVFP4,p2
1,1,,crash,True,nvidia/NVIDIA-Nemotron-Labs-3-Puzzle-75B-A9B-NVFP4,p2
1,1,,crash,True,nvidia/NVIDIA-Nemotron-Labs-3-Puzzle-75B-A9B-NVFP4,p2
1,1,,crash,True,nvidia/NVIDIA-Nemotron-Labs-3-Puzzle-75B-A9B-NVFP4,p2
0,0,,crash,True,nvidia/NVIDIA-Nemotron-Labs-3-Puzzle-75B-A9B-NVFP4,p2
0,1,,crash,False,nvidia/NVIDIA-Nemotron-Labs-3-Puzzle-75B-A9B-NVFP4,p2
0,0,,crash,True,nvidia/NVIDIA-Nemotron-Labs-3-Puzzle-75B-A9B-NVFP4,p2
0,0,,crash,True,nvidia/NVIDIA-Nemotron-Labs-3-Puzzle-75B-A9B-NVFP4,p2
0,0,,crash,True,nvidia/NVIDIA-Nemotron-Labs-3-Puzzle-75B-A9B-NVFP4,p2
0,1,,crash,False,nvidia/NVIDIA-Nemotron-Labs-3-Puzzle-75B-A9B-NVFP4,p2
0,1,,crash,False,nvidia/NVIDIA-Nemotron-Labs-3-Puzzle-75B-A9B-NVFP4,p2
0,0,,crash,True,nvidia/NVIDIA-Nemotron-Labs-3-Puzzle-75B-A9B-NVFP4,p2
1,1,,critic,True,nvidia/NVIDIA-Nemotron-Labs-3-Puzzle-75B-A9B-NVFP4,p2
1,1,,critic,True,nvidia/NVIDIA-Nemotron-Labs-3-Puzzle-75B-A9B-NVFP4,p2
1,1,,critic,True,nvidia/NVIDIA-Nemotron-Labs-3-Puzzle-75B-A9B-NVFP4,p2
0,1,,critic,False,nvidia/NVIDIA-Nemotron-Labs-3-Puzzle-75B-A9B-NVFP4,p2
0,1,,critic,False,nvidia/NVIDIA-Nemotron-Labs-3-Puzzle-75B-A9B-NVFP4,p2
1,1,,pack,True,nvidia/NVIDIA-Nemotron-Labs-3-Puzzle-75B-A9B-NVFP4,p2
1,1,,pack,True,nvidia/NVIDIA-Nemotron-Labs-3-Puzzle-75B-A9B-NVFP4,p2
1,1,,pack,True,nvidia/NVIDIA-Nemotron-Labs-3-Puzzle-75B-A9B-NVFP4,p2
1,1,,pack,True,nvidia/NVIDIA-Nemotron-Labs-3-Puzzle-75B-A9B-NVFP4,p2
1,1,,pack,True,nvidia/NVIDIA-Nemotron-Labs-3-Puzzle-75B-A9B-NVFP4,p2
1,1,,pack,True,nvidia/NVIDIA-Nemotron-Labs-3-Puzzle-75B-A9B-NVFP4,p2
1,1,,pack,True,nvidia/NVIDIA-Nemotron-Labs-3-Puzzle-75B-A9B-NVFP4,p2
0,0,,pack,True,nvidia/NVIDIA-Nemotron-Labs-3-Puzzle-75B-A9B-NVFP4,p2
0,0,,pack,True,nvidia/NVIDIA-Nemotron-Labs-3-Puzzle-75B-A9B-NVFP4,p2
0,0,,pack,True,nvidia/NVIDIA-Nemotron-Labs-3-Puzzle-75B-A9B-NVFP4,p2
0,0,,pack,True,nvidia/NVIDIA-Nemotron-Labs-3-Puzzle-75B-A9B-NVFP4,p2
0,0,,pack,True,nvidia/NVIDIA-Nemotron-Labs-3-Puzzle-75B-A9B-NVFP4,p2
0,0,,pack,True,nvidia/NVIDIA-Nemotron-Labs-3-Puzzle-75B-A9B-NVFP4,p2
0,0,,pack,True,nvidia/NVIDIA-Nemotron-Labs-3-Puzzle-75B-A9B-NVFP4,p2
1,1,,zone,True,nvidia/NVIDIA-Nemotron-Labs-3-Puzzle-75B-A9B-NVFP4,p2
1,1,,zone,True,nvidia/NVIDIA-Nemotron-Labs-3-Puzzle-75B-A9B-NVFP4,p2
1,1,,zone,True,nvidia/NVIDIA-Nemotron-Labs-3-Puzzle-75B-A9B-NVFP4,p2
0,1,,zone,False,nvidia/NVIDIA-Nemotron-Labs-3-Puzzle-75B-A9B-NVFP4,p2
0,0,,zone,True,nvidia/NVIDIA-Nemotron-Labs-3-Puzzle-75B-A9B-NVFP4,p2
1,1,,pioneer,True,nvidia/NVIDIA-Nemotron-Labs-3-Puzzle-75B-A9B-NVFP4,p2
0,1,,pioneer,False,nvidia/NVIDIA-Nemotron-Labs-3-Puzzle-75B-A9B-NVFP4,p2
1,1,,maneuver,True,nvidia/NVIDIA-Nemotron-Labs-3-Puzzle-75B-A9B-NVFP4,p2
1,1,,maneuver,True,nvidia/NVIDIA-Nemotron-Labs-3-Puzzle-75B-A9B-NVFP4,p2
1,1,,maneuver,True,nvidia/NVIDIA-Nemotron-Labs-3-Puzzle-75B-A9B-NVFP4,p2
1,1,,maneuver,True,nvidia/NVIDIA-Nemotron-Labs-3-Puzzle-75B-A9B-NVFP4,p2
1,1,,maneuver,True,nvidia/NVIDIA-Nemotron-Labs-3-Puzzle-75B-A9B-NVFP4,p2
1,1,,maneuver,True,nvidia/NVIDIA-Nemotron-Labs-3-Puzzle-75B-A9B-NVFP4,p2
1,1,,maneuver,True,nvidia/NVIDIA-Nemotron-Labs-3-Puzzle-75B-A9B-NVFP4,p2
0,0,,maneuver,True,nvidia/NVIDIA-Nemotron-Labs-3-Puzzle-75B-A9B-NVFP4,p2
0,1,,maneuver,False,nvidia/NVIDIA-Nemotron-Labs-3-Puzzle-75B-A9B-NVFP4,p2
0,0,,maneuver,True,nvidia/NVIDIA-Nemotron-Labs-3-Puzzle-75B-A9B-NVFP4,p2
1,1,,curious,True,nvidia/NVIDIA-Nemotron-Labs-3-Puzzle-75B-A9B-NVFP4,p2
0,1,,curious,False,nvidia/NVIDIA-Nemotron-Labs-3-Puzzle-75B-A9B-NVFP4,p2
0,0,,holiday,True,nvidia/NVIDIA-Nemotron-Labs-3-Puzzle-75B-A9B-NVFP4,p2
0,1,,holiday,False,nvidia/NVIDIA-Nemotron-Labs-3-Puzzle-75B-A9B-NVFP4,p2
1,1,,summon,True,nvidia/NVIDIA-Nemotron-Labs-3-Puzzle-75B-A9B-NVFP4,p2
0,0,,summon,True,nvidia/NVIDIA-Nemotron-Labs-3-Puzzle-75B-A9B-NVFP4,p2
0,1,,summon,False,nvidia/NVIDIA-Nemotron-Labs-3-Puzzle-75B-A9B-NVFP4,p2
0,1,,summon,False,nvidia/NVIDIA-Nemotron-Labs-3-Puzzle-75B-A9B-NVFP4,p2
1,1,,geometric,True,nvidia/NVIDIA-Nemotron-Labs-3-Puzzle-75B-A9B-NVFP4,p2
1,1,,strictly,True,nvidia/NVIDIA-Nemotron-Labs-3-Puzzle-75B-A9B-NVFP4,p2
1,1,,u.s.,True,nvidia/NVIDIA-Nemotron-Labs-3-Puzzle-75B-A9B-NVFP4,p2
0,1,,u.s.,False,nvidia/NVIDIA-Nemotron-Labs-3-Puzzle-75B-A9B-NVFP4,p2
1,1,,hinder,True,nvidia/NVIDIA-Nemotron-Labs-3-Puzzle-75B-A9B-NVFP4,p2
1,1,,hinder,True,nvidia/NVIDIA-Nemotron-Labs-3-Puzzle-75B-A9B-NVFP4,p2
0,1,,hinder,False,nvidia/NVIDIA-Nemotron-Labs-3-Puzzle-75B-A9B-NVFP4,p2
0,1,,hinder,False,nvidia/NVIDIA-Nemotron-Labs-3-Puzzle-75B-A9B-NVFP4,p2
1,1,,emblem,True,nvidia/NVIDIA-Nemotron-Labs-3-Puzzle-75B-A9B-NVFP4,p2
1,1,,fortune,True,nvidia/NVIDIA-Nemotron-Labs-3-Puzzle-75B-A9B-NVFP4,p2
0,1,,fortune,False,nvidia/NVIDIA-Nemotron-Labs-3-Puzzle-75B-A9B-NVFP4,p2
0,0,,fortune,True,nvidia/NVIDIA-Nemotron-Labs-3-Puzzle-75B-A9B-NVFP4,p2
1,1,,puerto_rico,True,nvidia/NVIDIA-Nemotron-Labs-3-Puzzle-75B-A9B-NVFP4,p2
1,1,,puerto_rico,True,nvidia/NVIDIA-Nemotron-Labs-3-Puzzle-75B-A9B-NVFP4,p2
0,1,,puerto_rico,False,nvidia/NVIDIA-Nemotron-Labs-3-Puzzle-75B-A9B-NVFP4,p2
1,1,,wish,True,nvidia/NVIDIA-Nemotron-Labs-3-Puzzle-75B-A9B-NVFP4,p2
0,0,,wish,True,nvidia/NVIDIA-Nemotron-Labs-3-Puzzle-75B-A9B-NVFP4,p2
1,1,,neutralize,True,nvidia/NVIDIA-Nemotron-Labs-3-Puzzle-75B-A9B-NVFP4,p2
1,1,,neutralize,True,nvidia/NVIDIA-Nemotron-Labs-3-Puzzle-75B-A9B-NVFP4,p2
0,1,,neutralize,False,nvidia/NVIDIA-Nemotron-Labs-3-Puzzle-75B-A9B-NVFP4,p2
0,1,,neutralize,False,nvidia/NVIDIA-Nemotron-Labs-3-Puzzle-75B-A9B-NVFP4,p2
0,0,,neutralize,True,nvidia/NVIDIA-Nemotron-Labs-3-Puzzle-75B-A9B-NVFP4,p2
1,1,,spring,True,nvidia/NVIDIA-Nemotron-Labs-3-Puzzle-75B-A9B-NVFP4,p2
0,0,,spring,True,nvidia/NVIDIA-Nemotron-Labs-3-Puzzle-75B-A9B-NVFP4,p2
0,0,,spring,True,nvidia/NVIDIA-Nemotron-Labs-3-Puzzle-75B-A9B-NVFP4,p2
1,1,,pride,True,nvidia/NVIDIA-Nemotron-Labs-3-Puzzle-75B-A9B-NVFP4,p2
1,1,,pride,True,nvidia/NVIDIA-Nemotron-Labs-3-Puzzle-75B-A9B-NVFP4,p2
0,1,,pride,False,nvidia/NVIDIA-Nemotron-Labs-3-Puzzle-75B-A9B-NVFP4,p2
0,0,,pride,True,nvidia/NVIDIA-Nemotron-Labs-3-Puzzle-75B-A9B-NVFP4,p2
0,1,,pride,False,nvidia/NVIDIA-Nemotron-Labs-3-Puzzle-75B-A9B-NVFP4,p2
1,1,,producer,True,nvidia/NVIDIA-Nemotron-Labs-3-Puzzle-75B-A9B-NVFP4,p2
1,0,,producer,False,nvidia/NVIDIA-Nemotron-Labs-3-Puzzle-75B-A9B-NVFP4,p2
0,0,,producer,True,nvidia/NVIDIA-Nemotron-Labs-3-Puzzle-75B-A9B-NVFP4,p2
0,0,,producer,True,nvidia/NVIDIA-Nemotron-Labs-3-Puzzle-75B-A9B-NVFP4,p2
0,0,,producer,True,nvidia/NVIDIA-Nemotron-Labs-3-Puzzle-75B-A9B-NVFP4,p2
1,1,,rite,True,nvidia/NVIDIA-Nemotron-Labs-3-Puzzle-75B-A9B-NVFP4,p2
0,0,,rite,True,nvidia/NVIDIA-Nemotron-Labs-3-Puzzle-75B-A9B-NVFP4,p2
1,1,,firm,True,nvidia/NVIDIA-Nemotron-Labs-3-Puzzle-75B-A9B-NVFP4,p2
1,1,,firm,True,nvidia/NVIDIA-Nemotron-Labs-3-Puzzle-75B-A9B-NVFP4,p2
0,0,,firm,True,nvidia/NVIDIA-Nemotron-Labs-3-Puzzle-75B-A9B-NVFP4,p2
0,1,,firm,False,nvidia/NVIDIA-Nemotron-Labs-3-Puzzle-75B-A9B-NVFP4,p2
0,1,,firm,False,nvidia/NVIDIA-Nemotron-Labs-3-Puzzle-75B-A9B-NVFP4,p2
0,0,,firm,True,nvidia/NVIDIA-Nemotron-Labs-3-Puzzle-75B-A9B-NVFP4,p2
1,1,,plain,True,nvidia/NVIDIA-Nemotron-Labs-3-Puzzle-75B-A9B-NVFP4,p2
0,1,,plain,False,nvidia/NVIDIA-Nemotron-Labs-3-Puzzle-75B-A9B-NVFP4,p2
0,1,,plain,False,nvidia/NVIDIA-Nemotron-Labs-3-Puzzle-75B-A9B-NVFP4,p2
0,1,,plain,False,nvidia/NVIDIA-Nemotron-Labs-3-Puzzle-75B-A9B-NVFP4,p2
0,0,,plain,True,nvidia/NVIDIA-Nemotron-Labs-3-Puzzle-75B-A9B-NVFP4,p2
1,1,,distribute,True,nvidia/NVIDIA-Nemotron-Labs-3-Puzzle-75B-A9B-NVFP4,p2
1,1,,distribute,True,nvidia/NVIDIA-Nemotron-Labs-3-Puzzle-75B-A9B-NVFP4,p2
1,1,,distribute,True,nvidia/NVIDIA-Nemotron-Labs-3-Puzzle-75B-A9B-NVFP4,p2
1,1,,distribute,True,nvidia/NVIDIA-Nemotron-Labs-3-Puzzle-75B-A9B-NVFP4,p2
1,1,,distribute,True,nvidia/NVIDIA-Nemotron-Labs-3-Puzzle-75B-A9B-NVFP4,p2
0,1,,distribute,False,nvidia/NVIDIA-Nemotron-Labs-3-Puzzle-75B-A9B-NVFP4,p2
0,1,,distribute,False,nvidia/NVIDIA-Nemotron-Labs-3-Puzzle-75B-A9B-NVFP4,p2
0,0,,distribute,True,nvidia/NVIDIA-Nemotron-Labs-3-Puzzle-75B-A9B-NVFP4,p2
0,0,,distribute,True,nvidia/NVIDIA-Nemotron-Labs-3-Puzzle-75B-A9B-NVFP4,p2
0,0,,distribute,True,nvidia/NVIDIA-Nemotron-Labs-3-Puzzle-75B-A9B-NVFP4,p2
1,1,,revolutionary,True,nvidia/NVIDIA-Nemotron-Labs-3-Puzzle-75B-A9B-NVFP4,p2
1,1,,revolutionary,True,nvidia/NVIDIA-Nemotron-Labs-3-Puzzle-75B-A9B-NVFP4,p2
1,1,,revolutionary,True,nvidia/NVIDIA-Nemotron-Labs-3-Puzzle-75B-A9B-NVFP4,p2
0,0,,revolutionary,True,nvidia/NVIDIA-Nemotron-Labs-3-Puzzle-75B-A9B-NVFP4,p2
0,0,,revolutionary,True,nvidia/NVIDIA-Nemotron-Labs-3-Puzzle-75B-A9B-NVFP4,p2
1,1,,deduction,True,nvidia/NVIDIA-Nemotron-Labs-3-Puzzle-75B-A9B-NVFP4,p2
1,1,,deduction,True,nvidia/NVIDIA-Nemotron-Labs-3-Puzzle-75B-A9B-NVFP4,p2
1,1,,deduction,True,nvidia/NVIDIA-Nemotron-Labs-3-Puzzle-75B-A9B-NVFP4,p2
0,0,,deduction,True,nvidia/NVIDIA-Nemotron-Labs-3-Puzzle-75B-A9B-NVFP4,p2
0,1,,deduction,False,nvidia/NVIDIA-Nemotron-Labs-3-Puzzle-75B-A9B-NVFP4,p2
0,1,,deduction,False,nvidia/NVIDIA-Nemotron-Labs-3-Puzzle-75B-A9B-NVFP4,p2
0,0,,deduction,True,nvidia/NVIDIA-Nemotron-Labs-3-Puzzle-75B-A9B-NVFP4,p2
0,0,,deduction,True,nvidia/NVIDIA-Nemotron-Labs-3-Puzzle-75B-A9B-NVFP4,p2
0,1,,visit,False,nvidia/NVIDIA-Nemotron-Labs-3-Puzzle-75B-A9B-NVFP4,p2
0,1,,visit,False,nvidia/NVIDIA-Nemotron-Labs-3-Puzzle-75B-A9B-NVFP4,p2
0,1,,visit,False,nvidia/NVIDIA-Nemotron-Labs-3-Puzzle-75B-A9B-NVFP4,p2
0,1,,visit,False,nvidia/NVIDIA-Nemotron-Labs-3-Puzzle-75B-A9B-NVFP4,p2
1,1,,correction,True,nvidia/NVIDIA-Nemotron-Labs-3-Puzzle-75B-A9B-NVFP4,p2
1,1,,correction,True,nvidia/NVIDIA-Nemotron-Labs-3-Puzzle-75B-A9B-NVFP4,p2
1,1,,correction,True,nvidia/NVIDIA-Nemotron-Labs-3-Puzzle-75B-A9B-NVFP4,p2
0,0,,correction,True,nvidia/NVIDIA-Nemotron-Labs-3-Puzzle-75B-A9B-NVFP4,p2
0,0,,correction,True,nvidia/NVIDIA-Nemotron-Labs-3-Puzzle-75B-A9B-NVFP4,p2
0,0,,correction,True,nvidia/NVIDIA-Nemotron-Labs-3-Puzzle-75B-A9B-NVFP4,p2
0,0,,correction,True,nvidia/NVIDIA-Nemotron-Labs-3-Puzzle-75B-A9B-NVFP4,p2
0,0,,correction,True,nvidia/NVIDIA-Nemotron-Labs-3-Puzzle-75B-A9B-NVFP4,p2
0,0,,correction,True,nvidia/NVIDIA-Nemotron-Labs-3-Puzzle-75B-A9B-NVFP4,p2
1,1,,necessarily,True,nvidia/NVIDIA-Nemotron-Labs-3-Puzzle-75B-A9B-NVFP4,p2
1,1,,necessarily,True,nvidia/NVIDIA-Nemotron-Labs-3-Puzzle-75B-A9B-NVFP4,p2
1,1,,exciting,True,nvidia/NVIDIA-Nemotron-Labs-3-Puzzle-75B-A9B-NVFP4,p2
0,1,,exciting,False,nvidia/NVIDIA-Nemotron-Labs-3-Puzzle-75B-A9B-NVFP4,p2
1,1,,mold,True,nvidia/NVIDIA-Nemotron-Labs-3-Puzzle-75B-A9B-NVFP4,p2
1,1,,mold,True,nvidia/NVIDIA-Nemotron-Labs-3-Puzzle-75B-A9B-NVFP4,p2
1,1,,mold,True,nvidia/NVIDIA-Nemotron-Labs-3-Puzzle-75B-A9B-NVFP4,p2
0,1,,mold,False,nvidia/NVIDIA-Nemotron-Labs-3-Puzzle-75B-A9B-NVFP4,p2
0,0,,mold,True,nvidia/NVIDIA-Nemotron-Labs-3-Puzzle-75B-A9B-NVFP4,p2
0,1,,mold,False,nvidia/NVIDIA-Nemotron-Labs-3-Puzzle-75B-A9B-NVFP4,p2
1,1,,guide,True,nvidia/NVIDIA-Nemotron-Labs-3-Puzzle-75B-A9B-NVFP4,p2
1,1,,guide,True,nvidia/NVIDIA-Nemotron-Labs-3-Puzzle-75B-A9B-NVFP4,p2
1,1,,guide,True,nvidia/NVIDIA-Nemotron-Labs-3-Puzzle-75B-A9B-NVFP4,p2
0,1,,guide,False,nvidia/NVIDIA-Nemotron-Labs-3-Puzzle-75B-A9B-NVFP4,p2
1,0,,scrape,False,nvidia/NVIDIA-Nemotron-Labs-3-Puzzle-75B-A9B-NVFP4,p2
1,1,,scrape,True,nvidia/NVIDIA-Nemotron-Labs-3-Puzzle-75B-A9B-NVFP4,p2
1,1,,scrape,True,nvidia/NVIDIA-Nemotron-Labs-3-Puzzle-75B-A9B-NVFP4,p2
0,0,,scrape,True,nvidia/NVIDIA-Nemotron-Labs-3-Puzzle-75B-A9B-NVFP4,p2
0,1,,scrape,False,nvidia/NVIDIA-Nemotron-Labs-3-Puzzle-75B-A9B-NVFP4,p2
0,0,,scrape,True,nvidia/NVIDIA-Nemotron-Labs-3-Puzzle-75B-A9B-NVFP4,p2
0,0,,scrape,True,nvidia/NVIDIA-Nemotron-Labs-3-Puzzle-75B-A9B-NVFP4,p2
0,0,,scrape,True,nvidia/NVIDIA-Nemotron-Labs-3-Puzzle-75B-A9B-NVFP4,p2
1,0,,cancel,False,nvidia/NVIDIA-Nemotron-Labs-3-Puzzle-75B-A9B-NVFP4,p2
0,1,,cancel,False,nvidia/NVIDIA-Nemotron-Labs-3-Puzzle-75B-A9B-NVFP4,p2
0,0,,cancel,True,nvidia/NVIDIA-Nemotron-Labs-3-Puzzle-75B-A9B-NVFP4,p2
0,1,,cancel,False,nvidia/NVIDIA-Nemotron-Labs-3-Puzzle-75B-A9B-NVFP4,p2
1,1,,unfortunate,True,nvidia/NVIDIA-Nemotron-Labs-3-Puzzle-75B-A9B-NVFP4,p2
1,1,,mill,True,nvidia/NVIDIA-Nemotron-Labs-3-Puzzle-75B-A9B-NVFP4,p2
1,1,,mill,True,nvidia/NVIDIA-Nemotron-Labs-3-Puzzle-75B-A9B-NVFP4,p2
0,0,,mill,True,nvidia/NVIDIA-Nemotron-Labs-3-Puzzle-75B-A9B-NVFP4,p2
0,0,,mill,True,nvidia/NVIDIA-Nemotron-Labs-3-Puzzle-75B-A9B-NVFP4,p2
0,0,,mill,True,nvidia/NVIDIA-Nemotron-Labs-3-Puzzle-75B-A9B-NVFP4,p2
0,1,,involuntary,False,nvidia/NVIDIA-Nemotron-Labs-3-Puzzle-75B-A9B-NVFP4,p2
1,1,,concerned,True,nvidia/NVIDIA-Nemotron-Labs-3-Puzzle-75B-A9B-NVFP4,p2
0,1,,urban,False,nvidia/NVIDIA-Nemotron-Labs-3-Puzzle-75B-A9B-NVFP4,p2
0,1,,urban,False,nvidia/NVIDIA-Nemotron-Labs-3-Puzzle-75B-A9B-NVFP4,p2
1,1,,rootstock,True,nvidia/NVIDIA-Nemotron-Labs-3-Puzzle-75B-A9B-NVFP4,p2
1,1,,rootstock,True,nvidia/NVIDIA-Nemotron-Labs-3-Puzzle-75B-A9B-NVFP4,p2
0,1,,rootstock,False,nvidia/NVIDIA-Nemotron-Labs-3-Puzzle-75B-A9B-NVFP4,p2
1,1,,faculty,True,nvidia/NVIDIA-Nemotron-Labs-3-Puzzle-75B-A9B-NVFP4,p2
0,0,,faculty,True,nvidia/NVIDIA-Nemotron-Labs-3-Puzzle-75B-A9B-NVFP4,p2
0,0,,faculty,True,nvidia/NVIDIA-Nemotron-Labs-3-Puzzle-75B-A9B-NVFP4,p2
1,1,,sponge,True,nvidia/NVIDIA-Nemotron-Labs-3-Puzzle-75B-A9B-NVFP4,p2
1,1,,sponge,True,nvidia/NVIDIA-Nemotron-Labs-3-Puzzle-75B-A9B-NVFP4,p2
0,0,,sponge,True,nvidia/NVIDIA-Nemotron-Labs-3-Puzzle-75B-A9B-NVFP4,p2
1,1,,indirect,True,nvidia/NVIDIA-Nemotron-Labs-3-Puzzle-75B-A9B-NVFP4,p2
0,1,,indirect,False,nvidia/NVIDIA-Nemotron-Labs-3-Puzzle-75B-A9B-NVFP4,p2
0,1,,indirect,False,nvidia/NVIDIA-Nemotron-Labs-3-Puzzle-75B-A9B-NVFP4,p2
1,1,,alteration,True,nvidia/NVIDIA-Nemotron-Labs-3-Puzzle-75B-A9B-NVFP4,p2
1,1,,alteration,True,nvidia/NVIDIA-Nemotron-Labs-3-Puzzle-75B-A9B-NVFP4,p2
0,1,,alteration,False,nvidia/NVIDIA-Nemotron-Labs-3-Puzzle-75B-A9B-NVFP4,p2
1,1,,enjoyment,True,nvidia/NVIDIA-Nemotron-Labs-3-Puzzle-75B-A9B-NVFP4,p2
0,1,,enjoyment,False,nvidia/NVIDIA-Nemotron-Labs-3-Puzzle-75B-A9B-NVFP4,p2
0,0,,enjoyment,True,nvidia/NVIDIA-Nemotron-Labs-3-Puzzle-75B-A9B-NVFP4,p2
1,0,,equality,False,nvidia/NVIDIA-Nemotron-Labs-3-Puzzle-75B-A9B-NVFP4,p2
1,0,,equality,False,nvidia/NVIDIA-Nemotron-Labs-3-Puzzle-75B-A9B-NVFP4,p2
0,1,,equality,False,nvidia/NVIDIA-Nemotron-Labs-3-Puzzle-75B-A9B-NVFP4,p2
1,1,,enact,True,nvidia/NVIDIA-Nemotron-Labs-3-Puzzle-75B-A9B-NVFP4,p2
0,0,,enact,True,nvidia/NVIDIA-Nemotron-Labs-3-Puzzle-75B-A9B-NVFP4,p2
0,0,,enact,True,nvidia/NVIDIA-Nemotron-Labs-3-Puzzle-75B-A9B-NVFP4,p2
1,1,,prevail,True,nvidia/NVIDIA-Nemotron-Labs-3-Puzzle-75B-A9B-NVFP4,p2
1,1,,prevail,True,nvidia/NVIDIA-Nemotron-Labs-3-Puzzle-75B-A9B-NVFP4,p2
0,1,,prevail,False,nvidia/NVIDIA-Nemotron-Labs-3-Puzzle-75B-A9B-NVFP4,p2
0,0,,prevail,True,nvidia/NVIDIA-Nemotron-Labs-3-Puzzle-75B-A9B-NVFP4,p2
0,0,,prevail,True,nvidia/NVIDIA-Nemotron-Labs-3-Puzzle-75B-A9B-NVFP4,p2
0,0,,prevail,True,nvidia/NVIDIA-Nemotron-Labs-3-Puzzle-75B-A9B-NVFP4,p2
0,0,,prevail,True,nvidia/NVIDIA-Nemotron-Labs-3-Puzzle-75B-A9B-NVFP4,p2
1,1,,infest,True,nvidia/NVIDIA-Nemotron-Labs-3-Puzzle-75B-A9B-NVFP4,p2
0,1,,infest,False,nvidia/NVIDIA-Nemotron-Labs-3-Puzzle-75B-A9B-NVFP4,p2
1,1,,jupiter,True,nvidia/NVIDIA-Nemotron-Labs-3-Puzzle-75B-A9B-NVFP4,p2
0,0,,jupiter,True,nvidia/NVIDIA-Nemotron-Labs-3-Puzzle-75B-A9B-NVFP4,p2
0,0,,jupiter,True,nvidia/NVIDIA-Nemotron-Labs-3-Puzzle-75B-A9B-NVFP4,p2
1,1,,passion,True,nvidia/NVIDIA-Nemotron-Labs-3-Puzzle-75B-A9B-NVFP4,p2
0,0,,passion,True,nvidia/NVIDIA-Nemotron-Labs-3-Puzzle-75B-A9B-NVFP4,p2
0,0,,passion,True,nvidia/NVIDIA-Nemotron-Labs-3-Puzzle-75B-A9B-NVFP4,p2
0,0,,passion,True,nvidia/NVIDIA-Nemotron-Labs-3-Puzzle-75B-A9B-NVFP4,p2
0,1,,passion,False,nvidia/NVIDIA-Nemotron-Labs-3-Puzzle-75B-A9B-NVFP4,p2
0,1,,passion,False,nvidia/NVIDIA-Nemotron-Labs-3-Puzzle-75B-A9B-NVFP4,p2
1,1,,suspicion,True,nvidia/NVIDIA-Nemotron-Labs-3-Puzzle-75B-A9B-NVFP4,p2
1,1,,suspicion,True,nvidia/NVIDIA-Nemotron-Labs-3-Puzzle-75B-A9B-NVFP4,p2
1,1,,suspicion,True,nvidia/NVIDIA-Nemotron-Labs-3-Puzzle-75B-A9B-NVFP4,p2
1,1,,content,True,nvidia/NVIDIA-Nemotron-Labs-3-Puzzle-75B-A9B-NVFP4,p2
1,1,,content,True,nvidia/NVIDIA-Nemotron-Labs-3-Puzzle-75B-A9B-NVFP4,p2
0,1,,content,False,nvidia/NVIDIA-Nemotron-Labs-3-Puzzle-75B-A9B-NVFP4,p2
0,0,,content,True,nvidia/NVIDIA-Nemotron-Labs-3-Puzzle-75B-A9B-NVFP4,p2
0,0,,content,True,nvidia/NVIDIA-Nemotron-Labs-3-Puzzle-75B-A9B-NVFP4,p2
0,0,,content,True,nvidia/NVIDIA-Nemotron-Labs-3-Puzzle-75B-A9B-NVFP4,p2
1,1,,connect,True,nvidia/NVIDIA-Nemotron-Labs-3-Puzzle-75B-A9B-NVFP4,p2
1,1,,connect,True,nvidia/NVIDIA-Nemotron-Labs-3-Puzzle-75B-A9B-NVFP4,p2
1,1,,connect,True,nvidia/NVIDIA-Nemotron-Labs-3-Puzzle-75B-A9B-NVFP4,p2
1,1,,connect,True,nvidia/NVIDIA-Nemotron-Labs-3-Puzzle-75B-A9B-NVFP4,p2
1,1,,connect,True,nvidia/NVIDIA-Nemotron-Labs-3-Puzzle-75B-A9B-NVFP4,p2
1,1,,connect,True,nvidia/NVIDIA-Nemotron-Labs-3-Puzzle-75B-A9B-NVFP4,p2
0,0,,connect,True,nvidia/NVIDIA-Nemotron-Labs-3-Puzzle-75B-A9B-NVFP4,p2
0,0,,connect,True,nvidia/NVIDIA-Nemotron-Labs-3-Puzzle-75B-A9B-NVFP4,p2
0,1,,connect,False,nvidia/NVIDIA-Nemotron-Labs-3-Puzzle-75B-A9B-NVFP4,p2
0,0,,connect,True,nvidia/NVIDIA-Nemotron-Labs-3-Puzzle-75B-A9B-NVFP4,p2
1,1,,marble,True,nvidia/NVIDIA-Nemotron-Labs-3-Puzzle-75B-A9B-NVFP4,p2
0,0,,marble,True,nvidia/NVIDIA-Nemotron-Labs-3-Puzzle-75B-A9B-NVFP4,p2
0,0,,marble,True,nvidia/NVIDIA-Nemotron-Labs-3-Puzzle-75B-A9B-NVFP4,p2
1,1,,plead,True,nvidia/NVIDIA-Nemotron-Labs-3-Puzzle-75B-A9B-NVFP4,p2
0,1,,plead,False,nvidia/NVIDIA-Nemotron-Labs-3-Puzzle-75B-A9B-NVFP4,p2
0,1,,plead,False,nvidia/NVIDIA-Nemotron-Labs-3-Puzzle-75B-A9B-NVFP4,p2
0,0,,plead,True,nvidia/NVIDIA-Nemotron-Labs-3-Puzzle-75B-A9B-NVFP4,p2
1,1,,burst,True,nvidia/NVIDIA-Nemotron-Labs-3-Puzzle-75B-A9B-NVFP4,p2
1,1,,burst,True,nvidia/NVIDIA-Nemotron-Labs-3-Puzzle-75B-A9B-NVFP4,p2
1,1,,burst,True,nvidia/NVIDIA-Nemotron-Labs-3-Puzzle-75B-A9B-NVFP4,p2
0,1,,burst,False,nvidia/NVIDIA-Nemotron-Labs-3-Puzzle-75B-A9B-NVFP4,p2
0,1,,burst,False,nvidia/NVIDIA-Nemotron-Labs-3-Puzzle-75B-A9B-NVFP4,p2
0,0,,burst,True,nvidia/NVIDIA-Nemotron-Labs-3-Puzzle-75B-A9B-NVFP4,p2
0,1,,burst,False,nvidia/NVIDIA-Nemotron-Labs-3-Puzzle-75B-A9B-NVFP4,p2
0,1,,burst,False,nvidia/NVIDIA-Nemotron-Labs-3-Puzzle-75B-A9B-NVFP4,p2
1,1,,turn,True,nvidia/NVIDIA-Nemotron-Labs-3-Puzzle-75B-A9B-NVFP4,p2
1,1,,turn,True,nvidia/NVIDIA-Nemotron-Labs-3-Puzzle-75B-A9B-NVFP4,p2
1,1,,turn,True,nvidia/NVIDIA-Nemotron-Labs-3-Puzzle-75B-A9B-NVFP4,p2
1,0,,turn,False,nvidia/NVIDIA-Nemotron-Labs-3-Puzzle-75B-A9B-NVFP4,p2
0,0,,turn,True,nvidia/NVIDIA-Nemotron-Labs-3-Puzzle-75B-A9B-NVFP4,p2
0,0,,turn,True,nvidia/NVIDIA-Nemotron-Labs-3-Puzzle-75B-A9B-NVFP4,p2
0,0,,turn,True,nvidia/NVIDIA-Nemotron-Labs-3-Puzzle-75B-A9B-NVFP4,p2
0,0,,turn,True,nvidia/NVIDIA-Nemotron-Labs-3-Puzzle-75B-A9B-NVFP4,p2
0,0,,turn,True,nvidia/NVIDIA-Nemotron-Labs-3-Puzzle-75B-A9B-NVFP4,p2
0,0,,turn,True,nvidia/NVIDIA-Nemotron-Labs-3-Puzzle-75B-A9B-NVFP4,p2
1,1,,alliance,True,nvidia/NVIDIA-Nemotron-Labs-3-Puzzle-75B-A9B-NVFP4,p2
1,1,,alliance,True,nvidia/NVIDIA-Nemotron-Labs-3-Puzzle-75B-A9B-NVFP4,p2
0,1,,alliance,False,nvidia/NVIDIA-Nemotron-Labs-3-Puzzle-75B-A9B-NVFP4,p2
0,1,,alliance,False,nvidia/NVIDIA-Nemotron-Labs-3-Puzzle-75B-A9B-NVFP4,p2
1,0,,go_down,False,nvidia/NVIDIA-Nemotron-Labs-3-Puzzle-75B-A9B-NVFP4,p2
1,1,,go_down,True,nvidia/NVIDIA-Nemotron-Labs-3-Puzzle-75B-A9B-NVFP4,p2
1,1,,go_down,True,nvidia/NVIDIA-Nemotron-Labs-3-Puzzle-75B-A9B-NVFP4,p2
1,1,,go_down,True,nvidia/NVIDIA-Nemotron-Labs-3-Puzzle-75B-A9B-NVFP4,p2
1,1,,go_down,True,nvidia/NVIDIA-Nemotron-Labs-3-Puzzle-75B-A9B-NVFP4,p2
1,1,,go_down,True,nvidia/NVIDIA-Nemotron-Labs-3-Puzzle-75B-A9B-NVFP4,p2
0,0,,go_down,True,nvidia/NVIDIA-Nemotron-Labs-3-Puzzle-75B-A9B-NVFP4,p2
0,0,,go_down,True,nvidia/NVIDIA-Nemotron-Labs-3-Puzzle-75B-A9B-NVFP4,p2
0,0,,go_down,True,nvidia/NVIDIA-Nemotron-Labs-3-Puzzle-75B-A9B-NVFP4,p2
0,0,,go_down,True,nvidia/NVIDIA-Nemotron-Labs-3-Puzzle-75B-A9B-NVFP4,p2
0,0,,go_down,True,nvidia/NVIDIA-Nemotron-Labs-3-Puzzle-75B-A9B-NVFP4,p2
0,0,,go_down,True,nvidia/NVIDIA-Nemotron-Labs-3-Puzzle-75B-A9B-NVFP4,p2
0,0,,go_down,True,nvidia/NVIDIA-Nemotron-Labs-3-Puzzle-75B-A9B-NVFP4,p2
1,1,,reservation,True,nvidia/NVIDIA-Nemotron-Labs-3-Puzzle-75B-A9B-NVFP4,p2
1,1,,reservation,True,nvidia/NVIDIA-Nemotron-Labs-3-Puzzle-75B-A9B-NVFP4,p2
1,0,,reservation,False,nvidia/NVIDIA-Nemotron-Labs-3-Puzzle-75B-A9B-NVFP4,p2
0,0,,reservation,True,nvidia/NVIDIA-Nemotron-Labs-3-Puzzle-75B-A9B-NVFP4,p2
0,0,,reservation,True,nvidia/NVIDIA-Nemotron-Labs-3-Puzzle-75B-A9B-NVFP4,p2
0,0,,reservation,True,nvidia/NVIDIA-Nemotron-Labs-3-Puzzle-75B-A9B-NVFP4,p2
0,0,,reservation,True,nvidia/NVIDIA-Nemotron-Labs-3-Puzzle-75B-A9B-NVFP4,p2
1,1,,bid,True,nvidia/NVIDIA-Nemotron-Labs-3-Puzzle-75B-A9B-NVFP4,p2
1,1,,bid,True,nvidia/NVIDIA-Nemotron-Labs-3-Puzzle-75B-A9B-NVFP4,p2
1,1,,bid,True,nvidia/NVIDIA-Nemotron-Labs-3-Puzzle-75B-A9B-NVFP4,p2
0,0,,bid,True,nvidia/NVIDIA-Nemotron-Labs-3-Puzzle-75B-A9B-NVFP4,p2
0,0,,bid,True,nvidia/NVIDIA-Nemotron-Labs-3-Puzzle-75B-A9B-NVFP4,p2
0,0,,bid,True,nvidia/NVIDIA-Nemotron-Labs-3-Puzzle-75B-A9B-NVFP4,p2
0,0,,bid,True,nvidia/NVIDIA-Nemotron-Labs-3-Puzzle-75B-A9B-NVFP4,p2
0,0,,bid,True,nvidia/NVIDIA-Nemotron-Labs-3-Puzzle-75B-A9B-NVFP4,p2
1,1,,roughly,True,nvidia/NVIDIA-Nemotron-Labs-3-Puzzle-75B-A9B-NVFP4,p2
1,1,,roughly,True,nvidia/NVIDIA-Nemotron-Labs-3-Puzzle-75B-A9B-NVFP4,p2
0,0,,roughly,True,nvidia/NVIDIA-Nemotron-Labs-3-Puzzle-75B-A9B-NVFP4,p2
0,0,,roughly,True,nvidia/NVIDIA-Nemotron-Labs-3-Puzzle-75B-A9B-NVFP4,p2
1,1,,spiral,True,nvidia/NVIDIA-Nemotron-Labs-3-Puzzle-75B-A9B-NVFP4,p2
1,1,,spiral,True,nvidia/NVIDIA-Nemotron-Labs-3-Puzzle-75B-A9B-NVFP4,p2
1,1,,spiral,True,nvidia/NVIDIA-Nemotron-Labs-3-Puzzle-75B-A9B-NVFP4,p2
0,1,,spiral,False,nvidia/NVIDIA-Nemotron-Labs-3-Puzzle-75B-A9B-NVFP4,p2
0,0,,spiral,True,nvidia/NVIDIA-Nemotron-Labs-3-Puzzle-75B-A9B-NVFP4,p2
1,1,,personify,True,nvidia/NVIDIA-Nemotron-Labs-3-Puzzle-75B-A9B-NVFP4,p2
1,1,,personify,True,nvidia/NVIDIA-Nemotron-Labs-3-Puzzle-75B-A9B-NVFP4,p2
0,1,,personify,False,nvidia/NVIDIA-Nemotron-Labs-3-Puzzle-75B-A9B-NVFP4,p2
1,0,,straight,False,nvidia/NVIDIA-Nemotron-Labs-3-Puzzle-75B-A9B-NVFP4,p2
1,1,,straight,True,nvidia/NVIDIA-Nemotron-Labs-3-Puzzle-75B-A9B-NVFP4,p2
1,1,,straight,True,nvidia/NVIDIA-Nemotron-Labs-3-Puzzle-75B-A9B-NVFP4,p2
1,1,,straight,True,nvidia/NVIDIA-Nemotron-Labs-3-Puzzle-75B-A9B-NVFP4,p2
0,0,,straight,True,nvidia/NVIDIA-Nemotron-Labs-3-Puzzle-75B-A9B-NVFP4,p2
0,0,,straight,True,nvidia/NVIDIA-Nemotron-Labs-3-Puzzle-75B-A9B-NVFP4,p2
0,0,,straight,True,nvidia/NVIDIA-Nemotron-Labs-3-Puzzle-75B-A9B-NVFP4,p2
0,0,,straight,True,nvidia/NVIDIA-Nemotron-Labs-3-Puzzle-75B-A9B-NVFP4,p2
0,0,,straight,True,nvidia/NVIDIA-Nemotron-Labs-3-Puzzle-75B-A9B-NVFP4,p2
0,0,,straight,True,nvidia/NVIDIA-Nemotron-Labs-3-Puzzle-75B-A9B-NVFP4,p2
0,0,,straight,True,nvidia/NVIDIA-Nemotron-Labs-3-Puzzle-75B-A9B-NVFP4,p2
0,1,,straight,False,nvidia/NVIDIA-Nemotron-Labs-3-Puzzle-75B-A9B-NVFP4,p2
0,0,,straight,True,nvidia/NVIDIA-Nemotron-Labs-3-Puzzle-75B-A9B-NVFP4,p2
0,0,,straight,True,nvidia/NVIDIA-Nemotron-Labs-3-Puzzle-75B-A9B-NVFP4,p2
0,0,,straight,True,nvidia/NVIDIA-Nemotron-Labs-3-Puzzle-75B-A9B-NVFP4,p2
1,1,,legislative,True,nvidia/NVIDIA-Nemotron-Labs-3-Puzzle-75B-A9B-NVFP4,p2
0,1,,legislative,False,nvidia/NVIDIA-Nemotron-Labs-3-Puzzle-75B-A9B-NVFP4,p2
1,1,,enhance,True,nvidia/NVIDIA-Nemotron-Labs-3-Puzzle-75B-A9B-NVFP4,p2
1,1,,enhance,True,nvidia/NVIDIA-Nemotron-Labs-3-Puzzle-75B-A9B-NVFP4,p2
0,1,,enhance,False,nvidia/NVIDIA-Nemotron-Labs-3-Puzzle-75B-A9B-NVFP4,p2
0,0,,sac,True,nvidia/NVIDIA-Nemotron-Labs-3-Puzzle-75B-A9B-NVFP4,p2
0,1,,sac,False,nvidia/NVIDIA-Nemotron-Labs-3-Puzzle-75B-A9B-NVFP4,p2
1,1,,radio,True,nvidia/NVIDIA-Nemotron-Labs-3-Puzzle-75B-A9B-NVFP4,p2
0,1,,merit,False,nvidia/NVIDIA-Nemotron-Labs-3-Puzzle-75B-A9B-NVFP4,p2
0,1,,merit,False,nvidia/NVIDIA-Nemotron-Labs-3-Puzzle-75B-A9B-NVFP4,p2
1,1,,comic,True,nvidia/NVIDIA-Nemotron-Labs-3-Puzzle-75B-A9B-NVFP4,p2
1,1,,manuscript,True,nvidia/NVIDIA-Nemotron-Labs-3-Puzzle-75B-A9B-NVFP4,p2
1,1,,expand,True,nvidia/NVIDIA-Nemotron-Labs-3-Puzzle-75B-A9B-NVFP4,p2
1,0,,expand,False,nvidia/NVIDIA-Nemotron-Labs-3-Puzzle-75B-A9B-NVFP4,p2
1,1,,expand,True,nvidia/NVIDIA-Nemotron-Labs-3-Puzzle-75B-A9B-NVFP4,p2
0,1,,expand,False,nvidia/NVIDIA-Nemotron-Labs-3-Puzzle-75B-A9B-NVFP4,p2
0,0,,expand,True,nvidia/NVIDIA-Nemotron-Labs-3-Puzzle-75B-A9B-NVFP4,p2
0,0,,expand,True,nvidia/NVIDIA-Nemotron-Labs-3-Puzzle-75B-A9B-NVFP4,p2
0,1,,expand,False,nvidia/NVIDIA-Nemotron-Labs-3-Puzzle-75B-A9B-NVFP4,p2
1,1,,wiry,True,nvidia/NVIDIA-Nemotron-Labs-3-Puzzle-75B-A9B-NVFP4,p2
1,1,,wiry,True,nvidia/NVIDIA-Nemotron-Labs-3-Puzzle-75B-A9B-NVFP4,p2
1,1,,wiry,True,nvidia/NVIDIA-Nemotron-Labs-3-Puzzle-75B-A9B-NVFP4,p2
0,1,,wiry,False,nvidia/NVIDIA-Nemotron-Labs-3-Puzzle-75B-A9B-NVFP4,p2
0,0,,wiry,True,nvidia/NVIDIA-Nemotron-Labs-3-Puzzle-75B-A9B-NVFP4,p2
0,0,,discrimination,True,nvidia/NVIDIA-Nemotron-Labs-3-Puzzle-75B-A9B-NVFP4,p2
1,1,,exhibit,True,nvidia/NVIDIA-Nemotron-Labs-3-Puzzle-75B-A9B-NVFP4,p2
1,1,,exhibit,True,nvidia/NVIDIA-Nemotron-Labs-3-Puzzle-75B-A9B-NVFP4,p2
0,1,,exhibit,False,nvidia/NVIDIA-Nemotron-Labs-3-Puzzle-75B-A9B-NVFP4,p2
0,1,,exhibit,False,nvidia/NVIDIA-Nemotron-Labs-3-Puzzle-75B-A9B-NVFP4,p2
1,1,,reception,True,nvidia/NVIDIA-Nemotron-Labs-3-Puzzle-75B-A9B-NVFP4,p2
0,1,,reception,False,nvidia/NVIDIA-Nemotron-Labs-3-Puzzle-75B-A9B-NVFP4,p2
0,0,,reception,True,nvidia/NVIDIA-Nemotron-Labs-3-Puzzle-75B-A9B-NVFP4,p2
0,0,,reception,True,nvidia/NVIDIA-Nemotron-Labs-3-Puzzle-75B-A9B-NVFP4,p2
0,0,,reception,True,nvidia/NVIDIA-Nemotron-Labs-3-Puzzle-75B-A9B-NVFP4,p2
1,1,,attraction,True,nvidia/NVIDIA-Nemotron-Labs-3-Puzzle-75B-A9B-NVFP4,p2
1,1,,attraction,True,nvidia/NVIDIA-Nemotron-Labs-3-Puzzle-75B-A9B-NVFP4,p2
1,1,,attraction,True,nvidia/NVIDIA-Nemotron-Labs-3-Puzzle-75B-A9B-NVFP4,p2
0,1,,attraction,False,nvidia/NVIDIA-Nemotron-Labs-3-Puzzle-75B-A9B-NVFP4,p2
0,0,,attraction,True,nvidia/NVIDIA-Nemotron-Labs-3-Puzzle-75B-A9B-NVFP4,p2
1,1,,neutral,True,nvidia/NVIDIA-Nemotron-Labs-3-Puzzle-75B-A9B-NVFP4,p2
1,1,,neutral,True,nvidia/NVIDIA-Nemotron-Labs-3-Puzzle-75B-A9B-NVFP4,p2
1,1,,neutral,True,nvidia/NVIDIA-Nemotron-Labs-3-Puzzle-75B-A9B-NVFP4,p2
0,0,,neutral,True,nvidia/NVIDIA-Nemotron-Labs-3-Puzzle-75B-A9B-NVFP4,p2
0,0,,neutral,True,nvidia/NVIDIA-Nemotron-Labs-3-Puzzle-75B-A9B-NVFP4,p2
0,1,,neutral,False,nvidia/NVIDIA-Nemotron-Labs-3-Puzzle-75B-A9B-NVFP4,p2
0,0,,neutral,True,nvidia/NVIDIA-Nemotron-Labs-3-Puzzle-75B-A9B-NVFP4,p2
0,0,,neutral,True,nvidia/NVIDIA-Nemotron-Labs-3-Puzzle-75B-A9B-NVFP4,p2
1,1,,adjustment,True,nvidia/NVIDIA-Nemotron-Labs-3-Puzzle-75B-A9B-NVFP4,p2
1,1,,adjustment,True,nvidia/NVIDIA-Nemotron-Labs-3-Puzzle-75B-A9B-NVFP4,p2
0,0,,adjustment,True,nvidia/NVIDIA-Nemotron-Labs-3-Puzzle-75B-A9B-NVFP4,p2
0,1,,adjustment,False,nvidia/NVIDIA-Nemotron-Labs-3-Puzzle-75B-A9B-NVFP4,p2
1,1,,amendment,True,nvidia/NVIDIA-Nemotron-Labs-3-Puzzle-75B-A9B-NVFP4,p2
0,0,,amendment,True,nvidia/NVIDIA-Nemotron-Labs-3-Puzzle-75B-A9B-NVFP4,p2
1,1,,continuously,True,nvidia/NVIDIA-Nemotron-Labs-3-Puzzle-75B-A9B-NVFP4,p2
1,1,,utility,True,nvidia/NVIDIA-Nemotron-Labs-3-Puzzle-75B-A9B-NVFP4,p2
0,0,,utility,True,nvidia/NVIDIA-Nemotron-Labs-3-Puzzle-75B-A9B-NVFP4,p2
0,0,,utility,True,nvidia/NVIDIA-Nemotron-Labs-3-Puzzle-75B-A9B-NVFP4,p2
0,0,,utility,True,nvidia/NVIDIA-Nemotron-Labs-3-Puzzle-75B-A9B-NVFP4,p2
0,0,,utility,True,nvidia/NVIDIA-Nemotron-Labs-3-Puzzle-75B-A9B-NVFP4,p2
0,0,,utility,True,nvidia/NVIDIA-Nemotron-Labs-3-Puzzle-75B-A9B-NVFP4,p2
1,1,,agitate,True,nvidia/NVIDIA-Nemotron-Labs-3-Puzzle-75B-A9B-NVFP4,p2
1,1,,agitate,True,nvidia/NVIDIA-Nemotron-Labs-3-Puzzle-75B-A9B-NVFP4,p2
1,1,,agitate,True,nvidia/NVIDIA-Nemotron-Labs-3-Puzzle-75B-A9B-NVFP4,p2
1,0,,agitate,False,nvidia/NVIDIA-Nemotron-Labs-3-Puzzle-75B-A9B-NVFP4,p2
0,0,,agitate,True,nvidia/NVIDIA-Nemotron-Labs-3-Puzzle-75B-A9B-NVFP4,p2
0,1,,agitate,False,nvidia/NVIDIA-Nemotron-Labs-3-Puzzle-75B-A9B-NVFP4,p2
0,0,,agitate,True,nvidia/NVIDIA-Nemotron-Labs-3-Puzzle-75B-A9B-NVFP4,p2
0,1,,agitate,False,nvidia/NVIDIA-Nemotron-Labs-3-Puzzle-75B-A9B-NVFP4,p2
1,1,,objection,True,nvidia/NVIDIA-Nemotron-Labs-3-Puzzle-75B-A9B-NVFP4,p2
1,1,,objection,True,nvidia/NVIDIA-Nemotron-Labs-3-Puzzle-75B-A9B-NVFP4,p2
0,0,,objection,True,nvidia/NVIDIA-Nemotron-Labs-3-Puzzle-75B-A9B-NVFP4,p2
0,1,,objection,False,nvidia/NVIDIA-Nemotron-Labs-3-Puzzle-75B-A9B-NVFP4,p2
1,1,,evolve,True,nvidia/NVIDIA-Nemotron-Labs-3-Puzzle-75B-A9B-NVFP4,p2
1,1,,evolve,True,nvidia/NVIDIA-Nemotron-Labs-3-Puzzle-75B-A9B-NVFP4,p2
0,1,,evolve,False,nvidia/NVIDIA-Nemotron-Labs-3-Puzzle-75B-A9B-NVFP4,p2
1,1,,rural,True,nvidia/NVIDIA-Nemotron-Labs-3-Puzzle-75B-A9B-NVFP4,p2
1,1,,rural,True,nvidia/NVIDIA-Nemotron-Labs-3-Puzzle-75B-A9B-NVFP4,p2
0,1,,rural,False,nvidia/NVIDIA-Nemotron-Labs-3-Puzzle-75B-A9B-NVFP4,p2
0,1,,rural,False,nvidia/NVIDIA-Nemotron-Labs-3-Puzzle-75B-A9B-NVFP4,p2
1,1,,at_once,True,nvidia/NVIDIA-Nemotron-Labs-3-Puzzle-75B-A9B-NVFP4,p2
1,1,,at_once,True,nvidia/NVIDIA-Nemotron-Labs-3-Puzzle-75B-A9B-NVFP4,p2
0,1,,at_once,False,nvidia/NVIDIA-Nemotron-Labs-3-Puzzle-75B-A9B-NVFP4,p2
1,1,,dominate,True,nvidia/NVIDIA-Nemotron-Labs-3-Puzzle-75B-A9B-NVFP4,p2
0,1,,dominate,False,nvidia/NVIDIA-Nemotron-Labs-3-Puzzle-75B-A9B-NVFP4,p2
0,1,,dominate,False,nvidia/NVIDIA-Nemotron-Labs-3-Puzzle-75B-A9B-NVFP4,p2
0,1,,dominate,False,nvidia/NVIDIA-Nemotron-Labs-3-Puzzle-75B-A9B-NVFP4,p2
0,1,,dominate,False,nvidia/NVIDIA-Nemotron-Labs-3-Puzzle-75B-A9B-NVFP4,p2
1,1,,deviate,True,nvidia/NVIDIA-Nemotron-Labs-3-Puzzle-75B-A9B-NVFP4,p2
0,1,,deviate,False,nvidia/NVIDIA-Nemotron-Labs-3-Puzzle-75B-A9B-NVFP4,p2
0,1,,deviate,False,nvidia/NVIDIA-Nemotron-Labs-3-Puzzle-75B-A9B-NVFP4,p2
0,0,,deviate,True,nvidia/NVIDIA-Nemotron-Labs-3-Puzzle-75B-A9B-NVFP4,p2
1,1,,pitch,True,nvidia/NVIDIA-Nemotron-Labs-3-Puzzle-75B-A9B-NVFP4,p2
1,1,,pitch,True,nvidia/NVIDIA-Nemotron-Labs-3-Puzzle-75B-A9B-NVFP4,p2
1,1,,pitch,True,nvidia/NVIDIA-Nemotron-Labs-3-Puzzle-75B-A9B-NVFP4,p2
1,1,,pitch,True,nvidia/NVIDIA-Nemotron-Labs-3-Puzzle-75B-A9B-NVFP4,p2
1,1,,pitch,True,nvidia/NVIDIA-Nemotron-Labs-3-Puzzle-75B-A9B-NVFP4,p2
1,1,,pitch,True,nvidia/NVIDIA-Nemotron-Labs-3-Puzzle-75B-A9B-NVFP4,p2
1,1,,pitch,True,nvidia/NVIDIA-Nemotron-Labs-3-Puzzle-75B-A9B-NVFP4,p2
0,0,,pitch,True,nvidia/NVIDIA-Nemotron-Labs-3-Puzzle-75B-A9B-NVFP4,p2
0,0,,pitch,True,nvidia/NVIDIA-Nemotron-Labs-3-Puzzle-75B-A9B-NVFP4,p2
0,0,,pitch,True,nvidia/NVIDIA-Nemotron-Labs-3-Puzzle-75B-A9B-NVFP4,p2
0,0,,pitch,True,nvidia/NVIDIA-Nemotron-Labs-3-Puzzle-75B-A9B-NVFP4,p2
0,0,,pitch,True,nvidia/NVIDIA-Nemotron-Labs-3-Puzzle-75B-A9B-NVFP4,p2
0,0,,pitch,True,nvidia/NVIDIA-Nemotron-Labs-3-Puzzle-75B-A9B-NVFP4,p2
0,0,,pitch,True,nvidia/NVIDIA-Nemotron-Labs-3-Puzzle-75B-A9B-NVFP4,p2
1,1,,extremity,True,nvidia/NVIDIA-Nemotron-Labs-3-Puzzle-75B-A9B-NVFP4,p2
1,1,,extremity,True,nvidia/NVIDIA-Nemotron-Labs-3-Puzzle-75B-A9B-NVFP4,p2
1,1,,extremity,True,nvidia/NVIDIA-Nemotron-Labs-3-Puzzle-75B-A9B-NVFP4,p2
1,1,,extremity,True,nvidia/NVIDIA-Nemotron-Labs-3-Puzzle-75B-A9B-NVFP4,p2
1,1,,extremity,True,nvidia/NVIDIA-Nemotron-Labs-3-Puzzle-75B-A9B-NVFP4,p2
0,0,,extremity,True,nvidia/NVIDIA-Nemotron-Labs-3-Puzzle-75B-A9B-NVFP4,p2
0,0,,extremity,True,nvidia/NVIDIA-Nemotron-Labs-3-Puzzle-75B-A9B-NVFP4,p2
0,0,,extremity,True,nvidia/NVIDIA-Nemotron-Labs-3-Puzzle-75B-A9B-NVFP4,p2
0,0,,extremity,True,nvidia/NVIDIA-Nemotron-Labs-3-Puzzle-75B-A9B-NVFP4,p2
1,1,,turn_away,True,nvidia/NVIDIA-Nemotron-Labs-3-Puzzle-75B-A9B-NVFP4,p2
0,0,,turn_away,True,nvidia/NVIDIA-Nemotron-Labs-3-Puzzle-75B-A9B-NVFP4,p2
1,1,,compressed,True,nvidia/NVIDIA-Nemotron-Labs-3-Puzzle-75B-A9B-NVFP4,p2
1,1,,compressed,True,nvidia/NVIDIA-Nemotron-Labs-3-Puzzle-75B-A9B-NVFP4,p2
1,1,,compressed,True,nvidia/NVIDIA-Nemotron-Labs-3-Puzzle-75B-A9B-NVFP4,p2
0,0,,compressed,True,nvidia/NVIDIA-Nemotron-Labs-3-Puzzle-75B-A9B-NVFP4,p2
0,0,,compressed,True,nvidia/NVIDIA-Nemotron-Labs-3-Puzzle-75B-A9B-NVFP4,p2
1,1,,certify,True,nvidia/NVIDIA-Nemotron-Labs-3-Puzzle-75B-A9B-NVFP4,p2
1,1,,certify,True,nvidia/NVIDIA-Nemotron-Labs-3-Puzzle-75B-A9B-NVFP4,p2
0,0,,certify,True,nvidia/NVIDIA-Nemotron-Labs-3-Puzzle-75B-A9B-NVFP4,p2
0,0,,certify,True,nvidia/NVIDIA-Nemotron-Labs-3-Puzzle-75B-A9B-NVFP4,p2
0,0,,certify,True,nvidia/NVIDIA-Nemotron-Labs-3-Puzzle-75B-A9B-NVFP4,p2
0,0,,certify,True,nvidia/NVIDIA-Nemotron-Labs-3-Puzzle-75B-A9B-NVFP4,p2
1,1,,ruin,True,nvidia/NVIDIA-Nemotron-Labs-3-Puzzle-75B-A9B-NVFP4,p2
1,1,,ruin,True,nvidia/NVIDIA-Nemotron-Labs-3-Puzzle-75B-A9B-NVFP4,p2
1,1,,ruin,True,nvidia/NVIDIA-Nemotron-Labs-3-Puzzle-75B-A9B-NVFP4,p2
1,1,,ruin,True,nvidia/NVIDIA-Nemotron-Labs-3-Puzzle-75B-A9B-NVFP4,p2
0,1,,ruin,False,nvidia/NVIDIA-Nemotron-Labs-3-Puzzle-75B-A9B-NVFP4,p2
0,1,,ruin,False,nvidia/NVIDIA-Nemotron-Labs-3-Puzzle-75B-A9B-NVFP4,p2
0,0,,ruin,True,nvidia/NVIDIA-Nemotron-Labs-3-Puzzle-75B-A9B-NVFP4,p2
0,0,,ruin,True,nvidia/NVIDIA-Nemotron-Labs-3-Puzzle-75B-A9B-NVFP4,p2
0,1,,welcome,False,nvidia/NVIDIA-Nemotron-Labs-3-Puzzle-75B-A9B-NVFP4,p2
1,1,,call,True,nvidia/NVIDIA-Nemotron-Labs-3-Puzzle-75B-A9B-NVFP4,p2
1,1,,call,True,nvidia/NVIDIA-Nemotron-Labs-3-Puzzle-75B-A9B-NVFP4,p2
1,1,,call,True,nvidia/NVIDIA-Nemotron-Labs-3-Puzzle-75B-A9B-NVFP4,p2
1,1,,call,True,nvidia/NVIDIA-Nemotron-Labs-3-Puzzle-75B-A9B-NVFP4,p2
1,1,,call,True,nvidia/NVIDIA-Nemotron-Labs-3-Puzzle-75B-A9B-NVFP4,p2
1,0,,call,False,nvidia/NVIDIA-Nemotron-Labs-3-Puzzle-75B-A9B-NVFP4,p2
1,1,,call,True,nvidia/NVIDIA-Nemotron-Labs-3-Puzzle-75B-A9B-NVFP4,p2
0,0,,call,True,nvidia/NVIDIA-Nemotron-Labs-3-Puzzle-75B-A9B-NVFP4,p2
0,0,,call,True,nvidia/NVIDIA-Nemotron-Labs-3-Puzzle-75B-A9B-NVFP4,p2
0,0,,call,True,nvidia/NVIDIA-Nemotron-Labs-3-Puzzle-75B-A9B-NVFP4,p2
0,0,,call,True,nvidia/NVIDIA-Nemotron-Labs-3-Puzzle-75B-A9B-NVFP4,p2
0,0,,call,True,nvidia/NVIDIA-Nemotron-Labs-3-Puzzle-75B-A9B-NVFP4,p2
0,0,,call,True,nvidia/NVIDIA-Nemotron-Labs-3-Puzzle-75B-A9B-NVFP4,p2
0,0,,call,True,nvidia/NVIDIA-Nemotron-Labs-3-Puzzle-75B-A9B-NVFP4,p2
0,0,,call,True,nvidia/NVIDIA-Nemotron-Labs-3-Puzzle-75B-A9B-NVFP4,p2
0,0,,dividend,True,nvidia/NVIDIA-Nemotron-Labs-3-Puzzle-75B-A9B-NVFP4,p2
1,1,,tragic,True,nvidia/NVIDIA-Nemotron-Labs-3-Puzzle-75B-A9B-NVFP4,p2
0,1,,tragic,False,nvidia/NVIDIA-Nemotron-Labs-3-Puzzle-75B-A9B-NVFP4,p2
0,1,,tragic,False,nvidia/NVIDIA-Nemotron-Labs-3-Puzzle-75B-A9B-NVFP4,p2
1,1,,pursuit,True,nvidia/NVIDIA-Nemotron-Labs-3-Puzzle-75B-A9B-NVFP4,p2
1,1,,pursuit,True,nvidia/NVIDIA-Nemotron-Labs-3-Puzzle-75B-A9B-NVFP4,p2
1,1,,pursuit,True,nvidia/NVIDIA-Nemotron-Labs-3-Puzzle-75B-A9B-NVFP4,p2
0,1,,pursuit,False,nvidia/NVIDIA-Nemotron-Labs-3-Puzzle-75B-A9B-NVFP4,p2
0,0,,pursuit,True,nvidia/NVIDIA-Nemotron-Labs-3-Puzzle-75B-A9B-NVFP4,p2
0,0,,pursuit,True,nvidia/NVIDIA-Nemotron-Labs-3-Puzzle-75B-A9B-NVFP4,p2
1,1,,donor,True,nvidia/NVIDIA-Nemotron-Labs-3-Puzzle-75B-A9B-NVFP4,p2
0,1,,donor,False,nvidia/NVIDIA-Nemotron-Labs-3-Puzzle-75B-A9B-NVFP4,p2
0,0,,donor,True,nvidia/NVIDIA-Nemotron-Labs-3-Puzzle-75B-A9B-NVFP4,p2
1,1,,bulk,True,nvidia/NVIDIA-Nemotron-Labs-3-Puzzle-75B-A9B-NVFP4,p2
0,1,,bulk,False,nvidia/NVIDIA-Nemotron-Labs-3-Puzzle-75B-A9B-NVFP4,p2
1,1,,hesitate,True,nvidia/NVIDIA-Nemotron-Labs-3-Puzzle-75B-A9B-NVFP4,p2
1,1,,hesitate,True,nvidia/NVIDIA-Nemotron-Labs-3-Puzzle-75B-A9B-NVFP4,p2
0,1,,hesitate,False,nvidia/NVIDIA-Nemotron-Labs-3-Puzzle-75B-A9B-NVFP4,p2
0,1,,hesitate,False,nvidia/NVIDIA-Nemotron-Labs-3-Puzzle-75B-A9B-NVFP4,p2
1,1,,surrender,True,nvidia/NVIDIA-Nemotron-Labs-3-Puzzle-75B-A9B-NVFP4,p2
0,1,,surrender,False,nvidia/NVIDIA-Nemotron-Labs-3-Puzzle-75B-A9B-NVFP4,p2
0,1,,surrender,False,nvidia/NVIDIA-Nemotron-Labs-3-Puzzle-75B-A9B-NVFP4,p2
1,1,,coincide,True,nvidia/NVIDIA-Nemotron-Labs-3-Puzzle-75B-A9B-NVFP4,p2
1,1,,coincide,True,nvidia/NVIDIA-Nemotron-Labs-3-Puzzle-75B-A9B-NVFP4,p2
1,1,,coincide,True,nvidia/NVIDIA-Nemotron-Labs-3-Puzzle-75B-A9B-NVFP4,p2
0,0,,coincide,True,nvidia/NVIDIA-Nemotron-Labs-3-Puzzle-75B-A9B-NVFP4,p2
0,1,,coincide,False,nvidia/NVIDIA-Nemotron-Labs-3-Puzzle-75B-A9B-NVFP4,p2
1,1,,annoyance,True,nvidia/NVIDIA-Nemotron-Labs-3-Puzzle-75B-A9B-NVFP4,p2
0,1,,annoyance,False,nvidia/NVIDIA-Nemotron-Labs-3-Puzzle-75B-A9B-NVFP4,p2
0,1,,annoyance,False,nvidia/NVIDIA-Nemotron-Labs-3-Puzzle-75B-A9B-NVFP4,p2
0,1,,annoyance,False,nvidia/NVIDIA-Nemotron-Labs-3-Puzzle-75B-A9B-NVFP4,p2
1,1,,fulfill,True,nvidia/NVIDIA-Nemotron-Labs-3-Puzzle-75B-A9B-NVFP4,p2
1,1,,fulfill,True,nvidia/NVIDIA-Nemotron-Labs-3-Puzzle-75B-A9B-NVFP4,p2
0,1,,fulfill,False,nvidia/NVIDIA-Nemotron-Labs-3-Puzzle-75B-A9B-NVFP4,p2
0,1,,fulfill,False,nvidia/NVIDIA-Nemotron-Labs-3-Puzzle-75B-A9B-NVFP4,p2
1,1,,pouch,True,nvidia/NVIDIA-Nemotron-Labs-3-Puzzle-75B-A9B-NVFP4,p2
0,0,,pouch,True,nvidia/NVIDIA-Nemotron-Labs-3-Puzzle-75B-A9B-NVFP4,p2
0,0,,pouch,True,nvidia/NVIDIA-Nemotron-Labs-3-Puzzle-75B-A9B-NVFP4,p2
1,1,,broadcast,True,nvidia/NVIDIA-Nemotron-Labs-3-Puzzle-75B-A9B-NVFP4,p2
0,1,,broadcast,False,nvidia/NVIDIA-Nemotron-Labs-3-Puzzle-75B-A9B-NVFP4,p2
1,1,,incur,True,nvidia/NVIDIA-Nemotron-Labs-3-Puzzle-75B-A9B-NVFP4,p2
1,1,,alpine,True,nvidia/NVIDIA-Nemotron-Labs-3-Puzzle-75B-A9B-NVFP4,p2
0,1,,alpine,False,nvidia/NVIDIA-Nemotron-Labs-3-Puzzle-75B-A9B-NVFP4,p2
0,1,,alpine,False,nvidia/NVIDIA-Nemotron-Labs-3-Puzzle-75B-A9B-NVFP4,p2
0,1,,remedy,False,nvidia/NVIDIA-Nemotron-Labs-3-Puzzle-75B-A9B-NVFP4,p2
1,1,,overcome,True,nvidia/NVIDIA-Nemotron-Labs-3-Puzzle-75B-A9B-NVFP4,p2
0,0,,overcome,True,nvidia/NVIDIA-Nemotron-Labs-3-Puzzle-75B-A9B-NVFP4,p2
1,1,,sanction,True,nvidia/NVIDIA-Nemotron-Labs-3-Puzzle-75B-A9B-NVFP4,p2
1,1,,sanction,True,nvidia/NVIDIA-Nemotron-Labs-3-Puzzle-75B-A9B-NVFP4,p2
1,1,,sanction,True,nvidia/NVIDIA-Nemotron-Labs-3-Puzzle-75B-A9B-NVFP4,p2
1,1,,sanction,True,nvidia/NVIDIA-Nemotron-Labs-3-Puzzle-75B-A9B-NVFP4,p2
0,0,,sanction,True,nvidia/NVIDIA-Nemotron-Labs-3-Puzzle-75B-A9B-NVFP4,p2
0,0,,sanction,True,nvidia/NVIDIA-Nemotron-Labs-3-Puzzle-75B-A9B-NVFP4,p2
0,1,,sanction,False,nvidia/NVIDIA-Nemotron-Labs-3-Puzzle-75B-A9B-NVFP4,p2
1,1,,abstraction,True,nvidia/NVIDIA-Nemotron-Labs-3-Puzzle-75B-A9B-NVFP4,p2
1,1,,abstraction,True,nvidia/NVIDIA-Nemotron-Labs-3-Puzzle-75B-A9B-NVFP4,p2
0,0,,abstraction,True,nvidia/NVIDIA-Nemotron-Labs-3-Puzzle-75B-A9B-NVFP4,p2
0,0,,abstraction,True,nvidia/NVIDIA-Nemotron-Labs-3-Puzzle-75B-A9B-NVFP4,p2
0,0,,abstraction,True,nvidia/NVIDIA-Nemotron-Labs-3-Puzzle-75B-A9B-NVFP4,p2
0,0,,abstraction,True,nvidia/NVIDIA-Nemotron-Labs-3-Puzzle-75B-A9B-NVFP4,p2
0,0,,abstraction,True,nvidia/NVIDIA-Nemotron-Labs-3-Puzzle-75B-A9B-NVFP4,p2
1,1,,conjunction,True,nvidia/NVIDIA-Nemotron-Labs-3-Puzzle-75B-A9B-NVFP4,p2
1,1,,conjunction,True,nvidia/NVIDIA-Nemotron-Labs-3-Puzzle-75B-A9B-NVFP4,p2
1,0,,conjunction,False,nvidia/NVIDIA-Nemotron-Labs-3-Puzzle-75B-A9B-NVFP4,p2
0,0,,conjunction,True,nvidia/NVIDIA-Nemotron-Labs-3-Puzzle-75B-A9B-NVFP4,p2
0,0,,conjunction,True,nvidia/NVIDIA-Nemotron-Labs-3-Puzzle-75B-A9B-NVFP4,p2
0,1,,conjunction,False,nvidia/NVIDIA-Nemotron-Labs-3-Puzzle-75B-A9B-NVFP4,p2
1,1,,session,True,nvidia/NVIDIA-Nemotron-Labs-3-Puzzle-75B-A9B-NVFP4,p2
1,1,,session,True,nvidia/NVIDIA-Nemotron-Labs-3-Puzzle-75B-A9B-NVFP4,p2
1,1,,session,True,nvidia/NVIDIA-Nemotron-Labs-3-Puzzle-75B-A9B-NVFP4,p2
0,1,,session,False,nvidia/NVIDIA-Nemotron-Labs-3-Puzzle-75B-A9B-NVFP4,p2
0,1,,session,False,nvidia/NVIDIA-Nemotron-Labs-3-Puzzle-75B-A9B-NVFP4,p2
1,1,,bearing,True,nvidia/NVIDIA-Nemotron-Labs-3-Puzzle-75B-A9B-NVFP4,p2
1,1,,bearing,True,nvidia/NVIDIA-Nemotron-Labs-3-Puzzle-75B-A9B-NVFP4,p2
1,1,,bearing,True,nvidia/NVIDIA-Nemotron-Labs-3-Puzzle-75B-A9B-NVFP4,p2
1,1,,bearing,True,nvidia/NVIDIA-Nemotron-Labs-3-Puzzle-75B-A9B-NVFP4,p2
0,0,,bearing,True,nvidia/NVIDIA-Nemotron-Labs-3-Puzzle-75B-A9B-NVFP4,p2
0,0,,bearing,True,nvidia/NVIDIA-Nemotron-Labs-3-Puzzle-75B-A9B-NVFP4,p2
0,0,,bearing,True,nvidia/NVIDIA-Nemotron-Labs-3-Puzzle-75B-A9B-NVFP4,p2
0,0,,bearing,True,nvidia/NVIDIA-Nemotron-Labs-3-Puzzle-75B-A9B-NVFP4,p2
0,0,,bearing,True,nvidia/NVIDIA-Nemotron-Labs-3-Puzzle-75B-A9B-NVFP4,p2
1,1,,plunge,True,nvidia/NVIDIA-Nemotron-Labs-3-Puzzle-75B-A9B-NVFP4,p2
1,1,,plunge,True,nvidia/NVIDIA-Nemotron-Labs-3-Puzzle-75B-A9B-NVFP4,p2
1,1,,plunge,True,nvidia/NVIDIA-Nemotron-Labs-3-Puzzle-75B-A9B-NVFP4,p2
1,1,,plunge,True,nvidia/NVIDIA-Nemotron-Labs-3-Puzzle-75B-A9B-NVFP4,p2
1,1,,plunge,True,nvidia/NVIDIA-Nemotron-Labs-3-Puzzle-75B-A9B-NVFP4,p2
0,1,,plunge,False,nvidia/NVIDIA-Nemotron-Labs-3-Puzzle-75B-A9B-NVFP4,p2
0,0,,plunge,True,nvidia/NVIDIA-Nemotron-Labs-3-Puzzle-75B-A9B-NVFP4,p2
0,0,,plunge,True,nvidia/NVIDIA-Nemotron-Labs-3-Puzzle-75B-A9B-NVFP4,p2
0,0,,plunge,True,nvidia/NVIDIA-Nemotron-Labs-3-Puzzle-75B-A9B-NVFP4,p2
0,0,,plunge,True,nvidia/NVIDIA-Nemotron-Labs-3-Puzzle-75B-A9B-NVFP4,p2
0,0,,plunge,True,nvidia/NVIDIA-Nemotron-Labs-3-Puzzle-75B-A9B-NVFP4,p2
1,1,,bound,True,nvidia/NVIDIA-Nemotron-Labs-3-Puzzle-75B-A9B-NVFP4,p2
1,1,,bound,True,nvidia/NVIDIA-Nemotron-Labs-3-Puzzle-75B-A9B-NVFP4,p2
1,1,,bound,True,nvidia/NVIDIA-Nemotron-Labs-3-Puzzle-75B-A9B-NVFP4,p2
1,1,,bound,True,nvidia/NVIDIA-Nemotron-Labs-3-Puzzle-75B-A9B-NVFP4,p2
1,1,,bound,True,nvidia/NVIDIA-Nemotron-Labs-3-Puzzle-75B-A9B-NVFP4,p2
0,0,,bound,True,nvidia/NVIDIA-Nemotron-Labs-3-Puzzle-75B-A9B-NVFP4,p2
0,0,,bound,True,nvidia/NVIDIA-Nemotron-Labs-3-Puzzle-75B-A9B-NVFP4,p2
0,0,,bound,True,nvidia/NVIDIA-Nemotron-Labs-3-Puzzle-75B-A9B-NVFP4,p2
0,0,,bound,True,nvidia/NVIDIA-Nemotron-Labs-3-Puzzle-75B-A9B-NVFP4,p2
0,0,,bound,True,nvidia/NVIDIA-Nemotron-Labs-3-Puzzle-75B-A9B-NVFP4,p2
0,0,,bound,True,nvidia/NVIDIA-Nemotron-Labs-3-Puzzle-75B-A9B-NVFP4,p2
0,0,,bound,True,nvidia/NVIDIA-Nemotron-Labs-3-Puzzle-75B-A9B-NVFP4,p2
0,0,,bound,True,nvidia/NVIDIA-Nemotron-Labs-3-Puzzle-75B-A9B-NVFP4,p2
1,1,,separated,True,nvidia/NVIDIA-Nemotron-Labs-3-Puzzle-75B-A9B-NVFP4,p2
0,0,,separated,True,nvidia/NVIDIA-Nemotron-Labs-3-Puzzle-75B-A9B-NVFP4,p2
0,0,,separated,True,nvidia/NVIDIA-Nemotron-Labs-3-Puzzle-75B-A9B-NVFP4,p2
0,0,,separated,True,nvidia/NVIDIA-Nemotron-Labs-3-Puzzle-75B-A9B-NVFP4,p2
0,0,,separated,True,nvidia/NVIDIA-Nemotron-Labs-3-Puzzle-75B-A9B-NVFP4,p2
1,1,,opposite,True,nvidia/NVIDIA-Nemotron-Labs-3-Puzzle-75B-A9B-NVFP4,p2
0,0,,opposite,True,nvidia/NVIDIA-Nemotron-Labs-3-Puzzle-75B-A9B-NVFP4,p2
0,1,,opposite,False,nvidia/NVIDIA-Nemotron-Labs-3-Puzzle-75B-A9B-NVFP4,p2
1,1,,inherent,True,nvidia/NVIDIA-Nemotron-Labs-3-Puzzle-75B-A9B-NVFP4,p2
1,1,,blunt,True,nvidia/NVIDIA-Nemotron-Labs-3-Puzzle-75B-A9B-NVFP4,p2
1,1,,blunt,True,nvidia/NVIDIA-Nemotron-Labs-3-Puzzle-75B-A9B-NVFP4,p2
0,1,,blunt,False,nvidia/NVIDIA-Nemotron-Labs-3-Puzzle-75B-A9B-NVFP4,p2
0,0,,blunt,True,nvidia/NVIDIA-Nemotron-Labs-3-Puzzle-75B-A9B-NVFP4,p2
0,0,,blunt,True,nvidia/NVIDIA-Nemotron-Labs-3-Puzzle-75B-A9B-NVFP4,p2
1,1,,aside,True,nvidia/NVIDIA-Nemotron-Labs-3-Puzzle-75B-A9B-NVFP4,p2
1,1,,aside,True,nvidia/NVIDIA-Nemotron-Labs-3-Puzzle-75B-A9B-NVFP4,p2
1,1,,aside,True,nvidia/NVIDIA-Nemotron-Labs-3-Puzzle-75B-A9B-NVFP4,p2
0,1,,aside,False,nvidia/NVIDIA-Nemotron-Labs-3-Puzzle-75B-A9B-NVFP4,p2
0,0,,aside,True,nvidia/NVIDIA-Nemotron-Labs-3-Puzzle-75B-A9B-NVFP4,p2
0,0,,aside,True,nvidia/NVIDIA-Nemotron-Labs-3-Puzzle-75B-A9B-NVFP4,p2
0,0,,aside,True,nvidia/NVIDIA-Nemotron-Labs-3-Puzzle-75B-A9B-NVFP4,p2
0,0,,aside,True,nvidia/NVIDIA-Nemotron-Labs-3-Puzzle-75B-A9B-NVFP4,p2
1,1,,post,True,nvidia/NVIDIA-Nemotron-Labs-3-Puzzle-75B-A9B-NVFP4,p2
1,1,,post,True,nvidia/NVIDIA-Nemotron-Labs-3-Puzzle-75B-A9B-NVFP4,p2
1,1,,post,True,nvidia/NVIDIA-Nemotron-Labs-3-Puzzle-75B-A9B-NVFP4,p2
1,0,,post,False,nvidia/NVIDIA-Nemotron-Labs-3-Puzzle-75B-A9B-NVFP4,p2
1,1,,post,True,nvidia/NVIDIA-Nemotron-Labs-3-Puzzle-75B-A9B-NVFP4,p2
1,1,,post,True,nvidia/NVIDIA-Nemotron-Labs-3-Puzzle-75B-A9B-NVFP4,p2
1,1,,post,True,nvidia/NVIDIA-Nemotron-Labs-3-Puzzle-75B-A9B-NVFP4,p2
1,0,,post,False,nvidia/NVIDIA-Nemotron-Labs-3-Puzzle-75B-A9B-NVFP4,p2
0,1,,post,False,nvidia/NVIDIA-Nemotron-Labs-3-Puzzle-75B-A9B-NVFP4,p2
0,0,,post,True,nvidia/NVIDIA-Nemotron-Labs-3-Puzzle-75B-A9B-NVFP4,p2
0,0,,post,True,nvidia/NVIDIA-Nemotron-Labs-3-Puzzle-75B-A9B-NVFP4,p2
0,0,,post,True,nvidia/NVIDIA-Nemotron-Labs-3-Puzzle-75B-A9B-NVFP4,p2
0,0,,post,True,nvidia/NVIDIA-Nemotron-Labs-3-Puzzle-75B-A9B-NVFP4,p2
0,0,,post,True,nvidia/NVIDIA-Nemotron-Labs-3-Puzzle-75B-A9B-NVFP4,p2
0,0,,post,True,nvidia/NVIDIA-Nemotron-Labs-3-Puzzle-75B-A9B-NVFP4,p2
0,1,,post,False,nvidia/NVIDIA-Nemotron-Labs-3-Puzzle-75B-A9B-NVFP4,p2
0,0,,post,True,nvidia/NVIDIA-Nemotron-Labs-3-Puzzle-75B-A9B-NVFP4,p2
1,1,,yield,True,nvidia/NVIDIA-Nemotron-Labs-3-Puzzle-75B-A9B-NVFP4,p2
1,1,,yield,True,nvidia/NVIDIA-Nemotron-Labs-3-Puzzle-75B-A9B-NVFP4,p2
1,0,,yield,False,nvidia/NVIDIA-Nemotron-Labs-3-Puzzle-75B-A9B-NVFP4,p2
1,1,,yield,True,nvidia/NVIDIA-Nemotron-Labs-3-Puzzle-75B-A9B-NVFP4,p2
1,1,,yield,True,nvidia/NVIDIA-Nemotron-Labs-3-Puzzle-75B-A9B-NVFP4,p2
1,1,,yield,True,nvidia/NVIDIA-Nemotron-Labs-3-Puzzle-75B-A9B-NVFP4,p2
0,1,,yield,False,nvidia/NVIDIA-Nemotron-Labs-3-Puzzle-75B-A9B-NVFP4,p2
0,0,,yield,True,nvidia/NVIDIA-Nemotron-Labs-3-Puzzle-75B-A9B-NVFP4,p2
0,0,,yield,True,nvidia/NVIDIA-Nemotron-Labs-3-Puzzle-75B-A9B-NVFP4,p2
0,1,,yield,False,nvidia/NVIDIA-Nemotron-Labs-3-Puzzle-75B-A9B-NVFP4,p2
0,1,,yield,False,nvidia/NVIDIA-Nemotron-Labs-3-Puzzle-75B-A9B-NVFP4,p2
0,0,,yield,True,nvidia/NVIDIA-Nemotron-Labs-3-Puzzle-75B-A9B-NVFP4,p2
0,1,,yield,False,nvidia/NVIDIA-Nemotron-Labs-3-Puzzle-75B-A9B-NVFP4,p2
0,0,,yield,True,nvidia/NVIDIA-Nemotron-Labs-3-Puzzle-75B-A9B-NVFP4,p2
1,1,,illustration,True,nvidia/NVIDIA-Nemotron-Labs-3-Puzzle-75B-A9B-NVFP4,p2
1,1,,illustration,True,nvidia/NVIDIA-Nemotron-Labs-3-Puzzle-75B-A9B-NVFP4,p2
0,0,,illustration,True,nvidia/NVIDIA-Nemotron-Labs-3-Puzzle-75B-A9B-NVFP4,p2
0,0,,illustration,True,nvidia/NVIDIA-Nemotron-Labs-3-Puzzle-75B-A9B-NVFP4,p2
0,0,,illustration,True,nvidia/NVIDIA-Nemotron-Labs-3-Puzzle-75B-A9B-NVFP4,p2
1,1,,crude,True,nvidia/NVIDIA-Nemotron-Labs-3-Puzzle-75B-A9B-NVFP4,p2
1,1,,crude,True,nvidia/NVIDIA-Nemotron-Labs-3-Puzzle-75B-A9B-NVFP4,p2
1,0,,crude,False,nvidia/NVIDIA-Nemotron-Labs-3-Puzzle-75B-A9B-NVFP4,p2
1,1,,crude,True,nvidia/NVIDIA-Nemotron-Labs-3-Puzzle-75B-A9B-NVFP4,p2
0,0,,crude,True,nvidia/NVIDIA-Nemotron-Labs-3-Puzzle-75B-A9B-NVFP4,p2
0,0,,crude,True,nvidia/NVIDIA-Nemotron-Labs-3-Puzzle-75B-A9B-NVFP4,p2
0,0,,crude,True,nvidia/NVIDIA-Nemotron-Labs-3-Puzzle-75B-A9B-NVFP4,p2
0,0,,crude,True,nvidia/NVIDIA-Nemotron-Labs-3-Puzzle-75B-A9B-NVFP4,p2
1,1,,prophecy,True,nvidia/NVIDIA-Nemotron-Labs-3-Puzzle-75B-A9B-NVFP4,p2
1,1,,prophecy,True,nvidia/NVIDIA-Nemotron-Labs-3-Puzzle-75B-A9B-NVFP4,p2
0,1,,prophecy,False,nvidia/NVIDIA-Nemotron-Labs-3-Puzzle-75B-A9B-NVFP4,p2
1,1,,witness,True,nvidia/NVIDIA-Nemotron-Labs-3-Puzzle-75B-A9B-NVFP4,p2
1,1,,witness,True,nvidia/NVIDIA-Nemotron-Labs-3-Puzzle-75B-A9B-NVFP4,p2
0,1,,witness,False,nvidia/NVIDIA-Nemotron-Labs-3-Puzzle-75B-A9B-NVFP4,p2
0,0,,witness,True,nvidia/NVIDIA-Nemotron-Labs-3-Puzzle-75B-A9B-NVFP4,p2
0,1,,bring_together,False,nvidia/NVIDIA-Nemotron-Labs-3-Puzzle-75B-A9B-NVFP4,p2
1,1,,sacrifice,True,nvidia/NVIDIA-Nemotron-Labs-3-Puzzle-75B-A9B-NVFP4,p2
1,1,,sacrifice,True,nvidia/NVIDIA-Nemotron-Labs-3-Puzzle-75B-A9B-NVFP4,p2
0,0,,sacrifice,True,nvidia/NVIDIA-Nemotron-Labs-3-Puzzle-75B-A9B-NVFP4,p2
0,1,,sacrifice,False,nvidia/NVIDIA-Nemotron-Labs-3-Puzzle-75B-A9B-NVFP4,p2
0,0,,sacrifice,True,nvidia/NVIDIA-Nemotron-Labs-3-Puzzle-75B-A9B-NVFP4,p2
0,1,,sacrifice,False,nvidia/NVIDIA-Nemotron-Labs-3-Puzzle-75B-A9B-NVFP4,p2
0,1,,sacrifice,False,nvidia/NVIDIA-Nemotron-Labs-3-Puzzle-75B-A9B-NVFP4,p2
1,1,,mound,True,nvidia/NVIDIA-Nemotron-Labs-3-Puzzle-75B-A9B-NVFP4,p2
0,1,,mound,False,nvidia/NVIDIA-Nemotron-Labs-3-Puzzle-75B-A9B-NVFP4,p2
0,1,,mound,False,nvidia/NVIDIA-Nemotron-Labs-3-Puzzle-75B-A9B-NVFP4,p2
1,1,,silence,True,nvidia/NVIDIA-Nemotron-Labs-3-Puzzle-75B-A9B-NVFP4,p2
1,1,,silence,True,nvidia/NVIDIA-Nemotron-Labs-3-Puzzle-75B-A9B-NVFP4,p2
1,1,,penetration,True,nvidia/NVIDIA-Nemotron-Labs-3-Puzzle-75B-A9B-NVFP4,p2
1,1,,penetration,True,nvidia/NVIDIA-Nemotron-Labs-3-Puzzle-75B-A9B-NVFP4,p2
0,1,,penetration,False,nvidia/NVIDIA-Nemotron-Labs-3-Puzzle-75B-A9B-NVFP4,p2
0,0,,penetration,True,nvidia/NVIDIA-Nemotron-Labs-3-Puzzle-75B-A9B-NVFP4,p2
0,0,,penetration,True,nvidia/NVIDIA-Nemotron-Labs-3-Puzzle-75B-A9B-NVFP4,p2
1,1,,navigation,True,nvidia/NVIDIA-Nemotron-Labs-3-Puzzle-75B-A9B-NVFP4,p2
0,1,,navigation,False,nvidia/NVIDIA-Nemotron-Labs-3-Puzzle-75B-A9B-NVFP4,p2
0,1,,navigation,False,nvidia/NVIDIA-Nemotron-Labs-3-Puzzle-75B-A9B-NVFP4,p2
1,1,,shorten,True,nvidia/NVIDIA-Nemotron-Labs-3-Puzzle-75B-A9B-NVFP4,p2
1,1,,shorten,True,nvidia/NVIDIA-Nemotron-Labs-3-Puzzle-75B-A9B-NVFP4,p2
1,1,,shorten,True,nvidia/NVIDIA-Nemotron-Labs-3-Puzzle-75B-A9B-NVFP4,p2
1,1,,shorten,True,nvidia/NVIDIA-Nemotron-Labs-3-Puzzle-75B-A9B-NVFP4,p2
0,1,,shorten,False,nvidia/NVIDIA-Nemotron-Labs-3-Puzzle-75B-A9B-NVFP4,p2
0,1,,shorten,False,nvidia/NVIDIA-Nemotron-Labs-3-Puzzle-75B-A9B-NVFP4,p2
1,1,,brace,True,nvidia/NVIDIA-Nemotron-Labs-3-Puzzle-75B-A9B-NVFP4,p2
1,1,,brace,True,nvidia/NVIDIA-Nemotron-Labs-3-Puzzle-75B-A9B-NVFP4,p2
1,1,,brace,True,nvidia/NVIDIA-Nemotron-Labs-3-Puzzle-75B-A9B-NVFP4,p2
1,1,,brace,True,nvidia/NVIDIA-Nemotron-Labs-3-Puzzle-75B-A9B-NVFP4,p2
1,1,,brace,True,nvidia/NVIDIA-Nemotron-Labs-3-Puzzle-75B-A9B-NVFP4,p2
1,1,,brace,True,nvidia/NVIDIA-Nemotron-Labs-3-Puzzle-75B-A9B-NVFP4,p2
1,1,,brace,True,nvidia/NVIDIA-Nemotron-Labs-3-Puzzle-75B-A9B-NVFP4,p2
1,1,,brace,True,nvidia/NVIDIA-Nemotron-Labs-3-Puzzle-75B-A9B-NVFP4,p2
0,0,,brace,True,nvidia/NVIDIA-Nemotron-Labs-3-Puzzle-75B-A9B-NVFP4,p2
0,0,,brace,True,nvidia/NVIDIA-Nemotron-Labs-3-Puzzle-75B-A9B-NVFP4,p2
0,1,,brace,False,nvidia/NVIDIA-Nemotron-Labs-3-Puzzle-75B-A9B-NVFP4,p2
0,0,,brace,True,nvidia/NVIDIA-Nemotron-Labs-3-Puzzle-75B-A9B-NVFP4,p2
0,0,,brace,True,nvidia/NVIDIA-Nemotron-Labs-3-Puzzle-75B-A9B-NVFP4,p2
0,0,,brace,True,nvidia/NVIDIA-Nemotron-Labs-3-Puzzle-75B-A9B-NVFP4,p2
0,0,,brace,True,nvidia/NVIDIA-Nemotron-Labs-3-Puzzle-75B-A9B-NVFP4,p2
0,0,,brace,True,nvidia/NVIDIA-Nemotron-Labs-3-Puzzle-75B-A9B-NVFP4,p2
0,0,,brace,True,nvidia/NVIDIA-Nemotron-Labs-3-Puzzle-75B-A9B-NVFP4,p2
0,0,,brace,True,nvidia/NVIDIA-Nemotron-Labs-3-Puzzle-75B-A9B-NVFP4,p2
1,1,,profound,True,nvidia/NVIDIA-Nemotron-Labs-3-Puzzle-75B-A9B-NVFP4,p2
1,1,,profound,True,nvidia/NVIDIA-Nemotron-Labs-3-Puzzle-75B-A9B-NVFP4,p2
0,0,,profound,True,nvidia/NVIDIA-Nemotron-Labs-3-Puzzle-75B-A9B-NVFP4,p2
0,0,,profound,True,nvidia/NVIDIA-Nemotron-Labs-3-Puzzle-75B-A9B-NVFP4,p2
0,1,,profound,False,nvidia/NVIDIA-Nemotron-Labs-3-Puzzle-75B-A9B-NVFP4,p2
0,0,,profound,True,nvidia/NVIDIA-Nemotron-Labs-3-Puzzle-75B-A9B-NVFP4,p2
1,1,,precipitate,True,nvidia/NVIDIA-Nemotron-Labs-3-Puzzle-75B-A9B-NVFP4,p2
1,1,,precipitate,True,nvidia/NVIDIA-Nemotron-Labs-3-Puzzle-75B-A9B-NVFP4,p2
1,1,,precipitate,True,nvidia/NVIDIA-Nemotron-Labs-3-Puzzle-75B-A9B-NVFP4,p2
0,1,,precipitate,False,nvidia/NVIDIA-Nemotron-Labs-3-Puzzle-75B-A9B-NVFP4,p2
0,0,,precipitate,True,nvidia/NVIDIA-Nemotron-Labs-3-Puzzle-75B-A9B-NVFP4,p2
0,1,,precipitate,False,nvidia/NVIDIA-Nemotron-Labs-3-Puzzle-75B-A9B-NVFP4,p2
0,0,,precipitate,True,nvidia/NVIDIA-Nemotron-Labs-3-Puzzle-75B-A9B-NVFP4,p2
0,1,,photography,False,nvidia/NVIDIA-Nemotron-Labs-3-Puzzle-75B-A9B-NVFP4,p2
1,1,,sum,True,nvidia/NVIDIA-Nemotron-Labs-3-Puzzle-75B-A9B-NVFP4,p2
1,1,,sum,True,nvidia/NVIDIA-Nemotron-Labs-3-Puzzle-75B-A9B-NVFP4,p2
1,1,,sum,True,nvidia/NVIDIA-Nemotron-Labs-3-Puzzle-75B-A9B-NVFP4,p2
0,0,,sum,True,nvidia/NVIDIA-Nemotron-Labs-3-Puzzle-75B-A9B-NVFP4,p2
0,1,,sum,False,nvidia/NVIDIA-Nemotron-Labs-3-Puzzle-75B-A9B-NVFP4,p2
1,1,,refined,True,nvidia/NVIDIA-Nemotron-Labs-3-Puzzle-75B-A9B-NVFP4,p2
1,1,,refined,True,nvidia/NVIDIA-Nemotron-Labs-3-Puzzle-75B-A9B-NVFP4,p2
1,1,,refined,True,nvidia/NVIDIA-Nemotron-Labs-3-Puzzle-75B-A9B-NVFP4,p2
1,1,,refined,True,nvidia/NVIDIA-Nemotron-Labs-3-Puzzle-75B-A9B-NVFP4,p2
0,0,,refined,True,nvidia/NVIDIA-Nemotron-Labs-3-Puzzle-75B-A9B-NVFP4,p2
0,0,,refined,True,nvidia/NVIDIA-Nemotron-Labs-3-Puzzle-75B-A9B-NVFP4,p2
0,0,,refined,True,nvidia/NVIDIA-Nemotron-Labs-3-Puzzle-75B-A9B-NVFP4,p2
0,0,,refined,True,nvidia/NVIDIA-Nemotron-Labs-3-Puzzle-75B-A9B-NVFP4,p2
1,1,,misfortune,True,nvidia/NVIDIA-Nemotron-Labs-3-Puzzle-75B-A9B-NVFP4,p2
1,1,,misfortune,True,nvidia/NVIDIA-Nemotron-Labs-3-Puzzle-75B-A9B-NVFP4,p2
0,1,,misfortune,False,nvidia/NVIDIA-Nemotron-Labs-3-Puzzle-75B-A9B-NVFP4,p2
1,1,,customary,True,nvidia/NVIDIA-Nemotron-Labs-3-Puzzle-75B-A9B-NVFP4,p2
0,1,,customary,False,nvidia/NVIDIA-Nemotron-Labs-3-Puzzle-75B-A9B-NVFP4,p2
0,1,,customary,False,nvidia/NVIDIA-Nemotron-Labs-3-Puzzle-75B-A9B-NVFP4,p2
1,1,,exhibition,True,nvidia/NVIDIA-Nemotron-Labs-3-Puzzle-75B-A9B-NVFP4,p2
0,1,,exhibition,False,nvidia/NVIDIA-Nemotron-Labs-3-Puzzle-75B-A9B-NVFP4,p2
0,1,,exhibition,False,nvidia/NVIDIA-Nemotron-Labs-3-Puzzle-75B-A9B-NVFP4,p2
1,1,,christmas,True,nvidia/NVIDIA-Nemotron-Labs-3-Puzzle-75B-A9B-NVFP4,p2
1,1,,christmas,True,nvidia/NVIDIA-Nemotron-Labs-3-Puzzle-75B-A9B-NVFP4,p2
0,1,,christmas,False,nvidia/NVIDIA-Nemotron-Labs-3-Puzzle-75B-A9B-NVFP4,p2
1,1,,polyp,True,nvidia/NVIDIA-Nemotron-Labs-3-Puzzle-75B-A9B-NVFP4,p2
1,1,,polyp,True,nvidia/NVIDIA-Nemotron-Labs-3-Puzzle-75B-A9B-NVFP4,p2
0,0,,polyp,True,nvidia/NVIDIA-Nemotron-Labs-3-Puzzle-75B-A9B-NVFP4,p2
0,0,,polyp,True,nvidia/NVIDIA-Nemotron-Labs-3-Puzzle-75B-A9B-NVFP4,p2
0,1,,aid,False,nvidia/NVIDIA-Nemotron-Labs-3-Puzzle-75B-A9B-NVFP4,p2
1,1,,tomorrow,True,nvidia/NVIDIA-Nemotron-Labs-3-Puzzle-75B-A9B-NVFP4,p2
1,1,,independently,True,nvidia/NVIDIA-Nemotron-Labs-3-Puzzle-75B-A9B-NVFP4,p2
1,1,,intelligent,True,nvidia/NVIDIA-Nemotron-Labs-3-Puzzle-75B-A9B-NVFP4,p2
1,1,,intelligent,True,nvidia/NVIDIA-Nemotron-Labs-3-Puzzle-75B-A9B-NVFP4,p2
1,1,,inquiry,True,nvidia/NVIDIA-Nemotron-Labs-3-Puzzle-75B-A9B-NVFP4,p2
0,1,,inquiry,False,nvidia/NVIDIA-Nemotron-Labs-3-Puzzle-75B-A9B-NVFP4,p2
0,1,,three-dimensional,False,nvidia/NVIDIA-Nemotron-Labs-3-Puzzle-75B-A9B-NVFP4,p2
0,1,,three-dimensional,False,nvidia/NVIDIA-Nemotron-Labs-3-Puzzle-75B-A9B-NVFP4,p2
1,1,,racial,True,nvidia/NVIDIA-Nemotron-Labs-3-Puzzle-75B-A9B-NVFP4,p2
0,1,,racial,False,nvidia/NVIDIA-Nemotron-Labs-3-Puzzle-75B-A9B-NVFP4,p2
0,1,,racial,False,nvidia/NVIDIA-Nemotron-Labs-3-Puzzle-75B-A9B-NVFP4,p2
1,1,,receptor,True,nvidia/NVIDIA-Nemotron-Labs-3-Puzzle-75B-A9B-NVFP4,p2
1,1,,receptor,True,nvidia/NVIDIA-Nemotron-Labs-3-Puzzle-75B-A9B-NVFP4,p2
0,1,,receptor,False,nvidia/NVIDIA-Nemotron-Labs-3-Puzzle-75B-A9B-NVFP4,p2
0,0,,receptor,True,nvidia/NVIDIA-Nemotron-Labs-3-Puzzle-75B-A9B-NVFP4,p2
1,1,,trap,True,nvidia/NVIDIA-Nemotron-Labs-3-Puzzle-75B-A9B-NVFP4,p2
1,1,,trap,True,nvidia/NVIDIA-Nemotron-Labs-3-Puzzle-75B-A9B-NVFP4,p2
1,1,,trap,True,nvidia/NVIDIA-Nemotron-Labs-3-Puzzle-75B-A9B-NVFP4,p2
0,1,,trap,False,nvidia/NVIDIA-Nemotron-Labs-3-Puzzle-75B-A9B-NVFP4,p2
0,1,,trap,False,nvidia/NVIDIA-Nemotron-Labs-3-Puzzle-75B-A9B-NVFP4,p2
0,1,,trap,False,nvidia/NVIDIA-Nemotron-Labs-3-Puzzle-75B-A9B-NVFP4,p2
1,1,,replacement,True,nvidia/NVIDIA-Nemotron-Labs-3-Puzzle-75B-A9B-NVFP4,p2
1,1,,replacement,True,nvidia/NVIDIA-Nemotron-Labs-3-Puzzle-75B-A9B-NVFP4,p2
1,1,,replacement,True,nvidia/NVIDIA-Nemotron-Labs-3-Puzzle-75B-A9B-NVFP4,p2
1,1,,replacement,True,nvidia/NVIDIA-Nemotron-Labs-3-Puzzle-75B-A9B-NVFP4,p2
1,1,,replacement,True,nvidia/NVIDIA-Nemotron-Labs-3-Puzzle-75B-A9B-NVFP4,p2
0,1,,replacement,False,nvidia/NVIDIA-Nemotron-Labs-3-Puzzle-75B-A9B-NVFP4,p2
0,1,,replacement,False,nvidia/NVIDIA-Nemotron-Labs-3-Puzzle-75B-A9B-NVFP4,p2
0,1,,replacement,False,nvidia/NVIDIA-Nemotron-Labs-3-Puzzle-75B-A9B-NVFP4,p2
1,1,,genre,True,nvidia/NVIDIA-Nemotron-Labs-3-Puzzle-75B-A9B-NVFP4,p2
0,1,,genre,False,nvidia/NVIDIA-Nemotron-Labs-3-Puzzle-75B-A9B-NVFP4,p2
0,1,,genre,False,nvidia/NVIDIA-Nemotron-Labs-3-Puzzle-75B-A9B-NVFP4,p2
1,1,,strive,True,nvidia/NVIDIA-Nemotron-Labs-3-Puzzle-75B-A9B-NVFP4,p2
0,1,,strive,False,nvidia/NVIDIA-Nemotron-Labs-3-Puzzle-75B-A9B-NVFP4,p2
0,1,,strive,False,nvidia/NVIDIA-Nemotron-Labs-3-Puzzle-75B-A9B-NVFP4,p2
1,0,,socialism,False,nvidia/NVIDIA-Nemotron-Labs-3-Puzzle-75B-A9B-NVFP4,p2
0,1,,socialism,False,nvidia/NVIDIA-Nemotron-Labs-3-Puzzle-75B-A9B-NVFP4,p2
1,1,,along,True,nvidia/NVIDIA-Nemotron-Labs-3-Puzzle-75B-A9B-NVFP4,p2
0,1,,along,False,nvidia/NVIDIA-Nemotron-Labs-3-Puzzle-75B-A9B-NVFP4,p2
0,0,,along,True,nvidia/NVIDIA-Nemotron-Labs-3-Puzzle-75B-A9B-NVFP4,p2
0,0,,along,True,nvidia/NVIDIA-Nemotron-Labs-3-Puzzle-75B-A9B-NVFP4,p2
1,1,,straighten,True,nvidia/NVIDIA-Nemotron-Labs-3-Puzzle-75B-A9B-NVFP4,p2
0,0,,straighten,True,nvidia/NVIDIA-Nemotron-Labs-3-Puzzle-75B-A9B-NVFP4,p2
0,1,,straighten,False,nvidia/NVIDIA-Nemotron-Labs-3-Puzzle-75B-A9B-NVFP4,p2
0,1,,suffering,False,nvidia/NVIDIA-Nemotron-Labs-3-Puzzle-75B-A9B-NVFP4,p2
0,1,,suffering,False,nvidia/NVIDIA-Nemotron-Labs-3-Puzzle-75B-A9B-NVFP4,p2
1,1,,somehow,True,nvidia/NVIDIA-Nemotron-Labs-3-Puzzle-75B-A9B-NVFP4,p2
1,1,,lightning,True,nvidia/NVIDIA-Nemotron-Labs-3-Puzzle-75B-A9B-NVFP4,p2
0,1,,lightning,False,nvidia/NVIDIA-Nemotron-Labs-3-Puzzle-75B-A9B-NVFP4,p2
0,1,,lightning,False,nvidia/NVIDIA-Nemotron-Labs-3-Puzzle-75B-A9B-NVFP4,p2
1,1,,hostility,True,nvidia/NVIDIA-Nemotron-Labs-3-Puzzle-75B-A9B-NVFP4,p2
1,1,,hostility,True,nvidia/NVIDIA-Nemotron-Labs-3-Puzzle-75B-A9B-NVFP4,p2
0,1,,hostility,False,nvidia/NVIDIA-Nemotron-Labs-3-Puzzle-75B-A9B-NVFP4,p2
1,1,,horror,True,nvidia/NVIDIA-Nemotron-Labs-3-Puzzle-75B-A9B-NVFP4,p2
1,1,,horror,True,nvidia/NVIDIA-Nemotron-Labs-3-Puzzle-75B-A9B-NVFP4,p2
1,1,,horror,True,nvidia/NVIDIA-Nemotron-Labs-3-Puzzle-75B-A9B-NVFP4,p2
0,0,,horror,True,nvidia/NVIDIA-Nemotron-Labs-3-Puzzle-75B-A9B-NVFP4,p2
0,1,,horror,False,nvidia/NVIDIA-Nemotron-Labs-3-Puzzle-75B-A9B-NVFP4,p2
1,1,,virtue,True,nvidia/NVIDIA-Nemotron-Labs-3-Puzzle-75B-A9B-NVFP4,p2
1,1,,virtue,True,nvidia/NVIDIA-Nemotron-Labs-3-Puzzle-75B-A9B-NVFP4,p2
0,0,,virtue,True,nvidia/NVIDIA-Nemotron-Labs-3-Puzzle-75B-A9B-NVFP4,p2
0,0,,virtue,True,nvidia/NVIDIA-Nemotron-Labs-3-Puzzle-75B-A9B-NVFP4,p2
1,1,,sophisticated,True,nvidia/NVIDIA-Nemotron-Labs-3-Puzzle-75B-A9B-NVFP4,p2
1,1,,sophisticated,True,nvidia/NVIDIA-Nemotron-Labs-3-Puzzle-75B-A9B-NVFP4,p2
0,0,,sophisticated,True,nvidia/NVIDIA-Nemotron-Labs-3-Puzzle-75B-A9B-NVFP4,p2
0,1,,sophisticated,False,nvidia/NVIDIA-Nemotron-Labs-3-Puzzle-75B-A9B-NVFP4,p2
0,0,,lesson,True,nvidia/NVIDIA-Nemotron-Labs-3-Puzzle-75B-A9B-NVFP4,p2
0,0,,lesson,True,nvidia/NVIDIA-Nemotron-Labs-3-Puzzle-75B-A9B-NVFP4,p2
1,1,,curse,True,nvidia/NVIDIA-Nemotron-Labs-3-Puzzle-75B-A9B-NVFP4,p2
1,1,,curse,True,nvidia/NVIDIA-Nemotron-Labs-3-Puzzle-75B-A9B-NVFP4,p2
1,1,,curse,True,nvidia/NVIDIA-Nemotron-Labs-3-Puzzle-75B-A9B-NVFP4,p2
1,1,,curse,True,nvidia/NVIDIA-Nemotron-Labs-3-Puzzle-75B-A9B-NVFP4,p2
1,1,,curse,True,nvidia/NVIDIA-Nemotron-Labs-3-Puzzle-75B-A9B-NVFP4,p2
1,1,,curse,True,nvidia/NVIDIA-Nemotron-Labs-3-Puzzle-75B-A9B-NVFP4,p2
1,1,,curse,True,nvidia/NVIDIA-Nemotron-Labs-3-Puzzle-75B-A9B-NVFP4,p2
0,0,,curse,True,nvidia/NVIDIA-Nemotron-Labs-3-Puzzle-75B-A9B-NVFP4,p2
0,1,,curse,False,nvidia/NVIDIA-Nemotron-Labs-3-Puzzle-75B-A9B-NVFP4,p2
0,0,,curse,True,nvidia/NVIDIA-Nemotron-Labs-3-Puzzle-75B-A9B-NVFP4,p2
0,1,,curse,False,nvidia/NVIDIA-Nemotron-Labs-3-Puzzle-75B-A9B-NVFP4,p2
1,1,,utter,True,nvidia/NVIDIA-Nemotron-Labs-3-Puzzle-75B-A9B-NVFP4,p2
0,1,,utter,False,nvidia/NVIDIA-Nemotron-Labs-3-Puzzle-75B-A9B-NVFP4,p2
0,0,,utter,True,nvidia/NVIDIA-Nemotron-Labs-3-Puzzle-75B-A9B-NVFP4,p2
0,1,,utter,False,nvidia/NVIDIA-Nemotron-Labs-3-Puzzle-75B-A9B-NVFP4,p2
1,1,,engrave,True,nvidia/NVIDIA-Nemotron-Labs-3-Puzzle-75B-A9B-NVFP4,p2
1,1,,engrave,True,nvidia/NVIDIA-Nemotron-Labs-3-Puzzle-75B-A9B-NVFP4,p2
1,1,,engrave,True,nvidia/NVIDIA-Nemotron-Labs-3-Puzzle-75B-A9B-NVFP4,p2
0,0,,engrave,True,nvidia/NVIDIA-Nemotron-Labs-3-Puzzle-75B-A9B-NVFP4,p2
0,1,,engrave,False,nvidia/NVIDIA-Nemotron-Labs-3-Puzzle-75B-A9B-NVFP4,p2
0,0,,engrave,True,nvidia/NVIDIA-Nemotron-Labs-3-Puzzle-75B-A9B-NVFP4,p2
1,1,,comment,True,nvidia/NVIDIA-Nemotron-Labs-3-Puzzle-75B-A9B-NVFP4,p2
1,1,,comment,True,nvidia/NVIDIA-Nemotron-Labs-3-Puzzle-75B-A9B-NVFP4,p2
1,1,,comment,True,nvidia/NVIDIA-Nemotron-Labs-3-Puzzle-75B-A9B-NVFP4,p2
0,0,,comment,True,nvidia/NVIDIA-Nemotron-Labs-3-Puzzle-75B-A9B-NVFP4,p2
0,0,,comment,True,nvidia/NVIDIA-Nemotron-Labs-3-Puzzle-75B-A9B-NVFP4,p2
1,1,,pepper,True,nvidia/NVIDIA-Nemotron-Labs-3-Puzzle-75B-A9B-NVFP4,p2
1,0,,pepper,False,nvidia/NVIDIA-Nemotron-Labs-3-Puzzle-75B-A9B-NVFP4,p2
1,1,,pepper,True,nvidia/NVIDIA-Nemotron-Labs-3-Puzzle-75B-A9B-NVFP4,p2
0,0,,pepper,True,nvidia/NVIDIA-Nemotron-Labs-3-Puzzle-75B-A9B-NVFP4,p2
0,1,,pepper,False,nvidia/NVIDIA-Nemotron-Labs-3-Puzzle-75B-A9B-NVFP4,p2
1,1,,manifestation,True,nvidia/NVIDIA-Nemotron-Labs-3-Puzzle-75B-A9B-NVFP4,p2
0,0,,manifestation,True,nvidia/NVIDIA-Nemotron-Labs-3-Puzzle-75B-A9B-NVFP4,p2
0,0,,manifestation,True,nvidia/NVIDIA-Nemotron-Labs-3-Puzzle-75B-A9B-NVFP4,p2
1,1,,contribution,True,nvidia/NVIDIA-Nemotron-Labs-3-Puzzle-75B-A9B-NVFP4,p2
1,1,,contribution,True,nvidia/NVIDIA-Nemotron-Labs-3-Puzzle-75B-A9B-NVFP4,p2
0,1,,contribution,False,nvidia/NVIDIA-Nemotron-Labs-3-Puzzle-75B-A9B-NVFP4,p2
0,1,,contribution,False,nvidia/NVIDIA-Nemotron-Labs-3-Puzzle-75B-A9B-NVFP4,p2
0,1,,contribution,False,nvidia/NVIDIA-Nemotron-Labs-3-Puzzle-75B-A9B-NVFP4,p2
0,1,,contribution,False,nvidia/NVIDIA-Nemotron-Labs-3-Puzzle-75B-A9B-NVFP4,p2
1,0,,down,False,nvidia/NVIDIA-Nemotron-Labs-3-Puzzle-75B-A9B-NVFP4,p2
1,1,,down,True,nvidia/NVIDIA-Nemotron-Labs-3-Puzzle-75B-A9B-NVFP4,p2
0,1,,down,False,nvidia/NVIDIA-Nemotron-Labs-3-Puzzle-75B-A9B-NVFP4,p2
0,0,,down,True,nvidia/NVIDIA-Nemotron-Labs-3-Puzzle-75B-A9B-NVFP4,p2
0,0,,down,True,nvidia/NVIDIA-Nemotron-Labs-3-Puzzle-75B-A9B-NVFP4,p2
1,1,,dream,True,nvidia/NVIDIA-Nemotron-Labs-3-Puzzle-75B-A9B-NVFP4,p2
0,1,,dream,False,nvidia/NVIDIA-Nemotron-Labs-3-Puzzle-75B-A9B-NVFP4,p2
1,1,,overall,True,nvidia/NVIDIA-Nemotron-Labs-3-Puzzle-75B-A9B-NVFP4,p2
0,1,,overall,False,nvidia/NVIDIA-Nemotron-Labs-3-Puzzle-75B-A9B-NVFP4,p2
1,1,,involvement,True,nvidia/NVIDIA-Nemotron-Labs-3-Puzzle-75B-A9B-NVFP4,p2
0,1,,involvement,False,nvidia/NVIDIA-Nemotron-Labs-3-Puzzle-75B-A9B-NVFP4,p2
0,0,,involvement,True,nvidia/NVIDIA-Nemotron-Labs-3-Puzzle-75B-A9B-NVFP4,p2
0,1,,involvement,False,nvidia/NVIDIA-Nemotron-Labs-3-Puzzle-75B-A9B-NVFP4,p2
0,0,,enlist,True,nvidia/NVIDIA-Nemotron-Labs-3-Puzzle-75B-A9B-NVFP4,p2
1,1,,terminal,True,nvidia/NVIDIA-Nemotron-Labs-3-Puzzle-75B-A9B-NVFP4,p2
1,1,,terminal,True,nvidia/NVIDIA-Nemotron-Labs-3-Puzzle-75B-A9B-NVFP4,p2
1,1,,noticeable,True,nvidia/NVIDIA-Nemotron-Labs-3-Puzzle-75B-A9B-NVFP4,p2
1,1,,noticeable,True,nvidia/NVIDIA-Nemotron-Labs-3-Puzzle-75B-A9B-NVFP4,p2
0,1,,noticeable,False,nvidia/NVIDIA-Nemotron-Labs-3-Puzzle-75B-A9B-NVFP4,p2
0,1,,noticeable,False,nvidia/NVIDIA-Nemotron-Labs-3-Puzzle-75B-A9B-NVFP4,p2
1,1,,patent,True,nvidia/NVIDIA-Nemotron-Labs-3-Puzzle-75B-A9B-NVFP4,p2
1,1,,patent,True,nvidia/NVIDIA-Nemotron-Labs-3-Puzzle-75B-A9B-NVFP4,p2
0,1,,patent,False,nvidia/NVIDIA-Nemotron-Labs-3-Puzzle-75B-A9B-NVFP4,p2
1,1,,voyage,True,nvidia/NVIDIA-Nemotron-Labs-3-Puzzle-75B-A9B-NVFP4,p2
0,1,,voyage,False,nvidia/NVIDIA-Nemotron-Labs-3-Puzzle-75B-A9B-NVFP4,p2
1,1,,dive,True,nvidia/NVIDIA-Nemotron-Labs-3-Puzzle-75B-A9B-NVFP4,p2
1,1,,dive,True,nvidia/NVIDIA-Nemotron-Labs-3-Puzzle-75B-A9B-NVFP4,p2
1,1,,dive,True,nvidia/NVIDIA-Nemotron-Labs-3-Puzzle-75B-A9B-NVFP4,p2
0,0,,dive,True,nvidia/NVIDIA-Nemotron-Labs-3-Puzzle-75B-A9B-NVFP4,p2
0,0,,dive,True,nvidia/NVIDIA-Nemotron-Labs-3-Puzzle-75B-A9B-NVFP4,p2
0,0,,dive,True,nvidia/NVIDIA-Nemotron-Labs-3-Puzzle-75B-A9B-NVFP4,p2
0,0,,dive,True,nvidia/NVIDIA-Nemotron-Labs-3-Puzzle-75B-A9B-NVFP4,p2
1,1,,perfectly,True,nvidia/NVIDIA-Nemotron-Labs-3-Puzzle-75B-A9B-NVFP4,p2
0,1,,perfectly,False,nvidia/NVIDIA-Nemotron-Labs-3-Puzzle-75B-A9B-NVFP4,p2
1,1,,festival,True,nvidia/NVIDIA-Nemotron-Labs-3-Puzzle-75B-A9B-NVFP4,p2
1,1,,festival,True,nvidia/NVIDIA-Nemotron-Labs-3-Puzzle-75B-A9B-NVFP4,p2
0,1,,festival,False,nvidia/NVIDIA-Nemotron-Labs-3-Puzzle-75B-A9B-NVFP4,p2
0,1,,festival,False,nvidia/NVIDIA-Nemotron-Labs-3-Puzzle-75B-A9B-NVFP4,p2
1,1,,look_at,True,nvidia/NVIDIA-Nemotron-Labs-3-Puzzle-75B-A9B-NVFP4,p2
1,1,,look_at,True,nvidia/NVIDIA-Nemotron-Labs-3-Puzzle-75B-A9B-NVFP4,p2
1,0,,cortex,False,nvidia/NVIDIA-Nemotron-Labs-3-Puzzle-75B-A9B-NVFP4,p2
1,1,,cortex,True,nvidia/NVIDIA-Nemotron-Labs-3-Puzzle-75B-A9B-NVFP4,p2
0,0,,cortex,True,nvidia/NVIDIA-Nemotron-Labs-3-Puzzle-75B-A9B-NVFP4,p2
0,1,,cortex,False,nvidia/NVIDIA-Nemotron-Labs-3-Puzzle-75B-A9B-NVFP4,p2
0,0,,cortex,True,nvidia/NVIDIA-Nemotron-Labs-3-Puzzle-75B-A9B-NVFP4,p2
1,1,,bestow,True,nvidia/NVIDIA-Nemotron-Labs-3-Puzzle-75B-A9B-NVFP4,p2
0,1,,bestow,False,nvidia/NVIDIA-Nemotron-Labs-3-Puzzle-75B-A9B-NVFP4,p2
1,1,,logic,True,nvidia/NVIDIA-Nemotron-Labs-3-Puzzle-75B-A9B-NVFP4,p2
1,1,,logic,True,nvidia/NVIDIA-Nemotron-Labs-3-Puzzle-75B-A9B-NVFP4,p2
0,1,,logic,False,nvidia/NVIDIA-Nemotron-Labs-3-Puzzle-75B-A9B-NVFP4,p2
1,1,,invention,True,nvidia/NVIDIA-Nemotron-Labs-3-Puzzle-75B-A9B-NVFP4,p2
1,1,,invention,True,nvidia/NVIDIA-Nemotron-Labs-3-Puzzle-75B-A9B-NVFP4,p2
0,1,,invention,False,nvidia/NVIDIA-Nemotron-Labs-3-Puzzle-75B-A9B-NVFP4,p2
0,1,,invention,False,nvidia/NVIDIA-Nemotron-Labs-3-Puzzle-75B-A9B-NVFP4,p2
1,0,,affair,False,nvidia/NVIDIA-Nemotron-Labs-3-Puzzle-75B-A9B-NVFP4,p2
1,1,,affair,True,nvidia/NVIDIA-Nemotron-Labs-3-Puzzle-75B-A9B-NVFP4,p2
0,0,,affair,True,nvidia/NVIDIA-Nemotron-Labs-3-Puzzle-75B-A9B-NVFP4,p2
0,0,,affair,True,nvidia/NVIDIA-Nemotron-Labs-3-Puzzle-75B-A9B-NVFP4,p2
1,1,,palestine,True,nvidia/NVIDIA-Nemotron-Labs-3-Puzzle-75B-A9B-NVFP4,p2
1,1,,palestine,True,nvidia/NVIDIA-Nemotron-Labs-3-Puzzle-75B-A9B-NVFP4,p2
1,1,,helmet,True,nvidia/NVIDIA-Nemotron-Labs-3-Puzzle-75B-A9B-NVFP4,p2
1,1,,helmet,True,nvidia/NVIDIA-Nemotron-Labs-3-Puzzle-75B-A9B-NVFP4,p2
0,1,,helmet,False,nvidia/NVIDIA-Nemotron-Labs-3-Puzzle-75B-A9B-NVFP4,p2
1,1,,radius,True,nvidia/NVIDIA-Nemotron-Labs-3-Puzzle-75B-A9B-NVFP4,p2
1,1,,radius,True,nvidia/NVIDIA-Nemotron-Labs-3-Puzzle-75B-A9B-NVFP4,p2
0,0,,radius,True,nvidia/NVIDIA-Nemotron-Labs-3-Puzzle-75B-A9B-NVFP4,p2
0,0,,radius,True,nvidia/NVIDIA-Nemotron-Labs-3-Puzzle-75B-A9B-NVFP4,p2
1,1,,advise,True,nvidia/NVIDIA-Nemotron-Labs-3-Puzzle-75B-A9B-NVFP4,p2
0,1,,advise,False,nvidia/NVIDIA-Nemotron-Labs-3-Puzzle-75B-A9B-NVFP4,p2
0,1,,advise,False,nvidia/NVIDIA-Nemotron-Labs-3-Puzzle-75B-A9B-NVFP4,p2
1,1,,caution,True,nvidia/NVIDIA-Nemotron-Labs-3-Puzzle-75B-A9B-NVFP4,p2
1,1,,caution,True,nvidia/NVIDIA-Nemotron-Labs-3-Puzzle-75B-A9B-NVFP4,p2
1,1,,caution,True,nvidia/NVIDIA-Nemotron-Labs-3-Puzzle-75B-A9B-NVFP4,p2
0,0,,caution,True,nvidia/NVIDIA-Nemotron-Labs-3-Puzzle-75B-A9B-NVFP4,p2
1,1,,stake,True,nvidia/NVIDIA-Nemotron-Labs-3-Puzzle-75B-A9B-NVFP4,p2
0,0,,stake,True,nvidia/NVIDIA-Nemotron-Labs-3-Puzzle-75B-A9B-NVFP4,p2
0,1,,stake,False,nvidia/NVIDIA-Nemotron-Labs-3-Puzzle-75B-A9B-NVFP4,p2
0,0,,stake,True,nvidia/NVIDIA-Nemotron-Labs-3-Puzzle-75B-A9B-NVFP4,p2
0,0,,stake,True,nvidia/NVIDIA-Nemotron-Labs-3-Puzzle-75B-A9B-NVFP4,p2
0,0,,stake,True,nvidia/NVIDIA-Nemotron-Labs-3-Puzzle-75B-A9B-NVFP4,p2
1,1,,interference,True,nvidia/NVIDIA-Nemotron-Labs-3-Puzzle-75B-A9B-NVFP4,p2
1,0,,interference,False,nvidia/NVIDIA-Nemotron-Labs-3-Puzzle-75B-A9B-NVFP4,p2
1,1,,interference,True,nvidia/NVIDIA-Nemotron-Labs-3-Puzzle-75B-A9B-NVFP4,p2
0,1,,interference,False,nvidia/NVIDIA-Nemotron-Labs-3-Puzzle-75B-A9B-NVFP4,p2
0,0,,interference,True,nvidia/NVIDIA-Nemotron-Labs-3-Puzzle-75B-A9B-NVFP4,p2
0,0,,interference,True,nvidia/NVIDIA-Nemotron-Labs-3-Puzzle-75B-A9B-NVFP4,p2
0,0,,interference,True,nvidia/NVIDIA-Nemotron-Labs-3-Puzzle-75B-A9B-NVFP4,p2
0,1,,interference,False,nvidia/NVIDIA-Nemotron-Labs-3-Puzzle-75B-A9B-NVFP4,p2
0,1,,minority,False,nvidia/NVIDIA-Nemotron-Labs-3-Puzzle-75B-A9B-NVFP4,p2
1,1,,precious,True,nvidia/NVIDIA-Nemotron-Labs-3-Puzzle-75B-A9B-NVFP4,p2
1,1,,precious,True,nvidia/NVIDIA-Nemotron-Labs-3-Puzzle-75B-A9B-NVFP4,p2
1,0,,precious,False,nvidia/NVIDIA-Nemotron-Labs-3-Puzzle-75B-A9B-NVFP4,p2
0,0,,precious,True,nvidia/NVIDIA-Nemotron-Labs-3-Puzzle-75B-A9B-NVFP4,p2
0,1,,precious,False,nvidia/NVIDIA-Nemotron-Labs-3-Puzzle-75B-A9B-NVFP4,p2
0,1,,precious,False,nvidia/NVIDIA-Nemotron-Labs-3-Puzzle-75B-A9B-NVFP4,p2
0,0,,precious,True,nvidia/NVIDIA-Nemotron-Labs-3-Puzzle-75B-A9B-NVFP4,p2
1,1,,theatrical,True,nvidia/NVIDIA-Nemotron-Labs-3-Puzzle-75B-A9B-NVFP4,p2
1,1,,theatrical,True,nvidia/NVIDIA-Nemotron-Labs-3-Puzzle-75B-A9B-NVFP4,p2
0,1,,theatrical,False,nvidia/NVIDIA-Nemotron-Labs-3-Puzzle-75B-A9B-NVFP4,p2
0,1,,theatrical,False,nvidia/NVIDIA-Nemotron-Labs-3-Puzzle-75B-A9B-NVFP4,p2
1,1,,painful,True,nvidia/NVIDIA-Nemotron-Labs-3-Puzzle-75B-A9B-NVFP4,p2
0,1,,painful,False,nvidia/NVIDIA-Nemotron-Labs-3-Puzzle-75B-A9B-NVFP4,p2
1,1,,orientation,True,nvidia/NVIDIA-Nemotron-Labs-3-Puzzle-75B-A9B-NVFP4,p2
1,1,,orientation,True,nvidia/NVIDIA-Nemotron-Labs-3-Puzzle-75B-A9B-NVFP4,p2
1,1,,orientation,True,nvidia/NVIDIA-Nemotron-Labs-3-Puzzle-75B-A9B-NVFP4,p2
0,0,,orientation,True,nvidia/NVIDIA-Nemotron-Labs-3-Puzzle-75B-A9B-NVFP4,p2
0,0,,orientation,True,nvidia/NVIDIA-Nemotron-Labs-3-Puzzle-75B-A9B-NVFP4,p2
0,0,,orientation,True,nvidia/NVIDIA-Nemotron-Labs-3-Puzzle-75B-A9B-NVFP4,p2
0,0,,orientation,True,nvidia/NVIDIA-Nemotron-Labs-3-Puzzle-75B-A9B-NVFP4,p2
1,1,,shower,True,nvidia/NVIDIA-Nemotron-Labs-3-Puzzle-75B-A9B-NVFP4,p2
1,1,,shower,True,nvidia/NVIDIA-Nemotron-Labs-3-Puzzle-75B-A9B-NVFP4,p2
1,1,,shower,True,nvidia/NVIDIA-Nemotron-Labs-3-Puzzle-75B-A9B-NVFP4,p2
1,1,,shower,True,nvidia/NVIDIA-Nemotron-Labs-3-Puzzle-75B-A9B-NVFP4,p2
1,1,,shower,True,nvidia/NVIDIA-Nemotron-Labs-3-Puzzle-75B-A9B-NVFP4,p2
1,0,,shower,False,nvidia/NVIDIA-Nemotron-Labs-3-Puzzle-75B-A9B-NVFP4,p2
0,1,,shower,False,nvidia/NVIDIA-Nemotron-Labs-3-Puzzle-75B-A9B-NVFP4,p2
0,0,,shower,True,nvidia/NVIDIA-Nemotron-Labs-3-Puzzle-75B-A9B-NVFP4,p2
0,0,,shower,True,nvidia/NVIDIA-Nemotron-Labs-3-Puzzle-75B-A9B-NVFP4,p2
0,0,,shower,True,nvidia/NVIDIA-Nemotron-Labs-3-Puzzle-75B-A9B-NVFP4,p2
0,0,,shower,True,nvidia/NVIDIA-Nemotron-Labs-3-Puzzle-75B-A9B-NVFP4,p2
0,1,,shower,False,nvidia/NVIDIA-Nemotron-Labs-3-Puzzle-75B-A9B-NVFP4,p2
1,1,,promotion,True,nvidia/NVIDIA-Nemotron-Labs-3-Puzzle-75B-A9B-NVFP4,p2
0,0,,promotion,True,nvidia/NVIDIA-Nemotron-Labs-3-Puzzle-75B-A9B-NVFP4,p2
0,0,,promotion,True,nvidia/NVIDIA-Nemotron-Labs-3-Puzzle-75B-A9B-NVFP4,p2
1,1,,negotiation,True,nvidia/NVIDIA-Nemotron-Labs-3-Puzzle-75B-A9B-NVFP4,p2
1,1,,negotiation,True,nvidia/NVIDIA-Nemotron-Labs-3-Puzzle-75B-A9B-NVFP4,p2
0,1,,negotiation,False,nvidia/NVIDIA-Nemotron-Labs-3-Puzzle-75B-A9B-NVFP4,p2
0,1,,negotiation,False,nvidia/NVIDIA-Nemotron-Labs-3-Puzzle-75B-A9B-NVFP4,p2
1,1,,bare,True,nvidia/NVIDIA-Nemotron-Labs-3-Puzzle-75B-A9B-NVFP4,p2
1,1,,bare,True,nvidia/NVIDIA-Nemotron-Labs-3-Puzzle-75B-A9B-NVFP4,p2
1,1,,bare,True,nvidia/NVIDIA-Nemotron-Labs-3-Puzzle-75B-A9B-NVFP4,p2
1,1,,bare,True,nvidia/NVIDIA-Nemotron-Labs-3-Puzzle-75B-A9B-NVFP4,p2
1,1,,bare,True,nvidia/NVIDIA-Nemotron-Labs-3-Puzzle-75B-A9B-NVFP4,p2
0,1,,bare,False,nvidia/NVIDIA-Nemotron-Labs-3-Puzzle-75B-A9B-NVFP4,p2
0,0,,bare,True,nvidia/NVIDIA-Nemotron-Labs-3-Puzzle-75B-A9B-NVFP4,p2
0,1,,bare,False,nvidia/NVIDIA-Nemotron-Labs-3-Puzzle-75B-A9B-NVFP4,p2
0,1,,bare,False,nvidia/NVIDIA-Nemotron-Labs-3-Puzzle-75B-A9B-NVFP4,p2
0,0,,bare,True,nvidia/NVIDIA-Nemotron-Labs-3-Puzzle-75B-A9B-NVFP4,p2
0,0,,bare,True,nvidia/NVIDIA-Nemotron-Labs-3-Puzzle-75B-A9B-NVFP4,p2
1,1,,punch,True,nvidia/NVIDIA-Nemotron-Labs-3-Puzzle-75B-A9B-NVFP4,p2
1,1,,punch,True,nvidia/NVIDIA-Nemotron-Labs-3-Puzzle-75B-A9B-NVFP4,p2
1,1,,punch,True,nvidia/NVIDIA-Nemotron-Labs-3-Puzzle-75B-A9B-NVFP4,p2
1,1,,punch,True,nvidia/NVIDIA-Nemotron-Labs-3-Puzzle-75B-A9B-NVFP4,p2
1,0,,punch,False,nvidia/NVIDIA-Nemotron-Labs-3-Puzzle-75B-A9B-NVFP4,p2
1,1,,punch,True,nvidia/NVIDIA-Nemotron-Labs-3-Puzzle-75B-A9B-NVFP4,p2
0,1,,punch,False,nvidia/NVIDIA-Nemotron-Labs-3-Puzzle-75B-A9B-NVFP4,p2
0,0,,punch,True,nvidia/NVIDIA-Nemotron-Labs-3-Puzzle-75B-A9B-NVFP4,p2
0,1,,punch,False,nvidia/NVIDIA-Nemotron-Labs-3-Puzzle-75B-A9B-NVFP4,p2
0,0,,punch,True,nvidia/NVIDIA-Nemotron-Labs-3-Puzzle-75B-A9B-NVFP4,p2
0,0,,punch,True,nvidia/NVIDIA-Nemotron-Labs-3-Puzzle-75B-A9B-NVFP4,p2
0,0,,punch,True,nvidia/NVIDIA-Nemotron-Labs-3-Puzzle-75B-A9B-NVFP4,p2
1,1,,twist,True,nvidia/NVIDIA-Nemotron-Labs-3-Puzzle-75B-A9B-NVFP4,p2
1,1,,twist,True,nvidia/NVIDIA-Nemotron-Labs-3-Puzzle-75B-A9B-NVFP4,p2
1,0,,twist,False,nvidia/NVIDIA-Nemotron-Labs-3-Puzzle-75B-A9B-NVFP4,p2
1,1,,twist,True,nvidia/NVIDIA-Nemotron-Labs-3-Puzzle-75B-A9B-NVFP4,p2
1,1,,twist,True,nvidia/NVIDIA-Nemotron-Labs-3-Puzzle-75B-A9B-NVFP4,p2
1,0,,twist,False,nvidia/NVIDIA-Nemotron-Labs-3-Puzzle-75B-A9B-NVFP4,p2
1,0,,twist,False,nvidia/NVIDIA-Nemotron-Labs-3-Puzzle-75B-A9B-NVFP4,p2
1,1,,twist,True,nvidia/NVIDIA-Nemotron-Labs-3-Puzzle-75B-A9B-NVFP4,p2
1,1,,twist,True,nvidia/NVIDIA-Nemotron-Labs-3-Puzzle-75B-A9B-NVFP4,p2
0,0,,twist,True,nvidia/NVIDIA-Nemotron-Labs-3-Puzzle-75B-A9B-NVFP4,p2
0,0,,twist,True,nvidia/NVIDIA-Nemotron-Labs-3-Puzzle-75B-A9B-NVFP4,p2
0,1,,twist,False,nvidia/NVIDIA-Nemotron-Labs-3-Puzzle-75B-A9B-NVFP4,p2
0,0,,twist,True,nvidia/NVIDIA-Nemotron-Labs-3-Puzzle-75B-A9B-NVFP4,p2
0,0,,twist,True,nvidia/NVIDIA-Nemotron-Labs-3-Puzzle-75B-A9B-NVFP4,p2
0,0,,twist,True,nvidia/NVIDIA-Nemotron-Labs-3-Puzzle-75B-A9B-NVFP4,p2
0,0,,twist,True,nvidia/NVIDIA-Nemotron-Labs-3-Puzzle-75B-A9B-NVFP4,p2
0,0,,twist,True,nvidia/NVIDIA-Nemotron-Labs-3-Puzzle-75B-A9B-NVFP4,p2
0,0,,twist,True,nvidia/NVIDIA-Nemotron-Labs-3-Puzzle-75B-A9B-NVFP4,p2
0,0,,twist,True,nvidia/NVIDIA-Nemotron-Labs-3-Puzzle-75B-A9B-NVFP4,p2
0,0,,twist,True,nvidia/NVIDIA-Nemotron-Labs-3-Puzzle-75B-A9B-NVFP4,p2
0,1,,twist,False,nvidia/NVIDIA-Nemotron-Labs-3-Puzzle-75B-A9B-NVFP4,p2
0,0,,twist,True,nvidia/NVIDIA-Nemotron-Labs-3-Puzzle-75B-A9B-NVFP4,p2
0,1,,twist,False,nvidia/NVIDIA-Nemotron-Labs-3-Puzzle-75B-A9B-NVFP4,p2
1,1,,inheritance,True,nvidia/NVIDIA-Nemotron-Labs-3-Puzzle-75B-A9B-NVFP4,p2
1,1,,inheritance,True,nvidia/NVIDIA-Nemotron-Labs-3-Puzzle-75B-A9B-NVFP4,p2
0,1,,inheritance,False,nvidia/NVIDIA-Nemotron-Labs-3-Puzzle-75B-A9B-NVFP4,p2
0,1,,inheritance,False,nvidia/NVIDIA-Nemotron-Labs-3-Puzzle-75B-A9B-NVFP4,p2
0,0,,inheritance,True,nvidia/NVIDIA-Nemotron-Labs-3-Puzzle-75B-A9B-NVFP4,p2
1,1,,sector,True,nvidia/NVIDIA-Nemotron-Labs-3-Puzzle-75B-A9B-NVFP4,p2
1,1,,sector,True,nvidia/NVIDIA-Nemotron-Labs-3-Puzzle-75B-A9B-NVFP4,p2
0,0,,sector,True,nvidia/NVIDIA-Nemotron-Labs-3-Puzzle-75B-A9B-NVFP4,p2
0,0,,sector,True,nvidia/NVIDIA-Nemotron-Labs-3-Puzzle-75B-A9B-NVFP4,p2
0,0,,sector,True,nvidia/NVIDIA-Nemotron-Labs-3-Puzzle-75B-A9B-NVFP4,p2
1,1,,flood,True,nvidia/NVIDIA-Nemotron-Labs-3-Puzzle-75B-A9B-NVFP4,p2
1,1,,flood,True,nvidia/NVIDIA-Nemotron-Labs-3-Puzzle-75B-A9B-NVFP4,p2
1,1,,flood,True,nvidia/NVIDIA-Nemotron-Labs-3-Puzzle-75B-A9B-NVFP4,p2
1,1,,flood,True,nvidia/NVIDIA-Nemotron-Labs-3-Puzzle-75B-A9B-NVFP4,p2
0,1,,flood,False,nvidia/NVIDIA-Nemotron-Labs-3-Puzzle-75B-A9B-NVFP4,p2
0,1,,flood,False,nvidia/NVIDIA-Nemotron-Labs-3-Puzzle-75B-A9B-NVFP4,p2
0,1,,flood,False,nvidia/NVIDIA-Nemotron-Labs-3-Puzzle-75B-A9B-NVFP4,p2
0,0,,flood,True,nvidia/NVIDIA-Nemotron-Labs-3-Puzzle-75B-A9B-NVFP4,p2
0,1,,flood,False,nvidia/NVIDIA-Nemotron-Labs-3-Puzzle-75B-A9B-NVFP4,p2
0,1,,flood,False,nvidia/NVIDIA-Nemotron-Labs-3-Puzzle-75B-A9B-NVFP4,p2
0,0,,flood,True,nvidia/NVIDIA-Nemotron-Labs-3-Puzzle-75B-A9B-NVFP4,p2
0,0,,flood,True,nvidia/NVIDIA-Nemotron-Labs-3-Puzzle-75B-A9B-NVFP4,p2
1,1,,exclusive,True,nvidia/NVIDIA-Nemotron-Labs-3-Puzzle-75B-A9B-NVFP4,p2
0,0,,exclusive,True,nvidia/NVIDIA-Nemotron-Labs-3-Puzzle-75B-A9B-NVFP4,p2
0,0,,exclusive,True,nvidia/NVIDIA-Nemotron-Labs-3-Puzzle-75B-A9B-NVFP4,p2
0,1,,exclusive,False,nvidia/NVIDIA-Nemotron-Labs-3-Puzzle-75B-A9B-NVFP4,p2
1,0,,rim,False,nvidia/NVIDIA-Nemotron-Labs-3-Puzzle-75B-A9B-NVFP4,p2
1,1,,rim,True,nvidia/NVIDIA-Nemotron-Labs-3-Puzzle-75B-A9B-NVFP4,p2
1,1,,rim,True,nvidia/NVIDIA-Nemotron-Labs-3-Puzzle-75B-A9B-NVFP4,p2
0,1,,rim,False,nvidia/NVIDIA-Nemotron-Labs-3-Puzzle-75B-A9B-NVFP4,p2
0,0,,rim,True,nvidia/NVIDIA-Nemotron-Labs-3-Puzzle-75B-A9B-NVFP4,p2
1,1,,globe,True,nvidia/NVIDIA-Nemotron-Labs-3-Puzzle-75B-A9B-NVFP4,p2
1,0,,globe,False,nvidia/NVIDIA-Nemotron-Labs-3-Puzzle-75B-A9B-NVFP4,p2
1,1,,globe,True,nvidia/NVIDIA-Nemotron-Labs-3-Puzzle-75B-A9B-NVFP4,p2
0,0,,globe,True,nvidia/NVIDIA-Nemotron-Labs-3-Puzzle-75B-A9B-NVFP4,p2
0,1,,globe,False,nvidia/NVIDIA-Nemotron-Labs-3-Puzzle-75B-A9B-NVFP4,p2
1,1,,railway,True,nvidia/NVIDIA-Nemotron-Labs-3-Puzzle-75B-A9B-NVFP4,p2
0,0,,railway,True,nvidia/NVIDIA-Nemotron-Labs-3-Puzzle-75B-A9B-NVFP4,p2
1,1,,haul,True,nvidia/NVIDIA-Nemotron-Labs-3-Puzzle-75B-A9B-NVFP4,p2
1,1,,haul,True,nvidia/NVIDIA-Nemotron-Labs-3-Puzzle-75B-A9B-NVFP4,p2
0,1,,haul,False,nvidia/NVIDIA-Nemotron-Labs-3-Puzzle-75B-A9B-NVFP4,p2
1,1,,initiative,True,nvidia/NVIDIA-Nemotron-Labs-3-Puzzle-75B-A9B-NVFP4,p2
0,1,,initiative,False,nvidia/NVIDIA-Nemotron-Labs-3-Puzzle-75B-A9B-NVFP4,p2
1,1,,summarize,True,nvidia/NVIDIA-Nemotron-Labs-3-Puzzle-75B-A9B-NVFP4,p2
1,1,,cabinetwork,True,nvidia/NVIDIA-Nemotron-Labs-3-Puzzle-75B-A9B-NVFP4,p2
1,1,,cabinetwork,True,nvidia/NVIDIA-Nemotron-Labs-3-Puzzle-75B-A9B-NVFP4,p2
0,1,,cabinetwork,False,nvidia/NVIDIA-Nemotron-Labs-3-Puzzle-75B-A9B-NVFP4,p2
1,1,,good,True,nvidia/NVIDIA-Nemotron-Labs-3-Puzzle-75B-A9B-NVFP4,p2
0,0,,good,True,nvidia/NVIDIA-Nemotron-Labs-3-Puzzle-75B-A9B-NVFP4,p2
0,0,,good,True,nvidia/NVIDIA-Nemotron-Labs-3-Puzzle-75B-A9B-NVFP4,p2
1,1,,neglect,True,nvidia/NVIDIA-Nemotron-Labs-3-Puzzle-75B-A9B-NVFP4,p2
1,1,,neglect,True,nvidia/NVIDIA-Nemotron-Labs-3-Puzzle-75B-A9B-NVFP4,p2
1,1,,neglect,True,nvidia/NVIDIA-Nemotron-Labs-3-Puzzle-75B-A9B-NVFP4,p2
1,1,,neglect,True,nvidia/NVIDIA-Nemotron-Labs-3-Puzzle-75B-A9B-NVFP4,p2
1,1,,neglect,True,nvidia/NVIDIA-Nemotron-Labs-3-Puzzle-75B-A9B-NVFP4,p2
0,1,,neglect,False,nvidia/NVIDIA-Nemotron-Labs-3-Puzzle-75B-A9B-NVFP4,p2
0,1,,neglect,False,nvidia/NVIDIA-Nemotron-Labs-3-Puzzle-75B-A9B-NVFP4,p2
1,1,,defective,True,nvidia/NVIDIA-Nemotron-Labs-3-Puzzle-75B-A9B-NVFP4,p2
1,1,,defective,True,nvidia/NVIDIA-Nemotron-Labs-3-Puzzle-75B-A9B-NVFP4,p2
0,1,,defective,False,nvidia/NVIDIA-Nemotron-Labs-3-Puzzle-75B-A9B-NVFP4,p2
0,1,,defective,False,nvidia/NVIDIA-Nemotron-Labs-3-Puzzle-75B-A9B-NVFP4,p2
0,1,,characterize,False,nvidia/NVIDIA-Nemotron-Labs-3-Puzzle-75B-A9B-NVFP4,p2
0,1,,budget,False,nvidia/NVIDIA-Nemotron-Labs-3-Puzzle-75B-A9B-NVFP4,p2
0,0,,budget,True,nvidia/NVIDIA-Nemotron-Labs-3-Puzzle-75B-A9B-NVFP4,p2
1,1,,impaired,True,nvidia/NVIDIA-Nemotron-Labs-3-Puzzle-75B-A9B-NVFP4,p2
1,1,,quietly,True,nvidia/NVIDIA-Nemotron-Labs-3-Puzzle-75B-A9B-NVFP4,p2
1,1,,quietly,True,nvidia/NVIDIA-Nemotron-Labs-3-Puzzle-75B-A9B-NVFP4,p2
0,1,,quietly,False,nvidia/NVIDIA-Nemotron-Labs-3-Puzzle-75B-A9B-NVFP4,p2
0,0,,quietly,True,nvidia/NVIDIA-Nemotron-Labs-3-Puzzle-75B-A9B-NVFP4,p2
0,1,,quietly,False,nvidia/NVIDIA-Nemotron-Labs-3-Puzzle-75B-A9B-NVFP4,p2
1,1,,socket,True,nvidia/NVIDIA-Nemotron-Labs-3-Puzzle-75B-A9B-NVFP4,p2
1,0,,socket,False,nvidia/NVIDIA-Nemotron-Labs-3-Puzzle-75B-A9B-NVFP4,p2
1,1,,socket,True,nvidia/NVIDIA-Nemotron-Labs-3-Puzzle-75B-A9B-NVFP4,p2
0,0,,socket,True,nvidia/NVIDIA-Nemotron-Labs-3-Puzzle-75B-A9B-NVFP4,p2
0,0,,socket,True,nvidia/NVIDIA-Nemotron-Labs-3-Puzzle-75B-A9B-NVFP4,p2
0,0,,socket,True,nvidia/NVIDIA-Nemotron-Labs-3-Puzzle-75B-A9B-NVFP4,p2
1,1,,administrator,True,nvidia/NVIDIA-Nemotron-Labs-3-Puzzle-75B-A9B-NVFP4,p2
1,1,,administrator,True,nvidia/NVIDIA-Nemotron-Labs-3-Puzzle-75B-A9B-NVFP4,p2
1,1,,administrator,True,nvidia/NVIDIA-Nemotron-Labs-3-Puzzle-75B-A9B-NVFP4,p2
0,1,,administrator,False,nvidia/NVIDIA-Nemotron-Labs-3-Puzzle-75B-A9B-NVFP4,p2
1,1,,revive,True,nvidia/NVIDIA-Nemotron-Labs-3-Puzzle-75B-A9B-NVFP4,p2
1,1,,revive,True,nvidia/NVIDIA-Nemotron-Labs-3-Puzzle-75B-A9B-NVFP4,p2
1,1,,revive,True,nvidia/NVIDIA-Nemotron-Labs-3-Puzzle-75B-A9B-NVFP4,p2
0,1,,revive,False,nvidia/NVIDIA-Nemotron-Labs-3-Puzzle-75B-A9B-NVFP4,p2
0,1,,revive,False,nvidia/NVIDIA-Nemotron-Labs-3-Puzzle-75B-A9B-NVFP4,p2
0,1,,revive,False,nvidia/NVIDIA-Nemotron-Labs-3-Puzzle-75B-A9B-NVFP4,p2
1,1,,decompose,True,nvidia/NVIDIA-Nemotron-Labs-3-Puzzle-75B-A9B-NVFP4,p2
1,1,,decompose,True,nvidia/NVIDIA-Nemotron-Labs-3-Puzzle-75B-A9B-NVFP4,p2
0,0,,decompose,True,nvidia/NVIDIA-Nemotron-Labs-3-Puzzle-75B-A9B-NVFP4,p2
0,0,,decompose,True,nvidia/NVIDIA-Nemotron-Labs-3-Puzzle-75B-A9B-NVFP4,p2
1,0,,clam,False,nvidia/NVIDIA-Nemotron-Labs-3-Puzzle-75B-A9B-NVFP4,p2
0,0,,clam,True,nvidia/NVIDIA-Nemotron-Labs-3-Puzzle-75B-A9B-NVFP4,p2
1,1,,disagreement,True,nvidia/NVIDIA-Nemotron-Labs-3-Puzzle-75B-A9B-NVFP4,p2
0,1,,disagreement,False,nvidia/NVIDIA-Nemotron-Labs-3-Puzzle-75B-A9B-NVFP4,p2
0,0,,advanced,True,nvidia/NVIDIA-Nemotron-Labs-3-Puzzle-75B-A9B-NVFP4,p2
0,0,,advanced,True,nvidia/NVIDIA-Nemotron-Labs-3-Puzzle-75B-A9B-NVFP4,p2
0,0,,advanced,True,nvidia/NVIDIA-Nemotron-Labs-3-Puzzle-75B-A9B-NVFP4,p2
1,1,,landing,True,nvidia/NVIDIA-Nemotron-Labs-3-Puzzle-75B-A9B-NVFP4,p2
1,1,,landing,True,nvidia/NVIDIA-Nemotron-Labs-3-Puzzle-75B-A9B-NVFP4,p2
1,1,,landing,True,nvidia/NVIDIA-Nemotron-Labs-3-Puzzle-75B-A9B-NVFP4,p2
0,0,,landing,True,nvidia/NVIDIA-Nemotron-Labs-3-Puzzle-75B-A9B-NVFP4,p2
0,0,,landing,True,nvidia/NVIDIA-Nemotron-Labs-3-Puzzle-75B-A9B-NVFP4,p2
0,0,,landing,True,nvidia/NVIDIA-Nemotron-Labs-3-Puzzle-75B-A9B-NVFP4,p2
0,0,,landing,True,nvidia/NVIDIA-Nemotron-Labs-3-Puzzle-75B-A9B-NVFP4,p2
1,1,,spray,True,nvidia/NVIDIA-Nemotron-Labs-3-Puzzle-75B-A9B-NVFP4,p2
1,1,,spray,True,nvidia/NVIDIA-Nemotron-Labs-3-Puzzle-75B-A9B-NVFP4,p2
1,0,,spray,False,nvidia/NVIDIA-Nemotron-Labs-3-Puzzle-75B-A9B-NVFP4,p2
1,1,,spray,True,nvidia/NVIDIA-Nemotron-Labs-3-Puzzle-75B-A9B-NVFP4,p2
1,1,,spray,True,nvidia/NVIDIA-Nemotron-Labs-3-Puzzle-75B-A9B-NVFP4,p2
1,1,,spray,True,nvidia/NVIDIA-Nemotron-Labs-3-Puzzle-75B-A9B-NVFP4,p2
0,1,,spray,False,nvidia/NVIDIA-Nemotron-Labs-3-Puzzle-75B-A9B-NVFP4,p2
0,0,,spray,True,nvidia/NVIDIA-Nemotron-Labs-3-Puzzle-75B-A9B-NVFP4,p2
0,1,,spray,False,nvidia/NVIDIA-Nemotron-Labs-3-Puzzle-75B-A9B-NVFP4,p2
0,1,,spray,False,nvidia/NVIDIA-Nemotron-Labs-3-Puzzle-75B-A9B-NVFP4,p2
0,1,,spray,False,nvidia/NVIDIA-Nemotron-Labs-3-Puzzle-75B-A9B-NVFP4,p2
0,1,,reason,False,nvidia/NVIDIA-Nemotron-Labs-3-Puzzle-75B-A9B-NVFP4,p2
1,1,,after_all,True,nvidia/NVIDIA-Nemotron-Labs-3-Puzzle-75B-A9B-NVFP4,p2
1,1,,after_all,True,nvidia/NVIDIA-Nemotron-Labs-3-Puzzle-75B-A9B-NVFP4,p2
0,1,,after_all,False,nvidia/NVIDIA-Nemotron-Labs-3-Puzzle-75B-A9B-NVFP4,p2
0,0,,after_all,True,nvidia/NVIDIA-Nemotron-Labs-3-Puzzle-75B-A9B-NVFP4,p2
1,1,,endow,True,nvidia/NVIDIA-Nemotron-Labs-3-Puzzle-75B-A9B-NVFP4,p2
0,0,,endow,True,nvidia/NVIDIA-Nemotron-Labs-3-Puzzle-75B-A9B-NVFP4,p2
1,1,,distortion,True,nvidia/NVIDIA-Nemotron-Labs-3-Puzzle-75B-A9B-NVFP4,p2
1,1,,distortion,True,nvidia/NVIDIA-Nemotron-Labs-3-Puzzle-75B-A9B-NVFP4,p2
1,1,,distortion,True,nvidia/NVIDIA-Nemotron-Labs-3-Puzzle-75B-A9B-NVFP4,p2
1,1,,distortion,True,nvidia/NVIDIA-Nemotron-Labs-3-Puzzle-75B-A9B-NVFP4,p2
1,1,,distortion,True,nvidia/NVIDIA-Nemotron-Labs-3-Puzzle-75B-A9B-NVFP4,p2
0,1,,distortion,False,nvidia/NVIDIA-Nemotron-Labs-3-Puzzle-75B-A9B-NVFP4,p2
1,1,,correlation,True,nvidia/NVIDIA-Nemotron-Labs-3-Puzzle-75B-A9B-NVFP4,p2
1,1,,correlation,True,nvidia/NVIDIA-Nemotron-Labs-3-Puzzle-75B-A9B-NVFP4,p2
0,1,,correlation,False,nvidia/NVIDIA-Nemotron-Labs-3-Puzzle-75B-A9B-NVFP4,p2
1,1,,upset,True,nvidia/NVIDIA-Nemotron-Labs-3-Puzzle-75B-A9B-NVFP4,p2
1,0,,upset,False,nvidia/NVIDIA-Nemotron-Labs-3-Puzzle-75B-A9B-NVFP4,p2
1,1,,upset,True,nvidia/NVIDIA-Nemotron-Labs-3-Puzzle-75B-A9B-NVFP4,p2
0,0,,upset,True,nvidia/NVIDIA-Nemotron-Labs-3-Puzzle-75B-A9B-NVFP4,p2
0,0,,upset,True,nvidia/NVIDIA-Nemotron-Labs-3-Puzzle-75B-A9B-NVFP4,p2
0,0,,upset,True,nvidia/NVIDIA-Nemotron-Labs-3-Puzzle-75B-A9B-NVFP4,p2
0,0,,upset,True,nvidia/NVIDIA-Nemotron-Labs-3-Puzzle-75B-A9B-NVFP4,p2
1,1,,sweet,True,nvidia/NVIDIA-Nemotron-Labs-3-Puzzle-75B-A9B-NVFP4,p2
1,1,,sweet,True,nvidia/NVIDIA-Nemotron-Labs-3-Puzzle-75B-A9B-NVFP4,p2
0,0,,sweet,True,nvidia/NVIDIA-Nemotron-Labs-3-Puzzle-75B-A9B-NVFP4,p2
0,0,,sweet,True,nvidia/NVIDIA-Nemotron-Labs-3-Puzzle-75B-A9B-NVFP4,p2
0,1,,sweet,False,nvidia/NVIDIA-Nemotron-Labs-3-Puzzle-75B-A9B-NVFP4,p2
1,1,,drift,True,nvidia/NVIDIA-Nemotron-Labs-3-Puzzle-75B-A9B-NVFP4,p2
1,1,,drift,True,nvidia/NVIDIA-Nemotron-Labs-3-Puzzle-75B-A9B-NVFP4,p2
1,1,,drift,True,nvidia/NVIDIA-Nemotron-Labs-3-Puzzle-75B-A9B-NVFP4,p2
1,1,,drift,True,nvidia/NVIDIA-Nemotron-Labs-3-Puzzle-75B-A9B-NVFP4,p2
1,1,,drift,True,nvidia/NVIDIA-Nemotron-Labs-3-Puzzle-75B-A9B-NVFP4,p2
1,1,,drift,True,nvidia/NVIDIA-Nemotron-Labs-3-Puzzle-75B-A9B-NVFP4,p2
1,1,,drift,True,nvidia/NVIDIA-Nemotron-Labs-3-Puzzle-75B-A9B-NVFP4,p2
1,1,,drift,True,nvidia/NVIDIA-Nemotron-Labs-3-Puzzle-75B-A9B-NVFP4,p2
1,1,,drift,True,nvidia/NVIDIA-Nemotron-Labs-3-Puzzle-75B-A9B-NVFP4,p2
1,1,,drift,True,nvidia/NVIDIA-Nemotron-Labs-3-Puzzle-75B-A9B-NVFP4,p2
1,1,,drift,True,nvidia/NVIDIA-Nemotron-Labs-3-Puzzle-75B-A9B-NVFP4,p2
0,0,,drift,True,nvidia/NVIDIA-Nemotron-Labs-3-Puzzle-75B-A9B-NVFP4,p2
0,1,,drift,False,nvidia/NVIDIA-Nemotron-Labs-3-Puzzle-75B-A9B-NVFP4,p2
0,0,,drift,True,nvidia/NVIDIA-Nemotron-Labs-3-Puzzle-75B-A9B-NVFP4,p2
0,1,,drift,False,nvidia/NVIDIA-Nemotron-Labs-3-Puzzle-75B-A9B-NVFP4,p2
0,1,,drift,False,nvidia/NVIDIA-Nemotron-Labs-3-Puzzle-75B-A9B-NVFP4,p2
0,0,,drift,True,nvidia/NVIDIA-Nemotron-Labs-3-Puzzle-75B-A9B-NVFP4,p2
0,1,,drift,False,nvidia/NVIDIA-Nemotron-Labs-3-Puzzle-75B-A9B-NVFP4,p2
0,0,,drift,True,nvidia/NVIDIA-Nemotron-Labs-3-Puzzle-75B-A9B-NVFP4,p2
0,0,,drift,True,nvidia/NVIDIA-Nemotron-Labs-3-Puzzle-75B-A9B-NVFP4,p2
0,1,,drift,False,nvidia/NVIDIA-Nemotron-Labs-3-Puzzle-75B-A9B-NVFP4,p2
0,0,,drift,True,nvidia/NVIDIA-Nemotron-Labs-3-Puzzle-75B-A9B-NVFP4,p2
1,1,,loyalty,True,nvidia/NVIDIA-Nemotron-Labs-3-Puzzle-75B-A9B-NVFP4,p2
0,1,,loyalty,False,nvidia/NVIDIA-Nemotron-Labs-3-Puzzle-75B-A9B-NVFP4,p2
0,1,,loyalty,False,nvidia/NVIDIA-Nemotron-Labs-3-Puzzle-75B-A9B-NVFP4,p2
1,1,,plot,True,nvidia/NVIDIA-Nemotron-Labs-3-Puzzle-75B-A9B-NVFP4,p2
1,1,,plot,True,nvidia/NVIDIA-Nemotron-Labs-3-Puzzle-75B-A9B-NVFP4,p2
1,1,,plot,True,nvidia/NVIDIA-Nemotron-Labs-3-Puzzle-75B-A9B-NVFP4,p2
0,0,,plot,True,nvidia/NVIDIA-Nemotron-Labs-3-Puzzle-75B-A9B-NVFP4,p2
0,0,,plot,True,nvidia/NVIDIA-Nemotron-Labs-3-Puzzle-75B-A9B-NVFP4,p2
0,0,,plot,True,nvidia/NVIDIA-Nemotron-Labs-3-Puzzle-75B-A9B-NVFP4,p2
1,1,,roar,True,nvidia/NVIDIA-Nemotron-Labs-3-Puzzle-75B-A9B-NVFP4,p2
1,1,,roar,True,nvidia/NVIDIA-Nemotron-Labs-3-Puzzle-75B-A9B-NVFP4,p2
0,1,,roar,False,nvidia/NVIDIA-Nemotron-Labs-3-Puzzle-75B-A9B-NVFP4,p2
0,1,,roar,False,nvidia/NVIDIA-Nemotron-Labs-3-Puzzle-75B-A9B-NVFP4,p2
0,0,,roar,True,nvidia/NVIDIA-Nemotron-Labs-3-Puzzle-75B-A9B-NVFP4,p2
0,0,,rest_on,True,nvidia/NVIDIA-Nemotron-Labs-3-Puzzle-75B-A9B-NVFP4,p2
1,1,,optical,True,nvidia/NVIDIA-Nemotron-Labs-3-Puzzle-75B-A9B-NVFP4,p2
0,1,,optical,False,nvidia/NVIDIA-Nemotron-Labs-3-Puzzle-75B-A9B-NVFP4,p2
0,0,,optical,True,nvidia/NVIDIA-Nemotron-Labs-3-Puzzle-75B-A9B-NVFP4,p2
1,1,,irregularly,True,nvidia/NVIDIA-Nemotron-Labs-3-Puzzle-75B-A9B-NVFP4,p2
0,1,,irregularly,False,nvidia/NVIDIA-Nemotron-Labs-3-Puzzle-75B-A9B-NVFP4,p2
0,1,,irregularly,False,nvidia/NVIDIA-Nemotron-Labs-3-Puzzle-75B-A9B-NVFP4,p2
1,1,,harmonious,True,nvidia/NVIDIA-Nemotron-Labs-3-Puzzle-75B-A9B-NVFP4,p2
1,1,,harmonious,True,nvidia/NVIDIA-Nemotron-Labs-3-Puzzle-75B-A9B-NVFP4,p2
1,1,,harmonious,True,nvidia/NVIDIA-Nemotron-Labs-3-Puzzle-75B-A9B-NVFP4,p2
0,1,,harmonious,False,nvidia/NVIDIA-Nemotron-Labs-3-Puzzle-75B-A9B-NVFP4,p2
0,1,,harmonious,False,nvidia/NVIDIA-Nemotron-Labs-3-Puzzle-75B-A9B-NVFP4,p2
0,1,,harmonious,False,nvidia/NVIDIA-Nemotron-Labs-3-Puzzle-75B-A9B-NVFP4,p2
1,1,,spoil,True,nvidia/NVIDIA-Nemotron-Labs-3-Puzzle-75B-A9B-NVFP4,p2
1,1,,spoil,True,nvidia/NVIDIA-Nemotron-Labs-3-Puzzle-75B-A9B-NVFP4,p2
1,1,,spoil,True,nvidia/NVIDIA-Nemotron-Labs-3-Puzzle-75B-A9B-NVFP4,p2
1,1,,spoil,True,nvidia/NVIDIA-Nemotron-Labs-3-Puzzle-75B-A9B-NVFP4,p2
1,1,,spoil,True,nvidia/NVIDIA-Nemotron-Labs-3-Puzzle-75B-A9B-NVFP4,p2
0,0,,spoil,True,nvidia/NVIDIA-Nemotron-Labs-3-Puzzle-75B-A9B-NVFP4,p2
0,0,,spoil,True,nvidia/NVIDIA-Nemotron-Labs-3-Puzzle-75B-A9B-NVFP4,p2
0,0,,spoil,True,nvidia/NVIDIA-Nemotron-Labs-3-Puzzle-75B-A9B-NVFP4,p2
0,0,,spoil,True,nvidia/NVIDIA-Nemotron-Labs-3-Puzzle-75B-A9B-NVFP4,p2
1,1,,notch,True,nvidia/NVIDIA-Nemotron-Labs-3-Puzzle-75B-A9B-NVFP4,p2
1,1,,notch,True,nvidia/NVIDIA-Nemotron-Labs-3-Puzzle-75B-A9B-NVFP4,p2
1,1,,notch,True,nvidia/NVIDIA-Nemotron-Labs-3-Puzzle-75B-A9B-NVFP4,p2
0,0,,notch,True,nvidia/NVIDIA-Nemotron-Labs-3-Puzzle-75B-A9B-NVFP4,p2
0,0,,notch,True,nvidia/NVIDIA-Nemotron-Labs-3-Puzzle-75B-A9B-NVFP4,p2
0,1,,notch,False,nvidia/NVIDIA-Nemotron-Labs-3-Puzzle-75B-A9B-NVFP4,p2
0,0,,notch,True,nvidia/NVIDIA-Nemotron-Labs-3-Puzzle-75B-A9B-NVFP4,p2
1,1,,die,True,nvidia/NVIDIA-Nemotron-Labs-3-Puzzle-75B-A9B-NVFP4,p2
1,1,,darken,True,nvidia/NVIDIA-Nemotron-Labs-3-Puzzle-75B-A9B-NVFP4,p2
0,1,,darken,False,nvidia/NVIDIA-Nemotron-Labs-3-Puzzle-75B-A9B-NVFP4,p2
0,1,,darken,False,nvidia/NVIDIA-Nemotron-Labs-3-Puzzle-75B-A9B-NVFP4,p2
1,1,,fusion,True,nvidia/NVIDIA-Nemotron-Labs-3-Puzzle-75B-A9B-NVFP4,p2
1,1,,fusion,True,nvidia/NVIDIA-Nemotron-Labs-3-Puzzle-75B-A9B-NVFP4,p2
1,1,,fusion,True,nvidia/NVIDIA-Nemotron-Labs-3-Puzzle-75B-A9B-NVFP4,p2
1,1,,fusion,True,nvidia/NVIDIA-Nemotron-Labs-3-Puzzle-75B-A9B-NVFP4,p2
0,1,,fusion,False,nvidia/NVIDIA-Nemotron-Labs-3-Puzzle-75B-A9B-NVFP4,p2
0,0,,fusion,True,nvidia/NVIDIA-Nemotron-Labs-3-Puzzle-75B-A9B-NVFP4,p2
0,1,,fusion,False,nvidia/NVIDIA-Nemotron-Labs-3-Puzzle-75B-A9B-NVFP4,p2
0,1,,fusion,False,nvidia/NVIDIA-Nemotron-Labs-3-Puzzle-75B-A9B-NVFP4,p2
0,0,,fusion,True,nvidia/NVIDIA-Nemotron-Labs-3-Puzzle-75B-A9B-NVFP4,p2
1,0,,projection,False,nvidia/NVIDIA-Nemotron-Labs-3-Puzzle-75B-A9B-NVFP4,p2
1,1,,projection,True,nvidia/NVIDIA-Nemotron-Labs-3-Puzzle-75B-A9B-NVFP4,p2
1,1,,projection,True,nvidia/NVIDIA-Nemotron-Labs-3-Puzzle-75B-A9B-NVFP4,p2
1,1,,projection,True,nvidia/NVIDIA-Nemotron-Labs-3-Puzzle-75B-A9B-NVFP4,p2
0,0,,projection,True,nvidia/NVIDIA-Nemotron-Labs-3-Puzzle-75B-A9B-NVFP4,p2
0,1,,projection,False,nvidia/NVIDIA-Nemotron-Labs-3-Puzzle-75B-A9B-NVFP4,p2
0,0,,projection,True,nvidia/NVIDIA-Nemotron-Labs-3-Puzzle-75B-A9B-NVFP4,p2
0,0,,projection,True,nvidia/NVIDIA-Nemotron-Labs-3-Puzzle-75B-A9B-NVFP4,p2
0,0,,projection,True,nvidia/NVIDIA-Nemotron-Labs-3-Puzzle-75B-A9B-NVFP4,p2
0,0,,projection,True,nvidia/NVIDIA-Nemotron-Labs-3-Puzzle-75B-A9B-NVFP4,p2
0,0,,projection,True,nvidia/NVIDIA-Nemotron-Labs-3-Puzzle-75B-A9B-NVFP4,p2
1,1,,exceptional,True,nvidia/NVIDIA-Nemotron-Labs-3-Puzzle-75B-A9B-NVFP4,p2
0,0,,exceptional,True,nvidia/NVIDIA-Nemotron-Labs-3-Puzzle-75B-A9B-NVFP4,p2
0,1,,exceptional,False,nvidia/NVIDIA-Nemotron-Labs-3-Puzzle-75B-A9B-NVFP4,p2
0,1,,exceptional,False,nvidia/NVIDIA-Nemotron-Labs-3-Puzzle-75B-A9B-NVFP4,p2
1,1,,publisher,True,nvidia/NVIDIA-Nemotron-Labs-3-Puzzle-75B-A9B-NVFP4,p2
1,1,,publisher,True,nvidia/NVIDIA-Nemotron-Labs-3-Puzzle-75B-A9B-NVFP4,p2
0,1,,publisher,False,nvidia/NVIDIA-Nemotron-Labs-3-Puzzle-75B-A9B-NVFP4,p2
1,1,,pound,True,nvidia/NVIDIA-Nemotron-Labs-3-Puzzle-75B-A9B-NVFP4,p2
1,1,,pound,True,nvidia/NVIDIA-Nemotron-Labs-3-Puzzle-75B-A9B-NVFP4,p2
1,1,,pound,True,nvidia/NVIDIA-Nemotron-Labs-3-Puzzle-75B-A9B-NVFP4,p2
0,0,,pound,True,nvidia/NVIDIA-Nemotron-Labs-3-Puzzle-75B-A9B-NVFP4,p2
0,1,,pound,False,nvidia/NVIDIA-Nemotron-Labs-3-Puzzle-75B-A9B-NVFP4,p2
1,1,,focus,True,nvidia/NVIDIA-Nemotron-Labs-3-Puzzle-75B-A9B-NVFP4,p2
1,1,,focus,True,nvidia/NVIDIA-Nemotron-Labs-3-Puzzle-75B-A9B-NVFP4,p2
1,1,,focus,True,nvidia/NVIDIA-Nemotron-Labs-3-Puzzle-75B-A9B-NVFP4,p2
1,1,,focus,True,nvidia/NVIDIA-Nemotron-Labs-3-Puzzle-75B-A9B-NVFP4,p2
1,1,,focus,True,nvidia/NVIDIA-Nemotron-Labs-3-Puzzle-75B-A9B-NVFP4,p2
1,1,,focus,True,nvidia/NVIDIA-Nemotron-Labs-3-Puzzle-75B-A9B-NVFP4,p2
1,1,,focus,True,nvidia/NVIDIA-Nemotron-Labs-3-Puzzle-75B-A9B-NVFP4,p2
0,0,,focus,True,nvidia/NVIDIA-Nemotron-Labs-3-Puzzle-75B-A9B-NVFP4,p2
0,0,,focus,True,nvidia/NVIDIA-Nemotron-Labs-3-Puzzle-75B-A9B-NVFP4,p2
0,1,,focus,False,nvidia/NVIDIA-Nemotron-Labs-3-Puzzle-75B-A9B-NVFP4,p2
0,0,,focus,True,nvidia/NVIDIA-Nemotron-Labs-3-Puzzle-75B-A9B-NVFP4,p2
0,1,,focus,False,nvidia/NVIDIA-Nemotron-Labs-3-Puzzle-75B-A9B-NVFP4,p2
0,0,,focus,True,nvidia/NVIDIA-Nemotron-Labs-3-Puzzle-75B-A9B-NVFP4,p2
0,0,,focus,True,nvidia/NVIDIA-Nemotron-Labs-3-Puzzle-75B-A9B-NVFP4,p2
0,0,,focus,True,nvidia/NVIDIA-Nemotron-Labs-3-Puzzle-75B-A9B-NVFP4,p2
0,0,,finding,True,nvidia/NVIDIA-Nemotron-Labs-3-Puzzle-75B-A9B-NVFP4,p2
1,1,,fog,True,nvidia/NVIDIA-Nemotron-Labs-3-Puzzle-75B-A9B-NVFP4,p2
1,1,,fog,True,nvidia/NVIDIA-Nemotron-Labs-3-Puzzle-75B-A9B-NVFP4,p2
1,1,,fog,True,nvidia/NVIDIA-Nemotron-Labs-3-Puzzle-75B-A9B-NVFP4,p2
1,1,,stumble,True,nvidia/NVIDIA-Nemotron-Labs-3-Puzzle-75B-A9B-NVFP4,p2
0,0,,stumble,True,nvidia/NVIDIA-Nemotron-Labs-3-Puzzle-75B-A9B-NVFP4,p2
0,0,,stumble,True,nvidia/NVIDIA-Nemotron-Labs-3-Puzzle-75B-A9B-NVFP4,p2
0,1,,stumble,False,nvidia/NVIDIA-Nemotron-Labs-3-Puzzle-75B-A9B-NVFP4,p2
1,1,,unexpectedly,True,nvidia/NVIDIA-Nemotron-Labs-3-Puzzle-75B-A9B-NVFP4,p2
0,0,,stature,True,nvidia/NVIDIA-Nemotron-Labs-3-Puzzle-75B-A9B-NVFP4,p2
0,0,,stature,True,nvidia/NVIDIA-Nemotron-Labs-3-Puzzle-75B-A9B-NVFP4,p2
1,0,,cabbage,False,nvidia/NVIDIA-Nemotron-Labs-3-Puzzle-75B-A9B-NVFP4,p2
1,1,,cabbage,True,nvidia/NVIDIA-Nemotron-Labs-3-Puzzle-75B-A9B-NVFP4,p2
0,1,,cabbage,False,nvidia/NVIDIA-Nemotron-Labs-3-Puzzle-75B-A9B-NVFP4,p2
0,1,,cabbage,False,nvidia/NVIDIA-Nemotron-Labs-3-Puzzle-75B-A9B-NVFP4,p2
1,1,,parsley,True,nvidia/NVIDIA-Nemotron-Labs-3-Puzzle-75B-A9B-NVFP4,p2
1,1,,parsley,True,nvidia/NVIDIA-Nemotron-Labs-3-Puzzle-75B-A9B-NVFP4,p2
0,0,,affected,True,nvidia/NVIDIA-Nemotron-Labs-3-Puzzle-75B-A9B-NVFP4,p2
0,1,,fishing,False,nvidia/NVIDIA-Nemotron-Labs-3-Puzzle-75B-A9B-NVFP4,p2
0,1,,fishing,False,nvidia/NVIDIA-Nemotron-Labs-3-Puzzle-75B-A9B-NVFP4,p2
1,1,,personally,True,nvidia/NVIDIA-Nemotron-Labs-3-Puzzle-75B-A9B-NVFP4,p2
1,1,,personally,True,nvidia/NVIDIA-Nemotron-Labs-3-Puzzle-75B-A9B-NVFP4,p2
1,1,,personally,True,nvidia/NVIDIA-Nemotron-Labs-3-Puzzle-75B-A9B-NVFP4,p2
1,0,,personally,False,nvidia/NVIDIA-Nemotron-Labs-3-Puzzle-75B-A9B-NVFP4,p2
0,0,,personally,True,nvidia/NVIDIA-Nemotron-Labs-3-Puzzle-75B-A9B-NVFP4,p2
0,1,,personally,False,nvidia/NVIDIA-Nemotron-Labs-3-Puzzle-75B-A9B-NVFP4,p2
0,0,,personally,True,nvidia/NVIDIA-Nemotron-Labs-3-Puzzle-75B-A9B-NVFP4,p2
0,1,,personally,False,nvidia/NVIDIA-Nemotron-Labs-3-Puzzle-75B-A9B-NVFP4,p2
1,1,,review,True,nvidia/NVIDIA-Nemotron-Labs-3-Puzzle-75B-A9B-NVFP4,p2
1,1,,review,True,nvidia/NVIDIA-Nemotron-Labs-3-Puzzle-75B-A9B-NVFP4,p2
1,1,,review,True,nvidia/NVIDIA-Nemotron-Labs-3-Puzzle-75B-A9B-NVFP4,p2
1,1,,review,True,nvidia/NVIDIA-Nemotron-Labs-3-Puzzle-75B-A9B-NVFP4,p2
1,1,,review,True,nvidia/NVIDIA-Nemotron-Labs-3-Puzzle-75B-A9B-NVFP4,p2
1,1,,review,True,nvidia/NVIDIA-Nemotron-Labs-3-Puzzle-75B-A9B-NVFP4,p2
0,1,,review,False,nvidia/NVIDIA-Nemotron-Labs-3-Puzzle-75B-A9B-NVFP4,p2
0,1,,review,False,nvidia/NVIDIA-Nemotron-Labs-3-Puzzle-75B-A9B-NVFP4,p2
0,1,,review,False,nvidia/NVIDIA-Nemotron-Labs-3-Puzzle-75B-A9B-NVFP4,p2
1,1,,aesthetic,True,nvidia/NVIDIA-Nemotron-Labs-3-Puzzle-75B-A9B-NVFP4,p2
0,0,,aesthetic,True,nvidia/NVIDIA-Nemotron-Labs-3-Puzzle-75B-A9B-NVFP4,p2
0,1,,aesthetic,False,nvidia/NVIDIA-Nemotron-Labs-3-Puzzle-75B-A9B-NVFP4,p2
0,1,,aesthetic,False,nvidia/NVIDIA-Nemotron-Labs-3-Puzzle-75B-A9B-NVFP4,p2
1,1,,self,True,nvidia/NVIDIA-Nemotron-Labs-3-Puzzle-75B-A9B-NVFP4,p2
1,1,,self,True,nvidia/NVIDIA-Nemotron-Labs-3-Puzzle-75B-A9B-NVFP4,p2
1,1,,ventricle,True,nvidia/NVIDIA-Nemotron-Labs-3-Puzzle-75B-A9B-NVFP4,p2
0,0,,ventricle,True,nvidia/NVIDIA-Nemotron-Labs-3-Puzzle-75B-A9B-NVFP4,p2
0,0,,dark,True,nvidia/NVIDIA-Nemotron-Labs-3-Puzzle-75B-A9B-NVFP4,p2
0,1,,dark,False,nvidia/NVIDIA-Nemotron-Labs-3-Puzzle-75B-A9B-NVFP4,p2
1,1,,spur,True,nvidia/NVIDIA-Nemotron-Labs-3-Puzzle-75B-A9B-NVFP4,p2
1,1,,spur,True,nvidia/NVIDIA-Nemotron-Labs-3-Puzzle-75B-A9B-NVFP4,p2
1,1,,spur,True,nvidia/NVIDIA-Nemotron-Labs-3-Puzzle-75B-A9B-NVFP4,p2
0,0,,spur,True,nvidia/NVIDIA-Nemotron-Labs-3-Puzzle-75B-A9B-NVFP4,p2
0,0,,spur,True,nvidia/NVIDIA-Nemotron-Labs-3-Puzzle-75B-A9B-NVFP4,p2
0,0,,spur,True,nvidia/NVIDIA-Nemotron-Labs-3-Puzzle-75B-A9B-NVFP4,p2
0,0,,spur,True,nvidia/NVIDIA-Nemotron-Labs-3-Puzzle-75B-A9B-NVFP4,p2
0,0,,spur,True,nvidia/NVIDIA-Nemotron-Labs-3-Puzzle-75B-A9B-NVFP4,p2
0,0,,spur,True,nvidia/NVIDIA-Nemotron-Labs-3-Puzzle-75B-A9B-NVFP4,p2
1,1,,label,True,nvidia/NVIDIA-Nemotron-Labs-3-Puzzle-75B-A9B-NVFP4,p2
1,1,,label,True,nvidia/NVIDIA-Nemotron-Labs-3-Puzzle-75B-A9B-NVFP4,p2
1,1,,label,True,nvidia/NVIDIA-Nemotron-Labs-3-Puzzle-75B-A9B-NVFP4,p2
1,1,,label,True,nvidia/NVIDIA-Nemotron-Labs-3-Puzzle-75B-A9B-NVFP4,p2
1,1,,label,True,nvidia/NVIDIA-Nemotron-Labs-3-Puzzle-75B-A9B-NVFP4,p2
0,1,,label,False,nvidia/NVIDIA-Nemotron-Labs-3-Puzzle-75B-A9B-NVFP4,p2
0,0,,label,True,nvidia/NVIDIA-Nemotron-Labs-3-Puzzle-75B-A9B-NVFP4,p2
0,0,,label,True,nvidia/NVIDIA-Nemotron-Labs-3-Puzzle-75B-A9B-NVFP4,p2
0,0,,label,True,nvidia/NVIDIA-Nemotron-Labs-3-Puzzle-75B-A9B-NVFP4,p2
0,1,,label,False,nvidia/NVIDIA-Nemotron-Labs-3-Puzzle-75B-A9B-NVFP4,p2
0,1,,label,False,nvidia/NVIDIA-Nemotron-Labs-3-Puzzle-75B-A9B-NVFP4,p2
0,1,,label,False,nvidia/NVIDIA-Nemotron-Labs-3-Puzzle-75B-A9B-NVFP4,p2
0,0,,label,True,nvidia/NVIDIA-Nemotron-Labs-3-Puzzle-75B-A9B-NVFP4,p2
1,1,,unsuitable,True,nvidia/NVIDIA-Nemotron-Labs-3-Puzzle-75B-A9B-NVFP4,p2
0,1,,unsuitable,False,nvidia/NVIDIA-Nemotron-Labs-3-Puzzle-75B-A9B-NVFP4,p2
0,1,,unsuitable,False,nvidia/NVIDIA-Nemotron-Labs-3-Puzzle-75B-A9B-NVFP4,p2
1,1,,crowd,True,nvidia/NVIDIA-Nemotron-Labs-3-Puzzle-75B-A9B-NVFP4,p2
1,1,,crowd,True,nvidia/NVIDIA-Nemotron-Labs-3-Puzzle-75B-A9B-NVFP4,p2
0,0,,crowd,True,nvidia/NVIDIA-Nemotron-Labs-3-Puzzle-75B-A9B-NVFP4,p2
1,1,,mortar,True,nvidia/NVIDIA-Nemotron-Labs-3-Puzzle-75B-A9B-NVFP4,p2
0,0,,mortar,True,nvidia/NVIDIA-Nemotron-Labs-3-Puzzle-75B-A9B-NVFP4,p2
1,1,,elevate,True,nvidia/NVIDIA-Nemotron-Labs-3-Puzzle-75B-A9B-NVFP4,p2
1,1,,elevate,True,nvidia/NVIDIA-Nemotron-Labs-3-Puzzle-75B-A9B-NVFP4,p2
0,1,,elevate,False,nvidia/NVIDIA-Nemotron-Labs-3-Puzzle-75B-A9B-NVFP4,p2
0,0,,elevate,True,nvidia/NVIDIA-Nemotron-Labs-3-Puzzle-75B-A9B-NVFP4,p2
1,1,,mysterious,True,nvidia/NVIDIA-Nemotron-Labs-3-Puzzle-75B-A9B-NVFP4,p2
0,1,,mysterious,False,nvidia/NVIDIA-Nemotron-Labs-3-Puzzle-75B-A9B-NVFP4,p2
1,1,,chemically,True,nvidia/NVIDIA-Nemotron-Labs-3-Puzzle-75B-A9B-NVFP4,p2
1,1,,chemically,True,nvidia/NVIDIA-Nemotron-Labs-3-Puzzle-75B-A9B-NVFP4,p2
0,1,,immerse,False,nvidia/NVIDIA-Nemotron-Labs-3-Puzzle-75B-A9B-NVFP4,p2
0,1,,immerse,False,nvidia/NVIDIA-Nemotron-Labs-3-Puzzle-75B-A9B-NVFP4,p2
1,1,,lump,True,nvidia/NVIDIA-Nemotron-Labs-3-Puzzle-75B-A9B-NVFP4,p2
1,1,,drown,True,nvidia/NVIDIA-Nemotron-Labs-3-Puzzle-75B-A9B-NVFP4,p2
1,1,,drown,True,nvidia/NVIDIA-Nemotron-Labs-3-Puzzle-75B-A9B-NVFP4,p2
1,1,,drown,True,nvidia/NVIDIA-Nemotron-Labs-3-Puzzle-75B-A9B-NVFP4,p2
1,1,,drown,True,nvidia/NVIDIA-Nemotron-Labs-3-Puzzle-75B-A9B-NVFP4,p2
0,0,,drown,True,nvidia/NVIDIA-Nemotron-Labs-3-Puzzle-75B-A9B-NVFP4,p2
0,0,,drown,True,nvidia/NVIDIA-Nemotron-Labs-3-Puzzle-75B-A9B-NVFP4,p2
0,0,,drown,True,nvidia/NVIDIA-Nemotron-Labs-3-Puzzle-75B-A9B-NVFP4,p2
1,1,,stir,True,nvidia/NVIDIA-Nemotron-Labs-3-Puzzle-75B-A9B-NVFP4,p2
1,1,,stir,True,nvidia/NVIDIA-Nemotron-Labs-3-Puzzle-75B-A9B-NVFP4,p2
1,1,,stir,True,nvidia/NVIDIA-Nemotron-Labs-3-Puzzle-75B-A9B-NVFP4,p2
0,0,,stir,True,nvidia/NVIDIA-Nemotron-Labs-3-Puzzle-75B-A9B-NVFP4,p2
0,1,,stir,False,nvidia/NVIDIA-Nemotron-Labs-3-Puzzle-75B-A9B-NVFP4,p2
0,0,,stir,True,nvidia/NVIDIA-Nemotron-Labs-3-Puzzle-75B-A9B-NVFP4,p2
1,1,,limitation,True,nvidia/NVIDIA-Nemotron-Labs-3-Puzzle-75B-A9B-NVFP4,p2
1,1,,limitation,True,nvidia/NVIDIA-Nemotron-Labs-3-Puzzle-75B-A9B-NVFP4,p2
1,1,,limitation,True,nvidia/NVIDIA-Nemotron-Labs-3-Puzzle-75B-A9B-NVFP4,p2
0,1,,limitation,False,nvidia/NVIDIA-Nemotron-Labs-3-Puzzle-75B-A9B-NVFP4,p2
0,1,,limitation,False,nvidia/NVIDIA-Nemotron-Labs-3-Puzzle-75B-A9B-NVFP4,p2
1,1,,hood,True,nvidia/NVIDIA-Nemotron-Labs-3-Puzzle-75B-A9B-NVFP4,p2
1,1,,hood,True,nvidia/NVIDIA-Nemotron-Labs-3-Puzzle-75B-A9B-NVFP4,p2
1,1,,hood,True,nvidia/NVIDIA-Nemotron-Labs-3-Puzzle-75B-A9B-NVFP4,p2
1,1,,hood,True,nvidia/NVIDIA-Nemotron-Labs-3-Puzzle-75B-A9B-NVFP4,p2
1,1,,hood,True,nvidia/NVIDIA-Nemotron-Labs-3-Puzzle-75B-A9B-NVFP4,p2
1,1,,hood,True,nvidia/NVIDIA-Nemotron-Labs-3-Puzzle-75B-A9B-NVFP4,p2
1,1,,hood,True,nvidia/NVIDIA-Nemotron-Labs-3-Puzzle-75B-A9B-NVFP4,p2
0,0,,hood,True,nvidia/NVIDIA-Nemotron-Labs-3-Puzzle-75B-A9B-NVFP4,p2
0,0,,hood,True,nvidia/NVIDIA-Nemotron-Labs-3-Puzzle-75B-A9B-NVFP4,p2
0,1,,hood,False,nvidia/NVIDIA-Nemotron-Labs-3-Puzzle-75B-A9B-NVFP4,p2
0,0,,hood,True,nvidia/NVIDIA-Nemotron-Labs-3-Puzzle-75B-A9B-NVFP4,p2
0,0,,hood,True,nvidia/NVIDIA-Nemotron-Labs-3-Puzzle-75B-A9B-NVFP4,p2
0,0,,hood,True,nvidia/NVIDIA-Nemotron-Labs-3-Puzzle-75B-A9B-NVFP4,p2
1,1,,graphic,True,nvidia/NVIDIA-Nemotron-Labs-3-Puzzle-75B-A9B-NVFP4,p2
1,0,,graphic,False,nvidia/NVIDIA-Nemotron-Labs-3-Puzzle-75B-A9B-NVFP4,p2
1,1,,graphic,True,nvidia/NVIDIA-Nemotron-Labs-3-Puzzle-75B-A9B-NVFP4,p2
1,1,,graphic,True,nvidia/NVIDIA-Nemotron-Labs-3-Puzzle-75B-A9B-NVFP4,p2
0,0,,graphic,True,nvidia/NVIDIA-Nemotron-Labs-3-Puzzle-75B-A9B-NVFP4,p2
0,1,,graphic,False,nvidia/NVIDIA-Nemotron-Labs-3-Puzzle-75B-A9B-NVFP4,p2
0,1,,graphic,False,nvidia/NVIDIA-Nemotron-Labs-3-Puzzle-75B-A9B-NVFP4,p2
0,0,,graphic,True,nvidia/NVIDIA-Nemotron-Labs-3-Puzzle-75B-A9B-NVFP4,p2
1,0,,get_into,False,nvidia/NVIDIA-Nemotron-Labs-3-Puzzle-75B-A9B-NVFP4,p2
1,1,,get_into,True,nvidia/NVIDIA-Nemotron-Labs-3-Puzzle-75B-A9B-NVFP4,p2
1,1,,get_into,True,nvidia/NVIDIA-Nemotron-Labs-3-Puzzle-75B-A9B-NVFP4,p2
0,0,,get_into,True,nvidia/NVIDIA-Nemotron-Labs-3-Puzzle-75B-A9B-NVFP4,p2
0,0,,get_into,True,nvidia/NVIDIA-Nemotron-Labs-3-Puzzle-75B-A9B-NVFP4,p2
0,0,,get_into,True,nvidia/NVIDIA-Nemotron-Labs-3-Puzzle-75B-A9B-NVFP4,p2
1,1,,pulse,True,nvidia/NVIDIA-Nemotron-Labs-3-Puzzle-75B-A9B-NVFP4,p2
1,1,,pulse,True,nvidia/NVIDIA-Nemotron-Labs-3-Puzzle-75B-A9B-NVFP4,p2
0,1,,pulse,False,nvidia/NVIDIA-Nemotron-Labs-3-Puzzle-75B-A9B-NVFP4,p2
0,0,,pulse,True,nvidia/NVIDIA-Nemotron-Labs-3-Puzzle-75B-A9B-NVFP4,p2
0,0,,pulse,True,nvidia/NVIDIA-Nemotron-Labs-3-Puzzle-75B-A9B-NVFP4,p2
0,1,,rugged,False,nvidia/NVIDIA-Nemotron-Labs-3-Puzzle-75B-A9B-NVFP4,p2
0,1,,rugged,False,nvidia/NVIDIA-Nemotron-Labs-3-Puzzle-75B-A9B-NVFP4,p2
1,1,,studio,True,nvidia/NVIDIA-Nemotron-Labs-3-Puzzle-75B-A9B-NVFP4,p2
1,1,,studio,True,nvidia/NVIDIA-Nemotron-Labs-3-Puzzle-75B-A9B-NVFP4,p2
1,1,,studio,True,nvidia/NVIDIA-Nemotron-Labs-3-Puzzle-75B-A9B-NVFP4,p2
0,0,,studio,True,nvidia/NVIDIA-Nemotron-Labs-3-Puzzle-75B-A9B-NVFP4,p2
0,1,,studio,False,nvidia/NVIDIA-Nemotron-Labs-3-Puzzle-75B-A9B-NVFP4,p2
1,1,,ancestral,True,nvidia/NVIDIA-Nemotron-Labs-3-Puzzle-75B-A9B-NVFP4,p2
0,1,,ancestral,False,nvidia/NVIDIA-Nemotron-Labs-3-Puzzle-75B-A9B-NVFP4,p2
0,1,,ancestral,False,nvidia/NVIDIA-Nemotron-Labs-3-Puzzle-75B-A9B-NVFP4,p2
0,1,,motor,False,nvidia/NVIDIA-Nemotron-Labs-3-Puzzle-75B-A9B-NVFP4,p2
0,0,,cricket,True,nvidia/NVIDIA-Nemotron-Labs-3-Puzzle-75B-A9B-NVFP4,p2
0,0,,cricket,True,nvidia/NVIDIA-Nemotron-Labs-3-Puzzle-75B-A9B-NVFP4,p2
1,1,,hypothesis,True,nvidia/NVIDIA-Nemotron-Labs-3-Puzzle-75B-A9B-NVFP4,p2
0,0,,hypothesis,True,nvidia/NVIDIA-Nemotron-Labs-3-Puzzle-75B-A9B-NVFP4,p2
0,1,,hypothesis,False,nvidia/NVIDIA-Nemotron-Labs-3-Puzzle-75B-A9B-NVFP4,p2
1,1,,coherent,True,nvidia/NVIDIA-Nemotron-Labs-3-Puzzle-75B-A9B-NVFP4,p2
0,0,,coherent,True,nvidia/NVIDIA-Nemotron-Labs-3-Puzzle-75B-A9B-NVFP4,p2
0,0,,coherent,True,nvidia/NVIDIA-Nemotron-Labs-3-Puzzle-75B-A9B-NVFP4,p2
0,0,,coherent,True,nvidia/NVIDIA-Nemotron-Labs-3-Puzzle-75B-A9B-NVFP4,p2
1,1,,at_hand,True,nvidia/NVIDIA-Nemotron-Labs-3-Puzzle-75B-A9B-NVFP4,p2
1,1,,at_hand,True,nvidia/NVIDIA-Nemotron-Labs-3-Puzzle-75B-A9B-NVFP4,p2
0,1,,at_hand,False,nvidia/NVIDIA-Nemotron-Labs-3-Puzzle-75B-A9B-NVFP4,p2
0,0,,at_hand,True,nvidia/NVIDIA-Nemotron-Labs-3-Puzzle-75B-A9B-NVFP4,p2
1,1,,prominence,True,nvidia/NVIDIA-Nemotron-Labs-3-Puzzle-75B-A9B-NVFP4,p2
0,0,,prominence,True,nvidia/NVIDIA-Nemotron-Labs-3-Puzzle-75B-A9B-NVFP4,p2
0,0,,prominence,True,nvidia/NVIDIA-Nemotron-Labs-3-Puzzle-75B-A9B-NVFP4,p2
0,0,,prominence,True,nvidia/NVIDIA-Nemotron-Labs-3-Puzzle-75B-A9B-NVFP4,p2
1,1,,democracy,True,nvidia/NVIDIA-Nemotron-Labs-3-Puzzle-75B-A9B-NVFP4,p2
0,1,,democracy,False,nvidia/NVIDIA-Nemotron-Labs-3-Puzzle-75B-A9B-NVFP4,p2
1,1,,shutter,True,nvidia/NVIDIA-Nemotron-Labs-3-Puzzle-75B-A9B-NVFP4,p2
1,1,,shutter,True,nvidia/NVIDIA-Nemotron-Labs-3-Puzzle-75B-A9B-NVFP4,p2
0,0,,shutter,True,nvidia/NVIDIA-Nemotron-Labs-3-Puzzle-75B-A9B-NVFP4,p2
0,0,,shutter,True,nvidia/NVIDIA-Nemotron-Labs-3-Puzzle-75B-A9B-NVFP4,p2
0,1,,uncertainty,False,nvidia/NVIDIA-Nemotron-Labs-3-Puzzle-75B-A9B-NVFP4,p2
0,1,,stage,False,nvidia/NVIDIA-Nemotron-Labs-3-Puzzle-75B-A9B-NVFP4,p2
1,1,,bride,True,nvidia/NVIDIA-Nemotron-Labs-3-Puzzle-75B-A9B-NVFP4,p2
0,0,,bride,True,nvidia/NVIDIA-Nemotron-Labs-3-Puzzle-75B-A9B-NVFP4,p2
0,0,,bride,True,nvidia/NVIDIA-Nemotron-Labs-3-Puzzle-75B-A9B-NVFP4,p2
1,1,,celery,True,nvidia/NVIDIA-Nemotron-Labs-3-Puzzle-75B-A9B-NVFP4,p2
1,1,,celery,True,nvidia/NVIDIA-Nemotron-Labs-3-Puzzle-75B-A9B-NVFP4,p2
0,1,,celery,False,nvidia/NVIDIA-Nemotron-Labs-3-Puzzle-75B-A9B-NVFP4,p2
1,1,,submerged,True,nvidia/NVIDIA-Nemotron-Labs-3-Puzzle-75B-A9B-NVFP4,p2
1,1,,ease,True,nvidia/NVIDIA-Nemotron-Labs-3-Puzzle-75B-A9B-NVFP4,p2
1,1,,ease,True,nvidia/NVIDIA-Nemotron-Labs-3-Puzzle-75B-A9B-NVFP4,p2
0,1,,ease,False,nvidia/NVIDIA-Nemotron-Labs-3-Puzzle-75B-A9B-NVFP4,p2
0,1,,ease,False,nvidia/NVIDIA-Nemotron-Labs-3-Puzzle-75B-A9B-NVFP4,p2
0,1,,ease,False,nvidia/NVIDIA-Nemotron-Labs-3-Puzzle-75B-A9B-NVFP4,p2
1,1,,fighter,True,nvidia/NVIDIA-Nemotron-Labs-3-Puzzle-75B-A9B-NVFP4,p2
0,0,,fighter,True,nvidia/NVIDIA-Nemotron-Labs-3-Puzzle-75B-A9B-NVFP4,p2
0,0,,fighter,True,nvidia/NVIDIA-Nemotron-Labs-3-Puzzle-75B-A9B-NVFP4,p2
1,1,,necessity,True,nvidia/NVIDIA-Nemotron-Labs-3-Puzzle-75B-A9B-NVFP4,p2
0,1,,necessity,False,nvidia/NVIDIA-Nemotron-Labs-3-Puzzle-75B-A9B-NVFP4,p2
0,1,,necessity,False,nvidia/NVIDIA-Nemotron-Labs-3-Puzzle-75B-A9B-NVFP4,p2
0,1,,hut,False,nvidia/NVIDIA-Nemotron-Labs-3-Puzzle-75B-A9B-NVFP4,p2
1,1,,fowl,True,nvidia/NVIDIA-Nemotron-Labs-3-Puzzle-75B-A9B-NVFP4,p2
0,1,,fowl,False,nvidia/NVIDIA-Nemotron-Labs-3-Puzzle-75B-A9B-NVFP4,p2
1,1,,protected,True,nvidia/NVIDIA-Nemotron-Labs-3-Puzzle-75B-A9B-NVFP4,p2
0,1,,protected,False,nvidia/NVIDIA-Nemotron-Labs-3-Puzzle-75B-A9B-NVFP4,p2
1,1,,put_up,True,nvidia/NVIDIA-Nemotron-Labs-3-Puzzle-75B-A9B-NVFP4,p2
1,0,,put_up,False,nvidia/NVIDIA-Nemotron-Labs-3-Puzzle-75B-A9B-NVFP4,p2
1,1,,put_up,True,nvidia/NVIDIA-Nemotron-Labs-3-Puzzle-75B-A9B-NVFP4,p2
0,0,,put_up,True,nvidia/NVIDIA-Nemotron-Labs-3-Puzzle-75B-A9B-NVFP4,p2
0,0,,put_up,True,nvidia/NVIDIA-Nemotron-Labs-3-Puzzle-75B-A9B-NVFP4,p2
0,0,,put_up,True,nvidia/NVIDIA-Nemotron-Labs-3-Puzzle-75B-A9B-NVFP4,p2
0,0,,put_up,True,nvidia/NVIDIA-Nemotron-Labs-3-Puzzle-75B-A9B-NVFP4,p2
0,0,,put_up,True,nvidia/NVIDIA-Nemotron-Labs-3-Puzzle-75B-A9B-NVFP4,p2
1,1,,struggle,True,nvidia/NVIDIA-Nemotron-Labs-3-Puzzle-75B-A9B-NVFP4,p2
1,1,,struggle,True,nvidia/NVIDIA-Nemotron-Labs-3-Puzzle-75B-A9B-NVFP4,p2
0,1,,struggle,False,nvidia/NVIDIA-Nemotron-Labs-3-Puzzle-75B-A9B-NVFP4,p2
0,1,,struggle,False,nvidia/NVIDIA-Nemotron-Labs-3-Puzzle-75B-A9B-NVFP4,p2
0,1,,struggle,False,nvidia/NVIDIA-Nemotron-Labs-3-Puzzle-75B-A9B-NVFP4,p2
1,1,,charity,True,nvidia/NVIDIA-Nemotron-Labs-3-Puzzle-75B-A9B-NVFP4,p2
0,0,,charity,True,nvidia/NVIDIA-Nemotron-Labs-3-Puzzle-75B-A9B-NVFP4,p2
0,1,,charity,False,nvidia/NVIDIA-Nemotron-Labs-3-Puzzle-75B-A9B-NVFP4,p2
0,0,,charity,True,nvidia/NVIDIA-Nemotron-Labs-3-Puzzle-75B-A9B-NVFP4,p2
1,1,,alarm,True,nvidia/NVIDIA-Nemotron-Labs-3-Puzzle-75B-A9B-NVFP4,p2
1,1,,alarm,True,nvidia/NVIDIA-Nemotron-Labs-3-Puzzle-75B-A9B-NVFP4,p2
0,0,,alarm,True,nvidia/NVIDIA-Nemotron-Labs-3-Puzzle-75B-A9B-NVFP4,p2
0,0,,alarm,True,nvidia/NVIDIA-Nemotron-Labs-3-Puzzle-75B-A9B-NVFP4,p2
0,0,,alarm,True,nvidia/NVIDIA-Nemotron-Labs-3-Puzzle-75B-A9B-NVFP4,p2
0,0,,alarm,True,nvidia/NVIDIA-Nemotron-Labs-3-Puzzle-75B-A9B-NVFP4,p2
1,1,,comprehensive,True,nvidia/NVIDIA-Nemotron-Labs-3-Puzzle-75B-A9B-NVFP4,p2
1,1,,comprehensive,True,nvidia/NVIDIA-Nemotron-Labs-3-Puzzle-75B-A9B-NVFP4,p2
0,1,,comprehensive,False,nvidia/NVIDIA-Nemotron-Labs-3-Puzzle-75B-A9B-NVFP4,p2
1,1,,cabinet,True,nvidia/NVIDIA-Nemotron-Labs-3-Puzzle-75B-A9B-NVFP4,p2
1,1,,cabinet,True,nvidia/NVIDIA-Nemotron-Labs-3-Puzzle-75B-A9B-NVFP4,p2
0,1,,cabinet,False,nvidia/NVIDIA-Nemotron-Labs-3-Puzzle-75B-A9B-NVFP4,p2
0,1,,cabinet,False,nvidia/NVIDIA-Nemotron-Labs-3-Puzzle-75B-A9B-NVFP4,p2
0,0,,cabinet,True,nvidia/NVIDIA-Nemotron-Labs-3-Puzzle-75B-A9B-NVFP4,p2
1,1,,spark,True,nvidia/NVIDIA-Nemotron-Labs-3-Puzzle-75B-A9B-NVFP4,p2
1,1,,spark,True,nvidia/NVIDIA-Nemotron-Labs-3-Puzzle-75B-A9B-NVFP4,p2
0,0,,spark,True,nvidia/NVIDIA-Nemotron-Labs-3-Puzzle-75B-A9B-NVFP4,p2
0,0,,spark,True,nvidia/NVIDIA-Nemotron-Labs-3-Puzzle-75B-A9B-NVFP4,p2
0,0,,spark,True,nvidia/NVIDIA-Nemotron-Labs-3-Puzzle-75B-A9B-NVFP4,p2
0,1,,spark,False,nvidia/NVIDIA-Nemotron-Labs-3-Puzzle-75B-A9B-NVFP4,p2
0,0,,spark,True,nvidia/NVIDIA-Nemotron-Labs-3-Puzzle-75B-A9B-NVFP4,p2
1,1,,liberty,True,nvidia/NVIDIA-Nemotron-Labs-3-Puzzle-75B-A9B-NVFP4,p2
1,1,,liberty,True,nvidia/NVIDIA-Nemotron-Labs-3-Puzzle-75B-A9B-NVFP4,p2
1,1,,liberty,True,nvidia/NVIDIA-Nemotron-Labs-3-Puzzle-75B-A9B-NVFP4,p2
0,0,,liberty,True,nvidia/NVIDIA-Nemotron-Labs-3-Puzzle-75B-A9B-NVFP4,p2
0,1,,liberty,False,nvidia/NVIDIA-Nemotron-Labs-3-Puzzle-75B-A9B-NVFP4,p2
0,0,,liberty,True,nvidia/NVIDIA-Nemotron-Labs-3-Puzzle-75B-A9B-NVFP4,p2
0,0,,liberty,True,nvidia/NVIDIA-Nemotron-Labs-3-Puzzle-75B-A9B-NVFP4,p2
0,0,,liberty,True,nvidia/NVIDIA-Nemotron-Labs-3-Puzzle-75B-A9B-NVFP4,p2
1,1,,set_off,True,nvidia/NVIDIA-Nemotron-Labs-3-Puzzle-75B-A9B-NVFP4,p2
1,1,,set_off,True,nvidia/NVIDIA-Nemotron-Labs-3-Puzzle-75B-A9B-NVFP4,p2
1,1,,set_off,True,nvidia/NVIDIA-Nemotron-Labs-3-Puzzle-75B-A9B-NVFP4,p2
1,1,,set_off,True,nvidia/NVIDIA-Nemotron-Labs-3-Puzzle-75B-A9B-NVFP4,p2
1,1,,set_off,True,nvidia/NVIDIA-Nemotron-Labs-3-Puzzle-75B-A9B-NVFP4,p2
0,1,,set_off,False,nvidia/NVIDIA-Nemotron-Labs-3-Puzzle-75B-A9B-NVFP4,p2
0,1,,set_off,False,nvidia/NVIDIA-Nemotron-Labs-3-Puzzle-75B-A9B-NVFP4,p2
0,1,,set_off,False,nvidia/NVIDIA-Nemotron-Labs-3-Puzzle-75B-A9B-NVFP4,p2
0,0,,set_off,True,nvidia/NVIDIA-Nemotron-Labs-3-Puzzle-75B-A9B-NVFP4,p2
1,1,,revise,True,nvidia/NVIDIA-Nemotron-Labs-3-Puzzle-75B-A9B-NVFP4,p2
0,1,,revise,False,nvidia/NVIDIA-Nemotron-Labs-3-Puzzle-75B-A9B-NVFP4,p2
1,1,,championship,True,nvidia/NVIDIA-Nemotron-Labs-3-Puzzle-75B-A9B-NVFP4,p2
0,0,,championship,True,nvidia/NVIDIA-Nemotron-Labs-3-Puzzle-75B-A9B-NVFP4,p2
0,1,,championship,False,nvidia/NVIDIA-Nemotron-Labs-3-Puzzle-75B-A9B-NVFP4,p2
0,1,,championship,False,nvidia/NVIDIA-Nemotron-Labs-3-Puzzle-75B-A9B-NVFP4,p2
1,1,,brew,True,nvidia/NVIDIA-Nemotron-Labs-3-Puzzle-75B-A9B-NVFP4,p2
1,1,,brew,True,nvidia/NVIDIA-Nemotron-Labs-3-Puzzle-75B-A9B-NVFP4,p2
1,1,,arrival,True,nvidia/NVIDIA-Nemotron-Labs-3-Puzzle-75B-A9B-NVFP4,p2
0,0,,arrival,True,nvidia/NVIDIA-Nemotron-Labs-3-Puzzle-75B-A9B-NVFP4,p2
0,1,,commitment,False,nvidia/NVIDIA-Nemotron-Labs-3-Puzzle-75B-A9B-NVFP4,p2
0,0,,commitment,True,nvidia/NVIDIA-Nemotron-Labs-3-Puzzle-75B-A9B-NVFP4,p2
0,0,,commitment,True,nvidia/NVIDIA-Nemotron-Labs-3-Puzzle-75B-A9B-NVFP4,p2
0,1,,commitment,False,nvidia/NVIDIA-Nemotron-Labs-3-Puzzle-75B-A9B-NVFP4,p2
1,1,,dim,True,nvidia/NVIDIA-Nemotron-Labs-3-Puzzle-75B-A9B-NVFP4,p2
1,1,,dim,True,nvidia/NVIDIA-Nemotron-Labs-3-Puzzle-75B-A9B-NVFP4,p2
1,1,,dim,True,nvidia/NVIDIA-Nemotron-Labs-3-Puzzle-75B-A9B-NVFP4,p2
0,0,,dim,True,nvidia/NVIDIA-Nemotron-Labs-3-Puzzle-75B-A9B-NVFP4,p2
0,0,,dim,True,nvidia/NVIDIA-Nemotron-Labs-3-Puzzle-75B-A9B-NVFP4,p2
0,0,,dim,True,nvidia/NVIDIA-Nemotron-Labs-3-Puzzle-75B-A9B-NVFP4,p2
0,0,,dim,True,nvidia/NVIDIA-Nemotron-Labs-3-Puzzle-75B-A9B-NVFP4,p2
0,0,,dim,True,nvidia/NVIDIA-Nemotron-Labs-3-Puzzle-75B-A9B-NVFP4,p2
1,1,,horn,True,nvidia/NVIDIA-Nemotron-Labs-3-Puzzle-75B-A9B-NVFP4,p2
1,0,,horn,False,nvidia/NVIDIA-Nemotron-Labs-3-Puzzle-75B-A9B-NVFP4,p2
1,1,,horn,True,nvidia/NVIDIA-Nemotron-Labs-3-Puzzle-75B-A9B-NVFP4,p2
1,1,,horn,True,nvidia/NVIDIA-Nemotron-Labs-3-Puzzle-75B-A9B-NVFP4,p2
1,1,,horn,True,nvidia/NVIDIA-Nemotron-Labs-3-Puzzle-75B-A9B-NVFP4,p2
0,0,,horn,True,nvidia/NVIDIA-Nemotron-Labs-3-Puzzle-75B-A9B-NVFP4,p2
0,1,,horn,False,nvidia/NVIDIA-Nemotron-Labs-3-Puzzle-75B-A9B-NVFP4,p2
0,0,,horn,True,nvidia/NVIDIA-Nemotron-Labs-3-Puzzle-75B-A9B-NVFP4,p2
0,0,,horn,True,nvidia/NVIDIA-Nemotron-Labs-3-Puzzle-75B-A9B-NVFP4,p2
0,1,,horn,False,nvidia/NVIDIA-Nemotron-Labs-3-Puzzle-75B-A9B-NVFP4,p2
0,0,,horn,True,nvidia/NVIDIA-Nemotron-Labs-3-Puzzle-75B-A9B-NVFP4,p2
0,0,,horn,True,nvidia/NVIDIA-Nemotron-Labs-3-Puzzle-75B-A9B-NVFP4,p2
0,1,,horn,False,nvidia/NVIDIA-Nemotron-Labs-3-Puzzle-75B-A9B-NVFP4,p2
0,0,,horn,True,nvidia/NVIDIA-Nemotron-Labs-3-Puzzle-75B-A9B-NVFP4,p2
1,1,,indifferent,True,nvidia/NVIDIA-Nemotron-Labs-3-Puzzle-75B-A9B-NVFP4,p2
1,1,,indifferent,True,nvidia/NVIDIA-Nemotron-Labs-3-Puzzle-75B-A9B-NVFP4,p2
0,1,,indifferent,False,nvidia/NVIDIA-Nemotron-Labs-3-Puzzle-75B-A9B-NVFP4,p2
0,1,,indifferent,False,nvidia/NVIDIA-Nemotron-Labs-3-Puzzle-75B-A9B-NVFP4,p2
0,1,,indifferent,False,nvidia/NVIDIA-Nemotron-Labs-3-Puzzle-75B-A9B-NVFP4,p2
0,0,,indifferent,True,nvidia/NVIDIA-Nemotron-Labs-3-Puzzle-75B-A9B-NVFP4,p2
0,1,,indifferent,False,nvidia/NVIDIA-Nemotron-Labs-3-Puzzle-75B-A9B-NVFP4,p2
1,1,,cone,True,nvidia/NVIDIA-Nemotron-Labs-3-Puzzle-75B-A9B-NVFP4,p2
1,1,,cone,True,nvidia/NVIDIA-Nemotron-Labs-3-Puzzle-75B-A9B-NVFP4,p2
0,0,,cone,True,nvidia/NVIDIA-Nemotron-Labs-3-Puzzle-75B-A9B-NVFP4,p2
0,1,,cone,False,nvidia/NVIDIA-Nemotron-Labs-3-Puzzle-75B-A9B-NVFP4,p2
0,0,,cone,True,nvidia/NVIDIA-Nemotron-Labs-3-Puzzle-75B-A9B-NVFP4,p2
1,1,,liability,True,nvidia/NVIDIA-Nemotron-Labs-3-Puzzle-75B-A9B-NVFP4,p2
0,1,,liability,False,nvidia/NVIDIA-Nemotron-Labs-3-Puzzle-75B-A9B-NVFP4,p2
0,0,,liability,True,nvidia/NVIDIA-Nemotron-Labs-3-Puzzle-75B-A9B-NVFP4,p2
1,1,,lime,True,nvidia/NVIDIA-Nemotron-Labs-3-Puzzle-75B-A9B-NVFP4,p2
1,1,,lime,True,nvidia/NVIDIA-Nemotron-Labs-3-Puzzle-75B-A9B-NVFP4,p2
1,1,,lime,True,nvidia/NVIDIA-Nemotron-Labs-3-Puzzle-75B-A9B-NVFP4,p2
0,0,,lime,True,nvidia/NVIDIA-Nemotron-Labs-3-Puzzle-75B-A9B-NVFP4,p2
0,0,,lime,True,nvidia/NVIDIA-Nemotron-Labs-3-Puzzle-75B-A9B-NVFP4,p2
0,0,,lime,True,nvidia/NVIDIA-Nemotron-Labs-3-Puzzle-75B-A9B-NVFP4,p2
0,0,,lime,True,nvidia/NVIDIA-Nemotron-Labs-3-Puzzle-75B-A9B-NVFP4,p2
0,1,,lime,False,nvidia/NVIDIA-Nemotron-Labs-3-Puzzle-75B-A9B-NVFP4,p2
0,0,,unconscious,True,nvidia/NVIDIA-Nemotron-Labs-3-Puzzle-75B-A9B-NVFP4,p2
0,1,,unconscious,False,nvidia/NVIDIA-Nemotron-Labs-3-Puzzle-75B-A9B-NVFP4,p2
0,0,,unconscious,True,nvidia/NVIDIA-Nemotron-Labs-3-Puzzle-75B-A9B-NVFP4,p2
1,1,,tilt,True,nvidia/NVIDIA-Nemotron-Labs-3-Puzzle-75B-A9B-NVFP4,p2
0,0,,tilt,True,nvidia/NVIDIA-Nemotron-Labs-3-Puzzle-75B-A9B-NVFP4,p2
0,0,,tilt,True,nvidia/NVIDIA-Nemotron-Labs-3-Puzzle-75B-A9B-NVFP4,p2
1,1,,balance,True,nvidia/NVIDIA-Nemotron-Labs-3-Puzzle-75B-A9B-NVFP4,p2
1,1,,balance,True,nvidia/NVIDIA-Nemotron-Labs-3-Puzzle-75B-A9B-NVFP4,p2
0,0,,balance,True,nvidia/NVIDIA-Nemotron-Labs-3-Puzzle-75B-A9B-NVFP4,p2
0,1,,balance,False,nvidia/NVIDIA-Nemotron-Labs-3-Puzzle-75B-A9B-NVFP4,p2
1,1,,beg,True,nvidia/NVIDIA-Nemotron-Labs-3-Puzzle-75B-A9B-NVFP4,p2
1,1,,beg,True,nvidia/NVIDIA-Nemotron-Labs-3-Puzzle-75B-A9B-NVFP4,p2
0,0,,beg,True,nvidia/NVIDIA-Nemotron-Labs-3-Puzzle-75B-A9B-NVFP4,p2
1,0,,belong,False,nvidia/NVIDIA-Nemotron-Labs-3-Puzzle-75B-A9B-NVFP4,p2
1,1,,belong,True,nvidia/NVIDIA-Nemotron-Labs-3-Puzzle-75B-A9B-NVFP4,p2
0,1,,belong,False,nvidia/NVIDIA-Nemotron-Labs-3-Puzzle-75B-A9B-NVFP4,p2
0,0,,belong,True,nvidia/NVIDIA-Nemotron-Labs-3-Puzzle-75B-A9B-NVFP4,p2
0,1,,spontaneous,False,nvidia/NVIDIA-Nemotron-Labs-3-Puzzle-75B-A9B-NVFP4,p2
0,1,,gratification,False,nvidia/NVIDIA-Nemotron-Labs-3-Puzzle-75B-A9B-NVFP4,p2
0,1,,gratification,False,nvidia/NVIDIA-Nemotron-Labs-3-Puzzle-75B-A9B-NVFP4,p2
1,1,,ivory,True,nvidia/NVIDIA-Nemotron-Labs-3-Puzzle-75B-A9B-NVFP4,p2
1,1,,ivory,True,nvidia/NVIDIA-Nemotron-Labs-3-Puzzle-75B-A9B-NVFP4,p2
0,0,,ivory,True,nvidia/NVIDIA-Nemotron-Labs-3-Puzzle-75B-A9B-NVFP4,p2
0,1,,ivory,False,nvidia/NVIDIA-Nemotron-Labs-3-Puzzle-75B-A9B-NVFP4,p2
1,1,,condense,True,nvidia/NVIDIA-Nemotron-Labs-3-Puzzle-75B-A9B-NVFP4,p2
1,1,,condense,True,nvidia/NVIDIA-Nemotron-Labs-3-Puzzle-75B-A9B-NVFP4,p2
1,1,,condense,True,nvidia/NVIDIA-Nemotron-Labs-3-Puzzle-75B-A9B-NVFP4,p2
0,1,,condense,False,nvidia/NVIDIA-Nemotron-Labs-3-Puzzle-75B-A9B-NVFP4,p2
0,1,,condense,False,nvidia/NVIDIA-Nemotron-Labs-3-Puzzle-75B-A9B-NVFP4,p2
0,1,,condense,False,nvidia/NVIDIA-Nemotron-Labs-3-Puzzle-75B-A9B-NVFP4,p2
0,0,,condense,True,nvidia/NVIDIA-Nemotron-Labs-3-Puzzle-75B-A9B-NVFP4,p2
0,0,,condense,True,nvidia/NVIDIA-Nemotron-Labs-3-Puzzle-75B-A9B-NVFP4,p2
1,1,,administer,True,nvidia/NVIDIA-Nemotron-Labs-3-Puzzle-75B-A9B-NVFP4,p2
1,1,,administer,True,nvidia/NVIDIA-Nemotron-Labs-3-Puzzle-75B-A9B-NVFP4,p2
1,1,,administer,True,nvidia/NVIDIA-Nemotron-Labs-3-Puzzle-75B-A9B-NVFP4,p2
0,1,,administer,False,nvidia/NVIDIA-Nemotron-Labs-3-Puzzle-75B-A9B-NVFP4,p2
0,0,,administer,True,nvidia/NVIDIA-Nemotron-Labs-3-Puzzle-75B-A9B-NVFP4,p2
0,1,,administer,False,nvidia/NVIDIA-Nemotron-Labs-3-Puzzle-75B-A9B-NVFP4,p2
1,1,,scented,True,nvidia/NVIDIA-Nemotron-Labs-3-Puzzle-75B-A9B-NVFP4,p2
0,1,,scented,False,nvidia/NVIDIA-Nemotron-Labs-3-Puzzle-75B-A9B-NVFP4,p2
1,1,,wash,True,nvidia/NVIDIA-Nemotron-Labs-3-Puzzle-75B-A9B-NVFP4,p2
1,1,,wash,True,nvidia/NVIDIA-Nemotron-Labs-3-Puzzle-75B-A9B-NVFP4,p2
1,1,,wash,True,nvidia/NVIDIA-Nemotron-Labs-3-Puzzle-75B-A9B-NVFP4,p2
1,1,,wash,True,nvidia/NVIDIA-Nemotron-Labs-3-Puzzle-75B-A9B-NVFP4,p2
1,1,,wash,True,nvidia/NVIDIA-Nemotron-Labs-3-Puzzle-75B-A9B-NVFP4,p2
0,0,,wash,True,nvidia/NVIDIA-Nemotron-Labs-3-Puzzle-75B-A9B-NVFP4,p2
0,0,,wash,True,nvidia/NVIDIA-Nemotron-Labs-3-Puzzle-75B-A9B-NVFP4,p2
0,0,,wash,True,nvidia/NVIDIA-Nemotron-Labs-3-Puzzle-75B-A9B-NVFP4,p2
0,1,,wash,False,nvidia/NVIDIA-Nemotron-Labs-3-Puzzle-75B-A9B-NVFP4,p2
0,0,,wash,True,nvidia/NVIDIA-Nemotron-Labs-3-Puzzle-75B-A9B-NVFP4,p2
1,1,,sentimental,True,nvidia/NVIDIA-Nemotron-Labs-3-Puzzle-75B-A9B-NVFP4,p2
0,1,,sentimental,False,nvidia/NVIDIA-Nemotron-Labs-3-Puzzle-75B-A9B-NVFP4,p2
0,0,,sentimental,True,nvidia/NVIDIA-Nemotron-Labs-3-Puzzle-75B-A9B-NVFP4,p2
1,1,,uphold,True,nvidia/NVIDIA-Nemotron-Labs-3-Puzzle-75B-A9B-NVFP4,p2
1,1,,uphold,True,nvidia/NVIDIA-Nemotron-Labs-3-Puzzle-75B-A9B-NVFP4,p2
1,1,,feeding,True,nvidia/NVIDIA-Nemotron-Labs-3-Puzzle-75B-A9B-NVFP4,p2
1,1,,revenue,True,nvidia/NVIDIA-Nemotron-Labs-3-Puzzle-75B-A9B-NVFP4,p2
1,1,,prediction,True,nvidia/NVIDIA-Nemotron-Labs-3-Puzzle-75B-A9B-NVFP4,p2
0,1,,prediction,False,nvidia/NVIDIA-Nemotron-Labs-3-Puzzle-75B-A9B-NVFP4,p2
0,1,,manual,False,nvidia/NVIDIA-Nemotron-Labs-3-Puzzle-75B-A9B-NVFP4,p2
0,1,,manual,False,nvidia/NVIDIA-Nemotron-Labs-3-Puzzle-75B-A9B-NVFP4,p2
1,1,,spread_out,True,nvidia/NVIDIA-Nemotron-Labs-3-Puzzle-75B-A9B-NVFP4,p2
1,1,,spread_out,True,nvidia/NVIDIA-Nemotron-Labs-3-Puzzle-75B-A9B-NVFP4,p2
1,1,,spread_out,True,nvidia/NVIDIA-Nemotron-Labs-3-Puzzle-75B-A9B-NVFP4,p2
1,1,,spread_out,True,nvidia/NVIDIA-Nemotron-Labs-3-Puzzle-75B-A9B-NVFP4,p2
1,1,,spread_out,True,nvidia/NVIDIA-Nemotron-Labs-3-Puzzle-75B-A9B-NVFP4,p2
0,0,,spread_out,True,nvidia/NVIDIA-Nemotron-Labs-3-Puzzle-75B-A9B-NVFP4,p2
0,1,,spread_out,False,nvidia/NVIDIA-Nemotron-Labs-3-Puzzle-75B-A9B-NVFP4,p2
1,0,,obscene,False,nvidia/NVIDIA-Nemotron-Labs-3-Puzzle-75B-A9B-NVFP4,p2
0,1,,obscene,False,nvidia/NVIDIA-Nemotron-Labs-3-Puzzle-75B-A9B-NVFP4,p2
1,1,,worth,True,nvidia/NVIDIA-Nemotron-Labs-3-Puzzle-75B-A9B-NVFP4,p2
1,1,,worth,True,nvidia/NVIDIA-Nemotron-Labs-3-Puzzle-75B-A9B-NVFP4,p2
1,1,,worth,True,nvidia/NVIDIA-Nemotron-Labs-3-Puzzle-75B-A9B-NVFP4,p2
0,1,,worth,False,nvidia/NVIDIA-Nemotron-Labs-3-Puzzle-75B-A9B-NVFP4,p2
0,0,,worth,True,nvidia/NVIDIA-Nemotron-Labs-3-Puzzle-75B-A9B-NVFP4,p2
1,1,,sicily,True,nvidia/NVIDIA-Nemotron-Labs-3-Puzzle-75B-A9B-NVFP4,p2
1,1,,sicily,True,nvidia/NVIDIA-Nemotron-Labs-3-Puzzle-75B-A9B-NVFP4,p2
0,1,,sicily,False,nvidia/NVIDIA-Nemotron-Labs-3-Puzzle-75B-A9B-NVFP4,p2
1,1,,calculus,True,nvidia/NVIDIA-Nemotron-Labs-3-Puzzle-75B-A9B-NVFP4,p2
1,1,,calculus,True,nvidia/NVIDIA-Nemotron-Labs-3-Puzzle-75B-A9B-NVFP4,p2
0,0,,calculus,True,nvidia/NVIDIA-Nemotron-Labs-3-Puzzle-75B-A9B-NVFP4,p2
0,0,,calculus,True,nvidia/NVIDIA-Nemotron-Labs-3-Puzzle-75B-A9B-NVFP4,p2
1,1,,distributor,True,nvidia/NVIDIA-Nemotron-Labs-3-Puzzle-75B-A9B-NVFP4,p2
0,1,,distributor,False,nvidia/NVIDIA-Nemotron-Labs-3-Puzzle-75B-A9B-NVFP4,p2
0,0,,distributor,True,nvidia/NVIDIA-Nemotron-Labs-3-Puzzle-75B-A9B-NVFP4,p2
0,1,,distributor,False,nvidia/NVIDIA-Nemotron-Labs-3-Puzzle-75B-A9B-NVFP4,p2
1,1,,academy,True,nvidia/NVIDIA-Nemotron-Labs-3-Puzzle-75B-A9B-NVFP4,p2
0,1,,academy,False,nvidia/NVIDIA-Nemotron-Labs-3-Puzzle-75B-A9B-NVFP4,p2
0,1,,academy,False,nvidia/NVIDIA-Nemotron-Labs-3-Puzzle-75B-A9B-NVFP4,p2
0,0,,concession,True,nvidia/NVIDIA-Nemotron-Labs-3-Puzzle-75B-A9B-NVFP4,p2
0,0,,concession,True,nvidia/NVIDIA-Nemotron-Labs-3-Puzzle-75B-A9B-NVFP4,p2
0,0,,concession,True,nvidia/NVIDIA-Nemotron-Labs-3-Puzzle-75B-A9B-NVFP4,p2
1,1,,ambition,True,nvidia/NVIDIA-Nemotron-Labs-3-Puzzle-75B-A9B-NVFP4,p2
1,1,,ambition,True,nvidia/NVIDIA-Nemotron-Labs-3-Puzzle-75B-A9B-NVFP4,p2
0,1,,ambition,False,nvidia/NVIDIA-Nemotron-Labs-3-Puzzle-75B-A9B-NVFP4,p2
0,0,,outlook,True,nvidia/NVIDIA-Nemotron-Labs-3-Puzzle-75B-A9B-NVFP4,p2
0,1,,outlook,False,nvidia/NVIDIA-Nemotron-Labs-3-Puzzle-75B-A9B-NVFP4,p2
1,1,,disrupt,True,nvidia/NVIDIA-Nemotron-Labs-3-Puzzle-75B-A9B-NVFP4,p2
1,1,,disrupt,True,nvidia/NVIDIA-Nemotron-Labs-3-Puzzle-75B-A9B-NVFP4,p2
1,1,,dare,True,nvidia/NVIDIA-Nemotron-Labs-3-Puzzle-75B-A9B-NVFP4,p2
1,1,,dare,True,nvidia/NVIDIA-Nemotron-Labs-3-Puzzle-75B-A9B-NVFP4,p2
0,0,,dare,True,nvidia/NVIDIA-Nemotron-Labs-3-Puzzle-75B-A9B-NVFP4,p2
0,0,,dare,True,nvidia/NVIDIA-Nemotron-Labs-3-Puzzle-75B-A9B-NVFP4,p2
0,1,,dare,False,nvidia/NVIDIA-Nemotron-Labs-3-Puzzle-75B-A9B-NVFP4,p2
1,1,,ornamentation,True,nvidia/NVIDIA-Nemotron-Labs-3-Puzzle-75B-A9B-NVFP4,p2
1,1,,ornamentation,True,nvidia/NVIDIA-Nemotron-Labs-3-Puzzle-75B-A9B-NVFP4,p2
1,1,,ornamentation,True,nvidia/NVIDIA-Nemotron-Labs-3-Puzzle-75B-A9B-NVFP4,p2
0,1,,ornamentation,False,nvidia/NVIDIA-Nemotron-Labs-3-Puzzle-75B-A9B-NVFP4,p2
0,1,,ornamentation,False,nvidia/NVIDIA-Nemotron-Labs-3-Puzzle-75B-A9B-NVFP4,p2
0,1,,ornamentation,False,nvidia/NVIDIA-Nemotron-Labs-3-Puzzle-75B-A9B-NVFP4,p2
1,1,,lubricate,True,nvidia/NVIDIA-Nemotron-Labs-3-Puzzle-75B-A9B-NVFP4,p2
0,1,,lubricate,False,nvidia/NVIDIA-Nemotron-Labs-3-Puzzle-75B-A9B-NVFP4,p2
1,1,,depress,True,nvidia/NVIDIA-Nemotron-Labs-3-Puzzle-75B-A9B-NVFP4,p2
1,1,,depress,True,nvidia/NVIDIA-Nemotron-Labs-3-Puzzle-75B-A9B-NVFP4,p2
1,1,,depress,True,nvidia/NVIDIA-Nemotron-Labs-3-Puzzle-75B-A9B-NVFP4,p2
1,1,,depress,True,nvidia/NVIDIA-Nemotron-Labs-3-Puzzle-75B-A9B-NVFP4,p2
0,0,,depress,True,nvidia/NVIDIA-Nemotron-Labs-3-Puzzle-75B-A9B-NVFP4,p2
0,0,,depress,True,nvidia/NVIDIA-Nemotron-Labs-3-Puzzle-75B-A9B-NVFP4,p2
0,0,,depress,True,nvidia/NVIDIA-Nemotron-Labs-3-Puzzle-75B-A9B-NVFP4,p2
0,1,,reservoir,False,nvidia/NVIDIA-Nemotron-Labs-3-Puzzle-75B-A9B-NVFP4,p2
0,0,,reservoir,True,nvidia/NVIDIA-Nemotron-Labs-3-Puzzle-75B-A9B-NVFP4,p2
0,1,,reservoir,False,nvidia/NVIDIA-Nemotron-Labs-3-Puzzle-75B-A9B-NVFP4,p2
1,1,,assimilate,True,nvidia/NVIDIA-Nemotron-Labs-3-Puzzle-75B-A9B-NVFP4,p2
1,1,,assimilate,True,nvidia/NVIDIA-Nemotron-Labs-3-Puzzle-75B-A9B-NVFP4,p2
1,1,,assimilate,True,nvidia/NVIDIA-Nemotron-Labs-3-Puzzle-75B-A9B-NVFP4,p2
0,1,,assimilate,False,nvidia/NVIDIA-Nemotron-Labs-3-Puzzle-75B-A9B-NVFP4,p2
0,0,,assimilate,True,nvidia/NVIDIA-Nemotron-Labs-3-Puzzle-75B-A9B-NVFP4,p2
0,0,,assimilate,True,nvidia/NVIDIA-Nemotron-Labs-3-Puzzle-75B-A9B-NVFP4,p2
1,1,,splash,True,nvidia/NVIDIA-Nemotron-Labs-3-Puzzle-75B-A9B-NVFP4,p2
1,1,,splash,True,nvidia/NVIDIA-Nemotron-Labs-3-Puzzle-75B-A9B-NVFP4,p2
1,1,,splash,True,nvidia/NVIDIA-Nemotron-Labs-3-Puzzle-75B-A9B-NVFP4,p2
1,1,,splash,True,nvidia/NVIDIA-Nemotron-Labs-3-Puzzle-75B-A9B-NVFP4,p2
0,1,,splash,False,nvidia/NVIDIA-Nemotron-Labs-3-Puzzle-75B-A9B-NVFP4,p2
0,1,,splash,False,nvidia/NVIDIA-Nemotron-Labs-3-Puzzle-75B-A9B-NVFP4,p2
0,1,,splash,False,nvidia/NVIDIA-Nemotron-Labs-3-Puzzle-75B-A9B-NVFP4,p2
0,1,,splash,False,nvidia/NVIDIA-Nemotron-Labs-3-Puzzle-75B-A9B-NVFP4,p2
0,0,,splash,True,nvidia/NVIDIA-Nemotron-Labs-3-Puzzle-75B-A9B-NVFP4,p2
0,1,,splash,False,nvidia/NVIDIA-Nemotron-Labs-3-Puzzle-75B-A9B-NVFP4,p2
0,1,,splash,False,nvidia/NVIDIA-Nemotron-Labs-3-Puzzle-75B-A9B-NVFP4,p2
1,1,,perch,True,nvidia/NVIDIA-Nemotron-Labs-3-Puzzle-75B-A9B-NVFP4,p2
1,1,,perch,True,nvidia/NVIDIA-Nemotron-Labs-3-Puzzle-75B-A9B-NVFP4,p2
1,1,,perch,True,nvidia/NVIDIA-Nemotron-Labs-3-Puzzle-75B-A9B-NVFP4,p2
1,1,,perch,True,nvidia/NVIDIA-Nemotron-Labs-3-Puzzle-75B-A9B-NVFP4,p2
0,1,,perch,False,nvidia/NVIDIA-Nemotron-Labs-3-Puzzle-75B-A9B-NVFP4,p2
0,1,,perch,False,nvidia/NVIDIA-Nemotron-Labs-3-Puzzle-75B-A9B-NVFP4,p2
0,0,,perch,True,nvidia/NVIDIA-Nemotron-Labs-3-Puzzle-75B-A9B-NVFP4,p2
0,1,,perch,False,nvidia/NVIDIA-Nemotron-Labs-3-Puzzle-75B-A9B-NVFP4,p2
1,1,,gay,True,nvidia/NVIDIA-Nemotron-Labs-3-Puzzle-75B-A9B-NVFP4,p2
0,1,,gay,False,nvidia/NVIDIA-Nemotron-Labs-3-Puzzle-75B-A9B-NVFP4,p2
0,1,,gay,False,nvidia/NVIDIA-Nemotron-Labs-3-Puzzle-75B-A9B-NVFP4,p2
0,1,,gay,False,nvidia/NVIDIA-Nemotron-Labs-3-Puzzle-75B-A9B-NVFP4,p2
0,1,,gay,False,nvidia/NVIDIA-Nemotron-Labs-3-Puzzle-75B-A9B-NVFP4,p2
1,1,,shrink,True,nvidia/NVIDIA-Nemotron-Labs-3-Puzzle-75B-A9B-NVFP4,p2
1,1,,shrink,True,nvidia/NVIDIA-Nemotron-Labs-3-Puzzle-75B-A9B-NVFP4,p2
1,1,,shrink,True,nvidia/NVIDIA-Nemotron-Labs-3-Puzzle-75B-A9B-NVFP4,p2
1,1,,shrink,True,nvidia/NVIDIA-Nemotron-Labs-3-Puzzle-75B-A9B-NVFP4,p2
0,0,,shrink,True,nvidia/NVIDIA-Nemotron-Labs-3-Puzzle-75B-A9B-NVFP4,p2
0,1,,shrink,False,nvidia/NVIDIA-Nemotron-Labs-3-Puzzle-75B-A9B-NVFP4,p2
0,0,,shrink,True,nvidia/NVIDIA-Nemotron-Labs-3-Puzzle-75B-A9B-NVFP4,p2
1,1,,preference,True,nvidia/NVIDIA-Nemotron-Labs-3-Puzzle-75B-A9B-NVFP4,p2
1,1,,preference,True,nvidia/NVIDIA-Nemotron-Labs-3-Puzzle-75B-A9B-NVFP4,p2
0,0,,preference,True,nvidia/NVIDIA-Nemotron-Labs-3-Puzzle-75B-A9B-NVFP4,p2
0,0,,preference,True,nvidia/NVIDIA-Nemotron-Labs-3-Puzzle-75B-A9B-NVFP4,p2
1,1,,justification,True,nvidia/NVIDIA-Nemotron-Labs-3-Puzzle-75B-A9B-NVFP4,p2
1,1,,justification,True,nvidia/NVIDIA-Nemotron-Labs-3-Puzzle-75B-A9B-NVFP4,p2
1,1,,justification,True,nvidia/NVIDIA-Nemotron-Labs-3-Puzzle-75B-A9B-NVFP4,p2
0,1,,justification,False,nvidia/NVIDIA-Nemotron-Labs-3-Puzzle-75B-A9B-NVFP4,p2
0,1,,justification,False,nvidia/NVIDIA-Nemotron-Labs-3-Puzzle-75B-A9B-NVFP4,p2
1,1,,cane,True,nvidia/NVIDIA-Nemotron-Labs-3-Puzzle-75B-A9B-NVFP4,p2
1,1,,cane,True,nvidia/NVIDIA-Nemotron-Labs-3-Puzzle-75B-A9B-NVFP4,p2
0,0,,cane,True,nvidia/NVIDIA-Nemotron-Labs-3-Puzzle-75B-A9B-NVFP4,p2
0,0,,cane,True,nvidia/NVIDIA-Nemotron-Labs-3-Puzzle-75B-A9B-NVFP4,p2
1,1,,align,True,nvidia/NVIDIA-Nemotron-Labs-3-Puzzle-75B-A9B-NVFP4,p2
0,0,,align,True,nvidia/NVIDIA-Nemotron-Labs-3-Puzzle-75B-A9B-NVFP4,p2
0,0,,align,True,nvidia/NVIDIA-Nemotron-Labs-3-Puzzle-75B-A9B-NVFP4,p2
0,0,,align,True,nvidia/NVIDIA-Nemotron-Labs-3-Puzzle-75B-A9B-NVFP4,p2
0,0,,align,True,nvidia/NVIDIA-Nemotron-Labs-3-Puzzle-75B-A9B-NVFP4,p2
1,1,,propagate,True,nvidia/NVIDIA-Nemotron-Labs-3-Puzzle-75B-A9B-NVFP4,p2
1,1,,propagate,True,nvidia/NVIDIA-Nemotron-Labs-3-Puzzle-75B-A9B-NVFP4,p2
1,1,,propagate,True,nvidia/NVIDIA-Nemotron-Labs-3-Puzzle-75B-A9B-NVFP4,p2
0,0,,propagate,True,nvidia/NVIDIA-Nemotron-Labs-3-Puzzle-75B-A9B-NVFP4,p2
0,0,,propagate,True,nvidia/NVIDIA-Nemotron-Labs-3-Puzzle-75B-A9B-NVFP4,p2
0,0,,propagate,True,nvidia/NVIDIA-Nemotron-Labs-3-Puzzle-75B-A9B-NVFP4,p2
0,0,,propagate,True,nvidia/NVIDIA-Nemotron-Labs-3-Puzzle-75B-A9B-NVFP4,p2
1,1,,keep_up,True,nvidia/NVIDIA-Nemotron-Labs-3-Puzzle-75B-A9B-NVFP4,p2
1,1,,keep_up,True,nvidia/NVIDIA-Nemotron-Labs-3-Puzzle-75B-A9B-NVFP4,p2
1,1,,keep_up,True,nvidia/NVIDIA-Nemotron-Labs-3-Puzzle-75B-A9B-NVFP4,p2
0,0,,keep_up,True,nvidia/NVIDIA-Nemotron-Labs-3-Puzzle-75B-A9B-NVFP4,p2
0,0,,keep_up,True,nvidia/NVIDIA-Nemotron-Labs-3-Puzzle-75B-A9B-NVFP4,p2
0,0,,keep_up,True,nvidia/NVIDIA-Nemotron-Labs-3-Puzzle-75B-A9B-NVFP4,p2
0,0,,keep_up,True,nvidia/NVIDIA-Nemotron-Labs-3-Puzzle-75B-A9B-NVFP4,p2
1,1,,concentrate,True,nvidia/NVIDIA-Nemotron-Labs-3-Puzzle-75B-A9B-NVFP4,p2
1,1,,concentrate,True,nvidia/NVIDIA-Nemotron-Labs-3-Puzzle-75B-A9B-NVFP4,p2
1,1,,concentrate,True,nvidia/NVIDIA-Nemotron-Labs-3-Puzzle-75B-A9B-NVFP4,p2
1,1,,concentrate,True,nvidia/NVIDIA-Nemotron-Labs-3-Puzzle-75B-A9B-NVFP4,p2
1,1,,concentrate,True,nvidia/NVIDIA-Nemotron-Labs-3-Puzzle-75B-A9B-NVFP4,p2
1,1,,concentrate,True,nvidia/NVIDIA-Nemotron-Labs-3-Puzzle-75B-A9B-NVFP4,p2
1,1,,concentrate,True,nvidia/NVIDIA-Nemotron-Labs-3-Puzzle-75B-A9B-NVFP4,p2
0,0,,concentrate,True,nvidia/NVIDIA-Nemotron-Labs-3-Puzzle-75B-A9B-NVFP4,p2
0,1,,concentrate,False,nvidia/NVIDIA-Nemotron-Labs-3-Puzzle-75B-A9B-NVFP4,p2
0,0,,concentrate,True,nvidia/NVIDIA-Nemotron-Labs-3-Puzzle-75B-A9B-NVFP4,p2
0,0,,concentrate,True,nvidia/NVIDIA-Nemotron-Labs-3-Puzzle-75B-A9B-NVFP4,p2
0,0,,concentrate,True,nvidia/NVIDIA-Nemotron-Labs-3-Puzzle-75B-A9B-NVFP4,p2
0,0,,concentrate,True,nvidia/NVIDIA-Nemotron-Labs-3-Puzzle-75B-A9B-NVFP4,p2
1,1,,decomposition,True,nvidia/NVIDIA-Nemotron-Labs-3-Puzzle-75B-A9B-NVFP4,p2
1,1,,decomposition,True,nvidia/NVIDIA-Nemotron-Labs-3-Puzzle-75B-A9B-NVFP4,p2
1,1,,decomposition,True,nvidia/NVIDIA-Nemotron-Labs-3-Puzzle-75B-A9B-NVFP4,p2
0,1,,decomposition,False,nvidia/NVIDIA-Nemotron-Labs-3-Puzzle-75B-A9B-NVFP4,p2
0,1,,decomposition,False,nvidia/NVIDIA-Nemotron-Labs-3-Puzzle-75B-A9B-NVFP4,p2
1,1,,exploration,True,nvidia/NVIDIA-Nemotron-Labs-3-Puzzle-75B-A9B-NVFP4,p2
0,1,,exploration,False,nvidia/NVIDIA-Nemotron-Labs-3-Puzzle-75B-A9B-NVFP4,p2
0,1,,exploration,False,nvidia/NVIDIA-Nemotron-Labs-3-Puzzle-75B-A9B-NVFP4,p2
1,1,,spare,True,nvidia/NVIDIA-Nemotron-Labs-3-Puzzle-75B-A9B-NVFP4,p2
1,1,,spare,True,nvidia/NVIDIA-Nemotron-Labs-3-Puzzle-75B-A9B-NVFP4,p2
1,1,,spare,True,nvidia/NVIDIA-Nemotron-Labs-3-Puzzle-75B-A9B-NVFP4,p2
0,0,,spare,True,nvidia/NVIDIA-Nemotron-Labs-3-Puzzle-75B-A9B-NVFP4,p2
0,0,,spare,True,nvidia/NVIDIA-Nemotron-Labs-3-Puzzle-75B-A9B-NVFP4,p2
0,0,,reversible,True,nvidia/NVIDIA-Nemotron-Labs-3-Puzzle-75B-A9B-NVFP4,p2
1,1,,irritate,True,nvidia/NVIDIA-Nemotron-Labs-3-Puzzle-75B-A9B-NVFP4,p2
0,1,,irritate,False,nvidia/NVIDIA-Nemotron-Labs-3-Puzzle-75B-A9B-NVFP4,p2
0,1,,irritate,False,nvidia/NVIDIA-Nemotron-Labs-3-Puzzle-75B-A9B-NVFP4,p2
1,1,,pathological,True,nvidia/NVIDIA-Nemotron-Labs-3-Puzzle-75B-A9B-NVFP4,p2
0,1,,pathological,False,nvidia/NVIDIA-Nemotron-Labs-3-Puzzle-75B-A9B-NVFP4,p2
0,0,,pathological,True,nvidia/NVIDIA-Nemotron-Labs-3-Puzzle-75B-A9B-NVFP4,p2
1,1,,supplement,True,nvidia/NVIDIA-Nemotron-Labs-3-Puzzle-75B-A9B-NVFP4,p2
1,1,,supplement,True,nvidia/NVIDIA-Nemotron-Labs-3-Puzzle-75B-A9B-NVFP4,p2
1,1,,supplement,True,nvidia/NVIDIA-Nemotron-Labs-3-Puzzle-75B-A9B-NVFP4,p2
1,1,,supplement,True,nvidia/NVIDIA-Nemotron-Labs-3-Puzzle-75B-A9B-NVFP4,p2
0,0,,supplement,True,nvidia/NVIDIA-Nemotron-Labs-3-Puzzle-75B-A9B-NVFP4,p2
0,0,,supplement,True,nvidia/NVIDIA-Nemotron-Labs-3-Puzzle-75B-A9B-NVFP4,p2
0,0,,supplement,True,nvidia/NVIDIA-Nemotron-Labs-3-Puzzle-75B-A9B-NVFP4,p2
0,0,,supplement,True,nvidia/NVIDIA-Nemotron-Labs-3-Puzzle-75B-A9B-NVFP4,p2
1,1,,orally,True,nvidia/NVIDIA-Nemotron-Labs-3-Puzzle-75B-A9B-NVFP4,p2
0,1,,orally,False,nvidia/NVIDIA-Nemotron-Labs-3-Puzzle-75B-A9B-NVFP4,p2
0,0,,orally,True,nvidia/NVIDIA-Nemotron-Labs-3-Puzzle-75B-A9B-NVFP4,p2
1,1,,glove,True,nvidia/NVIDIA-Nemotron-Labs-3-Puzzle-75B-A9B-NVFP4,p2
1,1,,tense,True,nvidia/NVIDIA-Nemotron-Labs-3-Puzzle-75B-A9B-NVFP4,p2
0,0,,tense,True,nvidia/NVIDIA-Nemotron-Labs-3-Puzzle-75B-A9B-NVFP4,p2
0,0,,tense,True,nvidia/NVIDIA-Nemotron-Labs-3-Puzzle-75B-A9B-NVFP4,p2
1,1,,insight,True,nvidia/NVIDIA-Nemotron-Labs-3-Puzzle-75B-A9B-NVFP4,p2
1,1,,insight,True,nvidia/NVIDIA-Nemotron-Labs-3-Puzzle-75B-A9B-NVFP4,p2
1,1,,insight,True,nvidia/NVIDIA-Nemotron-Labs-3-Puzzle-75B-A9B-NVFP4,p2
0,1,,insight,False,nvidia/NVIDIA-Nemotron-Labs-3-Puzzle-75B-A9B-NVFP4,p2
1,1,,colony,True,nvidia/NVIDIA-Nemotron-Labs-3-Puzzle-75B-A9B-NVFP4,p2
0,1,,colony,False,nvidia/NVIDIA-Nemotron-Labs-3-Puzzle-75B-A9B-NVFP4,p2
0,0,,colony,True,nvidia/NVIDIA-Nemotron-Labs-3-Puzzle-75B-A9B-NVFP4,p2
0,0,,colony,True,nvidia/NVIDIA-Nemotron-Labs-3-Puzzle-75B-A9B-NVFP4,p2
1,1,,discretion,True,nvidia/NVIDIA-Nemotron-Labs-3-Puzzle-75B-A9B-NVFP4,p2
1,1,,discretion,True,nvidia/NVIDIA-Nemotron-Labs-3-Puzzle-75B-A9B-NVFP4,p2
1,1,,discretion,True,nvidia/NVIDIA-Nemotron-Labs-3-Puzzle-75B-A9B-NVFP4,p2
1,1,,discretion,True,nvidia/NVIDIA-Nemotron-Labs-3-Puzzle-75B-A9B-NVFP4,p2
0,1,,discretion,False,nvidia/NVIDIA-Nemotron-Labs-3-Puzzle-75B-A9B-NVFP4,p2
0,0,,discretion,True,nvidia/NVIDIA-Nemotron-Labs-3-Puzzle-75B-A9B-NVFP4,p2
0,1,,discretion,False,nvidia/NVIDIA-Nemotron-Labs-3-Puzzle-75B-A9B-NVFP4,p2
1,1,,reside,True,nvidia/NVIDIA-Nemotron-Labs-3-Puzzle-75B-A9B-NVFP4,p2
1,1,,reside,True,nvidia/NVIDIA-Nemotron-Labs-3-Puzzle-75B-A9B-NVFP4,p2
0,1,,reside,False,nvidia/NVIDIA-Nemotron-Labs-3-Puzzle-75B-A9B-NVFP4,p2
0,0,,reside,True,nvidia/NVIDIA-Nemotron-Labs-3-Puzzle-75B-A9B-NVFP4,p2
1,1,,lightness,True,nvidia/NVIDIA-Nemotron-Labs-3-Puzzle-75B-A9B-NVFP4,p2
1,1,,lightness,True,nvidia/NVIDIA-Nemotron-Labs-3-Puzzle-75B-A9B-NVFP4,p2
1,1,,lightness,True,nvidia/NVIDIA-Nemotron-Labs-3-Puzzle-75B-A9B-NVFP4,p2
1,1,,lightness,True,nvidia/NVIDIA-Nemotron-Labs-3-Puzzle-75B-A9B-NVFP4,p2
1,1,,lightness,True,nvidia/NVIDIA-Nemotron-Labs-3-Puzzle-75B-A9B-NVFP4,p2
1,0,,lightness,False,nvidia/NVIDIA-Nemotron-Labs-3-Puzzle-75B-A9B-NVFP4,p2
0,0,,lightness,True,nvidia/NVIDIA-Nemotron-Labs-3-Puzzle-75B-A9B-NVFP4,p2
0,1,,lightness,False,nvidia/NVIDIA-Nemotron-Labs-3-Puzzle-75B-A9B-NVFP4,p2
0,0,,lightness,True,nvidia/NVIDIA-Nemotron-Labs-3-Puzzle-75B-A9B-NVFP4,p2
0,0,,lightness,True,nvidia/NVIDIA-Nemotron-Labs-3-Puzzle-75B-A9B-NVFP4,p2
1,1,,bloom,True,nvidia/NVIDIA-Nemotron-Labs-3-Puzzle-75B-A9B-NVFP4,p2
1,1,,bloom,True,nvidia/NVIDIA-Nemotron-Labs-3-Puzzle-75B-A9B-NVFP4,p2
1,1,,bloom,True,nvidia/NVIDIA-Nemotron-Labs-3-Puzzle-75B-A9B-NVFP4,p2
0,0,,bloom,True,nvidia/NVIDIA-Nemotron-Labs-3-Puzzle-75B-A9B-NVFP4,p2
0,0,,bloom,True,nvidia/NVIDIA-Nemotron-Labs-3-Puzzle-75B-A9B-NVFP4,p2
0,0,,bloom,True,nvidia/NVIDIA-Nemotron-Labs-3-Puzzle-75B-A9B-NVFP4,p2
1,1,,smash,True,nvidia/NVIDIA-Nemotron-Labs-3-Puzzle-75B-A9B-NVFP4,p2
1,1,,smash,True,nvidia/NVIDIA-Nemotron-Labs-3-Puzzle-75B-A9B-NVFP4,p2
1,1,,smash,True,nvidia/NVIDIA-Nemotron-Labs-3-Puzzle-75B-A9B-NVFP4,p2
0,1,,smash,False,nvidia/NVIDIA-Nemotron-Labs-3-Puzzle-75B-A9B-NVFP4,p2
0,1,,smash,False,nvidia/NVIDIA-Nemotron-Labs-3-Puzzle-75B-A9B-NVFP4,p2
0,0,,smash,True,nvidia/NVIDIA-Nemotron-Labs-3-Puzzle-75B-A9B-NVFP4,p2
0,1,,smash,False,nvidia/NVIDIA-Nemotron-Labs-3-Puzzle-75B-A9B-NVFP4,p2
0,0,,smash,True,nvidia/NVIDIA-Nemotron-Labs-3-Puzzle-75B-A9B-NVFP4,p2
0,1,,smash,False,nvidia/NVIDIA-Nemotron-Labs-3-Puzzle-75B-A9B-NVFP4,p2
0,0,,smash,True,nvidia/NVIDIA-Nemotron-Labs-3-Puzzle-75B-A9B-NVFP4,p2
1,1,,hardened,True,nvidia/NVIDIA-Nemotron-Labs-3-Puzzle-75B-A9B-NVFP4,p2
1,1,,hardened,True,nvidia/NVIDIA-Nemotron-Labs-3-Puzzle-75B-A9B-NVFP4,p2
1,1,,hardened,True,nvidia/NVIDIA-Nemotron-Labs-3-Puzzle-75B-A9B-NVFP4,p2
1,1,,hardened,True,nvidia/NVIDIA-Nemotron-Labs-3-Puzzle-75B-A9B-NVFP4,p2
0,0,,hardened,True,nvidia/NVIDIA-Nemotron-Labs-3-Puzzle-75B-A9B-NVFP4,p2
0,1,,hardened,False,nvidia/NVIDIA-Nemotron-Labs-3-Puzzle-75B-A9B-NVFP4,p2
0,1,,hardened,False,nvidia/NVIDIA-Nemotron-Labs-3-Puzzle-75B-A9B-NVFP4,p2
0,0,,hardened,True,nvidia/NVIDIA-Nemotron-Labs-3-Puzzle-75B-A9B-NVFP4,p2
0,0,,turn_to,True,nvidia/NVIDIA-Nemotron-Labs-3-Puzzle-75B-A9B-NVFP4,p2
1,1,,anchor,True,nvidia/NVIDIA-Nemotron-Labs-3-Puzzle-75B-A9B-NVFP4,p2
0,1,,anchor,False,nvidia/NVIDIA-Nemotron-Labs-3-Puzzle-75B-A9B-NVFP4,p2
0,1,,anchor,False,nvidia/NVIDIA-Nemotron-Labs-3-Puzzle-75B-A9B-NVFP4,p2
1,1,,spy,True,nvidia/NVIDIA-Nemotron-Labs-3-Puzzle-75B-A9B-NVFP4,p2
1,1,,spy,True,nvidia/NVIDIA-Nemotron-Labs-3-Puzzle-75B-A9B-NVFP4,p2
1,1,,spy,True,nvidia/NVIDIA-Nemotron-Labs-3-Puzzle-75B-A9B-NVFP4,p2
1,1,,spy,True,nvidia/NVIDIA-Nemotron-Labs-3-Puzzle-75B-A9B-NVFP4,p2
0,1,,spy,False,nvidia/NVIDIA-Nemotron-Labs-3-Puzzle-75B-A9B-NVFP4,p2
0,0,,spy,True,nvidia/NVIDIA-Nemotron-Labs-3-Puzzle-75B-A9B-NVFP4,p2
0,0,,spy,True,nvidia/NVIDIA-Nemotron-Labs-3-Puzzle-75B-A9B-NVFP4,p2
1,1,,executive,True,nvidia/NVIDIA-Nemotron-Labs-3-Puzzle-75B-A9B-NVFP4,p2
1,1,,executive,True,nvidia/NVIDIA-Nemotron-Labs-3-Puzzle-75B-A9B-NVFP4,p2
0,1,,executive,False,nvidia/NVIDIA-Nemotron-Labs-3-Puzzle-75B-A9B-NVFP4,p2
0,1,,executive,False,nvidia/NVIDIA-Nemotron-Labs-3-Puzzle-75B-A9B-NVFP4,p2
1,1,,gold,True,nvidia/NVIDIA-Nemotron-Labs-3-Puzzle-75B-A9B-NVFP4,p2
1,1,,shield,True,nvidia/NVIDIA-Nemotron-Labs-3-Puzzle-75B-A9B-NVFP4,p2
1,1,,shield,True,nvidia/NVIDIA-Nemotron-Labs-3-Puzzle-75B-A9B-NVFP4,p2
0,1,,shield,False,nvidia/NVIDIA-Nemotron-Labs-3-Puzzle-75B-A9B-NVFP4,p2
0,1,,advertise,False,nvidia/NVIDIA-Nemotron-Labs-3-Puzzle-75B-A9B-NVFP4,p2
0,1,,advertise,False,nvidia/NVIDIA-Nemotron-Labs-3-Puzzle-75B-A9B-NVFP4,p2
1,1,,generosity,True,nvidia/NVIDIA-Nemotron-Labs-3-Puzzle-75B-A9B-NVFP4,p2
0,1,,generosity,False,nvidia/NVIDIA-Nemotron-Labs-3-Puzzle-75B-A9B-NVFP4,p2
0,1,,generosity,False,nvidia/NVIDIA-Nemotron-Labs-3-Puzzle-75B-A9B-NVFP4,p2
1,1,,off,True,nvidia/NVIDIA-Nemotron-Labs-3-Puzzle-75B-A9B-NVFP4,p2
0,1,,off,False,nvidia/NVIDIA-Nemotron-Labs-3-Puzzle-75B-A9B-NVFP4,p2
1,1,,disorderly,True,nvidia/NVIDIA-Nemotron-Labs-3-Puzzle-75B-A9B-NVFP4,p2
1,1,,disorderly,True,nvidia/NVIDIA-Nemotron-Labs-3-Puzzle-75B-A9B-NVFP4,p2
0,1,,disorderly,False,nvidia/NVIDIA-Nemotron-Labs-3-Puzzle-75B-A9B-NVFP4,p2
0,1,,disorderly,False,nvidia/NVIDIA-Nemotron-Labs-3-Puzzle-75B-A9B-NVFP4,p2
1,1,,simulate,True,nvidia/NVIDIA-Nemotron-Labs-3-Puzzle-75B-A9B-NVFP4,p2
1,1,,simulate,True,nvidia/NVIDIA-Nemotron-Labs-3-Puzzle-75B-A9B-NVFP4,p2
0,1,,simulate,False,nvidia/NVIDIA-Nemotron-Labs-3-Puzzle-75B-A9B-NVFP4,p2
1,1,,configuration,True,nvidia/NVIDIA-Nemotron-Labs-3-Puzzle-75B-A9B-NVFP4,p2
1,1,,logically,True,nvidia/NVIDIA-Nemotron-Labs-3-Puzzle-75B-A9B-NVFP4,p2
0,1,,logically,False,nvidia/NVIDIA-Nemotron-Labs-3-Puzzle-75B-A9B-NVFP4,p2
1,1,,fissure,True,nvidia/NVIDIA-Nemotron-Labs-3-Puzzle-75B-A9B-NVFP4,p2
1,1,,fissure,True,nvidia/NVIDIA-Nemotron-Labs-3-Puzzle-75B-A9B-NVFP4,p2
0,1,,fissure,False,nvidia/NVIDIA-Nemotron-Labs-3-Puzzle-75B-A9B-NVFP4,p2
0,1,,fissure,False,nvidia/NVIDIA-Nemotron-Labs-3-Puzzle-75B-A9B-NVFP4,p2
0,0,,fissure,True,nvidia/NVIDIA-Nemotron-Labs-3-Puzzle-75B-A9B-NVFP4,p2
1,1,,slow_down,True,nvidia/NVIDIA-Nemotron-Labs-3-Puzzle-75B-A9B-NVFP4,p2
1,1,,slow_down,True,nvidia/NVIDIA-Nemotron-Labs-3-Puzzle-75B-A9B-NVFP4,p2
0,0,,slow_down,True,nvidia/NVIDIA-Nemotron-Labs-3-Puzzle-75B-A9B-NVFP4,p2
0,1,,slow_down,False,nvidia/NVIDIA-Nemotron-Labs-3-Puzzle-75B-A9B-NVFP4,p2
0,1,,slow_down,False,nvidia/NVIDIA-Nemotron-Labs-3-Puzzle-75B-A9B-NVFP4,p2
0,1,,slow_down,False,nvidia/NVIDIA-Nemotron-Labs-3-Puzzle-75B-A9B-NVFP4,p2
1,1,,endorse,True,nvidia/NVIDIA-Nemotron-Labs-3-Puzzle-75B-A9B-NVFP4,p2
1,1,,endorse,True,nvidia/NVIDIA-Nemotron-Labs-3-Puzzle-75B-A9B-NVFP4,p2
0,0,,endorse,True,nvidia/NVIDIA-Nemotron-Labs-3-Puzzle-75B-A9B-NVFP4,p2
0,0,,endorse,True,nvidia/NVIDIA-Nemotron-Labs-3-Puzzle-75B-A9B-NVFP4,p2
0,0,,endorse,True,nvidia/NVIDIA-Nemotron-Labs-3-Puzzle-75B-A9B-NVFP4,p2
0,0,,endorse,True,nvidia/NVIDIA-Nemotron-Labs-3-Puzzle-75B-A9B-NVFP4,p2
1,1,,specify,True,nvidia/NVIDIA-Nemotron-Labs-3-Puzzle-75B-A9B-NVFP4,p2
1,1,,specify,True,nvidia/NVIDIA-Nemotron-Labs-3-Puzzle-75B-A9B-NVFP4,p2
1,1,,specify,True,nvidia/NVIDIA-Nemotron-Labs-3-Puzzle-75B-A9B-NVFP4,p2
1,1,,specify,True,nvidia/NVIDIA-Nemotron-Labs-3-Puzzle-75B-A9B-NVFP4,p2
0,1,,specify,False,nvidia/NVIDIA-Nemotron-Labs-3-Puzzle-75B-A9B-NVFP4,p2
0,1,,specify,False,nvidia/NVIDIA-Nemotron-Labs-3-Puzzle-75B-A9B-NVFP4,p2
0,1,,specify,False,nvidia/NVIDIA-Nemotron-Labs-3-Puzzle-75B-A9B-NVFP4,p2
0,0,,specify,True,nvidia/NVIDIA-Nemotron-Labs-3-Puzzle-75B-A9B-NVFP4,p2
1,1,,swing,True,nvidia/NVIDIA-Nemotron-Labs-3-Puzzle-75B-A9B-NVFP4,p2
1,1,,swing,True,nvidia/NVIDIA-Nemotron-Labs-3-Puzzle-75B-A9B-NVFP4,p2
1,1,,swing,True,nvidia/NVIDIA-Nemotron-Labs-3-Puzzle-75B-A9B-NVFP4,p2
0,1,,swing,False,nvidia/NVIDIA-Nemotron-Labs-3-Puzzle-75B-A9B-NVFP4,p2
0,0,,swing,True,nvidia/NVIDIA-Nemotron-Labs-3-Puzzle-75B-A9B-NVFP4,p2
0,1,,swing,False,nvidia/NVIDIA-Nemotron-Labs-3-Puzzle-75B-A9B-NVFP4,p2
1,1,,stand,True,nvidia/NVIDIA-Nemotron-Labs-3-Puzzle-75B-A9B-NVFP4,p2
1,1,,stand,True,nvidia/NVIDIA-Nemotron-Labs-3-Puzzle-75B-A9B-NVFP4,p2
1,1,,stand,True,nvidia/NVIDIA-Nemotron-Labs-3-Puzzle-75B-A9B-NVFP4,p2
1,1,,stand,True,nvidia/NVIDIA-Nemotron-Labs-3-Puzzle-75B-A9B-NVFP4,p2
0,0,,stand,True,nvidia/NVIDIA-Nemotron-Labs-3-Puzzle-75B-A9B-NVFP4,p2
0,0,,stand,True,nvidia/NVIDIA-Nemotron-Labs-3-Puzzle-75B-A9B-NVFP4,p2
0,0,,stand,True,nvidia/NVIDIA-Nemotron-Labs-3-Puzzle-75B-A9B-NVFP4,p2
0,1,,stand,False,nvidia/NVIDIA-Nemotron-Labs-3-Puzzle-75B-A9B-NVFP4,p2
0,0,,stand,True,nvidia/NVIDIA-Nemotron-Labs-3-Puzzle-75B-A9B-NVFP4,p2
0,0,,stand,True,nvidia/NVIDIA-Nemotron-Labs-3-Puzzle-75B-A9B-NVFP4,p2
0,0,,stand,True,nvidia/NVIDIA-Nemotron-Labs-3-Puzzle-75B-A9B-NVFP4,p2
0,1,,stand,False,nvidia/NVIDIA-Nemotron-Labs-3-Puzzle-75B-A9B-NVFP4,p2
1,0,,interior,False,nvidia/NVIDIA-Nemotron-Labs-3-Puzzle-75B-A9B-NVFP4,p2
1,1,,interior,True,nvidia/NVIDIA-Nemotron-Labs-3-Puzzle-75B-A9B-NVFP4,p2
1,1,,interior,True,nvidia/NVIDIA-Nemotron-Labs-3-Puzzle-75B-A9B-NVFP4,p2
1,1,,interior,True,nvidia/NVIDIA-Nemotron-Labs-3-Puzzle-75B-A9B-NVFP4,p2
0,1,,interior,False,nvidia/NVIDIA-Nemotron-Labs-3-Puzzle-75B-A9B-NVFP4,p2
0,1,,interior,False,nvidia/NVIDIA-Nemotron-Labs-3-Puzzle-75B-A9B-NVFP4,p2
0,1,,interior,False,nvidia/NVIDIA-Nemotron-Labs-3-Puzzle-75B-A9B-NVFP4,p2
0,0,,interior,True,nvidia/NVIDIA-Nemotron-Labs-3-Puzzle-75B-A9B-NVFP4,p2
1,1,,turn_over,True,nvidia/NVIDIA-Nemotron-Labs-3-Puzzle-75B-A9B-NVFP4,p2
1,1,,turn_over,True,nvidia/NVIDIA-Nemotron-Labs-3-Puzzle-75B-A9B-NVFP4,p2
1,0,,turn_over,False,nvidia/NVIDIA-Nemotron-Labs-3-Puzzle-75B-A9B-NVFP4,p2
1,1,,turn_over,True,nvidia/NVIDIA-Nemotron-Labs-3-Puzzle-75B-A9B-NVFP4,p2
1,1,,turn_over,True,nvidia/NVIDIA-Nemotron-Labs-3-Puzzle-75B-A9B-NVFP4,p2
0,1,,turn_over,False,nvidia/NVIDIA-Nemotron-Labs-3-Puzzle-75B-A9B-NVFP4,p2
0,0,,turn_over,True,nvidia/NVIDIA-Nemotron-Labs-3-Puzzle-75B-A9B-NVFP4,p2
0,1,,turn_over,False,nvidia/NVIDIA-Nemotron-Labs-3-Puzzle-75B-A9B-NVFP4,p2
0,0,,turn_over,True,nvidia/NVIDIA-Nemotron-Labs-3-Puzzle-75B-A9B-NVFP4,p2
0,1,,turn_over,False,nvidia/NVIDIA-Nemotron-Labs-3-Puzzle-75B-A9B-NVFP4,p2
0,0,,turn_over,True,nvidia/NVIDIA-Nemotron-Labs-3-Puzzle-75B-A9B-NVFP4,p2
0,0,,turn_over,True,nvidia/NVIDIA-Nemotron-Labs-3-Puzzle-75B-A9B-NVFP4,p2
0,0,,turn_over,True,nvidia/NVIDIA-Nemotron-Labs-3-Puzzle-75B-A9B-NVFP4,p2
1,1,,heroic,True,nvidia/NVIDIA-Nemotron-Labs-3-Puzzle-75B-A9B-NVFP4,p2
1,1,,heroic,True,nvidia/NVIDIA-Nemotron-Labs-3-Puzzle-75B-A9B-NVFP4,p2
1,1,,heroic,True,nvidia/NVIDIA-Nemotron-Labs-3-Puzzle-75B-A9B-NVFP4,p2
0,1,,heroic,False,nvidia/NVIDIA-Nemotron-Labs-3-Puzzle-75B-A9B-NVFP4,p2
1,1,,recruit,True,nvidia/NVIDIA-Nemotron-Labs-3-Puzzle-75B-A9B-NVFP4,p2
0,1,,recruit,False,nvidia/NVIDIA-Nemotron-Labs-3-Puzzle-75B-A9B-NVFP4,p2
0,0,,recruit,True,nvidia/NVIDIA-Nemotron-Labs-3-Puzzle-75B-A9B-NVFP4,p2
0,0,,recruit,True,nvidia/NVIDIA-Nemotron-Labs-3-Puzzle-75B-A9B-NVFP4,p2
0,0,,recruit,True,nvidia/NVIDIA-Nemotron-Labs-3-Puzzle-75B-A9B-NVFP4,p2
1,1,,unlikely,True,nvidia/NVIDIA-Nemotron-Labs-3-Puzzle-75B-A9B-NVFP4,p2
0,1,,unlikely,False,nvidia/NVIDIA-Nemotron-Labs-3-Puzzle-75B-A9B-NVFP4,p2
0,1,,unlikely,False,nvidia/NVIDIA-Nemotron-Labs-3-Puzzle-75B-A9B-NVFP4,p2
1,1,,russian,True,nvidia/NVIDIA-Nemotron-Labs-3-Puzzle-75B-A9B-NVFP4,p2
1,1,,russian,True,nvidia/NVIDIA-Nemotron-Labs-3-Puzzle-75B-A9B-NVFP4,p2
0,0,,russian,True,nvidia/NVIDIA-Nemotron-Labs-3-Puzzle-75B-A9B-NVFP4,p2
1,1,,integrity,True,nvidia/NVIDIA-Nemotron-Labs-3-Puzzle-75B-A9B-NVFP4,p2
0,0,,integrity,True,nvidia/NVIDIA-Nemotron-Labs-3-Puzzle-75B-A9B-NVFP4,p2
1,1,,wavy,True,nvidia/NVIDIA-Nemotron-Labs-3-Puzzle-75B-A9B-NVFP4,p2
1,1,,mislead,True,nvidia/NVIDIA-Nemotron-Labs-3-Puzzle-75B-A9B-NVFP4,p2
1,1,,mislead,True,nvidia/NVIDIA-Nemotron-Labs-3-Puzzle-75B-A9B-NVFP4,p2
0,1,,mislead,False,nvidia/NVIDIA-Nemotron-Labs-3-Puzzle-75B-A9B-NVFP4,p2
1,1,,lost,True,nvidia/NVIDIA-Nemotron-Labs-3-Puzzle-75B-A9B-NVFP4,p2
1,1,,lost,True,nvidia/NVIDIA-Nemotron-Labs-3-Puzzle-75B-A9B-NVFP4,p2
1,1,,lost,True,nvidia/NVIDIA-Nemotron-Labs-3-Puzzle-75B-A9B-NVFP4,p2
1,1,,lost,True,nvidia/NVIDIA-Nemotron-Labs-3-Puzzle-75B-A9B-NVFP4,p2
1,1,,lost,True,nvidia/NVIDIA-Nemotron-Labs-3-Puzzle-75B-A9B-NVFP4,p2
1,0,,lost,False,nvidia/NVIDIA-Nemotron-Labs-3-Puzzle-75B-A9B-NVFP4,p2
0,1,,lost,False,nvidia/NVIDIA-Nemotron-Labs-3-Puzzle-75B-A9B-NVFP4,p2
0,0,,lost,True,nvidia/NVIDIA-Nemotron-Labs-3-Puzzle-75B-A9B-NVFP4,p2
0,1,,lost,False,nvidia/NVIDIA-Nemotron-Labs-3-Puzzle-75B-A9B-NVFP4,p2
0,1,,lost,False,nvidia/NVIDIA-Nemotron-Labs-3-Puzzle-75B-A9B-NVFP4,p2
0,1,,lost,False,nvidia/NVIDIA-Nemotron-Labs-3-Puzzle-75B-A9B-NVFP4,p2
0,0,,lost,True,nvidia/NVIDIA-Nemotron-Labs-3-Puzzle-75B-A9B-NVFP4,p2
1,1,,edit,True,nvidia/NVIDIA-Nemotron-Labs-3-Puzzle-75B-A9B-NVFP4,p2
1,1,,edit,True,nvidia/NVIDIA-Nemotron-Labs-3-Puzzle-75B-A9B-NVFP4,p2
0,1,,edit,False,nvidia/NVIDIA-Nemotron-Labs-3-Puzzle-75B-A9B-NVFP4,p2
1,1,,fork,True,nvidia/NVIDIA-Nemotron-Labs-3-Puzzle-75B-A9B-NVFP4,p2
1,1,,fork,True,nvidia/NVIDIA-Nemotron-Labs-3-Puzzle-75B-A9B-NVFP4,p2
1,1,,fork,True,nvidia/NVIDIA-Nemotron-Labs-3-Puzzle-75B-A9B-NVFP4,p2
0,0,,fork,True,nvidia/NVIDIA-Nemotron-Labs-3-Puzzle-75B-A9B-NVFP4,p2
0,0,,fork,True,nvidia/NVIDIA-Nemotron-Labs-3-Puzzle-75B-A9B-NVFP4,p2
0,0,,fork,True,nvidia/NVIDIA-Nemotron-Labs-3-Puzzle-75B-A9B-NVFP4,p2
1,1,,ample,True,nvidia/NVIDIA-Nemotron-Labs-3-Puzzle-75B-A9B-NVFP4,p2
1,1,,tie,True,nvidia/NVIDIA-Nemotron-Labs-3-Puzzle-75B-A9B-NVFP4,p2
1,1,,tie,True,nvidia/NVIDIA-Nemotron-Labs-3-Puzzle-75B-A9B-NVFP4,p2
1,1,,tie,True,nvidia/NVIDIA-Nemotron-Labs-3-Puzzle-75B-A9B-NVFP4,p2
1,1,,tie,True,nvidia/NVIDIA-Nemotron-Labs-3-Puzzle-75B-A9B-NVFP4,p2
0,0,,tie,True,nvidia/NVIDIA-Nemotron-Labs-3-Puzzle-75B-A9B-NVFP4,p2
0,0,,tie,True,nvidia/NVIDIA-Nemotron-Labs-3-Puzzle-75B-A9B-NVFP4,p2
0,0,,tie,True,nvidia/NVIDIA-Nemotron-Labs-3-Puzzle-75B-A9B-NVFP4,p2
0,0,,tie,True,nvidia/NVIDIA-Nemotron-Labs-3-Puzzle-75B-A9B-NVFP4,p2
1,1,,intensify,True,nvidia/NVIDIA-Nemotron-Labs-3-Puzzle-75B-A9B-NVFP4,p2
0,1,,intensify,False,nvidia/NVIDIA-Nemotron-Labs-3-Puzzle-75B-A9B-NVFP4,p2
0,1,,intensify,False,nvidia/NVIDIA-Nemotron-Labs-3-Puzzle-75B-A9B-NVFP4,p2
0,0,,free,True,nvidia/NVIDIA-Nemotron-Labs-3-Puzzle-75B-A9B-NVFP4,p2
0,1,,free,False,nvidia/NVIDIA-Nemotron-Labs-3-Puzzle-75B-A9B-NVFP4,p2
0,1,,free,False,nvidia/NVIDIA-Nemotron-Labs-3-Puzzle-75B-A9B-NVFP4,p2
0,1,,free,False,nvidia/NVIDIA-Nemotron-Labs-3-Puzzle-75B-A9B-NVFP4,p2
0,1,,free,False,nvidia/NVIDIA-Nemotron-Labs-3-Puzzle-75B-A9B-NVFP4,p2
0,1,,free,False,nvidia/NVIDIA-Nemotron-Labs-3-Puzzle-75B-A9B-NVFP4,p2
0,1,,free,False,nvidia/NVIDIA-Nemotron-Labs-3-Puzzle-75B-A9B-NVFP4,p2
0,1,,free,False,nvidia/NVIDIA-Nemotron-Labs-3-Puzzle-75B-A9B-NVFP4,p2
1,1,,jerk,True,nvidia/NVIDIA-Nemotron-Labs-3-Puzzle-75B-A9B-NVFP4,p2
0,1,,jerk,False,nvidia/NVIDIA-Nemotron-Labs-3-Puzzle-75B-A9B-NVFP4,p2
0,1,,jerk,False,nvidia/NVIDIA-Nemotron-Labs-3-Puzzle-75B-A9B-NVFP4,p2
0,1,,jerk,False,nvidia/NVIDIA-Nemotron-Labs-3-Puzzle-75B-A9B-NVFP4,p2
1,1,,profess,True,nvidia/NVIDIA-Nemotron-Labs-3-Puzzle-75B-A9B-NVFP4,p2
0,0,,profess,True,nvidia/NVIDIA-Nemotron-Labs-3-Puzzle-75B-A9B-NVFP4,p2
0,1,,profess,False,nvidia/NVIDIA-Nemotron-Labs-3-Puzzle-75B-A9B-NVFP4,p2
0,1,,profess,False,nvidia/NVIDIA-Nemotron-Labs-3-Puzzle-75B-A9B-NVFP4,p2
0,1,,profess,False,nvidia/NVIDIA-Nemotron-Labs-3-Puzzle-75B-A9B-NVFP4,p2
1,1,,medium,True,nvidia/NVIDIA-Nemotron-Labs-3-Puzzle-75B-A9B-NVFP4,p2
1,1,,medium,True,nvidia/NVIDIA-Nemotron-Labs-3-Puzzle-75B-A9B-NVFP4,p2
1,1,,medium,True,nvidia/NVIDIA-Nemotron-Labs-3-Puzzle-75B-A9B-NVFP4,p2
1,1,,medium,True,nvidia/NVIDIA-Nemotron-Labs-3-Puzzle-75B-A9B-NVFP4,p2
1,1,,medium,True,nvidia/NVIDIA-Nemotron-Labs-3-Puzzle-75B-A9B-NVFP4,p2
1,1,,medium,True,nvidia/NVIDIA-Nemotron-Labs-3-Puzzle-75B-A9B-NVFP4,p2
0,0,,medium,True,nvidia/NVIDIA-Nemotron-Labs-3-Puzzle-75B-A9B-NVFP4,p2
0,0,,medium,True,nvidia/NVIDIA-Nemotron-Labs-3-Puzzle-75B-A9B-NVFP4,p2
0,0,,medium,True,nvidia/NVIDIA-Nemotron-Labs-3-Puzzle-75B-A9B-NVFP4,p2
0,0,,medium,True,nvidia/NVIDIA-Nemotron-Labs-3-Puzzle-75B-A9B-NVFP4,p2
0,0,,medium,True,nvidia/NVIDIA-Nemotron-Labs-3-Puzzle-75B-A9B-NVFP4,p2
0,0,,medium,True,nvidia/NVIDIA-Nemotron-Labs-3-Puzzle-75B-A9B-NVFP4,p2
1,1,,misery,True,nvidia/NVIDIA-Nemotron-Labs-3-Puzzle-75B-A9B-NVFP4,p2
1,1,,misery,True,nvidia/NVIDIA-Nemotron-Labs-3-Puzzle-75B-A9B-NVFP4,p2
1,1,,communist,True,nvidia/NVIDIA-Nemotron-Labs-3-Puzzle-75B-A9B-NVFP4,p2
1,1,,communist,True,nvidia/NVIDIA-Nemotron-Labs-3-Puzzle-75B-A9B-NVFP4,p2
0,1,,communist,False,nvidia/NVIDIA-Nemotron-Labs-3-Puzzle-75B-A9B-NVFP4,p2
1,1,,mate,True,nvidia/NVIDIA-Nemotron-Labs-3-Puzzle-75B-A9B-NVFP4,p2
1,1,,mate,True,nvidia/NVIDIA-Nemotron-Labs-3-Puzzle-75B-A9B-NVFP4,p2
1,1,,mate,True,nvidia/NVIDIA-Nemotron-Labs-3-Puzzle-75B-A9B-NVFP4,p2
1,1,,mate,True,nvidia/NVIDIA-Nemotron-Labs-3-Puzzle-75B-A9B-NVFP4,p2
1,1,,mate,True,nvidia/NVIDIA-Nemotron-Labs-3-Puzzle-75B-A9B-NVFP4,p2
1,1,,mate,True,nvidia/NVIDIA-Nemotron-Labs-3-Puzzle-75B-A9B-NVFP4,p2
1,1,,mate,True,nvidia/NVIDIA-Nemotron-Labs-3-Puzzle-75B-A9B-NVFP4,p2
0,0,,mate,True,nvidia/NVIDIA-Nemotron-Labs-3-Puzzle-75B-A9B-NVFP4,p2
0,0,,mate,True,nvidia/NVIDIA-Nemotron-Labs-3-Puzzle-75B-A9B-NVFP4,p2
0,0,,mate,True,nvidia/NVIDIA-Nemotron-Labs-3-Puzzle-75B-A9B-NVFP4,p2
0,0,,mate,True,nvidia/NVIDIA-Nemotron-Labs-3-Puzzle-75B-A9B-NVFP4,p2
0,0,,mate,True,nvidia/NVIDIA-Nemotron-Labs-3-Puzzle-75B-A9B-NVFP4,p2
0,0,,mate,True,nvidia/NVIDIA-Nemotron-Labs-3-Puzzle-75B-A9B-NVFP4,p2
0,1,,mate,False,nvidia/NVIDIA-Nemotron-Labs-3-Puzzle-75B-A9B-NVFP4,p2
0,0,,mate,True,nvidia/NVIDIA-Nemotron-Labs-3-Puzzle-75B-A9B-NVFP4,p2
0,0,,mate,True,nvidia/NVIDIA-Nemotron-Labs-3-Puzzle-75B-A9B-NVFP4,p2
0,0,,mate,True,nvidia/NVIDIA-Nemotron-Labs-3-Puzzle-75B-A9B-NVFP4,p2
1,1,,forth,True,nvidia/NVIDIA-Nemotron-Labs-3-Puzzle-75B-A9B-NVFP4,p2
0,0,,forth,True,nvidia/NVIDIA-Nemotron-Labs-3-Puzzle-75B-A9B-NVFP4,p2
0,1,,forth,False,nvidia/NVIDIA-Nemotron-Labs-3-Puzzle-75B-A9B-NVFP4,p2
1,1,,sage,True,nvidia/NVIDIA-Nemotron-Labs-3-Puzzle-75B-A9B-NVFP4,p2
0,0,,sage,True,nvidia/NVIDIA-Nemotron-Labs-3-Puzzle-75B-A9B-NVFP4,p2
1,1,,gem,True,nvidia/NVIDIA-Nemotron-Labs-3-Puzzle-75B-A9B-NVFP4,p2
0,0,,gem,True,nvidia/NVIDIA-Nemotron-Labs-3-Puzzle-75B-A9B-NVFP4,p2
0,0,,gem,True,nvidia/NVIDIA-Nemotron-Labs-3-Puzzle-75B-A9B-NVFP4,p2
0,0,,gem,True,nvidia/NVIDIA-Nemotron-Labs-3-Puzzle-75B-A9B-NVFP4,p2
0,1,,gem,False,nvidia/NVIDIA-Nemotron-Labs-3-Puzzle-75B-A9B-NVFP4,p2
1,1,,valuable,True,nvidia/NVIDIA-Nemotron-Labs-3-Puzzle-75B-A9B-NVFP4,p2
0,1,,valuable,False,nvidia/NVIDIA-Nemotron-Labs-3-Puzzle-75B-A9B-NVFP4,p2
1,1,,cartridge,True,nvidia/NVIDIA-Nemotron-Labs-3-Puzzle-75B-A9B-NVFP4,p2
1,1,,cartridge,True,nvidia/NVIDIA-Nemotron-Labs-3-Puzzle-75B-A9B-NVFP4,p2
1,1,,cartridge,True,nvidia/NVIDIA-Nemotron-Labs-3-Puzzle-75B-A9B-NVFP4,p2
0,0,,cartridge,True,nvidia/NVIDIA-Nemotron-Labs-3-Puzzle-75B-A9B-NVFP4,p2
0,0,,cartridge,True,nvidia/NVIDIA-Nemotron-Labs-3-Puzzle-75B-A9B-NVFP4,p2
0,0,,cartridge,True,nvidia/NVIDIA-Nemotron-Labs-3-Puzzle-75B-A9B-NVFP4,p2
0,0,,cartridge,True,nvidia/NVIDIA-Nemotron-Labs-3-Puzzle-75B-A9B-NVFP4,p2
1,1,,calendar,True,nvidia/NVIDIA-Nemotron-Labs-3-Puzzle-75B-A9B-NVFP4,p2
0,0,,calendar,True,nvidia/NVIDIA-Nemotron-Labs-3-Puzzle-75B-A9B-NVFP4,p2
0,1,,calendar,False,nvidia/NVIDIA-Nemotron-Labs-3-Puzzle-75B-A9B-NVFP4,p2
1,1,,pollution,True,nvidia/NVIDIA-Nemotron-Labs-3-Puzzle-75B-A9B-NVFP4,p2
0,1,,pollution,False,nvidia/NVIDIA-Nemotron-Labs-3-Puzzle-75B-A9B-NVFP4,p2
1,1,,notice,True,nvidia/NVIDIA-Nemotron-Labs-3-Puzzle-75B-A9B-NVFP4,p2
1,1,,notice,True,nvidia/NVIDIA-Nemotron-Labs-3-Puzzle-75B-A9B-NVFP4,p2
0,1,,notice,False,nvidia/NVIDIA-Nemotron-Labs-3-Puzzle-75B-A9B-NVFP4,p2
0,1,,notice,False,nvidia/NVIDIA-Nemotron-Labs-3-Puzzle-75B-A9B-NVFP4,p2
0,0,,notice,True,nvidia/NVIDIA-Nemotron-Labs-3-Puzzle-75B-A9B-NVFP4,p2
0,0,,notice,True,nvidia/NVIDIA-Nemotron-Labs-3-Puzzle-75B-A9B-NVFP4,p2
0,0,,notice,True,nvidia/NVIDIA-Nemotron-Labs-3-Puzzle-75B-A9B-NVFP4,p2
1,1,,affinity,True,nvidia/NVIDIA-Nemotron-Labs-3-Puzzle-75B-A9B-NVFP4,p2
1,1,,affinity,True,nvidia/NVIDIA-Nemotron-Labs-3-Puzzle-75B-A9B-NVFP4,p2
1,1,,affinity,True,nvidia/NVIDIA-Nemotron-Labs-3-Puzzle-75B-A9B-NVFP4,p2
0,0,,affinity,True,nvidia/NVIDIA-Nemotron-Labs-3-Puzzle-75B-A9B-NVFP4,p2
0,0,,affinity,True,nvidia/NVIDIA-Nemotron-Labs-3-Puzzle-75B-A9B-NVFP4,p2
0,0,,affinity,True,nvidia/NVIDIA-Nemotron-Labs-3-Puzzle-75B-A9B-NVFP4,p2
0,0,,affinity,True,nvidia/NVIDIA-Nemotron-Labs-3-Puzzle-75B-A9B-NVFP4,p2
0,0,,affinity,True,nvidia/NVIDIA-Nemotron-Labs-3-Puzzle-75B-A9B-NVFP4,p2
1,0,,chip,False,nvidia/NVIDIA-Nemotron-Labs-3-Puzzle-75B-A9B-NVFP4,p2
1,1,,chip,True,nvidia/NVIDIA-Nemotron-Labs-3-Puzzle-75B-A9B-NVFP4,p2
1,1,,chip,True,nvidia/NVIDIA-Nemotron-Labs-3-Puzzle-75B-A9B-NVFP4,p2
0,0,,chip,True,nvidia/NVIDIA-Nemotron-Labs-3-Puzzle-75B-A9B-NVFP4,p2
0,0,,chip,True,nvidia/NVIDIA-Nemotron-Labs-3-Puzzle-75B-A9B-NVFP4,p2
0,1,,chip,False,nvidia/NVIDIA-Nemotron-Labs-3-Puzzle-75B-A9B-NVFP4,p2
0,0,,chip,True,nvidia/NVIDIA-Nemotron-Labs-3-Puzzle-75B-A9B-NVFP4,p2
0,0,,chip,True,nvidia/NVIDIA-Nemotron-Labs-3-Puzzle-75B-A9B-NVFP4,p2
0,0,,chip,True,nvidia/NVIDIA-Nemotron-Labs-3-Puzzle-75B-A9B-NVFP4,p2
0,0,,chip,True,nvidia/NVIDIA-Nemotron-Labs-3-Puzzle-75B-A9B-NVFP4,p2
1,1,,confinement,True,nvidia/NVIDIA-Nemotron-Labs-3-Puzzle-75B-A9B-NVFP4,p2
1,1,,confinement,True,nvidia/NVIDIA-Nemotron-Labs-3-Puzzle-75B-A9B-NVFP4,p2
0,1,,confinement,False,nvidia/NVIDIA-Nemotron-Labs-3-Puzzle-75B-A9B-NVFP4,p2
0,0,,confinement,True,nvidia/NVIDIA-Nemotron-Labs-3-Puzzle-75B-A9B-NVFP4,p2
1,1,,assurance,True,nvidia/NVIDIA-Nemotron-Labs-3-Puzzle-75B-A9B-NVFP4,p2
0,0,,assurance,True,nvidia/NVIDIA-Nemotron-Labs-3-Puzzle-75B-A9B-NVFP4,p2
0,0,,assurance,True,nvidia/NVIDIA-Nemotron-Labs-3-Puzzle-75B-A9B-NVFP4,p2
0,1,,assurance,False,nvidia/NVIDIA-Nemotron-Labs-3-Puzzle-75B-A9B-NVFP4,p2
1,1,,wink,True,nvidia/NVIDIA-Nemotron-Labs-3-Puzzle-75B-A9B-NVFP4,p2
0,0,,wink,True,nvidia/NVIDIA-Nemotron-Labs-3-Puzzle-75B-A9B-NVFP4,p2
0,0,,wink,True,nvidia/NVIDIA-Nemotron-Labs-3-Puzzle-75B-A9B-NVFP4,p2
1,1,,still,True,nvidia/NVIDIA-Nemotron-Labs-3-Puzzle-75B-A9B-NVFP4,p2
1,1,,still,True,nvidia/NVIDIA-Nemotron-Labs-3-Puzzle-75B-A9B-NVFP4,p2
1,1,,still,True,nvidia/NVIDIA-Nemotron-Labs-3-Puzzle-75B-A9B-NVFP4,p2
0,1,,still,False,nvidia/NVIDIA-Nemotron-Labs-3-Puzzle-75B-A9B-NVFP4,p2
0,0,,still,True,nvidia/NVIDIA-Nemotron-Labs-3-Puzzle-75B-A9B-NVFP4,p2
0,0,,still,True,nvidia/NVIDIA-Nemotron-Labs-3-Puzzle-75B-A9B-NVFP4,p2
0,0,,still,True,nvidia/NVIDIA-Nemotron-Labs-3-Puzzle-75B-A9B-NVFP4,p2
0,1,,momentum,False,nvidia/NVIDIA-Nemotron-Labs-3-Puzzle-75B-A9B-NVFP4,p2
1,1,,aperture,True,nvidia/NVIDIA-Nemotron-Labs-3-Puzzle-75B-A9B-NVFP4,p2
0,1,,aperture,False,nvidia/NVIDIA-Nemotron-Labs-3-Puzzle-75B-A9B-NVFP4,p2
0,0,,aperture,True,nvidia/NVIDIA-Nemotron-Labs-3-Puzzle-75B-A9B-NVFP4,p2
1,1,,sensibility,True,nvidia/NVIDIA-Nemotron-Labs-3-Puzzle-75B-A9B-NVFP4,p2
1,1,,sensibility,True,nvidia/NVIDIA-Nemotron-Labs-3-Puzzle-75B-A9B-NVFP4,p2
0,1,,physiology,False,nvidia/NVIDIA-Nemotron-Labs-3-Puzzle-75B-A9B-NVFP4,p2
0,1,,physiology,False,nvidia/NVIDIA-Nemotron-Labs-3-Puzzle-75B-A9B-NVFP4,p2
1,1,,fertilize,True,nvidia/NVIDIA-Nemotron-Labs-3-Puzzle-75B-A9B-NVFP4,p2
1,1,,fertilize,True,nvidia/NVIDIA-Nemotron-Labs-3-Puzzle-75B-A9B-NVFP4,p2
0,1,,fertilize,False,nvidia/NVIDIA-Nemotron-Labs-3-Puzzle-75B-A9B-NVFP4,p2
1,1,,sway,True,nvidia/NVIDIA-Nemotron-Labs-3-Puzzle-75B-A9B-NVFP4,p2
1,0,,sway,False,nvidia/NVIDIA-Nemotron-Labs-3-Puzzle-75B-A9B-NVFP4,p2
1,1,,sway,True,nvidia/NVIDIA-Nemotron-Labs-3-Puzzle-75B-A9B-NVFP4,p2
1,1,,sway,True,nvidia/NVIDIA-Nemotron-Labs-3-Puzzle-75B-A9B-NVFP4,p2
0,0,,sway,True,nvidia/NVIDIA-Nemotron-Labs-3-Puzzle-75B-A9B-NVFP4,p2
0,0,,sway,True,nvidia/NVIDIA-Nemotron-Labs-3-Puzzle-75B-A9B-NVFP4,p2
0,1,,sway,False,nvidia/NVIDIA-Nemotron-Labs-3-Puzzle-75B-A9B-NVFP4,p2
0,0,,sway,True,nvidia/NVIDIA-Nemotron-Labs-3-Puzzle-75B-A9B-NVFP4,p2
1,1,,come_to,True,nvidia/NVIDIA-Nemotron-Labs-3-Puzzle-75B-A9B-NVFP4,p2
1,0,,come_to,False,nvidia/NVIDIA-Nemotron-Labs-3-Puzzle-75B-A9B-NVFP4,p2
0,0,,come_to,True,nvidia/NVIDIA-Nemotron-Labs-3-Puzzle-75B-A9B-NVFP4,p2
0,0,,come_to,True,nvidia/NVIDIA-Nemotron-Labs-3-Puzzle-75B-A9B-NVFP4,p2
0,0,,come_to,True,nvidia/NVIDIA-Nemotron-Labs-3-Puzzle-75B-A9B-NVFP4,p2
1,1,,incite,True,nvidia/NVIDIA-Nemotron-Labs-3-Puzzle-75B-A9B-NVFP4,p2
0,1,,incite,False,nvidia/NVIDIA-Nemotron-Labs-3-Puzzle-75B-A9B-NVFP4,p2
1,1,,parameter,True,nvidia/NVIDIA-Nemotron-Labs-3-Puzzle-75B-A9B-NVFP4,p2
0,0,,parameter,True,nvidia/NVIDIA-Nemotron-Labs-3-Puzzle-75B-A9B-NVFP4,p2
0,1,,parameter,False,nvidia/NVIDIA-Nemotron-Labs-3-Puzzle-75B-A9B-NVFP4,p2
0,1,,parameter,False,nvidia/NVIDIA-Nemotron-Labs-3-Puzzle-75B-A9B-NVFP4,p2
1,1,,allot,True,nvidia/NVIDIA-Nemotron-Labs-3-Puzzle-75B-A9B-NVFP4,p2
0,1,,allot,False,nvidia/NVIDIA-Nemotron-Labs-3-Puzzle-75B-A9B-NVFP4,p2
0,1,,allot,False,nvidia/NVIDIA-Nemotron-Labs-3-Puzzle-75B-A9B-NVFP4,p2
1,1,,extremely,True,nvidia/NVIDIA-Nemotron-Labs-3-Puzzle-75B-A9B-NVFP4,p2
0,1,,extremely,False,nvidia/NVIDIA-Nemotron-Labs-3-Puzzle-75B-A9B-NVFP4,p2
0,1,,extremely,False,nvidia/NVIDIA-Nemotron-Labs-3-Puzzle-75B-A9B-NVFP4,p2
1,1,,protrude,True,nvidia/NVIDIA-Nemotron-Labs-3-Puzzle-75B-A9B-NVFP4,p2
0,1,,protrude,False,nvidia/NVIDIA-Nemotron-Labs-3-Puzzle-75B-A9B-NVFP4,p2
0,1,,protrude,False,nvidia/NVIDIA-Nemotron-Labs-3-Puzzle-75B-A9B-NVFP4,p2
1,1,,sentiment,True,nvidia/NVIDIA-Nemotron-Labs-3-Puzzle-75B-A9B-NVFP4,p2
0,0,,sentiment,True,nvidia/NVIDIA-Nemotron-Labs-3-Puzzle-75B-A9B-NVFP4,p2
0,0,,sentiment,True,nvidia/NVIDIA-Nemotron-Labs-3-Puzzle-75B-A9B-NVFP4,p2
1,1,,skate,True,nvidia/NVIDIA-Nemotron-Labs-3-Puzzle-75B-A9B-NVFP4,p2
1,1,,skate,True,nvidia/NVIDIA-Nemotron-Labs-3-Puzzle-75B-A9B-NVFP4,p2
0,0,,skate,True,nvidia/NVIDIA-Nemotron-Labs-3-Puzzle-75B-A9B-NVFP4,p2
0,0,,skate,True,nvidia/NVIDIA-Nemotron-Labs-3-Puzzle-75B-A9B-NVFP4,p2
1,1,,recovery,True,nvidia/NVIDIA-Nemotron-Labs-3-Puzzle-75B-A9B-NVFP4,p2
0,1,,recovery,False,nvidia/NVIDIA-Nemotron-Labs-3-Puzzle-75B-A9B-NVFP4,p2
0,0,,recovery,True,nvidia/NVIDIA-Nemotron-Labs-3-Puzzle-75B-A9B-NVFP4,p2
1,1,,excuse,True,nvidia/NVIDIA-Nemotron-Labs-3-Puzzle-75B-A9B-NVFP4,p2
1,1,,excuse,True,nvidia/NVIDIA-Nemotron-Labs-3-Puzzle-75B-A9B-NVFP4,p2
0,1,,excuse,False,nvidia/NVIDIA-Nemotron-Labs-3-Puzzle-75B-A9B-NVFP4,p2
0,0,,excuse,True,nvidia/NVIDIA-Nemotron-Labs-3-Puzzle-75B-A9B-NVFP4,p2
0,0,,excuse,True,nvidia/NVIDIA-Nemotron-Labs-3-Puzzle-75B-A9B-NVFP4,p2
1,1,,exaggerate,True,nvidia/NVIDIA-Nemotron-Labs-3-Puzzle-75B-A9B-NVFP4,p2
0,1,,exaggerate,False,nvidia/NVIDIA-Nemotron-Labs-3-Puzzle-75B-A9B-NVFP4,p2
1,1,,unchanged,True,nvidia/NVIDIA-Nemotron-Labs-3-Puzzle-75B-A9B-NVFP4,p2
1,1,,unchanged,True,nvidia/NVIDIA-Nemotron-Labs-3-Puzzle-75B-A9B-NVFP4,p2
0,1,,unchanged,False,nvidia/NVIDIA-Nemotron-Labs-3-Puzzle-75B-A9B-NVFP4,p2
1,1,,exponent,True,nvidia/NVIDIA-Nemotron-Labs-3-Puzzle-75B-A9B-NVFP4,p2
0,0,,exponent,True,nvidia/NVIDIA-Nemotron-Labs-3-Puzzle-75B-A9B-NVFP4,p2
0,0,,exponent,True,nvidia/NVIDIA-Nemotron-Labs-3-Puzzle-75B-A9B-NVFP4,p2
1,1,,catch,True,nvidia/NVIDIA-Nemotron-Labs-3-Puzzle-75B-A9B-NVFP4,p2
1,1,,catch,True,nvidia/NVIDIA-Nemotron-Labs-3-Puzzle-75B-A9B-NVFP4,p2
1,1,,catch,True,nvidia/NVIDIA-Nemotron-Labs-3-Puzzle-75B-A9B-NVFP4,p2
1,1,,catch,True,nvidia/NVIDIA-Nemotron-Labs-3-Puzzle-75B-A9B-NVFP4,p2
1,1,,catch,True,nvidia/NVIDIA-Nemotron-Labs-3-Puzzle-75B-A9B-NVFP4,p2
1,1,,catch,True,nvidia/NVIDIA-Nemotron-Labs-3-Puzzle-75B-A9B-NVFP4,p2
1,1,,catch,True,nvidia/NVIDIA-Nemotron-Labs-3-Puzzle-75B-A9B-NVFP4,p2
0,0,,catch,True,nvidia/NVIDIA-Nemotron-Labs-3-Puzzle-75B-A9B-NVFP4,p2
0,0,,catch,True,nvidia/NVIDIA-Nemotron-Labs-3-Puzzle-75B-A9B-NVFP4,p2
0,0,,catch,True,nvidia/NVIDIA-Nemotron-Labs-3-Puzzle-75B-A9B-NVFP4,p2
0,0,,catch,True,nvidia/NVIDIA-Nemotron-Labs-3-Puzzle-75B-A9B-NVFP4,p2
0,1,,catch,False,nvidia/NVIDIA-Nemotron-Labs-3-Puzzle-75B-A9B-NVFP4,p2
1,1,,boss,True,nvidia/NVIDIA-Nemotron-Labs-3-Puzzle-75B-A9B-NVFP4,p2
0,0,,boss,True,nvidia/NVIDIA-Nemotron-Labs-3-Puzzle-75B-A9B-NVFP4,p2
0,0,,boss,True,nvidia/NVIDIA-Nemotron-Labs-3-Puzzle-75B-A9B-NVFP4,p2
0,0,,boss,True,nvidia/NVIDIA-Nemotron-Labs-3-Puzzle-75B-A9B-NVFP4,p2
1,1,,hook,True,nvidia/NVIDIA-Nemotron-Labs-3-Puzzle-75B-A9B-NVFP4,p2
1,1,,hook,True,nvidia/NVIDIA-Nemotron-Labs-3-Puzzle-75B-A9B-NVFP4,p2
1,1,,hook,True,nvidia/NVIDIA-Nemotron-Labs-3-Puzzle-75B-A9B-NVFP4,p2
1,1,,hook,True,nvidia/NVIDIA-Nemotron-Labs-3-Puzzle-75B-A9B-NVFP4,p2
1,1,,hook,True,nvidia/NVIDIA-Nemotron-Labs-3-Puzzle-75B-A9B-NVFP4,p2
1,1,,hook,True,nvidia/NVIDIA-Nemotron-Labs-3-Puzzle-75B-A9B-NVFP4,p2
1,1,,hook,True,nvidia/NVIDIA-Nemotron-Labs-3-Puzzle-75B-A9B-NVFP4,p2
0,0,,hook,True,nvidia/NVIDIA-Nemotron-Labs-3-Puzzle-75B-A9B-NVFP4,p2
0,0,,hook,True,nvidia/NVIDIA-Nemotron-Labs-3-Puzzle-75B-A9B-NVFP4,p2
0,0,,hook,True,nvidia/NVIDIA-Nemotron-Labs-3-Puzzle-75B-A9B-NVFP4,p2
0,0,,hook,True,nvidia/NVIDIA-Nemotron-Labs-3-Puzzle-75B-A9B-NVFP4,p2
0,0,,hook,True,nvidia/NVIDIA-Nemotron-Labs-3-Puzzle-75B-A9B-NVFP4,p2
0,0,,hook,True,nvidia/NVIDIA-Nemotron-Labs-3-Puzzle-75B-A9B-NVFP4,p2
1,1,,delicate,True,nvidia/NVIDIA-Nemotron-Labs-3-Puzzle-75B-A9B-NVFP4,p2
1,1,,delicate,True,nvidia/NVIDIA-Nemotron-Labs-3-Puzzle-75B-A9B-NVFP4,p2
0,0,,delicate,True,nvidia/NVIDIA-Nemotron-Labs-3-Puzzle-75B-A9B-NVFP4,p2
1,1,,patrol,True,nvidia/NVIDIA-Nemotron-Labs-3-Puzzle-75B-A9B-NVFP4,p2
1,1,,patrol,True,nvidia/NVIDIA-Nemotron-Labs-3-Puzzle-75B-A9B-NVFP4,p2
1,1,,patrol,True,nvidia/NVIDIA-Nemotron-Labs-3-Puzzle-75B-A9B-NVFP4,p2
0,1,,patrol,False,nvidia/NVIDIA-Nemotron-Labs-3-Puzzle-75B-A9B-NVFP4,p2
0,1,,patrol,False,nvidia/NVIDIA-Nemotron-Labs-3-Puzzle-75B-A9B-NVFP4,p2
1,1,,multiplication,True,nvidia/NVIDIA-Nemotron-Labs-3-Puzzle-75B-A9B-NVFP4,p2
1,1,,multiplication,True,nvidia/NVIDIA-Nemotron-Labs-3-Puzzle-75B-A9B-NVFP4,p2
0,0,,multiplication,True,nvidia/NVIDIA-Nemotron-Labs-3-Puzzle-75B-A9B-NVFP4,p2
0,0,,multiplication,True,nvidia/NVIDIA-Nemotron-Labs-3-Puzzle-75B-A9B-NVFP4,p2
0,0,,multiplication,True,nvidia/NVIDIA-Nemotron-Labs-3-Puzzle-75B-A9B-NVFP4,p2
1,1,,fantastic,True,nvidia/NVIDIA-Nemotron-Labs-3-Puzzle-75B-A9B-NVFP4,p2
1,1,,fantastic,True,nvidia/NVIDIA-Nemotron-Labs-3-Puzzle-75B-A9B-NVFP4,p2
1,1,,fantastic,True,nvidia/NVIDIA-Nemotron-Labs-3-Puzzle-75B-A9B-NVFP4,p2
0,0,,fantastic,True,nvidia/NVIDIA-Nemotron-Labs-3-Puzzle-75B-A9B-NVFP4,p2
0,1,,fantastic,False,nvidia/NVIDIA-Nemotron-Labs-3-Puzzle-75B-A9B-NVFP4,p2
1,1,,raw,True,nvidia/NVIDIA-Nemotron-Labs-3-Puzzle-75B-A9B-NVFP4,p2
1,1,,raw,True,nvidia/NVIDIA-Nemotron-Labs-3-Puzzle-75B-A9B-NVFP4,p2
1,0,,raw,False,nvidia/NVIDIA-Nemotron-Labs-3-Puzzle-75B-A9B-NVFP4,p2
1,1,,raw,True,nvidia/NVIDIA-Nemotron-Labs-3-Puzzle-75B-A9B-NVFP4,p2
1,1,,raw,True,nvidia/NVIDIA-Nemotron-Labs-3-Puzzle-75B-A9B-NVFP4,p2
1,0,,raw,False,nvidia/NVIDIA-Nemotron-Labs-3-Puzzle-75B-A9B-NVFP4,p2
0,0,,raw,True,nvidia/NVIDIA-Nemotron-Labs-3-Puzzle-75B-A9B-NVFP4,p2
0,0,,raw,True,nvidia/NVIDIA-Nemotron-Labs-3-Puzzle-75B-A9B-NVFP4,p2
0,0,,raw,True,nvidia/NVIDIA-Nemotron-Labs-3-Puzzle-75B-A9B-NVFP4,p2
0,1,,raw,False,nvidia/NVIDIA-Nemotron-Labs-3-Puzzle-75B-A9B-NVFP4,p2
0,0,,raw,True,nvidia/NVIDIA-Nemotron-Labs-3-Puzzle-75B-A9B-NVFP4,p2
0,0,,raw,True,nvidia/NVIDIA-Nemotron-Labs-3-Puzzle-75B-A9B-NVFP4,p2
1,1,,unique,True,nvidia/NVIDIA-Nemotron-Labs-3-Puzzle-75B-A9B-NVFP4,p2
0,0,,unique,True,nvidia/NVIDIA-Nemotron-Labs-3-Puzzle-75B-A9B-NVFP4,p2
1,1,,switch,True,nvidia/NVIDIA-Nemotron-Labs-3-Puzzle-75B-A9B-NVFP4,p2
1,1,,switch,True,nvidia/NVIDIA-Nemotron-Labs-3-Puzzle-75B-A9B-NVFP4,p2
0,0,,switch,True,nvidia/NVIDIA-Nemotron-Labs-3-Puzzle-75B-A9B-NVFP4,p2
0,1,,switch,False,nvidia/NVIDIA-Nemotron-Labs-3-Puzzle-75B-A9B-NVFP4,p2
0,1,,switch,False,nvidia/NVIDIA-Nemotron-Labs-3-Puzzle-75B-A9B-NVFP4,p2
1,1,,fringed,True,nvidia/NVIDIA-Nemotron-Labs-3-Puzzle-75B-A9B-NVFP4,p2
0,0,,fringed,True,nvidia/NVIDIA-Nemotron-Labs-3-Puzzle-75B-A9B-NVFP4,p2
0,0,,fringed,True,nvidia/NVIDIA-Nemotron-Labs-3-Puzzle-75B-A9B-NVFP4,p2
1,1,,formulation,True,nvidia/NVIDIA-Nemotron-Labs-3-Puzzle-75B-A9B-NVFP4,p2
1,1,,formulation,True,nvidia/NVIDIA-Nemotron-Labs-3-Puzzle-75B-A9B-NVFP4,p2
0,0,,formulation,True,nvidia/NVIDIA-Nemotron-Labs-3-Puzzle-75B-A9B-NVFP4,p2
0,0,,formulation,True,nvidia/NVIDIA-Nemotron-Labs-3-Puzzle-75B-A9B-NVFP4,p2
1,1,,confess,True,nvidia/NVIDIA-Nemotron-Labs-3-Puzzle-75B-A9B-NVFP4,p2
1,1,,confess,True,nvidia/NVIDIA-Nemotron-Labs-3-Puzzle-75B-A9B-NVFP4,p2
1,1,,confess,True,nvidia/NVIDIA-Nemotron-Labs-3-Puzzle-75B-A9B-NVFP4,p2
0,1,,confess,False,nvidia/NVIDIA-Nemotron-Labs-3-Puzzle-75B-A9B-NVFP4,p2
0,1,,confess,False,nvidia/NVIDIA-Nemotron-Labs-3-Puzzle-75B-A9B-NVFP4,p2
0,1,,confess,False,nvidia/NVIDIA-Nemotron-Labs-3-Puzzle-75B-A9B-NVFP4,p2
0,1,,purify,False,nvidia/NVIDIA-Nemotron-Labs-3-Puzzle-75B-A9B-NVFP4,p2
0,0,,purify,True,nvidia/NVIDIA-Nemotron-Labs-3-Puzzle-75B-A9B-NVFP4,p2
1,1,,everyday,True,nvidia/NVIDIA-Nemotron-Labs-3-Puzzle-75B-A9B-NVFP4,p2
0,1,,everyday,False,nvidia/NVIDIA-Nemotron-Labs-3-Puzzle-75B-A9B-NVFP4,p2
0,1,,everyday,False,nvidia/NVIDIA-Nemotron-Labs-3-Puzzle-75B-A9B-NVFP4,p2
1,1,,slice,True,nvidia/NVIDIA-Nemotron-Labs-3-Puzzle-75B-A9B-NVFP4,p2
0,0,,slice,True,nvidia/NVIDIA-Nemotron-Labs-3-Puzzle-75B-A9B-NVFP4,p2
0,0,,slice,True,nvidia/NVIDIA-Nemotron-Labs-3-Puzzle-75B-A9B-NVFP4,p2
0,0,,slice,True,nvidia/NVIDIA-Nemotron-Labs-3-Puzzle-75B-A9B-NVFP4,p2
1,1,,withdraw,True,nvidia/NVIDIA-Nemotron-Labs-3-Puzzle-75B-A9B-NVFP4,p2
1,1,,withdraw,True,nvidia/NVIDIA-Nemotron-Labs-3-Puzzle-75B-A9B-NVFP4,p2
1,1,,withdraw,True,nvidia/NVIDIA-Nemotron-Labs-3-Puzzle-75B-A9B-NVFP4,p2
1,1,,withdraw,True,nvidia/NVIDIA-Nemotron-Labs-3-Puzzle-75B-A9B-NVFP4,p2
1,1,,withdraw,True,nvidia/NVIDIA-Nemotron-Labs-3-Puzzle-75B-A9B-NVFP4,p2
1,1,,withdraw,True,nvidia/NVIDIA-Nemotron-Labs-3-Puzzle-75B-A9B-NVFP4,p2
1,1,,withdraw,True,nvidia/NVIDIA-Nemotron-Labs-3-Puzzle-75B-A9B-NVFP4,p2
1,0,,withdraw,False,nvidia/NVIDIA-Nemotron-Labs-3-Puzzle-75B-A9B-NVFP4,p2
0,1,,withdraw,False,nvidia/NVIDIA-Nemotron-Labs-3-Puzzle-75B-A9B-NVFP4,p2
0,0,,withdraw,True,nvidia/NVIDIA-Nemotron-Labs-3-Puzzle-75B-A9B-NVFP4,p2
0,1,,withdraw,False,nvidia/NVIDIA-Nemotron-Labs-3-Puzzle-75B-A9B-NVFP4,p2
0,1,,withdraw,False,nvidia/NVIDIA-Nemotron-Labs-3-Puzzle-75B-A9B-NVFP4,p2
0,1,,withdraw,False,nvidia/NVIDIA-Nemotron-Labs-3-Puzzle-75B-A9B-NVFP4,p2
0,0,,withdraw,True,nvidia/NVIDIA-Nemotron-Labs-3-Puzzle-75B-A9B-NVFP4,p2
0,0,,withdraw,True,nvidia/NVIDIA-Nemotron-Labs-3-Puzzle-75B-A9B-NVFP4,p2
1,1,,badly,True,nvidia/NVIDIA-Nemotron-Labs-3-Puzzle-75B-A9B-NVFP4,p2
1,0,,badly,False,nvidia/NVIDIA-Nemotron-Labs-3-Puzzle-75B-A9B-NVFP4,p2
0,0,,badly,True,nvidia/NVIDIA-Nemotron-Labs-3-Puzzle-75B-A9B-NVFP4,p2
0,0,,badly,True,nvidia/NVIDIA-Nemotron-Labs-3-Puzzle-75B-A9B-NVFP4,p2
0,0,,badly,True,nvidia/NVIDIA-Nemotron-Labs-3-Puzzle-75B-A9B-NVFP4,p2
0,0,,badly,True,nvidia/NVIDIA-Nemotron-Labs-3-Puzzle-75B-A9B-NVFP4,p2
1,1,,load,True,nvidia/NVIDIA-Nemotron-Labs-3-Puzzle-75B-A9B-NVFP4,p2
1,1,,load,True,nvidia/NVIDIA-Nemotron-Labs-3-Puzzle-75B-A9B-NVFP4,p2
0,0,,load,True,nvidia/NVIDIA-Nemotron-Labs-3-Puzzle-75B-A9B-NVFP4,p2
0,0,,load,True,nvidia/NVIDIA-Nemotron-Labs-3-Puzzle-75B-A9B-NVFP4,p2
0,1,,load,False,nvidia/NVIDIA-Nemotron-Labs-3-Puzzle-75B-A9B-NVFP4,p2
1,1,,inspiration,True,nvidia/NVIDIA-Nemotron-Labs-3-Puzzle-75B-A9B-NVFP4,p2
1,1,,inspiration,True,nvidia/NVIDIA-Nemotron-Labs-3-Puzzle-75B-A9B-NVFP4,p2
1,1,,inspiration,True,nvidia/NVIDIA-Nemotron-Labs-3-Puzzle-75B-A9B-NVFP4,p2
1,1,,inspiration,True,nvidia/NVIDIA-Nemotron-Labs-3-Puzzle-75B-A9B-NVFP4,p2
0,0,,inspiration,True,nvidia/NVIDIA-Nemotron-Labs-3-Puzzle-75B-A9B-NVFP4,p2
0,1,,inspiration,False,nvidia/NVIDIA-Nemotron-Labs-3-Puzzle-75B-A9B-NVFP4,p2
0,0,,inspiration,True,nvidia/NVIDIA-Nemotron-Labs-3-Puzzle-75B-A9B-NVFP4,p2
1,1,,nutrition,True,nvidia/NVIDIA-Nemotron-Labs-3-Puzzle-75B-A9B-NVFP4,p2
1,1,,nutrition,True,nvidia/NVIDIA-Nemotron-Labs-3-Puzzle-75B-A9B-NVFP4,p2
0,0,,nutrition,True,nvidia/NVIDIA-Nemotron-Labs-3-Puzzle-75B-A9B-NVFP4,p2
0,0,,up,True,nvidia/NVIDIA-Nemotron-Labs-3-Puzzle-75B-A9B-NVFP4,p2
0,0,,up,True,nvidia/NVIDIA-Nemotron-Labs-3-Puzzle-75B-A9B-NVFP4,p2
0,0,,up,True,nvidia/NVIDIA-Nemotron-Labs-3-Puzzle-75B-A9B-NVFP4,p2
1,1,,interview,True,nvidia/NVIDIA-Nemotron-Labs-3-Puzzle-75B-A9B-NVFP4,p2
1,1,,interview,True,nvidia/NVIDIA-Nemotron-Labs-3-Puzzle-75B-A9B-NVFP4,p2
1,1,,interview,True,nvidia/NVIDIA-Nemotron-Labs-3-Puzzle-75B-A9B-NVFP4,p2
1,1,,interview,True,nvidia/NVIDIA-Nemotron-Labs-3-Puzzle-75B-A9B-NVFP4,p2
0,1,,interview,False,nvidia/NVIDIA-Nemotron-Labs-3-Puzzle-75B-A9B-NVFP4,p2
0,0,,interview,True,nvidia/NVIDIA-Nemotron-Labs-3-Puzzle-75B-A9B-NVFP4,p2
0,0,,interview,True,nvidia/NVIDIA-Nemotron-Labs-3-Puzzle-75B-A9B-NVFP4,p2
0,0,,interview,True,nvidia/NVIDIA-Nemotron-Labs-3-Puzzle-75B-A9B-NVFP4,p2
1,1,,route,True,nvidia/NVIDIA-Nemotron-Labs-3-Puzzle-75B-A9B-NVFP4,p2
0,1,,route,False,nvidia/NVIDIA-Nemotron-Labs-3-Puzzle-75B-A9B-NVFP4,p2
1,1,,withhold,True,nvidia/NVIDIA-Nemotron-Labs-3-Puzzle-75B-A9B-NVFP4,p2
0,1,,withhold,False,nvidia/NVIDIA-Nemotron-Labs-3-Puzzle-75B-A9B-NVFP4,p2
0,1,,protestant,False,nvidia/NVIDIA-Nemotron-Labs-3-Puzzle-75B-A9B-NVFP4,p2
1,1,,underworld,True,nvidia/NVIDIA-Nemotron-Labs-3-Puzzle-75B-A9B-NVFP4,p2
1,1,,underworld,True,nvidia/NVIDIA-Nemotron-Labs-3-Puzzle-75B-A9B-NVFP4,p2
0,1,,underworld,False,nvidia/NVIDIA-Nemotron-Labs-3-Puzzle-75B-A9B-NVFP4,p2
0,0,,underworld,True,nvidia/NVIDIA-Nemotron-Labs-3-Puzzle-75B-A9B-NVFP4,p2
1,0,,republican,False,nvidia/NVIDIA-Nemotron-Labs-3-Puzzle-75B-A9B-NVFP4,p2
1,1,,republican,True,nvidia/NVIDIA-Nemotron-Labs-3-Puzzle-75B-A9B-NVFP4,p2
0,0,,republican,True,nvidia/NVIDIA-Nemotron-Labs-3-Puzzle-75B-A9B-NVFP4,p2
0,0,,republican,True,nvidia/NVIDIA-Nemotron-Labs-3-Puzzle-75B-A9B-NVFP4,p2
1,0,,lettuce,False,nvidia/NVIDIA-Nemotron-Labs-3-Puzzle-75B-A9B-NVFP4,p2
1,1,,lettuce,True,nvidia/NVIDIA-Nemotron-Labs-3-Puzzle-75B-A9B-NVFP4,p2
1,1,,lettuce,True,nvidia/NVIDIA-Nemotron-Labs-3-Puzzle-75B-A9B-NVFP4,p2
0,1,,lettuce,False,nvidia/NVIDIA-Nemotron-Labs-3-Puzzle-75B-A9B-NVFP4,p2
1,1,,navigator,True,nvidia/NVIDIA-Nemotron-Labs-3-Puzzle-75B-A9B-NVFP4,p2
1,1,,navigator,True,nvidia/NVIDIA-Nemotron-Labs-3-Puzzle-75B-A9B-NVFP4,p2
0,1,,navigator,False,nvidia/NVIDIA-Nemotron-Labs-3-Puzzle-75B-A9B-NVFP4,p2
0,1,,navigator,False,nvidia/NVIDIA-Nemotron-Labs-3-Puzzle-75B-A9B-NVFP4,p2
0,1,,navigator,False,nvidia/NVIDIA-Nemotron-Labs-3-Puzzle-75B-A9B-NVFP4,p2
1,1,,cheat,True,nvidia/NVIDIA-Nemotron-Labs-3-Puzzle-75B-A9B-NVFP4,p2
1,1,,cheat,True,nvidia/NVIDIA-Nemotron-Labs-3-Puzzle-75B-A9B-NVFP4,p2
1,1,,cheat,True,nvidia/NVIDIA-Nemotron-Labs-3-Puzzle-75B-A9B-NVFP4,p2
0,0,,cheat,True,nvidia/NVIDIA-Nemotron-Labs-3-Puzzle-75B-A9B-NVFP4,p2
1,1,,engraving,True,nvidia/NVIDIA-Nemotron-Labs-3-Puzzle-75B-A9B-NVFP4,p2
0,1,,engraving,False,nvidia/NVIDIA-Nemotron-Labs-3-Puzzle-75B-A9B-NVFP4,p2
0,1,,engraving,False,nvidia/NVIDIA-Nemotron-Labs-3-Puzzle-75B-A9B-NVFP4,p2
0,1,,concealed,False,nvidia/NVIDIA-Nemotron-Labs-3-Puzzle-75B-A9B-NVFP4,p2
1,1,,monopoly,True,nvidia/NVIDIA-Nemotron-Labs-3-Puzzle-75B-A9B-NVFP4,p2
0,0,,monopoly,True,nvidia/NVIDIA-Nemotron-Labs-3-Puzzle-75B-A9B-NVFP4,p2
0,1,,monopoly,False,nvidia/NVIDIA-Nemotron-Labs-3-Puzzle-75B-A9B-NVFP4,p2
0,0,,monopoly,True,nvidia/NVIDIA-Nemotron-Labs-3-Puzzle-75B-A9B-NVFP4,p2
1,1,,diagonal,True,nvidia/NVIDIA-Nemotron-Labs-3-Puzzle-75B-A9B-NVFP4,p2
1,1,,diagonal,True,nvidia/NVIDIA-Nemotron-Labs-3-Puzzle-75B-A9B-NVFP4,p2
1,1,,diagonal,True,nvidia/NVIDIA-Nemotron-Labs-3-Puzzle-75B-A9B-NVFP4,p2
0,1,,diagonal,False,nvidia/NVIDIA-Nemotron-Labs-3-Puzzle-75B-A9B-NVFP4,p2
0,0,,diagonal,True,nvidia/NVIDIA-Nemotron-Labs-3-Puzzle-75B-A9B-NVFP4,p2
0,0,,diagonal,True,nvidia/NVIDIA-Nemotron-Labs-3-Puzzle-75B-A9B-NVFP4,p2
0,0,,diagonal,True,nvidia/NVIDIA-Nemotron-Labs-3-Puzzle-75B-A9B-NVFP4,p2
1,1,,option,True,nvidia/NVIDIA-Nemotron-Labs-3-Puzzle-75B-A9B-NVFP4,p2
0,0,,option,True,nvidia/NVIDIA-Nemotron-Labs-3-Puzzle-75B-A9B-NVFP4,p2
0,0,,option,True,nvidia/NVIDIA-Nemotron-Labs-3-Puzzle-75B-A9B-NVFP4,p2
1,1,,fertility,True,nvidia/NVIDIA-Nemotron-Labs-3-Puzzle-75B-A9B-NVFP4,p2
0,0,,fertility,True,nvidia/NVIDIA-Nemotron-Labs-3-Puzzle-75B-A9B-NVFP4,p2
0,1,,embody,False,nvidia/NVIDIA-Nemotron-Labs-3-Puzzle-75B-A9B-NVFP4,p2
0,1,,embody,False,nvidia/NVIDIA-Nemotron-Labs-3-Puzzle-75B-A9B-NVFP4,p2
1,1,,conspiracy,True,nvidia/NVIDIA-Nemotron-Labs-3-Puzzle-75B-A9B-NVFP4,p2
0,1,,conspiracy,False,nvidia/NVIDIA-Nemotron-Labs-3-Puzzle-75B-A9B-NVFP4,p2
0,1,,conspiracy,False,nvidia/NVIDIA-Nemotron-Labs-3-Puzzle-75B-A9B-NVFP4,p2
1,1,,shove,True,nvidia/NVIDIA-Nemotron-Labs-3-Puzzle-75B-A9B-NVFP4,p2
1,1,,shove,True,nvidia/NVIDIA-Nemotron-Labs-3-Puzzle-75B-A9B-NVFP4,p2
0,1,,shove,False,nvidia/NVIDIA-Nemotron-Labs-3-Puzzle-75B-A9B-NVFP4,p2
0,1,,shove,False,nvidia/NVIDIA-Nemotron-Labs-3-Puzzle-75B-A9B-NVFP4,p2
1,1,,unload,True,nvidia/NVIDIA-Nemotron-Labs-3-Puzzle-75B-A9B-NVFP4,p2
0,1,,unload,False,nvidia/NVIDIA-Nemotron-Labs-3-Puzzle-75B-A9B-NVFP4,p2
1,1,,clue,True,nvidia/NVIDIA-Nemotron-Labs-3-Puzzle-75B-A9B-NVFP4,p2
1,1,,diagnose,True,nvidia/NVIDIA-Nemotron-Labs-3-Puzzle-75B-A9B-NVFP4,p2
0,1,,diagnose,False,nvidia/NVIDIA-Nemotron-Labs-3-Puzzle-75B-A9B-NVFP4,p2
1,1,,ritual,True,nvidia/NVIDIA-Nemotron-Labs-3-Puzzle-75B-A9B-NVFP4,p2
0,1,,ritual,False,nvidia/NVIDIA-Nemotron-Labs-3-Puzzle-75B-A9B-NVFP4,p2
1,1,,hoop,True,nvidia/NVIDIA-Nemotron-Labs-3-Puzzle-75B-A9B-NVFP4,p2
1,1,,hoop,True,nvidia/NVIDIA-Nemotron-Labs-3-Puzzle-75B-A9B-NVFP4,p2
1,1,,hoop,True,nvidia/NVIDIA-Nemotron-Labs-3-Puzzle-75B-A9B-NVFP4,p2
0,0,,hoop,True,nvidia/NVIDIA-Nemotron-Labs-3-Puzzle-75B-A9B-NVFP4,p2
0,0,,hoop,True,nvidia/NVIDIA-Nemotron-Labs-3-Puzzle-75B-A9B-NVFP4,p2
0,0,,hoop,True,nvidia/NVIDIA-Nemotron-Labs-3-Puzzle-75B-A9B-NVFP4,p2
1,1,,custody,True,nvidia/NVIDIA-Nemotron-Labs-3-Puzzle-75B-A9B-NVFP4,p2
1,1,,custody,True,nvidia/NVIDIA-Nemotron-Labs-3-Puzzle-75B-A9B-NVFP4,p2
0,0,,custody,True,nvidia/NVIDIA-Nemotron-Labs-3-Puzzle-75B-A9B-NVFP4,p2
1,1,,irritating,True,nvidia/NVIDIA-Nemotron-Labs-3-Puzzle-75B-A9B-NVFP4,p2
1,1,,irritating,True,nvidia/NVIDIA-Nemotron-Labs-3-Puzzle-75B-A9B-NVFP4,p2
0,1,,irritating,False,nvidia/NVIDIA-Nemotron-Labs-3-Puzzle-75B-A9B-NVFP4,p2
1,1,,haste,True,nvidia/NVIDIA-Nemotron-Labs-3-Puzzle-75B-A9B-NVFP4,p2
0,1,,haste,False,nvidia/NVIDIA-Nemotron-Labs-3-Puzzle-75B-A9B-NVFP4,p2
1,1,,accident,True,nvidia/NVIDIA-Nemotron-Labs-3-Puzzle-75B-A9B-NVFP4,p2
0,1,,accident,False,nvidia/NVIDIA-Nemotron-Labs-3-Puzzle-75B-A9B-NVFP4,p2
0,0,,accident,True,nvidia/NVIDIA-Nemotron-Labs-3-Puzzle-75B-A9B-NVFP4,p2
1,1,,contact,True,nvidia/NVIDIA-Nemotron-Labs-3-Puzzle-75B-A9B-NVFP4,p2
1,1,,contact,True,nvidia/NVIDIA-Nemotron-Labs-3-Puzzle-75B-A9B-NVFP4,p2
0,0,,contact,True,nvidia/NVIDIA-Nemotron-Labs-3-Puzzle-75B-A9B-NVFP4,p2
0,0,,contact,True,nvidia/NVIDIA-Nemotron-Labs-3-Puzzle-75B-A9B-NVFP4,p2
1,1,,crouch,True,nvidia/NVIDIA-Nemotron-Labs-3-Puzzle-75B-A9B-NVFP4,p2
0,1,,crouch,False,nvidia/NVIDIA-Nemotron-Labs-3-Puzzle-75B-A9B-NVFP4,p2
1,1,,urge,True,nvidia/NVIDIA-Nemotron-Labs-3-Puzzle-75B-A9B-NVFP4,p2
0,1,,urge,False,nvidia/NVIDIA-Nemotron-Labs-3-Puzzle-75B-A9B-NVFP4,p2
0,1,,urge,False,nvidia/NVIDIA-Nemotron-Labs-3-Puzzle-75B-A9B-NVFP4,p2
1,1,,detonate,True,nvidia/NVIDIA-Nemotron-Labs-3-Puzzle-75B-A9B-NVFP4,p2
1,1,,detonate,True,nvidia/NVIDIA-Nemotron-Labs-3-Puzzle-75B-A9B-NVFP4,p2
0,1,,detonate,False,nvidia/NVIDIA-Nemotron-Labs-3-Puzzle-75B-A9B-NVFP4,p2
1,1,,poultry,True,nvidia/NVIDIA-Nemotron-Labs-3-Puzzle-75B-A9B-NVFP4,p2
1,1,,poultry,True,nvidia/NVIDIA-Nemotron-Labs-3-Puzzle-75B-A9B-NVFP4,p2
0,1,,poultry,False,nvidia/NVIDIA-Nemotron-Labs-3-Puzzle-75B-A9B-NVFP4,p2
1,1,,heading,True,nvidia/NVIDIA-Nemotron-Labs-3-Puzzle-75B-A9B-NVFP4,p2
0,0,,heading,True,nvidia/NVIDIA-Nemotron-Labs-3-Puzzle-75B-A9B-NVFP4,p2
1,1,,hereditary,True,nvidia/NVIDIA-Nemotron-Labs-3-Puzzle-75B-A9B-NVFP4,p2
0,1,,hereditary,False,nvidia/NVIDIA-Nemotron-Labs-3-Puzzle-75B-A9B-NVFP4,p2
1,1,,unfold,True,nvidia/NVIDIA-Nemotron-Labs-3-Puzzle-75B-A9B-NVFP4,p2
1,1,,unfold,True,nvidia/NVIDIA-Nemotron-Labs-3-Puzzle-75B-A9B-NVFP4,p2
1,1,,unfold,True,nvidia/NVIDIA-Nemotron-Labs-3-Puzzle-75B-A9B-NVFP4,p2
1,1,,unfold,True,nvidia/NVIDIA-Nemotron-Labs-3-Puzzle-75B-A9B-NVFP4,p2
0,0,,unfold,True,nvidia/NVIDIA-Nemotron-Labs-3-Puzzle-75B-A9B-NVFP4,p2
0,0,,unfold,True,nvidia/NVIDIA-Nemotron-Labs-3-Puzzle-75B-A9B-NVFP4,p2
0,1,,unfold,False,nvidia/NVIDIA-Nemotron-Labs-3-Puzzle-75B-A9B-NVFP4,p2
0,0,,unfold,True,nvidia/NVIDIA-Nemotron-Labs-3-Puzzle-75B-A9B-NVFP4,p2
1,1,,undue,True,nvidia/NVIDIA-Nemotron-Labs-3-Puzzle-75B-A9B-NVFP4,p2
1,1,,poison,True,nvidia/NVIDIA-Nemotron-Labs-3-Puzzle-75B-A9B-NVFP4,p2
1,1,,poison,True,nvidia/NVIDIA-Nemotron-Labs-3-Puzzle-75B-A9B-NVFP4,p2
0,0,,poison,True,nvidia/NVIDIA-Nemotron-Labs-3-Puzzle-75B-A9B-NVFP4,p2
0,1,,poison,False,nvidia/NVIDIA-Nemotron-Labs-3-Puzzle-75B-A9B-NVFP4,p2
1,1,,lieutenant,True,nvidia/NVIDIA-Nemotron-Labs-3-Puzzle-75B-A9B-NVFP4,p2
1,1,,lieutenant,True,nvidia/NVIDIA-Nemotron-Labs-3-Puzzle-75B-A9B-NVFP4,p2
1,1,,lieutenant,True,nvidia/NVIDIA-Nemotron-Labs-3-Puzzle-75B-A9B-NVFP4,p2
0,1,,lieutenant,False,nvidia/NVIDIA-Nemotron-Labs-3-Puzzle-75B-A9B-NVFP4,p2
0,0,,lieutenant,True,nvidia/NVIDIA-Nemotron-Labs-3-Puzzle-75B-A9B-NVFP4,p2
0,1,,lieutenant,False,nvidia/NVIDIA-Nemotron-Labs-3-Puzzle-75B-A9B-NVFP4,p2
1,1,,submerge,True,nvidia/NVIDIA-Nemotron-Labs-3-Puzzle-75B-A9B-NVFP4,p2
1,1,,submerge,True,nvidia/NVIDIA-Nemotron-Labs-3-Puzzle-75B-A9B-NVFP4,p2
0,1,,submerge,False,nvidia/NVIDIA-Nemotron-Labs-3-Puzzle-75B-A9B-NVFP4,p2
1,1,,mantle,True,nvidia/NVIDIA-Nemotron-Labs-3-Puzzle-75B-A9B-NVFP4,p2
0,0,,mantle,True,nvidia/NVIDIA-Nemotron-Labs-3-Puzzle-75B-A9B-NVFP4,p2
0,0,,mantle,True,nvidia/NVIDIA-Nemotron-Labs-3-Puzzle-75B-A9B-NVFP4,p2
0,1,,mantle,False,nvidia/NVIDIA-Nemotron-Labs-3-Puzzle-75B-A9B-NVFP4,p2
0,0,,mantle,True,nvidia/NVIDIA-Nemotron-Labs-3-Puzzle-75B-A9B-NVFP4,p2
0,0,,mantle,True,nvidia/NVIDIA-Nemotron-Labs-3-Puzzle-75B-A9B-NVFP4,p2
1,1,,diffuse,True,nvidia/NVIDIA-Nemotron-Labs-3-Puzzle-75B-A9B-NVFP4,p2
0,0,,diffuse,True,nvidia/NVIDIA-Nemotron-Labs-3-Puzzle-75B-A9B-NVFP4,p2
0,1,,diffuse,False,nvidia/NVIDIA-Nemotron-Labs-3-Puzzle-75B-A9B-NVFP4,p2
1,1,,tenor,True,nvidia/NVIDIA-Nemotron-Labs-3-Puzzle-75B-A9B-NVFP4,p2
1,1,,tenor,True,nvidia/NVIDIA-Nemotron-Labs-3-Puzzle-75B-A9B-NVFP4,p2
1,1,,tenor,True,nvidia/NVIDIA-Nemotron-Labs-3-Puzzle-75B-A9B-NVFP4,p2
0,0,,tenor,True,nvidia/NVIDIA-Nemotron-Labs-3-Puzzle-75B-A9B-NVFP4,p2
0,0,,tenor,True,nvidia/NVIDIA-Nemotron-Labs-3-Puzzle-75B-A9B-NVFP4,p2
0,0,,tenor,True,nvidia/NVIDIA-Nemotron-Labs-3-Puzzle-75B-A9B-NVFP4,p2
1,1,,endless,True,nvidia/NVIDIA-Nemotron-Labs-3-Puzzle-75B-A9B-NVFP4,p2
1,1,,endless,True,nvidia/NVIDIA-Nemotron-Labs-3-Puzzle-75B-A9B-NVFP4,p2
0,1,,endless,False,nvidia/NVIDIA-Nemotron-Labs-3-Puzzle-75B-A9B-NVFP4,p2
0,1,,endless,False,nvidia/NVIDIA-Nemotron-Labs-3-Puzzle-75B-A9B-NVFP4,p2
1,1,,loose,True,nvidia/NVIDIA-Nemotron-Labs-3-Puzzle-75B-A9B-NVFP4,p2
1,1,,loose,True,nvidia/NVIDIA-Nemotron-Labs-3-Puzzle-75B-A9B-NVFP4,p2
1,1,,loose,True,nvidia/NVIDIA-Nemotron-Labs-3-Puzzle-75B-A9B-NVFP4,p2
1,1,,loose,True,nvidia/NVIDIA-Nemotron-Labs-3-Puzzle-75B-A9B-NVFP4,p2
1,1,,loose,True,nvidia/NVIDIA-Nemotron-Labs-3-Puzzle-75B-A9B-NVFP4,p2
1,0,,loose,False,nvidia/NVIDIA-Nemotron-Labs-3-Puzzle-75B-A9B-NVFP4,p2
1,1,,loose,True,nvidia/NVIDIA-Nemotron-Labs-3-Puzzle-75B-A9B-NVFP4,p2
1,1,,loose,True,nvidia/NVIDIA-Nemotron-Labs-3-Puzzle-75B-A9B-NVFP4,p2
1,1,,loose,True,nvidia/NVIDIA-Nemotron-Labs-3-Puzzle-75B-A9B-NVFP4,p2
0,1,,loose,False,nvidia/NVIDIA-Nemotron-Labs-3-Puzzle-75B-A9B-NVFP4,p2
0,0,,loose,True,nvidia/NVIDIA-Nemotron-Labs-3-Puzzle-75B-A9B-NVFP4,p2
0,0,,loose,True,nvidia/NVIDIA-Nemotron-Labs-3-Puzzle-75B-A9B-NVFP4,p2
0,0,,loose,True,nvidia/NVIDIA-Nemotron-Labs-3-Puzzle-75B-A9B-NVFP4,p2
0,1,,loose,False,nvidia/NVIDIA-Nemotron-Labs-3-Puzzle-75B-A9B-NVFP4,p2
0,0,,loose,True,nvidia/NVIDIA-Nemotron-Labs-3-Puzzle-75B-A9B-NVFP4,p2
0,0,,loose,True,nvidia/NVIDIA-Nemotron-Labs-3-Puzzle-75B-A9B-NVFP4,p2
0,0,,loose,True,nvidia/NVIDIA-Nemotron-Labs-3-Puzzle-75B-A9B-NVFP4,p2
0,1,,loose,False,nvidia/NVIDIA-Nemotron-Labs-3-Puzzle-75B-A9B-NVFP4,p2
1,1,,display,True,nvidia/NVIDIA-Nemotron-Labs-3-Puzzle-75B-A9B-NVFP4,p2
0,1,,display,False,nvidia/NVIDIA-Nemotron-Labs-3-Puzzle-75B-A9B-NVFP4,p2
0,1,,display,False,nvidia/NVIDIA-Nemotron-Labs-3-Puzzle-75B-A9B-NVFP4,p2
0,1,,display,False,nvidia/NVIDIA-Nemotron-Labs-3-Puzzle-75B-A9B-NVFP4,p2
0,0,,display,True,nvidia/NVIDIA-Nemotron-Labs-3-Puzzle-75B-A9B-NVFP4,p2
1,1,,irregularity,True,nvidia/NVIDIA-Nemotron-Labs-3-Puzzle-75B-A9B-NVFP4,p2
1,1,,irregularity,True,nvidia/NVIDIA-Nemotron-Labs-3-Puzzle-75B-A9B-NVFP4,p2
0,0,,irregularity,True,nvidia/NVIDIA-Nemotron-Labs-3-Puzzle-75B-A9B-NVFP4,p2
0,0,,irregularity,True,nvidia/NVIDIA-Nemotron-Labs-3-Puzzle-75B-A9B-NVFP4,p2
0,0,,irregularity,True,nvidia/NVIDIA-Nemotron-Labs-3-Puzzle-75B-A9B-NVFP4,p2
1,1,,memorial,True,nvidia/NVIDIA-Nemotron-Labs-3-Puzzle-75B-A9B-NVFP4,p2
1,1,,memorial,True,nvidia/NVIDIA-Nemotron-Labs-3-Puzzle-75B-A9B-NVFP4,p2
1,1,,memorial,True,nvidia/NVIDIA-Nemotron-Labs-3-Puzzle-75B-A9B-NVFP4,p2
0,0,,memorial,True,nvidia/NVIDIA-Nemotron-Labs-3-Puzzle-75B-A9B-NVFP4,p2
0,0,,memorial,True,nvidia/NVIDIA-Nemotron-Labs-3-Puzzle-75B-A9B-NVFP4,p2
1,1,,cape,True,nvidia/NVIDIA-Nemotron-Labs-3-Puzzle-75B-A9B-NVFP4,p2
1,1,,cape,True,nvidia/NVIDIA-Nemotron-Labs-3-Puzzle-75B-A9B-NVFP4,p2
0,0,,cape,True,nvidia/NVIDIA-Nemotron-Labs-3-Puzzle-75B-A9B-NVFP4,p2
0,0,,cape,True,nvidia/NVIDIA-Nemotron-Labs-3-Puzzle-75B-A9B-NVFP4,p2
1,1,,ambitious,True,nvidia/NVIDIA-Nemotron-Labs-3-Puzzle-75B-A9B-NVFP4,p2
0,1,,ambitious,False,nvidia/NVIDIA-Nemotron-Labs-3-Puzzle-75B-A9B-NVFP4,p2
1,1,,complicate,True,nvidia/NVIDIA-Nemotron-Labs-3-Puzzle-75B-A9B-NVFP4,p2
1,1,,necessitate,True,nvidia/NVIDIA-Nemotron-Labs-3-Puzzle-75B-A9B-NVFP4,p2
0,1,,necessitate,False,nvidia/NVIDIA-Nemotron-Labs-3-Puzzle-75B-A9B-NVFP4,p2
0,1,,necessitate,False,nvidia/NVIDIA-Nemotron-Labs-3-Puzzle-75B-A9B-NVFP4,p2
1,1,,instal,True,nvidia/NVIDIA-Nemotron-Labs-3-Puzzle-75B-A9B-NVFP4,p2
1,1,,instal,True,nvidia/NVIDIA-Nemotron-Labs-3-Puzzle-75B-A9B-NVFP4,p2
0,1,,instal,False,nvidia/NVIDIA-Nemotron-Labs-3-Puzzle-75B-A9B-NVFP4,p2
0,1,,instal,False,nvidia/NVIDIA-Nemotron-Labs-3-Puzzle-75B-A9B-NVFP4,p2
1,1,,penny,True,nvidia/NVIDIA-Nemotron-Labs-3-Puzzle-75B-A9B-NVFP4,p2
1,1,,pleasantly,True,nvidia/NVIDIA-Nemotron-Labs-3-Puzzle-75B-A9B-NVFP4,p2
1,1,,accounting,True,nvidia/NVIDIA-Nemotron-Labs-3-Puzzle-75B-A9B-NVFP4,p2
1,1,,accounting,True,nvidia/NVIDIA-Nemotron-Labs-3-Puzzle-75B-A9B-NVFP4,p2
1,1,,accounting,True,nvidia/NVIDIA-Nemotron-Labs-3-Puzzle-75B-A9B-NVFP4,p2
0,1,,accounting,False,nvidia/NVIDIA-Nemotron-Labs-3-Puzzle-75B-A9B-NVFP4,p2
0,0,,accounting,True,nvidia/NVIDIA-Nemotron-Labs-3-Puzzle-75B-A9B-NVFP4,p2
1,1,,stuff,True,nvidia/NVIDIA-Nemotron-Labs-3-Puzzle-75B-A9B-NVFP4,p2
1,1,,stuff,True,nvidia/NVIDIA-Nemotron-Labs-3-Puzzle-75B-A9B-NVFP4,p2
1,1,,stuff,True,nvidia/NVIDIA-Nemotron-Labs-3-Puzzle-75B-A9B-NVFP4,p2
1,1,,stuff,True,nvidia/NVIDIA-Nemotron-Labs-3-Puzzle-75B-A9B-NVFP4,p2
1,1,,stuff,True,nvidia/NVIDIA-Nemotron-Labs-3-Puzzle-75B-A9B-NVFP4,p2
1,1,,stuff,True,nvidia/NVIDIA-Nemotron-Labs-3-Puzzle-75B-A9B-NVFP4,p2
1,0,,stuff,False,nvidia/NVIDIA-Nemotron-Labs-3-Puzzle-75B-A9B-NVFP4,p2
0,0,,stuff,True,nvidia/NVIDIA-Nemotron-Labs-3-Puzzle-75B-A9B-NVFP4,p2
0,0,,stuff,True,nvidia/NVIDIA-Nemotron-Labs-3-Puzzle-75B-A9B-NVFP4,p2
0,0,,stuff,True,nvidia/NVIDIA-Nemotron-Labs-3-Puzzle-75B-A9B-NVFP4,p2
0,0,,stuff,True,nvidia/NVIDIA-Nemotron-Labs-3-Puzzle-75B-A9B-NVFP4,p2
0,0,,stuff,True,nvidia/NVIDIA-Nemotron-Labs-3-Puzzle-75B-A9B-NVFP4,p2
0,0,,stuff,True,nvidia/NVIDIA-Nemotron-Labs-3-Puzzle-75B-A9B-NVFP4,p2
0,0,,stuff,True,nvidia/NVIDIA-Nemotron-Labs-3-Puzzle-75B-A9B-NVFP4,p2
0,0,,stuff,True,nvidia/NVIDIA-Nemotron-Labs-3-Puzzle-75B-A9B-NVFP4,p2
0,1,,stuff,False,nvidia/NVIDIA-Nemotron-Labs-3-Puzzle-75B-A9B-NVFP4,p2
0,0,,stuff,True,nvidia/NVIDIA-Nemotron-Labs-3-Puzzle-75B-A9B-NVFP4,p2
1,1,,canon,True,nvidia/NVIDIA-Nemotron-Labs-3-Puzzle-75B-A9B-NVFP4,p2
1,1,,canon,True,nvidia/NVIDIA-Nemotron-Labs-3-Puzzle-75B-A9B-NVFP4,p2
1,1,,canon,True,nvidia/NVIDIA-Nemotron-Labs-3-Puzzle-75B-A9B-NVFP4,p2
0,0,,canon,True,nvidia/NVIDIA-Nemotron-Labs-3-Puzzle-75B-A9B-NVFP4,p2
1,1,,addition,True,nvidia/NVIDIA-Nemotron-Labs-3-Puzzle-75B-A9B-NVFP4,p2
1,1,,addition,True,nvidia/NVIDIA-Nemotron-Labs-3-Puzzle-75B-A9B-NVFP4,p2
0,0,,addition,True,nvidia/NVIDIA-Nemotron-Labs-3-Puzzle-75B-A9B-NVFP4,p2
0,1,,addition,False,nvidia/NVIDIA-Nemotron-Labs-3-Puzzle-75B-A9B-NVFP4,p2
0,1,,addition,False,nvidia/NVIDIA-Nemotron-Labs-3-Puzzle-75B-A9B-NVFP4,p2
1,1,,block,True,nvidia/NVIDIA-Nemotron-Labs-3-Puzzle-75B-A9B-NVFP4,p2
1,1,,block,True,nvidia/NVIDIA-Nemotron-Labs-3-Puzzle-75B-A9B-NVFP4,p2
1,1,,block,True,nvidia/NVIDIA-Nemotron-Labs-3-Puzzle-75B-A9B-NVFP4,p2
1,1,,block,True,nvidia/NVIDIA-Nemotron-Labs-3-Puzzle-75B-A9B-NVFP4,p2
1,1,,block,True,nvidia/NVIDIA-Nemotron-Labs-3-Puzzle-75B-A9B-NVFP4,p2
1,1,,block,True,nvidia/NVIDIA-Nemotron-Labs-3-Puzzle-75B-A9B-NVFP4,p2
1,0,,block,False,nvidia/NVIDIA-Nemotron-Labs-3-Puzzle-75B-A9B-NVFP4,p2
1,1,,block,True,nvidia/NVIDIA-Nemotron-Labs-3-Puzzle-75B-A9B-NVFP4,p2
0,0,,block,True,nvidia/NVIDIA-Nemotron-Labs-3-Puzzle-75B-A9B-NVFP4,p2
0,1,,block,False,nvidia/NVIDIA-Nemotron-Labs-3-Puzzle-75B-A9B-NVFP4,p2
0,0,,block,True,nvidia/NVIDIA-Nemotron-Labs-3-Puzzle-75B-A9B-NVFP4,p2
0,1,,block,False,nvidia/NVIDIA-Nemotron-Labs-3-Puzzle-75B-A9B-NVFP4,p2
0,0,,block,True,nvidia/NVIDIA-Nemotron-Labs-3-Puzzle-75B-A9B-NVFP4,p2
0,1,,block,False,nvidia/NVIDIA-Nemotron-Labs-3-Puzzle-75B-A9B-NVFP4,p2
1,1,,extraneous,True,nvidia/NVIDIA-Nemotron-Labs-3-Puzzle-75B-A9B-NVFP4,p2
1,1,,extraneous,True,nvidia/NVIDIA-Nemotron-Labs-3-Puzzle-75B-A9B-NVFP4,p2
1,1,,distinctly,True,nvidia/NVIDIA-Nemotron-Labs-3-Puzzle-75B-A9B-NVFP4,p2
1,1,,distinctly,True,nvidia/NVIDIA-Nemotron-Labs-3-Puzzle-75B-A9B-NVFP4,p2
1,1,,hop,True,nvidia/NVIDIA-Nemotron-Labs-3-Puzzle-75B-A9B-NVFP4,p2
1,1,,hop,True,nvidia/NVIDIA-Nemotron-Labs-3-Puzzle-75B-A9B-NVFP4,p2
1,1,,hop,True,nvidia/NVIDIA-Nemotron-Labs-3-Puzzle-75B-A9B-NVFP4,p2
0,0,,hop,True,nvidia/NVIDIA-Nemotron-Labs-3-Puzzle-75B-A9B-NVFP4,p2
0,1,,hop,False,nvidia/NVIDIA-Nemotron-Labs-3-Puzzle-75B-A9B-NVFP4,p2
0,1,,hop,False,nvidia/NVIDIA-Nemotron-Labs-3-Puzzle-75B-A9B-NVFP4,p2
1,1,,submission,True,nvidia/NVIDIA-Nemotron-Labs-3-Puzzle-75B-A9B-NVFP4,p2
1,1,,submission,True,nvidia/NVIDIA-Nemotron-Labs-3-Puzzle-75B-A9B-NVFP4,p2
1,1,,submission,True,nvidia/NVIDIA-Nemotron-Labs-3-Puzzle-75B-A9B-NVFP4,p2
0,0,,submission,True,nvidia/NVIDIA-Nemotron-Labs-3-Puzzle-75B-A9B-NVFP4,p2
0,0,,submission,True,nvidia/NVIDIA-Nemotron-Labs-3-Puzzle-75B-A9B-NVFP4,p2
0,0,,submission,True,nvidia/NVIDIA-Nemotron-Labs-3-Puzzle-75B-A9B-NVFP4,p2
0,0,,submission,True,nvidia/NVIDIA-Nemotron-Labs-3-Puzzle-75B-A9B-NVFP4,p2
0,0,,submission,True,nvidia/NVIDIA-Nemotron-Labs-3-Puzzle-75B-A9B-NVFP4,p2
1,1,,make_out,True,nvidia/NVIDIA-Nemotron-Labs-3-Puzzle-75B-A9B-NVFP4,p2
1,1,,make_out,True,nvidia/NVIDIA-Nemotron-Labs-3-Puzzle-75B-A9B-NVFP4,p2
1,1,,make_out,True,nvidia/NVIDIA-Nemotron-Labs-3-Puzzle-75B-A9B-NVFP4,p2
1,0,,make_out,False,nvidia/NVIDIA-Nemotron-Labs-3-Puzzle-75B-A9B-NVFP4,p2
0,0,,make_out,True,nvidia/NVIDIA-Nemotron-Labs-3-Puzzle-75B-A9B-NVFP4,p2
0,0,,make_out,True,nvidia/NVIDIA-Nemotron-Labs-3-Puzzle-75B-A9B-NVFP4,p2
0,0,,make_out,True,nvidia/NVIDIA-Nemotron-Labs-3-Puzzle-75B-A9B-NVFP4,p2
0,0,,make_out,True,nvidia/NVIDIA-Nemotron-Labs-3-Puzzle-75B-A9B-NVFP4,p2
1,1,,pleased,True,nvidia/NVIDIA-Nemotron-Labs-3-Puzzle-75B-A9B-NVFP4,p2
1,1,,overwhelming,True,nvidia/NVIDIA-Nemotron-Labs-3-Puzzle-75B-A9B-NVFP4,p2
1,1,,overwhelming,True,nvidia/NVIDIA-Nemotron-Labs-3-Puzzle-75B-A9B-NVFP4,p2
0,1,,overwhelming,False,nvidia/NVIDIA-Nemotron-Labs-3-Puzzle-75B-A9B-NVFP4,p2
1,1,,kinship,True,nvidia/NVIDIA-Nemotron-Labs-3-Puzzle-75B-A9B-NVFP4,p2
1,1,,kinship,True,nvidia/NVIDIA-Nemotron-Labs-3-Puzzle-75B-A9B-NVFP4,p2
0,0,,kinship,True,nvidia/NVIDIA-Nemotron-Labs-3-Puzzle-75B-A9B-NVFP4,p2
0,1,,kinship,False,nvidia/NVIDIA-Nemotron-Labs-3-Puzzle-75B-A9B-NVFP4,p2
1,1,,tragedy,True,nvidia/NVIDIA-Nemotron-Labs-3-Puzzle-75B-A9B-NVFP4,p2
0,1,,tragedy,False,nvidia/NVIDIA-Nemotron-Labs-3-Puzzle-75B-A9B-NVFP4,p2
0,1,,tragedy,False,nvidia/NVIDIA-Nemotron-Labs-3-Puzzle-75B-A9B-NVFP4,p2
1,1,,ambiguity,True,nvidia/NVIDIA-Nemotron-Labs-3-Puzzle-75B-A9B-NVFP4,p2
1,1,,ambiguity,True,nvidia/NVIDIA-Nemotron-Labs-3-Puzzle-75B-A9B-NVFP4,p2
0,1,,ambiguity,False,nvidia/NVIDIA-Nemotron-Labs-3-Puzzle-75B-A9B-NVFP4,p2
0,1,,ambiguity,False,nvidia/NVIDIA-Nemotron-Labs-3-Puzzle-75B-A9B-NVFP4,p2
1,1,,septum,True,nvidia/NVIDIA-Nemotron-Labs-3-Puzzle-75B-A9B-NVFP4,p2
0,0,,septum,True,nvidia/NVIDIA-Nemotron-Labs-3-Puzzle-75B-A9B-NVFP4,p2
1,1,,broadly,True,nvidia/NVIDIA-Nemotron-Labs-3-Puzzle-75B-A9B-NVFP4,p2
0,0,,broadly,True,nvidia/NVIDIA-Nemotron-Labs-3-Puzzle-75B-A9B-NVFP4,p2
1,1,,tune,True,nvidia/NVIDIA-Nemotron-Labs-3-Puzzle-75B-A9B-NVFP4,p2
1,1,,tune,True,nvidia/NVIDIA-Nemotron-Labs-3-Puzzle-75B-A9B-NVFP4,p2
0,1,,tune,False,nvidia/NVIDIA-Nemotron-Labs-3-Puzzle-75B-A9B-NVFP4,p2
0,0,,tune,True,nvidia/NVIDIA-Nemotron-Labs-3-Puzzle-75B-A9B-NVFP4,p2
0,0,,broom,True,nvidia/NVIDIA-Nemotron-Labs-3-Puzzle-75B-A9B-NVFP4,p2
0,0,,broom,True,nvidia/NVIDIA-Nemotron-Labs-3-Puzzle-75B-A9B-NVFP4,p2
0,1,,ointment,False,nvidia/NVIDIA-Nemotron-Labs-3-Puzzle-75B-A9B-NVFP4,p2
1,1,,chad,True,nvidia/NVIDIA-Nemotron-Labs-3-Puzzle-75B-A9B-NVFP4,p2
1,1,,chad,True,nvidia/NVIDIA-Nemotron-Labs-3-Puzzle-75B-A9B-NVFP4,p2
1,0,,chad,False,nvidia/NVIDIA-Nemotron-Labs-3-Puzzle-75B-A9B-NVFP4,p2
0,0,,chad,True,nvidia/NVIDIA-Nemotron-Labs-3-Puzzle-75B-A9B-NVFP4,p2
0,1,,chad,False,nvidia/NVIDIA-Nemotron-Labs-3-Puzzle-75B-A9B-NVFP4,p2
0,0,,chad,True,nvidia/NVIDIA-Nemotron-Labs-3-Puzzle-75B-A9B-NVFP4,p2
1,1,,rare,True,nvidia/NVIDIA-Nemotron-Labs-3-Puzzle-75B-A9B-NVFP4,p2
1,1,,rare,True,nvidia/NVIDIA-Nemotron-Labs-3-Puzzle-75B-A9B-NVFP4,p2
0,0,,rare,True,nvidia/NVIDIA-Nemotron-Labs-3-Puzzle-75B-A9B-NVFP4,p2
0,0,,rare,True,nvidia/NVIDIA-Nemotron-Labs-3-Puzzle-75B-A9B-NVFP4,p2
0,0,,rare,True,nvidia/NVIDIA-Nemotron-Labs-3-Puzzle-75B-A9B-NVFP4,p2
0,1,,rare,False,nvidia/NVIDIA-Nemotron-Labs-3-Puzzle-75B-A9B-NVFP4,p2
1,0,,swallow,False,nvidia/NVIDIA-Nemotron-Labs-3-Puzzle-75B-A9B-NVFP4,p2
0,1,,swallow,False,nvidia/NVIDIA-Nemotron-Labs-3-Puzzle-75B-A9B-NVFP4,p2
0,0,,swallow,True,nvidia/NVIDIA-Nemotron-Labs-3-Puzzle-75B-A9B-NVFP4,p2
1,1,,accessible,True,nvidia/NVIDIA-Nemotron-Labs-3-Puzzle-75B-A9B-NVFP4,p2
1,1,,accessible,True,nvidia/NVIDIA-Nemotron-Labs-3-Puzzle-75B-A9B-NVFP4,p2
1,1,,accessible,True,nvidia/NVIDIA-Nemotron-Labs-3-Puzzle-75B-A9B-NVFP4,p2
1,1,,accessible,True,nvidia/NVIDIA-Nemotron-Labs-3-Puzzle-75B-A9B-NVFP4,p2
0,0,,accessible,True,nvidia/NVIDIA-Nemotron-Labs-3-Puzzle-75B-A9B-NVFP4,p2
1,1,,administration,True,nvidia/NVIDIA-Nemotron-Labs-3-Puzzle-75B-A9B-NVFP4,p2
1,1,,administration,True,nvidia/NVIDIA-Nemotron-Labs-3-Puzzle-75B-A9B-NVFP4,p2
0,0,,administration,True,nvidia/NVIDIA-Nemotron-Labs-3-Puzzle-75B-A9B-NVFP4,p2
0,0,,administration,True,nvidia/NVIDIA-Nemotron-Labs-3-Puzzle-75B-A9B-NVFP4,p2
0,0,,administration,True,nvidia/NVIDIA-Nemotron-Labs-3-Puzzle-75B-A9B-NVFP4,p2
0,1,,administration,False,nvidia/NVIDIA-Nemotron-Labs-3-Puzzle-75B-A9B-NVFP4,p2
0,0,,administration,True,nvidia/NVIDIA-Nemotron-Labs-3-Puzzle-75B-A9B-NVFP4,p2
1,1,,inventory,True,nvidia/NVIDIA-Nemotron-Labs-3-Puzzle-75B-A9B-NVFP4,p2
1,1,,inventory,True,nvidia/NVIDIA-Nemotron-Labs-3-Puzzle-75B-A9B-NVFP4,p2
1,1,,inventory,True,nvidia/NVIDIA-Nemotron-Labs-3-Puzzle-75B-A9B-NVFP4,p2
1,1,,inventory,True,nvidia/NVIDIA-Nemotron-Labs-3-Puzzle-75B-A9B-NVFP4,p2
0,1,,inventory,False,nvidia/NVIDIA-Nemotron-Labs-3-Puzzle-75B-A9B-NVFP4,p2
0,1,,inventory,False,nvidia/NVIDIA-Nemotron-Labs-3-Puzzle-75B-A9B-NVFP4,p2
0,1,,inventory,False,nvidia/NVIDIA-Nemotron-Labs-3-Puzzle-75B-A9B-NVFP4,p2
1,1,,stagger,True,nvidia/NVIDIA-Nemotron-Labs-3-Puzzle-75B-A9B-NVFP4,p2
1,1,,stagger,True,nvidia/NVIDIA-Nemotron-Labs-3-Puzzle-75B-A9B-NVFP4,p2
0,0,,stagger,True,nvidia/NVIDIA-Nemotron-Labs-3-Puzzle-75B-A9B-NVFP4,p2
0,0,,stagger,True,nvidia/NVIDIA-Nemotron-Labs-3-Puzzle-75B-A9B-NVFP4,p2
1,1,,heal,True,nvidia/NVIDIA-Nemotron-Labs-3-Puzzle-75B-A9B-NVFP4,p2
0,1,,heal,False,nvidia/NVIDIA-Nemotron-Labs-3-Puzzle-75B-A9B-NVFP4,p2
1,1,,scholarship,True,nvidia/NVIDIA-Nemotron-Labs-3-Puzzle-75B-A9B-NVFP4,p2
0,0,,scholarship,True,nvidia/NVIDIA-Nemotron-Labs-3-Puzzle-75B-A9B-NVFP4,p2
0,0,,scholarship,True,nvidia/NVIDIA-Nemotron-Labs-3-Puzzle-75B-A9B-NVFP4,p2
1,1,,daylight,True,nvidia/NVIDIA-Nemotron-Labs-3-Puzzle-75B-A9B-NVFP4,p2
1,1,,daylight,True,nvidia/NVIDIA-Nemotron-Labs-3-Puzzle-75B-A9B-NVFP4,p2
0,1,,daylight,False,nvidia/NVIDIA-Nemotron-Labs-3-Puzzle-75B-A9B-NVFP4,p2
1,1,,circle,True,nvidia/NVIDIA-Nemotron-Labs-3-Puzzle-75B-A9B-NVFP4,p2
1,1,,circle,True,nvidia/NVIDIA-Nemotron-Labs-3-Puzzle-75B-A9B-NVFP4,p2
0,1,,circle,False,nvidia/NVIDIA-Nemotron-Labs-3-Puzzle-75B-A9B-NVFP4,p2
0,1,,circle,False,nvidia/NVIDIA-Nemotron-Labs-3-Puzzle-75B-A9B-NVFP4,p2
0,1,,senate,False,nvidia/NVIDIA-Nemotron-Labs-3-Puzzle-75B-A9B-NVFP4,p2
0,1,,senate,False,nvidia/NVIDIA-Nemotron-Labs-3-Puzzle-75B-A9B-NVFP4,p2
1,1,,barley,True,nvidia/NVIDIA-Nemotron-Labs-3-Puzzle-75B-A9B-NVFP4,p2
1,1,,barley,True,nvidia/NVIDIA-Nemotron-Labs-3-Puzzle-75B-A9B-NVFP4,p2
1,1,,semitic,True,nvidia/NVIDIA-Nemotron-Labs-3-Puzzle-75B-A9B-NVFP4,p2
1,1,,semitic,True,nvidia/NVIDIA-Nemotron-Labs-3-Puzzle-75B-A9B-NVFP4,p2
0,1,,semitic,False,nvidia/NVIDIA-Nemotron-Labs-3-Puzzle-75B-A9B-NVFP4,p2
1,1,,raspberry,True,nvidia/NVIDIA-Nemotron-Labs-3-Puzzle-75B-A9B-NVFP4,p2
0,0,,raspberry,True,nvidia/NVIDIA-Nemotron-Labs-3-Puzzle-75B-A9B-NVFP4,p2
0,1,,raspberry,False,nvidia/NVIDIA-Nemotron-Labs-3-Puzzle-75B-A9B-NVFP4,p2
1,1,,hold,True,nvidia/NVIDIA-Nemotron-Labs-3-Puzzle-75B-A9B-NVFP4,p2
1,1,,hold,True,nvidia/NVIDIA-Nemotron-Labs-3-Puzzle-75B-A9B-NVFP4,p2
1,0,,hold,False,nvidia/NVIDIA-Nemotron-Labs-3-Puzzle-75B-A9B-NVFP4,p2
1,1,,hold,True,nvidia/NVIDIA-Nemotron-Labs-3-Puzzle-75B-A9B-NVFP4,p2
0,0,,hold,True,nvidia/NVIDIA-Nemotron-Labs-3-Puzzle-75B-A9B-NVFP4,p2
0,0,,hold,True,nvidia/NVIDIA-Nemotron-Labs-3-Puzzle-75B-A9B-NVFP4,p2
0,0,,hold,True,nvidia/NVIDIA-Nemotron-Labs-3-Puzzle-75B-A9B-NVFP4,p2
0,0,,hold,True,nvidia/NVIDIA-Nemotron-Labs-3-Puzzle-75B-A9B-NVFP4,p2
0,0,,hold,True,nvidia/NVIDIA-Nemotron-Labs-3-Puzzle-75B-A9B-NVFP4,p2
0,0,,hold,True,nvidia/NVIDIA-Nemotron-Labs-3-Puzzle-75B-A9B-NVFP4,p2
1,1,,parliamentary,True,nvidia/NVIDIA-Nemotron-Labs-3-Puzzle-75B-A9B-NVFP4,p2
0,1,,parliamentary,False,nvidia/NVIDIA-Nemotron-Labs-3-Puzzle-75B-A9B-NVFP4,p2
0,1,,parliamentary,False,nvidia/NVIDIA-Nemotron-Labs-3-Puzzle-75B-A9B-NVFP4,p2
0,1,,parliamentary,False,nvidia/NVIDIA-Nemotron-Labs-3-Puzzle-75B-A9B-NVFP4,p2
1,1,,shortage,True,nvidia/NVIDIA-Nemotron-Labs-3-Puzzle-75B-A9B-NVFP4,p2
1,1,,shortage,True,nvidia/NVIDIA-Nemotron-Labs-3-Puzzle-75B-A9B-NVFP4,p2
0,1,,shortage,False,nvidia/NVIDIA-Nemotron-Labs-3-Puzzle-75B-A9B-NVFP4,p2
1,1,,announcement,True,nvidia/NVIDIA-Nemotron-Labs-3-Puzzle-75B-A9B-NVFP4,p2
1,1,,announcement,True,nvidia/NVIDIA-Nemotron-Labs-3-Puzzle-75B-A9B-NVFP4,p2
0,1,,announcement,False,nvidia/NVIDIA-Nemotron-Labs-3-Puzzle-75B-A9B-NVFP4,p2
1,1,,surroundings,True,nvidia/NVIDIA-Nemotron-Labs-3-Puzzle-75B-A9B-NVFP4,p2
1,1,,ounce,True,nvidia/NVIDIA-Nemotron-Labs-3-Puzzle-75B-A9B-NVFP4,p2
1,1,,ounce,True,nvidia/NVIDIA-Nemotron-Labs-3-Puzzle-75B-A9B-NVFP4,p2
0,0,,ounce,True,nvidia/NVIDIA-Nemotron-Labs-3-Puzzle-75B-A9B-NVFP4,p2
0,0,,ounce,True,nvidia/NVIDIA-Nemotron-Labs-3-Puzzle-75B-A9B-NVFP4,p2
0,0,,ounce,True,nvidia/NVIDIA-Nemotron-Labs-3-Puzzle-75B-A9B-NVFP4,p2
1,1,,hammer,True,nvidia/NVIDIA-Nemotron-Labs-3-Puzzle-75B-A9B-NVFP4,p2
0,1,,hammer,False,nvidia/NVIDIA-Nemotron-Labs-3-Puzzle-75B-A9B-NVFP4,p2
1,1,,risk,True,nvidia/NVIDIA-Nemotron-Labs-3-Puzzle-75B-A9B-NVFP4,p2
1,1,,squad,True,nvidia/NVIDIA-Nemotron-Labs-3-Puzzle-75B-A9B-NVFP4,p2
0,0,,squad,True,nvidia/NVIDIA-Nemotron-Labs-3-Puzzle-75B-A9B-NVFP4,p2
1,1,,crusade,True,nvidia/NVIDIA-Nemotron-Labs-3-Puzzle-75B-A9B-NVFP4,p2
0,0,,crusade,True,nvidia/NVIDIA-Nemotron-Labs-3-Puzzle-75B-A9B-NVFP4,p2
0,1,,triumph,False,nvidia/NVIDIA-Nemotron-Labs-3-Puzzle-75B-A9B-NVFP4,p2
0,1,,triumph,False,nvidia/NVIDIA-Nemotron-Labs-3-Puzzle-75B-A9B-NVFP4,p2
1,1,,whip,True,nvidia/NVIDIA-Nemotron-Labs-3-Puzzle-75B-A9B-NVFP4,p2
0,0,,whip,True,nvidia/NVIDIA-Nemotron-Labs-3-Puzzle-75B-A9B-NVFP4,p2
0,0,,whip,True,nvidia/NVIDIA-Nemotron-Labs-3-Puzzle-75B-A9B-NVFP4,p2
0,0,,whip,True,nvidia/NVIDIA-Nemotron-Labs-3-Puzzle-75B-A9B-NVFP4,p2
0,0,,whip,True,nvidia/NVIDIA-Nemotron-Labs-3-Puzzle-75B-A9B-NVFP4,p2
1,0,,ground,False,nvidia/NVIDIA-Nemotron-Labs-3-Puzzle-75B-A9B-NVFP4,p2
1,1,,ground,True,nvidia/NVIDIA-Nemotron-Labs-3-Puzzle-75B-A9B-NVFP4,p2
1,1,,ground,True,nvidia/NVIDIA-Nemotron-Labs-3-Puzzle-75B-A9B-NVFP4,p2
1,1,,ground,True,nvidia/NVIDIA-Nemotron-Labs-3-Puzzle-75B-A9B-NVFP4,p2
1,0,,ground,False,nvidia/NVIDIA-Nemotron-Labs-3-Puzzle-75B-A9B-NVFP4,p2
0,0,,ground,True,nvidia/NVIDIA-Nemotron-Labs-3-Puzzle-75B-A9B-NVFP4,p2
0,0,,ground,True,nvidia/NVIDIA-Nemotron-Labs-3-Puzzle-75B-A9B-NVFP4,p2
0,0,,ground,True,nvidia/NVIDIA-Nemotron-Labs-3-Puzzle-75B-A9B-NVFP4,p2
0,0,,ground,True,nvidia/NVIDIA-Nemotron-Labs-3-Puzzle-75B-A9B-NVFP4,p2
0,1,,ground,False,nvidia/NVIDIA-Nemotron-Labs-3-Puzzle-75B-A9B-NVFP4,p2
0,1,,ground,False,nvidia/NVIDIA-Nemotron-Labs-3-Puzzle-75B-A9B-NVFP4,p2
0,0,,ground,True,nvidia/NVIDIA-Nemotron-Labs-3-Puzzle-75B-A9B-NVFP4,p2
0,0,,ground,True,nvidia/NVIDIA-Nemotron-Labs-3-Puzzle-75B-A9B-NVFP4,p2
0,0,,ground,True,nvidia/NVIDIA-Nemotron-Labs-3-Puzzle-75B-A9B-NVFP4,p2
0,0,,ground,True,nvidia/NVIDIA-Nemotron-Labs-3-Puzzle-75B-A9B-NVFP4,p2
1,1,,halt,True,nvidia/NVIDIA-Nemotron-Labs-3-Puzzle-75B-A9B-NVFP4,p2
1,1,,halt,True,nvidia/NVIDIA-Nemotron-Labs-3-Puzzle-75B-A9B-NVFP4,p2
0,1,,halt,False,nvidia/NVIDIA-Nemotron-Labs-3-Puzzle-75B-A9B-NVFP4,p2
1,1,,journal,True,nvidia/NVIDIA-Nemotron-Labs-3-Puzzle-75B-A9B-NVFP4,p2
0,1,,journal,False,nvidia/NVIDIA-Nemotron-Labs-3-Puzzle-75B-A9B-NVFP4,p2
0,1,,journal,False,nvidia/NVIDIA-Nemotron-Labs-3-Puzzle-75B-A9B-NVFP4,p2
0,0,,journal,True,nvidia/NVIDIA-Nemotron-Labs-3-Puzzle-75B-A9B-NVFP4,p2
0,0,,journal,True,nvidia/NVIDIA-Nemotron-Labs-3-Puzzle-75B-A9B-NVFP4,p2
1,1,,nobility,True,nvidia/NVIDIA-Nemotron-Labs-3-Puzzle-75B-A9B-NVFP4,p2
1,1,,nobility,True,nvidia/NVIDIA-Nemotron-Labs-3-Puzzle-75B-A9B-NVFP4,p2
1,1,,nobility,True,nvidia/NVIDIA-Nemotron-Labs-3-Puzzle-75B-A9B-NVFP4,p2
0,0,,nobility,True,nvidia/NVIDIA-Nemotron-Labs-3-Puzzle-75B-A9B-NVFP4,p2
0,0,,nobility,True,nvidia/NVIDIA-Nemotron-Labs-3-Puzzle-75B-A9B-NVFP4,p2
0,0,,nobility,True,nvidia/NVIDIA-Nemotron-Labs-3-Puzzle-75B-A9B-NVFP4,p2
1,1,,dialogue,True,nvidia/NVIDIA-Nemotron-Labs-3-Puzzle-75B-A9B-NVFP4,p2
0,1,,dialogue,False,nvidia/NVIDIA-Nemotron-Labs-3-Puzzle-75B-A9B-NVFP4,p2
0,1,,dialogue,False,nvidia/NVIDIA-Nemotron-Labs-3-Puzzle-75B-A9B-NVFP4,p2
0,0,,dialogue,True,nvidia/NVIDIA-Nemotron-Labs-3-Puzzle-75B-A9B-NVFP4,p2
1,1,,slate,True,nvidia/NVIDIA-Nemotron-Labs-3-Puzzle-75B-A9B-NVFP4,p2
1,1,,slate,True,nvidia/NVIDIA-Nemotron-Labs-3-Puzzle-75B-A9B-NVFP4,p2
0,0,,slate,True,nvidia/NVIDIA-Nemotron-Labs-3-Puzzle-75B-A9B-NVFP4,p2
1,1,,pop,True,nvidia/NVIDIA-Nemotron-Labs-3-Puzzle-75B-A9B-NVFP4,p2
1,0,,pop,False,nvidia/NVIDIA-Nemotron-Labs-3-Puzzle-75B-A9B-NVFP4,p2
1,1,,pop,True,nvidia/NVIDIA-Nemotron-Labs-3-Puzzle-75B-A9B-NVFP4,p2
1,1,,pop,True,nvidia/NVIDIA-Nemotron-Labs-3-Puzzle-75B-A9B-NVFP4,p2
1,1,,pop,True,nvidia/NVIDIA-Nemotron-Labs-3-Puzzle-75B-A9B-NVFP4,p2
1,1,,pop,True,nvidia/NVIDIA-Nemotron-Labs-3-Puzzle-75B-A9B-NVFP4,p2
0,1,,pop,False,nvidia/NVIDIA-Nemotron-Labs-3-Puzzle-75B-A9B-NVFP4,p2
0,0,,pop,True,nvidia/NVIDIA-Nemotron-Labs-3-Puzzle-75B-A9B-NVFP4,p2
0,0,,pop,True,nvidia/NVIDIA-Nemotron-Labs-3-Puzzle-75B-A9B-NVFP4,p2
0,0,,pop,True,nvidia/NVIDIA-Nemotron-Labs-3-Puzzle-75B-A9B-NVFP4,p2
0,1,,pop,False,nvidia/NVIDIA-Nemotron-Labs-3-Puzzle-75B-A9B-NVFP4,p2
0,1,,pop,False,nvidia/NVIDIA-Nemotron-Labs-3-Puzzle-75B-A9B-NVFP4,p2
1,1,,loosen,True,nvidia/NVIDIA-Nemotron-Labs-3-Puzzle-75B-A9B-NVFP4,p2
1,1,,loosen,True,nvidia/NVIDIA-Nemotron-Labs-3-Puzzle-75B-A9B-NVFP4,p2
1,1,,loosen,True,nvidia/NVIDIA-Nemotron-Labs-3-Puzzle-75B-A9B-NVFP4,p2
0,1,,loosen,False,nvidia/NVIDIA-Nemotron-Labs-3-Puzzle-75B-A9B-NVFP4,p2
0,1,,loosen,False,nvidia/NVIDIA-Nemotron-Labs-3-Puzzle-75B-A9B-NVFP4,p2
0,1,,sluggish,False,nvidia/NVIDIA-Nemotron-Labs-3-Puzzle-75B-A9B-NVFP4,p2
0,1,,sluggish,False,nvidia/NVIDIA-Nemotron-Labs-3-Puzzle-75B-A9B-NVFP4,p2
1,1,,illicit,True,nvidia/NVIDIA-Nemotron-Labs-3-Puzzle-75B-A9B-NVFP4,p2
0,1,,illicit,False,nvidia/NVIDIA-Nemotron-Labs-3-Puzzle-75B-A9B-NVFP4,p2
0,1,,illicit,False,nvidia/NVIDIA-Nemotron-Labs-3-Puzzle-75B-A9B-NVFP4,p2
1,1,,bleach,True,nvidia/NVIDIA-Nemotron-Labs-3-Puzzle-75B-A9B-NVFP4,p2
0,0,,angular,True,nvidia/NVIDIA-Nemotron-Labs-3-Puzzle-75B-A9B-NVFP4,p2
1,1,,flip,True,nvidia/NVIDIA-Nemotron-Labs-3-Puzzle-75B-A9B-NVFP4,p2
1,0,,flip,False,nvidia/NVIDIA-Nemotron-Labs-3-Puzzle-75B-A9B-NVFP4,p2
1,1,,flip,True,nvidia/NVIDIA-Nemotron-Labs-3-Puzzle-75B-A9B-NVFP4,p2
1,1,,flip,True,nvidia/NVIDIA-Nemotron-Labs-3-Puzzle-75B-A9B-NVFP4,p2
1,1,,flip,True,nvidia/NVIDIA-Nemotron-Labs-3-Puzzle-75B-A9B-NVFP4,p2
0,1,,flip,False,nvidia/NVIDIA-Nemotron-Labs-3-Puzzle-75B-A9B-NVFP4,p2
0,0,,flip,True,nvidia/NVIDIA-Nemotron-Labs-3-Puzzle-75B-A9B-NVFP4,p2
0,0,,flip,True,nvidia/NVIDIA-Nemotron-Labs-3-Puzzle-75B-A9B-NVFP4,p2
0,1,,flip,False,nvidia/NVIDIA-Nemotron-Labs-3-Puzzle-75B-A9B-NVFP4,p2
0,0,,flip,True,nvidia/NVIDIA-Nemotron-Labs-3-Puzzle-75B-A9B-NVFP4,p2
0,0,,flip,True,nvidia/NVIDIA-Nemotron-Labs-3-Puzzle-75B-A9B-NVFP4,p2
1,1,,ragged,True,nvidia/NVIDIA-Nemotron-Labs-3-Puzzle-75B-A9B-NVFP4,p2
0,0,,ragged,True,nvidia/NVIDIA-Nemotron-Labs-3-Puzzle-75B-A9B-NVFP4,p2
1,1,,allies,True,nvidia/NVIDIA-Nemotron-Labs-3-Puzzle-75B-A9B-NVFP4,p2
1,1,,allies,True,nvidia/NVIDIA-Nemotron-Labs-3-Puzzle-75B-A9B-NVFP4,p2
0,1,,allies,False,nvidia/NVIDIA-Nemotron-Labs-3-Puzzle-75B-A9B-NVFP4,p2
0,1,,allies,False,nvidia/NVIDIA-Nemotron-Labs-3-Puzzle-75B-A9B-NVFP4,p2
0,1,,allies,False,nvidia/NVIDIA-Nemotron-Labs-3-Puzzle-75B-A9B-NVFP4,p2
1,1,,awkward,True,nvidia/NVIDIA-Nemotron-Labs-3-Puzzle-75B-A9B-NVFP4,p2
1,1,,awkward,True,nvidia/NVIDIA-Nemotron-Labs-3-Puzzle-75B-A9B-NVFP4,p2
1,1,,awkward,True,nvidia/NVIDIA-Nemotron-Labs-3-Puzzle-75B-A9B-NVFP4,p2
1,1,,awkward,True,nvidia/NVIDIA-Nemotron-Labs-3-Puzzle-75B-A9B-NVFP4,p2
0,0,,awkward,True,nvidia/NVIDIA-Nemotron-Labs-3-Puzzle-75B-A9B-NVFP4,p2
0,1,,awkward,False,nvidia/NVIDIA-Nemotron-Labs-3-Puzzle-75B-A9B-NVFP4,p2
0,1,,awkward,False,nvidia/NVIDIA-Nemotron-Labs-3-Puzzle-75B-A9B-NVFP4,p2
0,0,,litter,True,nvidia/NVIDIA-Nemotron-Labs-3-Puzzle-75B-A9B-NVFP4,p2
1,1,,placement,True,nvidia/NVIDIA-Nemotron-Labs-3-Puzzle-75B-A9B-NVFP4,p2
1,1,,placement,True,nvidia/NVIDIA-Nemotron-Labs-3-Puzzle-75B-A9B-NVFP4,p2
0,0,,placement,True,nvidia/NVIDIA-Nemotron-Labs-3-Puzzle-75B-A9B-NVFP4,p2
0,0,,set_out,True,nvidia/NVIDIA-Nemotron-Labs-3-Puzzle-75B-A9B-NVFP4,p2
0,0,,set_out,True,nvidia/NVIDIA-Nemotron-Labs-3-Puzzle-75B-A9B-NVFP4,p2
0,0,,set_out,True,nvidia/NVIDIA-Nemotron-Labs-3-Puzzle-75B-A9B-NVFP4,p2
1,1,,heighten,True,nvidia/NVIDIA-Nemotron-Labs-3-Puzzle-75B-A9B-NVFP4,p2
1,1,,heighten,True,nvidia/NVIDIA-Nemotron-Labs-3-Puzzle-75B-A9B-NVFP4,p2
1,1,,heighten,True,nvidia/NVIDIA-Nemotron-Labs-3-Puzzle-75B-A9B-NVFP4,p2
0,0,,heighten,True,nvidia/NVIDIA-Nemotron-Labs-3-Puzzle-75B-A9B-NVFP4,p2
0,1,,heighten,False,nvidia/NVIDIA-Nemotron-Labs-3-Puzzle-75B-A9B-NVFP4,p2
0,1,,heighten,False,nvidia/NVIDIA-Nemotron-Labs-3-Puzzle-75B-A9B-NVFP4,p2
0,1,,heighten,False,nvidia/NVIDIA-Nemotron-Labs-3-Puzzle-75B-A9B-NVFP4,p2
1,1,,appreciation,True,nvidia/NVIDIA-Nemotron-Labs-3-Puzzle-75B-A9B-NVFP4,p2
1,1,,appreciation,True,nvidia/NVIDIA-Nemotron-Labs-3-Puzzle-75B-A9B-NVFP4,p2
1,1,,appreciation,True,nvidia/NVIDIA-Nemotron-Labs-3-Puzzle-75B-A9B-NVFP4,p2
0,0,,appreciation,True,nvidia/NVIDIA-Nemotron-Labs-3-Puzzle-75B-A9B-NVFP4,p2
0,0,,appreciation,True,nvidia/NVIDIA-Nemotron-Labs-3-Puzzle-75B-A9B-NVFP4,p2
0,0,,appreciation,True,nvidia/NVIDIA-Nemotron-Labs-3-Puzzle-75B-A9B-NVFP4,p2
0,1,,appreciation,False,nvidia/NVIDIA-Nemotron-Labs-3-Puzzle-75B-A9B-NVFP4,p2
0,1,,appreciation,False,nvidia/NVIDIA-Nemotron-Labs-3-Puzzle-75B-A9B-NVFP4,p2
1,1,,pillar,True,nvidia/NVIDIA-Nemotron-Labs-3-Puzzle-75B-A9B-NVFP4,p2
1,1,,pillar,True,nvidia/NVIDIA-Nemotron-Labs-3-Puzzle-75B-A9B-NVFP4,p2
0,0,,pillar,True,nvidia/NVIDIA-Nemotron-Labs-3-Puzzle-75B-A9B-NVFP4,p2
0,0,,pillar,True,nvidia/NVIDIA-Nemotron-Labs-3-Puzzle-75B-A9B-NVFP4,p2
0,0,,pillar,True,nvidia/NVIDIA-Nemotron-Labs-3-Puzzle-75B-A9B-NVFP4,p2
1,1,,foul,True,nvidia/NVIDIA-Nemotron-Labs-3-Puzzle-75B-A9B-NVFP4,p2
1,1,,foul,True,nvidia/NVIDIA-Nemotron-Labs-3-Puzzle-75B-A9B-NVFP4,p2
1,1,,foul,True,nvidia/NVIDIA-Nemotron-Labs-3-Puzzle-75B-A9B-NVFP4,p2
1,1,,foul,True,nvidia/NVIDIA-Nemotron-Labs-3-Puzzle-75B-A9B-NVFP4,p2
0,0,,foul,True,nvidia/NVIDIA-Nemotron-Labs-3-Puzzle-75B-A9B-NVFP4,p2
0,0,,foul,True,nvidia/NVIDIA-Nemotron-Labs-3-Puzzle-75B-A9B-NVFP4,p2
0,0,,foul,True,nvidia/NVIDIA-Nemotron-Labs-3-Puzzle-75B-A9B-NVFP4,p2
0,0,,foul,True,nvidia/NVIDIA-Nemotron-Labs-3-Puzzle-75B-A9B-NVFP4,p2
0,0,,foul,True,nvidia/NVIDIA-Nemotron-Labs-3-Puzzle-75B-A9B-NVFP4,p2
1,1,,spill,True,nvidia/NVIDIA-Nemotron-Labs-3-Puzzle-75B-A9B-NVFP4,p2
1,1,,spill,True,nvidia/NVIDIA-Nemotron-Labs-3-Puzzle-75B-A9B-NVFP4,p2
0,0,,spill,True,nvidia/NVIDIA-Nemotron-Labs-3-Puzzle-75B-A9B-NVFP4,p2
0,0,,spill,True,nvidia/NVIDIA-Nemotron-Labs-3-Puzzle-75B-A9B-NVFP4,p2
0,0,,spill,True,nvidia/NVIDIA-Nemotron-Labs-3-Puzzle-75B-A9B-NVFP4,p2
1,1,,passing,True,nvidia/NVIDIA-Nemotron-Labs-3-Puzzle-75B-A9B-NVFP4,p2
1,1,,passing,True,nvidia/NVIDIA-Nemotron-Labs-3-Puzzle-75B-A9B-NVFP4,p2
1,0,,passing,False,nvidia/NVIDIA-Nemotron-Labs-3-Puzzle-75B-A9B-NVFP4,p2
1,0,,passing,False,nvidia/NVIDIA-Nemotron-Labs-3-Puzzle-75B-A9B-NVFP4,p2
0,0,,passing,True,nvidia/NVIDIA-Nemotron-Labs-3-Puzzle-75B-A9B-NVFP4,p2
0,0,,passing,True,nvidia/NVIDIA-Nemotron-Labs-3-Puzzle-75B-A9B-NVFP4,p2
0,1,,passing,False,nvidia/NVIDIA-Nemotron-Labs-3-Puzzle-75B-A9B-NVFP4,p2
1,1,,compression,True,nvidia/NVIDIA-Nemotron-Labs-3-Puzzle-75B-A9B-NVFP4,p2
1,1,,compression,True,nvidia/NVIDIA-Nemotron-Labs-3-Puzzle-75B-A9B-NVFP4,p2
1,1,,compression,True,nvidia/NVIDIA-Nemotron-Labs-3-Puzzle-75B-A9B-NVFP4,p2
0,1,,compression,False,nvidia/NVIDIA-Nemotron-Labs-3-Puzzle-75B-A9B-NVFP4,p2
0,0,,compression,True,nvidia/NVIDIA-Nemotron-Labs-3-Puzzle-75B-A9B-NVFP4,p2
0,0,,compression,True,nvidia/NVIDIA-Nemotron-Labs-3-Puzzle-75B-A9B-NVFP4,p2
1,1,,stand_for,True,nvidia/NVIDIA-Nemotron-Labs-3-Puzzle-75B-A9B-NVFP4,p2
0,0,,stand_for,True,nvidia/NVIDIA-Nemotron-Labs-3-Puzzle-75B-A9B-NVFP4,p2
0,1,,stand_for,False,nvidia/NVIDIA-Nemotron-Labs-3-Puzzle-75B-A9B-NVFP4,p2
1,1,,pay_off,True,nvidia/NVIDIA-Nemotron-Labs-3-Puzzle-75B-A9B-NVFP4,p2
1,1,,pay_off,True,nvidia/NVIDIA-Nemotron-Labs-3-Puzzle-75B-A9B-NVFP4,p2
1,1,,pay_off,True,nvidia/NVIDIA-Nemotron-Labs-3-Puzzle-75B-A9B-NVFP4,p2
0,0,,pay_off,True,nvidia/NVIDIA-Nemotron-Labs-3-Puzzle-75B-A9B-NVFP4,p2
0,0,,pay_off,True,nvidia/NVIDIA-Nemotron-Labs-3-Puzzle-75B-A9B-NVFP4,p2
0,0,,pay_off,True,nvidia/NVIDIA-Nemotron-Labs-3-Puzzle-75B-A9B-NVFP4,p2
0,0,,pay_off,True,nvidia/NVIDIA-Nemotron-Labs-3-Puzzle-75B-A9B-NVFP4,p2
0,1,,pay_off,False,nvidia/NVIDIA-Nemotron-Labs-3-Puzzle-75B-A9B-NVFP4,p2
0,0,,pay_off,True,nvidia/NVIDIA-Nemotron-Labs-3-Puzzle-75B-A9B-NVFP4,p2
1,1,,transport,True,nvidia/NVIDIA-Nemotron-Labs-3-Puzzle-75B-A9B-NVFP4,p2
1,1,,transport,True,nvidia/NVIDIA-Nemotron-Labs-3-Puzzle-75B-A9B-NVFP4,p2
0,0,,transport,True,nvidia/NVIDIA-Nemotron-Labs-3-Puzzle-75B-A9B-NVFP4,p2
0,0,,transport,True,nvidia/NVIDIA-Nemotron-Labs-3-Puzzle-75B-A9B-NVFP4,p2
1,1,,contemplate,True,nvidia/NVIDIA-Nemotron-Labs-3-Puzzle-75B-A9B-NVFP4,p2
1,1,,contemplate,True,nvidia/NVIDIA-Nemotron-Labs-3-Puzzle-75B-A9B-NVFP4,p2
0,1,,contemplate,False,nvidia/NVIDIA-Nemotron-Labs-3-Puzzle-75B-A9B-NVFP4,p2
1,1,,go_by,True,nvidia/NVIDIA-Nemotron-Labs-3-Puzzle-75B-A9B-NVFP4,p2
1,1,,go_by,True,nvidia/NVIDIA-Nemotron-Labs-3-Puzzle-75B-A9B-NVFP4,p2
0,0,,go_by,True,nvidia/NVIDIA-Nemotron-Labs-3-Puzzle-75B-A9B-NVFP4,p2
0,0,,go_by,True,nvidia/NVIDIA-Nemotron-Labs-3-Puzzle-75B-A9B-NVFP4,p2
1,1,,unlawful,True,nvidia/NVIDIA-Nemotron-Labs-3-Puzzle-75B-A9B-NVFP4,p2
1,1,,unlawful,True,nvidia/NVIDIA-Nemotron-Labs-3-Puzzle-75B-A9B-NVFP4,p2
0,1,,unlawful,False,nvidia/NVIDIA-Nemotron-Labs-3-Puzzle-75B-A9B-NVFP4,p2
0,1,,unlawful,False,nvidia/NVIDIA-Nemotron-Labs-3-Puzzle-75B-A9B-NVFP4,p2
0,1,,unlawful,False,nvidia/NVIDIA-Nemotron-Labs-3-Puzzle-75B-A9B-NVFP4,p2
1,1,,drawing,True,nvidia/NVIDIA-Nemotron-Labs-3-Puzzle-75B-A9B-NVFP4,p2
1,1,,drawing,True,nvidia/NVIDIA-Nemotron-Labs-3-Puzzle-75B-A9B-NVFP4,p2
1,1,,drawing,True,nvidia/NVIDIA-Nemotron-Labs-3-Puzzle-75B-A9B-NVFP4,p2
0,0,,drawing,True,nvidia/NVIDIA-Nemotron-Labs-3-Puzzle-75B-A9B-NVFP4,p2
0,0,,drawing,True,nvidia/NVIDIA-Nemotron-Labs-3-Puzzle-75B-A9B-NVFP4,p2
0,0,,drawing,True,nvidia/NVIDIA-Nemotron-Labs-3-Puzzle-75B-A9B-NVFP4,p2
0,0,,drawing,True,nvidia/NVIDIA-Nemotron-Labs-3-Puzzle-75B-A9B-NVFP4,p2
0,0,,drawing,True,nvidia/NVIDIA-Nemotron-Labs-3-Puzzle-75B-A9B-NVFP4,p2
1,1,,smear,True,nvidia/NVIDIA-Nemotron-Labs-3-Puzzle-75B-A9B-NVFP4,p2
1,1,,smear,True,nvidia/NVIDIA-Nemotron-Labs-3-Puzzle-75B-A9B-NVFP4,p2
1,1,,smear,True,nvidia/NVIDIA-Nemotron-Labs-3-Puzzle-75B-A9B-NVFP4,p2
0,0,,smear,True,nvidia/NVIDIA-Nemotron-Labs-3-Puzzle-75B-A9B-NVFP4,p2
0,0,,smear,True,nvidia/NVIDIA-Nemotron-Labs-3-Puzzle-75B-A9B-NVFP4,p2
0,1,,vocabulary,False,nvidia/NVIDIA-Nemotron-Labs-3-Puzzle-75B-A9B-NVFP4,p2
0,1,,vocabulary,False,nvidia/NVIDIA-Nemotron-Labs-3-Puzzle-75B-A9B-NVFP4,p2
0,0,,vocabulary,True,nvidia/NVIDIA-Nemotron-Labs-3-Puzzle-75B-A9B-NVFP4,p2
1,1,,detach,True,nvidia/NVIDIA-Nemotron-Labs-3-Puzzle-75B-A9B-NVFP4,p2
0,1,,detach,False,nvidia/NVIDIA-Nemotron-Labs-3-Puzzle-75B-A9B-NVFP4,p2
0,1,,detach,False,nvidia/NVIDIA-Nemotron-Labs-3-Puzzle-75B-A9B-NVFP4,p2
1,1,,respect,True,nvidia/NVIDIA-Nemotron-Labs-3-Puzzle-75B-A9B-NVFP4,p2
1,1,,inevitable,True,nvidia/NVIDIA-Nemotron-Labs-3-Puzzle-75B-A9B-NVFP4,p2
0,1,,inevitable,False,nvidia/NVIDIA-Nemotron-Labs-3-Puzzle-75B-A9B-NVFP4,p2
1,1,,deception,True,nvidia/NVIDIA-Nemotron-Labs-3-Puzzle-75B-A9B-NVFP4,p2
1,1,,deception,True,nvidia/NVIDIA-Nemotron-Labs-3-Puzzle-75B-A9B-NVFP4,p2
0,1,,deception,False,nvidia/NVIDIA-Nemotron-Labs-3-Puzzle-75B-A9B-NVFP4,p2
0,1,,deception,False,nvidia/NVIDIA-Nemotron-Labs-3-Puzzle-75B-A9B-NVFP4,p2
1,1,,creep,True,nvidia/NVIDIA-Nemotron-Labs-3-Puzzle-75B-A9B-NVFP4,p2
0,1,,creep,False,nvidia/NVIDIA-Nemotron-Labs-3-Puzzle-75B-A9B-NVFP4,p2
0,1,,creep,False,nvidia/NVIDIA-Nemotron-Labs-3-Puzzle-75B-A9B-NVFP4,p2
1,1,,third,True,nvidia/NVIDIA-Nemotron-Labs-3-Puzzle-75B-A9B-NVFP4,p2
1,1,,third,True,nvidia/NVIDIA-Nemotron-Labs-3-Puzzle-75B-A9B-NVFP4,p2
0,0,,third,True,nvidia/NVIDIA-Nemotron-Labs-3-Puzzle-75B-A9B-NVFP4,p2
1,1,,glow,True,nvidia/NVIDIA-Nemotron-Labs-3-Puzzle-75B-A9B-NVFP4,p2
1,1,,glow,True,nvidia/NVIDIA-Nemotron-Labs-3-Puzzle-75B-A9B-NVFP4,p2
1,1,,glow,True,nvidia/NVIDIA-Nemotron-Labs-3-Puzzle-75B-A9B-NVFP4,p2
1,1,,glow,True,nvidia/NVIDIA-Nemotron-Labs-3-Puzzle-75B-A9B-NVFP4,p2
0,0,,glow,True,nvidia/NVIDIA-Nemotron-Labs-3-Puzzle-75B-A9B-NVFP4,p2
0,0,,glow,True,nvidia/NVIDIA-Nemotron-Labs-3-Puzzle-75B-A9B-NVFP4,p2
0,1,,glow,False,nvidia/NVIDIA-Nemotron-Labs-3-Puzzle-75B-A9B-NVFP4,p2
0,1,,glow,False,nvidia/NVIDIA-Nemotron-Labs-3-Puzzle-75B-A9B-NVFP4,p2
0,0,,glow,True,nvidia/NVIDIA-Nemotron-Labs-3-Puzzle-75B-A9B-NVFP4,p2
0,0,,glow,True,nvidia/NVIDIA-Nemotron-Labs-3-Puzzle-75B-A9B-NVFP4,p2
1,1,,contradict,True,nvidia/NVIDIA-Nemotron-Labs-3-Puzzle-75B-A9B-NVFP4,p2
1,1,,choke,True,nvidia/NVIDIA-Nemotron-Labs-3-Puzzle-75B-A9B-NVFP4,p2
1,1,,choke,True,nvidia/NVIDIA-Nemotron-Labs-3-Puzzle-75B-A9B-NVFP4,p2
1,1,,choke,True,nvidia/NVIDIA-Nemotron-Labs-3-Puzzle-75B-A9B-NVFP4,p2
1,0,,choke,False,nvidia/NVIDIA-Nemotron-Labs-3-Puzzle-75B-A9B-NVFP4,p2
1,1,,choke,True,nvidia/NVIDIA-Nemotron-Labs-3-Puzzle-75B-A9B-NVFP4,p2
0,1,,choke,False,nvidia/NVIDIA-Nemotron-Labs-3-Puzzle-75B-A9B-NVFP4,p2
0,0,,choke,True,nvidia/NVIDIA-Nemotron-Labs-3-Puzzle-75B-A9B-NVFP4,p2
0,0,,choke,True,nvidia/NVIDIA-Nemotron-Labs-3-Puzzle-75B-A9B-NVFP4,p2
0,0,,choke,True,nvidia/NVIDIA-Nemotron-Labs-3-Puzzle-75B-A9B-NVFP4,p2
0,0,,choke,True,nvidia/NVIDIA-Nemotron-Labs-3-Puzzle-75B-A9B-NVFP4,p2
0,0,,choke,True,nvidia/NVIDIA-Nemotron-Labs-3-Puzzle-75B-A9B-NVFP4,p2
0,1,,choke,False,nvidia/NVIDIA-Nemotron-Labs-3-Puzzle-75B-A9B-NVFP4,p2
0,0,,choke,True,nvidia/NVIDIA-Nemotron-Labs-3-Puzzle-75B-A9B-NVFP4,p2
0,1,,choke,False,nvidia/NVIDIA-Nemotron-Labs-3-Puzzle-75B-A9B-NVFP4,p2
0,1,,choke,False,nvidia/NVIDIA-Nemotron-Labs-3-Puzzle-75B-A9B-NVFP4,p2
1,1,,sporting,True,nvidia/NVIDIA-Nemotron-Labs-3-Puzzle-75B-A9B-NVFP4,p2
1,1,,sporting,True,nvidia/NVIDIA-Nemotron-Labs-3-Puzzle-75B-A9B-NVFP4,p2
1,0,,sporting,False,nvidia/NVIDIA-Nemotron-Labs-3-Puzzle-75B-A9B-NVFP4,p2
0,0,,sporting,True,nvidia/NVIDIA-Nemotron-Labs-3-Puzzle-75B-A9B-NVFP4,p2
0,0,,sporting,True,nvidia/NVIDIA-Nemotron-Labs-3-Puzzle-75B-A9B-NVFP4,p2
1,1,,affliction,True,nvidia/NVIDIA-Nemotron-Labs-3-Puzzle-75B-A9B-NVFP4,p2
1,1,,affliction,True,nvidia/NVIDIA-Nemotron-Labs-3-Puzzle-75B-A9B-NVFP4,p2
1,1,,affliction,True,nvidia/NVIDIA-Nemotron-Labs-3-Puzzle-75B-A9B-NVFP4,p2
0,1,,affliction,False,nvidia/NVIDIA-Nemotron-Labs-3-Puzzle-75B-A9B-NVFP4,p2
0,1,,affliction,False,nvidia/NVIDIA-Nemotron-Labs-3-Puzzle-75B-A9B-NVFP4,p2
1,1,,curvature,True,nvidia/NVIDIA-Nemotron-Labs-3-Puzzle-75B-A9B-NVFP4,p2
0,1,,curvature,False,nvidia/NVIDIA-Nemotron-Labs-3-Puzzle-75B-A9B-NVFP4,p2
1,1,,recover,True,nvidia/NVIDIA-Nemotron-Labs-3-Puzzle-75B-A9B-NVFP4,p2
1,1,,recover,True,nvidia/NVIDIA-Nemotron-Labs-3-Puzzle-75B-A9B-NVFP4,p2
1,1,,recover,True,nvidia/NVIDIA-Nemotron-Labs-3-Puzzle-75B-A9B-NVFP4,p2
0,0,,recover,True,nvidia/NVIDIA-Nemotron-Labs-3-Puzzle-75B-A9B-NVFP4,p2
0,0,,recover,True,nvidia/NVIDIA-Nemotron-Labs-3-Puzzle-75B-A9B-NVFP4,p2
0,1,,recover,False,nvidia/NVIDIA-Nemotron-Labs-3-Puzzle-75B-A9B-NVFP4,p2
0,1,,recover,False,nvidia/NVIDIA-Nemotron-Labs-3-Puzzle-75B-A9B-NVFP4,p2
0,0,,recover,True,nvidia/NVIDIA-Nemotron-Labs-3-Puzzle-75B-A9B-NVFP4,p2
1,1,,habit,True,nvidia/NVIDIA-Nemotron-Labs-3-Puzzle-75B-A9B-NVFP4,p2
1,1,,habit,True,nvidia/NVIDIA-Nemotron-Labs-3-Puzzle-75B-A9B-NVFP4,p2
1,1,,habit,True,nvidia/NVIDIA-Nemotron-Labs-3-Puzzle-75B-A9B-NVFP4,p2
1,1,,habit,True,nvidia/NVIDIA-Nemotron-Labs-3-Puzzle-75B-A9B-NVFP4,p2
0,0,,habit,True,nvidia/NVIDIA-Nemotron-Labs-3-Puzzle-75B-A9B-NVFP4,p2
0,0,,habit,True,nvidia/NVIDIA-Nemotron-Labs-3-Puzzle-75B-A9B-NVFP4,p2
0,0,,habit,True,nvidia/NVIDIA-Nemotron-Labs-3-Puzzle-75B-A9B-NVFP4,p2
0,0,,habit,True,nvidia/NVIDIA-Nemotron-Labs-3-Puzzle-75B-A9B-NVFP4,p2
0,1,,habit,False,nvidia/NVIDIA-Nemotron-Labs-3-Puzzle-75B-A9B-NVFP4,p2
0,0,,habit,True,nvidia/NVIDIA-Nemotron-Labs-3-Puzzle-75B-A9B-NVFP4,p2
1,1,,thoroughly,True,nvidia/NVIDIA-Nemotron-Labs-3-Puzzle-75B-A9B-NVFP4,p2
0,1,,thoroughly,False,nvidia/NVIDIA-Nemotron-Labs-3-Puzzle-75B-A9B-NVFP4,p2
0,1,,thoroughly,False,nvidia/NVIDIA-Nemotron-Labs-3-Puzzle-75B-A9B-NVFP4,p2
1,1,,adversity,True,nvidia/NVIDIA-Nemotron-Labs-3-Puzzle-75B-A9B-NVFP4,p2
0,1,,adversity,False,nvidia/NVIDIA-Nemotron-Labs-3-Puzzle-75B-A9B-NVFP4,p2
0,1,,adversity,False,nvidia/NVIDIA-Nemotron-Labs-3-Puzzle-75B-A9B-NVFP4,p2
1,1,,deceptive,True,nvidia/NVIDIA-Nemotron-Labs-3-Puzzle-75B-A9B-NVFP4,p2
0,1,,deceptive,False,nvidia/NVIDIA-Nemotron-Labs-3-Puzzle-75B-A9B-NVFP4,p2
1,1,,casually,True,nvidia/NVIDIA-Nemotron-Labs-3-Puzzle-75B-A9B-NVFP4,p2
0,1,,casually,False,nvidia/NVIDIA-Nemotron-Labs-3-Puzzle-75B-A9B-NVFP4,p2
0,0,,in_time,True,nvidia/NVIDIA-Nemotron-Labs-3-Puzzle-75B-A9B-NVFP4,p2
0,0,,in_time,True,nvidia/NVIDIA-Nemotron-Labs-3-Puzzle-75B-A9B-NVFP4,p2
1,1,,worry,True,nvidia/NVIDIA-Nemotron-Labs-3-Puzzle-75B-A9B-NVFP4,p2
0,1,,worry,False,nvidia/NVIDIA-Nemotron-Labs-3-Puzzle-75B-A9B-NVFP4,p2
1,1,,uncomfortable,True,nvidia/NVIDIA-Nemotron-Labs-3-Puzzle-75B-A9B-NVFP4,p2
0,1,,uncomfortable,False,nvidia/NVIDIA-Nemotron-Labs-3-Puzzle-75B-A9B-NVFP4,p2
1,1,,perspiration,True,nvidia/NVIDIA-Nemotron-Labs-3-Puzzle-75B-A9B-NVFP4,p2
0,1,,perspiration,False,nvidia/NVIDIA-Nemotron-Labs-3-Puzzle-75B-A9B-NVFP4,p2
1,1,,shrimp,True,nvidia/NVIDIA-Nemotron-Labs-3-Puzzle-75B-A9B-NVFP4,p2
0,0,,shrimp,True,nvidia/NVIDIA-Nemotron-Labs-3-Puzzle-75B-A9B-NVFP4,p2
0,0,,shrimp,True,nvidia/NVIDIA-Nemotron-Labs-3-Puzzle-75B-A9B-NVFP4,p2
0,0,,differentiation,True,nvidia/NVIDIA-Nemotron-Labs-3-Puzzle-75B-A9B-NVFP4,p2
0,0,,differentiation,True,nvidia/NVIDIA-Nemotron-Labs-3-Puzzle-75B-A9B-NVFP4,p2
1,1,,swear,True,nvidia/NVIDIA-Nemotron-Labs-3-Puzzle-75B-A9B-NVFP4,p2
1,1,,swear,True,nvidia/NVIDIA-Nemotron-Labs-3-Puzzle-75B-A9B-NVFP4,p2
0,0,,swear,True,nvidia/NVIDIA-Nemotron-Labs-3-Puzzle-75B-A9B-NVFP4,p2
0,0,,swear,True,nvidia/NVIDIA-Nemotron-Labs-3-Puzzle-75B-A9B-NVFP4,p2
0,1,,swear,False,nvidia/NVIDIA-Nemotron-Labs-3-Puzzle-75B-A9B-NVFP4,p2
0,0,,swear,True,nvidia/NVIDIA-Nemotron-Labs-3-Puzzle-75B-A9B-NVFP4,p2
0,0,,swear,True,nvidia/NVIDIA-Nemotron-Labs-3-Puzzle-75B-A9B-NVFP4,p2
1,1,,clerical,True,nvidia/NVIDIA-Nemotron-Labs-3-Puzzle-75B-A9B-NVFP4,p2
0,0,,clerical,True,nvidia/NVIDIA-Nemotron-Labs-3-Puzzle-75B-A9B-NVFP4,p2
1,1,,originality,True,nvidia/NVIDIA-Nemotron-Labs-3-Puzzle-75B-A9B-NVFP4,p2
1,1,,originality,True,nvidia/NVIDIA-Nemotron-Labs-3-Puzzle-75B-A9B-NVFP4,p2
0,1,,originality,False,nvidia/NVIDIA-Nemotron-Labs-3-Puzzle-75B-A9B-NVFP4,p2
1,1,,warm,True,nvidia/NVIDIA-Nemotron-Labs-3-Puzzle-75B-A9B-NVFP4,p2
1,1,,commence,True,nvidia/NVIDIA-Nemotron-Labs-3-Puzzle-75B-A9B-NVFP4,p2
1,1,,commence,True,nvidia/NVIDIA-Nemotron-Labs-3-Puzzle-75B-A9B-NVFP4,p2
0,1,,commence,False,nvidia/NVIDIA-Nemotron-Labs-3-Puzzle-75B-A9B-NVFP4,p2
1,0,,outburst,False,nvidia/NVIDIA-Nemotron-Labs-3-Puzzle-75B-A9B-NVFP4,p2
1,1,,outburst,True,nvidia/NVIDIA-Nemotron-Labs-3-Puzzle-75B-A9B-NVFP4,p2
0,1,,outburst,False,nvidia/NVIDIA-Nemotron-Labs-3-Puzzle-75B-A9B-NVFP4,p2
0,1,,outburst,False,nvidia/NVIDIA-Nemotron-Labs-3-Puzzle-75B-A9B-NVFP4,p2
0,0,,outburst,True,nvidia/NVIDIA-Nemotron-Labs-3-Puzzle-75B-A9B-NVFP4,p2
1,1,,hardware,True,nvidia/NVIDIA-Nemotron-Labs-3-Puzzle-75B-A9B-NVFP4,p2
1,1,,hardware,True,nvidia/NVIDIA-Nemotron-Labs-3-Puzzle-75B-A9B-NVFP4,p2
0,0,,hardware,True,nvidia/NVIDIA-Nemotron-Labs-3-Puzzle-75B-A9B-NVFP4,p2
0,0,,hardware,True,nvidia/NVIDIA-Nemotron-Labs-3-Puzzle-75B-A9B-NVFP4,p2
1,1,,implement,True,nvidia/NVIDIA-Nemotron-Labs-3-Puzzle-75B-A9B-NVFP4,p2
1,1,,implement,True,nvidia/NVIDIA-Nemotron-Labs-3-Puzzle-75B-A9B-NVFP4,p2
0,1,,implement,False,nvidia/NVIDIA-Nemotron-Labs-3-Puzzle-75B-A9B-NVFP4,p2
1,1,,pledge,True,nvidia/NVIDIA-Nemotron-Labs-3-Puzzle-75B-A9B-NVFP4,p2
1,1,,pledge,True,nvidia/NVIDIA-Nemotron-Labs-3-Puzzle-75B-A9B-NVFP4,p2
1,1,,pledge,True,nvidia/NVIDIA-Nemotron-Labs-3-Puzzle-75B-A9B-NVFP4,p2
0,0,,pledge,True,nvidia/NVIDIA-Nemotron-Labs-3-Puzzle-75B-A9B-NVFP4,p2
0,0,,pledge,True,nvidia/NVIDIA-Nemotron-Labs-3-Puzzle-75B-A9B-NVFP4,p2
0,0,,pledge,True,nvidia/NVIDIA-Nemotron-Labs-3-Puzzle-75B-A9B-NVFP4,p2
0,0,,pledge,True,nvidia/NVIDIA-Nemotron-Labs-3-Puzzle-75B-A9B-NVFP4,p2
0,0,,pledge,True,nvidia/NVIDIA-Nemotron-Labs-3-Puzzle-75B-A9B-NVFP4,p2
0,0,,pledge,True,nvidia/NVIDIA-Nemotron-Labs-3-Puzzle-75B-A9B-NVFP4,p2
0,1,,pledge,False,nvidia/NVIDIA-Nemotron-Labs-3-Puzzle-75B-A9B-NVFP4,p2
1,1,,glory,True,nvidia/NVIDIA-Nemotron-Labs-3-Puzzle-75B-A9B-NVFP4,p2
0,1,,glory,False,nvidia/NVIDIA-Nemotron-Labs-3-Puzzle-75B-A9B-NVFP4,p2
0,0,,glory,True,nvidia/NVIDIA-Nemotron-Labs-3-Puzzle-75B-A9B-NVFP4,p2
1,1,,stroke,True,nvidia/NVIDIA-Nemotron-Labs-3-Puzzle-75B-A9B-NVFP4,p2
1,1,,stroke,True,nvidia/NVIDIA-Nemotron-Labs-3-Puzzle-75B-A9B-NVFP4,p2
1,1,,stroke,True,nvidia/NVIDIA-Nemotron-Labs-3-Puzzle-75B-A9B-NVFP4,p2
1,1,,stroke,True,nvidia/NVIDIA-Nemotron-Labs-3-Puzzle-75B-A9B-NVFP4,p2
1,0,,stroke,False,nvidia/NVIDIA-Nemotron-Labs-3-Puzzle-75B-A9B-NVFP4,p2
0,0,,stroke,True,nvidia/NVIDIA-Nemotron-Labs-3-Puzzle-75B-A9B-NVFP4,p2
0,0,,stroke,True,nvidia/NVIDIA-Nemotron-Labs-3-Puzzle-75B-A9B-NVFP4,p2
0,0,,stroke,True,nvidia/NVIDIA-Nemotron-Labs-3-Puzzle-75B-A9B-NVFP4,p2
0,0,,stroke,True,nvidia/NVIDIA-Nemotron-Labs-3-Puzzle-75B-A9B-NVFP4,p2
0,0,,stroke,True,nvidia/NVIDIA-Nemotron-Labs-3-Puzzle-75B-A9B-NVFP4,p2
0,0,,stroke,True,nvidia/NVIDIA-Nemotron-Labs-3-Puzzle-75B-A9B-NVFP4,p2
0,0,,stroke,True,nvidia/NVIDIA-Nemotron-Labs-3-Puzzle-75B-A9B-NVFP4,p2
1,1,,heave,True,nvidia/NVIDIA-Nemotron-Labs-3-Puzzle-75B-A9B-NVFP4,p2
1,1,,heave,True,nvidia/NVIDIA-Nemotron-Labs-3-Puzzle-75B-A9B-NVFP4,p2
1,1,,heave,True,nvidia/NVIDIA-Nemotron-Labs-3-Puzzle-75B-A9B-NVFP4,p2
1,1,,heave,True,nvidia/NVIDIA-Nemotron-Labs-3-Puzzle-75B-A9B-NVFP4,p2
0,0,,heave,True,nvidia/NVIDIA-Nemotron-Labs-3-Puzzle-75B-A9B-NVFP4,p2
0,0,,heave,True,nvidia/NVIDIA-Nemotron-Labs-3-Puzzle-75B-A9B-NVFP4,p2
0,1,,heave,False,nvidia/NVIDIA-Nemotron-Labs-3-Puzzle-75B-A9B-NVFP4,p2
0,0,,heave,True,nvidia/NVIDIA-Nemotron-Labs-3-Puzzle-75B-A9B-NVFP4,p2
0,0,,heave,True,nvidia/NVIDIA-Nemotron-Labs-3-Puzzle-75B-A9B-NVFP4,p2
1,1,,stabilize,True,nvidia/NVIDIA-Nemotron-Labs-3-Puzzle-75B-A9B-NVFP4,p2
1,1,,stabilize,True,nvidia/NVIDIA-Nemotron-Labs-3-Puzzle-75B-A9B-NVFP4,p2
0,1,,stabilize,False,nvidia/NVIDIA-Nemotron-Labs-3-Puzzle-75B-A9B-NVFP4,p2
1,1,,jack,True,nvidia/NVIDIA-Nemotron-Labs-3-Puzzle-75B-A9B-NVFP4,p2
1,1,,jack,True,nvidia/NVIDIA-Nemotron-Labs-3-Puzzle-75B-A9B-NVFP4,p2
1,1,,jack,True,nvidia/NVIDIA-Nemotron-Labs-3-Puzzle-75B-A9B-NVFP4,p2
1,1,,jack,True,nvidia/NVIDIA-Nemotron-Labs-3-Puzzle-75B-A9B-NVFP4,p2
1,1,,jack,True,nvidia/NVIDIA-Nemotron-Labs-3-Puzzle-75B-A9B-NVFP4,p2
1,1,,jack,True,nvidia/NVIDIA-Nemotron-Labs-3-Puzzle-75B-A9B-NVFP4,p2
0,0,,jack,True,nvidia/NVIDIA-Nemotron-Labs-3-Puzzle-75B-A9B-NVFP4,p2
0,0,,jack,True,nvidia/NVIDIA-Nemotron-Labs-3-Puzzle-75B-A9B-NVFP4,p2
0,0,,jack,True,nvidia/NVIDIA-Nemotron-Labs-3-Puzzle-75B-A9B-NVFP4,p2
0,0,,jack,True,nvidia/NVIDIA-Nemotron-Labs-3-Puzzle-75B-A9B-NVFP4,p2
0,0,,jack,True,nvidia/NVIDIA-Nemotron-Labs-3-Puzzle-75B-A9B-NVFP4,p2
0,0,,jack,True,nvidia/NVIDIA-Nemotron-Labs-3-Puzzle-75B-A9B-NVFP4,p2
0,0,,jack,True,nvidia/NVIDIA-Nemotron-Labs-3-Puzzle-75B-A9B-NVFP4,p2
0,0,,jack,True,nvidia/NVIDIA-Nemotron-Labs-3-Puzzle-75B-A9B-NVFP4,p2
0,0,,jack,True,nvidia/NVIDIA-Nemotron-Labs-3-Puzzle-75B-A9B-NVFP4,p2
1,1,,drunk,True,nvidia/NVIDIA-Nemotron-Labs-3-Puzzle-75B-A9B-NVFP4,p2
0,1,,drunk,False,nvidia/NVIDIA-Nemotron-Labs-3-Puzzle-75B-A9B-NVFP4,p2
0,1,,drunk,False,nvidia/NVIDIA-Nemotron-Labs-3-Puzzle-75B-A9B-NVFP4,p2
1,1,,breadth,True,nvidia/NVIDIA-Nemotron-Labs-3-Puzzle-75B-A9B-NVFP4,p2
0,0,,breadth,True,nvidia/NVIDIA-Nemotron-Labs-3-Puzzle-75B-A9B-NVFP4,p2
0,0,,breadth,True,nvidia/NVIDIA-Nemotron-Labs-3-Puzzle-75B-A9B-NVFP4,p2
1,1,,shaggy,True,nvidia/NVIDIA-Nemotron-Labs-3-Puzzle-75B-A9B-NVFP4,p2
0,1,,shaggy,False,nvidia/NVIDIA-Nemotron-Labs-3-Puzzle-75B-A9B-NVFP4,p2
0,1,,oppressive,False,nvidia/NVIDIA-Nemotron-Labs-3-Puzzle-75B-A9B-NVFP4,p2
0,0,,oppressive,True,nvidia/NVIDIA-Nemotron-Labs-3-Puzzle-75B-A9B-NVFP4,p2
1,1,,tangible,True,nvidia/NVIDIA-Nemotron-Labs-3-Puzzle-75B-A9B-NVFP4,p2
1,1,,tangible,True,nvidia/NVIDIA-Nemotron-Labs-3-Puzzle-75B-A9B-NVFP4,p2
0,1,,tangible,False,nvidia/NVIDIA-Nemotron-Labs-3-Puzzle-75B-A9B-NVFP4,p2
0,1,,tangible,False,nvidia/NVIDIA-Nemotron-Labs-3-Puzzle-75B-A9B-NVFP4,p2
0,1,,tangible,False,nvidia/NVIDIA-Nemotron-Labs-3-Puzzle-75B-A9B-NVFP4,p2
0,1,,tangible,False,nvidia/NVIDIA-Nemotron-Labs-3-Puzzle-75B-A9B-NVFP4,p2
1,1,,appointed,True,nvidia/NVIDIA-Nemotron-Labs-3-Puzzle-75B-A9B-NVFP4,p2
1,1,,appointed,True,nvidia/NVIDIA-Nemotron-Labs-3-Puzzle-75B-A9B-NVFP4,p2
1,1,,appointed,True,nvidia/NVIDIA-Nemotron-Labs-3-Puzzle-75B-A9B-NVFP4,p2
1,1,,appointed,True,nvidia/NVIDIA-Nemotron-Labs-3-Puzzle-75B-A9B-NVFP4,p2
0,0,,appointed,True,nvidia/NVIDIA-Nemotron-Labs-3-Puzzle-75B-A9B-NVFP4,p2
1,1,,paddle,True,nvidia/NVIDIA-Nemotron-Labs-3-Puzzle-75B-A9B-NVFP4,p2
1,1,,paddle,True,nvidia/NVIDIA-Nemotron-Labs-3-Puzzle-75B-A9B-NVFP4,p2
0,0,,paddle,True,nvidia/NVIDIA-Nemotron-Labs-3-Puzzle-75B-A9B-NVFP4,p2
0,0,,paddle,True,nvidia/NVIDIA-Nemotron-Labs-3-Puzzle-75B-A9B-NVFP4,p2
0,0,,paddle,True,nvidia/NVIDIA-Nemotron-Labs-3-Puzzle-75B-A9B-NVFP4,p2
1,1,,consecutive,True,nvidia/NVIDIA-Nemotron-Labs-3-Puzzle-75B-A9B-NVFP4,p2
0,1,,consecutive,False,nvidia/NVIDIA-Nemotron-Labs-3-Puzzle-75B-A9B-NVFP4,p2
1,1,,ginger,True,nvidia/NVIDIA-Nemotron-Labs-3-Puzzle-75B-A9B-NVFP4,p2
0,0,,ginger,True,nvidia/NVIDIA-Nemotron-Labs-3-Puzzle-75B-A9B-NVFP4,p2
0,0,,ginger,True,nvidia/NVIDIA-Nemotron-Labs-3-Puzzle-75B-A9B-NVFP4,p2
1,1,,legitimate,True,nvidia/NVIDIA-Nemotron-Labs-3-Puzzle-75B-A9B-NVFP4,p2
1,1,,legitimate,True,nvidia/NVIDIA-Nemotron-Labs-3-Puzzle-75B-A9B-NVFP4,p2
0,0,,legitimate,True,nvidia/NVIDIA-Nemotron-Labs-3-Puzzle-75B-A9B-NVFP4,p2
0,0,,legitimate,True,nvidia/NVIDIA-Nemotron-Labs-3-Puzzle-75B-A9B-NVFP4,p2
0,0,,legitimate,True,nvidia/NVIDIA-Nemotron-Labs-3-Puzzle-75B-A9B-NVFP4,p2
1,1,,carrot,True,nvidia/NVIDIA-Nemotron-Labs-3-Puzzle-75B-A9B-NVFP4,p2
0,1,,carrot,False,nvidia/NVIDIA-Nemotron-Labs-3-Puzzle-75B-A9B-NVFP4,p2
0,1,,carrot,False,nvidia/NVIDIA-Nemotron-Labs-3-Puzzle-75B-A9B-NVFP4,p2
0,0,,carrot,True,nvidia/NVIDIA-Nemotron-Labs-3-Puzzle-75B-A9B-NVFP4,p2
1,1,,tease,True,nvidia/NVIDIA-Nemotron-Labs-3-Puzzle-75B-A9B-NVFP4,p2
1,1,,tease,True,nvidia/NVIDIA-Nemotron-Labs-3-Puzzle-75B-A9B-NVFP4,p2
1,1,,tease,True,nvidia/NVIDIA-Nemotron-Labs-3-Puzzle-75B-A9B-NVFP4,p2
1,1,,tease,True,nvidia/NVIDIA-Nemotron-Labs-3-Puzzle-75B-A9B-NVFP4,p2
1,1,,tease,True,nvidia/NVIDIA-Nemotron-Labs-3-Puzzle-75B-A9B-NVFP4,p2
0,0,,tease,True,nvidia/NVIDIA-Nemotron-Labs-3-Puzzle-75B-A9B-NVFP4,p2
0,0,,tease,True,nvidia/NVIDIA-Nemotron-Labs-3-Puzzle-75B-A9B-NVFP4,p2
0,0,,tease,True,nvidia/NVIDIA-Nemotron-Labs-3-Puzzle-75B-A9B-NVFP4,p2
0,0,,tease,True,nvidia/NVIDIA-Nemotron-Labs-3-Puzzle-75B-A9B-NVFP4,p2
0,0,,tease,True,nvidia/NVIDIA-Nemotron-Labs-3-Puzzle-75B-A9B-NVFP4,p2
1,1,,engagement,True,nvidia/NVIDIA-Nemotron-Labs-3-Puzzle-75B-A9B-NVFP4,p2
1,1,,engagement,True,nvidia/NVIDIA-Nemotron-Labs-3-Puzzle-75B-A9B-NVFP4,p2
1,1,,engagement,True,nvidia/NVIDIA-Nemotron-Labs-3-Puzzle-75B-A9B-NVFP4,p2
1,1,,engagement,True,nvidia/NVIDIA-Nemotron-Labs-3-Puzzle-75B-A9B-NVFP4,p2
1,1,,engagement,True,nvidia/NVIDIA-Nemotron-Labs-3-Puzzle-75B-A9B-NVFP4,p2
0,0,,engagement,True,nvidia/NVIDIA-Nemotron-Labs-3-Puzzle-75B-A9B-NVFP4,p2
0,0,,engagement,True,nvidia/NVIDIA-Nemotron-Labs-3-Puzzle-75B-A9B-NVFP4,p2
0,0,,engagement,True,nvidia/NVIDIA-Nemotron-Labs-3-Puzzle-75B-A9B-NVFP4,p2
0,0,,engagement,True,nvidia/NVIDIA-Nemotron-Labs-3-Puzzle-75B-A9B-NVFP4,p2
1,1,,providence,True,nvidia/NVIDIA-Nemotron-Labs-3-Puzzle-75B-A9B-NVFP4,p2
0,0,,providence,True,nvidia/NVIDIA-Nemotron-Labs-3-Puzzle-75B-A9B-NVFP4,p2
0,0,,providence,True,nvidia/NVIDIA-Nemotron-Labs-3-Puzzle-75B-A9B-NVFP4,p2
0,0,,providence,True,nvidia/NVIDIA-Nemotron-Labs-3-Puzzle-75B-A9B-NVFP4,p2
0,0,,providence,True,nvidia/NVIDIA-Nemotron-Labs-3-Puzzle-75B-A9B-NVFP4,p2
1,1,,operational,True,nvidia/NVIDIA-Nemotron-Labs-3-Puzzle-75B-A9B-NVFP4,p2
0,1,,operational,False,nvidia/NVIDIA-Nemotron-Labs-3-Puzzle-75B-A9B-NVFP4,p2
0,0,,operational,True,nvidia/NVIDIA-Nemotron-Labs-3-Puzzle-75B-A9B-NVFP4,p2
1,1,,revelation,True,nvidia/NVIDIA-Nemotron-Labs-3-Puzzle-75B-A9B-NVFP4,p2
1,1,,revelation,True,nvidia/NVIDIA-Nemotron-Labs-3-Puzzle-75B-A9B-NVFP4,p2
1,1,,revelation,True,nvidia/NVIDIA-Nemotron-Labs-3-Puzzle-75B-A9B-NVFP4,p2
1,1,,revelation,True,nvidia/NVIDIA-Nemotron-Labs-3-Puzzle-75B-A9B-NVFP4,p2
0,0,,revelation,True,nvidia/NVIDIA-Nemotron-Labs-3-Puzzle-75B-A9B-NVFP4,p2
0,1,,revelation,False,nvidia/NVIDIA-Nemotron-Labs-3-Puzzle-75B-A9B-NVFP4,p2
0,1,,revelation,False,nvidia/NVIDIA-Nemotron-Labs-3-Puzzle-75B-A9B-NVFP4,p2
0,0,,revelation,True,nvidia/NVIDIA-Nemotron-Labs-3-Puzzle-75B-A9B-NVFP4,p2
1,1,,spindle,True,nvidia/NVIDIA-Nemotron-Labs-3-Puzzle-75B-A9B-NVFP4,p2
1,1,,spindle,True,nvidia/NVIDIA-Nemotron-Labs-3-Puzzle-75B-A9B-NVFP4,p2
0,0,,spindle,True,nvidia/NVIDIA-Nemotron-Labs-3-Puzzle-75B-A9B-NVFP4,p2
0,1,,spindle,False,nvidia/NVIDIA-Nemotron-Labs-3-Puzzle-75B-A9B-NVFP4,p2
0,0,,spindle,True,nvidia/NVIDIA-Nemotron-Labs-3-Puzzle-75B-A9B-NVFP4,p2
1,0,,run_out,False,nvidia/NVIDIA-Nemotron-Labs-3-Puzzle-75B-A9B-NVFP4,p2
0,1,,run_out,False,nvidia/NVIDIA-Nemotron-Labs-3-Puzzle-75B-A9B-NVFP4,p2
0,0,,run_out,True,nvidia/NVIDIA-Nemotron-Labs-3-Puzzle-75B-A9B-NVFP4,p2
0,0,,run_out,True,nvidia/NVIDIA-Nemotron-Labs-3-Puzzle-75B-A9B-NVFP4,p2
0,0,,run_out,True,nvidia/NVIDIA-Nemotron-Labs-3-Puzzle-75B-A9B-NVFP4,p2
1,1,,restoration,True,nvidia/NVIDIA-Nemotron-Labs-3-Puzzle-75B-A9B-NVFP4,p2
1,1,,restoration,True,nvidia/NVIDIA-Nemotron-Labs-3-Puzzle-75B-A9B-NVFP4,p2
0,1,,restoration,False,nvidia/NVIDIA-Nemotron-Labs-3-Puzzle-75B-A9B-NVFP4,p2
0,1,,restoration,False,nvidia/NVIDIA-Nemotron-Labs-3-Puzzle-75B-A9B-NVFP4,p2
1,1,,ordain,True,nvidia/NVIDIA-Nemotron-Labs-3-Puzzle-75B-A9B-NVFP4,p2
1,1,,ordain,True,nvidia/NVIDIA-Nemotron-Labs-3-Puzzle-75B-A9B-NVFP4,p2
1,1,,ordain,True,nvidia/NVIDIA-Nemotron-Labs-3-Puzzle-75B-A9B-NVFP4,p2
1,1,,ordain,True,nvidia/NVIDIA-Nemotron-Labs-3-Puzzle-75B-A9B-NVFP4,p2
0,1,,ordain,False,nvidia/NVIDIA-Nemotron-Labs-3-Puzzle-75B-A9B-NVFP4,p2
0,0,,ordain,True,nvidia/NVIDIA-Nemotron-Labs-3-Puzzle-75B-A9B-NVFP4,p2
0,0,,ordain,True,nvidia/NVIDIA-Nemotron-Labs-3-Puzzle-75B-A9B-NVFP4,p2
0,0,,ordain,True,nvidia/NVIDIA-Nemotron-Labs-3-Puzzle-75B-A9B-NVFP4,p2
1,1,,string,True,nvidia/NVIDIA-Nemotron-Labs-3-Puzzle-75B-A9B-NVFP4,p2
1,1,,string,True,nvidia/NVIDIA-Nemotron-Labs-3-Puzzle-75B-A9B-NVFP4,p2
0,1,,string,False,nvidia/NVIDIA-Nemotron-Labs-3-Puzzle-75B-A9B-NVFP4,p2
0,1,,string,False,nvidia/NVIDIA-Nemotron-Labs-3-Puzzle-75B-A9B-NVFP4,p2
0,1,,string,False,nvidia/NVIDIA-Nemotron-Labs-3-Puzzle-75B-A9B-NVFP4,p2
0,1,,string,False,nvidia/NVIDIA-Nemotron-Labs-3-Puzzle-75B-A9B-NVFP4,p2
0,1,,string,False,nvidia/NVIDIA-Nemotron-Labs-3-Puzzle-75B-A9B-NVFP4,p2
1,1,,reform,True,nvidia/NVIDIA-Nemotron-Labs-3-Puzzle-75B-A9B-NVFP4,p2
1,0,,reform,False,nvidia/NVIDIA-Nemotron-Labs-3-Puzzle-75B-A9B-NVFP4,p2
1,1,,reform,True,nvidia/NVIDIA-Nemotron-Labs-3-Puzzle-75B-A9B-NVFP4,p2
0,0,,reform,True,nvidia/NVIDIA-Nemotron-Labs-3-Puzzle-75B-A9B-NVFP4,p2
0,1,,reform,False,nvidia/NVIDIA-Nemotron-Labs-3-Puzzle-75B-A9B-NVFP4,p2
0,0,,reform,True,nvidia/NVIDIA-Nemotron-Labs-3-Puzzle-75B-A9B-NVFP4,p2
1,1,,blast,True,nvidia/NVIDIA-Nemotron-Labs-3-Puzzle-75B-A9B-NVFP4,p2
1,1,,blast,True,nvidia/NVIDIA-Nemotron-Labs-3-Puzzle-75B-A9B-NVFP4,p2
1,1,,blast,True,nvidia/NVIDIA-Nemotron-Labs-3-Puzzle-75B-A9B-NVFP4,p2
1,1,,blast,True,nvidia/NVIDIA-Nemotron-Labs-3-Puzzle-75B-A9B-NVFP4,p2
1,1,,blast,True,nvidia/NVIDIA-Nemotron-Labs-3-Puzzle-75B-A9B-NVFP4,p2
1,1,,blast,True,nvidia/NVIDIA-Nemotron-Labs-3-Puzzle-75B-A9B-NVFP4,p2
0,1,,blast,False,nvidia/NVIDIA-Nemotron-Labs-3-Puzzle-75B-A9B-NVFP4,p2
0,0,,blast,True,nvidia/NVIDIA-Nemotron-Labs-3-Puzzle-75B-A9B-NVFP4,p2
0,0,,blast,True,nvidia/NVIDIA-Nemotron-Labs-3-Puzzle-75B-A9B-NVFP4,p2
0,1,,blast,False,nvidia/NVIDIA-Nemotron-Labs-3-Puzzle-75B-A9B-NVFP4,p2
0,0,,blast,True,nvidia/NVIDIA-Nemotron-Labs-3-Puzzle-75B-A9B-NVFP4,p2
0,0,,blast,True,nvidia/NVIDIA-Nemotron-Labs-3-Puzzle-75B-A9B-NVFP4,p2
0,0,,blast,True,nvidia/NVIDIA-Nemotron-Labs-3-Puzzle-75B-A9B-NVFP4,p2
0,0,,blast,True,nvidia/NVIDIA-Nemotron-Labs-3-Puzzle-75B-A9B-NVFP4,p2
0,0,,blast,True,nvidia/NVIDIA-Nemotron-Labs-3-Puzzle-75B-A9B-NVFP4,p2
1,1,,turn_up,True,nvidia/NVIDIA-Nemotron-Labs-3-Puzzle-75B-A9B-NVFP4,p2
1,1,,turn_up,True,nvidia/NVIDIA-Nemotron-Labs-3-Puzzle-75B-A9B-NVFP4,p2
1,1,,turn_up,True,nvidia/NVIDIA-Nemotron-Labs-3-Puzzle-75B-A9B-NVFP4,p2
1,1,,turn_up,True,nvidia/NVIDIA-Nemotron-Labs-3-Puzzle-75B-A9B-NVFP4,p2
0,1,,turn_up,False,nvidia/NVIDIA-Nemotron-Labs-3-Puzzle-75B-A9B-NVFP4,p2
0,0,,turn_up,True,nvidia/NVIDIA-Nemotron-Labs-3-Puzzle-75B-A9B-NVFP4,p2
0,0,,turn_up,True,nvidia/NVIDIA-Nemotron-Labs-3-Puzzle-75B-A9B-NVFP4,p2
1,1,,defy,True,nvidia/NVIDIA-Nemotron-Labs-3-Puzzle-75B-A9B-NVFP4,p2
0,1,,defy,False,nvidia/NVIDIA-Nemotron-Labs-3-Puzzle-75B-A9B-NVFP4,p2
0,1,,defy,False,nvidia/NVIDIA-Nemotron-Labs-3-Puzzle-75B-A9B-NVFP4,p2
1,0,,balsam,False,nvidia/NVIDIA-Nemotron-Labs-3-Puzzle-75B-A9B-NVFP4,p2
1,1,,balsam,True,nvidia/NVIDIA-Nemotron-Labs-3-Puzzle-75B-A9B-NVFP4,p2
1,1,,balsam,True,nvidia/NVIDIA-Nemotron-Labs-3-Puzzle-75B-A9B-NVFP4,p2
0,0,,balsam,True,nvidia/NVIDIA-Nemotron-Labs-3-Puzzle-75B-A9B-NVFP4,p2
0,0,,balsam,True,nvidia/NVIDIA-Nemotron-Labs-3-Puzzle-75B-A9B-NVFP4,p2
0,0,,balsam,True,nvidia/NVIDIA-Nemotron-Labs-3-Puzzle-75B-A9B-NVFP4,p2
1,1,,unfavorable,True,nvidia/NVIDIA-Nemotron-Labs-3-Puzzle-75B-A9B-NVFP4,p2
0,1,,unfavorable,False,nvidia/NVIDIA-Nemotron-Labs-3-Puzzle-75B-A9B-NVFP4,p2
0,0,,tremor,True,nvidia/NVIDIA-Nemotron-Labs-3-Puzzle-75B-A9B-NVFP4,p2
1,1,,apprehend,True,nvidia/NVIDIA-Nemotron-Labs-3-Puzzle-75B-A9B-NVFP4,p2
0,0,,apprehend,True,nvidia/NVIDIA-Nemotron-Labs-3-Puzzle-75B-A9B-NVFP4,p2
0,0,,apprehend,True,nvidia/NVIDIA-Nemotron-Labs-3-Puzzle-75B-A9B-NVFP4,p2
1,1,,concealment,True,nvidia/NVIDIA-Nemotron-Labs-3-Puzzle-75B-A9B-NVFP4,p2
1,1,,concealment,True,nvidia/NVIDIA-Nemotron-Labs-3-Puzzle-75B-A9B-NVFP4,p2
0,1,,concealment,False,nvidia/NVIDIA-Nemotron-Labs-3-Puzzle-75B-A9B-NVFP4,p2
0,0,,concealment,True,nvidia/NVIDIA-Nemotron-Labs-3-Puzzle-75B-A9B-NVFP4,p2
0,1,,concealment,False,nvidia/NVIDIA-Nemotron-Labs-3-Puzzle-75B-A9B-NVFP4,p2
1,1,,fuse,True,nvidia/NVIDIA-Nemotron-Labs-3-Puzzle-75B-A9B-NVFP4,p2
0,0,,fuse,True,nvidia/NVIDIA-Nemotron-Labs-3-Puzzle-75B-A9B-NVFP4,p2
0,0,,fuse,True,nvidia/NVIDIA-Nemotron-Labs-3-Puzzle-75B-A9B-NVFP4,p2
1,1,,borough,True,nvidia/NVIDIA-Nemotron-Labs-3-Puzzle-75B-A9B-NVFP4,p2
0,1,,borough,False,nvidia/NVIDIA-Nemotron-Labs-3-Puzzle-75B-A9B-NVFP4,p2
1,1,,bombing,True,nvidia/NVIDIA-Nemotron-Labs-3-Puzzle-75B-A9B-NVFP4,p2
1,1,,bombing,True,nvidia/NVIDIA-Nemotron-Labs-3-Puzzle-75B-A9B-NVFP4,p2
0,1,,bombing,False,nvidia/NVIDIA-Nemotron-Labs-3-Puzzle-75B-A9B-NVFP4,p2
0,1,,bombing,False,nvidia/NVIDIA-Nemotron-Labs-3-Puzzle-75B-A9B-NVFP4,p2
0,1,,yugoslavia,False,nvidia/NVIDIA-Nemotron-Labs-3-Puzzle-75B-A9B-NVFP4,p2
1,0,,thickened,False,nvidia/NVIDIA-Nemotron-Labs-3-Puzzle-75B-A9B-NVFP4,p2
1,1,,thickened,True,nvidia/NVIDIA-Nemotron-Labs-3-Puzzle-75B-A9B-NVFP4,p2
1,1,,thickened,True,nvidia/NVIDIA-Nemotron-Labs-3-Puzzle-75B-A9B-NVFP4,p2
0,0,,thickened,True,nvidia/NVIDIA-Nemotron-Labs-3-Puzzle-75B-A9B-NVFP4,p2
0,1,,thickened,False,nvidia/NVIDIA-Nemotron-Labs-3-Puzzle-75B-A9B-NVFP4,p2
0,0,,thickened,True,nvidia/NVIDIA-Nemotron-Labs-3-Puzzle-75B-A9B-NVFP4,p2
1,0,,chloride,False,nvidia/NVIDIA-Nemotron-Labs-3-Puzzle-75B-A9B-NVFP4,p2
0,0,,chloride,True,nvidia/NVIDIA-Nemotron-Labs-3-Puzzle-75B-A9B-NVFP4,p2
1,1,,citizenship,True,nvidia/NVIDIA-Nemotron-Labs-3-Puzzle-75B-A9B-NVFP4,p2
0,0,,citizenship,True,nvidia/NVIDIA-Nemotron-Labs-3-Puzzle-75B-A9B-NVFP4,p2
0,0,,citizenship,True,nvidia/NVIDIA-Nemotron-Labs-3-Puzzle-75B-A9B-NVFP4,p2
1,1,,appliance,True,nvidia/NVIDIA-Nemotron-Labs-3-Puzzle-75B-A9B-NVFP4,p2
0,1,,appliance,False,nvidia/NVIDIA-Nemotron-Labs-3-Puzzle-75B-A9B-NVFP4,p2
0,1,,appliance,False,nvidia/NVIDIA-Nemotron-Labs-3-Puzzle-75B-A9B-NVFP4,p2
0,1,,quantifier,False,nvidia/NVIDIA-Nemotron-Labs-3-Puzzle-75B-A9B-NVFP4,p2
0,1,,quantifier,False,nvidia/NVIDIA-Nemotron-Labs-3-Puzzle-75B-A9B-NVFP4,p2
1,1,,initiate,True,nvidia/NVIDIA-Nemotron-Labs-3-Puzzle-75B-A9B-NVFP4,p2
1,1,,initiate,True,nvidia/NVIDIA-Nemotron-Labs-3-Puzzle-75B-A9B-NVFP4,p2
1,1,,initiate,True,nvidia/NVIDIA-Nemotron-Labs-3-Puzzle-75B-A9B-NVFP4,p2
0,1,,initiate,False,nvidia/NVIDIA-Nemotron-Labs-3-Puzzle-75B-A9B-NVFP4,p2
0,1,,initiate,False,nvidia/NVIDIA-Nemotron-Labs-3-Puzzle-75B-A9B-NVFP4,p2
0,0,,initiate,True,nvidia/NVIDIA-Nemotron-Labs-3-Puzzle-75B-A9B-NVFP4,p2
0,1,,initiate,False,nvidia/NVIDIA-Nemotron-Labs-3-Puzzle-75B-A9B-NVFP4,p2
1,1,,tip,True,nvidia/NVIDIA-Nemotron-Labs-3-Puzzle-75B-A9B-NVFP4,p2
0,1,,tip,False,nvidia/NVIDIA-Nemotron-Labs-3-Puzzle-75B-A9B-NVFP4,p2
0,0,,tip,True,nvidia/NVIDIA-Nemotron-Labs-3-Puzzle-75B-A9B-NVFP4,p2
1,1,,casing,True,nvidia/NVIDIA-Nemotron-Labs-3-Puzzle-75B-A9B-NVFP4,p2
0,0,,casing,True,nvidia/NVIDIA-Nemotron-Labs-3-Puzzle-75B-A9B-NVFP4,p2
1,1,,coconut,True,nvidia/NVIDIA-Nemotron-Labs-3-Puzzle-75B-A9B-NVFP4,p2
1,1,,blind,True,nvidia/NVIDIA-Nemotron-Labs-3-Puzzle-75B-A9B-NVFP4,p2
1,1,,blind,True,nvidia/NVIDIA-Nemotron-Labs-3-Puzzle-75B-A9B-NVFP4,p2
1,1,,blind,True,nvidia/NVIDIA-Nemotron-Labs-3-Puzzle-75B-A9B-NVFP4,p2
0,1,,blind,False,nvidia/NVIDIA-Nemotron-Labs-3-Puzzle-75B-A9B-NVFP4,p2
0,0,,blind,True,nvidia/NVIDIA-Nemotron-Labs-3-Puzzle-75B-A9B-NVFP4,p2
0,0,,blind,True,nvidia/NVIDIA-Nemotron-Labs-3-Puzzle-75B-A9B-NVFP4,p2
1,1,,awaken,True,nvidia/NVIDIA-Nemotron-Labs-3-Puzzle-75B-A9B-NVFP4,p2
1,1,,awaken,True,nvidia/NVIDIA-Nemotron-Labs-3-Puzzle-75B-A9B-NVFP4,p2
0,1,,awaken,False,nvidia/NVIDIA-Nemotron-Labs-3-Puzzle-75B-A9B-NVFP4,p2
1,1,,contamination,True,nvidia/NVIDIA-Nemotron-Labs-3-Puzzle-75B-A9B-NVFP4,p2
0,1,,contamination,False,nvidia/NVIDIA-Nemotron-Labs-3-Puzzle-75B-A9B-NVFP4,p2
0,1,,contamination,False,nvidia/NVIDIA-Nemotron-Labs-3-Puzzle-75B-A9B-NVFP4,p2
0,0,,rotor,True,nvidia/NVIDIA-Nemotron-Labs-3-Puzzle-75B-A9B-NVFP4,p2
0,0,,rotor,True,nvidia/NVIDIA-Nemotron-Labs-3-Puzzle-75B-A9B-NVFP4,p2
1,1,,distort,True,nvidia/NVIDIA-Nemotron-Labs-3-Puzzle-75B-A9B-NVFP4,p2
0,1,,distort,False,nvidia/NVIDIA-Nemotron-Labs-3-Puzzle-75B-A9B-NVFP4,p2
1,1,,poetic,True,nvidia/NVIDIA-Nemotron-Labs-3-Puzzle-75B-A9B-NVFP4,p2
1,1,,poetic,True,nvidia/NVIDIA-Nemotron-Labs-3-Puzzle-75B-A9B-NVFP4,p2
1,1,,poetic,True,nvidia/NVIDIA-Nemotron-Labs-3-Puzzle-75B-A9B-NVFP4,p2
0,0,,poetic,True,nvidia/NVIDIA-Nemotron-Labs-3-Puzzle-75B-A9B-NVFP4,p2
0,0,,poetic,True,nvidia/NVIDIA-Nemotron-Labs-3-Puzzle-75B-A9B-NVFP4,p2
0,1,,poetic,False,nvidia/NVIDIA-Nemotron-Labs-3-Puzzle-75B-A9B-NVFP4,p2
1,1,,feeble,True,nvidia/NVIDIA-Nemotron-Labs-3-Puzzle-75B-A9B-NVFP4,p2
0,1,,feeble,False,nvidia/NVIDIA-Nemotron-Labs-3-Puzzle-75B-A9B-NVFP4,p2
0,1,,feeble,False,nvidia/NVIDIA-Nemotron-Labs-3-Puzzle-75B-A9B-NVFP4,p2
0,1,,feeble,False,nvidia/NVIDIA-Nemotron-Labs-3-Puzzle-75B-A9B-NVFP4,p2
1,1,,skim,True,nvidia/NVIDIA-Nemotron-Labs-3-Puzzle-75B-A9B-NVFP4,p2
1,1,,skim,True,nvidia/NVIDIA-Nemotron-Labs-3-Puzzle-75B-A9B-NVFP4,p2
0,0,,skim,True,nvidia/NVIDIA-Nemotron-Labs-3-Puzzle-75B-A9B-NVFP4,p2
0,1,,skim,False,nvidia/NVIDIA-Nemotron-Labs-3-Puzzle-75B-A9B-NVFP4,p2
0,0,,skim,True,nvidia/NVIDIA-Nemotron-Labs-3-Puzzle-75B-A9B-NVFP4,p2
0,0,,skim,True,nvidia/NVIDIA-Nemotron-Labs-3-Puzzle-75B-A9B-NVFP4,p2
1,1,,refine,True,nvidia/NVIDIA-Nemotron-Labs-3-Puzzle-75B-A9B-NVFP4,p2
0,0,,refine,True,nvidia/NVIDIA-Nemotron-Labs-3-Puzzle-75B-A9B-NVFP4,p2
0,1,,refine,False,nvidia/NVIDIA-Nemotron-Labs-3-Puzzle-75B-A9B-NVFP4,p2
1,1,,noble,True,nvidia/NVIDIA-Nemotron-Labs-3-Puzzle-75B-A9B-NVFP4,p2
1,1,,noble,True,nvidia/NVIDIA-Nemotron-Labs-3-Puzzle-75B-A9B-NVFP4,p2
1,1,,noble,True,nvidia/NVIDIA-Nemotron-Labs-3-Puzzle-75B-A9B-NVFP4,p2
0,0,,noble,True,nvidia/NVIDIA-Nemotron-Labs-3-Puzzle-75B-A9B-NVFP4,p2
0,0,,noble,True,nvidia/NVIDIA-Nemotron-Labs-3-Puzzle-75B-A9B-NVFP4,p2
0,0,,noble,True,nvidia/NVIDIA-Nemotron-Labs-3-Puzzle-75B-A9B-NVFP4,p2
0,0,,noble,True,nvidia/NVIDIA-Nemotron-Labs-3-Puzzle-75B-A9B-NVFP4,p2
1,1,,complication,True,nvidia/NVIDIA-Nemotron-Labs-3-Puzzle-75B-A9B-NVFP4,p2
1,1,,complication,True,nvidia/NVIDIA-Nemotron-Labs-3-Puzzle-75B-A9B-NVFP4,p2
0,0,,complication,True,nvidia/NVIDIA-Nemotron-Labs-3-Puzzle-75B-A9B-NVFP4,p2
0,1,,complication,False,nvidia/NVIDIA-Nemotron-Labs-3-Puzzle-75B-A9B-NVFP4,p2
0,0,,complication,True,nvidia/NVIDIA-Nemotron-Labs-3-Puzzle-75B-A9B-NVFP4,p2
1,1,,mask,True,nvidia/NVIDIA-Nemotron-Labs-3-Puzzle-75B-A9B-NVFP4,p2
1,1,,mask,True,nvidia/NVIDIA-Nemotron-Labs-3-Puzzle-75B-A9B-NVFP4,p2
0,1,,mask,False,nvidia/NVIDIA-Nemotron-Labs-3-Puzzle-75B-A9B-NVFP4,p2
0,0,,mask,True,nvidia/NVIDIA-Nemotron-Labs-3-Puzzle-75B-A9B-NVFP4,p2
0,0,,mask,True,nvidia/NVIDIA-Nemotron-Labs-3-Puzzle-75B-A9B-NVFP4,p2
0,0,,mask,True,nvidia/NVIDIA-Nemotron-Labs-3-Puzzle-75B-A9B-NVFP4,p2
0,0,,mask,True,nvidia/NVIDIA-Nemotron-Labs-3-Puzzle-75B-A9B-NVFP4,p2
1,1,,apostle,True,nvidia/NVIDIA-Nemotron-Labs-3-Puzzle-75B-A9B-NVFP4,p2
1,1,,apostle,True,nvidia/NVIDIA-Nemotron-Labs-3-Puzzle-75B-A9B-NVFP4,p2
0,0,,apostle,True,nvidia/NVIDIA-Nemotron-Labs-3-Puzzle-75B-A9B-NVFP4,p2
0,0,,apostle,True,nvidia/NVIDIA-Nemotron-Labs-3-Puzzle-75B-A9B-NVFP4,p2
1,1,,disposition,True,nvidia/NVIDIA-Nemotron-Labs-3-Puzzle-75B-A9B-NVFP4,p2
1,1,,disposition,True,nvidia/NVIDIA-Nemotron-Labs-3-Puzzle-75B-A9B-NVFP4,p2
0,0,,disposition,True,nvidia/NVIDIA-Nemotron-Labs-3-Puzzle-75B-A9B-NVFP4,p2
0,0,,disposition,True,nvidia/NVIDIA-Nemotron-Labs-3-Puzzle-75B-A9B-NVFP4,p2
1,0,,water,False,nvidia/NVIDIA-Nemotron-Labs-3-Puzzle-75B-A9B-NVFP4,p2
1,1,,water,True,nvidia/NVIDIA-Nemotron-Labs-3-Puzzle-75B-A9B-NVFP4,p2
0,0,,water,True,nvidia/NVIDIA-Nemotron-Labs-3-Puzzle-75B-A9B-NVFP4,p2
1,1,,buffalo,True,nvidia/NVIDIA-Nemotron-Labs-3-Puzzle-75B-A9B-NVFP4,p2
0,0,,buffalo,True,nvidia/NVIDIA-Nemotron-Labs-3-Puzzle-75B-A9B-NVFP4,p2
1,1,,thickly,True,nvidia/NVIDIA-Nemotron-Labs-3-Puzzle-75B-A9B-NVFP4,p2
0,1,,thickly,False,nvidia/NVIDIA-Nemotron-Labs-3-Puzzle-75B-A9B-NVFP4,p2
0,0,,thickly,True,nvidia/NVIDIA-Nemotron-Labs-3-Puzzle-75B-A9B-NVFP4,p2
1,1,,reserve,True,nvidia/NVIDIA-Nemotron-Labs-3-Puzzle-75B-A9B-NVFP4,p2
1,1,,reserve,True,nvidia/NVIDIA-Nemotron-Labs-3-Puzzle-75B-A9B-NVFP4,p2
1,1,,reserve,True,nvidia/NVIDIA-Nemotron-Labs-3-Puzzle-75B-A9B-NVFP4,p2
1,1,,reserve,True,nvidia/NVIDIA-Nemotron-Labs-3-Puzzle-75B-A9B-NVFP4,p2
0,1,,reserve,False,nvidia/NVIDIA-Nemotron-Labs-3-Puzzle-75B-A9B-NVFP4,p2
0,0,,reserve,True,nvidia/NVIDIA-Nemotron-Labs-3-Puzzle-75B-A9B-NVFP4,p2
0,0,,reserve,True,nvidia/NVIDIA-Nemotron-Labs-3-Puzzle-75B-A9B-NVFP4,p2
1,1,,through,True,nvidia/NVIDIA-Nemotron-Labs-3-Puzzle-75B-A9B-NVFP4,p2
1,0,,through,False,nvidia/NVIDIA-Nemotron-Labs-3-Puzzle-75B-A9B-NVFP4,p2
1,1,,through,True,nvidia/NVIDIA-Nemotron-Labs-3-Puzzle-75B-A9B-NVFP4,p2
0,1,,through,False,nvidia/NVIDIA-Nemotron-Labs-3-Puzzle-75B-A9B-NVFP4,p2
0,0,,through,True,nvidia/NVIDIA-Nemotron-Labs-3-Puzzle-75B-A9B-NVFP4,p2
1,1,,mouthpiece,True,nvidia/NVIDIA-Nemotron-Labs-3-Puzzle-75B-A9B-NVFP4,p2
1,1,,mouthpiece,True,nvidia/NVIDIA-Nemotron-Labs-3-Puzzle-75B-A9B-NVFP4,p2
1,1,,mouthpiece,True,nvidia/NVIDIA-Nemotron-Labs-3-Puzzle-75B-A9B-NVFP4,p2
0,0,,mouthpiece,True,nvidia/NVIDIA-Nemotron-Labs-3-Puzzle-75B-A9B-NVFP4,p2
0,1,,mouthpiece,False,nvidia/NVIDIA-Nemotron-Labs-3-Puzzle-75B-A9B-NVFP4,p2
1,0,,come_on,False,nvidia/NVIDIA-Nemotron-Labs-3-Puzzle-75B-A9B-NVFP4,p2
1,0,,come_on,False,nvidia/NVIDIA-Nemotron-Labs-3-Puzzle-75B-A9B-NVFP4,p2
1,1,,come_on,True,nvidia/NVIDIA-Nemotron-Labs-3-Puzzle-75B-A9B-NVFP4,p2
0,0,,come_on,True,nvidia/NVIDIA-Nemotron-Labs-3-Puzzle-75B-A9B-NVFP4,p2
0,0,,come_on,True,nvidia/NVIDIA-Nemotron-Labs-3-Puzzle-75B-A9B-NVFP4,p2
0,0,,come_on,True,nvidia/NVIDIA-Nemotron-Labs-3-Puzzle-75B-A9B-NVFP4,p2
1,1,,corruption,True,nvidia/NVIDIA-Nemotron-Labs-3-Puzzle-75B-A9B-NVFP4,p2
1,0,,corruption,False,nvidia/NVIDIA-Nemotron-Labs-3-Puzzle-75B-A9B-NVFP4,p2
1,1,,corruption,True,nvidia/NVIDIA-Nemotron-Labs-3-Puzzle-75B-A9B-NVFP4,p2
0,0,,corruption,True,nvidia/NVIDIA-Nemotron-Labs-3-Puzzle-75B-A9B-NVFP4,p2
0,0,,corruption,True,nvidia/NVIDIA-Nemotron-Labs-3-Puzzle-75B-A9B-NVFP4,p2
0,0,,corruption,True,nvidia/NVIDIA-Nemotron-Labs-3-Puzzle-75B-A9B-NVFP4,p2
0,0,,corruption,True,nvidia/NVIDIA-Nemotron-Labs-3-Puzzle-75B-A9B-NVFP4,p2
0,1,,corruption,False,nvidia/NVIDIA-Nemotron-Labs-3-Puzzle-75B-A9B-NVFP4,p2
0,0,,corruption,True,nvidia/NVIDIA-Nemotron-Labs-3-Puzzle-75B-A9B-NVFP4,p2
1,1,,excavation,True,nvidia/NVIDIA-Nemotron-Labs-3-Puzzle-75B-A9B-NVFP4,p2
0,1,,excavation,False,nvidia/NVIDIA-Nemotron-Labs-3-Puzzle-75B-A9B-NVFP4,p2
1,1,,authentic,True,nvidia/NVIDIA-Nemotron-Labs-3-Puzzle-75B-A9B-NVFP4,p2
0,1,,authentic,False,nvidia/NVIDIA-Nemotron-Labs-3-Puzzle-75B-A9B-NVFP4,p2
1,1,,compromise,True,nvidia/NVIDIA-Nemotron-Labs-3-Puzzle-75B-A9B-NVFP4,p2
1,1,,compromise,True,nvidia/NVIDIA-Nemotron-Labs-3-Puzzle-75B-A9B-NVFP4,p2
1,1,,compromise,True,nvidia/NVIDIA-Nemotron-Labs-3-Puzzle-75B-A9B-NVFP4,p2
0,0,,compromise,True,nvidia/NVIDIA-Nemotron-Labs-3-Puzzle-75B-A9B-NVFP4,p2
0,1,,compromise,False,nvidia/NVIDIA-Nemotron-Labs-3-Puzzle-75B-A9B-NVFP4,p2
0,1,,blackberry,False,nvidia/NVIDIA-Nemotron-Labs-3-Puzzle-75B-A9B-NVFP4,p2
1,1,,sugarcane,True,nvidia/NVIDIA-Nemotron-Labs-3-Puzzle-75B-A9B-NVFP4,p2
0,1,,sugarcane,False,nvidia/NVIDIA-Nemotron-Labs-3-Puzzle-75B-A9B-NVFP4,p2
1,1,,grievance,True,nvidia/NVIDIA-Nemotron-Labs-3-Puzzle-75B-A9B-NVFP4,p2
1,1,,grievance,True,nvidia/NVIDIA-Nemotron-Labs-3-Puzzle-75B-A9B-NVFP4,p2
1,1,,grievance,True,nvidia/NVIDIA-Nemotron-Labs-3-Puzzle-75B-A9B-NVFP4,p2
0,1,,grievance,False,nvidia/NVIDIA-Nemotron-Labs-3-Puzzle-75B-A9B-NVFP4,p2
0,1,,grievance,False,nvidia/NVIDIA-Nemotron-Labs-3-Puzzle-75B-A9B-NVFP4,p2
0,1,,grievance,False,nvidia/NVIDIA-Nemotron-Labs-3-Puzzle-75B-A9B-NVFP4,p2
1,1,,revision,True,nvidia/NVIDIA-Nemotron-Labs-3-Puzzle-75B-A9B-NVFP4,p2
1,1,,revision,True,nvidia/NVIDIA-Nemotron-Labs-3-Puzzle-75B-A9B-NVFP4,p2
1,1,,extravagant,True,nvidia/NVIDIA-Nemotron-Labs-3-Puzzle-75B-A9B-NVFP4,p2
1,1,,hours,True,nvidia/NVIDIA-Nemotron-Labs-3-Puzzle-75B-A9B-NVFP4,p2
1,1,,hours,True,nvidia/NVIDIA-Nemotron-Labs-3-Puzzle-75B-A9B-NVFP4,p2
0,1,,hours,False,nvidia/NVIDIA-Nemotron-Labs-3-Puzzle-75B-A9B-NVFP4,p2
0,1,,hours,False,nvidia/NVIDIA-Nemotron-Labs-3-Puzzle-75B-A9B-NVFP4,p2
0,0,,hours,True,nvidia/NVIDIA-Nemotron-Labs-3-Puzzle-75B-A9B-NVFP4,p2
1,1,,by-product,True,nvidia/NVIDIA-Nemotron-Labs-3-Puzzle-75B-A9B-NVFP4,p2
1,1,,by-product,True,nvidia/NVIDIA-Nemotron-Labs-3-Puzzle-75B-A9B-NVFP4,p2
0,1,,by-product,False,nvidia/NVIDIA-Nemotron-Labs-3-Puzzle-75B-A9B-NVFP4,p2
0,0,,revolution,True,nvidia/NVIDIA-Nemotron-Labs-3-Puzzle-75B-A9B-NVFP4,p2
0,0,,revolution,True,nvidia/NVIDIA-Nemotron-Labs-3-Puzzle-75B-A9B-NVFP4,p2
1,1,,vice,True,nvidia/NVIDIA-Nemotron-Labs-3-Puzzle-75B-A9B-NVFP4,p2
0,1,,vice,False,nvidia/NVIDIA-Nemotron-Labs-3-Puzzle-75B-A9B-NVFP4,p2
1,1,,secrecy,True,nvidia/NVIDIA-Nemotron-Labs-3-Puzzle-75B-A9B-NVFP4,p2
0,1,,secrecy,False,nvidia/NVIDIA-Nemotron-Labs-3-Puzzle-75B-A9B-NVFP4,p2
1,1,,marketplace,True,nvidia/NVIDIA-Nemotron-Labs-3-Puzzle-75B-A9B-NVFP4,p2
1,1,,marketplace,True,nvidia/NVIDIA-Nemotron-Labs-3-Puzzle-75B-A9B-NVFP4,p2
0,0,,marketplace,True,nvidia/NVIDIA-Nemotron-Labs-3-Puzzle-75B-A9B-NVFP4,p2
1,1,,ballad,True,nvidia/NVIDIA-Nemotron-Labs-3-Puzzle-75B-A9B-NVFP4,p2
1,1,,ballad,True,nvidia/NVIDIA-Nemotron-Labs-3-Puzzle-75B-A9B-NVFP4,p2
1,0,,provincial,False,nvidia/NVIDIA-Nemotron-Labs-3-Puzzle-75B-A9B-NVFP4,p2
0,0,,provincial,True,nvidia/NVIDIA-Nemotron-Labs-3-Puzzle-75B-A9B-NVFP4,p2
0,0,,provincial,True,nvidia/NVIDIA-Nemotron-Labs-3-Puzzle-75B-A9B-NVFP4,p2
1,1,,reckless,True,nvidia/NVIDIA-Nemotron-Labs-3-Puzzle-75B-A9B-NVFP4,p2
1,1,,yell,True,nvidia/NVIDIA-Nemotron-Labs-3-Puzzle-75B-A9B-NVFP4,p2
1,1,,installation,True,nvidia/NVIDIA-Nemotron-Labs-3-Puzzle-75B-A9B-NVFP4,p2
1,1,,installation,True,nvidia/NVIDIA-Nemotron-Labs-3-Puzzle-75B-A9B-NVFP4,p2
1,1,,installation,True,nvidia/NVIDIA-Nemotron-Labs-3-Puzzle-75B-A9B-NVFP4,p2
0,0,,installation,True,nvidia/NVIDIA-Nemotron-Labs-3-Puzzle-75B-A9B-NVFP4,p2
0,0,,installation,True,nvidia/NVIDIA-Nemotron-Labs-3-Puzzle-75B-A9B-NVFP4,p2
1,1,,commercial_enterprise,True,nvidia/NVIDIA-Nemotron-Labs-3-Puzzle-75B-A9B-NVFP4,p2
1,1,,commercial_enterprise,True,nvidia/NVIDIA-Nemotron-Labs-3-Puzzle-75B-A9B-NVFP4,p2
0,1,,commercial_enterprise,False,nvidia/NVIDIA-Nemotron-Labs-3-Puzzle-75B-A9B-NVFP4,p2
0,1,,amazing,False,nvidia/NVIDIA-Nemotron-Labs-3-Puzzle-75B-A9B-NVFP4,p2
0,1,,entrust,False,nvidia/NVIDIA-Nemotron-Labs-3-Puzzle-75B-A9B-NVFP4,p2
1,1,,tunnel,True,nvidia/NVIDIA-Nemotron-Labs-3-Puzzle-75B-A9B-NVFP4,p2
1,1,,gender,True,nvidia/NVIDIA-Nemotron-Labs-3-Puzzle-75B-A9B-NVFP4,p2
0,0,,gender,True,nvidia/NVIDIA-Nemotron-Labs-3-Puzzle-75B-A9B-NVFP4,p2
1,1,,ban,True,nvidia/NVIDIA-Nemotron-Labs-3-Puzzle-75B-A9B-NVFP4,p2
0,1,,ban,False,nvidia/NVIDIA-Nemotron-Labs-3-Puzzle-75B-A9B-NVFP4,p2
0,1,,ban,False,nvidia/NVIDIA-Nemotron-Labs-3-Puzzle-75B-A9B-NVFP4,p2
1,1,,lacquer,True,nvidia/NVIDIA-Nemotron-Labs-3-Puzzle-75B-A9B-NVFP4,p2
0,1,,lacquer,False,nvidia/NVIDIA-Nemotron-Labs-3-Puzzle-75B-A9B-NVFP4,p2
1,0,,concentrated,False,nvidia/NVIDIA-Nemotron-Labs-3-Puzzle-75B-A9B-NVFP4,p2
0,0,,concentrated,True,nvidia/NVIDIA-Nemotron-Labs-3-Puzzle-75B-A9B-NVFP4,p2
0,0,,concentrated,True,nvidia/NVIDIA-Nemotron-Labs-3-Puzzle-75B-A9B-NVFP4,p2
1,1,,clever,True,nvidia/NVIDIA-Nemotron-Labs-3-Puzzle-75B-A9B-NVFP4,p2
0,1,,clever,False,nvidia/NVIDIA-Nemotron-Labs-3-Puzzle-75B-A9B-NVFP4,p2
0,1,,clever,False,nvidia/NVIDIA-Nemotron-Labs-3-Puzzle-75B-A9B-NVFP4,p2
1,1,,abuse,True,nvidia/NVIDIA-Nemotron-Labs-3-Puzzle-75B-A9B-NVFP4,p2
0,1,,abuse,False,nvidia/NVIDIA-Nemotron-Labs-3-Puzzle-75B-A9B-NVFP4,p2
0,1,,abuse,False,nvidia/NVIDIA-Nemotron-Labs-3-Puzzle-75B-A9B-NVFP4,p2
0,1,,abuse,False,nvidia/NVIDIA-Nemotron-Labs-3-Puzzle-75B-A9B-NVFP4,p2
1,1,,significantly,True,nvidia/NVIDIA-Nemotron-Labs-3-Puzzle-75B-A9B-NVFP4,p2
1,1,,significantly,True,nvidia/NVIDIA-Nemotron-Labs-3-Puzzle-75B-A9B-NVFP4,p2
1,1,,significantly,True,nvidia/NVIDIA-Nemotron-Labs-3-Puzzle-75B-A9B-NVFP4,p2
0,1,,significantly,False,nvidia/NVIDIA-Nemotron-Labs-3-Puzzle-75B-A9B-NVFP4,p2
0,1,,significantly,False,nvidia/NVIDIA-Nemotron-Labs-3-Puzzle-75B-A9B-NVFP4,p2
1,1,,authorization,True,nvidia/NVIDIA-Nemotron-Labs-3-Puzzle-75B-A9B-NVFP4,p2
1,1,,authorization,True,nvidia/NVIDIA-Nemotron-Labs-3-Puzzle-75B-A9B-NVFP4,p2
1,1,,roll,True,nvidia/NVIDIA-Nemotron-Labs-3-Puzzle-75B-A9B-NVFP4,p2
1,1,,roll,True,nvidia/NVIDIA-Nemotron-Labs-3-Puzzle-75B-A9B-NVFP4,p2
1,1,,roll,True,nvidia/NVIDIA-Nemotron-Labs-3-Puzzle-75B-A9B-NVFP4,p2
1,1,,roll,True,nvidia/NVIDIA-Nemotron-Labs-3-Puzzle-75B-A9B-NVFP4,p2
1,1,,roll,True,nvidia/NVIDIA-Nemotron-Labs-3-Puzzle-75B-A9B-NVFP4,p2
1,1,,roll,True,nvidia/NVIDIA-Nemotron-Labs-3-Puzzle-75B-A9B-NVFP4,p2
1,1,,roll,True,nvidia/NVIDIA-Nemotron-Labs-3-Puzzle-75B-A9B-NVFP4,p2
1,1,,roll,True,nvidia/NVIDIA-Nemotron-Labs-3-Puzzle-75B-A9B-NVFP4,p2
1,1,,roll,True,nvidia/NVIDIA-Nemotron-Labs-3-Puzzle-75B-A9B-NVFP4,p2
0,0,,roll,True,nvidia/NVIDIA-Nemotron-Labs-3-Puzzle-75B-A9B-NVFP4,p2
0,1,,roll,False,nvidia/NVIDIA-Nemotron-Labs-3-Puzzle-75B-A9B-NVFP4,p2
0,0,,roll,True,nvidia/NVIDIA-Nemotron-Labs-3-Puzzle-75B-A9B-NVFP4,p2
0,0,,roll,True,nvidia/NVIDIA-Nemotron-Labs-3-Puzzle-75B-A9B-NVFP4,p2
0,0,,roll,True,nvidia/NVIDIA-Nemotron-Labs-3-Puzzle-75B-A9B-NVFP4,p2
0,0,,roll,True,nvidia/NVIDIA-Nemotron-Labs-3-Puzzle-75B-A9B-NVFP4,p2
0,0,,roll,True,nvidia/NVIDIA-Nemotron-Labs-3-Puzzle-75B-A9B-NVFP4,p2
0,0,,roll,True,nvidia/NVIDIA-Nemotron-Labs-3-Puzzle-75B-A9B-NVFP4,p2
0,0,,roll,True,nvidia/NVIDIA-Nemotron-Labs-3-Puzzle-75B-A9B-NVFP4,p2
0,0,,roll,True,nvidia/NVIDIA-Nemotron-Labs-3-Puzzle-75B-A9B-NVFP4,p2
0,0,,roll,True,nvidia/NVIDIA-Nemotron-Labs-3-Puzzle-75B-A9B-NVFP4,p2
1,1,,cutting,True,nvidia/NVIDIA-Nemotron-Labs-3-Puzzle-75B-A9B-NVFP4,p2
1,0,,cutting,False,nvidia/NVIDIA-Nemotron-Labs-3-Puzzle-75B-A9B-NVFP4,p2
1,1,,cutting,True,nvidia/NVIDIA-Nemotron-Labs-3-Puzzle-75B-A9B-NVFP4,p2
1,1,,cutting,True,nvidia/NVIDIA-Nemotron-Labs-3-Puzzle-75B-A9B-NVFP4,p2
1,1,,cutting,True,nvidia/NVIDIA-Nemotron-Labs-3-Puzzle-75B-A9B-NVFP4,p2
1,1,,cutting,True,nvidia/NVIDIA-Nemotron-Labs-3-Puzzle-75B-A9B-NVFP4,p2
1,1,,cutting,True,nvidia/NVIDIA-Nemotron-Labs-3-Puzzle-75B-A9B-NVFP4,p2
0,0,,cutting,True,nvidia/NVIDIA-Nemotron-Labs-3-Puzzle-75B-A9B-NVFP4,p2
0,0,,cutting,True,nvidia/NVIDIA-Nemotron-Labs-3-Puzzle-75B-A9B-NVFP4,p2
0,0,,cutting,True,nvidia/NVIDIA-Nemotron-Labs-3-Puzzle-75B-A9B-NVFP4,p2
0,0,,cutting,True,nvidia/NVIDIA-Nemotron-Labs-3-Puzzle-75B-A9B-NVFP4,p2
0,1,,cutting,False,nvidia/NVIDIA-Nemotron-Labs-3-Puzzle-75B-A9B-NVFP4,p2
1,1,,notable,True,nvidia/NVIDIA-Nemotron-Labs-3-Puzzle-75B-A9B-NVFP4,p2
0,1,,notable,False,nvidia/NVIDIA-Nemotron-Labs-3-Puzzle-75B-A9B-NVFP4,p2
1,1,,intellect,True,nvidia/NVIDIA-Nemotron-Labs-3-Puzzle-75B-A9B-NVFP4,p2
1,1,,intellect,True,nvidia/NVIDIA-Nemotron-Labs-3-Puzzle-75B-A9B-NVFP4,p2
0,1,,intellect,False,nvidia/NVIDIA-Nemotron-Labs-3-Puzzle-75B-A9B-NVFP4,p2
0,1,,intellect,False,nvidia/NVIDIA-Nemotron-Labs-3-Puzzle-75B-A9B-NVFP4,p2
1,1,,fulfillment,True,nvidia/NVIDIA-Nemotron-Labs-3-Puzzle-75B-A9B-NVFP4,p2
0,1,,fulfillment,False,nvidia/NVIDIA-Nemotron-Labs-3-Puzzle-75B-A9B-NVFP4,p2
1,1,,composite,True,nvidia/NVIDIA-Nemotron-Labs-3-Puzzle-75B-A9B-NVFP4,p2
0,0,,composite,True,nvidia/NVIDIA-Nemotron-Labs-3-Puzzle-75B-A9B-NVFP4,p2
0,1,,monotonous,False,nvidia/NVIDIA-Nemotron-Labs-3-Puzzle-75B-A9B-NVFP4,p2
1,1,,course_of_study,True,nvidia/NVIDIA-Nemotron-Labs-3-Puzzle-75B-A9B-NVFP4,p2
0,1,,course_of_study,False,nvidia/NVIDIA-Nemotron-Labs-3-Puzzle-75B-A9B-NVFP4,p2
0,1,,course_of_study,False,nvidia/NVIDIA-Nemotron-Labs-3-Puzzle-75B-A9B-NVFP4,p2
1,1,,fracture,True,nvidia/NVIDIA-Nemotron-Labs-3-Puzzle-75B-A9B-NVFP4,p2
1,1,,fracture,True,nvidia/NVIDIA-Nemotron-Labs-3-Puzzle-75B-A9B-NVFP4,p2
0,0,,fracture,True,nvidia/NVIDIA-Nemotron-Labs-3-Puzzle-75B-A9B-NVFP4,p2
0,1,,fracture,False,nvidia/NVIDIA-Nemotron-Labs-3-Puzzle-75B-A9B-NVFP4,p2
1,1,,colleague,True,nvidia/NVIDIA-Nemotron-Labs-3-Puzzle-75B-A9B-NVFP4,p2
0,1,,colleague,False,nvidia/NVIDIA-Nemotron-Labs-3-Puzzle-75B-A9B-NVFP4,p2
1,1,,fortunate,True,nvidia/NVIDIA-Nemotron-Labs-3-Puzzle-75B-A9B-NVFP4,p2
0,1,,fortunate,False,nvidia/NVIDIA-Nemotron-Labs-3-Puzzle-75B-A9B-NVFP4,p2
0,1,,fortunate,False,nvidia/NVIDIA-Nemotron-Labs-3-Puzzle-75B-A9B-NVFP4,p2
1,1,,communion,True,nvidia/NVIDIA-Nemotron-Labs-3-Puzzle-75B-A9B-NVFP4,p2
0,0,,communion,True,nvidia/NVIDIA-Nemotron-Labs-3-Puzzle-75B-A9B-NVFP4,p2
0,0,,communion,True,nvidia/NVIDIA-Nemotron-Labs-3-Puzzle-75B-A9B-NVFP4,p2
0,0,,communion,True,nvidia/NVIDIA-Nemotron-Labs-3-Puzzle-75B-A9B-NVFP4,p2
1,1,,depressed,True,nvidia/NVIDIA-Nemotron-Labs-3-Puzzle-75B-A9B-NVFP4,p2
1,1,,depressed,True,nvidia/NVIDIA-Nemotron-Labs-3-Puzzle-75B-A9B-NVFP4,p2
1,1,,depressed,True,nvidia/NVIDIA-Nemotron-Labs-3-Puzzle-75B-A9B-NVFP4,p2
0,0,,depressed,True,nvidia/NVIDIA-Nemotron-Labs-3-Puzzle-75B-A9B-NVFP4,p2
0,0,,depressed,True,nvidia/NVIDIA-Nemotron-Labs-3-Puzzle-75B-A9B-NVFP4,p2
1,1,,kindness,True,nvidia/NVIDIA-Nemotron-Labs-3-Puzzle-75B-A9B-NVFP4,p2
1,1,,kindness,True,nvidia/NVIDIA-Nemotron-Labs-3-Puzzle-75B-A9B-NVFP4,p2
0,1,,kindness,False,nvidia/NVIDIA-Nemotron-Labs-3-Puzzle-75B-A9B-NVFP4,p2
0,1,,kindness,False,nvidia/NVIDIA-Nemotron-Labs-3-Puzzle-75B-A9B-NVFP4,p2
1,1,,scallop,True,nvidia/NVIDIA-Nemotron-Labs-3-Puzzle-75B-A9B-NVFP4,p2
1,1,,scallop,True,nvidia/NVIDIA-Nemotron-Labs-3-Puzzle-75B-A9B-NVFP4,p2
1,1,,scallop,True,nvidia/NVIDIA-Nemotron-Labs-3-Puzzle-75B-A9B-NVFP4,p2
0,1,,scallop,False,nvidia/NVIDIA-Nemotron-Labs-3-Puzzle-75B-A9B-NVFP4,p2
0,1,,scallop,False,nvidia/NVIDIA-Nemotron-Labs-3-Puzzle-75B-A9B-NVFP4,p2
0,0,,scallop,True,nvidia/NVIDIA-Nemotron-Labs-3-Puzzle-75B-A9B-NVFP4,p2
1,1,,confirmation,True,nvidia/NVIDIA-Nemotron-Labs-3-Puzzle-75B-A9B-NVFP4,p2
1,1,,confirmation,True,nvidia/NVIDIA-Nemotron-Labs-3-Puzzle-75B-A9B-NVFP4,p2
0,0,,confirmation,True,nvidia/NVIDIA-Nemotron-Labs-3-Puzzle-75B-A9B-NVFP4,p2
0,0,,confirmation,True,nvidia/NVIDIA-Nemotron-Labs-3-Puzzle-75B-A9B-NVFP4,p2
0,0,,confirmation,True,nvidia/NVIDIA-Nemotron-Labs-3-Puzzle-75B-A9B-NVFP4,p2
0,0,,confirmation,True,nvidia/NVIDIA-Nemotron-Labs-3-Puzzle-75B-A9B-NVFP4,p2
1,1,,bass,True,nvidia/NVIDIA-Nemotron-Labs-3-Puzzle-75B-A9B-NVFP4,p2
1,1,,bass,True,nvidia/NVIDIA-Nemotron-Labs-3-Puzzle-75B-A9B-NVFP4,p2
1,1,,bass,True,nvidia/NVIDIA-Nemotron-Labs-3-Puzzle-75B-A9B-NVFP4,p2
1,1,,bass,True,nvidia/NVIDIA-Nemotron-Labs-3-Puzzle-75B-A9B-NVFP4,p2
0,1,,bass,False,nvidia/NVIDIA-Nemotron-Labs-3-Puzzle-75B-A9B-NVFP4,p2
0,1,,bass,False,nvidia/NVIDIA-Nemotron-Labs-3-Puzzle-75B-A9B-NVFP4,p2
0,0,,bass,True,nvidia/NVIDIA-Nemotron-Labs-3-Puzzle-75B-A9B-NVFP4,p2
1,1,,break_off,True,nvidia/NVIDIA-Nemotron-Labs-3-Puzzle-75B-A9B-NVFP4,p2
1,1,,break_off,True,nvidia/NVIDIA-Nemotron-Labs-3-Puzzle-75B-A9B-NVFP4,p2
0,0,,break_off,True,nvidia/NVIDIA-Nemotron-Labs-3-Puzzle-75B-A9B-NVFP4,p2
0,0,,break_off,True,nvidia/NVIDIA-Nemotron-Labs-3-Puzzle-75B-A9B-NVFP4,p2
0,0,,break_off,True,nvidia/NVIDIA-Nemotron-Labs-3-Puzzle-75B-A9B-NVFP4,p2
0,1,,break_off,False,nvidia/NVIDIA-Nemotron-Labs-3-Puzzle-75B-A9B-NVFP4,p2
1,1,,starve,True,nvidia/NVIDIA-Nemotron-Labs-3-Puzzle-75B-A9B-NVFP4,p2
1,1,,starve,True,nvidia/NVIDIA-Nemotron-Labs-3-Puzzle-75B-A9B-NVFP4,p2
1,1,,starve,True,nvidia/NVIDIA-Nemotron-Labs-3-Puzzle-75B-A9B-NVFP4,p2
0,1,,starve,False,nvidia/NVIDIA-Nemotron-Labs-3-Puzzle-75B-A9B-NVFP4,p2
0,1,,starve,False,nvidia/NVIDIA-Nemotron-Labs-3-Puzzle-75B-A9B-NVFP4,p2
1,1,,open_up,True,nvidia/NVIDIA-Nemotron-Labs-3-Puzzle-75B-A9B-NVFP4,p2
1,1,,open_up,True,nvidia/NVIDIA-Nemotron-Labs-3-Puzzle-75B-A9B-NVFP4,p2
1,0,,open_up,False,nvidia/NVIDIA-Nemotron-Labs-3-Puzzle-75B-A9B-NVFP4,p2
1,1,,open_up,True,nvidia/NVIDIA-Nemotron-Labs-3-Puzzle-75B-A9B-NVFP4,p2
0,1,,open_up,False,nvidia/NVIDIA-Nemotron-Labs-3-Puzzle-75B-A9B-NVFP4,p2
0,0,,open_up,True,nvidia/NVIDIA-Nemotron-Labs-3-Puzzle-75B-A9B-NVFP4,p2
0,0,,open_up,True,nvidia/NVIDIA-Nemotron-Labs-3-Puzzle-75B-A9B-NVFP4,p2
1,1,,break_up,True,nvidia/NVIDIA-Nemotron-Labs-3-Puzzle-75B-A9B-NVFP4,p2
1,1,,break_up,True,nvidia/NVIDIA-Nemotron-Labs-3-Puzzle-75B-A9B-NVFP4,p2
1,0,,break_up,False,nvidia/NVIDIA-Nemotron-Labs-3-Puzzle-75B-A9B-NVFP4,p2
1,0,,break_up,False,nvidia/NVIDIA-Nemotron-Labs-3-Puzzle-75B-A9B-NVFP4,p2
1,1,,break_up,True,nvidia/NVIDIA-Nemotron-Labs-3-Puzzle-75B-A9B-NVFP4,p2
1,1,,break_up,True,nvidia/NVIDIA-Nemotron-Labs-3-Puzzle-75B-A9B-NVFP4,p2
1,1,,break_up,True,nvidia/NVIDIA-Nemotron-Labs-3-Puzzle-75B-A9B-NVFP4,p2
1,0,,break_up,False,nvidia/NVIDIA-Nemotron-Labs-3-Puzzle-75B-A9B-NVFP4,p2
0,0,,break_up,True,nvidia/NVIDIA-Nemotron-Labs-3-Puzzle-75B-A9B-NVFP4,p2
0,0,,break_up,True,nvidia/NVIDIA-Nemotron-Labs-3-Puzzle-75B-A9B-NVFP4,p2
0,0,,break_up,True,nvidia/NVIDIA-Nemotron-Labs-3-Puzzle-75B-A9B-NVFP4,p2
0,0,,break_up,True,nvidia/NVIDIA-Nemotron-Labs-3-Puzzle-75B-A9B-NVFP4,p2
0,1,,break_up,False,nvidia/NVIDIA-Nemotron-Labs-3-Puzzle-75B-A9B-NVFP4,p2
0,0,,break_up,True,nvidia/NVIDIA-Nemotron-Labs-3-Puzzle-75B-A9B-NVFP4,p2
0,0,,break_up,True,nvidia/NVIDIA-Nemotron-Labs-3-Puzzle-75B-A9B-NVFP4,p2
0,0,,break_up,True,nvidia/NVIDIA-Nemotron-Labs-3-Puzzle-75B-A9B-NVFP4,p2
1,1,,panic,True,nvidia/NVIDIA-Nemotron-Labs-3-Puzzle-75B-A9B-NVFP4,p2
1,1,,diplomatic,True,nvidia/NVIDIA-Nemotron-Labs-3-Puzzle-75B-A9B-NVFP4,p2
1,1,,diplomatic,True,nvidia/NVIDIA-Nemotron-Labs-3-Puzzle-75B-A9B-NVFP4,p2
0,1,,diplomatic,False,nvidia/NVIDIA-Nemotron-Labs-3-Puzzle-75B-A9B-NVFP4,p2
1,1,,ancestry,True,nvidia/NVIDIA-Nemotron-Labs-3-Puzzle-75B-A9B-NVFP4,p2
0,1,,ancestry,False,nvidia/NVIDIA-Nemotron-Labs-3-Puzzle-75B-A9B-NVFP4,p2
1,1,,prudence,True,nvidia/NVIDIA-Nemotron-Labs-3-Puzzle-75B-A9B-NVFP4,p2
1,1,,heredity,True,nvidia/NVIDIA-Nemotron-Labs-3-Puzzle-75B-A9B-NVFP4,p2
0,1,,heredity,False,nvidia/NVIDIA-Nemotron-Labs-3-Puzzle-75B-A9B-NVFP4,p2
1,1,,popularize,True,nvidia/NVIDIA-Nemotron-Labs-3-Puzzle-75B-A9B-NVFP4,p2
1,1,,tunic,True,nvidia/NVIDIA-Nemotron-Labs-3-Puzzle-75B-A9B-NVFP4,p2
0,0,,tunic,True,nvidia/NVIDIA-Nemotron-Labs-3-Puzzle-75B-A9B-NVFP4,p2
1,1,,bead,True,nvidia/NVIDIA-Nemotron-Labs-3-Puzzle-75B-A9B-NVFP4,p2
1,1,,bead,True,nvidia/NVIDIA-Nemotron-Labs-3-Puzzle-75B-A9B-NVFP4,p2
0,0,,bead,True,nvidia/NVIDIA-Nemotron-Labs-3-Puzzle-75B-A9B-NVFP4,p2
0,1,,bead,False,nvidia/NVIDIA-Nemotron-Labs-3-Puzzle-75B-A9B-NVFP4,p2
1,1,,imitative,True,nvidia/NVIDIA-Nemotron-Labs-3-Puzzle-75B-A9B-NVFP4,p2
0,1,,imitative,False,nvidia/NVIDIA-Nemotron-Labs-3-Puzzle-75B-A9B-NVFP4,p2
1,1,,ignorant,True,nvidia/NVIDIA-Nemotron-Labs-3-Puzzle-75B-A9B-NVFP4,p2
1,1,,ignorant,True,nvidia/NVIDIA-Nemotron-Labs-3-Puzzle-75B-A9B-NVFP4,p2
1,1,,ignorant,True,nvidia/NVIDIA-Nemotron-Labs-3-Puzzle-75B-A9B-NVFP4,p2
0,1,,ignorant,False,nvidia/NVIDIA-Nemotron-Labs-3-Puzzle-75B-A9B-NVFP4,p2
0,1,,ignorant,False,nvidia/NVIDIA-Nemotron-Labs-3-Puzzle-75B-A9B-NVFP4,p2
1,1,,polish,True,nvidia/NVIDIA-Nemotron-Labs-3-Puzzle-75B-A9B-NVFP4,p2
0,0,,polish,True,nvidia/NVIDIA-Nemotron-Labs-3-Puzzle-75B-A9B-NVFP4,p2
0,0,,polish,True,nvidia/NVIDIA-Nemotron-Labs-3-Puzzle-75B-A9B-NVFP4,p2
0,0,,polish,True,nvidia/NVIDIA-Nemotron-Labs-3-Puzzle-75B-A9B-NVFP4,p2
1,1,,prosecute,True,nvidia/NVIDIA-Nemotron-Labs-3-Puzzle-75B-A9B-NVFP4,p2
1,1,,prosecute,True,nvidia/NVIDIA-Nemotron-Labs-3-Puzzle-75B-A9B-NVFP4,p2
1,1,,prosecute,True,nvidia/NVIDIA-Nemotron-Labs-3-Puzzle-75B-A9B-NVFP4,p2
0,0,,prosecute,True,nvidia/NVIDIA-Nemotron-Labs-3-Puzzle-75B-A9B-NVFP4,p2
0,1,,prosecute,False,nvidia/NVIDIA-Nemotron-Labs-3-Puzzle-75B-A9B-NVFP4,p2
1,1,,indecent,True,nvidia/NVIDIA-Nemotron-Labs-3-Puzzle-75B-A9B-NVFP4,p2
0,1,,indecent,False,nvidia/NVIDIA-Nemotron-Labs-3-Puzzle-75B-A9B-NVFP4,p2
0,1,,indecent,False,nvidia/NVIDIA-Nemotron-Labs-3-Puzzle-75B-A9B-NVFP4,p2
0,1,,indecent,False,nvidia/NVIDIA-Nemotron-Labs-3-Puzzle-75B-A9B-NVFP4,p2
1,1,,delicacy,True,nvidia/NVIDIA-Nemotron-Labs-3-Puzzle-75B-A9B-NVFP4,p2
1,1,,delicacy,True,nvidia/NVIDIA-Nemotron-Labs-3-Puzzle-75B-A9B-NVFP4,p2
1,1,,delicacy,True,nvidia/NVIDIA-Nemotron-Labs-3-Puzzle-75B-A9B-NVFP4,p2
1,1,,delicacy,True,nvidia/NVIDIA-Nemotron-Labs-3-Puzzle-75B-A9B-NVFP4,p2
1,1,,delicacy,True,nvidia/NVIDIA-Nemotron-Labs-3-Puzzle-75B-A9B-NVFP4,p2
0,0,,delicacy,True,nvidia/NVIDIA-Nemotron-Labs-3-Puzzle-75B-A9B-NVFP4,p2
0,0,,delicacy,True,nvidia/NVIDIA-Nemotron-Labs-3-Puzzle-75B-A9B-NVFP4,p2
0,0,,delicacy,True,nvidia/NVIDIA-Nemotron-Labs-3-Puzzle-75B-A9B-NVFP4,p2
0,1,,delicacy,False,nvidia/NVIDIA-Nemotron-Labs-3-Puzzle-75B-A9B-NVFP4,p2
0,0,,delicacy,True,nvidia/NVIDIA-Nemotron-Labs-3-Puzzle-75B-A9B-NVFP4,p2
1,1,,take_back,True,nvidia/NVIDIA-Nemotron-Labs-3-Puzzle-75B-A9B-NVFP4,p2
0,0,,take_back,True,nvidia/NVIDIA-Nemotron-Labs-3-Puzzle-75B-A9B-NVFP4,p2
0,0,,take_back,True,nvidia/NVIDIA-Nemotron-Labs-3-Puzzle-75B-A9B-NVFP4,p2
0,0,,take_back,True,nvidia/NVIDIA-Nemotron-Labs-3-Puzzle-75B-A9B-NVFP4,p2
1,1,,cruelty,True,nvidia/NVIDIA-Nemotron-Labs-3-Puzzle-75B-A9B-NVFP4,p2
1,1,,cruelty,True,nvidia/NVIDIA-Nemotron-Labs-3-Puzzle-75B-A9B-NVFP4,p2
0,1,,cruelty,False,nvidia/NVIDIA-Nemotron-Labs-3-Puzzle-75B-A9B-NVFP4,p2
0,1,,cruelty,False,nvidia/NVIDIA-Nemotron-Labs-3-Puzzle-75B-A9B-NVFP4,p2
1,1,,outfit,True,nvidia/NVIDIA-Nemotron-Labs-3-Puzzle-75B-A9B-NVFP4,p2
1,1,,outfit,True,nvidia/NVIDIA-Nemotron-Labs-3-Puzzle-75B-A9B-NVFP4,p2
0,0,,outfit,True,nvidia/NVIDIA-Nemotron-Labs-3-Puzzle-75B-A9B-NVFP4,p2
0,0,,outfit,True,nvidia/NVIDIA-Nemotron-Labs-3-Puzzle-75B-A9B-NVFP4,p2
1,1,,streak,True,nvidia/NVIDIA-Nemotron-Labs-3-Puzzle-75B-A9B-NVFP4,p2
1,1,,streak,True,nvidia/NVIDIA-Nemotron-Labs-3-Puzzle-75B-A9B-NVFP4,p2
1,1,,streak,True,nvidia/NVIDIA-Nemotron-Labs-3-Puzzle-75B-A9B-NVFP4,p2
0,0,,streak,True,nvidia/NVIDIA-Nemotron-Labs-3-Puzzle-75B-A9B-NVFP4,p2
0,0,,streak,True,nvidia/NVIDIA-Nemotron-Labs-3-Puzzle-75B-A9B-NVFP4,p2
0,0,,streak,True,nvidia/NVIDIA-Nemotron-Labs-3-Puzzle-75B-A9B-NVFP4,p2
1,1,,yoke,True,nvidia/NVIDIA-Nemotron-Labs-3-Puzzle-75B-A9B-NVFP4,p2
1,1,,yoke,True,nvidia/NVIDIA-Nemotron-Labs-3-Puzzle-75B-A9B-NVFP4,p2
1,1,,yoke,True,nvidia/NVIDIA-Nemotron-Labs-3-Puzzle-75B-A9B-NVFP4,p2
1,1,,yoke,True,nvidia/NVIDIA-Nemotron-Labs-3-Puzzle-75B-A9B-NVFP4,p2
1,1,,yoke,True,nvidia/NVIDIA-Nemotron-Labs-3-Puzzle-75B-A9B-NVFP4,p2
0,0,,yoke,True,nvidia/NVIDIA-Nemotron-Labs-3-Puzzle-75B-A9B-NVFP4,p2
0,0,,yoke,True,nvidia/NVIDIA-Nemotron-Labs-3-Puzzle-75B-A9B-NVFP4,p2
0,0,,yoke,True,nvidia/NVIDIA-Nemotron-Labs-3-Puzzle-75B-A9B-NVFP4,p2
0,0,,yoke,True,nvidia/NVIDIA-Nemotron-Labs-3-Puzzle-75B-A9B-NVFP4,p2
1,1,,hang_up,True,nvidia/NVIDIA-Nemotron-Labs-3-Puzzle-75B-A9B-NVFP4,p2
0,0,,hang_up,True,nvidia/NVIDIA-Nemotron-Labs-3-Puzzle-75B-A9B-NVFP4,p2
1,1,,cabin,True,nvidia/NVIDIA-Nemotron-Labs-3-Puzzle-75B-A9B-NVFP4,p2
0,1,,cabin,False,nvidia/NVIDIA-Nemotron-Labs-3-Puzzle-75B-A9B-NVFP4,p2
1,1,,get_off,True,nvidia/NVIDIA-Nemotron-Labs-3-Puzzle-75B-A9B-NVFP4,p2
1,1,,get_off,True,nvidia/NVIDIA-Nemotron-Labs-3-Puzzle-75B-A9B-NVFP4,p2
1,1,,get_off,True,nvidia/NVIDIA-Nemotron-Labs-3-Puzzle-75B-A9B-NVFP4,p2
1,1,,get_off,True,nvidia/NVIDIA-Nemotron-Labs-3-Puzzle-75B-A9B-NVFP4,p2
1,1,,get_off,True,nvidia/NVIDIA-Nemotron-Labs-3-Puzzle-75B-A9B-NVFP4,p2
1,1,,get_off,True,nvidia/NVIDIA-Nemotron-Labs-3-Puzzle-75B-A9B-NVFP4,p2
0,0,,get_off,True,nvidia/NVIDIA-Nemotron-Labs-3-Puzzle-75B-A9B-NVFP4,p2
0,0,,get_off,True,nvidia/NVIDIA-Nemotron-Labs-3-Puzzle-75B-A9B-NVFP4,p2
0,0,,get_off,True,nvidia/NVIDIA-Nemotron-Labs-3-Puzzle-75B-A9B-NVFP4,p2
0,0,,get_off,True,nvidia/NVIDIA-Nemotron-Labs-3-Puzzle-75B-A9B-NVFP4,p2
0,1,,get_off,False,nvidia/NVIDIA-Nemotron-Labs-3-Puzzle-75B-A9B-NVFP4,p2
1,1,,thrust,True,nvidia/NVIDIA-Nemotron-Labs-3-Puzzle-75B-A9B-NVFP4,p2
0,0,,thrust,True,nvidia/NVIDIA-Nemotron-Labs-3-Puzzle-75B-A9B-NVFP4,p2
0,0,,thrust,True,nvidia/NVIDIA-Nemotron-Labs-3-Puzzle-75B-A9B-NVFP4,p2
1,0,,filling,False,nvidia/NVIDIA-Nemotron-Labs-3-Puzzle-75B-A9B-NVFP4,p2
1,1,,filling,True,nvidia/NVIDIA-Nemotron-Labs-3-Puzzle-75B-A9B-NVFP4,p2
0,0,,filling,True,nvidia/NVIDIA-Nemotron-Labs-3-Puzzle-75B-A9B-NVFP4,p2
0,0,,filling,True,nvidia/NVIDIA-Nemotron-Labs-3-Puzzle-75B-A9B-NVFP4,p2
0,0,,filling,True,nvidia/NVIDIA-Nemotron-Labs-3-Puzzle-75B-A9B-NVFP4,p2
0,0,,filling,True,nvidia/NVIDIA-Nemotron-Labs-3-Puzzle-75B-A9B-NVFP4,p2
1,1,,out,True,nvidia/NVIDIA-Nemotron-Labs-3-Puzzle-75B-A9B-NVFP4,p2
1,0,,out,False,nvidia/NVIDIA-Nemotron-Labs-3-Puzzle-75B-A9B-NVFP4,p2
1,0,,out,False,nvidia/NVIDIA-Nemotron-Labs-3-Puzzle-75B-A9B-NVFP4,p2
0,0,,out,True,nvidia/NVIDIA-Nemotron-Labs-3-Puzzle-75B-A9B-NVFP4,p2
0,0,,out,True,nvidia/NVIDIA-Nemotron-Labs-3-Puzzle-75B-A9B-NVFP4,p2
0,0,,out,True,nvidia/NVIDIA-Nemotron-Labs-3-Puzzle-75B-A9B-NVFP4,p2
0,0,,out,True,nvidia/NVIDIA-Nemotron-Labs-3-Puzzle-75B-A9B-NVFP4,p2
0,0,,out,True,nvidia/NVIDIA-Nemotron-Labs-3-Puzzle-75B-A9B-NVFP4,p2
0,0,,out,True,nvidia/NVIDIA-Nemotron-Labs-3-Puzzle-75B-A9B-NVFP4,p2
0,0,,out,True,nvidia/NVIDIA-Nemotron-Labs-3-Puzzle-75B-A9B-NVFP4,p2
0,0,,out,True,nvidia/NVIDIA-Nemotron-Labs-3-Puzzle-75B-A9B-NVFP4,p2
1,1,,bathe,True,nvidia/NVIDIA-Nemotron-Labs-3-Puzzle-75B-A9B-NVFP4,p2
0,0,,bathe,True,nvidia/NVIDIA-Nemotron-Labs-3-Puzzle-75B-A9B-NVFP4,p2
0,0,,bathe,True,nvidia/NVIDIA-Nemotron-Labs-3-Puzzle-75B-A9B-NVFP4,p2
1,1,,speculate,True,nvidia/NVIDIA-Nemotron-Labs-3-Puzzle-75B-A9B-NVFP4,p2
1,1,,speculate,True,nvidia/NVIDIA-Nemotron-Labs-3-Puzzle-75B-A9B-NVFP4,p2
0,1,,speculate,False,nvidia/NVIDIA-Nemotron-Labs-3-Puzzle-75B-A9B-NVFP4,p2
0,1,,speculate,False,nvidia/NVIDIA-Nemotron-Labs-3-Puzzle-75B-A9B-NVFP4,p2
0,1,,speculate,False,nvidia/NVIDIA-Nemotron-Labs-3-Puzzle-75B-A9B-NVFP4,p2
1,1,,converge,True,nvidia/NVIDIA-Nemotron-Labs-3-Puzzle-75B-A9B-NVFP4,p2
1,1,,converge,True,nvidia/NVIDIA-Nemotron-Labs-3-Puzzle-75B-A9B-NVFP4,p2
0,1,,converge,False,nvidia/NVIDIA-Nemotron-Labs-3-Puzzle-75B-A9B-NVFP4,p2
0,1,,converge,False,nvidia/NVIDIA-Nemotron-Labs-3-Puzzle-75B-A9B-NVFP4,p2
1,1,,compound,True,nvidia/NVIDIA-Nemotron-Labs-3-Puzzle-75B-A9B-NVFP4,p2
1,1,,compound,True,nvidia/NVIDIA-Nemotron-Labs-3-Puzzle-75B-A9B-NVFP4,p2
0,0,,compound,True,nvidia/NVIDIA-Nemotron-Labs-3-Puzzle-75B-A9B-NVFP4,p2
0,0,,compound,True,nvidia/NVIDIA-Nemotron-Labs-3-Puzzle-75B-A9B-NVFP4,p2
0,0,,compound,True,nvidia/NVIDIA-Nemotron-Labs-3-Puzzle-75B-A9B-NVFP4,p2
1,1,,cult,True,nvidia/NVIDIA-Nemotron-Labs-3-Puzzle-75B-A9B-NVFP4,p2
1,1,,cult,True,nvidia/NVIDIA-Nemotron-Labs-3-Puzzle-75B-A9B-NVFP4,p2
1,1,,cult,True,nvidia/NVIDIA-Nemotron-Labs-3-Puzzle-75B-A9B-NVFP4,p2
0,1,,cult,False,nvidia/NVIDIA-Nemotron-Labs-3-Puzzle-75B-A9B-NVFP4,p2
0,1,,cult,False,nvidia/NVIDIA-Nemotron-Labs-3-Puzzle-75B-A9B-NVFP4,p2
0,0,,cult,True,nvidia/NVIDIA-Nemotron-Labs-3-Puzzle-75B-A9B-NVFP4,p2
1,1,,accent,True,nvidia/NVIDIA-Nemotron-Labs-3-Puzzle-75B-A9B-NVFP4,p2
1,1,,accent,True,nvidia/NVIDIA-Nemotron-Labs-3-Puzzle-75B-A9B-NVFP4,p2
1,1,,accent,True,nvidia/NVIDIA-Nemotron-Labs-3-Puzzle-75B-A9B-NVFP4,p2
1,1,,accent,True,nvidia/NVIDIA-Nemotron-Labs-3-Puzzle-75B-A9B-NVFP4,p2
0,0,,accent,True,nvidia/NVIDIA-Nemotron-Labs-3-Puzzle-75B-A9B-NVFP4,p2
0,0,,accent,True,nvidia/NVIDIA-Nemotron-Labs-3-Puzzle-75B-A9B-NVFP4,p2
0,0,,accent,True,nvidia/NVIDIA-Nemotron-Labs-3-Puzzle-75B-A9B-NVFP4,p2
0,1,,accent,False,nvidia/NVIDIA-Nemotron-Labs-3-Puzzle-75B-A9B-NVFP4,p2
1,1,,abstract,True,nvidia/NVIDIA-Nemotron-Labs-3-Puzzle-75B-A9B-NVFP4,p2
1,1,,abstract,True,nvidia/NVIDIA-Nemotron-Labs-3-Puzzle-75B-A9B-NVFP4,p2
0,1,,abstract,False,nvidia/NVIDIA-Nemotron-Labs-3-Puzzle-75B-A9B-NVFP4,p2
0,0,,abstract,True,nvidia/NVIDIA-Nemotron-Labs-3-Puzzle-75B-A9B-NVFP4,p2
0,0,,adaptation,True,nvidia/NVIDIA-Nemotron-Labs-3-Puzzle-75B-A9B-NVFP4,p2
0,0,,adaptation,True,nvidia/NVIDIA-Nemotron-Labs-3-Puzzle-75B-A9B-NVFP4,p2
1,1,,purse,True,nvidia/NVIDIA-Nemotron-Labs-3-Puzzle-75B-A9B-NVFP4,p2
1,1,,purse,True,nvidia/NVIDIA-Nemotron-Labs-3-Puzzle-75B-A9B-NVFP4,p2
0,0,,purse,True,nvidia/NVIDIA-Nemotron-Labs-3-Puzzle-75B-A9B-NVFP4,p2
0,0,,purse,True,nvidia/NVIDIA-Nemotron-Labs-3-Puzzle-75B-A9B-NVFP4,p2
0,0,,caste,True,nvidia/NVIDIA-Nemotron-Labs-3-Puzzle-75B-A9B-NVFP4,p2
1,1,,plenty,True,nvidia/NVIDIA-Nemotron-Labs-3-Puzzle-75B-A9B-NVFP4,p2
0,1,,plenty,False,nvidia/NVIDIA-Nemotron-Labs-3-Puzzle-75B-A9B-NVFP4,p2
0,1,,plenty,False,nvidia/NVIDIA-Nemotron-Labs-3-Puzzle-75B-A9B-NVFP4,p2
1,1,,thanks,True,nvidia/NVIDIA-Nemotron-Labs-3-Puzzle-75B-A9B-NVFP4,p2
1,1,,thanks,True,nvidia/NVIDIA-Nemotron-Labs-3-Puzzle-75B-A9B-NVFP4,p2
0,0,,thanks,True,nvidia/NVIDIA-Nemotron-Labs-3-Puzzle-75B-A9B-NVFP4,p2
1,1,,detectable,True,nvidia/NVIDIA-Nemotron-Labs-3-Puzzle-75B-A9B-NVFP4,p2
0,1,,detectable,False,nvidia/NVIDIA-Nemotron-Labs-3-Puzzle-75B-A9B-NVFP4,p2
0,0,,all_over,True,nvidia/NVIDIA-Nemotron-Labs-3-Puzzle-75B-A9B-NVFP4,p2
1,1,,look_back,True,nvidia/NVIDIA-Nemotron-Labs-3-Puzzle-75B-A9B-NVFP4,p2
0,0,,look_back,True,nvidia/NVIDIA-Nemotron-Labs-3-Puzzle-75B-A9B-NVFP4,p2
1,1,,capillary,True,nvidia/NVIDIA-Nemotron-Labs-3-Puzzle-75B-A9B-NVFP4,p2
0,0,,capillary,True,nvidia/NVIDIA-Nemotron-Labs-3-Puzzle-75B-A9B-NVFP4,p2
1,1,,nationality,True,nvidia/NVIDIA-Nemotron-Labs-3-Puzzle-75B-A9B-NVFP4,p2
0,1,,nationality,False,nvidia/NVIDIA-Nemotron-Labs-3-Puzzle-75B-A9B-NVFP4,p2
1,1,,graft,True,nvidia/NVIDIA-Nemotron-Labs-3-Puzzle-75B-A9B-NVFP4,p2
1,1,,graft,True,nvidia/NVIDIA-Nemotron-Labs-3-Puzzle-75B-A9B-NVFP4,p2
0,0,,graft,True,nvidia/NVIDIA-Nemotron-Labs-3-Puzzle-75B-A9B-NVFP4,p2
0,0,,graft,True,nvidia/NVIDIA-Nemotron-Labs-3-Puzzle-75B-A9B-NVFP4,p2
0,1,,localized,False,nvidia/NVIDIA-Nemotron-Labs-3-Puzzle-75B-A9B-NVFP4,p2
0,0,,localized,True,nvidia/NVIDIA-Nemotron-Labs-3-Puzzle-75B-A9B-NVFP4,p2
1,1,,sorus,True,nvidia/NVIDIA-Nemotron-Labs-3-Puzzle-75B-A9B-NVFP4,p2
0,1,,sorus,False,nvidia/NVIDIA-Nemotron-Labs-3-Puzzle-75B-A9B-NVFP4,p2
0,1,,sorus,False,nvidia/NVIDIA-Nemotron-Labs-3-Puzzle-75B-A9B-NVFP4,p2
1,1,,prime,True,nvidia/NVIDIA-Nemotron-Labs-3-Puzzle-75B-A9B-NVFP4,p2
1,1,,prime,True,nvidia/NVIDIA-Nemotron-Labs-3-Puzzle-75B-A9B-NVFP4,p2
1,1,,prime,True,nvidia/NVIDIA-Nemotron-Labs-3-Puzzle-75B-A9B-NVFP4,p2
1,1,,prime,True,nvidia/NVIDIA-Nemotron-Labs-3-Puzzle-75B-A9B-NVFP4,p2
0,0,,prime,True,nvidia/NVIDIA-Nemotron-Labs-3-Puzzle-75B-A9B-NVFP4,p2
0,0,,prime,True,nvidia/NVIDIA-Nemotron-Labs-3-Puzzle-75B-A9B-NVFP4,p2
0,0,,prime,True,nvidia/NVIDIA-Nemotron-Labs-3-Puzzle-75B-A9B-NVFP4,p2
0,1,,prime,False,nvidia/NVIDIA-Nemotron-Labs-3-Puzzle-75B-A9B-NVFP4,p2
0,0,,prime,True,nvidia/NVIDIA-Nemotron-Labs-3-Puzzle-75B-A9B-NVFP4,p2
1,1,,suspect,True,nvidia/NVIDIA-Nemotron-Labs-3-Puzzle-75B-A9B-NVFP4,p2
0,1,,suspect,False,nvidia/NVIDIA-Nemotron-Labs-3-Puzzle-75B-A9B-NVFP4,p2
0,1,,suspect,False,nvidia/NVIDIA-Nemotron-Labs-3-Puzzle-75B-A9B-NVFP4,p2
1,1,,discourse,True,nvidia/NVIDIA-Nemotron-Labs-3-Puzzle-75B-A9B-NVFP4,p2
0,1,,discourse,False,nvidia/NVIDIA-Nemotron-Labs-3-Puzzle-75B-A9B-NVFP4,p2
1,1,,mustard,True,nvidia/NVIDIA-Nemotron-Labs-3-Puzzle-75B-A9B-NVFP4,p2
0,0,,mustard,True,nvidia/NVIDIA-Nemotron-Labs-3-Puzzle-75B-A9B-NVFP4,p2
1,1,,delegate,True,nvidia/NVIDIA-Nemotron-Labs-3-Puzzle-75B-A9B-NVFP4,p2
0,1,,delegate,False,nvidia/NVIDIA-Nemotron-Labs-3-Puzzle-75B-A9B-NVFP4,p2
0,1,,delegate,False,nvidia/NVIDIA-Nemotron-Labs-3-Puzzle-75B-A9B-NVFP4,p2
0,0,,receipt,True,nvidia/NVIDIA-Nemotron-Labs-3-Puzzle-75B-A9B-NVFP4,p2
0,0,,receipt,True,nvidia/NVIDIA-Nemotron-Labs-3-Puzzle-75B-A9B-NVFP4,p2
0,1,,sever,False,nvidia/NVIDIA-Nemotron-Labs-3-Puzzle-75B-A9B-NVFP4,p2
1,1,,delight,True,nvidia/NVIDIA-Nemotron-Labs-3-Puzzle-75B-A9B-NVFP4,p2
1,1,,delight,True,nvidia/NVIDIA-Nemotron-Labs-3-Puzzle-75B-A9B-NVFP4,p2
0,1,,delight,False,nvidia/NVIDIA-Nemotron-Labs-3-Puzzle-75B-A9B-NVFP4,p2
0,1,,delight,False,nvidia/NVIDIA-Nemotron-Labs-3-Puzzle-75B-A9B-NVFP4,p2
1,1,,shipping,True,nvidia/NVIDIA-Nemotron-Labs-3-Puzzle-75B-A9B-NVFP4,p2
0,1,,miracle,False,nvidia/NVIDIA-Nemotron-Labs-3-Puzzle-75B-A9B-NVFP4,p2
0,1,,dispute,False,nvidia/NVIDIA-Nemotron-Labs-3-Puzzle-75B-A9B-NVFP4,p2
0,1,,dispute,False,nvidia/NVIDIA-Nemotron-Labs-3-Puzzle-75B-A9B-NVFP4,p2
1,1,,trump,True,nvidia/NVIDIA-Nemotron-Labs-3-Puzzle-75B-A9B-NVFP4,p2
0,1,,frightened,False,nvidia/NVIDIA-Nemotron-Labs-3-Puzzle-75B-A9B-NVFP4,p2
1,0,,acquaintance,False,nvidia/NVIDIA-Nemotron-Labs-3-Puzzle-75B-A9B-NVFP4,p2
1,1,,acquaintance,True,nvidia/NVIDIA-Nemotron-Labs-3-Puzzle-75B-A9B-NVFP4,p2
0,0,,acquaintance,True,nvidia/NVIDIA-Nemotron-Labs-3-Puzzle-75B-A9B-NVFP4,p2
0,0,,acquaintance,True,nvidia/NVIDIA-Nemotron-Labs-3-Puzzle-75B-A9B-NVFP4,p2
0,1,,acquaintance,False,nvidia/NVIDIA-Nemotron-Labs-3-Puzzle-75B-A9B-NVFP4,p2
1,1,,irony,True,nvidia/NVIDIA-Nemotron-Labs-3-Puzzle-75B-A9B-NVFP4,p2
1,1,,irony,True,nvidia/NVIDIA-Nemotron-Labs-3-Puzzle-75B-A9B-NVFP4,p2
0,1,,irony,False,nvidia/NVIDIA-Nemotron-Labs-3-Puzzle-75B-A9B-NVFP4,p2
0,0,,irony,True,nvidia/NVIDIA-Nemotron-Labs-3-Puzzle-75B-A9B-NVFP4,p2
0,1,,irony,False,nvidia/NVIDIA-Nemotron-Labs-3-Puzzle-75B-A9B-NVFP4,p2
1,1,,formality,True,nvidia/NVIDIA-Nemotron-Labs-3-Puzzle-75B-A9B-NVFP4,p2
1,1,,formality,True,nvidia/NVIDIA-Nemotron-Labs-3-Puzzle-75B-A9B-NVFP4,p2
0,1,,formality,False,nvidia/NVIDIA-Nemotron-Labs-3-Puzzle-75B-A9B-NVFP4,p2
0,0,,formality,True,nvidia/NVIDIA-Nemotron-Labs-3-Puzzle-75B-A9B-NVFP4,p2
0,0,,formality,True,nvidia/NVIDIA-Nemotron-Labs-3-Puzzle-75B-A9B-NVFP4,p2
1,1,,orthodoxy,True,nvidia/NVIDIA-Nemotron-Labs-3-Puzzle-75B-A9B-NVFP4,p2
1,1,,orthodoxy,True,nvidia/NVIDIA-Nemotron-Labs-3-Puzzle-75B-A9B-NVFP4,p2
0,1,,orthodoxy,False,nvidia/NVIDIA-Nemotron-Labs-3-Puzzle-75B-A9B-NVFP4,p2
0,1,,orthodoxy,False,nvidia/NVIDIA-Nemotron-Labs-3-Puzzle-75B-A9B-NVFP4,p2
1,1,,negative,True,nvidia/NVIDIA-Nemotron-Labs-3-Puzzle-75B-A9B-NVFP4,p2
0,0,,negative,True,nvidia/NVIDIA-Nemotron-Labs-3-Puzzle-75B-A9B-NVFP4,p2
1,1,,rigorous,True,nvidia/NVIDIA-Nemotron-Labs-3-Puzzle-75B-A9B-NVFP4,p2
0,1,,rigorous,False,nvidia/NVIDIA-Nemotron-Labs-3-Puzzle-75B-A9B-NVFP4,p2
1,1,,penetrating,True,nvidia/NVIDIA-Nemotron-Labs-3-Puzzle-75B-A9B-NVFP4,p2
0,1,,penetrating,False,nvidia/NVIDIA-Nemotron-Labs-3-Puzzle-75B-A9B-NVFP4,p2
0,0,,penetrating,True,nvidia/NVIDIA-Nemotron-Labs-3-Puzzle-75B-A9B-NVFP4,p2
0,1,,telephone_line,False,nvidia/NVIDIA-Nemotron-Labs-3-Puzzle-75B-A9B-NVFP4,p2
1,1,,journalism,True,nvidia/NVIDIA-Nemotron-Labs-3-Puzzle-75B-A9B-NVFP4,p2
1,1,,mourn,True,nvidia/NVIDIA-Nemotron-Labs-3-Puzzle-75B-A9B-NVFP4,p2
1,1,,mourn,True,nvidia/NVIDIA-Nemotron-Labs-3-Puzzle-75B-A9B-NVFP4,p2
0,1,,mourn,False,nvidia/NVIDIA-Nemotron-Labs-3-Puzzle-75B-A9B-NVFP4,p2
1,1,,sessile,True,nvidia/NVIDIA-Nemotron-Labs-3-Puzzle-75B-A9B-NVFP4,p2
1,1,,sessile,True,nvidia/NVIDIA-Nemotron-Labs-3-Puzzle-75B-A9B-NVFP4,p2
0,1,,sessile,False,nvidia/NVIDIA-Nemotron-Labs-3-Puzzle-75B-A9B-NVFP4,p2
0,1,,furrow,False,nvidia/NVIDIA-Nemotron-Labs-3-Puzzle-75B-A9B-NVFP4,p2
1,1,,hemp,True,nvidia/NVIDIA-Nemotron-Labs-3-Puzzle-75B-A9B-NVFP4,p2
0,0,,hemp,True,nvidia/NVIDIA-Nemotron-Labs-3-Puzzle-75B-A9B-NVFP4,p2
0,1,,hemp,False,nvidia/NVIDIA-Nemotron-Labs-3-Puzzle-75B-A9B-NVFP4,p2
0,0,,hemp,True,nvidia/NVIDIA-Nemotron-Labs-3-Puzzle-75B-A9B-NVFP4,p2
1,1,,confine,True,nvidia/NVIDIA-Nemotron-Labs-3-Puzzle-75B-A9B-NVFP4,p2
1,1,,confine,True,nvidia/NVIDIA-Nemotron-Labs-3-Puzzle-75B-A9B-NVFP4,p2
1,1,,confine,True,nvidia/NVIDIA-Nemotron-Labs-3-Puzzle-75B-A9B-NVFP4,p2
0,1,,confine,False,nvidia/NVIDIA-Nemotron-Labs-3-Puzzle-75B-A9B-NVFP4,p2
0,1,,confine,False,nvidia/NVIDIA-Nemotron-Labs-3-Puzzle-75B-A9B-NVFP4,p2
0,1,,confine,False,nvidia/NVIDIA-Nemotron-Labs-3-Puzzle-75B-A9B-NVFP4,p2
0,1,,confine,False,nvidia/NVIDIA-Nemotron-Labs-3-Puzzle-75B-A9B-NVFP4,p2
1,1,,enamel,True,nvidia/NVIDIA-Nemotron-Labs-3-Puzzle-75B-A9B-NVFP4,p2
1,1,,enamel,True,nvidia/NVIDIA-Nemotron-Labs-3-Puzzle-75B-A9B-NVFP4,p2
1,1,,enamel,True,nvidia/NVIDIA-Nemotron-Labs-3-Puzzle-75B-A9B-NVFP4,p2
0,0,,enamel,True,nvidia/NVIDIA-Nemotron-Labs-3-Puzzle-75B-A9B-NVFP4,p2
0,0,,enamel,True,nvidia/NVIDIA-Nemotron-Labs-3-Puzzle-75B-A9B-NVFP4,p2
0,0,,enamel,True,nvidia/NVIDIA-Nemotron-Labs-3-Puzzle-75B-A9B-NVFP4,p2
1,1,,indulgence,True,nvidia/NVIDIA-Nemotron-Labs-3-Puzzle-75B-A9B-NVFP4,p2
1,1,,indulgence,True,nvidia/NVIDIA-Nemotron-Labs-3-Puzzle-75B-A9B-NVFP4,p2
1,1,,indulgence,True,nvidia/NVIDIA-Nemotron-Labs-3-Puzzle-75B-A9B-NVFP4,p2
0,0,,indulgence,True,nvidia/NVIDIA-Nemotron-Labs-3-Puzzle-75B-A9B-NVFP4,p2
0,0,,indulgence,True,nvidia/NVIDIA-Nemotron-Labs-3-Puzzle-75B-A9B-NVFP4,p2
1,1,,charitable,True,nvidia/NVIDIA-Nemotron-Labs-3-Puzzle-75B-A9B-NVFP4,p2
1,1,,charitable,True,nvidia/NVIDIA-Nemotron-Labs-3-Puzzle-75B-A9B-NVFP4,p2
0,0,,charitable,True,nvidia/NVIDIA-Nemotron-Labs-3-Puzzle-75B-A9B-NVFP4,p2
1,1,,luck,True,nvidia/NVIDIA-Nemotron-Labs-3-Puzzle-75B-A9B-NVFP4,p2
0,0,,luck,True,nvidia/NVIDIA-Nemotron-Labs-3-Puzzle-75B-A9B-NVFP4,p2
1,1,,stamp,True,nvidia/NVIDIA-Nemotron-Labs-3-Puzzle-75B-A9B-NVFP4,p2
1,1,,stamp,True,nvidia/NVIDIA-Nemotron-Labs-3-Puzzle-75B-A9B-NVFP4,p2
1,1,,stamp,True,nvidia/NVIDIA-Nemotron-Labs-3-Puzzle-75B-A9B-NVFP4,p2
1,1,,stamp,True,nvidia/NVIDIA-Nemotron-Labs-3-Puzzle-75B-A9B-NVFP4,p2
1,1,,stamp,True,nvidia/NVIDIA-Nemotron-Labs-3-Puzzle-75B-A9B-NVFP4,p2
1,1,,stamp,True,nvidia/NVIDIA-Nemotron-Labs-3-Puzzle-75B-A9B-NVFP4,p2
0,0,,stamp,True,nvidia/NVIDIA-Nemotron-Labs-3-Puzzle-75B-A9B-NVFP4,p2
0,0,,stamp,True,nvidia/NVIDIA-Nemotron-Labs-3-Puzzle-75B-A9B-NVFP4,p2
0,0,,stamp,True,nvidia/NVIDIA-Nemotron-Labs-3-Puzzle-75B-A9B-NVFP4,p2
0,0,,stamp,True,nvidia/NVIDIA-Nemotron-Labs-3-Puzzle-75B-A9B-NVFP4,p2
0,0,,stamp,True,nvidia/NVIDIA-Nemotron-Labs-3-Puzzle-75B-A9B-NVFP4,p2
0,1,,stamp,False,nvidia/NVIDIA-Nemotron-Labs-3-Puzzle-75B-A9B-NVFP4,p2
1,1,,speed,True,nvidia/NVIDIA-Nemotron-Labs-3-Puzzle-75B-A9B-NVFP4,p2
1,1,,speed,True,nvidia/NVIDIA-Nemotron-Labs-3-Puzzle-75B-A9B-NVFP4,p2
1,1,,speed,True,nvidia/NVIDIA-Nemotron-Labs-3-Puzzle-75B-A9B-NVFP4,p2
1,1,,speed,True,nvidia/NVIDIA-Nemotron-Labs-3-Puzzle-75B-A9B-NVFP4,p2
0,1,,speed,False,nvidia/NVIDIA-Nemotron-Labs-3-Puzzle-75B-A9B-NVFP4,p2
0,1,,speed,False,nvidia/NVIDIA-Nemotron-Labs-3-Puzzle-75B-A9B-NVFP4,p2
0,1,,speed,False,nvidia/NVIDIA-Nemotron-Labs-3-Puzzle-75B-A9B-NVFP4,p2
0,1,,speed,False,nvidia/NVIDIA-Nemotron-Labs-3-Puzzle-75B-A9B-NVFP4,p2
1,1,,thoughtful,True,nvidia/NVIDIA-Nemotron-Labs-3-Puzzle-75B-A9B-NVFP4,p2
1,1,,thoughtful,True,nvidia/NVIDIA-Nemotron-Labs-3-Puzzle-75B-A9B-NVFP4,p2
0,1,,thoughtful,False,nvidia/NVIDIA-Nemotron-Labs-3-Puzzle-75B-A9B-NVFP4,p2
0,1,,thoughtful,False,nvidia/NVIDIA-Nemotron-Labs-3-Puzzle-75B-A9B-NVFP4,p2
1,1,,outlet,True,nvidia/NVIDIA-Nemotron-Labs-3-Puzzle-75B-A9B-NVFP4,p2
1,1,,outlet,True,nvidia/NVIDIA-Nemotron-Labs-3-Puzzle-75B-A9B-NVFP4,p2
1,1,,outlet,True,nvidia/NVIDIA-Nemotron-Labs-3-Puzzle-75B-A9B-NVFP4,p2
0,0,,outlet,True,nvidia/NVIDIA-Nemotron-Labs-3-Puzzle-75B-A9B-NVFP4,p2
0,0,,outlet,True,nvidia/NVIDIA-Nemotron-Labs-3-Puzzle-75B-A9B-NVFP4,p2
0,0,,outlet,True,nvidia/NVIDIA-Nemotron-Labs-3-Puzzle-75B-A9B-NVFP4,p2
0,0,,outlet,True,nvidia/NVIDIA-Nemotron-Labs-3-Puzzle-75B-A9B-NVFP4,p2
1,1,,frost,True,nvidia/NVIDIA-Nemotron-Labs-3-Puzzle-75B-A9B-NVFP4,p2
1,1,,frost,True,nvidia/NVIDIA-Nemotron-Labs-3-Puzzle-75B-A9B-NVFP4,p2
0,1,,frost,False,nvidia/NVIDIA-Nemotron-Labs-3-Puzzle-75B-A9B-NVFP4,p2
0,1,,frost,False,nvidia/NVIDIA-Nemotron-Labs-3-Puzzle-75B-A9B-NVFP4,p2
0,0,,frost,True,nvidia/NVIDIA-Nemotron-Labs-3-Puzzle-75B-A9B-NVFP4,p2
0,1,,courtesy,False,nvidia/NVIDIA-Nemotron-Labs-3-Puzzle-75B-A9B-NVFP4,p2
0,1,,lawful,False,nvidia/NVIDIA-Nemotron-Labs-3-Puzzle-75B-A9B-NVFP4,p2
0,1,,lawful,False,nvidia/NVIDIA-Nemotron-Labs-3-Puzzle-75B-A9B-NVFP4,p2
1,1,,closure,True,nvidia/NVIDIA-Nemotron-Labs-3-Puzzle-75B-A9B-NVFP4,p2
1,1,,closure,True,nvidia/NVIDIA-Nemotron-Labs-3-Puzzle-75B-A9B-NVFP4,p2
1,1,,closure,True,nvidia/NVIDIA-Nemotron-Labs-3-Puzzle-75B-A9B-NVFP4,p2
0,0,,closure,True,nvidia/NVIDIA-Nemotron-Labs-3-Puzzle-75B-A9B-NVFP4,p2
0,0,,closure,True,nvidia/NVIDIA-Nemotron-Labs-3-Puzzle-75B-A9B-NVFP4,p2
0,1,,closure,False,nvidia/NVIDIA-Nemotron-Labs-3-Puzzle-75B-A9B-NVFP4,p2
0,0,,closure,True,nvidia/NVIDIA-Nemotron-Labs-3-Puzzle-75B-A9B-NVFP4,p2
0,0,,closure,True,nvidia/NVIDIA-Nemotron-Labs-3-Puzzle-75B-A9B-NVFP4,p2
1,1,,consolidate,True,nvidia/NVIDIA-Nemotron-Labs-3-Puzzle-75B-A9B-NVFP4,p2
0,0,,consolidate,True,nvidia/NVIDIA-Nemotron-Labs-3-Puzzle-75B-A9B-NVFP4,p2
0,0,,consolidate,True,nvidia/NVIDIA-Nemotron-Labs-3-Puzzle-75B-A9B-NVFP4,p2
0,1,,consolidate,False,nvidia/NVIDIA-Nemotron-Labs-3-Puzzle-75B-A9B-NVFP4,p2
0,1,,consolidate,False,nvidia/NVIDIA-Nemotron-Labs-3-Puzzle-75B-A9B-NVFP4,p2
1,0,,break_out,False,nvidia/NVIDIA-Nemotron-Labs-3-Puzzle-75B-A9B-NVFP4,p2
1,1,,break_out,True,nvidia/NVIDIA-Nemotron-Labs-3-Puzzle-75B-A9B-NVFP4,p2
0,0,,break_out,True,nvidia/NVIDIA-Nemotron-Labs-3-Puzzle-75B-A9B-NVFP4,p2
0,0,,break_out,True,nvidia/NVIDIA-Nemotron-Labs-3-Puzzle-75B-A9B-NVFP4,p2
0,0,,break_out,True,nvidia/NVIDIA-Nemotron-Labs-3-Puzzle-75B-A9B-NVFP4,p2
1,1,,modest,True,nvidia/NVIDIA-Nemotron-Labs-3-Puzzle-75B-A9B-NVFP4,p2
1,1,,modest,True,nvidia/NVIDIA-Nemotron-Labs-3-Puzzle-75B-A9B-NVFP4,p2
0,1,,modest,False,nvidia/NVIDIA-Nemotron-Labs-3-Puzzle-75B-A9B-NVFP4,p2
0,1,,modest,False,nvidia/NVIDIA-Nemotron-Labs-3-Puzzle-75B-A9B-NVFP4,p2
0,1,,modest,False,nvidia/NVIDIA-Nemotron-Labs-3-Puzzle-75B-A9B-NVFP4,p2
0,0,,modest,True,nvidia/NVIDIA-Nemotron-Labs-3-Puzzle-75B-A9B-NVFP4,p2
0,1,,modest,False,nvidia/NVIDIA-Nemotron-Labs-3-Puzzle-75B-A9B-NVFP4,p2
0,0,,modest,True,nvidia/NVIDIA-Nemotron-Labs-3-Puzzle-75B-A9B-NVFP4,p2
1,1,,flare,True,nvidia/NVIDIA-Nemotron-Labs-3-Puzzle-75B-A9B-NVFP4,p2
1,1,,flare,True,nvidia/NVIDIA-Nemotron-Labs-3-Puzzle-75B-A9B-NVFP4,p2
0,1,,flare,False,nvidia/NVIDIA-Nemotron-Labs-3-Puzzle-75B-A9B-NVFP4,p2
0,0,,flare,True,nvidia/NVIDIA-Nemotron-Labs-3-Puzzle-75B-A9B-NVFP4,p2
0,0,,flare,True,nvidia/NVIDIA-Nemotron-Labs-3-Puzzle-75B-A9B-NVFP4,p2
0,0,,flare,True,nvidia/NVIDIA-Nemotron-Labs-3-Puzzle-75B-A9B-NVFP4,p2
0,1,,flare,False,nvidia/NVIDIA-Nemotron-Labs-3-Puzzle-75B-A9B-NVFP4,p2
0,0,,flare,True,nvidia/NVIDIA-Nemotron-Labs-3-Puzzle-75B-A9B-NVFP4,p2
0,0,,flare,True,nvidia/NVIDIA-Nemotron-Labs-3-Puzzle-75B-A9B-NVFP4,p2
1,1,,defiance,True,nvidia/NVIDIA-Nemotron-Labs-3-Puzzle-75B-A9B-NVFP4,p2
0,1,,defiance,False,nvidia/NVIDIA-Nemotron-Labs-3-Puzzle-75B-A9B-NVFP4,p2
1,1,,slow,True,nvidia/NVIDIA-Nemotron-Labs-3-Puzzle-75B-A9B-NVFP4,p2
0,1,,slow,False,nvidia/NVIDIA-Nemotron-Labs-3-Puzzle-75B-A9B-NVFP4,p2
0,0,,propagation,True,nvidia/NVIDIA-Nemotron-Labs-3-Puzzle-75B-A9B-NVFP4,p2
0,0,,propagation,True,nvidia/NVIDIA-Nemotron-Labs-3-Puzzle-75B-A9B-NVFP4,p2
1,1,,robe,True,nvidia/NVIDIA-Nemotron-Labs-3-Puzzle-75B-A9B-NVFP4,p2
0,1,,robe,False,nvidia/NVIDIA-Nemotron-Labs-3-Puzzle-75B-A9B-NVFP4,p2
1,1,,meanwhile,True,nvidia/NVIDIA-Nemotron-Labs-3-Puzzle-75B-A9B-NVFP4,p2
1,1,,meanwhile,True,nvidia/NVIDIA-Nemotron-Labs-3-Puzzle-75B-A9B-NVFP4,p2
1,1,,affiliation,True,nvidia/NVIDIA-Nemotron-Labs-3-Puzzle-75B-A9B-NVFP4,p2
0,1,,affiliation,False,nvidia/NVIDIA-Nemotron-Labs-3-Puzzle-75B-A9B-NVFP4,p2
0,1,,affiliation,False,nvidia/NVIDIA-Nemotron-Labs-3-Puzzle-75B-A9B-NVFP4,p2
1,1,,grotesque,True,nvidia/NVIDIA-Nemotron-Labs-3-Puzzle-75B-A9B-NVFP4,p2
1,1,,earnings,True,nvidia/NVIDIA-Nemotron-Labs-3-Puzzle-75B-A9B-NVFP4,p2
1,1,,earnings,True,nvidia/NVIDIA-Nemotron-Labs-3-Puzzle-75B-A9B-NVFP4,p2
1,1,,invisible,True,nvidia/NVIDIA-Nemotron-Labs-3-Puzzle-75B-A9B-NVFP4,p2
0,0,,invisible,True,nvidia/NVIDIA-Nemotron-Labs-3-Puzzle-75B-A9B-NVFP4,p2
1,1,,duke,True,nvidia/NVIDIA-Nemotron-Labs-3-Puzzle-75B-A9B-NVFP4,p2
1,1,,lotion,True,nvidia/NVIDIA-Nemotron-Labs-3-Puzzle-75B-A9B-NVFP4,p2
1,1,,lotion,True,nvidia/NVIDIA-Nemotron-Labs-3-Puzzle-75B-A9B-NVFP4,p2
0,1,,lotion,False,nvidia/NVIDIA-Nemotron-Labs-3-Puzzle-75B-A9B-NVFP4,p2
0,1,,lotion,False,nvidia/NVIDIA-Nemotron-Labs-3-Puzzle-75B-A9B-NVFP4,p2
1,1,,semiconductor,True,nvidia/NVIDIA-Nemotron-Labs-3-Puzzle-75B-A9B-NVFP4,p2
0,1,,semiconductor,False,nvidia/NVIDIA-Nemotron-Labs-3-Puzzle-75B-A9B-NVFP4,p2
1,1,,flax,True,nvidia/NVIDIA-Nemotron-Labs-3-Puzzle-75B-A9B-NVFP4,p2
0,1,,flax,False,nvidia/NVIDIA-Nemotron-Labs-3-Puzzle-75B-A9B-NVFP4,p2
1,1,,recapture,True,nvidia/NVIDIA-Nemotron-Labs-3-Puzzle-75B-A9B-NVFP4,p2
1,1,,recapture,True,nvidia/NVIDIA-Nemotron-Labs-3-Puzzle-75B-A9B-NVFP4,p2
0,1,,recapture,False,nvidia/NVIDIA-Nemotron-Labs-3-Puzzle-75B-A9B-NVFP4,p2
0,1,,recapture,False,nvidia/NVIDIA-Nemotron-Labs-3-Puzzle-75B-A9B-NVFP4,p2
1,1,,empty,True,nvidia/NVIDIA-Nemotron-Labs-3-Puzzle-75B-A9B-NVFP4,p2
0,1,,empty,False,nvidia/NVIDIA-Nemotron-Labs-3-Puzzle-75B-A9B-NVFP4,p2
0,1,,empty,False,nvidia/NVIDIA-Nemotron-Labs-3-Puzzle-75B-A9B-NVFP4,p2
1,1,,suite,True,nvidia/NVIDIA-Nemotron-Labs-3-Puzzle-75B-A9B-NVFP4,p2
1,1,,suite,True,nvidia/NVIDIA-Nemotron-Labs-3-Puzzle-75B-A9B-NVFP4,p2
1,1,,suite,True,nvidia/NVIDIA-Nemotron-Labs-3-Puzzle-75B-A9B-NVFP4,p2
0,0,,suite,True,nvidia/NVIDIA-Nemotron-Labs-3-Puzzle-75B-A9B-NVFP4,p2
0,0,,suite,True,nvidia/NVIDIA-Nemotron-Labs-3-Puzzle-75B-A9B-NVFP4,p2
1,1,,disintegration,True,nvidia/NVIDIA-Nemotron-Labs-3-Puzzle-75B-A9B-NVFP4,p2
1,1,,disintegration,True,nvidia/NVIDIA-Nemotron-Labs-3-Puzzle-75B-A9B-NVFP4,p2
1,1,,disintegration,True,nvidia/NVIDIA-Nemotron-Labs-3-Puzzle-75B-A9B-NVFP4,p2
1,1,,disintegration,True,nvidia/NVIDIA-Nemotron-Labs-3-Puzzle-75B-A9B-NVFP4,p2
0,0,,disintegration,True,nvidia/NVIDIA-Nemotron-Labs-3-Puzzle-75B-A9B-NVFP4,p2
1,1,,crown,True,nvidia/NVIDIA-Nemotron-Labs-3-Puzzle-75B-A9B-NVFP4,p2
1,1,,crown,True,nvidia/NVIDIA-Nemotron-Labs-3-Puzzle-75B-A9B-NVFP4,p2
1,1,,crown,True,nvidia/NVIDIA-Nemotron-Labs-3-Puzzle-75B-A9B-NVFP4,p2
1,1,,crown,True,nvidia/NVIDIA-Nemotron-Labs-3-Puzzle-75B-A9B-NVFP4,p2
1,1,,crown,True,nvidia/NVIDIA-Nemotron-Labs-3-Puzzle-75B-A9B-NVFP4,p2
1,1,,crown,True,nvidia/NVIDIA-Nemotron-Labs-3-Puzzle-75B-A9B-NVFP4,p2
1,1,,crown,True,nvidia/NVIDIA-Nemotron-Labs-3-Puzzle-75B-A9B-NVFP4,p2
1,1,,crown,True,nvidia/NVIDIA-Nemotron-Labs-3-Puzzle-75B-A9B-NVFP4,p2
1,1,,crown,True,nvidia/NVIDIA-Nemotron-Labs-3-Puzzle-75B-A9B-NVFP4,p2
1,1,,crown,True,nvidia/NVIDIA-Nemotron-Labs-3-Puzzle-75B-A9B-NVFP4,p2
0,1,,crown,False,nvidia/NVIDIA-Nemotron-Labs-3-Puzzle-75B-A9B-NVFP4,p2
0,0,,crown,True,nvidia/NVIDIA-Nemotron-Labs-3-Puzzle-75B-A9B-NVFP4,p2
0,0,,crown,True,nvidia/NVIDIA-Nemotron-Labs-3-Puzzle-75B-A9B-NVFP4,p2
0,0,,crown,True,nvidia/NVIDIA-Nemotron-Labs-3-Puzzle-75B-A9B-NVFP4,p2
0,0,,crown,True,nvidia/NVIDIA-Nemotron-Labs-3-Puzzle-75B-A9B-NVFP4,p2
0,0,,crown,True,nvidia/NVIDIA-Nemotron-Labs-3-Puzzle-75B-A9B-NVFP4,p2
0,0,,crown,True,nvidia/NVIDIA-Nemotron-Labs-3-Puzzle-75B-A9B-NVFP4,p2
1,1,,radial,True,nvidia/NVIDIA-Nemotron-Labs-3-Puzzle-75B-A9B-NVFP4,p2
1,1,,radial,True,nvidia/NVIDIA-Nemotron-Labs-3-Puzzle-75B-A9B-NVFP4,p2
0,1,,radial,False,nvidia/NVIDIA-Nemotron-Labs-3-Puzzle-75B-A9B-NVFP4,p2
0,0,,radial,True,nvidia/NVIDIA-Nemotron-Labs-3-Puzzle-75B-A9B-NVFP4,p2
1,1,,acknowledge,True,nvidia/NVIDIA-Nemotron-Labs-3-Puzzle-75B-A9B-NVFP4,p2
1,1,,acknowledge,True,nvidia/NVIDIA-Nemotron-Labs-3-Puzzle-75B-A9B-NVFP4,p2
1,1,,acknowledge,True,nvidia/NVIDIA-Nemotron-Labs-3-Puzzle-75B-A9B-NVFP4,p2
0,1,,acknowledge,False,nvidia/NVIDIA-Nemotron-Labs-3-Puzzle-75B-A9B-NVFP4,p2
0,0,,acknowledge,True,nvidia/NVIDIA-Nemotron-Labs-3-Puzzle-75B-A9B-NVFP4,p2
0,1,,acknowledge,False,nvidia/NVIDIA-Nemotron-Labs-3-Puzzle-75B-A9B-NVFP4,p2
0,1,,acknowledge,False,nvidia/NVIDIA-Nemotron-Labs-3-Puzzle-75B-A9B-NVFP4,p2
1,1,,collective,True,nvidia/NVIDIA-Nemotron-Labs-3-Puzzle-75B-A9B-NVFP4,p2
0,1,,collective,False,nvidia/NVIDIA-Nemotron-Labs-3-Puzzle-75B-A9B-NVFP4,p2
1,1,,romance,True,nvidia/NVIDIA-Nemotron-Labs-3-Puzzle-75B-A9B-NVFP4,p2
1,1,,romance,True,nvidia/NVIDIA-Nemotron-Labs-3-Puzzle-75B-A9B-NVFP4,p2
1,1,,romance,True,nvidia/NVIDIA-Nemotron-Labs-3-Puzzle-75B-A9B-NVFP4,p2
1,1,,romance,True,nvidia/NVIDIA-Nemotron-Labs-3-Puzzle-75B-A9B-NVFP4,p2
1,1,,romance,True,nvidia/NVIDIA-Nemotron-Labs-3-Puzzle-75B-A9B-NVFP4,p2
0,0,,romance,True,nvidia/NVIDIA-Nemotron-Labs-3-Puzzle-75B-A9B-NVFP4,p2
0,0,,romance,True,nvidia/NVIDIA-Nemotron-Labs-3-Puzzle-75B-A9B-NVFP4,p2
0,0,,romance,True,nvidia/NVIDIA-Nemotron-Labs-3-Puzzle-75B-A9B-NVFP4,p2
0,0,,romance,True,nvidia/NVIDIA-Nemotron-Labs-3-Puzzle-75B-A9B-NVFP4,p2
0,0,,romance,True,nvidia/NVIDIA-Nemotron-Labs-3-Puzzle-75B-A9B-NVFP4,p2
1,1,,interpreter,True,nvidia/NVIDIA-Nemotron-Labs-3-Puzzle-75B-A9B-NVFP4,p2
1,1,,interpreter,True,nvidia/NVIDIA-Nemotron-Labs-3-Puzzle-75B-A9B-NVFP4,p2
1,1,,interpreter,True,nvidia/NVIDIA-Nemotron-Labs-3-Puzzle-75B-A9B-NVFP4,p2
0,0,,interpreter,True,nvidia/NVIDIA-Nemotron-Labs-3-Puzzle-75B-A9B-NVFP4,p2
0,0,,interpreter,True,nvidia/NVIDIA-Nemotron-Labs-3-Puzzle-75B-A9B-NVFP4,p2
0,0,,interpreter,True,nvidia/NVIDIA-Nemotron-Labs-3-Puzzle-75B-A9B-NVFP4,p2
1,1,,discharge,True,nvidia/NVIDIA-Nemotron-Labs-3-Puzzle-75B-A9B-NVFP4,p2
1,1,,discharge,True,nvidia/NVIDIA-Nemotron-Labs-3-Puzzle-75B-A9B-NVFP4,p2
1,0,,discharge,False,nvidia/NVIDIA-Nemotron-Labs-3-Puzzle-75B-A9B-NVFP4,p2
1,1,,discharge,True,nvidia/NVIDIA-Nemotron-Labs-3-Puzzle-75B-A9B-NVFP4,p2
0,1,,discharge,False,nvidia/NVIDIA-Nemotron-Labs-3-Puzzle-75B-A9B-NVFP4,p2
0,0,,discharge,True,nvidia/NVIDIA-Nemotron-Labs-3-Puzzle-75B-A9B-NVFP4,p2
0,0,,discharge,True,nvidia/NVIDIA-Nemotron-Labs-3-Puzzle-75B-A9B-NVFP4,p2
0,0,,discharge,True,nvidia/NVIDIA-Nemotron-Labs-3-Puzzle-75B-A9B-NVFP4,p2
0,0,,discharge,True,nvidia/NVIDIA-Nemotron-Labs-3-Puzzle-75B-A9B-NVFP4,p2
0,0,,discharge,True,nvidia/NVIDIA-Nemotron-Labs-3-Puzzle-75B-A9B-NVFP4,p2
0,1,,discharge,False,nvidia/NVIDIA-Nemotron-Labs-3-Puzzle-75B-A9B-NVFP4,p2
0,0,,discharge,True,nvidia/NVIDIA-Nemotron-Labs-3-Puzzle-75B-A9B-NVFP4,p2
1,1,,aggression,True,nvidia/NVIDIA-Nemotron-Labs-3-Puzzle-75B-A9B-NVFP4,p2
0,1,,aggression,False,nvidia/NVIDIA-Nemotron-Labs-3-Puzzle-75B-A9B-NVFP4,p2
1,1,,pike,True,nvidia/NVIDIA-Nemotron-Labs-3-Puzzle-75B-A9B-NVFP4,p2
1,1,,pike,True,nvidia/NVIDIA-Nemotron-Labs-3-Puzzle-75B-A9B-NVFP4,p2
0,0,,pike,True,nvidia/NVIDIA-Nemotron-Labs-3-Puzzle-75B-A9B-NVFP4,p2
0,1,,pike,False,nvidia/NVIDIA-Nemotron-Labs-3-Puzzle-75B-A9B-NVFP4,p2
0,0,,pike,True,nvidia/NVIDIA-Nemotron-Labs-3-Puzzle-75B-A9B-NVFP4,p2
0,0,,pike,True,nvidia/NVIDIA-Nemotron-Labs-3-Puzzle-75B-A9B-NVFP4,p2
0,0,,pike,True,nvidia/NVIDIA-Nemotron-Labs-3-Puzzle-75B-A9B-NVFP4,p2
1,1,,capitalize,True,nvidia/NVIDIA-Nemotron-Labs-3-Puzzle-75B-A9B-NVFP4,p2
1,1,,capitalize,True,nvidia/NVIDIA-Nemotron-Labs-3-Puzzle-75B-A9B-NVFP4,p2
1,1,,capitalize,True,nvidia/NVIDIA-Nemotron-Labs-3-Puzzle-75B-A9B-NVFP4,p2
0,0,,capitalize,True,nvidia/NVIDIA-Nemotron-Labs-3-Puzzle-75B-A9B-NVFP4,p2
0,1,,capitalize,False,nvidia/NVIDIA-Nemotron-Labs-3-Puzzle-75B-A9B-NVFP4,p2
0,0,,capitalize,True,nvidia/NVIDIA-Nemotron-Labs-3-Puzzle-75B-A9B-NVFP4,p2
0,1,,capitalize,False,nvidia/NVIDIA-Nemotron-Labs-3-Puzzle-75B-A9B-NVFP4,p2
0,1,,investigator,False,nvidia/NVIDIA-Nemotron-Labs-3-Puzzle-75B-A9B-NVFP4,p2
1,1,,median,True,nvidia/NVIDIA-Nemotron-Labs-3-Puzzle-75B-A9B-NVFP4,p2
1,0,,median,False,nvidia/NVIDIA-Nemotron-Labs-3-Puzzle-75B-A9B-NVFP4,p2
0,1,,median,False,nvidia/NVIDIA-Nemotron-Labs-3-Puzzle-75B-A9B-NVFP4,p2
0,0,,median,True,nvidia/NVIDIA-Nemotron-Labs-3-Puzzle-75B-A9B-NVFP4,p2
0,0,,median,True,nvidia/NVIDIA-Nemotron-Labs-3-Puzzle-75B-A9B-NVFP4,p2
1,1,,evacuation,True,nvidia/NVIDIA-Nemotron-Labs-3-Puzzle-75B-A9B-NVFP4,p2
1,1,,evacuation,True,nvidia/NVIDIA-Nemotron-Labs-3-Puzzle-75B-A9B-NVFP4,p2
0,0,,evacuation,True,nvidia/NVIDIA-Nemotron-Labs-3-Puzzle-75B-A9B-NVFP4,p2
0,0,,evacuation,True,nvidia/NVIDIA-Nemotron-Labs-3-Puzzle-75B-A9B-NVFP4,p2
0,1,,evacuation,False,nvidia/NVIDIA-Nemotron-Labs-3-Puzzle-75B-A9B-NVFP4,p2
1,1,,thorax,True,nvidia/NVIDIA-Nemotron-Labs-3-Puzzle-75B-A9B-NVFP4,p2
1,1,,thorax,True,nvidia/NVIDIA-Nemotron-Labs-3-Puzzle-75B-A9B-NVFP4,p2
0,1,,thorax,False,nvidia/NVIDIA-Nemotron-Labs-3-Puzzle-75B-A9B-NVFP4,p2
0,1,,go_away,False,nvidia/NVIDIA-Nemotron-Labs-3-Puzzle-75B-A9B-NVFP4,p2
0,1,,go_away,False,nvidia/NVIDIA-Nemotron-Labs-3-Puzzle-75B-A9B-NVFP4,p2
0,1,,go_away,False,nvidia/NVIDIA-Nemotron-Labs-3-Puzzle-75B-A9B-NVFP4,p2
1,1,,go_off,True,nvidia/NVIDIA-Nemotron-Labs-3-Puzzle-75B-A9B-NVFP4,p2
1,1,,go_off,True,nvidia/NVIDIA-Nemotron-Labs-3-Puzzle-75B-A9B-NVFP4,p2
1,1,,go_off,True,nvidia/NVIDIA-Nemotron-Labs-3-Puzzle-75B-A9B-NVFP4,p2
1,1,,go_off,True,nvidia/NVIDIA-Nemotron-Labs-3-Puzzle-75B-A9B-NVFP4,p2
0,0,,go_off,True,nvidia/NVIDIA-Nemotron-Labs-3-Puzzle-75B-A9B-NVFP4,p2
0,0,,go_off,True,nvidia/NVIDIA-Nemotron-Labs-3-Puzzle-75B-A9B-NVFP4,p2
0,0,,go_off,True,nvidia/NVIDIA-Nemotron-Labs-3-Puzzle-75B-A9B-NVFP4,p2
0,0,,go_off,True,nvidia/NVIDIA-Nemotron-Labs-3-Puzzle-75B-A9B-NVFP4,p2
0,0,,go_off,True,nvidia/NVIDIA-Nemotron-Labs-3-Puzzle-75B-A9B-NVFP4,p2
1,0,,seeded,False,nvidia/NVIDIA-Nemotron-Labs-3-Puzzle-75B-A9B-NVFP4,p2
1,1,,seeded,True,nvidia/NVIDIA-Nemotron-Labs-3-Puzzle-75B-A9B-NVFP4,p2
1,1,,seeded,True,nvidia/NVIDIA-Nemotron-Labs-3-Puzzle-75B-A9B-NVFP4,p2
0,0,,seeded,True,nvidia/NVIDIA-Nemotron-Labs-3-Puzzle-75B-A9B-NVFP4,p2
0,1,,seeded,False,nvidia/NVIDIA-Nemotron-Labs-3-Puzzle-75B-A9B-NVFP4,p2
1,1,,dramatically,True,nvidia/NVIDIA-Nemotron-Labs-3-Puzzle-75B-A9B-NVFP4,p2
1,1,,dramatically,True,nvidia/NVIDIA-Nemotron-Labs-3-Puzzle-75B-A9B-NVFP4,p2
0,1,,dramatically,False,nvidia/NVIDIA-Nemotron-Labs-3-Puzzle-75B-A9B-NVFP4,p2
0,1,,dramatically,False,nvidia/NVIDIA-Nemotron-Labs-3-Puzzle-75B-A9B-NVFP4,p2
1,1,,alignment,True,nvidia/NVIDIA-Nemotron-Labs-3-Puzzle-75B-A9B-NVFP4,p2
0,0,,alignment,True,nvidia/NVIDIA-Nemotron-Labs-3-Puzzle-75B-A9B-NVFP4,p2
1,1,,banish,True,nvidia/NVIDIA-Nemotron-Labs-3-Puzzle-75B-A9B-NVFP4,p2
1,1,,banish,True,nvidia/NVIDIA-Nemotron-Labs-3-Puzzle-75B-A9B-NVFP4,p2
1,1,,banish,True,nvidia/NVIDIA-Nemotron-Labs-3-Puzzle-75B-A9B-NVFP4,p2
0,1,,banish,False,nvidia/NVIDIA-Nemotron-Labs-3-Puzzle-75B-A9B-NVFP4,p2
1,1,,tempt,True,nvidia/NVIDIA-Nemotron-Labs-3-Puzzle-75B-A9B-NVFP4,p2
1,1,,tempt,True,nvidia/NVIDIA-Nemotron-Labs-3-Puzzle-75B-A9B-NVFP4,p2
1,1,,tempt,True,nvidia/NVIDIA-Nemotron-Labs-3-Puzzle-75B-A9B-NVFP4,p2
1,1,,tempt,True,nvidia/NVIDIA-Nemotron-Labs-3-Puzzle-75B-A9B-NVFP4,p2
1,1,,tempt,True,nvidia/NVIDIA-Nemotron-Labs-3-Puzzle-75B-A9B-NVFP4,p2
0,1,,tempt,False,nvidia/NVIDIA-Nemotron-Labs-3-Puzzle-75B-A9B-NVFP4,p2
0,0,,tempt,True,nvidia/NVIDIA-Nemotron-Labs-3-Puzzle-75B-A9B-NVFP4,p2
0,1,,tempt,False,nvidia/NVIDIA-Nemotron-Labs-3-Puzzle-75B-A9B-NVFP4,p2
0,1,,tempt,False,nvidia/NVIDIA-Nemotron-Labs-3-Puzzle-75B-A9B-NVFP4,p2
0,1,,tempt,False,nvidia/NVIDIA-Nemotron-Labs-3-Puzzle-75B-A9B-NVFP4,p2
1,1,,reel,True,nvidia/NVIDIA-Nemotron-Labs-3-Puzzle-75B-A9B-NVFP4,p2
1,1,,reel,True,nvidia/NVIDIA-Nemotron-Labs-3-Puzzle-75B-A9B-NVFP4,p2
1,1,,reel,True,nvidia/NVIDIA-Nemotron-Labs-3-Puzzle-75B-A9B-NVFP4,p2
1,0,,reel,False,nvidia/NVIDIA-Nemotron-Labs-3-Puzzle-75B-A9B-NVFP4,p2
0,0,,reel,True,nvidia/NVIDIA-Nemotron-Labs-3-Puzzle-75B-A9B-NVFP4,p2
0,0,,reel,True,nvidia/NVIDIA-Nemotron-Labs-3-Puzzle-75B-A9B-NVFP4,p2
0,0,,reel,True,nvidia/NVIDIA-Nemotron-Labs-3-Puzzle-75B-A9B-NVFP4,p2
1,1,,assessment,True,nvidia/NVIDIA-Nemotron-Labs-3-Puzzle-75B-A9B-NVFP4,p2
1,1,,assessment,True,nvidia/NVIDIA-Nemotron-Labs-3-Puzzle-75B-A9B-NVFP4,p2
0,0,,assessment,True,nvidia/NVIDIA-Nemotron-Labs-3-Puzzle-75B-A9B-NVFP4,p2
0,1,,assessment,False,nvidia/NVIDIA-Nemotron-Labs-3-Puzzle-75B-A9B-NVFP4,p2
0,0,,assessment,True,nvidia/NVIDIA-Nemotron-Labs-3-Puzzle-75B-A9B-NVFP4,p2
1,1,,synchronize,True,nvidia/NVIDIA-Nemotron-Labs-3-Puzzle-75B-A9B-NVFP4,p2
0,1,,synchronize,False,nvidia/NVIDIA-Nemotron-Labs-3-Puzzle-75B-A9B-NVFP4,p2
0,1,,synchronize,False,nvidia/NVIDIA-Nemotron-Labs-3-Puzzle-75B-A9B-NVFP4,p2
0,1,,synchronize,False,nvidia/NVIDIA-Nemotron-Labs-3-Puzzle-75B-A9B-NVFP4,p2
1,1,,publication,True,nvidia/NVIDIA-Nemotron-Labs-3-Puzzle-75B-A9B-NVFP4,p2
1,1,,publication,True,nvidia/NVIDIA-Nemotron-Labs-3-Puzzle-75B-A9B-NVFP4,p2
1,1,,publication,True,nvidia/NVIDIA-Nemotron-Labs-3-Puzzle-75B-A9B-NVFP4,p2
0,0,,publication,True,nvidia/NVIDIA-Nemotron-Labs-3-Puzzle-75B-A9B-NVFP4,p2
0,0,,publication,True,nvidia/NVIDIA-Nemotron-Labs-3-Puzzle-75B-A9B-NVFP4,p2
0,0,,publication,True,nvidia/NVIDIA-Nemotron-Labs-3-Puzzle-75B-A9B-NVFP4,p2
1,1,,knob,True,nvidia/NVIDIA-Nemotron-Labs-3-Puzzle-75B-A9B-NVFP4,p2
1,1,,knob,True,nvidia/NVIDIA-Nemotron-Labs-3-Puzzle-75B-A9B-NVFP4,p2
1,1,,knob,True,nvidia/NVIDIA-Nemotron-Labs-3-Puzzle-75B-A9B-NVFP4,p2
0,0,,knob,True,nvidia/NVIDIA-Nemotron-Labs-3-Puzzle-75B-A9B-NVFP4,p2
0,0,,knob,True,nvidia/NVIDIA-Nemotron-Labs-3-Puzzle-75B-A9B-NVFP4,p2
0,0,,knob,True,nvidia/NVIDIA-Nemotron-Labs-3-Puzzle-75B-A9B-NVFP4,p2
0,1,,knob,False,nvidia/NVIDIA-Nemotron-Labs-3-Puzzle-75B-A9B-NVFP4,p2
1,1,,vicious,True,nvidia/NVIDIA-Nemotron-Labs-3-Puzzle-75B-A9B-NVFP4,p2
1,1,,vicious,True,nvidia/NVIDIA-Nemotron-Labs-3-Puzzle-75B-A9B-NVFP4,p2
0,1,,vicious,False,nvidia/NVIDIA-Nemotron-Labs-3-Puzzle-75B-A9B-NVFP4,p2
1,1,,stream,True,nvidia/NVIDIA-Nemotron-Labs-3-Puzzle-75B-A9B-NVFP4,p2
0,1,,stream,False,nvidia/NVIDIA-Nemotron-Labs-3-Puzzle-75B-A9B-NVFP4,p2
1,1,,tub,True,nvidia/NVIDIA-Nemotron-Labs-3-Puzzle-75B-A9B-NVFP4,p2
1,1,,tub,True,nvidia/NVIDIA-Nemotron-Labs-3-Puzzle-75B-A9B-NVFP4,p2
0,0,,tub,True,nvidia/NVIDIA-Nemotron-Labs-3-Puzzle-75B-A9B-NVFP4,p2
0,1,,tub,False,nvidia/NVIDIA-Nemotron-Labs-3-Puzzle-75B-A9B-NVFP4,p2
1,1,,vicar,True,nvidia/NVIDIA-Nemotron-Labs-3-Puzzle-75B-A9B-NVFP4,p2
0,1,,vicar,False,nvidia/NVIDIA-Nemotron-Labs-3-Puzzle-75B-A9B-NVFP4,p2
0,1,,vicar,False,nvidia/NVIDIA-Nemotron-Labs-3-Puzzle-75B-A9B-NVFP4,p2
0,1,,unrelated,False,nvidia/NVIDIA-Nemotron-Labs-3-Puzzle-75B-A9B-NVFP4,p2
1,1,,proliferation,True,nvidia/NVIDIA-Nemotron-Labs-3-Puzzle-75B-A9B-NVFP4,p2
0,1,,proliferation,False,nvidia/NVIDIA-Nemotron-Labs-3-Puzzle-75B-A9B-NVFP4,p2
0,1,,proliferation,False,nvidia/NVIDIA-Nemotron-Labs-3-Puzzle-75B-A9B-NVFP4,p2
1,1,,exterior,True,nvidia/NVIDIA-Nemotron-Labs-3-Puzzle-75B-A9B-NVFP4,p2
0,1,,exterior,False,nvidia/NVIDIA-Nemotron-Labs-3-Puzzle-75B-A9B-NVFP4,p2
1,1,,deduce,True,nvidia/NVIDIA-Nemotron-Labs-3-Puzzle-75B-A9B-NVFP4,p2
1,1,,deduce,True,nvidia/NVIDIA-Nemotron-Labs-3-Puzzle-75B-A9B-NVFP4,p2
0,1,,deduce,False,nvidia/NVIDIA-Nemotron-Labs-3-Puzzle-75B-A9B-NVFP4,p2
1,1,,gnaw,True,nvidia/NVIDIA-Nemotron-Labs-3-Puzzle-75B-A9B-NVFP4,p2
0,0,,gnaw,True,nvidia/NVIDIA-Nemotron-Labs-3-Puzzle-75B-A9B-NVFP4,p2
0,0,,gnaw,True,nvidia/NVIDIA-Nemotron-Labs-3-Puzzle-75B-A9B-NVFP4,p2
1,1,,environmental,True,nvidia/NVIDIA-Nemotron-Labs-3-Puzzle-75B-A9B-NVFP4,p2
0,1,,environmental,False,nvidia/NVIDIA-Nemotron-Labs-3-Puzzle-75B-A9B-NVFP4,p2
0,1,,environmental,False,nvidia/NVIDIA-Nemotron-Labs-3-Puzzle-75B-A9B-NVFP4,p2
1,1,,prey,True,nvidia/NVIDIA-Nemotron-Labs-3-Puzzle-75B-A9B-NVFP4,p2
0,1,,prey,False,nvidia/NVIDIA-Nemotron-Labs-3-Puzzle-75B-A9B-NVFP4,p2
0,1,,prey,False,nvidia/NVIDIA-Nemotron-Labs-3-Puzzle-75B-A9B-NVFP4,p2
1,1,,cod,True,nvidia/NVIDIA-Nemotron-Labs-3-Puzzle-75B-A9B-NVFP4,p2
1,1,,cod,True,nvidia/NVIDIA-Nemotron-Labs-3-Puzzle-75B-A9B-NVFP4,p2
0,0,,cod,True,nvidia/NVIDIA-Nemotron-Labs-3-Puzzle-75B-A9B-NVFP4,p2
0,0,,cod,True,nvidia/NVIDIA-Nemotron-Labs-3-Puzzle-75B-A9B-NVFP4,p2
0,1,,cod,False,nvidia/NVIDIA-Nemotron-Labs-3-Puzzle-75B-A9B-NVFP4,p2
1,1,,flatfish,True,nvidia/NVIDIA-Nemotron-Labs-3-Puzzle-75B-A9B-NVFP4,p2
0,0,,set_down,True,nvidia/NVIDIA-Nemotron-Labs-3-Puzzle-75B-A9B-NVFP4,p2
0,0,,set_down,True,nvidia/NVIDIA-Nemotron-Labs-3-Puzzle-75B-A9B-NVFP4,p2
0,0,,set_down,True,nvidia/NVIDIA-Nemotron-Labs-3-Puzzle-75B-A9B-NVFP4,p2
1,1,,fearful,True,nvidia/NVIDIA-Nemotron-Labs-3-Puzzle-75B-A9B-NVFP4,p2
1,1,,fearful,True,nvidia/NVIDIA-Nemotron-Labs-3-Puzzle-75B-A9B-NVFP4,p2
0,1,,fearful,False,nvidia/NVIDIA-Nemotron-Labs-3-Puzzle-75B-A9B-NVFP4,p2
0,1,,fearful,False,nvidia/NVIDIA-Nemotron-Labs-3-Puzzle-75B-A9B-NVFP4,p2
0,1,,fearful,False,nvidia/NVIDIA-Nemotron-Labs-3-Puzzle-75B-A9B-NVFP4,p2
0,0,,fearful,True,nvidia/NVIDIA-Nemotron-Labs-3-Puzzle-75B-A9B-NVFP4,p2
1,0,,clap,False,nvidia/NVIDIA-Nemotron-Labs-3-Puzzle-75B-A9B-NVFP4,p2
1,1,,clap,True,nvidia/NVIDIA-Nemotron-Labs-3-Puzzle-75B-A9B-NVFP4,p2
1,1,,clap,True,nvidia/NVIDIA-Nemotron-Labs-3-Puzzle-75B-A9B-NVFP4,p2
1,1,,clap,True,nvidia/NVIDIA-Nemotron-Labs-3-Puzzle-75B-A9B-NVFP4,p2
0,0,,clap,True,nvidia/NVIDIA-Nemotron-Labs-3-Puzzle-75B-A9B-NVFP4,p2
0,0,,clap,True,nvidia/NVIDIA-Nemotron-Labs-3-Puzzle-75B-A9B-NVFP4,p2
0,1,,clap,False,nvidia/NVIDIA-Nemotron-Labs-3-Puzzle-75B-A9B-NVFP4,p2
1,1,,forced,True,nvidia/NVIDIA-Nemotron-Labs-3-Puzzle-75B-A9B-NVFP4,p2
0,0,,forced,True,nvidia/NVIDIA-Nemotron-Labs-3-Puzzle-75B-A9B-NVFP4,p2
0,1,,forced,False,nvidia/NVIDIA-Nemotron-Labs-3-Puzzle-75B-A9B-NVFP4,p2
1,1,,comfortably,True,nvidia/NVIDIA-Nemotron-Labs-3-Puzzle-75B-A9B-NVFP4,p2
0,1,,comfortably,False,nvidia/NVIDIA-Nemotron-Labs-3-Puzzle-75B-A9B-NVFP4,p2
0,1,,comfortably,False,nvidia/NVIDIA-Nemotron-Labs-3-Puzzle-75B-A9B-NVFP4,p2
1,1,,contour,True,nvidia/NVIDIA-Nemotron-Labs-3-Puzzle-75B-A9B-NVFP4,p2
1,1,,contour,True,nvidia/NVIDIA-Nemotron-Labs-3-Puzzle-75B-A9B-NVFP4,p2
0,0,,contour,True,nvidia/NVIDIA-Nemotron-Labs-3-Puzzle-75B-A9B-NVFP4,p2
0,0,,contour,True,nvidia/NVIDIA-Nemotron-Labs-3-Puzzle-75B-A9B-NVFP4,p2
0,0,,contour,True,nvidia/NVIDIA-Nemotron-Labs-3-Puzzle-75B-A9B-NVFP4,p2
1,1,,wart,True,nvidia/NVIDIA-Nemotron-Labs-3-Puzzle-75B-A9B-NVFP4,p2
1,1,,wart,True,nvidia/NVIDIA-Nemotron-Labs-3-Puzzle-75B-A9B-NVFP4,p2
0,0,,wart,True,nvidia/NVIDIA-Nemotron-Labs-3-Puzzle-75B-A9B-NVFP4,p2
0,0,,wart,True,nvidia/NVIDIA-Nemotron-Labs-3-Puzzle-75B-A9B-NVFP4,p2
1,1,,partner,True,nvidia/NVIDIA-Nemotron-Labs-3-Puzzle-75B-A9B-NVFP4,p2
1,1,,partner,True,nvidia/NVIDIA-Nemotron-Labs-3-Puzzle-75B-A9B-NVFP4,p2
0,0,,partner,True,nvidia/NVIDIA-Nemotron-Labs-3-Puzzle-75B-A9B-NVFP4,p2
0,0,,spectacle,True,nvidia/NVIDIA-Nemotron-Labs-3-Puzzle-75B-A9B-NVFP4,p2
0,0,,spectacle,True,nvidia/NVIDIA-Nemotron-Labs-3-Puzzle-75B-A9B-NVFP4,p2
0,0,,spectacle,True,nvidia/NVIDIA-Nemotron-Labs-3-Puzzle-75B-A9B-NVFP4,p2
1,1,,changeable,True,nvidia/NVIDIA-Nemotron-Labs-3-Puzzle-75B-A9B-NVFP4,p2
1,1,,changeable,True,nvidia/NVIDIA-Nemotron-Labs-3-Puzzle-75B-A9B-NVFP4,p2
0,1,,changeable,False,nvidia/NVIDIA-Nemotron-Labs-3-Puzzle-75B-A9B-NVFP4,p2
0,0,,positively,True,nvidia/NVIDIA-Nemotron-Labs-3-Puzzle-75B-A9B-NVFP4,p2
0,0,,positively,True,nvidia/NVIDIA-Nemotron-Labs-3-Puzzle-75B-A9B-NVFP4,p2
1,1,,depreciation,True,nvidia/NVIDIA-Nemotron-Labs-3-Puzzle-75B-A9B-NVFP4,p2
1,1,,depreciation,True,nvidia/NVIDIA-Nemotron-Labs-3-Puzzle-75B-A9B-NVFP4,p2
0,0,,depreciation,True,nvidia/NVIDIA-Nemotron-Labs-3-Puzzle-75B-A9B-NVFP4,p2
0,0,,depreciation,True,nvidia/NVIDIA-Nemotron-Labs-3-Puzzle-75B-A9B-NVFP4,p2
1,1,,boil,True,nvidia/NVIDIA-Nemotron-Labs-3-Puzzle-75B-A9B-NVFP4,p2
0,0,,boil,True,nvidia/NVIDIA-Nemotron-Labs-3-Puzzle-75B-A9B-NVFP4,p2
0,0,,boil,True,nvidia/NVIDIA-Nemotron-Labs-3-Puzzle-75B-A9B-NVFP4,p2
1,1,,pull_out,True,nvidia/NVIDIA-Nemotron-Labs-3-Puzzle-75B-A9B-NVFP4,p2
1,1,,pull_out,True,nvidia/NVIDIA-Nemotron-Labs-3-Puzzle-75B-A9B-NVFP4,p2
0,0,,pull_out,True,nvidia/NVIDIA-Nemotron-Labs-3-Puzzle-75B-A9B-NVFP4,p2
0,0,,pull_out,True,nvidia/NVIDIA-Nemotron-Labs-3-Puzzle-75B-A9B-NVFP4,p2
1,1,,fanciful,True,nvidia/NVIDIA-Nemotron-Labs-3-Puzzle-75B-A9B-NVFP4,p2
1,1,,lighted,True,nvidia/NVIDIA-Nemotron-Labs-3-Puzzle-75B-A9B-NVFP4,p2
1,1,,lighted,True,nvidia/NVIDIA-Nemotron-Labs-3-Puzzle-75B-A9B-NVFP4,p2
1,1,,cavalry,True,nvidia/NVIDIA-Nemotron-Labs-3-Puzzle-75B-A9B-NVFP4,p2
1,1,,cavalry,True,nvidia/NVIDIA-Nemotron-Labs-3-Puzzle-75B-A9B-NVFP4,p2
0,1,,cavalry,False,nvidia/NVIDIA-Nemotron-Labs-3-Puzzle-75B-A9B-NVFP4,p2
1,1,,shaving,True,nvidia/NVIDIA-Nemotron-Labs-3-Puzzle-75B-A9B-NVFP4,p2
0,0,,shaving,True,nvidia/NVIDIA-Nemotron-Labs-3-Puzzle-75B-A9B-NVFP4,p2
1,1,,scandal,True,nvidia/NVIDIA-Nemotron-Labs-3-Puzzle-75B-A9B-NVFP4,p2
0,1,,scandal,False,nvidia/NVIDIA-Nemotron-Labs-3-Puzzle-75B-A9B-NVFP4,p2
0,1,,destruction,False,nvidia/NVIDIA-Nemotron-Labs-3-Puzzle-75B-A9B-NVFP4,p2
1,1,,boast,True,nvidia/NVIDIA-Nemotron-Labs-3-Puzzle-75B-A9B-NVFP4,p2
0,1,,boast,False,nvidia/NVIDIA-Nemotron-Labs-3-Puzzle-75B-A9B-NVFP4,p2
0,1,,boast,False,nvidia/NVIDIA-Nemotron-Labs-3-Puzzle-75B-A9B-NVFP4,p2
1,1,,applaud,True,nvidia/NVIDIA-Nemotron-Labs-3-Puzzle-75B-A9B-NVFP4,p2
1,1,,applaud,True,nvidia/NVIDIA-Nemotron-Labs-3-Puzzle-75B-A9B-NVFP4,p2
0,1,,applaud,False,nvidia/NVIDIA-Nemotron-Labs-3-Puzzle-75B-A9B-NVFP4,p2
1,1,,magician,True,nvidia/NVIDIA-Nemotron-Labs-3-Puzzle-75B-A9B-NVFP4,p2
1,1,,magician,True,nvidia/NVIDIA-Nemotron-Labs-3-Puzzle-75B-A9B-NVFP4,p2
0,1,,magician,False,nvidia/NVIDIA-Nemotron-Labs-3-Puzzle-75B-A9B-NVFP4,p2
1,1,,set_apart,True,nvidia/NVIDIA-Nemotron-Labs-3-Puzzle-75B-A9B-NVFP4,p2
0,0,,set_apart,True,nvidia/NVIDIA-Nemotron-Labs-3-Puzzle-75B-A9B-NVFP4,p2
1,1,,uncover,True,nvidia/NVIDIA-Nemotron-Labs-3-Puzzle-75B-A9B-NVFP4,p2
1,1,,uncover,True,nvidia/NVIDIA-Nemotron-Labs-3-Puzzle-75B-A9B-NVFP4,p2
0,1,,uncover,False,nvidia/NVIDIA-Nemotron-Labs-3-Puzzle-75B-A9B-NVFP4,p2
1,0,,marijuana,False,nvidia/NVIDIA-Nemotron-Labs-3-Puzzle-75B-A9B-NVFP4,p2
1,0,,marijuana,False,nvidia/NVIDIA-Nemotron-Labs-3-Puzzle-75B-A9B-NVFP4,p2
0,0,,marijuana,True,nvidia/NVIDIA-Nemotron-Labs-3-Puzzle-75B-A9B-NVFP4,p2
0,0,,marijuana,True,nvidia/NVIDIA-Nemotron-Labs-3-Puzzle-75B-A9B-NVFP4,p2
1,1,,balcony,True,nvidia/NVIDIA-Nemotron-Labs-3-Puzzle-75B-A9B-NVFP4,p2
1,1,,hiv,True,nvidia/NVIDIA-Nemotron-Labs-3-Puzzle-75B-A9B-NVFP4,p2
0,1,,hiv,False,nvidia/NVIDIA-Nemotron-Labs-3-Puzzle-75B-A9B-NVFP4,p2
1,1,,sinus,True,nvidia/NVIDIA-Nemotron-Labs-3-Puzzle-75B-A9B-NVFP4,p2
1,1,,sinus,True,nvidia/NVIDIA-Nemotron-Labs-3-Puzzle-75B-A9B-NVFP4,p2
1,1,,sinus,True,nvidia/NVIDIA-Nemotron-Labs-3-Puzzle-75B-A9B-NVFP4,p2
0,0,,sinus,True,nvidia/NVIDIA-Nemotron-Labs-3-Puzzle-75B-A9B-NVFP4,p2
1,1,,norse,True,nvidia/NVIDIA-Nemotron-Labs-3-Puzzle-75B-A9B-NVFP4,p2
1,1,,norse,True,nvidia/NVIDIA-Nemotron-Labs-3-Puzzle-75B-A9B-NVFP4,p2
0,1,,norse,False,nvidia/NVIDIA-Nemotron-Labs-3-Puzzle-75B-A9B-NVFP4,p2
1,1,,elder,True,nvidia/NVIDIA-Nemotron-Labs-3-Puzzle-75B-A9B-NVFP4,p2
1,1,,elder,True,nvidia/NVIDIA-Nemotron-Labs-3-Puzzle-75B-A9B-NVFP4,p2
1,1,,elder,True,nvidia/NVIDIA-Nemotron-Labs-3-Puzzle-75B-A9B-NVFP4,p2
0,0,,elder,True,nvidia/NVIDIA-Nemotron-Labs-3-Puzzle-75B-A9B-NVFP4,p2
0,0,,elder,True,nvidia/NVIDIA-Nemotron-Labs-3-Puzzle-75B-A9B-NVFP4,p2
0,0,,elder,True,nvidia/NVIDIA-Nemotron-Labs-3-Puzzle-75B-A9B-NVFP4,p2
1,1,,innocence,True,nvidia/NVIDIA-Nemotron-Labs-3-Puzzle-75B-A9B-NVFP4,p2
1,1,,innocence,True,nvidia/NVIDIA-Nemotron-Labs-3-Puzzle-75B-A9B-NVFP4,p2
1,1,,innocence,True,nvidia/NVIDIA-Nemotron-Labs-3-Puzzle-75B-A9B-NVFP4,p2
0,1,,innocence,False,nvidia/NVIDIA-Nemotron-Labs-3-Puzzle-75B-A9B-NVFP4,p2
0,0,,innocence,True,nvidia/NVIDIA-Nemotron-Labs-3-Puzzle-75B-A9B-NVFP4,p2
0,0,,innocence,True,nvidia/NVIDIA-Nemotron-Labs-3-Puzzle-75B-A9B-NVFP4,p2
1,1,,wheel,True,nvidia/NVIDIA-Nemotron-Labs-3-Puzzle-75B-A9B-NVFP4,p2
1,1,,wheel,True,nvidia/NVIDIA-Nemotron-Labs-3-Puzzle-75B-A9B-NVFP4,p2
0,1,,wheel,False,nvidia/NVIDIA-Nemotron-Labs-3-Puzzle-75B-A9B-NVFP4,p2
0,1,,wheel,False,nvidia/NVIDIA-Nemotron-Labs-3-Puzzle-75B-A9B-NVFP4,p2
0,0,,wheel,True,nvidia/NVIDIA-Nemotron-Labs-3-Puzzle-75B-A9B-NVFP4,p2
1,1,,deceit,True,nvidia/NVIDIA-Nemotron-Labs-3-Puzzle-75B-A9B-NVFP4,p2
1,1,,deceit,True,nvidia/NVIDIA-Nemotron-Labs-3-Puzzle-75B-A9B-NVFP4,p2
0,1,,deceit,False,nvidia/NVIDIA-Nemotron-Labs-3-Puzzle-75B-A9B-NVFP4,p2
1,1,,constraint,True,nvidia/NVIDIA-Nemotron-Labs-3-Puzzle-75B-A9B-NVFP4,p2
0,0,,constraint,True,nvidia/NVIDIA-Nemotron-Labs-3-Puzzle-75B-A9B-NVFP4,p2
1,1,,shank,True,nvidia/NVIDIA-Nemotron-Labs-3-Puzzle-75B-A9B-NVFP4,p2
1,1,,shank,True,nvidia/NVIDIA-Nemotron-Labs-3-Puzzle-75B-A9B-NVFP4,p2
0,1,,shank,False,nvidia/NVIDIA-Nemotron-Labs-3-Puzzle-75B-A9B-NVFP4,p2
0,0,,shank,True,nvidia/NVIDIA-Nemotron-Labs-3-Puzzle-75B-A9B-NVFP4,p2
0,0,,shank,True,nvidia/NVIDIA-Nemotron-Labs-3-Puzzle-75B-A9B-NVFP4,p2
0,0,,shank,True,nvidia/NVIDIA-Nemotron-Labs-3-Puzzle-75B-A9B-NVFP4,p2
0,0,,shank,True,nvidia/NVIDIA-Nemotron-Labs-3-Puzzle-75B-A9B-NVFP4,p2
1,0,,surmount,False,nvidia/NVIDIA-Nemotron-Labs-3-Puzzle-75B-A9B-NVFP4,p2
1,1,,surmount,True,nvidia/NVIDIA-Nemotron-Labs-3-Puzzle-75B-A9B-NVFP4,p2
0,1,,surmount,False,nvidia/NVIDIA-Nemotron-Labs-3-Puzzle-75B-A9B-NVFP4,p2
0,0,,surmount,True,nvidia/NVIDIA-Nemotron-Labs-3-Puzzle-75B-A9B-NVFP4,p2
0,0,,surmount,True,nvidia/NVIDIA-Nemotron-Labs-3-Puzzle-75B-A9B-NVFP4,p2
0,0,,surmount,True,nvidia/NVIDIA-Nemotron-Labs-3-Puzzle-75B-A9B-NVFP4,p2
1,1,,run_down,True,nvidia/NVIDIA-Nemotron-Labs-3-Puzzle-75B-A9B-NVFP4,p2
1,1,,run_down,True,nvidia/NVIDIA-Nemotron-Labs-3-Puzzle-75B-A9B-NVFP4,p2
0,0,,run_down,True,nvidia/NVIDIA-Nemotron-Labs-3-Puzzle-75B-A9B-NVFP4,p2
0,0,,run_down,True,nvidia/NVIDIA-Nemotron-Labs-3-Puzzle-75B-A9B-NVFP4,p2
0,0,,run_down,True,nvidia/NVIDIA-Nemotron-Labs-3-Puzzle-75B-A9B-NVFP4,p2
1,1,,hover,True,nvidia/NVIDIA-Nemotron-Labs-3-Puzzle-75B-A9B-NVFP4,p2
1,1,,hover,True,nvidia/NVIDIA-Nemotron-Labs-3-Puzzle-75B-A9B-NVFP4,p2
1,1,,hover,True,nvidia/NVIDIA-Nemotron-Labs-3-Puzzle-75B-A9B-NVFP4,p2
1,1,,hover,True,nvidia/NVIDIA-Nemotron-Labs-3-Puzzle-75B-A9B-NVFP4,p2
0,1,,hover,False,nvidia/NVIDIA-Nemotron-Labs-3-Puzzle-75B-A9B-NVFP4,p2
0,0,,hover,True,nvidia/NVIDIA-Nemotron-Labs-3-Puzzle-75B-A9B-NVFP4,p2
0,1,,hover,False,nvidia/NVIDIA-Nemotron-Labs-3-Puzzle-75B-A9B-NVFP4,p2
0,1,,hover,False,nvidia/NVIDIA-Nemotron-Labs-3-Puzzle-75B-A9B-NVFP4,p2
1,1,,prohibition,True,nvidia/NVIDIA-Nemotron-Labs-3-Puzzle-75B-A9B-NVFP4,p2
1,1,,prohibition,True,nvidia/NVIDIA-Nemotron-Labs-3-Puzzle-75B-A9B-NVFP4,p2
1,1,,prohibition,True,nvidia/NVIDIA-Nemotron-Labs-3-Puzzle-75B-A9B-NVFP4,p2
0,1,,prohibition,False,nvidia/NVIDIA-Nemotron-Labs-3-Puzzle-75B-A9B-NVFP4,p2
0,1,,prohibition,False,nvidia/NVIDIA-Nemotron-Labs-3-Puzzle-75B-A9B-NVFP4,p2
0,1,,prohibition,False,nvidia/NVIDIA-Nemotron-Labs-3-Puzzle-75B-A9B-NVFP4,p2
1,1,,hold_up,True,nvidia/NVIDIA-Nemotron-Labs-3-Puzzle-75B-A9B-NVFP4,p2
1,0,,hold_up,False,nvidia/NVIDIA-Nemotron-Labs-3-Puzzle-75B-A9B-NVFP4,p2
1,0,,hold_up,False,nvidia/NVIDIA-Nemotron-Labs-3-Puzzle-75B-A9B-NVFP4,p2
0,0,,hold_up,True,nvidia/NVIDIA-Nemotron-Labs-3-Puzzle-75B-A9B-NVFP4,p2
0,0,,hold_up,True,nvidia/NVIDIA-Nemotron-Labs-3-Puzzle-75B-A9B-NVFP4,p2
0,1,,hold_up,False,nvidia/NVIDIA-Nemotron-Labs-3-Puzzle-75B-A9B-NVFP4,p2
0,0,,hold_up,True,nvidia/NVIDIA-Nemotron-Labs-3-Puzzle-75B-A9B-NVFP4,p2
0,0,,hold_up,True,nvidia/NVIDIA-Nemotron-Labs-3-Puzzle-75B-A9B-NVFP4,p2
0,0,,hold_up,True,nvidia/NVIDIA-Nemotron-Labs-3-Puzzle-75B-A9B-NVFP4,p2
1,1,,lighting,True,nvidia/NVIDIA-Nemotron-Labs-3-Puzzle-75B-A9B-NVFP4,p2
1,1,,lighting,True,nvidia/NVIDIA-Nemotron-Labs-3-Puzzle-75B-A9B-NVFP4,p2
0,0,,lighting,True,nvidia/NVIDIA-Nemotron-Labs-3-Puzzle-75B-A9B-NVFP4,p2
0,1,,lighting,False,nvidia/NVIDIA-Nemotron-Labs-3-Puzzle-75B-A9B-NVFP4,p2
0,1,,lighting,False,nvidia/NVIDIA-Nemotron-Labs-3-Puzzle-75B-A9B-NVFP4,p2
0,1,,lighting,False,nvidia/NVIDIA-Nemotron-Labs-3-Puzzle-75B-A9B-NVFP4,p2
1,1,,promptly,True,nvidia/NVIDIA-Nemotron-Labs-3-Puzzle-75B-A9B-NVFP4,p2
0,1,,promptly,False,nvidia/NVIDIA-Nemotron-Labs-3-Puzzle-75B-A9B-NVFP4,p2
1,0,,grave,False,nvidia/NVIDIA-Nemotron-Labs-3-Puzzle-75B-A9B-NVFP4,p2
0,0,,grave,True,nvidia/NVIDIA-Nemotron-Labs-3-Puzzle-75B-A9B-NVFP4,p2
1,1,,wedge,True,nvidia/NVIDIA-Nemotron-Labs-3-Puzzle-75B-A9B-NVFP4,p2
1,1,,wedge,True,nvidia/NVIDIA-Nemotron-Labs-3-Puzzle-75B-A9B-NVFP4,p2
1,1,,wedge,True,nvidia/NVIDIA-Nemotron-Labs-3-Puzzle-75B-A9B-NVFP4,p2
0,0,,wedge,True,nvidia/NVIDIA-Nemotron-Labs-3-Puzzle-75B-A9B-NVFP4,p2
0,0,,wedge,True,nvidia/NVIDIA-Nemotron-Labs-3-Puzzle-75B-A9B-NVFP4,p2
0,0,,wedge,True,nvidia/NVIDIA-Nemotron-Labs-3-Puzzle-75B-A9B-NVFP4,p2
1,1,,pier,True,nvidia/NVIDIA-Nemotron-Labs-3-Puzzle-75B-A9B-NVFP4,p2
0,0,,pier,True,nvidia/NVIDIA-Nemotron-Labs-3-Puzzle-75B-A9B-NVFP4,p2
0,1,,pier,False,nvidia/NVIDIA-Nemotron-Labs-3-Puzzle-75B-A9B-NVFP4,p2
1,1,,retreat,True,nvidia/NVIDIA-Nemotron-Labs-3-Puzzle-75B-A9B-NVFP4,p2
1,1,,retreat,True,nvidia/NVIDIA-Nemotron-Labs-3-Puzzle-75B-A9B-NVFP4,p2
1,1,,retreat,True,nvidia/NVIDIA-Nemotron-Labs-3-Puzzle-75B-A9B-NVFP4,p2
1,1,,retreat,True,nvidia/NVIDIA-Nemotron-Labs-3-Puzzle-75B-A9B-NVFP4,p2
1,1,,retreat,True,nvidia/NVIDIA-Nemotron-Labs-3-Puzzle-75B-A9B-NVFP4,p2
1,1,,retreat,True,nvidia/NVIDIA-Nemotron-Labs-3-Puzzle-75B-A9B-NVFP4,p2
0,0,,retreat,True,nvidia/NVIDIA-Nemotron-Labs-3-Puzzle-75B-A9B-NVFP4,p2
0,1,,retreat,False,nvidia/NVIDIA-Nemotron-Labs-3-Puzzle-75B-A9B-NVFP4,p2
0,1,,retreat,False,nvidia/NVIDIA-Nemotron-Labs-3-Puzzle-75B-A9B-NVFP4,p2
0,1,,retreat,False,nvidia/NVIDIA-Nemotron-Labs-3-Puzzle-75B-A9B-NVFP4,p2
0,0,,retreat,True,nvidia/NVIDIA-Nemotron-Labs-3-Puzzle-75B-A9B-NVFP4,p2
0,0,,retreat,True,nvidia/NVIDIA-Nemotron-Labs-3-Puzzle-75B-A9B-NVFP4,p2
1,1,,drapery,True,nvidia/NVIDIA-Nemotron-Labs-3-Puzzle-75B-A9B-NVFP4,p2
1,1,,drapery,True,nvidia/NVIDIA-Nemotron-Labs-3-Puzzle-75B-A9B-NVFP4,p2
0,1,,drapery,False,nvidia/NVIDIA-Nemotron-Labs-3-Puzzle-75B-A9B-NVFP4,p2
1,1,,blight,True,nvidia/NVIDIA-Nemotron-Labs-3-Puzzle-75B-A9B-NVFP4,p2
1,1,,blight,True,nvidia/NVIDIA-Nemotron-Labs-3-Puzzle-75B-A9B-NVFP4,p2
0,0,,blight,True,nvidia/NVIDIA-Nemotron-Labs-3-Puzzle-75B-A9B-NVFP4,p2
0,0,,blight,True,nvidia/NVIDIA-Nemotron-Labs-3-Puzzle-75B-A9B-NVFP4,p2
1,1,,adverb,True,nvidia/NVIDIA-Nemotron-Labs-3-Puzzle-75B-A9B-NVFP4,p2
1,1,,adverb,True,nvidia/NVIDIA-Nemotron-Labs-3-Puzzle-75B-A9B-NVFP4,p2
0,1,,adverb,False,nvidia/NVIDIA-Nemotron-Labs-3-Puzzle-75B-A9B-NVFP4,p2
1,1,,go_back,True,nvidia/NVIDIA-Nemotron-Labs-3-Puzzle-75B-A9B-NVFP4,p2
0,0,,go_back,True,nvidia/NVIDIA-Nemotron-Labs-3-Puzzle-75B-A9B-NVFP4,p2
0,1,,go_back,False,nvidia/NVIDIA-Nemotron-Labs-3-Puzzle-75B-A9B-NVFP4,p2
1,1,,program,True,nvidia/NVIDIA-Nemotron-Labs-3-Puzzle-75B-A9B-NVFP4,p2
0,0,,program,True,nvidia/NVIDIA-Nemotron-Labs-3-Puzzle-75B-A9B-NVFP4,p2
0,1,,show_up,False,nvidia/NVIDIA-Nemotron-Labs-3-Puzzle-75B-A9B-NVFP4,p2
0,0,,show_up,True,nvidia/NVIDIA-Nemotron-Labs-3-Puzzle-75B-A9B-NVFP4,p2
1,1,,rusty,True,nvidia/NVIDIA-Nemotron-Labs-3-Puzzle-75B-A9B-NVFP4,p2
1,1,,rusty,True,nvidia/NVIDIA-Nemotron-Labs-3-Puzzle-75B-A9B-NVFP4,p2
0,0,,rusty,True,nvidia/NVIDIA-Nemotron-Labs-3-Puzzle-75B-A9B-NVFP4,p2
0,0,,rusty,True,nvidia/NVIDIA-Nemotron-Labs-3-Puzzle-75B-A9B-NVFP4,p2
1,1,,adoption,True,nvidia/NVIDIA-Nemotron-Labs-3-Puzzle-75B-A9B-NVFP4,p2
1,1,,adoption,True,nvidia/NVIDIA-Nemotron-Labs-3-Puzzle-75B-A9B-NVFP4,p2
1,1,,adoption,True,nvidia/NVIDIA-Nemotron-Labs-3-Puzzle-75B-A9B-NVFP4,p2
0,0,,adoption,True,nvidia/NVIDIA-Nemotron-Labs-3-Puzzle-75B-A9B-NVFP4,p2
0,0,,adoption,True,nvidia/NVIDIA-Nemotron-Labs-3-Puzzle-75B-A9B-NVFP4,p2
0,0,,adoption,True,nvidia/NVIDIA-Nemotron-Labs-3-Puzzle-75B-A9B-NVFP4,p2
1,1,,goodness,True,nvidia/NVIDIA-Nemotron-Labs-3-Puzzle-75B-A9B-NVFP4,p2
0,0,,goodness,True,nvidia/NVIDIA-Nemotron-Labs-3-Puzzle-75B-A9B-NVFP4,p2
0,1,,goodness,False,nvidia/NVIDIA-Nemotron-Labs-3-Puzzle-75B-A9B-NVFP4,p2
1,1,,wicked,True,nvidia/NVIDIA-Nemotron-Labs-3-Puzzle-75B-A9B-NVFP4,p2
1,1,,wicked,True,nvidia/NVIDIA-Nemotron-Labs-3-Puzzle-75B-A9B-NVFP4,p2
1,0,,wicked,False,nvidia/NVIDIA-Nemotron-Labs-3-Puzzle-75B-A9B-NVFP4,p2
0,0,,wicked,True,nvidia/NVIDIA-Nemotron-Labs-3-Puzzle-75B-A9B-NVFP4,p2
0,0,,wicked,True,nvidia/NVIDIA-Nemotron-Labs-3-Puzzle-75B-A9B-NVFP4,p2
0,0,,wicked,True,nvidia/NVIDIA-Nemotron-Labs-3-Puzzle-75B-A9B-NVFP4,p2
0,0,,wicked,True,nvidia/NVIDIA-Nemotron-Labs-3-Puzzle-75B-A9B-NVFP4,p2
0,1,,stationary,False,nvidia/NVIDIA-Nemotron-Labs-3-Puzzle-75B-A9B-NVFP4,p2
1,1,,thread,True,nvidia/NVIDIA-Nemotron-Labs-3-Puzzle-75B-A9B-NVFP4,p2
1,1,,thread,True,nvidia/NVIDIA-Nemotron-Labs-3-Puzzle-75B-A9B-NVFP4,p2
1,1,,thread,True,nvidia/NVIDIA-Nemotron-Labs-3-Puzzle-75B-A9B-NVFP4,p2
1,1,,thread,True,nvidia/NVIDIA-Nemotron-Labs-3-Puzzle-75B-A9B-NVFP4,p2
0,1,,thread,False,nvidia/NVIDIA-Nemotron-Labs-3-Puzzle-75B-A9B-NVFP4,p2
1,1,,break_in,True,nvidia/NVIDIA-Nemotron-Labs-3-Puzzle-75B-A9B-NVFP4,p2
1,1,,break_in,True,nvidia/NVIDIA-Nemotron-Labs-3-Puzzle-75B-A9B-NVFP4,p2
1,1,,break_in,True,nvidia/NVIDIA-Nemotron-Labs-3-Puzzle-75B-A9B-NVFP4,p2
0,0,,break_in,True,nvidia/NVIDIA-Nemotron-Labs-3-Puzzle-75B-A9B-NVFP4,p2
0,0,,break_in,True,nvidia/NVIDIA-Nemotron-Labs-3-Puzzle-75B-A9B-NVFP4,p2
0,0,,break_in,True,nvidia/NVIDIA-Nemotron-Labs-3-Puzzle-75B-A9B-NVFP4,p2
1,1,,breakdown,True,nvidia/NVIDIA-Nemotron-Labs-3-Puzzle-75B-A9B-NVFP4,p2
1,1,,breakdown,True,nvidia/NVIDIA-Nemotron-Labs-3-Puzzle-75B-A9B-NVFP4,p2
0,0,,breakdown,True,nvidia/NVIDIA-Nemotron-Labs-3-Puzzle-75B-A9B-NVFP4,p2
0,0,,breakdown,True,nvidia/NVIDIA-Nemotron-Labs-3-Puzzle-75B-A9B-NVFP4,p2
1,1,,induction,True,nvidia/NVIDIA-Nemotron-Labs-3-Puzzle-75B-A9B-NVFP4,p2
1,1,,induction,True,nvidia/NVIDIA-Nemotron-Labs-3-Puzzle-75B-A9B-NVFP4,p2
1,1,,induction,True,nvidia/NVIDIA-Nemotron-Labs-3-Puzzle-75B-A9B-NVFP4,p2
1,0,,induction,False,nvidia/NVIDIA-Nemotron-Labs-3-Puzzle-75B-A9B-NVFP4,p2
1,1,,induction,True,nvidia/NVIDIA-Nemotron-Labs-3-Puzzle-75B-A9B-NVFP4,p2
0,0,,induction,True,nvidia/NVIDIA-Nemotron-Labs-3-Puzzle-75B-A9B-NVFP4,p2
0,0,,induction,True,nvidia/NVIDIA-Nemotron-Labs-3-Puzzle-75B-A9B-NVFP4,p2
0,0,,induction,True,nvidia/NVIDIA-Nemotron-Labs-3-Puzzle-75B-A9B-NVFP4,p2
0,0,,induction,True,nvidia/NVIDIA-Nemotron-Labs-3-Puzzle-75B-A9B-NVFP4,p2
0,0,,induction,True,nvidia/NVIDIA-Nemotron-Labs-3-Puzzle-75B-A9B-NVFP4,p2
1,1,,hardship,True,nvidia/NVIDIA-Nemotron-Labs-3-Puzzle-75B-A9B-NVFP4,p2
1,1,,hardship,True,nvidia/NVIDIA-Nemotron-Labs-3-Puzzle-75B-A9B-NVFP4,p2
0,1,,hardship,False,nvidia/NVIDIA-Nemotron-Labs-3-Puzzle-75B-A9B-NVFP4,p2
0,1,,hardship,False,nvidia/NVIDIA-Nemotron-Labs-3-Puzzle-75B-A9B-NVFP4,p2
1,1,,bruise,True,nvidia/NVIDIA-Nemotron-Labs-3-Puzzle-75B-A9B-NVFP4,p2
0,1,,bruise,False,nvidia/NVIDIA-Nemotron-Labs-3-Puzzle-75B-A9B-NVFP4,p2
0,0,,bruise,True,nvidia/NVIDIA-Nemotron-Labs-3-Puzzle-75B-A9B-NVFP4,p2
1,1,,reversal,True,nvidia/NVIDIA-Nemotron-Labs-3-Puzzle-75B-A9B-NVFP4,p2
1,1,,reversal,True,nvidia/NVIDIA-Nemotron-Labs-3-Puzzle-75B-A9B-NVFP4,p2
1,1,,reversal,True,nvidia/NVIDIA-Nemotron-Labs-3-Puzzle-75B-A9B-NVFP4,p2
1,1,,reversal,True,nvidia/NVIDIA-Nemotron-Labs-3-Puzzle-75B-A9B-NVFP4,p2
1,1,,reversal,True,nvidia/NVIDIA-Nemotron-Labs-3-Puzzle-75B-A9B-NVFP4,p2
0,0,,reversal,True,nvidia/NVIDIA-Nemotron-Labs-3-Puzzle-75B-A9B-NVFP4,p2
0,1,,reversal,False,nvidia/NVIDIA-Nemotron-Labs-3-Puzzle-75B-A9B-NVFP4,p2
0,1,,reversal,False,nvidia/NVIDIA-Nemotron-Labs-3-Puzzle-75B-A9B-NVFP4,p2
0,0,,reversal,True,nvidia/NVIDIA-Nemotron-Labs-3-Puzzle-75B-A9B-NVFP4,p2
1,1,,square,True,nvidia/NVIDIA-Nemotron-Labs-3-Puzzle-75B-A9B-NVFP4,p2
1,1,,square,True,nvidia/NVIDIA-Nemotron-Labs-3-Puzzle-75B-A9B-NVFP4,p2
1,1,,square,True,nvidia/NVIDIA-Nemotron-Labs-3-Puzzle-75B-A9B-NVFP4,p2
1,1,,square,True,nvidia/NVIDIA-Nemotron-Labs-3-Puzzle-75B-A9B-NVFP4,p2
1,1,,square,True,nvidia/NVIDIA-Nemotron-Labs-3-Puzzle-75B-A9B-NVFP4,p2
0,1,,square,False,nvidia/NVIDIA-Nemotron-Labs-3-Puzzle-75B-A9B-NVFP4,p2
0,1,,square,False,nvidia/NVIDIA-Nemotron-Labs-3-Puzzle-75B-A9B-NVFP4,p2
0,0,,square,True,nvidia/NVIDIA-Nemotron-Labs-3-Puzzle-75B-A9B-NVFP4,p2
0,0,,square,True,nvidia/NVIDIA-Nemotron-Labs-3-Puzzle-75B-A9B-NVFP4,p2
0,0,,square,True,nvidia/NVIDIA-Nemotron-Labs-3-Puzzle-75B-A9B-NVFP4,p2
0,1,,square,False,nvidia/NVIDIA-Nemotron-Labs-3-Puzzle-75B-A9B-NVFP4,p2
1,1,,bolt,True,nvidia/NVIDIA-Nemotron-Labs-3-Puzzle-75B-A9B-NVFP4,p2
1,1,,bolt,True,nvidia/NVIDIA-Nemotron-Labs-3-Puzzle-75B-A9B-NVFP4,p2
1,1,,bolt,True,nvidia/NVIDIA-Nemotron-Labs-3-Puzzle-75B-A9B-NVFP4,p2
1,1,,bolt,True,nvidia/NVIDIA-Nemotron-Labs-3-Puzzle-75B-A9B-NVFP4,p2
1,1,,bolt,True,nvidia/NVIDIA-Nemotron-Labs-3-Puzzle-75B-A9B-NVFP4,p2
0,0,,bolt,True,nvidia/NVIDIA-Nemotron-Labs-3-Puzzle-75B-A9B-NVFP4,p2
0,1,,bolt,False,nvidia/NVIDIA-Nemotron-Labs-3-Puzzle-75B-A9B-NVFP4,p2
0,0,,bolt,True,nvidia/NVIDIA-Nemotron-Labs-3-Puzzle-75B-A9B-NVFP4,p2
0,0,,bolt,True,nvidia/NVIDIA-Nemotron-Labs-3-Puzzle-75B-A9B-NVFP4,p2
0,0,,bolt,True,nvidia/NVIDIA-Nemotron-Labs-3-Puzzle-75B-A9B-NVFP4,p2
1,1,,straightforward,True,nvidia/NVIDIA-Nemotron-Labs-3-Puzzle-75B-A9B-NVFP4,p2
0,0,,straightforward,True,nvidia/NVIDIA-Nemotron-Labs-3-Puzzle-75B-A9B-NVFP4,p2
0,1,,straightforward,False,nvidia/NVIDIA-Nemotron-Labs-3-Puzzle-75B-A9B-NVFP4,p2
1,1,,reconcile,True,nvidia/NVIDIA-Nemotron-Labs-3-Puzzle-75B-A9B-NVFP4,p2
1,1,,reconcile,True,nvidia/NVIDIA-Nemotron-Labs-3-Puzzle-75B-A9B-NVFP4,p2
1,1,,reconcile,True,nvidia/NVIDIA-Nemotron-Labs-3-Puzzle-75B-A9B-NVFP4,p2
0,1,,reconcile,False,nvidia/NVIDIA-Nemotron-Labs-3-Puzzle-75B-A9B-NVFP4,p2
0,1,,reconcile,False,nvidia/NVIDIA-Nemotron-Labs-3-Puzzle-75B-A9B-NVFP4,p2
0,1,,reconcile,False,nvidia/NVIDIA-Nemotron-Labs-3-Puzzle-75B-A9B-NVFP4,p2
1,1,,diverge,True,nvidia/NVIDIA-Nemotron-Labs-3-Puzzle-75B-A9B-NVFP4,p2
1,1,,diverge,True,nvidia/NVIDIA-Nemotron-Labs-3-Puzzle-75B-A9B-NVFP4,p2
0,1,,diverge,False,nvidia/NVIDIA-Nemotron-Labs-3-Puzzle-75B-A9B-NVFP4,p2
0,1,,diverge,False,nvidia/NVIDIA-Nemotron-Labs-3-Puzzle-75B-A9B-NVFP4,p2
0,0,,diverge,True,nvidia/NVIDIA-Nemotron-Labs-3-Puzzle-75B-A9B-NVFP4,p2
0,1,,diverge,False,nvidia/NVIDIA-Nemotron-Labs-3-Puzzle-75B-A9B-NVFP4,p2
1,1,,get_away,True,nvidia/NVIDIA-Nemotron-Labs-3-Puzzle-75B-A9B-NVFP4,p2
0,0,,get_away,True,nvidia/NVIDIA-Nemotron-Labs-3-Puzzle-75B-A9B-NVFP4,p2
0,0,,get_away,True,nvidia/NVIDIA-Nemotron-Labs-3-Puzzle-75B-A9B-NVFP4,p2
1,1,,testing,True,nvidia/NVIDIA-Nemotron-Labs-3-Puzzle-75B-A9B-NVFP4,p2
0,1,,testing,False,nvidia/NVIDIA-Nemotron-Labs-3-Puzzle-75B-A9B-NVFP4,p2
1,1,,discredit,True,nvidia/NVIDIA-Nemotron-Labs-3-Puzzle-75B-A9B-NVFP4,p2
1,1,,discredit,True,nvidia/NVIDIA-Nemotron-Labs-3-Puzzle-75B-A9B-NVFP4,p2
0,1,,discredit,False,nvidia/NVIDIA-Nemotron-Labs-3-Puzzle-75B-A9B-NVFP4,p2
0,1,,discredit,False,nvidia/NVIDIA-Nemotron-Labs-3-Puzzle-75B-A9B-NVFP4,p2
1,1,,precedent,True,nvidia/NVIDIA-Nemotron-Labs-3-Puzzle-75B-A9B-NVFP4,p2
1,1,,precedent,True,nvidia/NVIDIA-Nemotron-Labs-3-Puzzle-75B-A9B-NVFP4,p2
0,1,,precedent,False,nvidia/NVIDIA-Nemotron-Labs-3-Puzzle-75B-A9B-NVFP4,p2
0,1,,precedent,False,nvidia/NVIDIA-Nemotron-Labs-3-Puzzle-75B-A9B-NVFP4,p2
1,1,,shear,True,nvidia/NVIDIA-Nemotron-Labs-3-Puzzle-75B-A9B-NVFP4,p2
1,1,,shear,True,nvidia/NVIDIA-Nemotron-Labs-3-Puzzle-75B-A9B-NVFP4,p2
1,1,,shear,True,nvidia/NVIDIA-Nemotron-Labs-3-Puzzle-75B-A9B-NVFP4,p2
0,0,,shear,True,nvidia/NVIDIA-Nemotron-Labs-3-Puzzle-75B-A9B-NVFP4,p2
0,1,,shear,False,nvidia/NVIDIA-Nemotron-Labs-3-Puzzle-75B-A9B-NVFP4,p2
0,1,,shear,False,nvidia/NVIDIA-Nemotron-Labs-3-Puzzle-75B-A9B-NVFP4,p2
0,0,,shear,True,nvidia/NVIDIA-Nemotron-Labs-3-Puzzle-75B-A9B-NVFP4,p2
1,1,,knock_out,True,nvidia/NVIDIA-Nemotron-Labs-3-Puzzle-75B-A9B-NVFP4,p2
1,1,,knock_out,True,nvidia/NVIDIA-Nemotron-Labs-3-Puzzle-75B-A9B-NVFP4,p2
1,1,,knock_out,True,nvidia/NVIDIA-Nemotron-Labs-3-Puzzle-75B-A9B-NVFP4,p2
0,1,,knock_out,False,nvidia/NVIDIA-Nemotron-Labs-3-Puzzle-75B-A9B-NVFP4,p2
0,0,,knock_out,True,nvidia/NVIDIA-Nemotron-Labs-3-Puzzle-75B-A9B-NVFP4,p2
0,0,,knock_out,True,nvidia/NVIDIA-Nemotron-Labs-3-Puzzle-75B-A9B-NVFP4,p2
0,0,,knock_out,True,nvidia/NVIDIA-Nemotron-Labs-3-Puzzle-75B-A9B-NVFP4,p2
1,1,,pull,True,nvidia/NVIDIA-Nemotron-Labs-3-Puzzle-75B-A9B-NVFP4,p2
1,1,,pull,True,nvidia/NVIDIA-Nemotron-Labs-3-Puzzle-75B-A9B-NVFP4,p2
1,1,,pull,True,nvidia/NVIDIA-Nemotron-Labs-3-Puzzle-75B-A9B-NVFP4,p2
1,1,,pull,True,nvidia/NVIDIA-Nemotron-Labs-3-Puzzle-75B-A9B-NVFP4,p2
1,0,,pull,False,nvidia/NVIDIA-Nemotron-Labs-3-Puzzle-75B-A9B-NVFP4,p2
0,0,,pull,True,nvidia/NVIDIA-Nemotron-Labs-3-Puzzle-75B-A9B-NVFP4,p2
0,0,,pull,True,nvidia/NVIDIA-Nemotron-Labs-3-Puzzle-75B-A9B-NVFP4,p2
0,0,,pull,True,nvidia/NVIDIA-Nemotron-Labs-3-Puzzle-75B-A9B-NVFP4,p2
0,0,,pull,True,nvidia/NVIDIA-Nemotron-Labs-3-Puzzle-75B-A9B-NVFP4,p2
0,0,,pull,True,nvidia/NVIDIA-Nemotron-Labs-3-Puzzle-75B-A9B-NVFP4,p2
0,1,,pull,False,nvidia/NVIDIA-Nemotron-Labs-3-Puzzle-75B-A9B-NVFP4,p2
1,1,,coordinated,True,nvidia/NVIDIA-Nemotron-Labs-3-Puzzle-75B-A9B-NVFP4,p2
0,1,,coordinated,False,nvidia/NVIDIA-Nemotron-Labs-3-Puzzle-75B-A9B-NVFP4,p2
0,0,,coordinated,True,nvidia/NVIDIA-Nemotron-Labs-3-Puzzle-75B-A9B-NVFP4,p2
0,0,,advancement,True,nvidia/NVIDIA-Nemotron-Labs-3-Puzzle-75B-A9B-NVFP4,p2
0,1,,advancement,False,nvidia/NVIDIA-Nemotron-Labs-3-Puzzle-75B-A9B-NVFP4,p2
1,1,,distill,True,nvidia/NVIDIA-Nemotron-Labs-3-Puzzle-75B-A9B-NVFP4,p2
0,1,,distill,False,nvidia/NVIDIA-Nemotron-Labs-3-Puzzle-75B-A9B-NVFP4,p2
0,1,,distill,False,nvidia/NVIDIA-Nemotron-Labs-3-Puzzle-75B-A9B-NVFP4,p2
0,1,,discontinue,False,nvidia/NVIDIA-Nemotron-Labs-3-Puzzle-75B-A9B-NVFP4,p2
1,1,,tread,True,nvidia/NVIDIA-Nemotron-Labs-3-Puzzle-75B-A9B-NVFP4,p2
1,1,,tread,True,nvidia/NVIDIA-Nemotron-Labs-3-Puzzle-75B-A9B-NVFP4,p2
1,1,,tread,True,nvidia/NVIDIA-Nemotron-Labs-3-Puzzle-75B-A9B-NVFP4,p2
1,1,,tread,True,nvidia/NVIDIA-Nemotron-Labs-3-Puzzle-75B-A9B-NVFP4,p2
0,0,,tread,True,nvidia/NVIDIA-Nemotron-Labs-3-Puzzle-75B-A9B-NVFP4,p2
0,0,,tread,True,nvidia/NVIDIA-Nemotron-Labs-3-Puzzle-75B-A9B-NVFP4,p2
0,0,,tread,True,nvidia/NVIDIA-Nemotron-Labs-3-Puzzle-75B-A9B-NVFP4,p2
0,0,,tread,True,nvidia/NVIDIA-Nemotron-Labs-3-Puzzle-75B-A9B-NVFP4,p2
0,0,,tread,True,nvidia/NVIDIA-Nemotron-Labs-3-Puzzle-75B-A9B-NVFP4,p2
0,0,,tread,True,nvidia/NVIDIA-Nemotron-Labs-3-Puzzle-75B-A9B-NVFP4,p2
0,0,,tread,True,nvidia/NVIDIA-Nemotron-Labs-3-Puzzle-75B-A9B-NVFP4,p2
0,0,,tread,True,nvidia/NVIDIA-Nemotron-Labs-3-Puzzle-75B-A9B-NVFP4,p2
1,1,,jam,True,nvidia/NVIDIA-Nemotron-Labs-3-Puzzle-75B-A9B-NVFP4,p2
1,1,,jam,True,nvidia/NVIDIA-Nemotron-Labs-3-Puzzle-75B-A9B-NVFP4,p2
1,1,,jam,True,nvidia/NVIDIA-Nemotron-Labs-3-Puzzle-75B-A9B-NVFP4,p2
1,1,,jam,True,nvidia/NVIDIA-Nemotron-Labs-3-Puzzle-75B-A9B-NVFP4,p2
0,0,,jam,True,nvidia/NVIDIA-Nemotron-Labs-3-Puzzle-75B-A9B-NVFP4,p2
0,0,,jam,True,nvidia/NVIDIA-Nemotron-Labs-3-Puzzle-75B-A9B-NVFP4,p2
0,0,,jam,True,nvidia/NVIDIA-Nemotron-Labs-3-Puzzle-75B-A9B-NVFP4,p2
0,0,,jam,True,nvidia/NVIDIA-Nemotron-Labs-3-Puzzle-75B-A9B-NVFP4,p2
1,1,,mobile,True,nvidia/NVIDIA-Nemotron-Labs-3-Puzzle-75B-A9B-NVFP4,p2
1,1,,mobile,True,nvidia/NVIDIA-Nemotron-Labs-3-Puzzle-75B-A9B-NVFP4,p2
1,1,,mobile,True,nvidia/NVIDIA-Nemotron-Labs-3-Puzzle-75B-A9B-NVFP4,p2
0,1,,mobile,False,nvidia/NVIDIA-Nemotron-Labs-3-Puzzle-75B-A9B-NVFP4,p2
0,0,,mobile,True,nvidia/NVIDIA-Nemotron-Labs-3-Puzzle-75B-A9B-NVFP4,p2
0,0,,mobile,True,nvidia/NVIDIA-Nemotron-Labs-3-Puzzle-75B-A9B-NVFP4,p2
0,1,,twitch,False,nvidia/NVIDIA-Nemotron-Labs-3-Puzzle-75B-A9B-NVFP4,p2
1,1,,marker,True,nvidia/NVIDIA-Nemotron-Labs-3-Puzzle-75B-A9B-NVFP4,p2
0,0,,marker,True,nvidia/NVIDIA-Nemotron-Labs-3-Puzzle-75B-A9B-NVFP4,p2
0,0,,marker,True,nvidia/NVIDIA-Nemotron-Labs-3-Puzzle-75B-A9B-NVFP4,p2
0,0,,marker,True,nvidia/NVIDIA-Nemotron-Labs-3-Puzzle-75B-A9B-NVFP4,p2
1,1,,lodge,True,nvidia/NVIDIA-Nemotron-Labs-3-Puzzle-75B-A9B-NVFP4,p2
0,0,,lodge,True,nvidia/NVIDIA-Nemotron-Labs-3-Puzzle-75B-A9B-NVFP4,p2
0,0,,lodge,True,nvidia/NVIDIA-Nemotron-Labs-3-Puzzle-75B-A9B-NVFP4,p2
0,0,,curb,True,nvidia/NVIDIA-Nemotron-Labs-3-Puzzle-75B-A9B-NVFP4,p2
0,0,,curb,True,nvidia/NVIDIA-Nemotron-Labs-3-Puzzle-75B-A9B-NVFP4,p2
0,0,,guilty,True,nvidia/NVIDIA-Nemotron-Labs-3-Puzzle-75B-A9B-NVFP4,p2
0,0,,guilty,True,nvidia/NVIDIA-Nemotron-Labs-3-Puzzle-75B-A9B-NVFP4,p2
1,1,,desperately,True,nvidia/NVIDIA-Nemotron-Labs-3-Puzzle-75B-A9B-NVFP4,p2
1,1,,courteous,True,nvidia/NVIDIA-Nemotron-Labs-3-Puzzle-75B-A9B-NVFP4,p2
1,1,,accordingly,True,nvidia/NVIDIA-Nemotron-Labs-3-Puzzle-75B-A9B-NVFP4,p2
1,1,,accordingly,True,nvidia/NVIDIA-Nemotron-Labs-3-Puzzle-75B-A9B-NVFP4,p2
1,1,,disregard,True,nvidia/NVIDIA-Nemotron-Labs-3-Puzzle-75B-A9B-NVFP4,p2
1,1,,disregard,True,nvidia/NVIDIA-Nemotron-Labs-3-Puzzle-75B-A9B-NVFP4,p2
1,1,,disregard,True,nvidia/NVIDIA-Nemotron-Labs-3-Puzzle-75B-A9B-NVFP4,p2
0,1,,disregard,False,nvidia/NVIDIA-Nemotron-Labs-3-Puzzle-75B-A9B-NVFP4,p2
0,1,,disregard,False,nvidia/NVIDIA-Nemotron-Labs-3-Puzzle-75B-A9B-NVFP4,p2
0,0,,disregard,True,nvidia/NVIDIA-Nemotron-Labs-3-Puzzle-75B-A9B-NVFP4,p2
1,1,,suitable,True,nvidia/NVIDIA-Nemotron-Labs-3-Puzzle-75B-A9B-NVFP4,p2
1,1,,suitable,True,nvidia/NVIDIA-Nemotron-Labs-3-Puzzle-75B-A9B-NVFP4,p2
0,1,,suitable,False,nvidia/NVIDIA-Nemotron-Labs-3-Puzzle-75B-A9B-NVFP4,p2
0,1,,suitable,False,nvidia/NVIDIA-Nemotron-Labs-3-Puzzle-75B-A9B-NVFP4,p2
1,1,,behalf,True,nvidia/NVIDIA-Nemotron-Labs-3-Puzzle-75B-A9B-NVFP4,p2
0,1,,behalf,False,nvidia/NVIDIA-Nemotron-Labs-3-Puzzle-75B-A9B-NVFP4,p2
1,1,,alternating,True,nvidia/NVIDIA-Nemotron-Labs-3-Puzzle-75B-A9B-NVFP4,p2
0,0,,alternating,True,nvidia/NVIDIA-Nemotron-Labs-3-Puzzle-75B-A9B-NVFP4,p2
0,1,,alternating,False,nvidia/NVIDIA-Nemotron-Labs-3-Puzzle-75B-A9B-NVFP4,p2
1,1,,blueberry,True,nvidia/NVIDIA-Nemotron-Labs-3-Puzzle-75B-A9B-NVFP4,p2
0,1,,blueberry,False,nvidia/NVIDIA-Nemotron-Labs-3-Puzzle-75B-A9B-NVFP4,p2
1,1,,smut,True,nvidia/NVIDIA-Nemotron-Labs-3-Puzzle-75B-A9B-NVFP4,p2
1,1,,smut,True,nvidia/NVIDIA-Nemotron-Labs-3-Puzzle-75B-A9B-NVFP4,p2
1,1,,smut,True,nvidia/NVIDIA-Nemotron-Labs-3-Puzzle-75B-A9B-NVFP4,p2
0,0,,smut,True,nvidia/NVIDIA-Nemotron-Labs-3-Puzzle-75B-A9B-NVFP4,p2
0,0,,smut,True,nvidia/NVIDIA-Nemotron-Labs-3-Puzzle-75B-A9B-NVFP4,p2
0,1,,smut,False,nvidia/NVIDIA-Nemotron-Labs-3-Puzzle-75B-A9B-NVFP4,p2
1,1,,fury,True,nvidia/NVIDIA-Nemotron-Labs-3-Puzzle-75B-A9B-NVFP4,p2
1,1,,fury,True,nvidia/NVIDIA-Nemotron-Labs-3-Puzzle-75B-A9B-NVFP4,p2
1,1,,fury,True,nvidia/NVIDIA-Nemotron-Labs-3-Puzzle-75B-A9B-NVFP4,p2
0,0,,fury,True,nvidia/NVIDIA-Nemotron-Labs-3-Puzzle-75B-A9B-NVFP4,p2
0,1,,fury,False,nvidia/NVIDIA-Nemotron-Labs-3-Puzzle-75B-A9B-NVFP4,p2
0,1,,fury,False,nvidia/NVIDIA-Nemotron-Labs-3-Puzzle-75B-A9B-NVFP4,p2
1,1,,peanut,True,nvidia/NVIDIA-Nemotron-Labs-3-Puzzle-75B-A9B-NVFP4,p2
1,1,,peanut,True,nvidia/NVIDIA-Nemotron-Labs-3-Puzzle-75B-A9B-NVFP4,p2
1,1,,peanut,True,nvidia/NVIDIA-Nemotron-Labs-3-Puzzle-75B-A9B-NVFP4,p2
0,1,,peanut,False,nvidia/NVIDIA-Nemotron-Labs-3-Puzzle-75B-A9B-NVFP4,p2
1,1,,confrontation,True,nvidia/NVIDIA-Nemotron-Labs-3-Puzzle-75B-A9B-NVFP4,p2
1,1,,confrontation,True,nvidia/NVIDIA-Nemotron-Labs-3-Puzzle-75B-A9B-NVFP4,p2
0,1,,confrontation,False,nvidia/NVIDIA-Nemotron-Labs-3-Puzzle-75B-A9B-NVFP4,p2
0,1,,confrontation,False,nvidia/NVIDIA-Nemotron-Labs-3-Puzzle-75B-A9B-NVFP4,p2
0,1,,confrontation,False,nvidia/NVIDIA-Nemotron-Labs-3-Puzzle-75B-A9B-NVFP4,p2
0,0,,confrontation,True,nvidia/NVIDIA-Nemotron-Labs-3-Puzzle-75B-A9B-NVFP4,p2
0,1,,confrontation,False,nvidia/NVIDIA-Nemotron-Labs-3-Puzzle-75B-A9B-NVFP4,p2
1,1,,mosaic,True,nvidia/NVIDIA-Nemotron-Labs-3-Puzzle-75B-A9B-NVFP4,p2
1,1,,mosaic,True,nvidia/NVIDIA-Nemotron-Labs-3-Puzzle-75B-A9B-NVFP4,p2
1,1,,mosaic,True,nvidia/NVIDIA-Nemotron-Labs-3-Puzzle-75B-A9B-NVFP4,p2
0,0,,mosaic,True,nvidia/NVIDIA-Nemotron-Labs-3-Puzzle-75B-A9B-NVFP4,p2
0,0,,mosaic,True,nvidia/NVIDIA-Nemotron-Labs-3-Puzzle-75B-A9B-NVFP4,p2
0,1,,mosaic,False,nvidia/NVIDIA-Nemotron-Labs-3-Puzzle-75B-A9B-NVFP4,p2
1,1,,feminine,True,nvidia/NVIDIA-Nemotron-Labs-3-Puzzle-75B-A9B-NVFP4,p2
1,1,,feminine,True,nvidia/NVIDIA-Nemotron-Labs-3-Puzzle-75B-A9B-NVFP4,p2
0,0,,feminine,True,nvidia/NVIDIA-Nemotron-Labs-3-Puzzle-75B-A9B-NVFP4,p2
0,0,,feminine,True,nvidia/NVIDIA-Nemotron-Labs-3-Puzzle-75B-A9B-NVFP4,p2
0,1,,feminine,False,nvidia/NVIDIA-Nemotron-Labs-3-Puzzle-75B-A9B-NVFP4,p2
1,1,,border,True,nvidia/NVIDIA-Nemotron-Labs-3-Puzzle-75B-A9B-NVFP4,p2
0,0,,border,True,nvidia/NVIDIA-Nemotron-Labs-3-Puzzle-75B-A9B-NVFP4,p2
0,0,,border,True,nvidia/NVIDIA-Nemotron-Labs-3-Puzzle-75B-A9B-NVFP4,p2
0,1,,border,False,nvidia/NVIDIA-Nemotron-Labs-3-Puzzle-75B-A9B-NVFP4,p2
0,1,,border,False,nvidia/NVIDIA-Nemotron-Labs-3-Puzzle-75B-A9B-NVFP4,p2
1,1,,hum,True,nvidia/NVIDIA-Nemotron-Labs-3-Puzzle-75B-A9B-NVFP4,p2
1,1,,hum,True,nvidia/NVIDIA-Nemotron-Labs-3-Puzzle-75B-A9B-NVFP4,p2
0,0,,hum,True,nvidia/NVIDIA-Nemotron-Labs-3-Puzzle-75B-A9B-NVFP4,p2
0,0,,hum,True,nvidia/NVIDIA-Nemotron-Labs-3-Puzzle-75B-A9B-NVFP4,p2
1,1,,prescription,True,nvidia/NVIDIA-Nemotron-Labs-3-Puzzle-75B-A9B-NVFP4,p2
1,1,,prescription,True,nvidia/NVIDIA-Nemotron-Labs-3-Puzzle-75B-A9B-NVFP4,p2
1,1,,prescription,True,nvidia/NVIDIA-Nemotron-Labs-3-Puzzle-75B-A9B-NVFP4,p2
0,0,,prescription,True,nvidia/NVIDIA-Nemotron-Labs-3-Puzzle-75B-A9B-NVFP4,p2
0,0,,prescription,True,nvidia/NVIDIA-Nemotron-Labs-3-Puzzle-75B-A9B-NVFP4,p2
1,1,,fullness,True,nvidia/NVIDIA-Nemotron-Labs-3-Puzzle-75B-A9B-NVFP4,p2
1,1,,fullness,True,nvidia/NVIDIA-Nemotron-Labs-3-Puzzle-75B-A9B-NVFP4,p2
1,1,,fullness,True,nvidia/NVIDIA-Nemotron-Labs-3-Puzzle-75B-A9B-NVFP4,p2
1,1,,fullness,True,nvidia/NVIDIA-Nemotron-Labs-3-Puzzle-75B-A9B-NVFP4,p2
0,0,,fullness,True,nvidia/NVIDIA-Nemotron-Labs-3-Puzzle-75B-A9B-NVFP4,p2
0,0,,unaffected,True,nvidia/NVIDIA-Nemotron-Labs-3-Puzzle-75B-A9B-NVFP4,p2
0,1,,unaffected,False,nvidia/NVIDIA-Nemotron-Labs-3-Puzzle-75B-A9B-NVFP4,p2
0,1,,unaffected,False,nvidia/NVIDIA-Nemotron-Labs-3-Puzzle-75B-A9B-NVFP4,p2
1,1,,skip,True,nvidia/NVIDIA-Nemotron-Labs-3-Puzzle-75B-A9B-NVFP4,p2
0,1,,skip,False,nvidia/NVIDIA-Nemotron-Labs-3-Puzzle-75B-A9B-NVFP4,p2
0,0,,skip,True,nvidia/NVIDIA-Nemotron-Labs-3-Puzzle-75B-A9B-NVFP4,p2
0,0,,skip,True,nvidia/NVIDIA-Nemotron-Labs-3-Puzzle-75B-A9B-NVFP4,p2
0,0,,skip,True,nvidia/NVIDIA-Nemotron-Labs-3-Puzzle-75B-A9B-NVFP4,p2
1,1,,flush,True,nvidia/NVIDIA-Nemotron-Labs-3-Puzzle-75B-A9B-NVFP4,p2
1,1,,flush,True,nvidia/NVIDIA-Nemotron-Labs-3-Puzzle-75B-A9B-NVFP4,p2
1,1,,flush,True,nvidia/NVIDIA-Nemotron-Labs-3-Puzzle-75B-A9B-NVFP4,p2
1,1,,flush,True,nvidia/NVIDIA-Nemotron-Labs-3-Puzzle-75B-A9B-NVFP4,p2
1,1,,flush,True,nvidia/NVIDIA-Nemotron-Labs-3-Puzzle-75B-A9B-NVFP4,p2
0,0,,flush,True,nvidia/NVIDIA-Nemotron-Labs-3-Puzzle-75B-A9B-NVFP4,p2
0,0,,flush,True,nvidia/NVIDIA-Nemotron-Labs-3-Puzzle-75B-A9B-NVFP4,p2
0,0,,flush,True,nvidia/NVIDIA-Nemotron-Labs-3-Puzzle-75B-A9B-NVFP4,p2
0,0,,flush,True,nvidia/NVIDIA-Nemotron-Labs-3-Puzzle-75B-A9B-NVFP4,p2
0,1,,fierce,False,nvidia/NVIDIA-Nemotron-Labs-3-Puzzle-75B-A9B-NVFP4,p2
0,1,,fierce,False,nvidia/NVIDIA-Nemotron-Labs-3-Puzzle-75B-A9B-NVFP4,p2
1,1,,stiffness,True,nvidia/NVIDIA-Nemotron-Labs-3-Puzzle-75B-A9B-NVFP4,p2
1,1,,stiffness,True,nvidia/NVIDIA-Nemotron-Labs-3-Puzzle-75B-A9B-NVFP4,p2
0,0,,stiffness,True,nvidia/NVIDIA-Nemotron-Labs-3-Puzzle-75B-A9B-NVFP4,p2
0,0,,stiffness,True,nvidia/NVIDIA-Nemotron-Labs-3-Puzzle-75B-A9B-NVFP4,p2
0,0,,stiffness,True,nvidia/NVIDIA-Nemotron-Labs-3-Puzzle-75B-A9B-NVFP4,p2
1,1,,recess,True,nvidia/NVIDIA-Nemotron-Labs-3-Puzzle-75B-A9B-NVFP4,p2
1,1,,recess,True,nvidia/NVIDIA-Nemotron-Labs-3-Puzzle-75B-A9B-NVFP4,p2
1,1,,recess,True,nvidia/NVIDIA-Nemotron-Labs-3-Puzzle-75B-A9B-NVFP4,p2
0,1,,recess,False,nvidia/NVIDIA-Nemotron-Labs-3-Puzzle-75B-A9B-NVFP4,p2
0,0,,recess,True,nvidia/NVIDIA-Nemotron-Labs-3-Puzzle-75B-A9B-NVFP4,p2
0,1,,recess,False,nvidia/NVIDIA-Nemotron-Labs-3-Puzzle-75B-A9B-NVFP4,p2
1,1,,individualism,True,nvidia/NVIDIA-Nemotron-Labs-3-Puzzle-75B-A9B-NVFP4,p2
1,1,,individualism,True,nvidia/NVIDIA-Nemotron-Labs-3-Puzzle-75B-A9B-NVFP4,p2
0,0,,individualism,True,nvidia/NVIDIA-Nemotron-Labs-3-Puzzle-75B-A9B-NVFP4,p2
1,1,,fellowship,True,nvidia/NVIDIA-Nemotron-Labs-3-Puzzle-75B-A9B-NVFP4,p2
1,1,,fellowship,True,nvidia/NVIDIA-Nemotron-Labs-3-Puzzle-75B-A9B-NVFP4,p2
1,1,,fellowship,True,nvidia/NVIDIA-Nemotron-Labs-3-Puzzle-75B-A9B-NVFP4,p2
0,0,,fellowship,True,nvidia/NVIDIA-Nemotron-Labs-3-Puzzle-75B-A9B-NVFP4,p2
0,1,,fellowship,False,nvidia/NVIDIA-Nemotron-Labs-3-Puzzle-75B-A9B-NVFP4,p2
1,1,,contrary,True,nvidia/NVIDIA-Nemotron-Labs-3-Puzzle-75B-A9B-NVFP4,p2
1,1,,contrary,True,nvidia/NVIDIA-Nemotron-Labs-3-Puzzle-75B-A9B-NVFP4,p2
0,1,,contrary,False,nvidia/NVIDIA-Nemotron-Labs-3-Puzzle-75B-A9B-NVFP4,p2
0,0,,contrary,True,nvidia/NVIDIA-Nemotron-Labs-3-Puzzle-75B-A9B-NVFP4,p2
0,1,,contrary,False,nvidia/NVIDIA-Nemotron-Labs-3-Puzzle-75B-A9B-NVFP4,p2
1,1,,foresee,True,nvidia/NVIDIA-Nemotron-Labs-3-Puzzle-75B-A9B-NVFP4,p2
0,1,,foresee,False,nvidia/NVIDIA-Nemotron-Labs-3-Puzzle-75B-A9B-NVFP4,p2
0,1,,foresee,False,nvidia/NVIDIA-Nemotron-Labs-3-Puzzle-75B-A9B-NVFP4,p2
1,1,,urgency,True,nvidia/NVIDIA-Nemotron-Labs-3-Puzzle-75B-A9B-NVFP4,p2
1,1,,urgency,True,nvidia/NVIDIA-Nemotron-Labs-3-Puzzle-75B-A9B-NVFP4,p2
0,1,,urgency,False,nvidia/NVIDIA-Nemotron-Labs-3-Puzzle-75B-A9B-NVFP4,p2
1,1,,bluff,True,nvidia/NVIDIA-Nemotron-Labs-3-Puzzle-75B-A9B-NVFP4,p2
1,1,,bluff,True,nvidia/NVIDIA-Nemotron-Labs-3-Puzzle-75B-A9B-NVFP4,p2
0,1,,bluff,False,nvidia/NVIDIA-Nemotron-Labs-3-Puzzle-75B-A9B-NVFP4,p2
0,1,,bluff,False,nvidia/NVIDIA-Nemotron-Labs-3-Puzzle-75B-A9B-NVFP4,p2
1,1,,herd,True,nvidia/NVIDIA-Nemotron-Labs-3-Puzzle-75B-A9B-NVFP4,p2
0,1,,herd,False,nvidia/NVIDIA-Nemotron-Labs-3-Puzzle-75B-A9B-NVFP4,p2
1,1,,trimming,True,nvidia/NVIDIA-Nemotron-Labs-3-Puzzle-75B-A9B-NVFP4,p2
1,1,,unify,True,nvidia/NVIDIA-Nemotron-Labs-3-Puzzle-75B-A9B-NVFP4,p2
1,1,,unify,True,nvidia/NVIDIA-Nemotron-Labs-3-Puzzle-75B-A9B-NVFP4,p2
1,1,,unify,True,nvidia/NVIDIA-Nemotron-Labs-3-Puzzle-75B-A9B-NVFP4,p2
0,1,,unify,False,nvidia/NVIDIA-Nemotron-Labs-3-Puzzle-75B-A9B-NVFP4,p2
0,1,,unify,False,nvidia/NVIDIA-Nemotron-Labs-3-Puzzle-75B-A9B-NVFP4,p2
0,1,,unify,False,nvidia/NVIDIA-Nemotron-Labs-3-Puzzle-75B-A9B-NVFP4,p2
1,1,,gossip,True,nvidia/NVIDIA-Nemotron-Labs-3-Puzzle-75B-A9B-NVFP4,p2
0,1,,gossip,False,nvidia/NVIDIA-Nemotron-Labs-3-Puzzle-75B-A9B-NVFP4,p2
0,1,,gossip,False,nvidia/NVIDIA-Nemotron-Labs-3-Puzzle-75B-A9B-NVFP4,p2
1,1,,ministry,True,nvidia/NVIDIA-Nemotron-Labs-3-Puzzle-75B-A9B-NVFP4,p2
0,0,,ministry,True,nvidia/NVIDIA-Nemotron-Labs-3-Puzzle-75B-A9B-NVFP4,p2
0,0,,ministry,True,nvidia/NVIDIA-Nemotron-Labs-3-Puzzle-75B-A9B-NVFP4,p2
1,1,,pony,True,nvidia/NVIDIA-Nemotron-Labs-3-Puzzle-75B-A9B-NVFP4,p2
0,0,,pony,True,nvidia/NVIDIA-Nemotron-Labs-3-Puzzle-75B-A9B-NVFP4,p2
0,0,,pony,True,nvidia/NVIDIA-Nemotron-Labs-3-Puzzle-75B-A9B-NVFP4,p2
1,1,,chill,True,nvidia/NVIDIA-Nemotron-Labs-3-Puzzle-75B-A9B-NVFP4,p2
1,1,,chill,True,nvidia/NVIDIA-Nemotron-Labs-3-Puzzle-75B-A9B-NVFP4,p2
1,1,,chill,True,nvidia/NVIDIA-Nemotron-Labs-3-Puzzle-75B-A9B-NVFP4,p2
1,1,,chill,True,nvidia/NVIDIA-Nemotron-Labs-3-Puzzle-75B-A9B-NVFP4,p2
0,0,,chill,True,nvidia/NVIDIA-Nemotron-Labs-3-Puzzle-75B-A9B-NVFP4,p2
0,0,,chill,True,nvidia/NVIDIA-Nemotron-Labs-3-Puzzle-75B-A9B-NVFP4,p2
0,0,,chill,True,nvidia/NVIDIA-Nemotron-Labs-3-Puzzle-75B-A9B-NVFP4,p2
0,0,,chill,True,nvidia/NVIDIA-Nemotron-Labs-3-Puzzle-75B-A9B-NVFP4,p2
0,0,,chill,True,nvidia/NVIDIA-Nemotron-Labs-3-Puzzle-75B-A9B-NVFP4,p2
1,1,,pretense,True,nvidia/NVIDIA-Nemotron-Labs-3-Puzzle-75B-A9B-NVFP4,p2
1,1,,pretense,True,nvidia/NVIDIA-Nemotron-Labs-3-Puzzle-75B-A9B-NVFP4,p2
0,1,,pretense,False,nvidia/NVIDIA-Nemotron-Labs-3-Puzzle-75B-A9B-NVFP4,p2
0,1,,pretense,False,nvidia/NVIDIA-Nemotron-Labs-3-Puzzle-75B-A9B-NVFP4,p2
0,1,,pretense,False,nvidia/NVIDIA-Nemotron-Labs-3-Puzzle-75B-A9B-NVFP4,p2
1,1,,morphology,True,nvidia/NVIDIA-Nemotron-Labs-3-Puzzle-75B-A9B-NVFP4,p2
1,1,,morphology,True,nvidia/NVIDIA-Nemotron-Labs-3-Puzzle-75B-A9B-NVFP4,p2
1,1,,morphology,True,nvidia/NVIDIA-Nemotron-Labs-3-Puzzle-75B-A9B-NVFP4,p2
0,0,,morphology,True,nvidia/NVIDIA-Nemotron-Labs-3-Puzzle-75B-A9B-NVFP4,p2
0,1,,morphology,False,nvidia/NVIDIA-Nemotron-Labs-3-Puzzle-75B-A9B-NVFP4,p2
1,1,,passageway,True,nvidia/NVIDIA-Nemotron-Labs-3-Puzzle-75B-A9B-NVFP4,p2
1,1,,passageway,True,nvidia/NVIDIA-Nemotron-Labs-3-Puzzle-75B-A9B-NVFP4,p2
1,1,,bloodshed,True,nvidia/NVIDIA-Nemotron-Labs-3-Puzzle-75B-A9B-NVFP4,p2
1,1,,damned,True,nvidia/NVIDIA-Nemotron-Labs-3-Puzzle-75B-A9B-NVFP4,p2
0,0,,damned,True,nvidia/NVIDIA-Nemotron-Labs-3-Puzzle-75B-A9B-NVFP4,p2
1,1,,reminder,True,nvidia/NVIDIA-Nemotron-Labs-3-Puzzle-75B-A9B-NVFP4,p2
1,1,,reminder,True,nvidia/NVIDIA-Nemotron-Labs-3-Puzzle-75B-A9B-NVFP4,p2
0,1,,reminder,False,nvidia/NVIDIA-Nemotron-Labs-3-Puzzle-75B-A9B-NVFP4,p2
0,0,,reminder,True,nvidia/NVIDIA-Nemotron-Labs-3-Puzzle-75B-A9B-NVFP4,p2
1,1,,expulsion,True,nvidia/NVIDIA-Nemotron-Labs-3-Puzzle-75B-A9B-NVFP4,p2
1,1,,expulsion,True,nvidia/NVIDIA-Nemotron-Labs-3-Puzzle-75B-A9B-NVFP4,p2
0,1,,expulsion,False,nvidia/NVIDIA-Nemotron-Labs-3-Puzzle-75B-A9B-NVFP4,p2
0,0,,expulsion,True,nvidia/NVIDIA-Nemotron-Labs-3-Puzzle-75B-A9B-NVFP4,p2
1,1,,spade,True,nvidia/NVIDIA-Nemotron-Labs-3-Puzzle-75B-A9B-NVFP4,p2
1,1,,spade,True,nvidia/NVIDIA-Nemotron-Labs-3-Puzzle-75B-A9B-NVFP4,p2
0,0,,spade,True,nvidia/NVIDIA-Nemotron-Labs-3-Puzzle-75B-A9B-NVFP4,p2
0,0,,spade,True,nvidia/NVIDIA-Nemotron-Labs-3-Puzzle-75B-A9B-NVFP4,p2
1,1,,mock,True,nvidia/NVIDIA-Nemotron-Labs-3-Puzzle-75B-A9B-NVFP4,p2
0,1,,mock,False,nvidia/NVIDIA-Nemotron-Labs-3-Puzzle-75B-A9B-NVFP4,p2
1,1,,expend,True,nvidia/NVIDIA-Nemotron-Labs-3-Puzzle-75B-A9B-NVFP4,p2
0,1,,expend,False,nvidia/NVIDIA-Nemotron-Labs-3-Puzzle-75B-A9B-NVFP4,p2
0,1,,expend,False,nvidia/NVIDIA-Nemotron-Labs-3-Puzzle-75B-A9B-NVFP4,p2
1,1,,selective,True,nvidia/NVIDIA-Nemotron-Labs-3-Puzzle-75B-A9B-NVFP4,p2
0,1,,selective,False,nvidia/NVIDIA-Nemotron-Labs-3-Puzzle-75B-A9B-NVFP4,p2
1,1,,verb,True,nvidia/NVIDIA-Nemotron-Labs-3-Puzzle-75B-A9B-NVFP4,p2
0,1,,verb,False,nvidia/NVIDIA-Nemotron-Labs-3-Puzzle-75B-A9B-NVFP4,p2
1,1,,amplify,True,nvidia/NVIDIA-Nemotron-Labs-3-Puzzle-75B-A9B-NVFP4,p2
0,1,,amplify,False,nvidia/NVIDIA-Nemotron-Labs-3-Puzzle-75B-A9B-NVFP4,p2
0,0,,amplify,True,nvidia/NVIDIA-Nemotron-Labs-3-Puzzle-75B-A9B-NVFP4,p2
0,1,,amplify,False,nvidia/NVIDIA-Nemotron-Labs-3-Puzzle-75B-A9B-NVFP4,p2
0,0,,shiver,True,nvidia/NVIDIA-Nemotron-Labs-3-Puzzle-75B-A9B-NVFP4,p2
0,1,,shiver,False,nvidia/NVIDIA-Nemotron-Labs-3-Puzzle-75B-A9B-NVFP4,p2
0,0,,royalty,True,nvidia/NVIDIA-Nemotron-Labs-3-Puzzle-75B-A9B-NVFP4,p2
1,1,,commuter,True,nvidia/NVIDIA-Nemotron-Labs-3-Puzzle-75B-A9B-NVFP4,p2
0,0,,commuter,True,nvidia/NVIDIA-Nemotron-Labs-3-Puzzle-75B-A9B-NVFP4,p2
0,1,,unhappiness,False,nvidia/NVIDIA-Nemotron-Labs-3-Puzzle-75B-A9B-NVFP4,p2
0,1,,unhappiness,False,nvidia/NVIDIA-Nemotron-Labs-3-Puzzle-75B-A9B-NVFP4,p2
1,1,,heroine,True,nvidia/NVIDIA-Nemotron-Labs-3-Puzzle-75B-A9B-NVFP4,p2
1,1,,heroine,True,nvidia/NVIDIA-Nemotron-Labs-3-Puzzle-75B-A9B-NVFP4,p2
0,1,,heroine,False,nvidia/NVIDIA-Nemotron-Labs-3-Puzzle-75B-A9B-NVFP4,p2
1,1,,disapprove,True,nvidia/NVIDIA-Nemotron-Labs-3-Puzzle-75B-A9B-NVFP4,p2
1,1,,antiquity,True,nvidia/NVIDIA-Nemotron-Labs-3-Puzzle-75B-A9B-NVFP4,p2
0,1,,antiquity,False,nvidia/NVIDIA-Nemotron-Labs-3-Puzzle-75B-A9B-NVFP4,p2
0,1,,antiquity,False,nvidia/NVIDIA-Nemotron-Labs-3-Puzzle-75B-A9B-NVFP4,p2
0,0,,antiquity,True,nvidia/NVIDIA-Nemotron-Labs-3-Puzzle-75B-A9B-NVFP4,p2
0,0,,sash,True,nvidia/NVIDIA-Nemotron-Labs-3-Puzzle-75B-A9B-NVFP4,p2
1,1,,braid,True,nvidia/NVIDIA-Nemotron-Labs-3-Puzzle-75B-A9B-NVFP4,p2
0,0,,braid,True,nvidia/NVIDIA-Nemotron-Labs-3-Puzzle-75B-A9B-NVFP4,p2
1,1,,album,True,nvidia/NVIDIA-Nemotron-Labs-3-Puzzle-75B-A9B-NVFP4,p2
1,1,,album,True,nvidia/NVIDIA-Nemotron-Labs-3-Puzzle-75B-A9B-NVFP4,p2
0,1,,album,False,nvidia/NVIDIA-Nemotron-Labs-3-Puzzle-75B-A9B-NVFP4,p2
0,0,,album,True,nvidia/NVIDIA-Nemotron-Labs-3-Puzzle-75B-A9B-NVFP4,p2
1,1,,discount,True,nvidia/NVIDIA-Nemotron-Labs-3-Puzzle-75B-A9B-NVFP4,p2
1,1,,discount,True,nvidia/NVIDIA-Nemotron-Labs-3-Puzzle-75B-A9B-NVFP4,p2
1,1,,discount,True,nvidia/NVIDIA-Nemotron-Labs-3-Puzzle-75B-A9B-NVFP4,p2
0,1,,discount,False,nvidia/NVIDIA-Nemotron-Labs-3-Puzzle-75B-A9B-NVFP4,p2
0,1,,discount,False,nvidia/NVIDIA-Nemotron-Labs-3-Puzzle-75B-A9B-NVFP4,p2
0,1,,discount,False,nvidia/NVIDIA-Nemotron-Labs-3-Puzzle-75B-A9B-NVFP4,p2
1,1,,peel,True,nvidia/NVIDIA-Nemotron-Labs-3-Puzzle-75B-A9B-NVFP4,p2
0,1,,peel,False,nvidia/NVIDIA-Nemotron-Labs-3-Puzzle-75B-A9B-NVFP4,p2
0,1,,peel,False,nvidia/NVIDIA-Nemotron-Labs-3-Puzzle-75B-A9B-NVFP4,p2
0,1,,joyful,False,nvidia/NVIDIA-Nemotron-Labs-3-Puzzle-75B-A9B-NVFP4,p2
1,1,,needlework,True,nvidia/NVIDIA-Nemotron-Labs-3-Puzzle-75B-A9B-NVFP4,p2
0,1,,needlework,False,nvidia/NVIDIA-Nemotron-Labs-3-Puzzle-75B-A9B-NVFP4,p2
0,1,,needlework,False,nvidia/NVIDIA-Nemotron-Labs-3-Puzzle-75B-A9B-NVFP4,p2
0,1,,carnivore,False,nvidia/NVIDIA-Nemotron-Labs-3-Puzzle-75B-A9B-NVFP4,p2
0,1,,carnivore,False,nvidia/NVIDIA-Nemotron-Labs-3-Puzzle-75B-A9B-NVFP4,p2
1,1,,iridescent,True,nvidia/NVIDIA-Nemotron-Labs-3-Puzzle-75B-A9B-NVFP4,p2
0,1,,iridescent,False,nvidia/NVIDIA-Nemotron-Labs-3-Puzzle-75B-A9B-NVFP4,p2
1,1,,nova_scotia,True,nvidia/NVIDIA-Nemotron-Labs-3-Puzzle-75B-A9B-NVFP4,p2
1,1,,helpless,True,nvidia/NVIDIA-Nemotron-Labs-3-Puzzle-75B-A9B-NVFP4,p2
0,1,,helpless,False,nvidia/NVIDIA-Nemotron-Labs-3-Puzzle-75B-A9B-NVFP4,p2
1,1,,maternal,True,nvidia/NVIDIA-Nemotron-Labs-3-Puzzle-75B-A9B-NVFP4,p2
0,1,,maternal,False,nvidia/NVIDIA-Nemotron-Labs-3-Puzzle-75B-A9B-NVFP4,p2
0,0,,maternal,True,nvidia/NVIDIA-Nemotron-Labs-3-Puzzle-75B-A9B-NVFP4,p2
0,0,,maternal,True,nvidia/NVIDIA-Nemotron-Labs-3-Puzzle-75B-A9B-NVFP4,p2
1,1,,cusp,True,nvidia/NVIDIA-Nemotron-Labs-3-Puzzle-75B-A9B-NVFP4,p2
0,1,,cusp,False,nvidia/NVIDIA-Nemotron-Labs-3-Puzzle-75B-A9B-NVFP4,p2
0,1,,cusp,False,nvidia/NVIDIA-Nemotron-Labs-3-Puzzle-75B-A9B-NVFP4,p2
0,1,,cusp,False,nvidia/NVIDIA-Nemotron-Labs-3-Puzzle-75B-A9B-NVFP4,p2
1,0,,arousal,False,nvidia/NVIDIA-Nemotron-Labs-3-Puzzle-75B-A9B-NVFP4,p2
1,1,,arousal,True,nvidia/NVIDIA-Nemotron-Labs-3-Puzzle-75B-A9B-NVFP4,p2
0,0,,arousal,True,nvidia/NVIDIA-Nemotron-Labs-3-Puzzle-75B-A9B-NVFP4,p2
0,1,,arousal,False,nvidia/NVIDIA-Nemotron-Labs-3-Puzzle-75B-A9B-NVFP4,p2
1,1,,purification,True,nvidia/NVIDIA-Nemotron-Labs-3-Puzzle-75B-A9B-NVFP4,p2
1,1,,purification,True,nvidia/NVIDIA-Nemotron-Labs-3-Puzzle-75B-A9B-NVFP4,p2
0,0,,purification,True,nvidia/NVIDIA-Nemotron-Labs-3-Puzzle-75B-A9B-NVFP4,p2
0,0,,purification,True,nvidia/NVIDIA-Nemotron-Labs-3-Puzzle-75B-A9B-NVFP4,p2
0,0,,purification,True,nvidia/NVIDIA-Nemotron-Labs-3-Puzzle-75B-A9B-NVFP4,p2
1,1,,split,True,nvidia/NVIDIA-Nemotron-Labs-3-Puzzle-75B-A9B-NVFP4,p2
1,1,,split,True,nvidia/NVIDIA-Nemotron-Labs-3-Puzzle-75B-A9B-NVFP4,p2
1,1,,split,True,nvidia/NVIDIA-Nemotron-Labs-3-Puzzle-75B-A9B-NVFP4,p2
1,1,,split,True,nvidia/NVIDIA-Nemotron-Labs-3-Puzzle-75B-A9B-NVFP4,p2
1,1,,split,True,nvidia/NVIDIA-Nemotron-Labs-3-Puzzle-75B-A9B-NVFP4,p2
1,1,,split,True,nvidia/NVIDIA-Nemotron-Labs-3-Puzzle-75B-A9B-NVFP4,p2
1,1,,split,True,nvidia/NVIDIA-Nemotron-Labs-3-Puzzle-75B-A9B-NVFP4,p2
0,0,,split,True,nvidia/NVIDIA-Nemotron-Labs-3-Puzzle-75B-A9B-NVFP4,p2
0,0,,split,True,nvidia/NVIDIA-Nemotron-Labs-3-Puzzle-75B-A9B-NVFP4,p2
0,1,,split,False,nvidia/NVIDIA-Nemotron-Labs-3-Puzzle-75B-A9B-NVFP4,p2
0,0,,split,True,nvidia/NVIDIA-Nemotron-Labs-3-Puzzle-75B-A9B-NVFP4,p2
0,0,,split,True,nvidia/NVIDIA-Nemotron-Labs-3-Puzzle-75B-A9B-NVFP4,p2
0,0,,split,True,nvidia/NVIDIA-Nemotron-Labs-3-Puzzle-75B-A9B-NVFP4,p2
0,0,,split,True,nvidia/NVIDIA-Nemotron-Labs-3-Puzzle-75B-A9B-NVFP4,p2
0,0,,split,True,nvidia/NVIDIA-Nemotron-Labs-3-Puzzle-75B-A9B-NVFP4,p2
1,1,,blur,True,nvidia/NVIDIA-Nemotron-Labs-3-Puzzle-75B-A9B-NVFP4,p2
1,1,,blur,True,nvidia/NVIDIA-Nemotron-Labs-3-Puzzle-75B-A9B-NVFP4,p2
1,1,,blur,True,nvidia/NVIDIA-Nemotron-Labs-3-Puzzle-75B-A9B-NVFP4,p2
0,1,,blur,False,nvidia/NVIDIA-Nemotron-Labs-3-Puzzle-75B-A9B-NVFP4,p2
0,1,,blur,False,nvidia/NVIDIA-Nemotron-Labs-3-Puzzle-75B-A9B-NVFP4,p2
0,1,,blur,False,nvidia/NVIDIA-Nemotron-Labs-3-Puzzle-75B-A9B-NVFP4,p2
0,1,,blur,False,nvidia/NVIDIA-Nemotron-Labs-3-Puzzle-75B-A9B-NVFP4,p2
0,1,,blur,False,nvidia/NVIDIA-Nemotron-Labs-3-Puzzle-75B-A9B-NVFP4,p2
1,1,,purge,True,nvidia/NVIDIA-Nemotron-Labs-3-Puzzle-75B-A9B-NVFP4,p2
1,1,,purge,True,nvidia/NVIDIA-Nemotron-Labs-3-Puzzle-75B-A9B-NVFP4,p2
1,1,,purge,True,nvidia/NVIDIA-Nemotron-Labs-3-Puzzle-75B-A9B-NVFP4,p2
1,1,,purge,True,nvidia/NVIDIA-Nemotron-Labs-3-Puzzle-75B-A9B-NVFP4,p2
0,1,,purge,False,nvidia/NVIDIA-Nemotron-Labs-3-Puzzle-75B-A9B-NVFP4,p2
0,1,,purge,False,nvidia/NVIDIA-Nemotron-Labs-3-Puzzle-75B-A9B-NVFP4,p2
0,0,,purge,True,nvidia/NVIDIA-Nemotron-Labs-3-Puzzle-75B-A9B-NVFP4,p2
0,1,,purge,False,nvidia/NVIDIA-Nemotron-Labs-3-Puzzle-75B-A9B-NVFP4,p2
1,1,,encounter,True,nvidia/NVIDIA-Nemotron-Labs-3-Puzzle-75B-A9B-NVFP4,p2
0,1,,encounter,False,nvidia/NVIDIA-Nemotron-Labs-3-Puzzle-75B-A9B-NVFP4,p2
0,1,,encounter,False,nvidia/NVIDIA-Nemotron-Labs-3-Puzzle-75B-A9B-NVFP4,p2
0,0,,encounter,True,nvidia/NVIDIA-Nemotron-Labs-3-Puzzle-75B-A9B-NVFP4,p2
1,1,,seriousness,True,nvidia/NVIDIA-Nemotron-Labs-3-Puzzle-75B-A9B-NVFP4,p2
0,1,,seriousness,False,nvidia/NVIDIA-Nemotron-Labs-3-Puzzle-75B-A9B-NVFP4,p2
0,1,,seriousness,False,nvidia/NVIDIA-Nemotron-Labs-3-Puzzle-75B-A9B-NVFP4,p2
1,1,,specialization,True,nvidia/NVIDIA-Nemotron-Labs-3-Puzzle-75B-A9B-NVFP4,p2
1,1,,specialization,True,nvidia/NVIDIA-Nemotron-Labs-3-Puzzle-75B-A9B-NVFP4,p2
0,0,,specialization,True,nvidia/NVIDIA-Nemotron-Labs-3-Puzzle-75B-A9B-NVFP4,p2
0,0,,specialization,True,nvidia/NVIDIA-Nemotron-Labs-3-Puzzle-75B-A9B-NVFP4,p2
0,0,,specialization,True,nvidia/NVIDIA-Nemotron-Labs-3-Puzzle-75B-A9B-NVFP4,p2
1,1,,cedar,True,nvidia/NVIDIA-Nemotron-Labs-3-Puzzle-75B-A9B-NVFP4,p2
1,1,,cedar,True,nvidia/NVIDIA-Nemotron-Labs-3-Puzzle-75B-A9B-NVFP4,p2
0,1,,cedar,False,nvidia/NVIDIA-Nemotron-Labs-3-Puzzle-75B-A9B-NVFP4,p2
0,1,,cedar,False,nvidia/NVIDIA-Nemotron-Labs-3-Puzzle-75B-A9B-NVFP4,p2
1,1,,uninterrupted,True,nvidia/NVIDIA-Nemotron-Labs-3-Puzzle-75B-A9B-NVFP4,p2
0,1,,uninterrupted,False,nvidia/NVIDIA-Nemotron-Labs-3-Puzzle-75B-A9B-NVFP4,p2
1,1,,in_the_first_place,True,nvidia/NVIDIA-Nemotron-Labs-3-Puzzle-75B-A9B-NVFP4,p2
1,0,,in_the_first_place,False,nvidia/NVIDIA-Nemotron-Labs-3-Puzzle-75B-A9B-NVFP4,p2
0,1,,in_the_first_place,False,nvidia/NVIDIA-Nemotron-Labs-3-Puzzle-75B-A9B-NVFP4,p2
1,1,,analogy,True,nvidia/NVIDIA-Nemotron-Labs-3-Puzzle-75B-A9B-NVFP4,p2
1,1,,analogy,True,nvidia/NVIDIA-Nemotron-Labs-3-Puzzle-75B-A9B-NVFP4,p2
0,1,,analogy,False,nvidia/NVIDIA-Nemotron-Labs-3-Puzzle-75B-A9B-NVFP4,p2
0,1,,confusing,False,nvidia/NVIDIA-Nemotron-Labs-3-Puzzle-75B-A9B-NVFP4,p2
0,1,,confusing,False,nvidia/NVIDIA-Nemotron-Labs-3-Puzzle-75B-A9B-NVFP4,p2
1,1,,bore,True,nvidia/NVIDIA-Nemotron-Labs-3-Puzzle-75B-A9B-NVFP4,p2
1,1,,bore,True,nvidia/NVIDIA-Nemotron-Labs-3-Puzzle-75B-A9B-NVFP4,p2
1,1,,bore,True,nvidia/NVIDIA-Nemotron-Labs-3-Puzzle-75B-A9B-NVFP4,p2
1,1,,bore,True,nvidia/NVIDIA-Nemotron-Labs-3-Puzzle-75B-A9B-NVFP4,p2
1,1,,bore,True,nvidia/NVIDIA-Nemotron-Labs-3-Puzzle-75B-A9B-NVFP4,p2
1,1,,bore,True,nvidia/NVIDIA-Nemotron-Labs-3-Puzzle-75B-A9B-NVFP4,p2
1,1,,bore,True,nvidia/NVIDIA-Nemotron-Labs-3-Puzzle-75B-A9B-NVFP4,p2
0,0,,bore,True,nvidia/NVIDIA-Nemotron-Labs-3-Puzzle-75B-A9B-NVFP4,p2
0,1,,bore,False,nvidia/NVIDIA-Nemotron-Labs-3-Puzzle-75B-A9B-NVFP4,p2
0,1,,bore,False,nvidia/NVIDIA-Nemotron-Labs-3-Puzzle-75B-A9B-NVFP4,p2
0,0,,bore,True,nvidia/NVIDIA-Nemotron-Labs-3-Puzzle-75B-A9B-NVFP4,p2
0,1,,bore,False,nvidia/NVIDIA-Nemotron-Labs-3-Puzzle-75B-A9B-NVFP4,p2
0,0,,bore,True,nvidia/NVIDIA-Nemotron-Labs-3-Puzzle-75B-A9B-NVFP4,p2
0,0,,bore,True,nvidia/NVIDIA-Nemotron-Labs-3-Puzzle-75B-A9B-NVFP4,p2
1,1,,essence,True,nvidia/NVIDIA-Nemotron-Labs-3-Puzzle-75B-A9B-NVFP4,p2
1,1,,essence,True,nvidia/NVIDIA-Nemotron-Labs-3-Puzzle-75B-A9B-NVFP4,p2
1,1,,ox,True,nvidia/NVIDIA-Nemotron-Labs-3-Puzzle-75B-A9B-NVFP4,p2
1,1,,tangled,True,nvidia/NVIDIA-Nemotron-Labs-3-Puzzle-75B-A9B-NVFP4,p2
0,1,,tangled,False,nvidia/NVIDIA-Nemotron-Labs-3-Puzzle-75B-A9B-NVFP4,p2
0,1,,tangled,False,nvidia/NVIDIA-Nemotron-Labs-3-Puzzle-75B-A9B-NVFP4,p2
1,1,,lazy,True,nvidia/NVIDIA-Nemotron-Labs-3-Puzzle-75B-A9B-NVFP4,p2
0,0,,lazy,True,nvidia/NVIDIA-Nemotron-Labs-3-Puzzle-75B-A9B-NVFP4,p2
0,1,,lazy,False,nvidia/NVIDIA-Nemotron-Labs-3-Puzzle-75B-A9B-NVFP4,p2
0,0,,dimensional,True,nvidia/NVIDIA-Nemotron-Labs-3-Puzzle-75B-A9B-NVFP4,p2
1,1,,singly,True,nvidia/NVIDIA-Nemotron-Labs-3-Puzzle-75B-A9B-NVFP4,p2
1,1,,singly,True,nvidia/NVIDIA-Nemotron-Labs-3-Puzzle-75B-A9B-NVFP4,p2
0,1,,singly,False,nvidia/NVIDIA-Nemotron-Labs-3-Puzzle-75B-A9B-NVFP4,p2
1,1,,astringent,True,nvidia/NVIDIA-Nemotron-Labs-3-Puzzle-75B-A9B-NVFP4,p2
0,0,,astringent,True,nvidia/NVIDIA-Nemotron-Labs-3-Puzzle-75B-A9B-NVFP4,p2
1,1,,citrus,True,nvidia/NVIDIA-Nemotron-Labs-3-Puzzle-75B-A9B-NVFP4,p2
1,1,,citrus,True,nvidia/NVIDIA-Nemotron-Labs-3-Puzzle-75B-A9B-NVFP4,p2
0,1,,citrus,False,nvidia/NVIDIA-Nemotron-Labs-3-Puzzle-75B-A9B-NVFP4,p2
1,0,,homely,False,nvidia/NVIDIA-Nemotron-Labs-3-Puzzle-75B-A9B-NVFP4,p2
1,1,,homely,True,nvidia/NVIDIA-Nemotron-Labs-3-Puzzle-75B-A9B-NVFP4,p2
1,1,,homely,True,nvidia/NVIDIA-Nemotron-Labs-3-Puzzle-75B-A9B-NVFP4,p2
0,1,,homely,False,nvidia/NVIDIA-Nemotron-Labs-3-Puzzle-75B-A9B-NVFP4,p2
0,1,,homely,False,nvidia/NVIDIA-Nemotron-Labs-3-Puzzle-75B-A9B-NVFP4,p2
0,1,,admirable,False,nvidia/NVIDIA-Nemotron-Labs-3-Puzzle-75B-A9B-NVFP4,p2
1,1,,blessed,True,nvidia/NVIDIA-Nemotron-Labs-3-Puzzle-75B-A9B-NVFP4,p2
0,0,,blessed,True,nvidia/NVIDIA-Nemotron-Labs-3-Puzzle-75B-A9B-NVFP4,p2
0,0,,blessed,True,nvidia/NVIDIA-Nemotron-Labs-3-Puzzle-75B-A9B-NVFP4,p2
0,0,,blessed,True,nvidia/NVIDIA-Nemotron-Labs-3-Puzzle-75B-A9B-NVFP4,p2
1,1,,familiarity,True,nvidia/NVIDIA-Nemotron-Labs-3-Puzzle-75B-A9B-NVFP4,p2
0,0,,familiarity,True,nvidia/NVIDIA-Nemotron-Labs-3-Puzzle-75B-A9B-NVFP4,p2
0,0,,familiarity,True,nvidia/NVIDIA-Nemotron-Labs-3-Puzzle-75B-A9B-NVFP4,p2
0,0,,familiarity,True,nvidia/NVIDIA-Nemotron-Labs-3-Puzzle-75B-A9B-NVFP4,p2
1,1,,gloom,True,nvidia/NVIDIA-Nemotron-Labs-3-Puzzle-75B-A9B-NVFP4,p2
0,1,,gloom,False,nvidia/NVIDIA-Nemotron-Labs-3-Puzzle-75B-A9B-NVFP4,p2
1,1,,witch,True,nvidia/NVIDIA-Nemotron-Labs-3-Puzzle-75B-A9B-NVFP4,p2
1,1,,unjust,True,nvidia/NVIDIA-Nemotron-Labs-3-Puzzle-75B-A9B-NVFP4,p2
1,1,,escort,True,nvidia/NVIDIA-Nemotron-Labs-3-Puzzle-75B-A9B-NVFP4,p2
1,1,,escort,True,nvidia/NVIDIA-Nemotron-Labs-3-Puzzle-75B-A9B-NVFP4,p2
1,1,,escort,True,nvidia/NVIDIA-Nemotron-Labs-3-Puzzle-75B-A9B-NVFP4,p2
0,0,,escort,True,nvidia/NVIDIA-Nemotron-Labs-3-Puzzle-75B-A9B-NVFP4,p2
0,0,,escort,True,nvidia/NVIDIA-Nemotron-Labs-3-Puzzle-75B-A9B-NVFP4,p2
0,0,,escort,True,nvidia/NVIDIA-Nemotron-Labs-3-Puzzle-75B-A9B-NVFP4,p2
1,0,,respectable,False,nvidia/NVIDIA-Nemotron-Labs-3-Puzzle-75B-A9B-NVFP4,p2
0,1,,respectable,False,nvidia/NVIDIA-Nemotron-Labs-3-Puzzle-75B-A9B-NVFP4,p2
0,0,,respectable,True,nvidia/NVIDIA-Nemotron-Labs-3-Puzzle-75B-A9B-NVFP4,p2
1,1,,detachment,True,nvidia/NVIDIA-Nemotron-Labs-3-Puzzle-75B-A9B-NVFP4,p2
1,1,,detachment,True,nvidia/NVIDIA-Nemotron-Labs-3-Puzzle-75B-A9B-NVFP4,p2
0,0,,detachment,True,nvidia/NVIDIA-Nemotron-Labs-3-Puzzle-75B-A9B-NVFP4,p2
0,1,,detachment,False,nvidia/NVIDIA-Nemotron-Labs-3-Puzzle-75B-A9B-NVFP4,p2
0,0,,detachment,True,nvidia/NVIDIA-Nemotron-Labs-3-Puzzle-75B-A9B-NVFP4,p2
0,1,,penance,False,nvidia/NVIDIA-Nemotron-Labs-3-Puzzle-75B-A9B-NVFP4,p2
1,1,,allowance,True,nvidia/NVIDIA-Nemotron-Labs-3-Puzzle-75B-A9B-NVFP4,p2
1,1,,allowance,True,nvidia/NVIDIA-Nemotron-Labs-3-Puzzle-75B-A9B-NVFP4,p2
1,1,,allowance,True,nvidia/NVIDIA-Nemotron-Labs-3-Puzzle-75B-A9B-NVFP4,p2
1,1,,allowance,True,nvidia/NVIDIA-Nemotron-Labs-3-Puzzle-75B-A9B-NVFP4,p2
0,0,,allowance,True,nvidia/NVIDIA-Nemotron-Labs-3-Puzzle-75B-A9B-NVFP4,p2
0,0,,allowance,True,nvidia/NVIDIA-Nemotron-Labs-3-Puzzle-75B-A9B-NVFP4,p2
0,0,,allowance,True,nvidia/NVIDIA-Nemotron-Labs-3-Puzzle-75B-A9B-NVFP4,p2
0,0,,allowance,True,nvidia/NVIDIA-Nemotron-Labs-3-Puzzle-75B-A9B-NVFP4,p2
1,1,,crossing,True,nvidia/NVIDIA-Nemotron-Labs-3-Puzzle-75B-A9B-NVFP4,p2
0,0,,crossing,True,nvidia/NVIDIA-Nemotron-Labs-3-Puzzle-75B-A9B-NVFP4,p2
0,0,,crossing,True,nvidia/NVIDIA-Nemotron-Labs-3-Puzzle-75B-A9B-NVFP4,p2
0,1,,crossing,False,nvidia/NVIDIA-Nemotron-Labs-3-Puzzle-75B-A9B-NVFP4,p2
0,1,,crossing,False,nvidia/NVIDIA-Nemotron-Labs-3-Puzzle-75B-A9B-NVFP4,p2
0,1,,crossing,False,nvidia/NVIDIA-Nemotron-Labs-3-Puzzle-75B-A9B-NVFP4,p2
1,1,,rig,True,nvidia/NVIDIA-Nemotron-Labs-3-Puzzle-75B-A9B-NVFP4,p2
1,1,,rig,True,nvidia/NVIDIA-Nemotron-Labs-3-Puzzle-75B-A9B-NVFP4,p2
1,1,,rig,True,nvidia/NVIDIA-Nemotron-Labs-3-Puzzle-75B-A9B-NVFP4,p2
1,1,,rig,True,nvidia/NVIDIA-Nemotron-Labs-3-Puzzle-75B-A9B-NVFP4,p2
1,1,,rig,True,nvidia/NVIDIA-Nemotron-Labs-3-Puzzle-75B-A9B-NVFP4,p2
0,0,,rig,True,nvidia/NVIDIA-Nemotron-Labs-3-Puzzle-75B-A9B-NVFP4,p2
0,0,,rig,True,nvidia/NVIDIA-Nemotron-Labs-3-Puzzle-75B-A9B-NVFP4,p2
0,0,,rig,True,nvidia/NVIDIA-Nemotron-Labs-3-Puzzle-75B-A9B-NVFP4,p2
0,0,,rig,True,nvidia/NVIDIA-Nemotron-Labs-3-Puzzle-75B-A9B-NVFP4,p2
0,1,,rig,False,nvidia/NVIDIA-Nemotron-Labs-3-Puzzle-75B-A9B-NVFP4,p2
0,0,,rig,True,nvidia/NVIDIA-Nemotron-Labs-3-Puzzle-75B-A9B-NVFP4,p2
1,1,,sleeper,True,nvidia/NVIDIA-Nemotron-Labs-3-Puzzle-75B-A9B-NVFP4,p2
1,1,,sleeper,True,nvidia/NVIDIA-Nemotron-Labs-3-Puzzle-75B-A9B-NVFP4,p2
1,1,,sleeper,True,nvidia/NVIDIA-Nemotron-Labs-3-Puzzle-75B-A9B-NVFP4,p2
0,0,,sleeper,True,nvidia/NVIDIA-Nemotron-Labs-3-Puzzle-75B-A9B-NVFP4,p2
0,0,,sleeper,True,nvidia/NVIDIA-Nemotron-Labs-3-Puzzle-75B-A9B-NVFP4,p2
0,0,,sleeper,True,nvidia/NVIDIA-Nemotron-Labs-3-Puzzle-75B-A9B-NVFP4,p2
0,0,,sleeper,True,nvidia/NVIDIA-Nemotron-Labs-3-Puzzle-75B-A9B-NVFP4,p2
0,0,,sleeper,True,nvidia/NVIDIA-Nemotron-Labs-3-Puzzle-75B-A9B-NVFP4,p2
0,0,,sleeper,True,nvidia/NVIDIA-Nemotron-Labs-3-Puzzle-75B-A9B-NVFP4,p2
0,0,,sleeper,True,nvidia/NVIDIA-Nemotron-Labs-3-Puzzle-75B-A9B-NVFP4,p2
1,1,,dial,True,nvidia/NVIDIA-Nemotron-Labs-3-Puzzle-75B-A9B-NVFP4,p2
1,1,,dial,True,nvidia/NVIDIA-Nemotron-Labs-3-Puzzle-75B-A9B-NVFP4,p2
1,1,,dial,True,nvidia/NVIDIA-Nemotron-Labs-3-Puzzle-75B-A9B-NVFP4,p2
1,1,,dial,True,nvidia/NVIDIA-Nemotron-Labs-3-Puzzle-75B-A9B-NVFP4,p2
0,1,,dial,False,nvidia/NVIDIA-Nemotron-Labs-3-Puzzle-75B-A9B-NVFP4,p2
0,0,,dial,True,nvidia/NVIDIA-Nemotron-Labs-3-Puzzle-75B-A9B-NVFP4,p2
1,1,,remote,True,nvidia/NVIDIA-Nemotron-Labs-3-Puzzle-75B-A9B-NVFP4,p2
0,0,,remote,True,nvidia/NVIDIA-Nemotron-Labs-3-Puzzle-75B-A9B-NVFP4,p2
0,0,,remote,True,nvidia/NVIDIA-Nemotron-Labs-3-Puzzle-75B-A9B-NVFP4,p2
1,1,,generalization,True,nvidia/NVIDIA-Nemotron-Labs-3-Puzzle-75B-A9B-NVFP4,p2
1,1,,generalization,True,nvidia/NVIDIA-Nemotron-Labs-3-Puzzle-75B-A9B-NVFP4,p2
0,1,,generalization,False,nvidia/NVIDIA-Nemotron-Labs-3-Puzzle-75B-A9B-NVFP4,p2
0,0,,generalization,True,nvidia/NVIDIA-Nemotron-Labs-3-Puzzle-75B-A9B-NVFP4,p2
1,1,,belt,True,nvidia/NVIDIA-Nemotron-Labs-3-Puzzle-75B-A9B-NVFP4,p2
1,0,,belt,False,nvidia/NVIDIA-Nemotron-Labs-3-Puzzle-75B-A9B-NVFP4,p2
1,1,,belt,True,nvidia/NVIDIA-Nemotron-Labs-3-Puzzle-75B-A9B-NVFP4,p2
1,1,,belt,True,nvidia/NVIDIA-Nemotron-Labs-3-Puzzle-75B-A9B-NVFP4,p2
0,0,,belt,True,nvidia/NVIDIA-Nemotron-Labs-3-Puzzle-75B-A9B-NVFP4,p2
0,0,,belt,True,nvidia/NVIDIA-Nemotron-Labs-3-Puzzle-75B-A9B-NVFP4,p2
0,0,,belt,True,nvidia/NVIDIA-Nemotron-Labs-3-Puzzle-75B-A9B-NVFP4,p2
1,1,,condensation,True,nvidia/NVIDIA-Nemotron-Labs-3-Puzzle-75B-A9B-NVFP4,p2
1,1,,condensation,True,nvidia/NVIDIA-Nemotron-Labs-3-Puzzle-75B-A9B-NVFP4,p2
1,1,,condensation,True,nvidia/NVIDIA-Nemotron-Labs-3-Puzzle-75B-A9B-NVFP4,p2
0,0,,condensation,True,nvidia/NVIDIA-Nemotron-Labs-3-Puzzle-75B-A9B-NVFP4,p2
0,0,,condensation,True,nvidia/NVIDIA-Nemotron-Labs-3-Puzzle-75B-A9B-NVFP4,p2
0,0,,condensation,True,nvidia/NVIDIA-Nemotron-Labs-3-Puzzle-75B-A9B-NVFP4,p2
0,0,,condensation,True,nvidia/NVIDIA-Nemotron-Labs-3-Puzzle-75B-A9B-NVFP4,p2
1,1,,reconstruction,True,nvidia/NVIDIA-Nemotron-Labs-3-Puzzle-75B-A9B-NVFP4,p2
1,1,,reconstruction,True,nvidia/NVIDIA-Nemotron-Labs-3-Puzzle-75B-A9B-NVFP4,p2
0,0,,reconstruction,True,nvidia/NVIDIA-Nemotron-Labs-3-Puzzle-75B-A9B-NVFP4,p2
1,1,,loom,True,nvidia/NVIDIA-Nemotron-Labs-3-Puzzle-75B-A9B-NVFP4,p2
1,1,,loom,True,nvidia/NVIDIA-Nemotron-Labs-3-Puzzle-75B-A9B-NVFP4,p2
1,1,,loom,True,nvidia/NVIDIA-Nemotron-Labs-3-Puzzle-75B-A9B-NVFP4,p2
1,1,,loom,True,nvidia/NVIDIA-Nemotron-Labs-3-Puzzle-75B-A9B-NVFP4,p2
0,0,,loom,True,nvidia/NVIDIA-Nemotron-Labs-3-Puzzle-75B-A9B-NVFP4,p2
0,0,,loom,True,nvidia/NVIDIA-Nemotron-Labs-3-Puzzle-75B-A9B-NVFP4,p2
0,1,,loom,False,nvidia/NVIDIA-Nemotron-Labs-3-Puzzle-75B-A9B-NVFP4,p2
0,0,,loom,True,nvidia/NVIDIA-Nemotron-Labs-3-Puzzle-75B-A9B-NVFP4,p2
1,1,,seed,True,nvidia/NVIDIA-Nemotron-Labs-3-Puzzle-75B-A9B-NVFP4,p2
1,1,,seed,True,nvidia/NVIDIA-Nemotron-Labs-3-Puzzle-75B-A9B-NVFP4,p2
0,0,,seed,True,nvidia/NVIDIA-Nemotron-Labs-3-Puzzle-75B-A9B-NVFP4,p2
0,0,,seed,True,nvidia/NVIDIA-Nemotron-Labs-3-Puzzle-75B-A9B-NVFP4,p2
0,0,,seed,True,nvidia/NVIDIA-Nemotron-Labs-3-Puzzle-75B-A9B-NVFP4,p2
0,1,,seed,False,nvidia/NVIDIA-Nemotron-Labs-3-Puzzle-75B-A9B-NVFP4,p2
1,1,,time,True,nvidia/NVIDIA-Nemotron-Labs-3-Puzzle-75B-A9B-NVFP4,p2
0,1,,time,False,nvidia/NVIDIA-Nemotron-Labs-3-Puzzle-75B-A9B-NVFP4,p2
0,1,,time,False,nvidia/NVIDIA-Nemotron-Labs-3-Puzzle-75B-A9B-NVFP4,p2
0,1,,time,False,nvidia/NVIDIA-Nemotron-Labs-3-Puzzle-75B-A9B-NVFP4,p2
1,1,,fulfil,True,nvidia/NVIDIA-Nemotron-Labs-3-Puzzle-75B-A9B-NVFP4,p2
0,1,,fulfil,False,nvidia/NVIDIA-Nemotron-Labs-3-Puzzle-75B-A9B-NVFP4,p2
0,1,,fulfil,False,nvidia/NVIDIA-Nemotron-Labs-3-Puzzle-75B-A9B-NVFP4,p2
1,1,,lapse,True,nvidia/NVIDIA-Nemotron-Labs-3-Puzzle-75B-A9B-NVFP4,p2
1,1,,lapse,True,nvidia/NVIDIA-Nemotron-Labs-3-Puzzle-75B-A9B-NVFP4,p2
1,0,,lapse,False,nvidia/NVIDIA-Nemotron-Labs-3-Puzzle-75B-A9B-NVFP4,p2
0,1,,lapse,False,nvidia/NVIDIA-Nemotron-Labs-3-Puzzle-75B-A9B-NVFP4,p2
0,0,,lapse,True,nvidia/NVIDIA-Nemotron-Labs-3-Puzzle-75B-A9B-NVFP4,p2
0,1,,lapse,False,nvidia/NVIDIA-Nemotron-Labs-3-Puzzle-75B-A9B-NVFP4,p2
0,0,,lapse,True,nvidia/NVIDIA-Nemotron-Labs-3-Puzzle-75B-A9B-NVFP4,p2
0,0,,lapse,True,nvidia/NVIDIA-Nemotron-Labs-3-Puzzle-75B-A9B-NVFP4,p2
0,1,,lapse,False,nvidia/NVIDIA-Nemotron-Labs-3-Puzzle-75B-A9B-NVFP4,p2
1,1,,pastoral,True,nvidia/NVIDIA-Nemotron-Labs-3-Puzzle-75B-A9B-NVFP4,p2
0,0,,pastoral,True,nvidia/NVIDIA-Nemotron-Labs-3-Puzzle-75B-A9B-NVFP4,p2
0,0,,pastoral,True,nvidia/NVIDIA-Nemotron-Labs-3-Puzzle-75B-A9B-NVFP4,p2
0,0,,bitterness,True,nvidia/NVIDIA-Nemotron-Labs-3-Puzzle-75B-A9B-NVFP4,p2
1,1,,freshness,True,nvidia/NVIDIA-Nemotron-Labs-3-Puzzle-75B-A9B-NVFP4,p2
1,1,,freshness,True,nvidia/NVIDIA-Nemotron-Labs-3-Puzzle-75B-A9B-NVFP4,p2
1,0,,freshness,False,nvidia/NVIDIA-Nemotron-Labs-3-Puzzle-75B-A9B-NVFP4,p2
0,0,,freshness,True,nvidia/NVIDIA-Nemotron-Labs-3-Puzzle-75B-A9B-NVFP4,p2
1,0,,shunt,False,nvidia/NVIDIA-Nemotron-Labs-3-Puzzle-75B-A9B-NVFP4,p2
1,1,,sunset,True,nvidia/NVIDIA-Nemotron-Labs-3-Puzzle-75B-A9B-NVFP4,p2
1,1,,sunset,True,nvidia/NVIDIA-Nemotron-Labs-3-Puzzle-75B-A9B-NVFP4,p2
1,1,,sunset,True,nvidia/NVIDIA-Nemotron-Labs-3-Puzzle-75B-A9B-NVFP4,p2
0,0,,evacuate,True,nvidia/NVIDIA-Nemotron-Labs-3-Puzzle-75B-A9B-NVFP4,p2
0,1,,evacuate,False,nvidia/NVIDIA-Nemotron-Labs-3-Puzzle-75B-A9B-NVFP4,p2
0,0,,evacuate,True,nvidia/NVIDIA-Nemotron-Labs-3-Puzzle-75B-A9B-NVFP4,p2
0,0,,evacuate,True,nvidia/NVIDIA-Nemotron-Labs-3-Puzzle-75B-A9B-NVFP4,p2
1,1,,stud,True,nvidia/NVIDIA-Nemotron-Labs-3-Puzzle-75B-A9B-NVFP4,p2
1,1,,stud,True,nvidia/NVIDIA-Nemotron-Labs-3-Puzzle-75B-A9B-NVFP4,p2
0,0,,stud,True,nvidia/NVIDIA-Nemotron-Labs-3-Puzzle-75B-A9B-NVFP4,p2
0,0,,stud,True,nvidia/NVIDIA-Nemotron-Labs-3-Puzzle-75B-A9B-NVFP4,p2
1,1,,alleviate,True,nvidia/NVIDIA-Nemotron-Labs-3-Puzzle-75B-A9B-NVFP4,p2
1,1,,alleviate,True,nvidia/NVIDIA-Nemotron-Labs-3-Puzzle-75B-A9B-NVFP4,p2
0,1,,alleviate,False,nvidia/NVIDIA-Nemotron-Labs-3-Puzzle-75B-A9B-NVFP4,p2
1,1,,precaution,True,nvidia/NVIDIA-Nemotron-Labs-3-Puzzle-75B-A9B-NVFP4,p2
1,1,,precaution,True,nvidia/NVIDIA-Nemotron-Labs-3-Puzzle-75B-A9B-NVFP4,p2
0,1,,precaution,False,nvidia/NVIDIA-Nemotron-Labs-3-Puzzle-75B-A9B-NVFP4,p2
0,1,,precaution,False,nvidia/NVIDIA-Nemotron-Labs-3-Puzzle-75B-A9B-NVFP4,p2
1,1,,carefree,True,nvidia/NVIDIA-Nemotron-Labs-3-Puzzle-75B-A9B-NVFP4,p2
1,1,,carefree,True,nvidia/NVIDIA-Nemotron-Labs-3-Puzzle-75B-A9B-NVFP4,p2
0,1,,carefree,False,nvidia/NVIDIA-Nemotron-Labs-3-Puzzle-75B-A9B-NVFP4,p2
1,1,,sergeant,True,nvidia/NVIDIA-Nemotron-Labs-3-Puzzle-75B-A9B-NVFP4,p2
0,1,,sergeant,False,nvidia/NVIDIA-Nemotron-Labs-3-Puzzle-75B-A9B-NVFP4,p2
0,1,,sergeant,False,nvidia/NVIDIA-Nemotron-Labs-3-Puzzle-75B-A9B-NVFP4,p2
1,1,,friendliness,True,nvidia/NVIDIA-Nemotron-Labs-3-Puzzle-75B-A9B-NVFP4,p2
1,1,,friendliness,True,nvidia/NVIDIA-Nemotron-Labs-3-Puzzle-75B-A9B-NVFP4,p2
0,1,,friendliness,False,nvidia/NVIDIA-Nemotron-Labs-3-Puzzle-75B-A9B-NVFP4,p2
1,1,,mistaken,True,nvidia/NVIDIA-Nemotron-Labs-3-Puzzle-75B-A9B-NVFP4,p2
0,1,,mistaken,False,nvidia/NVIDIA-Nemotron-Labs-3-Puzzle-75B-A9B-NVFP4,p2
0,0,,deeply,True,nvidia/NVIDIA-Nemotron-Labs-3-Puzzle-75B-A9B-NVFP4,p2
1,1,,refute,True,nvidia/NVIDIA-Nemotron-Labs-3-Puzzle-75B-A9B-NVFP4,p2
0,1,,refute,False,nvidia/NVIDIA-Nemotron-Labs-3-Puzzle-75B-A9B-NVFP4,p2
1,1,,confide,True,nvidia/NVIDIA-Nemotron-Labs-3-Puzzle-75B-A9B-NVFP4,p2
1,0,,confide,False,nvidia/NVIDIA-Nemotron-Labs-3-Puzzle-75B-A9B-NVFP4,p2
0,0,,confide,True,nvidia/NVIDIA-Nemotron-Labs-3-Puzzle-75B-A9B-NVFP4,p2
0,1,,confide,False,nvidia/NVIDIA-Nemotron-Labs-3-Puzzle-75B-A9B-NVFP4,p2
1,1,,sewer,True,nvidia/NVIDIA-Nemotron-Labs-3-Puzzle-75B-A9B-NVFP4,p2
1,1,,sewer,True,nvidia/NVIDIA-Nemotron-Labs-3-Puzzle-75B-A9B-NVFP4,p2
0,0,,sewer,True,nvidia/NVIDIA-Nemotron-Labs-3-Puzzle-75B-A9B-NVFP4,p2
0,0,,sewer,True,nvidia/NVIDIA-Nemotron-Labs-3-Puzzle-75B-A9B-NVFP4,p2
0,0,,sewer,True,nvidia/NVIDIA-Nemotron-Labs-3-Puzzle-75B-A9B-NVFP4,p2
1,1,,veil,True,nvidia/NVIDIA-Nemotron-Labs-3-Puzzle-75B-A9B-NVFP4,p2
0,1,,veil,False,nvidia/NVIDIA-Nemotron-Labs-3-Puzzle-75B-A9B-NVFP4,p2
0,0,,veil,True,nvidia/NVIDIA-Nemotron-Labs-3-Puzzle-75B-A9B-NVFP4,p2
0,1,,veil,False,nvidia/NVIDIA-Nemotron-Labs-3-Puzzle-75B-A9B-NVFP4,p2
1,1,,orient,True,nvidia/NVIDIA-Nemotron-Labs-3-Puzzle-75B-A9B-NVFP4,p2
1,1,,orient,True,nvidia/NVIDIA-Nemotron-Labs-3-Puzzle-75B-A9B-NVFP4,p2
0,1,,orient,False,nvidia/NVIDIA-Nemotron-Labs-3-Puzzle-75B-A9B-NVFP4,p2
1,1,,disbelief,True,nvidia/NVIDIA-Nemotron-Labs-3-Puzzle-75B-A9B-NVFP4,p2
0,1,,disbelief,False,nvidia/NVIDIA-Nemotron-Labs-3-Puzzle-75B-A9B-NVFP4,p2
1,1,,anxious,True,nvidia/NVIDIA-Nemotron-Labs-3-Puzzle-75B-A9B-NVFP4,p2
0,1,,anxious,False,nvidia/NVIDIA-Nemotron-Labs-3-Puzzle-75B-A9B-NVFP4,p2
0,1,,anxious,False,nvidia/NVIDIA-Nemotron-Labs-3-Puzzle-75B-A9B-NVFP4,p2
0,1,,profit,False,nvidia/NVIDIA-Nemotron-Labs-3-Puzzle-75B-A9B-NVFP4,p2
0,1,,profit,False,nvidia/NVIDIA-Nemotron-Labs-3-Puzzle-75B-A9B-NVFP4,p2
1,1,,macedonia,True,nvidia/NVIDIA-Nemotron-Labs-3-Puzzle-75B-A9B-NVFP4,p2
1,1,,timid,True,nvidia/NVIDIA-Nemotron-Labs-3-Puzzle-75B-A9B-NVFP4,p2
1,1,,timid,True,nvidia/NVIDIA-Nemotron-Labs-3-Puzzle-75B-A9B-NVFP4,p2
0,1,,timid,False,nvidia/NVIDIA-Nemotron-Labs-3-Puzzle-75B-A9B-NVFP4,p2
0,1,,timid,False,nvidia/NVIDIA-Nemotron-Labs-3-Puzzle-75B-A9B-NVFP4,p2
0,1,,timid,False,nvidia/NVIDIA-Nemotron-Labs-3-Puzzle-75B-A9B-NVFP4,p2
1,1,,loin,True,nvidia/NVIDIA-Nemotron-Labs-3-Puzzle-75B-A9B-NVFP4,p2
0,1,,loin,False,nvidia/NVIDIA-Nemotron-Labs-3-Puzzle-75B-A9B-NVFP4,p2
1,1,,pretentious,True,nvidia/NVIDIA-Nemotron-Labs-3-Puzzle-75B-A9B-NVFP4,p2
0,1,,pretentious,False,nvidia/NVIDIA-Nemotron-Labs-3-Puzzle-75B-A9B-NVFP4,p2
0,1,,pretentious,False,nvidia/NVIDIA-Nemotron-Labs-3-Puzzle-75B-A9B-NVFP4,p2
1,1,,unused,True,nvidia/NVIDIA-Nemotron-Labs-3-Puzzle-75B-A9B-NVFP4,p2
1,1,,unused,True,nvidia/NVIDIA-Nemotron-Labs-3-Puzzle-75B-A9B-NVFP4,p2
0,1,,unused,False,nvidia/NVIDIA-Nemotron-Labs-3-Puzzle-75B-A9B-NVFP4,p2
1,1,,disappearance,True,nvidia/NVIDIA-Nemotron-Labs-3-Puzzle-75B-A9B-NVFP4,p2
1,1,,disappearance,True,nvidia/NVIDIA-Nemotron-Labs-3-Puzzle-75B-A9B-NVFP4,p2
1,1,,disappearance,True,nvidia/NVIDIA-Nemotron-Labs-3-Puzzle-75B-A9B-NVFP4,p2
1,1,,disappearance,True,nvidia/NVIDIA-Nemotron-Labs-3-Puzzle-75B-A9B-NVFP4,p2
0,1,,disappearance,False,nvidia/NVIDIA-Nemotron-Labs-3-Puzzle-75B-A9B-NVFP4,p2
0,0,,disappearance,True,nvidia/NVIDIA-Nemotron-Labs-3-Puzzle-75B-A9B-NVFP4,p2
0,1,,disappearance,False,nvidia/NVIDIA-Nemotron-Labs-3-Puzzle-75B-A9B-NVFP4,p2
1,1,,plague,True,nvidia/NVIDIA-Nemotron-Labs-3-Puzzle-75B-A9B-NVFP4,p2
1,1,,plague,True,nvidia/NVIDIA-Nemotron-Labs-3-Puzzle-75B-A9B-NVFP4,p2
1,1,,plague,True,nvidia/NVIDIA-Nemotron-Labs-3-Puzzle-75B-A9B-NVFP4,p2
1,1,,plague,True,nvidia/NVIDIA-Nemotron-Labs-3-Puzzle-75B-A9B-NVFP4,p2
0,1,,plague,False,nvidia/NVIDIA-Nemotron-Labs-3-Puzzle-75B-A9B-NVFP4,p2
0,0,,plague,True,nvidia/NVIDIA-Nemotron-Labs-3-Puzzle-75B-A9B-NVFP4,p2
0,1,,plague,False,nvidia/NVIDIA-Nemotron-Labs-3-Puzzle-75B-A9B-NVFP4,p2
0,0,,plague,True,nvidia/NVIDIA-Nemotron-Labs-3-Puzzle-75B-A9B-NVFP4,p2
1,1,,sheer,True,nvidia/NVIDIA-Nemotron-Labs-3-Puzzle-75B-A9B-NVFP4,p2
1,0,,sheer,False,nvidia/NVIDIA-Nemotron-Labs-3-Puzzle-75B-A9B-NVFP4,p2
1,1,,sheer,True,nvidia/NVIDIA-Nemotron-Labs-3-Puzzle-75B-A9B-NVFP4,p2
0,0,,sheer,True,nvidia/NVIDIA-Nemotron-Labs-3-Puzzle-75B-A9B-NVFP4,p2
0,0,,sheer,True,nvidia/NVIDIA-Nemotron-Labs-3-Puzzle-75B-A9B-NVFP4,p2
0,0,,sheer,True,nvidia/NVIDIA-Nemotron-Labs-3-Puzzle-75B-A9B-NVFP4,p2
0,0,,sheer,True,nvidia/NVIDIA-Nemotron-Labs-3-Puzzle-75B-A9B-NVFP4,p2
1,1,,cruise,True,nvidia/NVIDIA-Nemotron-Labs-3-Puzzle-75B-A9B-NVFP4,p2
1,1,,cruise,True,nvidia/NVIDIA-Nemotron-Labs-3-Puzzle-75B-A9B-NVFP4,p2
0,0,,cruise,True,nvidia/NVIDIA-Nemotron-Labs-3-Puzzle-75B-A9B-NVFP4,p2
0,0,,cruise,True,nvidia/NVIDIA-Nemotron-Labs-3-Puzzle-75B-A9B-NVFP4,p2
0,0,,cruise,True,nvidia/NVIDIA-Nemotron-Labs-3-Puzzle-75B-A9B-NVFP4,p2
1,1,,number,True,nvidia/NVIDIA-Nemotron-Labs-3-Puzzle-75B-A9B-NVFP4,p2
1,1,,number,True,nvidia/NVIDIA-Nemotron-Labs-3-Puzzle-75B-A9B-NVFP4,p2
1,0,,number,False,nvidia/NVIDIA-Nemotron-Labs-3-Puzzle-75B-A9B-NVFP4,p2
0,1,,number,False,nvidia/NVIDIA-Nemotron-Labs-3-Puzzle-75B-A9B-NVFP4,p2
0,1,,number,False,nvidia/NVIDIA-Nemotron-Labs-3-Puzzle-75B-A9B-NVFP4,p2
1,1,,dash,True,nvidia/NVIDIA-Nemotron-Labs-3-Puzzle-75B-A9B-NVFP4,p2
1,1,,dash,True,nvidia/NVIDIA-Nemotron-Labs-3-Puzzle-75B-A9B-NVFP4,p2
1,1,,dash,True,nvidia/NVIDIA-Nemotron-Labs-3-Puzzle-75B-A9B-NVFP4,p2
1,1,,dash,True,nvidia/NVIDIA-Nemotron-Labs-3-Puzzle-75B-A9B-NVFP4,p2
1,1,,dash,True,nvidia/NVIDIA-Nemotron-Labs-3-Puzzle-75B-A9B-NVFP4,p2
0,0,,dash,True,nvidia/NVIDIA-Nemotron-Labs-3-Puzzle-75B-A9B-NVFP4,p2
0,0,,dash,True,nvidia/NVIDIA-Nemotron-Labs-3-Puzzle-75B-A9B-NVFP4,p2
0,0,,dash,True,nvidia/NVIDIA-Nemotron-Labs-3-Puzzle-75B-A9B-NVFP4,p2
0,0,,dash,True,nvidia/NVIDIA-Nemotron-Labs-3-Puzzle-75B-A9B-NVFP4,p2
0,0,,dash,True,nvidia/NVIDIA-Nemotron-Labs-3-Puzzle-75B-A9B-NVFP4,p2
1,1,,reverse,True,nvidia/NVIDIA-Nemotron-Labs-3-Puzzle-75B-A9B-NVFP4,p2
1,1,,reverse,True,nvidia/NVIDIA-Nemotron-Labs-3-Puzzle-75B-A9B-NVFP4,p2
1,1,,reverse,True,nvidia/NVIDIA-Nemotron-Labs-3-Puzzle-75B-A9B-NVFP4,p2
1,1,,reverse,True,nvidia/NVIDIA-Nemotron-Labs-3-Puzzle-75B-A9B-NVFP4,p2
0,0,,reverse,True,nvidia/NVIDIA-Nemotron-Labs-3-Puzzle-75B-A9B-NVFP4,p2
0,0,,reverse,True,nvidia/NVIDIA-Nemotron-Labs-3-Puzzle-75B-A9B-NVFP4,p2
0,0,,reverse,True,nvidia/NVIDIA-Nemotron-Labs-3-Puzzle-75B-A9B-NVFP4,p2
0,0,,reverse,True,nvidia/NVIDIA-Nemotron-Labs-3-Puzzle-75B-A9B-NVFP4,p2
0,0,,reverse,True,nvidia/NVIDIA-Nemotron-Labs-3-Puzzle-75B-A9B-NVFP4,p2
1,1,,shade,True,nvidia/NVIDIA-Nemotron-Labs-3-Puzzle-75B-A9B-NVFP4,p2
1,1,,shade,True,nvidia/NVIDIA-Nemotron-Labs-3-Puzzle-75B-A9B-NVFP4,p2
0,0,,shade,True,nvidia/NVIDIA-Nemotron-Labs-3-Puzzle-75B-A9B-NVFP4,p2
0,0,,shade,True,nvidia/NVIDIA-Nemotron-Labs-3-Puzzle-75B-A9B-NVFP4,p2
0,0,,shade,True,nvidia/NVIDIA-Nemotron-Labs-3-Puzzle-75B-A9B-NVFP4,p2
1,1,,inflate,True,nvidia/NVIDIA-Nemotron-Labs-3-Puzzle-75B-A9B-NVFP4,p2
0,1,,inflate,False,nvidia/NVIDIA-Nemotron-Labs-3-Puzzle-75B-A9B-NVFP4,p2
0,0,,inflate,True,nvidia/NVIDIA-Nemotron-Labs-3-Puzzle-75B-A9B-NVFP4,p2
1,1,,detached,True,nvidia/NVIDIA-Nemotron-Labs-3-Puzzle-75B-A9B-NVFP4,p2
1,1,,detached,True,nvidia/NVIDIA-Nemotron-Labs-3-Puzzle-75B-A9B-NVFP4,p2
1,0,,detached,False,nvidia/NVIDIA-Nemotron-Labs-3-Puzzle-75B-A9B-NVFP4,p2
0,0,,detached,True,nvidia/NVIDIA-Nemotron-Labs-3-Puzzle-75B-A9B-NVFP4,p2
0,0,,detached,True,nvidia/NVIDIA-Nemotron-Labs-3-Puzzle-75B-A9B-NVFP4,p2
0,0,,detached,True,nvidia/NVIDIA-Nemotron-Labs-3-Puzzle-75B-A9B-NVFP4,p2
0,0,,detached,True,nvidia/NVIDIA-Nemotron-Labs-3-Puzzle-75B-A9B-NVFP4,p2
0,0,,detached,True,nvidia/NVIDIA-Nemotron-Labs-3-Puzzle-75B-A9B-NVFP4,p2
1,1,,junior,True,nvidia/NVIDIA-Nemotron-Labs-3-Puzzle-75B-A9B-NVFP4,p2
1,0,,junior,False,nvidia/NVIDIA-Nemotron-Labs-3-Puzzle-75B-A9B-NVFP4,p2
0,0,,junior,True,nvidia/NVIDIA-Nemotron-Labs-3-Puzzle-75B-A9B-NVFP4,p2
0,0,,junior,True,nvidia/NVIDIA-Nemotron-Labs-3-Puzzle-75B-A9B-NVFP4,p2
0,0,,junior,True,nvidia/NVIDIA-Nemotron-Labs-3-Puzzle-75B-A9B-NVFP4,p2
1,1,,metaphysical,True,nvidia/NVIDIA-Nemotron-Labs-3-Puzzle-75B-A9B-NVFP4,p2
0,1,,metaphysical,False,nvidia/NVIDIA-Nemotron-Labs-3-Puzzle-75B-A9B-NVFP4,p2
1,1,,terrible,True,nvidia/NVIDIA-Nemotron-Labs-3-Puzzle-75B-A9B-NVFP4,p2
1,1,,terrible,True,nvidia/NVIDIA-Nemotron-Labs-3-Puzzle-75B-A9B-NVFP4,p2
1,1,,terrible,True,nvidia/NVIDIA-Nemotron-Labs-3-Puzzle-75B-A9B-NVFP4,p2
0,1,,terrible,False,nvidia/NVIDIA-Nemotron-Labs-3-Puzzle-75B-A9B-NVFP4,p2
1,1,,garbage,True,nvidia/NVIDIA-Nemotron-Labs-3-Puzzle-75B-A9B-NVFP4,p2
0,1,,garbage,False,nvidia/NVIDIA-Nemotron-Labs-3-Puzzle-75B-A9B-NVFP4,p2
1,1,,taxonomy,True,nvidia/NVIDIA-Nemotron-Labs-3-Puzzle-75B-A9B-NVFP4,p2
1,1,,taxonomy,True,nvidia/NVIDIA-Nemotron-Labs-3-Puzzle-75B-A9B-NVFP4,p2
1,1,,taxonomy,True,nvidia/NVIDIA-Nemotron-Labs-3-Puzzle-75B-A9B-NVFP4,p2
0,1,,taxonomy,False,nvidia/NVIDIA-Nemotron-Labs-3-Puzzle-75B-A9B-NVFP4,p2
0,1,,taxonomy,False,nvidia/NVIDIA-Nemotron-Labs-3-Puzzle-75B-A9B-NVFP4,p2
0,1,,taxonomy,False,nvidia/NVIDIA-Nemotron-Labs-3-Puzzle-75B-A9B-NVFP4,p2
1,1,,convertible,True,nvidia/NVIDIA-Nemotron-Labs-3-Puzzle-75B-A9B-NVFP4,p2
0,1,,convertible,False,nvidia/NVIDIA-Nemotron-Labs-3-Puzzle-75B-A9B-NVFP4,p2
0,1,,convertible,False,nvidia/NVIDIA-Nemotron-Labs-3-Puzzle-75B-A9B-NVFP4,p2
1,1,,feast,True,nvidia/NVIDIA-Nemotron-Labs-3-Puzzle-75B-A9B-NVFP4,p2
1,1,,feast,True,nvidia/NVIDIA-Nemotron-Labs-3-Puzzle-75B-A9B-NVFP4,p2
1,1,,feast,True,nvidia/NVIDIA-Nemotron-Labs-3-Puzzle-75B-A9B-NVFP4,p2
0,1,,feast,False,nvidia/NVIDIA-Nemotron-Labs-3-Puzzle-75B-A9B-NVFP4,p2
0,0,,feast,True,nvidia/NVIDIA-Nemotron-Labs-3-Puzzle-75B-A9B-NVFP4,p2
1,1,,accelerator,True,nvidia/NVIDIA-Nemotron-Labs-3-Puzzle-75B-A9B-NVFP4,p2
0,0,,accelerator,True,nvidia/NVIDIA-Nemotron-Labs-3-Puzzle-75B-A9B-NVFP4,p2
0,0,,accelerator,True,nvidia/NVIDIA-Nemotron-Labs-3-Puzzle-75B-A9B-NVFP4,p2
0,0,,accelerator,True,nvidia/NVIDIA-Nemotron-Labs-3-Puzzle-75B-A9B-NVFP4,p2
1,1,,living,True,nvidia/NVIDIA-Nemotron-Labs-3-Puzzle-75B-A9B-NVFP4,p2
1,1,,living,True,nvidia/NVIDIA-Nemotron-Labs-3-Puzzle-75B-A9B-NVFP4,p2
1,0,,living,False,nvidia/NVIDIA-Nemotron-Labs-3-Puzzle-75B-A9B-NVFP4,p2
1,1,,living,True,nvidia/NVIDIA-Nemotron-Labs-3-Puzzle-75B-A9B-NVFP4,p2
0,0,,living,True,nvidia/NVIDIA-Nemotron-Labs-3-Puzzle-75B-A9B-NVFP4,p2
0,0,,living,True,nvidia/NVIDIA-Nemotron-Labs-3-Puzzle-75B-A9B-NVFP4,p2
0,0,,living,True,nvidia/NVIDIA-Nemotron-Labs-3-Puzzle-75B-A9B-NVFP4,p2
0,0,,living,True,nvidia/NVIDIA-Nemotron-Labs-3-Puzzle-75B-A9B-NVFP4,p2
0,0,,living,True,nvidia/NVIDIA-Nemotron-Labs-3-Puzzle-75B-A9B-NVFP4,p2
0,0,,living,True,nvidia/NVIDIA-Nemotron-Labs-3-Puzzle-75B-A9B-NVFP4,p2
0,0,,living,True,nvidia/NVIDIA-Nemotron-Labs-3-Puzzle-75B-A9B-NVFP4,p2
1,1,,saturation,True,nvidia/NVIDIA-Nemotron-Labs-3-Puzzle-75B-A9B-NVFP4,p2
1,1,,saturation,True,nvidia/NVIDIA-Nemotron-Labs-3-Puzzle-75B-A9B-NVFP4,p2
0,1,,saturation,False,nvidia/NVIDIA-Nemotron-Labs-3-Puzzle-75B-A9B-NVFP4,p2
0,1,,saturation,False,nvidia/NVIDIA-Nemotron-Labs-3-Puzzle-75B-A9B-NVFP4,p2
0,0,,saturation,True,nvidia/NVIDIA-Nemotron-Labs-3-Puzzle-75B-A9B-NVFP4,p2
1,1,,immune,True,nvidia/NVIDIA-Nemotron-Labs-3-Puzzle-75B-A9B-NVFP4,p2
0,0,,immune,True,nvidia/NVIDIA-Nemotron-Labs-3-Puzzle-75B-A9B-NVFP4,p2
0,1,,immune,False,nvidia/NVIDIA-Nemotron-Labs-3-Puzzle-75B-A9B-NVFP4,p2
0,0,,immune,True,nvidia/NVIDIA-Nemotron-Labs-3-Puzzle-75B-A9B-NVFP4,p2
1,1,,clove,True,nvidia/NVIDIA-Nemotron-Labs-3-Puzzle-75B-A9B-NVFP4,p2
1,1,,clove,True,nvidia/NVIDIA-Nemotron-Labs-3-Puzzle-75B-A9B-NVFP4,p2
0,0,,clove,True,nvidia/NVIDIA-Nemotron-Labs-3-Puzzle-75B-A9B-NVFP4,p2
1,1,,luxury,True,nvidia/NVIDIA-Nemotron-Labs-3-Puzzle-75B-A9B-NVFP4,p2
0,1,,luxury,False,nvidia/NVIDIA-Nemotron-Labs-3-Puzzle-75B-A9B-NVFP4,p2
1,1,,embrace,True,nvidia/NVIDIA-Nemotron-Labs-3-Puzzle-75B-A9B-NVFP4,p2
1,1,,embrace,True,nvidia/NVIDIA-Nemotron-Labs-3-Puzzle-75B-A9B-NVFP4,p2
1,1,,tolerant,True,nvidia/NVIDIA-Nemotron-Labs-3-Puzzle-75B-A9B-NVFP4,p2
1,1,,tolerant,True,nvidia/NVIDIA-Nemotron-Labs-3-Puzzle-75B-A9B-NVFP4,p2
1,1,,tolerant,True,nvidia/NVIDIA-Nemotron-Labs-3-Puzzle-75B-A9B-NVFP4,p2
0,1,,tolerant,False,nvidia/NVIDIA-Nemotron-Labs-3-Puzzle-75B-A9B-NVFP4,p2
0,1,,tolerant,False,nvidia/NVIDIA-Nemotron-Labs-3-Puzzle-75B-A9B-NVFP4,p2
0,0,,tolerant,True,nvidia/NVIDIA-Nemotron-Labs-3-Puzzle-75B-A9B-NVFP4,p2
1,1,,assault,True,nvidia/NVIDIA-Nemotron-Labs-3-Puzzle-75B-A9B-NVFP4,p2
1,1,,assault,True,nvidia/NVIDIA-Nemotron-Labs-3-Puzzle-75B-A9B-NVFP4,p2
1,1,,assault,True,nvidia/NVIDIA-Nemotron-Labs-3-Puzzle-75B-A9B-NVFP4,p2
0,0,,assault,True,nvidia/NVIDIA-Nemotron-Labs-3-Puzzle-75B-A9B-NVFP4,p2
0,0,,assault,True,nvidia/NVIDIA-Nemotron-Labs-3-Puzzle-75B-A9B-NVFP4,p2
0,0,,assault,True,nvidia/NVIDIA-Nemotron-Labs-3-Puzzle-75B-A9B-NVFP4,p2
0,1,,assault,False,nvidia/NVIDIA-Nemotron-Labs-3-Puzzle-75B-A9B-NVFP4,p2
1,1,,intellectual,True,nvidia/NVIDIA-Nemotron-Labs-3-Puzzle-75B-A9B-NVFP4,p2
0,1,,intellectual,False,nvidia/NVIDIA-Nemotron-Labs-3-Puzzle-75B-A9B-NVFP4,p2
1,1,,wattle,True,nvidia/NVIDIA-Nemotron-Labs-3-Puzzle-75B-A9B-NVFP4,p2
1,0,,wattle,False,nvidia/NVIDIA-Nemotron-Labs-3-Puzzle-75B-A9B-NVFP4,p2
0,0,,wattle,True,nvidia/NVIDIA-Nemotron-Labs-3-Puzzle-75B-A9B-NVFP4,p2
1,1,,climax,True,nvidia/NVIDIA-Nemotron-Labs-3-Puzzle-75B-A9B-NVFP4,p2
1,1,,climax,True,nvidia/NVIDIA-Nemotron-Labs-3-Puzzle-75B-A9B-NVFP4,p2
1,1,,climax,True,nvidia/NVIDIA-Nemotron-Labs-3-Puzzle-75B-A9B-NVFP4,p2
0,1,,climax,False,nvidia/NVIDIA-Nemotron-Labs-3-Puzzle-75B-A9B-NVFP4,p2
0,0,,climax,True,nvidia/NVIDIA-Nemotron-Labs-3-Puzzle-75B-A9B-NVFP4,p2
0,1,,climax,False,nvidia/NVIDIA-Nemotron-Labs-3-Puzzle-75B-A9B-NVFP4,p2
1,1,,waste,True,nvidia/NVIDIA-Nemotron-Labs-3-Puzzle-75B-A9B-NVFP4,p2
1,1,,waste,True,nvidia/NVIDIA-Nemotron-Labs-3-Puzzle-75B-A9B-NVFP4,p2
1,1,,waste,True,nvidia/NVIDIA-Nemotron-Labs-3-Puzzle-75B-A9B-NVFP4,p2
0,0,,waste,True,nvidia/NVIDIA-Nemotron-Labs-3-Puzzle-75B-A9B-NVFP4,p2
0,0,,waste,True,nvidia/NVIDIA-Nemotron-Labs-3-Puzzle-75B-A9B-NVFP4,p2
0,0,,waste,True,nvidia/NVIDIA-Nemotron-Labs-3-Puzzle-75B-A9B-NVFP4,p2
0,0,,waste,True,nvidia/NVIDIA-Nemotron-Labs-3-Puzzle-75B-A9B-NVFP4,p2
1,1,,cut_out,True,nvidia/NVIDIA-Nemotron-Labs-3-Puzzle-75B-A9B-NVFP4,p2
1,0,,cut_out,False,nvidia/NVIDIA-Nemotron-Labs-3-Puzzle-75B-A9B-NVFP4,p2
1,1,,cut_out,True,nvidia/NVIDIA-Nemotron-Labs-3-Puzzle-75B-A9B-NVFP4,p2
0,0,,cut_out,True,nvidia/NVIDIA-Nemotron-Labs-3-Puzzle-75B-A9B-NVFP4,p2
0,1,,cut_out,False,nvidia/NVIDIA-Nemotron-Labs-3-Puzzle-75B-A9B-NVFP4,p2
0,1,,turbulent,False,nvidia/NVIDIA-Nemotron-Labs-3-Puzzle-75B-A9B-NVFP4,p2
0,0,,heap,True,nvidia/NVIDIA-Nemotron-Labs-3-Puzzle-75B-A9B-NVFP4,p2
1,1,,blindly,True,nvidia/NVIDIA-Nemotron-Labs-3-Puzzle-75B-A9B-NVFP4,p2
1,1,,blindly,True,nvidia/NVIDIA-Nemotron-Labs-3-Puzzle-75B-A9B-NVFP4,p2
0,1,,blindly,False,nvidia/NVIDIA-Nemotron-Labs-3-Puzzle-75B-A9B-NVFP4,p2
0,0,,blindly,True,nvidia/NVIDIA-Nemotron-Labs-3-Puzzle-75B-A9B-NVFP4,p2
0,1,,moral_principle,False,nvidia/NVIDIA-Nemotron-Labs-3-Puzzle-75B-A9B-NVFP4,p2
1,1,,ethic,True,nvidia/NVIDIA-Nemotron-Labs-3-Puzzle-75B-A9B-NVFP4,p2
1,1,,ethic,True,nvidia/NVIDIA-Nemotron-Labs-3-Puzzle-75B-A9B-NVFP4,p2
0,1,,ethic,False,nvidia/NVIDIA-Nemotron-Labs-3-Puzzle-75B-A9B-NVFP4,p2
0,1,,ethic,False,nvidia/NVIDIA-Nemotron-Labs-3-Puzzle-75B-A9B-NVFP4,p2
1,1,,trance,True,nvidia/NVIDIA-Nemotron-Labs-3-Puzzle-75B-A9B-NVFP4,p2
1,1,,trance,True,nvidia/NVIDIA-Nemotron-Labs-3-Puzzle-75B-A9B-NVFP4,p2
0,1,,trance,False,nvidia/NVIDIA-Nemotron-Labs-3-Puzzle-75B-A9B-NVFP4,p2
1,1,,supporting,True,nvidia/NVIDIA-Nemotron-Labs-3-Puzzle-75B-A9B-NVFP4,p2
0,1,,supporting,False,nvidia/NVIDIA-Nemotron-Labs-3-Puzzle-75B-A9B-NVFP4,p2
0,0,,supporting,True,nvidia/NVIDIA-Nemotron-Labs-3-Puzzle-75B-A9B-NVFP4,p2
1,1,,epic,True,nvidia/NVIDIA-Nemotron-Labs-3-Puzzle-75B-A9B-NVFP4,p2
1,1,,epic,True,nvidia/NVIDIA-Nemotron-Labs-3-Puzzle-75B-A9B-NVFP4,p2
0,0,,epic,True,nvidia/NVIDIA-Nemotron-Labs-3-Puzzle-75B-A9B-NVFP4,p2
1,1,,uniformity,True,nvidia/NVIDIA-Nemotron-Labs-3-Puzzle-75B-A9B-NVFP4,p2
0,0,,privately,True,nvidia/NVIDIA-Nemotron-Labs-3-Puzzle-75B-A9B-NVFP4,p2
0,0,,privately,True,nvidia/NVIDIA-Nemotron-Labs-3-Puzzle-75B-A9B-NVFP4,p2
0,1,,individuality,False,nvidia/NVIDIA-Nemotron-Labs-3-Puzzle-75B-A9B-NVFP4,p2
0,0,,exploitation,True,nvidia/NVIDIA-Nemotron-Labs-3-Puzzle-75B-A9B-NVFP4,p2
1,1,,disobedient,True,nvidia/NVIDIA-Nemotron-Labs-3-Puzzle-75B-A9B-NVFP4,p2
0,1,,disobedient,False,nvidia/NVIDIA-Nemotron-Labs-3-Puzzle-75B-A9B-NVFP4,p2
1,1,,service,True,nvidia/NVIDIA-Nemotron-Labs-3-Puzzle-75B-A9B-NVFP4,p2
0,0,,service,True,nvidia/NVIDIA-Nemotron-Labs-3-Puzzle-75B-A9B-NVFP4,p2
1,1,,annul,True,nvidia/NVIDIA-Nemotron-Labs-3-Puzzle-75B-A9B-NVFP4,p2
1,1,,annul,True,nvidia/NVIDIA-Nemotron-Labs-3-Puzzle-75B-A9B-NVFP4,p2
0,1,,annul,False,nvidia/NVIDIA-Nemotron-Labs-3-Puzzle-75B-A9B-NVFP4,p2
1,1,,warm_up,True,nvidia/NVIDIA-Nemotron-Labs-3-Puzzle-75B-A9B-NVFP4,p2
0,1,,warm_up,False,nvidia/NVIDIA-Nemotron-Labs-3-Puzzle-75B-A9B-NVFP4,p2
0,0,,warm_up,True,nvidia/NVIDIA-Nemotron-Labs-3-Puzzle-75B-A9B-NVFP4,p2
0,1,,warm_up,False,nvidia/NVIDIA-Nemotron-Labs-3-Puzzle-75B-A9B-NVFP4,p2
1,1,,dissociation,True,nvidia/NVIDIA-Nemotron-Labs-3-Puzzle-75B-A9B-NVFP4,p2
1,1,,dissociation,True,nvidia/NVIDIA-Nemotron-Labs-3-Puzzle-75B-A9B-NVFP4,p2
0,0,,dissociation,True,nvidia/NVIDIA-Nemotron-Labs-3-Puzzle-75B-A9B-NVFP4,p2
1,1,,turbulence,True,nvidia/NVIDIA-Nemotron-Labs-3-Puzzle-75B-A9B-NVFP4,p2
1,1,,adjacent,True,nvidia/NVIDIA-Nemotron-Labs-3-Puzzle-75B-A9B-NVFP4,p2
1,1,,improbable,True,nvidia/NVIDIA-Nemotron-Labs-3-Puzzle-75B-A9B-NVFP4,p2
1,1,,improbable,True,nvidia/NVIDIA-Nemotron-Labs-3-Puzzle-75B-A9B-NVFP4,p2
0,0,,redemption,True,nvidia/NVIDIA-Nemotron-Labs-3-Puzzle-75B-A9B-NVFP4,p2
1,1,,copy,True,nvidia/NVIDIA-Nemotron-Labs-3-Puzzle-75B-A9B-NVFP4,p2
1,1,,copy,True,nvidia/NVIDIA-Nemotron-Labs-3-Puzzle-75B-A9B-NVFP4,p2
1,1,,copy,True,nvidia/NVIDIA-Nemotron-Labs-3-Puzzle-75B-A9B-NVFP4,p2
0,1,,copy,False,nvidia/NVIDIA-Nemotron-Labs-3-Puzzle-75B-A9B-NVFP4,p2
0,1,,copy,False,nvidia/NVIDIA-Nemotron-Labs-3-Puzzle-75B-A9B-NVFP4,p2
1,1,,embodiment,True,nvidia/NVIDIA-Nemotron-Labs-3-Puzzle-75B-A9B-NVFP4,p2
1,1,,embodiment,True,nvidia/NVIDIA-Nemotron-Labs-3-Puzzle-75B-A9B-NVFP4,p2
1,1,,embodiment,True,nvidia/NVIDIA-Nemotron-Labs-3-Puzzle-75B-A9B-NVFP4,p2
0,1,,embodiment,False,nvidia/NVIDIA-Nemotron-Labs-3-Puzzle-75B-A9B-NVFP4,p2
1,1,,innovation,True,nvidia/NVIDIA-Nemotron-Labs-3-Puzzle-75B-A9B-NVFP4,p2
0,1,,innovation,False,nvidia/NVIDIA-Nemotron-Labs-3-Puzzle-75B-A9B-NVFP4,p2
0,0,,innovation,True,nvidia/NVIDIA-Nemotron-Labs-3-Puzzle-75B-A9B-NVFP4,p2
0,1,,innovation,False,nvidia/NVIDIA-Nemotron-Labs-3-Puzzle-75B-A9B-NVFP4,p2
1,0,,age,False,nvidia/NVIDIA-Nemotron-Labs-3-Puzzle-75B-A9B-NVFP4,p2
1,1,,age,True,nvidia/NVIDIA-Nemotron-Labs-3-Puzzle-75B-A9B-NVFP4,p2
0,0,,age,True,nvidia/NVIDIA-Nemotron-Labs-3-Puzzle-75B-A9B-NVFP4,p2
1,1,,intimacy,True,nvidia/NVIDIA-Nemotron-Labs-3-Puzzle-75B-A9B-NVFP4,p2
0,1,,intimacy,False,nvidia/NVIDIA-Nemotron-Labs-3-Puzzle-75B-A9B-NVFP4,p2
1,1,,federation,True,nvidia/NVIDIA-Nemotron-Labs-3-Puzzle-75B-A9B-NVFP4,p2
0,0,,federation,True,nvidia/NVIDIA-Nemotron-Labs-3-Puzzle-75B-A9B-NVFP4,p2
0,0,,federation,True,nvidia/NVIDIA-Nemotron-Labs-3-Puzzle-75B-A9B-NVFP4,p2
1,1,,discrepancy,True,nvidia/NVIDIA-Nemotron-Labs-3-Puzzle-75B-A9B-NVFP4,p2
0,1,,discrepancy,False,nvidia/NVIDIA-Nemotron-Labs-3-Puzzle-75B-A9B-NVFP4,p2
1,1,,painfully,True,nvidia/NVIDIA-Nemotron-Labs-3-Puzzle-75B-A9B-NVFP4,p2
0,1,,painfully,False,nvidia/NVIDIA-Nemotron-Labs-3-Puzzle-75B-A9B-NVFP4,p2
0,1,,painfully,False,nvidia/NVIDIA-Nemotron-Labs-3-Puzzle-75B-A9B-NVFP4,p2
1,1,,hasty,True,nvidia/NVIDIA-Nemotron-Labs-3-Puzzle-75B-A9B-NVFP4,p2
1,1,,hasty,True,nvidia/NVIDIA-Nemotron-Labs-3-Puzzle-75B-A9B-NVFP4,p2
1,1,,attend_to,True,nvidia/NVIDIA-Nemotron-Labs-3-Puzzle-75B-A9B-NVFP4,p2
0,1,,attend_to,False,nvidia/NVIDIA-Nemotron-Labs-3-Puzzle-75B-A9B-NVFP4,p2
0,0,,attend_to,True,nvidia/NVIDIA-Nemotron-Labs-3-Puzzle-75B-A9B-NVFP4,p2
1,1,,shortening,True,nvidia/NVIDIA-Nemotron-Labs-3-Puzzle-75B-A9B-NVFP4,p2
0,0,,shortening,True,nvidia/NVIDIA-Nemotron-Labs-3-Puzzle-75B-A9B-NVFP4,p2
0,0,,shortening,True,nvidia/NVIDIA-Nemotron-Labs-3-Puzzle-75B-A9B-NVFP4,p2
1,1,,protrusion,True,nvidia/NVIDIA-Nemotron-Labs-3-Puzzle-75B-A9B-NVFP4,p2
0,1,,protrusion,False,nvidia/NVIDIA-Nemotron-Labs-3-Puzzle-75B-A9B-NVFP4,p2
0,1,,protrusion,False,nvidia/NVIDIA-Nemotron-Labs-3-Puzzle-75B-A9B-NVFP4,p2
1,1,,unrefined,True,nvidia/NVIDIA-Nemotron-Labs-3-Puzzle-75B-A9B-NVFP4,p2
0,0,,unrefined,True,nvidia/NVIDIA-Nemotron-Labs-3-Puzzle-75B-A9B-NVFP4,p2
1,1,,pineapple,True,nvidia/NVIDIA-Nemotron-Labs-3-Puzzle-75B-A9B-NVFP4,p2
0,0,,realism,True,nvidia/NVIDIA-Nemotron-Labs-3-Puzzle-75B-A9B-NVFP4,p2
0,0,,realism,True,nvidia/NVIDIA-Nemotron-Labs-3-Puzzle-75B-A9B-NVFP4,p2
0,0,,realism,True,nvidia/NVIDIA-Nemotron-Labs-3-Puzzle-75B-A9B-NVFP4,p2
1,1,,patronize,True,nvidia/NVIDIA-Nemotron-Labs-3-Puzzle-75B-A9B-NVFP4,p2
0,1,,patronize,False,nvidia/NVIDIA-Nemotron-Labs-3-Puzzle-75B-A9B-NVFP4,p2
0,0,,patronize,True,nvidia/NVIDIA-Nemotron-Labs-3-Puzzle-75B-A9B-NVFP4,p2
0,0,,patronize,True,nvidia/NVIDIA-Nemotron-Labs-3-Puzzle-75B-A9B-NVFP4,p2
1,1,,clip,True,nvidia/NVIDIA-Nemotron-Labs-3-Puzzle-75B-A9B-NVFP4,p2
0,0,,clip,True,nvidia/NVIDIA-Nemotron-Labs-3-Puzzle-75B-A9B-NVFP4,p2
0,1,,clip,False,nvidia/NVIDIA-Nemotron-Labs-3-Puzzle-75B-A9B-NVFP4,p2
0,0,,clip,True,nvidia/NVIDIA-Nemotron-Labs-3-Puzzle-75B-A9B-NVFP4,p2
1,1,,hasten,True,nvidia/NVIDIA-Nemotron-Labs-3-Puzzle-75B-A9B-NVFP4,p2
1,1,,hasten,True,nvidia/NVIDIA-Nemotron-Labs-3-Puzzle-75B-A9B-NVFP4,p2
1,1,,hail,True,nvidia/NVIDIA-Nemotron-Labs-3-Puzzle-75B-A9B-NVFP4,p2
1,1,,hail,True,nvidia/NVIDIA-Nemotron-Labs-3-Puzzle-75B-A9B-NVFP4,p2
1,1,,hail,True,nvidia/NVIDIA-Nemotron-Labs-3-Puzzle-75B-A9B-NVFP4,p2
0,0,,hail,True,nvidia/NVIDIA-Nemotron-Labs-3-Puzzle-75B-A9B-NVFP4,p2
0,0,,hail,True,nvidia/NVIDIA-Nemotron-Labs-3-Puzzle-75B-A9B-NVFP4,p2
1,1,,spike,True,nvidia/NVIDIA-Nemotron-Labs-3-Puzzle-75B-A9B-NVFP4,p2
1,1,,spike,True,nvidia/NVIDIA-Nemotron-Labs-3-Puzzle-75B-A9B-NVFP4,p2
1,1,,spike,True,nvidia/NVIDIA-Nemotron-Labs-3-Puzzle-75B-A9B-NVFP4,p2
1,1,,spike,True,nvidia/NVIDIA-Nemotron-Labs-3-Puzzle-75B-A9B-NVFP4,p2
1,1,,spike,True,nvidia/NVIDIA-Nemotron-Labs-3-Puzzle-75B-A9B-NVFP4,p2
1,1,,spike,True,nvidia/NVIDIA-Nemotron-Labs-3-Puzzle-75B-A9B-NVFP4,p2
0,0,,spike,True,nvidia/NVIDIA-Nemotron-Labs-3-Puzzle-75B-A9B-NVFP4,p2
0,0,,spike,True,nvidia/NVIDIA-Nemotron-Labs-3-Puzzle-75B-A9B-NVFP4,p2
0,0,,spike,True,nvidia/NVIDIA-Nemotron-Labs-3-Puzzle-75B-A9B-NVFP4,p2
0,0,,spike,True,nvidia/NVIDIA-Nemotron-Labs-3-Puzzle-75B-A9B-NVFP4,p2
0,1,,spike,False,nvidia/NVIDIA-Nemotron-Labs-3-Puzzle-75B-A9B-NVFP4,p2
0,0,,spike,True,nvidia/NVIDIA-Nemotron-Labs-3-Puzzle-75B-A9B-NVFP4,p2
0,0,,spike,True,nvidia/NVIDIA-Nemotron-Labs-3-Puzzle-75B-A9B-NVFP4,p2
1,1,,unoccupied,True,nvidia/NVIDIA-Nemotron-Labs-3-Puzzle-75B-A9B-NVFP4,p2
1,1,,unoccupied,True,nvidia/NVIDIA-Nemotron-Labs-3-Puzzle-75B-A9B-NVFP4,p2
0,1,,unoccupied,False,nvidia/NVIDIA-Nemotron-Labs-3-Puzzle-75B-A9B-NVFP4,p2
0,1,,unoccupied,False,nvidia/NVIDIA-Nemotron-Labs-3-Puzzle-75B-A9B-NVFP4,p2
1,1,,volunteer,True,nvidia/NVIDIA-Nemotron-Labs-3-Puzzle-75B-A9B-NVFP4,p2
0,0,,volunteer,True,nvidia/NVIDIA-Nemotron-Labs-3-Puzzle-75B-A9B-NVFP4,p2
0,0,,volunteer,True,nvidia/NVIDIA-Nemotron-Labs-3-Puzzle-75B-A9B-NVFP4,p2
1,1,,fair,True,nvidia/NVIDIA-Nemotron-Labs-3-Puzzle-75B-A9B-NVFP4,p2
0,1,,fair,False,nvidia/NVIDIA-Nemotron-Labs-3-Puzzle-75B-A9B-NVFP4,p2
0,1,,fair,False,nvidia/NVIDIA-Nemotron-Labs-3-Puzzle-75B-A9B-NVFP4,p2
0,1,,aviation,False,nvidia/NVIDIA-Nemotron-Labs-3-Puzzle-75B-A9B-NVFP4,p2
0,1,,aviation,False,nvidia/NVIDIA-Nemotron-Labs-3-Puzzle-75B-A9B-NVFP4,p2
1,1,,bless,True,nvidia/NVIDIA-Nemotron-Labs-3-Puzzle-75B-A9B-NVFP4,p2
1,1,,bless,True,nvidia/NVIDIA-Nemotron-Labs-3-Puzzle-75B-A9B-NVFP4,p2
0,1,,bless,False,nvidia/NVIDIA-Nemotron-Labs-3-Puzzle-75B-A9B-NVFP4,p2
0,0,,bless,True,nvidia/NVIDIA-Nemotron-Labs-3-Puzzle-75B-A9B-NVFP4,p2
0,1,,bless,False,nvidia/NVIDIA-Nemotron-Labs-3-Puzzle-75B-A9B-NVFP4,p2
1,1,,singular,True,nvidia/NVIDIA-Nemotron-Labs-3-Puzzle-75B-A9B-NVFP4,p2
1,1,,singular,True,nvidia/NVIDIA-Nemotron-Labs-3-Puzzle-75B-A9B-NVFP4,p2
1,1,,singular,True,nvidia/NVIDIA-Nemotron-Labs-3-Puzzle-75B-A9B-NVFP4,p2
0,0,,singular,True,nvidia/NVIDIA-Nemotron-Labs-3-Puzzle-75B-A9B-NVFP4,p2
0,1,,singular,False,nvidia/NVIDIA-Nemotron-Labs-3-Puzzle-75B-A9B-NVFP4,p2
0,1,,singular,False,nvidia/NVIDIA-Nemotron-Labs-3-Puzzle-75B-A9B-NVFP4,p2
0,0,,singular,True,nvidia/NVIDIA-Nemotron-Labs-3-Puzzle-75B-A9B-NVFP4,p2
1,1,,transcribe,True,nvidia/NVIDIA-Nemotron-Labs-3-Puzzle-75B-A9B-NVFP4,p2
1,1,,transcribe,True,nvidia/NVIDIA-Nemotron-Labs-3-Puzzle-75B-A9B-NVFP4,p2
1,1,,transcribe,True,nvidia/NVIDIA-Nemotron-Labs-3-Puzzle-75B-A9B-NVFP4,p2
0,0,,transcribe,True,nvidia/NVIDIA-Nemotron-Labs-3-Puzzle-75B-A9B-NVFP4,p2
0,1,,transcribe,False,nvidia/NVIDIA-Nemotron-Labs-3-Puzzle-75B-A9B-NVFP4,p2
0,1,,resignation,False,nvidia/NVIDIA-Nemotron-Labs-3-Puzzle-75B-A9B-NVFP4,p2
0,0,,resignation,True,nvidia/NVIDIA-Nemotron-Labs-3-Puzzle-75B-A9B-NVFP4,p2
0,1,,dehydration,False,nvidia/NVIDIA-Nemotron-Labs-3-Puzzle-75B-A9B-NVFP4,p2
0,0,,dehydration,True,nvidia/NVIDIA-Nemotron-Labs-3-Puzzle-75B-A9B-NVFP4,p2
1,1,,extinction,True,nvidia/NVIDIA-Nemotron-Labs-3-Puzzle-75B-A9B-NVFP4,p2
1,1,,extinction,True,nvidia/NVIDIA-Nemotron-Labs-3-Puzzle-75B-A9B-NVFP4,p2
0,1,,extinction,False,nvidia/NVIDIA-Nemotron-Labs-3-Puzzle-75B-A9B-NVFP4,p2
0,0,,extinction,True,nvidia/NVIDIA-Nemotron-Labs-3-Puzzle-75B-A9B-NVFP4,p2
0,0,,extinction,True,nvidia/NVIDIA-Nemotron-Labs-3-Puzzle-75B-A9B-NVFP4,p2
0,0,,extinction,True,nvidia/NVIDIA-Nemotron-Labs-3-Puzzle-75B-A9B-NVFP4,p2
1,1,,speculation,True,nvidia/NVIDIA-Nemotron-Labs-3-Puzzle-75B-A9B-NVFP4,p2
1,1,,speculation,True,nvidia/NVIDIA-Nemotron-Labs-3-Puzzle-75B-A9B-NVFP4,p2
1,1,,speculation,True,nvidia/NVIDIA-Nemotron-Labs-3-Puzzle-75B-A9B-NVFP4,p2
0,0,,speculation,True,nvidia/NVIDIA-Nemotron-Labs-3-Puzzle-75B-A9B-NVFP4,p2
0,1,,speculation,False,nvidia/NVIDIA-Nemotron-Labs-3-Puzzle-75B-A9B-NVFP4,p2
0,1,,speculation,False,nvidia/NVIDIA-Nemotron-Labs-3-Puzzle-75B-A9B-NVFP4,p2
1,1,,provoke,True,nvidia/NVIDIA-Nemotron-Labs-3-Puzzle-75B-A9B-NVFP4,p2
1,1,,provoke,True,nvidia/NVIDIA-Nemotron-Labs-3-Puzzle-75B-A9B-NVFP4,p2
1,1,,indent,True,nvidia/NVIDIA-Nemotron-Labs-3-Puzzle-75B-A9B-NVFP4,p2
1,1,,indent,True,nvidia/NVIDIA-Nemotron-Labs-3-Puzzle-75B-A9B-NVFP4,p2
0,1,,indent,False,nvidia/NVIDIA-Nemotron-Labs-3-Puzzle-75B-A9B-NVFP4,p2
0,1,,indent,False,nvidia/NVIDIA-Nemotron-Labs-3-Puzzle-75B-A9B-NVFP4,p2
0,0,,indent,True,nvidia/NVIDIA-Nemotron-Labs-3-Puzzle-75B-A9B-NVFP4,p2
1,0,,stall,False,nvidia/NVIDIA-Nemotron-Labs-3-Puzzle-75B-A9B-NVFP4,p2
1,1,,stall,True,nvidia/NVIDIA-Nemotron-Labs-3-Puzzle-75B-A9B-NVFP4,p2
1,1,,stall,True,nvidia/NVIDIA-Nemotron-Labs-3-Puzzle-75B-A9B-NVFP4,p2
0,0,,stall,True,nvidia/NVIDIA-Nemotron-Labs-3-Puzzle-75B-A9B-NVFP4,p2
0,0,,stall,True,nvidia/NVIDIA-Nemotron-Labs-3-Puzzle-75B-A9B-NVFP4,p2
0,0,,stall,True,nvidia/NVIDIA-Nemotron-Labs-3-Puzzle-75B-A9B-NVFP4,p2
0,0,,stall,True,nvidia/NVIDIA-Nemotron-Labs-3-Puzzle-75B-A9B-NVFP4,p2
0,0,,stall,True,nvidia/NVIDIA-Nemotron-Labs-3-Puzzle-75B-A9B-NVFP4,p2
0,0,,stall,True,nvidia/NVIDIA-Nemotron-Labs-3-Puzzle-75B-A9B-NVFP4,p2
1,1,,node,True,nvidia/NVIDIA-Nemotron-Labs-3-Puzzle-75B-A9B-NVFP4,p2
1,1,,node,True,nvidia/NVIDIA-Nemotron-Labs-3-Puzzle-75B-A9B-NVFP4,p2
1,1,,node,True,nvidia/NVIDIA-Nemotron-Labs-3-Puzzle-75B-A9B-NVFP4,p2
0,0,,node,True,nvidia/NVIDIA-Nemotron-Labs-3-Puzzle-75B-A9B-NVFP4,p2
1,1,,electric_shock,True,nvidia/NVIDIA-Nemotron-Labs-3-Puzzle-75B-A9B-NVFP4,p2
1,1,,electric_shock,True,nvidia/NVIDIA-Nemotron-Labs-3-Puzzle-75B-A9B-NVFP4,p2
0,1,,electric_shock,False,nvidia/NVIDIA-Nemotron-Labs-3-Puzzle-75B-A9B-NVFP4,p2
1,1,,fixation,True,nvidia/NVIDIA-Nemotron-Labs-3-Puzzle-75B-A9B-NVFP4,p2
1,1,,fixation,True,nvidia/NVIDIA-Nemotron-Labs-3-Puzzle-75B-A9B-NVFP4,p2
1,1,,fixation,True,nvidia/NVIDIA-Nemotron-Labs-3-Puzzle-75B-A9B-NVFP4,p2
0,0,,fixation,True,nvidia/NVIDIA-Nemotron-Labs-3-Puzzle-75B-A9B-NVFP4,p2
0,0,,fixation,True,nvidia/NVIDIA-Nemotron-Labs-3-Puzzle-75B-A9B-NVFP4,p2
1,1,,glazed,True,nvidia/NVIDIA-Nemotron-Labs-3-Puzzle-75B-A9B-NVFP4,p2
0,0,,glazed,True,nvidia/NVIDIA-Nemotron-Labs-3-Puzzle-75B-A9B-NVFP4,p2
0,0,,glazed,True,nvidia/NVIDIA-Nemotron-Labs-3-Puzzle-75B-A9B-NVFP4,p2
0,1,,glazed,False,nvidia/NVIDIA-Nemotron-Labs-3-Puzzle-75B-A9B-NVFP4,p2
1,1,,stump,True,nvidia/NVIDIA-Nemotron-Labs-3-Puzzle-75B-A9B-NVFP4,p2
1,1,,stump,True,nvidia/NVIDIA-Nemotron-Labs-3-Puzzle-75B-A9B-NVFP4,p2
0,0,,stump,True,nvidia/NVIDIA-Nemotron-Labs-3-Puzzle-75B-A9B-NVFP4,p2
0,0,,stump,True,nvidia/NVIDIA-Nemotron-Labs-3-Puzzle-75B-A9B-NVFP4,p2
0,0,,stump,True,nvidia/NVIDIA-Nemotron-Labs-3-Puzzle-75B-A9B-NVFP4,p2
0,0,,stump,True,nvidia/NVIDIA-Nemotron-Labs-3-Puzzle-75B-A9B-NVFP4,p2
1,1,,unconcerned,True,nvidia/NVIDIA-Nemotron-Labs-3-Puzzle-75B-A9B-NVFP4,p2
0,1,,unconcerned,False,nvidia/NVIDIA-Nemotron-Labs-3-Puzzle-75B-A9B-NVFP4,p2
1,1,,mallet,True,nvidia/NVIDIA-Nemotron-Labs-3-Puzzle-75B-A9B-NVFP4,p2
1,1,,mallet,True,nvidia/NVIDIA-Nemotron-Labs-3-Puzzle-75B-A9B-NVFP4,p2
0,1,,mallet,False,nvidia/NVIDIA-Nemotron-Labs-3-Puzzle-75B-A9B-NVFP4,p2
0,1,,mallet,False,nvidia/NVIDIA-Nemotron-Labs-3-Puzzle-75B-A9B-NVFP4,p2
1,1,,morale,True,nvidia/NVIDIA-Nemotron-Labs-3-Puzzle-75B-A9B-NVFP4,p2
1,1,,morale,True,nvidia/NVIDIA-Nemotron-Labs-3-Puzzle-75B-A9B-NVFP4,p2
0,1,,morale,False,nvidia/NVIDIA-Nemotron-Labs-3-Puzzle-75B-A9B-NVFP4,p2
1,1,,center_on,True,nvidia/NVIDIA-Nemotron-Labs-3-Puzzle-75B-A9B-NVFP4,p2
0,1,,center_on,False,nvidia/NVIDIA-Nemotron-Labs-3-Puzzle-75B-A9B-NVFP4,p2
1,1,,splendid,True,nvidia/NVIDIA-Nemotron-Labs-3-Puzzle-75B-A9B-NVFP4,p2
0,1,,splendid,False,nvidia/NVIDIA-Nemotron-Labs-3-Puzzle-75B-A9B-NVFP4,p2
0,1,,splendid,False,nvidia/NVIDIA-Nemotron-Labs-3-Puzzle-75B-A9B-NVFP4,p2
1,1,,rebel,True,nvidia/NVIDIA-Nemotron-Labs-3-Puzzle-75B-A9B-NVFP4,p2
1,1,,rebel,True,nvidia/NVIDIA-Nemotron-Labs-3-Puzzle-75B-A9B-NVFP4,p2
1,1,,rebel,True,nvidia/NVIDIA-Nemotron-Labs-3-Puzzle-75B-A9B-NVFP4,p2
0,1,,rebel,False,nvidia/NVIDIA-Nemotron-Labs-3-Puzzle-75B-A9B-NVFP4,p2
0,1,,rebel,False,nvidia/NVIDIA-Nemotron-Labs-3-Puzzle-75B-A9B-NVFP4,p2
0,1,,allegation,False,nvidia/NVIDIA-Nemotron-Labs-3-Puzzle-75B-A9B-NVFP4,p2
1,1,,likeness,True,nvidia/NVIDIA-Nemotron-Labs-3-Puzzle-75B-A9B-NVFP4,p2
1,1,,likeness,True,nvidia/NVIDIA-Nemotron-Labs-3-Puzzle-75B-A9B-NVFP4,p2
0,1,,likeness,False,nvidia/NVIDIA-Nemotron-Labs-3-Puzzle-75B-A9B-NVFP4,p2
1,1,,overhead,True,nvidia/NVIDIA-Nemotron-Labs-3-Puzzle-75B-A9B-NVFP4,p2
0,1,,ill_will,False,nvidia/NVIDIA-Nemotron-Labs-3-Puzzle-75B-A9B-NVFP4,p2
1,1,,responsiveness,True,nvidia/NVIDIA-Nemotron-Labs-3-Puzzle-75B-A9B-NVFP4,p2
0,0,,responsiveness,True,nvidia/NVIDIA-Nemotron-Labs-3-Puzzle-75B-A9B-NVFP4,p2
1,0,,backwards,False,nvidia/NVIDIA-Nemotron-Labs-3-Puzzle-75B-A9B-NVFP4,p2
0,1,,backwards,False,nvidia/NVIDIA-Nemotron-Labs-3-Puzzle-75B-A9B-NVFP4,p2
0,1,,melon,False,nvidia/NVIDIA-Nemotron-Labs-3-Puzzle-75B-A9B-NVFP4,p2
0,1,,melon,False,nvidia/NVIDIA-Nemotron-Labs-3-Puzzle-75B-A9B-NVFP4,p2
0,1,,esteem,False,nvidia/NVIDIA-Nemotron-Labs-3-Puzzle-75B-A9B-NVFP4,p2
1,1,,garnish,True,nvidia/NVIDIA-Nemotron-Labs-3-Puzzle-75B-A9B-NVFP4,p2
0,1,,garnish,False,nvidia/NVIDIA-Nemotron-Labs-3-Puzzle-75B-A9B-NVFP4,p2
1,1,,spinach,True,nvidia/NVIDIA-Nemotron-Labs-3-Puzzle-75B-A9B-NVFP4,p2
1,1,,spinach,True,nvidia/NVIDIA-Nemotron-Labs-3-Puzzle-75B-A9B-NVFP4,p2
0,1,,spinach,False,nvidia/NVIDIA-Nemotron-Labs-3-Puzzle-75B-A9B-NVFP4,p2
0,1,,spinach,False,nvidia/NVIDIA-Nemotron-Labs-3-Puzzle-75B-A9B-NVFP4,p2
1,1,,hades,True,nvidia/NVIDIA-Nemotron-Labs-3-Puzzle-75B-A9B-NVFP4,p2
0,1,,hades,False,nvidia/NVIDIA-Nemotron-Labs-3-Puzzle-75B-A9B-NVFP4,p2
0,1,,hades,False,nvidia/NVIDIA-Nemotron-Labs-3-Puzzle-75B-A9B-NVFP4,p2
1,1,,redeem,True,nvidia/NVIDIA-Nemotron-Labs-3-Puzzle-75B-A9B-NVFP4,p2
1,1,,redeem,True,nvidia/NVIDIA-Nemotron-Labs-3-Puzzle-75B-A9B-NVFP4,p2
0,0,,redeem,True,nvidia/NVIDIA-Nemotron-Labs-3-Puzzle-75B-A9B-NVFP4,p2
0,0,,redeem,True,nvidia/NVIDIA-Nemotron-Labs-3-Puzzle-75B-A9B-NVFP4,p2
0,0,,redeem,True,nvidia/NVIDIA-Nemotron-Labs-3-Puzzle-75B-A9B-NVFP4,p2
0,1,,redeem,False,nvidia/NVIDIA-Nemotron-Labs-3-Puzzle-75B-A9B-NVFP4,p2
1,1,,picket,True,nvidia/NVIDIA-Nemotron-Labs-3-Puzzle-75B-A9B-NVFP4,p2
1,1,,picket,True,nvidia/NVIDIA-Nemotron-Labs-3-Puzzle-75B-A9B-NVFP4,p2
1,1,,picket,True,nvidia/NVIDIA-Nemotron-Labs-3-Puzzle-75B-A9B-NVFP4,p2
1,1,,picket,True,nvidia/NVIDIA-Nemotron-Labs-3-Puzzle-75B-A9B-NVFP4,p2
1,1,,picket,True,nvidia/NVIDIA-Nemotron-Labs-3-Puzzle-75B-A9B-NVFP4,p2
0,0,,picket,True,nvidia/NVIDIA-Nemotron-Labs-3-Puzzle-75B-A9B-NVFP4,p2
0,0,,picket,True,nvidia/NVIDIA-Nemotron-Labs-3-Puzzle-75B-A9B-NVFP4,p2
0,1,,picket,False,nvidia/NVIDIA-Nemotron-Labs-3-Puzzle-75B-A9B-NVFP4,p2
0,1,,picket,False,nvidia/NVIDIA-Nemotron-Labs-3-Puzzle-75B-A9B-NVFP4,p2
0,0,,picket,True,nvidia/NVIDIA-Nemotron-Labs-3-Puzzle-75B-A9B-NVFP4,p2
1,1,,gallery,True,nvidia/NVIDIA-Nemotron-Labs-3-Puzzle-75B-A9B-NVFP4,p2
1,1,,gallery,True,nvidia/NVIDIA-Nemotron-Labs-3-Puzzle-75B-A9B-NVFP4,p2
1,1,,gallery,True,nvidia/NVIDIA-Nemotron-Labs-3-Puzzle-75B-A9B-NVFP4,p2
1,1,,gallery,True,nvidia/NVIDIA-Nemotron-Labs-3-Puzzle-75B-A9B-NVFP4,p2
0,1,,gallery,False,nvidia/NVIDIA-Nemotron-Labs-3-Puzzle-75B-A9B-NVFP4,p2
0,0,,gallery,True,nvidia/NVIDIA-Nemotron-Labs-3-Puzzle-75B-A9B-NVFP4,p2
0,0,,gallery,True,nvidia/NVIDIA-Nemotron-Labs-3-Puzzle-75B-A9B-NVFP4,p2
0,0,,gallery,True,nvidia/NVIDIA-Nemotron-Labs-3-Puzzle-75B-A9B-NVFP4,p2
0,0,,gallery,True,nvidia/NVIDIA-Nemotron-Labs-3-Puzzle-75B-A9B-NVFP4,p2
1,1,,starter,True,nvidia/NVIDIA-Nemotron-Labs-3-Puzzle-75B-A9B-NVFP4,p2
1,1,,starter,True,nvidia/NVIDIA-Nemotron-Labs-3-Puzzle-75B-A9B-NVFP4,p2
1,1,,starter,True,nvidia/NVIDIA-Nemotron-Labs-3-Puzzle-75B-A9B-NVFP4,p2
0,0,,starter,True,nvidia/NVIDIA-Nemotron-Labs-3-Puzzle-75B-A9B-NVFP4,p2
0,0,,starter,True,nvidia/NVIDIA-Nemotron-Labs-3-Puzzle-75B-A9B-NVFP4,p2
0,0,,starter,True,nvidia/NVIDIA-Nemotron-Labs-3-Puzzle-75B-A9B-NVFP4,p2
0,0,,starter,True,nvidia/NVIDIA-Nemotron-Labs-3-Puzzle-75B-A9B-NVFP4,p2
0,0,,starter,True,nvidia/NVIDIA-Nemotron-Labs-3-Puzzle-75B-A9B-NVFP4,p2
0,0,,starter,True,nvidia/NVIDIA-Nemotron-Labs-3-Puzzle-75B-A9B-NVFP4,p2
1,1,,caller,True,nvidia/NVIDIA-Nemotron-Labs-3-Puzzle-75B-A9B-NVFP4,p2
1,1,,caller,True,nvidia/NVIDIA-Nemotron-Labs-3-Puzzle-75B-A9B-NVFP4,p2
1,1,,caller,True,nvidia/NVIDIA-Nemotron-Labs-3-Puzzle-75B-A9B-NVFP4,p2
1,0,,caller,False,nvidia/NVIDIA-Nemotron-Labs-3-Puzzle-75B-A9B-NVFP4,p2
0,0,,caller,True,nvidia/NVIDIA-Nemotron-Labs-3-Puzzle-75B-A9B-NVFP4,p2
0,0,,caller,True,nvidia/NVIDIA-Nemotron-Labs-3-Puzzle-75B-A9B-NVFP4,p2
0,0,,caller,True,nvidia/NVIDIA-Nemotron-Labs-3-Puzzle-75B-A9B-NVFP4,p2
0,1,,caller,False,nvidia/NVIDIA-Nemotron-Labs-3-Puzzle-75B-A9B-NVFP4,p2
1,1,,tolerance,True,nvidia/NVIDIA-Nemotron-Labs-3-Puzzle-75B-A9B-NVFP4,p2
1,1,,tolerance,True,nvidia/NVIDIA-Nemotron-Labs-3-Puzzle-75B-A9B-NVFP4,p2
0,0,,tolerance,True,nvidia/NVIDIA-Nemotron-Labs-3-Puzzle-75B-A9B-NVFP4,p2
0,0,,tolerance,True,nvidia/NVIDIA-Nemotron-Labs-3-Puzzle-75B-A9B-NVFP4,p2
1,1,,harbor,True,nvidia/NVIDIA-Nemotron-Labs-3-Puzzle-75B-A9B-NVFP4,p2
1,1,,harbor,True,nvidia/NVIDIA-Nemotron-Labs-3-Puzzle-75B-A9B-NVFP4,p2
1,1,,harbor,True,nvidia/NVIDIA-Nemotron-Labs-3-Puzzle-75B-A9B-NVFP4,p2
1,1,,harbor,True,nvidia/NVIDIA-Nemotron-Labs-3-Puzzle-75B-A9B-NVFP4,p2
0,1,,harbor,False,nvidia/NVIDIA-Nemotron-Labs-3-Puzzle-75B-A9B-NVFP4,p2
1,1,,gentle,True,nvidia/NVIDIA-Nemotron-Labs-3-Puzzle-75B-A9B-NVFP4,p2
1,1,,gentle,True,nvidia/NVIDIA-Nemotron-Labs-3-Puzzle-75B-A9B-NVFP4,p2
0,0,,gentle,True,nvidia/NVIDIA-Nemotron-Labs-3-Puzzle-75B-A9B-NVFP4,p2
0,1,,gentle,False,nvidia/NVIDIA-Nemotron-Labs-3-Puzzle-75B-A9B-NVFP4,p2
1,1,,anticipation,True,nvidia/NVIDIA-Nemotron-Labs-3-Puzzle-75B-A9B-NVFP4,p2
1,1,,anticipation,True,nvidia/NVIDIA-Nemotron-Labs-3-Puzzle-75B-A9B-NVFP4,p2
0,1,,anticipation,False,nvidia/NVIDIA-Nemotron-Labs-3-Puzzle-75B-A9B-NVFP4,p2
0,1,,anticipation,False,nvidia/NVIDIA-Nemotron-Labs-3-Puzzle-75B-A9B-NVFP4,p2
0,1,,anticipation,False,nvidia/NVIDIA-Nemotron-Labs-3-Puzzle-75B-A9B-NVFP4,p2
0,1,,anticipation,False,nvidia/NVIDIA-Nemotron-Labs-3-Puzzle-75B-A9B-NVFP4,p2
1,1,,stir_up,True,nvidia/NVIDIA-Nemotron-Labs-3-Puzzle-75B-A9B-NVFP4,p2
1,1,,stir_up,True,nvidia/NVIDIA-Nemotron-Labs-3-Puzzle-75B-A9B-NVFP4,p2
0,1,,stir_up,False,nvidia/NVIDIA-Nemotron-Labs-3-Puzzle-75B-A9B-NVFP4,p2
0,1,,stir_up,False,nvidia/NVIDIA-Nemotron-Labs-3-Puzzle-75B-A9B-NVFP4,p2
0,1,,stir_up,False,nvidia/NVIDIA-Nemotron-Labs-3-Puzzle-75B-A9B-NVFP4,p2
1,1,,recession,True,nvidia/NVIDIA-Nemotron-Labs-3-Puzzle-75B-A9B-NVFP4,p2
1,1,,recession,True,nvidia/NVIDIA-Nemotron-Labs-3-Puzzle-75B-A9B-NVFP4,p2
0,0,,recession,True,nvidia/NVIDIA-Nemotron-Labs-3-Puzzle-75B-A9B-NVFP4,p2
0,0,,recession,True,nvidia/NVIDIA-Nemotron-Labs-3-Puzzle-75B-A9B-NVFP4,p2
0,0,,recession,True,nvidia/NVIDIA-Nemotron-Labs-3-Puzzle-75B-A9B-NVFP4,p2
1,1,,economical,True,nvidia/NVIDIA-Nemotron-Labs-3-Puzzle-75B-A9B-NVFP4,p2
0,0,,economical,True,nvidia/NVIDIA-Nemotron-Labs-3-Puzzle-75B-A9B-NVFP4,p2
0,0,,economical,True,nvidia/NVIDIA-Nemotron-Labs-3-Puzzle-75B-A9B-NVFP4,p2
1,1,,dedication,True,nvidia/NVIDIA-Nemotron-Labs-3-Puzzle-75B-A9B-NVFP4,p2
1,1,,dedication,True,nvidia/NVIDIA-Nemotron-Labs-3-Puzzle-75B-A9B-NVFP4,p2
1,1,,dedication,True,nvidia/NVIDIA-Nemotron-Labs-3-Puzzle-75B-A9B-NVFP4,p2
0,0,,dedication,True,nvidia/NVIDIA-Nemotron-Labs-3-Puzzle-75B-A9B-NVFP4,p2
0,1,,dedication,False,nvidia/NVIDIA-Nemotron-Labs-3-Puzzle-75B-A9B-NVFP4,p2
0,1,,dedication,False,nvidia/NVIDIA-Nemotron-Labs-3-Puzzle-75B-A9B-NVFP4,p2
0,1,,dedication,False,nvidia/NVIDIA-Nemotron-Labs-3-Puzzle-75B-A9B-NVFP4,p2
1,1,,bureaucracy,True,nvidia/NVIDIA-Nemotron-Labs-3-Puzzle-75B-A9B-NVFP4,p2
0,1,,bureaucracy,False,nvidia/NVIDIA-Nemotron-Labs-3-Puzzle-75B-A9B-NVFP4,p2
1,0,,rating,False,nvidia/NVIDIA-Nemotron-Labs-3-Puzzle-75B-A9B-NVFP4,p2
0,0,,rating,True,nvidia/NVIDIA-Nemotron-Labs-3-Puzzle-75B-A9B-NVFP4,p2
0,1,,rating,False,nvidia/NVIDIA-Nemotron-Labs-3-Puzzle-75B-A9B-NVFP4,p2
0,0,,rating,True,nvidia/NVIDIA-Nemotron-Labs-3-Puzzle-75B-A9B-NVFP4,p2
0,1,,rating,False,nvidia/NVIDIA-Nemotron-Labs-3-Puzzle-75B-A9B-NVFP4,p2
0,1,,artificial,False,nvidia/NVIDIA-Nemotron-Labs-3-Puzzle-75B-A9B-NVFP4,p2
1,1,,deliberation,True,nvidia/NVIDIA-Nemotron-Labs-3-Puzzle-75B-A9B-NVFP4,p2
1,1,,deliberation,True,nvidia/NVIDIA-Nemotron-Labs-3-Puzzle-75B-A9B-NVFP4,p2
1,1,,deliberation,True,nvidia/NVIDIA-Nemotron-Labs-3-Puzzle-75B-A9B-NVFP4,p2
0,0,,deliberation,True,nvidia/NVIDIA-Nemotron-Labs-3-Puzzle-75B-A9B-NVFP4,p2
0,1,,deliberation,False,nvidia/NVIDIA-Nemotron-Labs-3-Puzzle-75B-A9B-NVFP4,p2
0,1,,deliberation,False,nvidia/NVIDIA-Nemotron-Labs-3-Puzzle-75B-A9B-NVFP4,p2
0,1,,deliberation,False,nvidia/NVIDIA-Nemotron-Labs-3-Puzzle-75B-A9B-NVFP4,p2
1,1,,drape,True,nvidia/NVIDIA-Nemotron-Labs-3-Puzzle-75B-A9B-NVFP4,p2
1,1,,drape,True,nvidia/NVIDIA-Nemotron-Labs-3-Puzzle-75B-A9B-NVFP4,p2
0,1,,drape,False,nvidia/NVIDIA-Nemotron-Labs-3-Puzzle-75B-A9B-NVFP4,p2
0,1,,drape,False,nvidia/NVIDIA-Nemotron-Labs-3-Puzzle-75B-A9B-NVFP4,p2
0,1,,drape,False,nvidia/NVIDIA-Nemotron-Labs-3-Puzzle-75B-A9B-NVFP4,p2
1,1,,quart,True,nvidia/NVIDIA-Nemotron-Labs-3-Puzzle-75B-A9B-NVFP4,p2
0,1,,quart,False,nvidia/NVIDIA-Nemotron-Labs-3-Puzzle-75B-A9B-NVFP4,p2
0,1,,quart,False,nvidia/NVIDIA-Nemotron-Labs-3-Puzzle-75B-A9B-NVFP4,p2
1,1,,finance,True,nvidia/NVIDIA-Nemotron-Labs-3-Puzzle-75B-A9B-NVFP4,p2
1,1,,finance,True,nvidia/NVIDIA-Nemotron-Labs-3-Puzzle-75B-A9B-NVFP4,p2
0,1,,finance,False,nvidia/NVIDIA-Nemotron-Labs-3-Puzzle-75B-A9B-NVFP4,p2
0,1,,finance,False,nvidia/NVIDIA-Nemotron-Labs-3-Puzzle-75B-A9B-NVFP4,p2
1,1,,innate,True,nvidia/NVIDIA-Nemotron-Labs-3-Puzzle-75B-A9B-NVFP4,p2
0,1,,innate,False,nvidia/NVIDIA-Nemotron-Labs-3-Puzzle-75B-A9B-NVFP4,p2
1,1,,crossbar,True,nvidia/NVIDIA-Nemotron-Labs-3-Puzzle-75B-A9B-NVFP4,p2
1,1,,referent,True,nvidia/NVIDIA-Nemotron-Labs-3-Puzzle-75B-A9B-NVFP4,p2
1,1,,referent,True,nvidia/NVIDIA-Nemotron-Labs-3-Puzzle-75B-A9B-NVFP4,p2
0,1,,referent,False,nvidia/NVIDIA-Nemotron-Labs-3-Puzzle-75B-A9B-NVFP4,p2
0,1,,referent,False,nvidia/NVIDIA-Nemotron-Labs-3-Puzzle-75B-A9B-NVFP4,p2
0,1,,referent,False,nvidia/NVIDIA-Nemotron-Labs-3-Puzzle-75B-A9B-NVFP4,p2
1,1,,irregular,True,nvidia/NVIDIA-Nemotron-Labs-3-Puzzle-75B-A9B-NVFP4,p2
1,1,,irregular,True,nvidia/NVIDIA-Nemotron-Labs-3-Puzzle-75B-A9B-NVFP4,p2
1,1,,irregular,True,nvidia/NVIDIA-Nemotron-Labs-3-Puzzle-75B-A9B-NVFP4,p2
0,0,,irregular,True,nvidia/NVIDIA-Nemotron-Labs-3-Puzzle-75B-A9B-NVFP4,p2
0,0,,irregular,True,nvidia/NVIDIA-Nemotron-Labs-3-Puzzle-75B-A9B-NVFP4,p2
0,1,,irregular,False,nvidia/NVIDIA-Nemotron-Labs-3-Puzzle-75B-A9B-NVFP4,p2
1,1,,exclusion,True,nvidia/NVIDIA-Nemotron-Labs-3-Puzzle-75B-A9B-NVFP4,p2
0,0,,exclusion,True,nvidia/NVIDIA-Nemotron-Labs-3-Puzzle-75B-A9B-NVFP4,p2
1,1,,native,True,nvidia/NVIDIA-Nemotron-Labs-3-Puzzle-75B-A9B-NVFP4,p2
0,1,,native,False,nvidia/NVIDIA-Nemotron-Labs-3-Puzzle-75B-A9B-NVFP4,p2
0,0,,native,True,nvidia/NVIDIA-Nemotron-Labs-3-Puzzle-75B-A9B-NVFP4,p2
0,0,,native,True,nvidia/NVIDIA-Nemotron-Labs-3-Puzzle-75B-A9B-NVFP4,p2
0,0,,native,True,nvidia/NVIDIA-Nemotron-Labs-3-Puzzle-75B-A9B-NVFP4,p2
1,1,,repress,True,nvidia/NVIDIA-Nemotron-Labs-3-Puzzle-75B-A9B-NVFP4,p2
1,1,,repress,True,nvidia/NVIDIA-Nemotron-Labs-3-Puzzle-75B-A9B-NVFP4,p2
1,1,,repress,True,nvidia/NVIDIA-Nemotron-Labs-3-Puzzle-75B-A9B-NVFP4,p2
0,0,,repress,True,nvidia/NVIDIA-Nemotron-Labs-3-Puzzle-75B-A9B-NVFP4,p2
0,1,,repress,False,nvidia/NVIDIA-Nemotron-Labs-3-Puzzle-75B-A9B-NVFP4,p2
0,1,,repress,False,nvidia/NVIDIA-Nemotron-Labs-3-Puzzle-75B-A9B-NVFP4,p2
0,0,,repress,True,nvidia/NVIDIA-Nemotron-Labs-3-Puzzle-75B-A9B-NVFP4,p2
1,1,,antecedent,True,nvidia/NVIDIA-Nemotron-Labs-3-Puzzle-75B-A9B-NVFP4,p2
1,1,,antecedent,True,nvidia/NVIDIA-Nemotron-Labs-3-Puzzle-75B-A9B-NVFP4,p2
0,1,,antecedent,False,nvidia/NVIDIA-Nemotron-Labs-3-Puzzle-75B-A9B-NVFP4,p2
0,1,,antecedent,False,nvidia/NVIDIA-Nemotron-Labs-3-Puzzle-75B-A9B-NVFP4,p2
0,0,,antecedent,True,nvidia/NVIDIA-Nemotron-Labs-3-Puzzle-75B-A9B-NVFP4,p2
0,0,,antecedent,True,nvidia/NVIDIA-Nemotron-Labs-3-Puzzle-75B-A9B-NVFP4,p2
1,1,,works,True,nvidia/NVIDIA-Nemotron-Labs-3-Puzzle-75B-A9B-NVFP4,p2
1,1,,works,True,nvidia/NVIDIA-Nemotron-Labs-3-Puzzle-75B-A9B-NVFP4,p2
0,0,,works,True,nvidia/NVIDIA-Nemotron-Labs-3-Puzzle-75B-A9B-NVFP4,p2
0,0,,works,True,nvidia/NVIDIA-Nemotron-Labs-3-Puzzle-75B-A9B-NVFP4,p2
0,0,,works,True,nvidia/NVIDIA-Nemotron-Labs-3-Puzzle-75B-A9B-NVFP4,p2
0,0,,works,True,nvidia/NVIDIA-Nemotron-Labs-3-Puzzle-75B-A9B-NVFP4,p2
0,0,,works,True,nvidia/NVIDIA-Nemotron-Labs-3-Puzzle-75B-A9B-NVFP4,p2
1,1,,subdue,True,nvidia/NVIDIA-Nemotron-Labs-3-Puzzle-75B-A9B-NVFP4,p2
1,1,,subdue,True,nvidia/NVIDIA-Nemotron-Labs-3-Puzzle-75B-A9B-NVFP4,p2
0,1,,subdue,False,nvidia/NVIDIA-Nemotron-Labs-3-Puzzle-75B-A9B-NVFP4,p2
0,1,,subdue,False,nvidia/NVIDIA-Nemotron-Labs-3-Puzzle-75B-A9B-NVFP4,p2
0,1,,subdue,False,nvidia/NVIDIA-Nemotron-Labs-3-Puzzle-75B-A9B-NVFP4,p2
0,1,,subdue,False,nvidia/NVIDIA-Nemotron-Labs-3-Puzzle-75B-A9B-NVFP4,p2
0,1,,subdue,False,nvidia/NVIDIA-Nemotron-Labs-3-Puzzle-75B-A9B-NVFP4,p2
0,1,,subdue,False,nvidia/NVIDIA-Nemotron-Labs-3-Puzzle-75B-A9B-NVFP4,p2
1,1,,decent,True,nvidia/NVIDIA-Nemotron-Labs-3-Puzzle-75B-A9B-NVFP4,p2
0,0,,decent,True,nvidia/NVIDIA-Nemotron-Labs-3-Puzzle-75B-A9B-NVFP4,p2
0,1,,decent,False,nvidia/NVIDIA-Nemotron-Labs-3-Puzzle-75B-A9B-NVFP4,p2
1,1,,radical,True,nvidia/NVIDIA-Nemotron-Labs-3-Puzzle-75B-A9B-NVFP4,p2
1,1,,radical,True,nvidia/NVIDIA-Nemotron-Labs-3-Puzzle-75B-A9B-NVFP4,p2
1,1,,radical,True,nvidia/NVIDIA-Nemotron-Labs-3-Puzzle-75B-A9B-NVFP4,p2
1,1,,radical,True,nvidia/NVIDIA-Nemotron-Labs-3-Puzzle-75B-A9B-NVFP4,p2
1,1,,radical,True,nvidia/NVIDIA-Nemotron-Labs-3-Puzzle-75B-A9B-NVFP4,p2
1,1,,radical,True,nvidia/NVIDIA-Nemotron-Labs-3-Puzzle-75B-A9B-NVFP4,p2
1,1,,radical,True,nvidia/NVIDIA-Nemotron-Labs-3-Puzzle-75B-A9B-NVFP4,p2
0,0,,radical,True,nvidia/NVIDIA-Nemotron-Labs-3-Puzzle-75B-A9B-NVFP4,p2
0,0,,radical,True,nvidia/NVIDIA-Nemotron-Labs-3-Puzzle-75B-A9B-NVFP4,p2
0,0,,radical,True,nvidia/NVIDIA-Nemotron-Labs-3-Puzzle-75B-A9B-NVFP4,p2
0,0,,radical,True,nvidia/NVIDIA-Nemotron-Labs-3-Puzzle-75B-A9B-NVFP4,p2
0,0,,radical,True,nvidia/NVIDIA-Nemotron-Labs-3-Puzzle-75B-A9B-NVFP4,p2
0,1,,radical,False,nvidia/NVIDIA-Nemotron-Labs-3-Puzzle-75B-A9B-NVFP4,p2
0,0,,radical,True,nvidia/NVIDIA-Nemotron-Labs-3-Puzzle-75B-A9B-NVFP4,p2
0,0,,radical,True,nvidia/NVIDIA-Nemotron-Labs-3-Puzzle-75B-A9B-NVFP4,p2
1,0,,elimination,False,nvidia/NVIDIA-Nemotron-Labs-3-Puzzle-75B-A9B-NVFP4,p2
1,1,,elimination,True,nvidia/NVIDIA-Nemotron-Labs-3-Puzzle-75B-A9B-NVFP4,p2
1,1,,elimination,True,nvidia/NVIDIA-Nemotron-Labs-3-Puzzle-75B-A9B-NVFP4,p2
0,0,,elimination,True,nvidia/NVIDIA-Nemotron-Labs-3-Puzzle-75B-A9B-NVFP4,p2
0,0,,elimination,True,nvidia/NVIDIA-Nemotron-Labs-3-Puzzle-75B-A9B-NVFP4,p2
0,0,,elimination,True,nvidia/NVIDIA-Nemotron-Labs-3-Puzzle-75B-A9B-NVFP4,p2
1,1,,doom,True,nvidia/NVIDIA-Nemotron-Labs-3-Puzzle-75B-A9B-NVFP4,p2
0,1,,fade,False,nvidia/NVIDIA-Nemotron-Labs-3-Puzzle-75B-A9B-NVFP4,p2
0,1,,fade,False,nvidia/NVIDIA-Nemotron-Labs-3-Puzzle-75B-A9B-NVFP4,p2
1,1,,echo,True,nvidia/NVIDIA-Nemotron-Labs-3-Puzzle-75B-A9B-NVFP4,p2
0,0,,echo,True,nvidia/NVIDIA-Nemotron-Labs-3-Puzzle-75B-A9B-NVFP4,p2
0,1,,echo,False,nvidia/NVIDIA-Nemotron-Labs-3-Puzzle-75B-A9B-NVFP4,p2
1,1,,attest,True,nvidia/NVIDIA-Nemotron-Labs-3-Puzzle-75B-A9B-NVFP4,p2
1,1,,attest,True,nvidia/NVIDIA-Nemotron-Labs-3-Puzzle-75B-A9B-NVFP4,p2
0,0,,attest,True,nvidia/NVIDIA-Nemotron-Labs-3-Puzzle-75B-A9B-NVFP4,p2
0,1,,attest,False,nvidia/NVIDIA-Nemotron-Labs-3-Puzzle-75B-A9B-NVFP4,p2
0,1,,attest,False,nvidia/NVIDIA-Nemotron-Labs-3-Puzzle-75B-A9B-NVFP4,p2
1,1,,stately,True,nvidia/NVIDIA-Nemotron-Labs-3-Puzzle-75B-A9B-NVFP4,p2
0,1,,stately,False,nvidia/NVIDIA-Nemotron-Labs-3-Puzzle-75B-A9B-NVFP4,p2
0,1,,stately,False,nvidia/NVIDIA-Nemotron-Labs-3-Puzzle-75B-A9B-NVFP4,p2
1,1,,solicit,True,nvidia/NVIDIA-Nemotron-Labs-3-Puzzle-75B-A9B-NVFP4,p2
0,1,,solicit,False,nvidia/NVIDIA-Nemotron-Labs-3-Puzzle-75B-A9B-NVFP4,p2
0,1,,solicit,False,nvidia/NVIDIA-Nemotron-Labs-3-Puzzle-75B-A9B-NVFP4,p2
0,1,,summons,False,nvidia/NVIDIA-Nemotron-Labs-3-Puzzle-75B-A9B-NVFP4,p2
0,1,,summons,False,nvidia/NVIDIA-Nemotron-Labs-3-Puzzle-75B-A9B-NVFP4,p2
0,1,,equatorial,False,nvidia/NVIDIA-Nemotron-Labs-3-Puzzle-75B-A9B-NVFP4,p2
0,1,,equatorial,False,nvidia/NVIDIA-Nemotron-Labs-3-Puzzle-75B-A9B-NVFP4,p2
1,1,,offend,True,nvidia/NVIDIA-Nemotron-Labs-3-Puzzle-75B-A9B-NVFP4,p2
0,1,,offend,False,nvidia/NVIDIA-Nemotron-Labs-3-Puzzle-75B-A9B-NVFP4,p2
0,0,,offend,True,nvidia/NVIDIA-Nemotron-Labs-3-Puzzle-75B-A9B-NVFP4,p2
1,1,,dismissal,True,nvidia/NVIDIA-Nemotron-Labs-3-Puzzle-75B-A9B-NVFP4,p2
1,1,,dismissal,True,nvidia/NVIDIA-Nemotron-Labs-3-Puzzle-75B-A9B-NVFP4,p2
1,1,,dismissal,True,nvidia/NVIDIA-Nemotron-Labs-3-Puzzle-75B-A9B-NVFP4,p2
0,1,,dismissal,False,nvidia/NVIDIA-Nemotron-Labs-3-Puzzle-75B-A9B-NVFP4,p2
0,0,,dismissal,True,nvidia/NVIDIA-Nemotron-Labs-3-Puzzle-75B-A9B-NVFP4,p2
1,1,,zero,True,nvidia/NVIDIA-Nemotron-Labs-3-Puzzle-75B-A9B-NVFP4,p2
1,1,,zero,True,nvidia/NVIDIA-Nemotron-Labs-3-Puzzle-75B-A9B-NVFP4,p2
1,1,,zero,True,nvidia/NVIDIA-Nemotron-Labs-3-Puzzle-75B-A9B-NVFP4,p2
1,1,,zero,True,nvidia/NVIDIA-Nemotron-Labs-3-Puzzle-75B-A9B-NVFP4,p2
0,0,,zero,True,nvidia/NVIDIA-Nemotron-Labs-3-Puzzle-75B-A9B-NVFP4,p2
0,1,,zero,False,nvidia/NVIDIA-Nemotron-Labs-3-Puzzle-75B-A9B-NVFP4,p2
0,0,,zero,True,nvidia/NVIDIA-Nemotron-Labs-3-Puzzle-75B-A9B-NVFP4,p2
0,0,,zero,True,nvidia/NVIDIA-Nemotron-Labs-3-Puzzle-75B-A9B-NVFP4,p2
1,1,,interface,True,nvidia/NVIDIA-Nemotron-Labs-3-Puzzle-75B-A9B-NVFP4,p2
0,0,,interface,True,nvidia/NVIDIA-Nemotron-Labs-3-Puzzle-75B-A9B-NVFP4,p2
0,0,,interface,True,nvidia/NVIDIA-Nemotron-Labs-3-Puzzle-75B-A9B-NVFP4,p2
0,0,,interface,True,nvidia/NVIDIA-Nemotron-Labs-3-Puzzle-75B-A9B-NVFP4,p2
1,1,,consequently,True,nvidia/NVIDIA-Nemotron-Labs-3-Puzzle-75B-A9B-NVFP4,p2
0,1,,consequently,False,nvidia/NVIDIA-Nemotron-Labs-3-Puzzle-75B-A9B-NVFP4,p2
1,1,,impersonal,True,nvidia/NVIDIA-Nemotron-Labs-3-Puzzle-75B-A9B-NVFP4,p2
1,1,,impersonal,True,nvidia/NVIDIA-Nemotron-Labs-3-Puzzle-75B-A9B-NVFP4,p2
1,1,,dogma,True,nvidia/NVIDIA-Nemotron-Labs-3-Puzzle-75B-A9B-NVFP4,p2
1,1,,jagged,True,nvidia/NVIDIA-Nemotron-Labs-3-Puzzle-75B-A9B-NVFP4,p2
1,1,,jagged,True,nvidia/NVIDIA-Nemotron-Labs-3-Puzzle-75B-A9B-NVFP4,p2
0,1,,jagged,False,nvidia/NVIDIA-Nemotron-Labs-3-Puzzle-75B-A9B-NVFP4,p2
0,1,,jagged,False,nvidia/NVIDIA-Nemotron-Labs-3-Puzzle-75B-A9B-NVFP4,p2
1,1,,likewise,True,nvidia/NVIDIA-Nemotron-Labs-3-Puzzle-75B-A9B-NVFP4,p2
1,1,,likewise,True,nvidia/NVIDIA-Nemotron-Labs-3-Puzzle-75B-A9B-NVFP4,p2
0,1,,likewise,False,nvidia/NVIDIA-Nemotron-Labs-3-Puzzle-75B-A9B-NVFP4,p2
1,1,,surprisingly,True,nvidia/NVIDIA-Nemotron-Labs-3-Puzzle-75B-A9B-NVFP4,p2
0,1,,surprisingly,False,nvidia/NVIDIA-Nemotron-Labs-3-Puzzle-75B-A9B-NVFP4,p2
0,1,,surprisingly,False,nvidia/NVIDIA-Nemotron-Labs-3-Puzzle-75B-A9B-NVFP4,p2
0,1,,pat,False,nvidia/NVIDIA-Nemotron-Labs-3-Puzzle-75B-A9B-NVFP4,p2
0,0,,merry,True,nvidia/NVIDIA-Nemotron-Labs-3-Puzzle-75B-A9B-NVFP4,p2
0,1,,merry,False,nvidia/NVIDIA-Nemotron-Labs-3-Puzzle-75B-A9B-NVFP4,p2
0,1,,fluorescent,False,nvidia/NVIDIA-Nemotron-Labs-3-Puzzle-75B-A9B-NVFP4,p2
1,1,,mostly,True,nvidia/NVIDIA-Nemotron-Labs-3-Puzzle-75B-A9B-NVFP4,p2
1,1,,evaporation,True,nvidia/NVIDIA-Nemotron-Labs-3-Puzzle-75B-A9B-NVFP4,p2
0,1,,engulf,False,nvidia/NVIDIA-Nemotron-Labs-3-Puzzle-75B-A9B-NVFP4,p2
1,1,,parlor,True,nvidia/NVIDIA-Nemotron-Labs-3-Puzzle-75B-A9B-NVFP4,p2
0,1,,parlor,False,nvidia/NVIDIA-Nemotron-Labs-3-Puzzle-75B-A9B-NVFP4,p2
1,1,,school,True,nvidia/NVIDIA-Nemotron-Labs-3-Puzzle-75B-A9B-NVFP4,p2
0,1,,school,False,nvidia/NVIDIA-Nemotron-Labs-3-Puzzle-75B-A9B-NVFP4,p2
0,1,,school,False,nvidia/NVIDIA-Nemotron-Labs-3-Puzzle-75B-A9B-NVFP4,p2
1,1,,animated,True,nvidia/NVIDIA-Nemotron-Labs-3-Puzzle-75B-A9B-NVFP4,p2
0,0,,animated,True,nvidia/NVIDIA-Nemotron-Labs-3-Puzzle-75B-A9B-NVFP4,p2
1,1,,standardized,True,nvidia/NVIDIA-Nemotron-Labs-3-Puzzle-75B-A9B-NVFP4,p2
1,1,,standardized,True,nvidia/NVIDIA-Nemotron-Labs-3-Puzzle-75B-A9B-NVFP4,p2
0,1,,standardized,False,nvidia/NVIDIA-Nemotron-Labs-3-Puzzle-75B-A9B-NVFP4,p2
0,1,,standardized,False,nvidia/NVIDIA-Nemotron-Labs-3-Puzzle-75B-A9B-NVFP4,p2
1,1,,sniff,True,nvidia/NVIDIA-Nemotron-Labs-3-Puzzle-75B-A9B-NVFP4,p2
1,1,,insistent,True,nvidia/NVIDIA-Nemotron-Labs-3-Puzzle-75B-A9B-NVFP4,p2
1,1,,insistent,True,nvidia/NVIDIA-Nemotron-Labs-3-Puzzle-75B-A9B-NVFP4,p2
1,1,,developer,True,nvidia/NVIDIA-Nemotron-Labs-3-Puzzle-75B-A9B-NVFP4,p2
0,0,,developer,True,nvidia/NVIDIA-Nemotron-Labs-3-Puzzle-75B-A9B-NVFP4,p2
0,1,,meteor,False,nvidia/NVIDIA-Nemotron-Labs-3-Puzzle-75B-A9B-NVFP4,p2
0,1,,meteor,False,nvidia/NVIDIA-Nemotron-Labs-3-Puzzle-75B-A9B-NVFP4,p2
1,1,,idol,True,nvidia/NVIDIA-Nemotron-Labs-3-Puzzle-75B-A9B-NVFP4,p2
1,1,,idol,True,nvidia/NVIDIA-Nemotron-Labs-3-Puzzle-75B-A9B-NVFP4,p2
1,1,,idol,True,nvidia/NVIDIA-Nemotron-Labs-3-Puzzle-75B-A9B-NVFP4,p2
0,0,,idol,True,nvidia/NVIDIA-Nemotron-Labs-3-Puzzle-75B-A9B-NVFP4,p2
0,0,,idol,True,nvidia/NVIDIA-Nemotron-Labs-3-Puzzle-75B-A9B-NVFP4,p2
0,0,,idol,True,nvidia/NVIDIA-Nemotron-Labs-3-Puzzle-75B-A9B-NVFP4,p2
1,1,,treason,True,nvidia/NVIDIA-Nemotron-Labs-3-Puzzle-75B-A9B-NVFP4,p2
0,1,,treason,False,nvidia/NVIDIA-Nemotron-Labs-3-Puzzle-75B-A9B-NVFP4,p2
1,1,,quarterback,True,nvidia/NVIDIA-Nemotron-Labs-3-Puzzle-75B-A9B-NVFP4,p2
0,1,,quarterback,False,nvidia/NVIDIA-Nemotron-Labs-3-Puzzle-75B-A9B-NVFP4,p2
0,1,,quarterback,False,nvidia/NVIDIA-Nemotron-Labs-3-Puzzle-75B-A9B-NVFP4,p2
1,1,,dental,True,nvidia/NVIDIA-Nemotron-Labs-3-Puzzle-75B-A9B-NVFP4,p2
0,1,,dental,False,nvidia/NVIDIA-Nemotron-Labs-3-Puzzle-75B-A9B-NVFP4,p2
0,1,,deter,False,nvidia/NVIDIA-Nemotron-Labs-3-Puzzle-75B-A9B-NVFP4,p2
0,1,,deter,False,nvidia/NVIDIA-Nemotron-Labs-3-Puzzle-75B-A9B-NVFP4,p2
0,1,,steadfast,False,nvidia/NVIDIA-Nemotron-Labs-3-Puzzle-75B-A9B-NVFP4,p2
0,1,,steadfast,False,nvidia/NVIDIA-Nemotron-Labs-3-Puzzle-75B-A9B-NVFP4,p2
1,1,,desert,True,nvidia/NVIDIA-Nemotron-Labs-3-Puzzle-75B-A9B-NVFP4,p2
0,1,,desert,False,nvidia/NVIDIA-Nemotron-Labs-3-Puzzle-75B-A9B-NVFP4,p2
1,1,,unrestricted,True,nvidia/NVIDIA-Nemotron-Labs-3-Puzzle-75B-A9B-NVFP4,p2
1,1,,unrestricted,True,nvidia/NVIDIA-Nemotron-Labs-3-Puzzle-75B-A9B-NVFP4,p2
1,1,,unrestricted,True,nvidia/NVIDIA-Nemotron-Labs-3-Puzzle-75B-A9B-NVFP4,p2
1,1,,unrestricted,True,nvidia/NVIDIA-Nemotron-Labs-3-Puzzle-75B-A9B-NVFP4,p2
1,1,,unrestricted,True,nvidia/NVIDIA-Nemotron-Labs-3-Puzzle-75B-A9B-NVFP4,p2
0,1,,unrestricted,False,nvidia/NVIDIA-Nemotron-Labs-3-Puzzle-75B-A9B-NVFP4,p2
0,1,,unrestricted,False,nvidia/NVIDIA-Nemotron-Labs-3-Puzzle-75B-A9B-NVFP4,p2
0,1,,unrestricted,False,nvidia/NVIDIA-Nemotron-Labs-3-Puzzle-75B-A9B-NVFP4,p2
0,1,,unrestricted,False,nvidia/NVIDIA-Nemotron-Labs-3-Puzzle-75B-A9B-NVFP4,p2
1,1,,give_away,True,nvidia/NVIDIA-Nemotron-Labs-3-Puzzle-75B-A9B-NVFP4,p2
1,0,,give_away,False,nvidia/NVIDIA-Nemotron-Labs-3-Puzzle-75B-A9B-NVFP4,p2
1,1,,give_away,True,nvidia/NVIDIA-Nemotron-Labs-3-Puzzle-75B-A9B-NVFP4,p2
0,0,,give_away,True,nvidia/NVIDIA-Nemotron-Labs-3-Puzzle-75B-A9B-NVFP4,p2
0,0,,give_away,True,nvidia/NVIDIA-Nemotron-Labs-3-Puzzle-75B-A9B-NVFP4,p2
0,0,,give_away,True,nvidia/NVIDIA-Nemotron-Labs-3-Puzzle-75B-A9B-NVFP4,p2
1,1,,duck,True,nvidia/NVIDIA-Nemotron-Labs-3-Puzzle-75B-A9B-NVFP4,p2
1,1,,duck,True,nvidia/NVIDIA-Nemotron-Labs-3-Puzzle-75B-A9B-NVFP4,p2
0,0,,duck,True,nvidia/NVIDIA-Nemotron-Labs-3-Puzzle-75B-A9B-NVFP4,p2
0,0,,duck,True,nvidia/NVIDIA-Nemotron-Labs-3-Puzzle-75B-A9B-NVFP4,p2
1,1,,slaughter,True,nvidia/NVIDIA-Nemotron-Labs-3-Puzzle-75B-A9B-NVFP4,p2
1,1,,slaughter,True,nvidia/NVIDIA-Nemotron-Labs-3-Puzzle-75B-A9B-NVFP4,p2
0,0,,slaughter,True,nvidia/NVIDIA-Nemotron-Labs-3-Puzzle-75B-A9B-NVFP4,p2
0,1,,slaughter,False,nvidia/NVIDIA-Nemotron-Labs-3-Puzzle-75B-A9B-NVFP4,p2
1,1,,legume,True,nvidia/NVIDIA-Nemotron-Labs-3-Puzzle-75B-A9B-NVFP4,p2
0,1,,legume,False,nvidia/NVIDIA-Nemotron-Labs-3-Puzzle-75B-A9B-NVFP4,p2
0,1,,legume,False,nvidia/NVIDIA-Nemotron-Labs-3-Puzzle-75B-A9B-NVFP4,p2
1,1,,heritage,True,nvidia/NVIDIA-Nemotron-Labs-3-Puzzle-75B-A9B-NVFP4,p2
0,1,,heritage,False,nvidia/NVIDIA-Nemotron-Labs-3-Puzzle-75B-A9B-NVFP4,p2
0,0,,heritage,True,nvidia/NVIDIA-Nemotron-Labs-3-Puzzle-75B-A9B-NVFP4,p2
0,0,,heritage,True,nvidia/NVIDIA-Nemotron-Labs-3-Puzzle-75B-A9B-NVFP4,p2
0,0,,heritage,True,nvidia/NVIDIA-Nemotron-Labs-3-Puzzle-75B-A9B-NVFP4,p2
1,1,,venture,True,nvidia/NVIDIA-Nemotron-Labs-3-Puzzle-75B-A9B-NVFP4,p2
1,1,,venture,True,nvidia/NVIDIA-Nemotron-Labs-3-Puzzle-75B-A9B-NVFP4,p2
1,1,,venture,True,nvidia/NVIDIA-Nemotron-Labs-3-Puzzle-75B-A9B-NVFP4,p2
0,0,,venture,True,nvidia/NVIDIA-Nemotron-Labs-3-Puzzle-75B-A9B-NVFP4,p2
0,0,,venture,True,nvidia/NVIDIA-Nemotron-Labs-3-Puzzle-75B-A9B-NVFP4,p2
0,0,,coupling,True,nvidia/NVIDIA-Nemotron-Labs-3-Puzzle-75B-A9B-NVFP4,p2
0,0,,coupling,True,nvidia/NVIDIA-Nemotron-Labs-3-Puzzle-75B-A9B-NVFP4,p2
1,1,,angler,True,nvidia/NVIDIA-Nemotron-Labs-3-Puzzle-75B-A9B-NVFP4,p2
0,0,,angler,True,nvidia/NVIDIA-Nemotron-Labs-3-Puzzle-75B-A9B-NVFP4,p2
1,1,,bang,True,nvidia/NVIDIA-Nemotron-Labs-3-Puzzle-75B-A9B-NVFP4,p2
1,1,,bang,True,nvidia/NVIDIA-Nemotron-Labs-3-Puzzle-75B-A9B-NVFP4,p2
0,0,,bang,True,nvidia/NVIDIA-Nemotron-Labs-3-Puzzle-75B-A9B-NVFP4,p2
0,0,,bang,True,nvidia/NVIDIA-Nemotron-Labs-3-Puzzle-75B-A9B-NVFP4,p2
0,1,,bang,False,nvidia/NVIDIA-Nemotron-Labs-3-Puzzle-75B-A9B-NVFP4,p2
0,0,,bang,True,nvidia/NVIDIA-Nemotron-Labs-3-Puzzle-75B-A9B-NVFP4,p2
0,0,,bang,True,nvidia/NVIDIA-Nemotron-Labs-3-Puzzle-75B-A9B-NVFP4,p2
0,1,,bang,False,nvidia/NVIDIA-Nemotron-Labs-3-Puzzle-75B-A9B-NVFP4,p2
0,1,,bang,False,nvidia/NVIDIA-Nemotron-Labs-3-Puzzle-75B-A9B-NVFP4,p2
0,0,,bang,True,nvidia/NVIDIA-Nemotron-Labs-3-Puzzle-75B-A9B-NVFP4,p2
0,0,,dispatch,True,nvidia/NVIDIA-Nemotron-Labs-3-Puzzle-75B-A9B-NVFP4,p2
0,0,,dispatch,True,nvidia/NVIDIA-Nemotron-Labs-3-Puzzle-75B-A9B-NVFP4,p2
0,0,,dispatch,True,nvidia/NVIDIA-Nemotron-Labs-3-Puzzle-75B-A9B-NVFP4,p2
1,1,,Jackson,True,nvidia/NVIDIA-Nemotron-Labs-3-Puzzle-75B-A9B-NVFP4,p2
1,1,,Jackson,True,nvidia/NVIDIA-Nemotron-Labs-3-Puzzle-75B-A9B-NVFP4,p2
1,1,,Jackson,True,nvidia/NVIDIA-Nemotron-Labs-3-Puzzle-75B-A9B-NVFP4,p2
0,0,,Jackson,True,nvidia/NVIDIA-Nemotron-Labs-3-Puzzle-75B-A9B-NVFP4,p2
0,0,,Jackson,True,nvidia/NVIDIA-Nemotron-Labs-3-Puzzle-75B-A9B-NVFP4,p2
0,0,,Jackson,True,nvidia/NVIDIA-Nemotron-Labs-3-Puzzle-75B-A9B-NVFP4,p2
0,0,,Jackson,True,nvidia/NVIDIA-Nemotron-Labs-3-Puzzle-75B-A9B-NVFP4,p2
0,0,,Jackson,True,nvidia/NVIDIA-Nemotron-Labs-3-Puzzle-75B-A9B-NVFP4,p2
1,1,,Wilson,True,nvidia/NVIDIA-Nemotron-Labs-3-Puzzle-75B-A9B-NVFP4,p2
1,1,,Wilson,True,nvidia/NVIDIA-Nemotron-Labs-3-Puzzle-75B-A9B-NVFP4,p2
1,1,,Wilson,True,nvidia/NVIDIA-Nemotron-Labs-3-Puzzle-75B-A9B-NVFP4,p2
1,1,,Wilson,True,nvidia/NVIDIA-Nemotron-Labs-3-Puzzle-75B-A9B-NVFP4,p2
0,0,,Wilson,True,nvidia/NVIDIA-Nemotron-Labs-3-Puzzle-75B-A9B-NVFP4,p2
0,0,,Wilson,True,nvidia/NVIDIA-Nemotron-Labs-3-Puzzle-75B-A9B-NVFP4,p2
0,0,,Wilson,True,nvidia/NVIDIA-Nemotron-Labs-3-Puzzle-75B-A9B-NVFP4,p2
0,0,,Wilson,True,nvidia/NVIDIA-Nemotron-Labs-3-Puzzle-75B-A9B-NVFP4,p2
0,0,,Wilson,True,nvidia/NVIDIA-Nemotron-Labs-3-Puzzle-75B-A9B-NVFP4,p2
1,1,,wield,True,nvidia/NVIDIA-Nemotron-Labs-3-Puzzle-75B-A9B-NVFP4,p2
1,1,,wield,True,nvidia/NVIDIA-Nemotron-Labs-3-Puzzle-75B-A9B-NVFP4,p2
0,1,,wield,False,nvidia/NVIDIA-Nemotron-Labs-3-Puzzle-75B-A9B-NVFP4,p2
1,1,,invoke,True,nvidia/NVIDIA-Nemotron-Labs-3-Puzzle-75B-A9B-NVFP4,p2
1,1,,invoke,True,nvidia/NVIDIA-Nemotron-Labs-3-Puzzle-75B-A9B-NVFP4,p2
0,1,,invoke,False,nvidia/NVIDIA-Nemotron-Labs-3-Puzzle-75B-A9B-NVFP4,p2
0,1,,invoke,False,nvidia/NVIDIA-Nemotron-Labs-3-Puzzle-75B-A9B-NVFP4,p2
1,1,,prosperous,True,nvidia/NVIDIA-Nemotron-Labs-3-Puzzle-75B-A9B-NVFP4,p2
1,1,,prosperous,True,nvidia/NVIDIA-Nemotron-Labs-3-Puzzle-75B-A9B-NVFP4,p2
0,1,,prosperous,False,nvidia/NVIDIA-Nemotron-Labs-3-Puzzle-75B-A9B-NVFP4,p2
0,0,,prosperous,True,nvidia/NVIDIA-Nemotron-Labs-3-Puzzle-75B-A9B-NVFP4,p2
0,0,,prosperous,True,nvidia/NVIDIA-Nemotron-Labs-3-Puzzle-75B-A9B-NVFP4,p2
1,1,,intimately,True,nvidia/NVIDIA-Nemotron-Labs-3-Puzzle-75B-A9B-NVFP4,p2
0,1,,intimately,False,nvidia/NVIDIA-Nemotron-Labs-3-Puzzle-75B-A9B-NVFP4,p2
0,1,,intimately,False,nvidia/NVIDIA-Nemotron-Labs-3-Puzzle-75B-A9B-NVFP4,p2
1,1,,exclaim,True,nvidia/NVIDIA-Nemotron-Labs-3-Puzzle-75B-A9B-NVFP4,p2
1,1,,inclined,True,nvidia/NVIDIA-Nemotron-Labs-3-Puzzle-75B-A9B-NVFP4,p2
1,1,,inclined,True,nvidia/NVIDIA-Nemotron-Labs-3-Puzzle-75B-A9B-NVFP4,p2
0,0,,inclined,True,nvidia/NVIDIA-Nemotron-Labs-3-Puzzle-75B-A9B-NVFP4,p2
0,0,,inclined,True,nvidia/NVIDIA-Nemotron-Labs-3-Puzzle-75B-A9B-NVFP4,p2
1,1,,experimentation,True,nvidia/NVIDIA-Nemotron-Labs-3-Puzzle-75B-A9B-NVFP4,p2
1,1,,experimentation,True,nvidia/NVIDIA-Nemotron-Labs-3-Puzzle-75B-A9B-NVFP4,p2
0,1,,experimentation,False,nvidia/NVIDIA-Nemotron-Labs-3-Puzzle-75B-A9B-NVFP4,p2
0,1,,experimentation,False,nvidia/NVIDIA-Nemotron-Labs-3-Puzzle-75B-A9B-NVFP4,p2
1,1,,haunt,True,nvidia/NVIDIA-Nemotron-Labs-3-Puzzle-75B-A9B-NVFP4,p2
1,1,,haunt,True,nvidia/NVIDIA-Nemotron-Labs-3-Puzzle-75B-A9B-NVFP4,p2
0,0,,haunt,True,nvidia/NVIDIA-Nemotron-Labs-3-Puzzle-75B-A9B-NVFP4,p2
1,1,,continuation,True,nvidia/NVIDIA-Nemotron-Labs-3-Puzzle-75B-A9B-NVFP4,p2
0,0,,continuation,True,nvidia/NVIDIA-Nemotron-Labs-3-Puzzle-75B-A9B-NVFP4,p2
0,1,,continuation,False,nvidia/NVIDIA-Nemotron-Labs-3-Puzzle-75B-A9B-NVFP4,p2
1,1,,thinker,True,nvidia/NVIDIA-Nemotron-Labs-3-Puzzle-75B-A9B-NVFP4,p2
1,1,,thinker,True,nvidia/NVIDIA-Nemotron-Labs-3-Puzzle-75B-A9B-NVFP4,p2
1,1,,editorial,True,nvidia/NVIDIA-Nemotron-Labs-3-Puzzle-75B-A9B-NVFP4,p2
0,0,,editorial,True,nvidia/NVIDIA-Nemotron-Labs-3-Puzzle-75B-A9B-NVFP4,p2
0,1,,editorial,False,nvidia/NVIDIA-Nemotron-Labs-3-Puzzle-75B-A9B-NVFP4,p2
0,1,,cripple,False,nvidia/NVIDIA-Nemotron-Labs-3-Puzzle-75B-A9B-NVFP4,p2
0,1,,cripple,False,nvidia/NVIDIA-Nemotron-Labs-3-Puzzle-75B-A9B-NVFP4,p2
1,1,,confederacy,True,nvidia/NVIDIA-Nemotron-Labs-3-Puzzle-75B-A9B-NVFP4,p2
0,0,,confederacy,True,nvidia/NVIDIA-Nemotron-Labs-3-Puzzle-75B-A9B-NVFP4,p2
0,1,,confederacy,False,nvidia/NVIDIA-Nemotron-Labs-3-Puzzle-75B-A9B-NVFP4,p2
0,0,,confederacy,True,nvidia/NVIDIA-Nemotron-Labs-3-Puzzle-75B-A9B-NVFP4,p2
0,0,,confederacy,True,nvidia/NVIDIA-Nemotron-Labs-3-Puzzle-75B-A9B-NVFP4,p2
1,1,,repayment,True,nvidia/NVIDIA-Nemotron-Labs-3-Puzzle-75B-A9B-NVFP4,p2
0,1,,repayment,False,nvidia/NVIDIA-Nemotron-Labs-3-Puzzle-75B-A9B-NVFP4,p2
0,1,,repayment,False,nvidia/NVIDIA-Nemotron-Labs-3-Puzzle-75B-A9B-NVFP4,p2
1,1,,m,True,nvidia/NVIDIA-Nemotron-Labs-3-Puzzle-75B-A9B-NVFP4,p2
1,1,,m,True,nvidia/NVIDIA-Nemotron-Labs-3-Puzzle-75B-A9B-NVFP4,p2
1,1,,m,True,nvidia/NVIDIA-Nemotron-Labs-3-Puzzle-75B-A9B-NVFP4,p2
0,0,,m,True,nvidia/NVIDIA-Nemotron-Labs-3-Puzzle-75B-A9B-NVFP4,p2
0,1,,m,False,nvidia/NVIDIA-Nemotron-Labs-3-Puzzle-75B-A9B-NVFP4,p2
0,0,,m,True,nvidia/NVIDIA-Nemotron-Labs-3-Puzzle-75B-A9B-NVFP4,p2
0,0,,m,True,nvidia/NVIDIA-Nemotron-Labs-3-Puzzle-75B-A9B-NVFP4,p2
1,1,,optimism,True,nvidia/NVIDIA-Nemotron-Labs-3-Puzzle-75B-A9B-NVFP4,p2
1,1,,optimism,True,nvidia/NVIDIA-Nemotron-Labs-3-Puzzle-75B-A9B-NVFP4,p2
0,1,,unintelligible,False,nvidia/NVIDIA-Nemotron-Labs-3-Puzzle-75B-A9B-NVFP4,p2
1,1,,propulsion,True,nvidia/NVIDIA-Nemotron-Labs-3-Puzzle-75B-A9B-NVFP4,p2
0,1,,propulsion,False,nvidia/NVIDIA-Nemotron-Labs-3-Puzzle-75B-A9B-NVFP4,p2
1,1,,diver,True,nvidia/NVIDIA-Nemotron-Labs-3-Puzzle-75B-A9B-NVFP4,p2
1,1,,diver,True,nvidia/NVIDIA-Nemotron-Labs-3-Puzzle-75B-A9B-NVFP4,p2
0,0,,diver,True,nvidia/NVIDIA-Nemotron-Labs-3-Puzzle-75B-A9B-NVFP4,p2
0,0,,diver,True,nvidia/NVIDIA-Nemotron-Labs-3-Puzzle-75B-A9B-NVFP4,p2
1,1,,cranberry,True,nvidia/NVIDIA-Nemotron-Labs-3-Puzzle-75B-A9B-NVFP4,p2
0,1,,cranberry,False,nvidia/NVIDIA-Nemotron-Labs-3-Puzzle-75B-A9B-NVFP4,p2
1,1,,moor,True,nvidia/NVIDIA-Nemotron-Labs-3-Puzzle-75B-A9B-NVFP4,p2
1,1,,moor,True,nvidia/NVIDIA-Nemotron-Labs-3-Puzzle-75B-A9B-NVFP4,p2
0,0,,moor,True,nvidia/NVIDIA-Nemotron-Labs-3-Puzzle-75B-A9B-NVFP4,p2
0,0,,moor,True,nvidia/NVIDIA-Nemotron-Labs-3-Puzzle-75B-A9B-NVFP4,p2
0,1,,nylon,False,nvidia/NVIDIA-Nemotron-Labs-3-Puzzle-75B-A9B-NVFP4,p2
1,1,,intuitive,True,nvidia/NVIDIA-Nemotron-Labs-3-Puzzle-75B-A9B-NVFP4,p2
1,1,,intuitive,True,nvidia/NVIDIA-Nemotron-Labs-3-Puzzle-75B-A9B-NVFP4,p2
0,1,,intuitive,False,nvidia/NVIDIA-Nemotron-Labs-3-Puzzle-75B-A9B-NVFP4,p2
0,1,,intuitive,False,nvidia/NVIDIA-Nemotron-Labs-3-Puzzle-75B-A9B-NVFP4,p2
1,1,,agitated,True,nvidia/NVIDIA-Nemotron-Labs-3-Puzzle-75B-A9B-NVFP4,p2
1,1,,agitated,True,nvidia/NVIDIA-Nemotron-Labs-3-Puzzle-75B-A9B-NVFP4,p2
0,1,,agitated,False,nvidia/NVIDIA-Nemotron-Labs-3-Puzzle-75B-A9B-NVFP4,p2
0,0,,agitated,True,nvidia/NVIDIA-Nemotron-Labs-3-Puzzle-75B-A9B-NVFP4,p2
0,1,,footstep,False,nvidia/NVIDIA-Nemotron-Labs-3-Puzzle-75B-A9B-NVFP4,p2
1,1,,suspense,True,nvidia/NVIDIA-Nemotron-Labs-3-Puzzle-75B-A9B-NVFP4,p2
1,1,,suspense,True,nvidia/NVIDIA-Nemotron-Labs-3-Puzzle-75B-A9B-NVFP4,p2
1,1,,suspense,True,nvidia/NVIDIA-Nemotron-Labs-3-Puzzle-75B-A9B-NVFP4,p2
0,1,,suspense,False,nvidia/NVIDIA-Nemotron-Labs-3-Puzzle-75B-A9B-NVFP4,p2
0,1,,suspense,False,nvidia/NVIDIA-Nemotron-Labs-3-Puzzle-75B-A9B-NVFP4,p2
0,1,,suspense,False,nvidia/NVIDIA-Nemotron-Labs-3-Puzzle-75B-A9B-NVFP4,p2
1,1,,decisively,True,nvidia/NVIDIA-Nemotron-Labs-3-Puzzle-75B-A9B-NVFP4,p2
1,1,,decisively,True,nvidia/NVIDIA-Nemotron-Labs-3-Puzzle-75B-A9B-NVFP4,p2
1,1,,decisively,True,nvidia/NVIDIA-Nemotron-Labs-3-Puzzle-75B-A9B-NVFP4,p2
0,1,,decisively,False,nvidia/NVIDIA-Nemotron-Labs-3-Puzzle-75B-A9B-NVFP4,p2
0,1,,decisively,False,nvidia/NVIDIA-Nemotron-Labs-3-Puzzle-75B-A9B-NVFP4,p2
0,1,,decisively,False,nvidia/NVIDIA-Nemotron-Labs-3-Puzzle-75B-A9B-NVFP4,p2
1,1,,fluctuate,True,nvidia/NVIDIA-Nemotron-Labs-3-Puzzle-75B-A9B-NVFP4,p2
1,1,,fluctuate,True,nvidia/NVIDIA-Nemotron-Labs-3-Puzzle-75B-A9B-NVFP4,p2
0,0,,fluctuate,True,nvidia/NVIDIA-Nemotron-Labs-3-Puzzle-75B-A9B-NVFP4,p2
0,0,,fluctuate,True,nvidia/NVIDIA-Nemotron-Labs-3-Puzzle-75B-A9B-NVFP4,p2
1,1,,moderate,True,nvidia/NVIDIA-Nemotron-Labs-3-Puzzle-75B-A9B-NVFP4,p2
1,1,,moderate,True,nvidia/NVIDIA-Nemotron-Labs-3-Puzzle-75B-A9B-NVFP4,p2
1,1,,moderate,True,nvidia/NVIDIA-Nemotron-Labs-3-Puzzle-75B-A9B-NVFP4,p2
0,1,,moderate,False,nvidia/NVIDIA-Nemotron-Labs-3-Puzzle-75B-A9B-NVFP4,p2
0,0,,moderate,True,nvidia/NVIDIA-Nemotron-Labs-3-Puzzle-75B-A9B-NVFP4,p2
0,0,,moderate,True,nvidia/NVIDIA-Nemotron-Labs-3-Puzzle-75B-A9B-NVFP4,p2
1,1,,get_on,True,nvidia/NVIDIA-Nemotron-Labs-3-Puzzle-75B-A9B-NVFP4,p2
1,1,,get_on,True,nvidia/NVIDIA-Nemotron-Labs-3-Puzzle-75B-A9B-NVFP4,p2
1,1,,get_on,True,nvidia/NVIDIA-Nemotron-Labs-3-Puzzle-75B-A9B-NVFP4,p2
1,1,,get_on,True,nvidia/NVIDIA-Nemotron-Labs-3-Puzzle-75B-A9B-NVFP4,p2
0,0,,get_on,True,nvidia/NVIDIA-Nemotron-Labs-3-Puzzle-75B-A9B-NVFP4,p2
0,0,,get_on,True,nvidia/NVIDIA-Nemotron-Labs-3-Puzzle-75B-A9B-NVFP4,p2
0,0,,get_on,True,nvidia/NVIDIA-Nemotron-Labs-3-Puzzle-75B-A9B-NVFP4,p2
1,1,,inversion,True,nvidia/NVIDIA-Nemotron-Labs-3-Puzzle-75B-A9B-NVFP4,p2
1,1,,inversion,True,nvidia/NVIDIA-Nemotron-Labs-3-Puzzle-75B-A9B-NVFP4,p2
1,1,,inversion,True,nvidia/NVIDIA-Nemotron-Labs-3-Puzzle-75B-A9B-NVFP4,p2
1,1,,inversion,True,nvidia/NVIDIA-Nemotron-Labs-3-Puzzle-75B-A9B-NVFP4,p2
1,1,,inversion,True,nvidia/NVIDIA-Nemotron-Labs-3-Puzzle-75B-A9B-NVFP4,p2
1,1,,inversion,True,nvidia/NVIDIA-Nemotron-Labs-3-Puzzle-75B-A9B-NVFP4,p2
1,0,,inversion,False,nvidia/NVIDIA-Nemotron-Labs-3-Puzzle-75B-A9B-NVFP4,p2
1,1,,inversion,True,nvidia/NVIDIA-Nemotron-Labs-3-Puzzle-75B-A9B-NVFP4,p2
0,0,,inversion,True,nvidia/NVIDIA-Nemotron-Labs-3-Puzzle-75B-A9B-NVFP4,p2
0,0,,inversion,True,nvidia/NVIDIA-Nemotron-Labs-3-Puzzle-75B-A9B-NVFP4,p2
0,0,,inversion,True,nvidia/NVIDIA-Nemotron-Labs-3-Puzzle-75B-A9B-NVFP4,p2
0,0,,inversion,True,nvidia/NVIDIA-Nemotron-Labs-3-Puzzle-75B-A9B-NVFP4,p2
0,0,,inversion,True,nvidia/NVIDIA-Nemotron-Labs-3-Puzzle-75B-A9B-NVFP4,p2
0,0,,inversion,True,nvidia/NVIDIA-Nemotron-Labs-3-Puzzle-75B-A9B-NVFP4,p2
0,0,,inversion,True,nvidia/NVIDIA-Nemotron-Labs-3-Puzzle-75B-A9B-NVFP4,p2
0,0,,inversion,True,nvidia/NVIDIA-Nemotron-Labs-3-Puzzle-75B-A9B-NVFP4,p2
0,1,,well,False,nvidia/NVIDIA-Nemotron-Labs-3-Puzzle-75B-A9B-NVFP4,p2
1,1,,radiator,True,nvidia/NVIDIA-Nemotron-Labs-3-Puzzle-75B-A9B-NVFP4,p2
0,0,,radiator,True,nvidia/NVIDIA-Nemotron-Labs-3-Puzzle-75B-A9B-NVFP4,p2
0,1,,radiator,False,nvidia/NVIDIA-Nemotron-Labs-3-Puzzle-75B-A9B-NVFP4,p2
0,0,,radiator,True,nvidia/NVIDIA-Nemotron-Labs-3-Puzzle-75B-A9B-NVFP4,p2
0,0,,linger,True,nvidia/NVIDIA-Nemotron-Labs-3-Puzzle-75B-A9B-NVFP4,p2
1,1,,cut_short,True,nvidia/NVIDIA-Nemotron-Labs-3-Puzzle-75B-A9B-NVFP4,p2
1,1,,cut_short,True,nvidia/NVIDIA-Nemotron-Labs-3-Puzzle-75B-A9B-NVFP4,p2
0,1,,cut_short,False,nvidia/NVIDIA-Nemotron-Labs-3-Puzzle-75B-A9B-NVFP4,p2
0,1,,cut_short,False,nvidia/NVIDIA-Nemotron-Labs-3-Puzzle-75B-A9B-NVFP4,p2
0,0,,cut_short,True,nvidia/NVIDIA-Nemotron-Labs-3-Puzzle-75B-A9B-NVFP4,p2
1,1,,pass_on,True,nvidia/NVIDIA-Nemotron-Labs-3-Puzzle-75B-A9B-NVFP4,p2
1,0,,pass_on,False,nvidia/NVIDIA-Nemotron-Labs-3-Puzzle-75B-A9B-NVFP4,p2
1,1,,pass_on,True,nvidia/NVIDIA-Nemotron-Labs-3-Puzzle-75B-A9B-NVFP4,p2
1,1,,pass_on,True,nvidia/NVIDIA-Nemotron-Labs-3-Puzzle-75B-A9B-NVFP4,p2
0,0,,pass_on,True,nvidia/NVIDIA-Nemotron-Labs-3-Puzzle-75B-A9B-NVFP4,p2
0,0,,pass_on,True,nvidia/NVIDIA-Nemotron-Labs-3-Puzzle-75B-A9B-NVFP4,p2
0,1,,pass_on,False,nvidia/NVIDIA-Nemotron-Labs-3-Puzzle-75B-A9B-NVFP4,p2
1,1,,hold_out,True,nvidia/NVIDIA-Nemotron-Labs-3-Puzzle-75B-A9B-NVFP4,p2
1,1,,hold_out,True,nvidia/NVIDIA-Nemotron-Labs-3-Puzzle-75B-A9B-NVFP4,p2
1,1,,hold_out,True,nvidia/NVIDIA-Nemotron-Labs-3-Puzzle-75B-A9B-NVFP4,p2
1,1,,hold_out,True,nvidia/NVIDIA-Nemotron-Labs-3-Puzzle-75B-A9B-NVFP4,p2
0,0,,hold_out,True,nvidia/NVIDIA-Nemotron-Labs-3-Puzzle-75B-A9B-NVFP4,p2
0,0,,hold_out,True,nvidia/NVIDIA-Nemotron-Labs-3-Puzzle-75B-A9B-NVFP4,p2
0,0,,hold_out,True,nvidia/NVIDIA-Nemotron-Labs-3-Puzzle-75B-A9B-NVFP4,p2
0,1,,hold_out,False,nvidia/NVIDIA-Nemotron-Labs-3-Puzzle-75B-A9B-NVFP4,p2
0,0,,hold_out,True,nvidia/NVIDIA-Nemotron-Labs-3-Puzzle-75B-A9B-NVFP4,p2
1,1,,chorus,True,nvidia/NVIDIA-Nemotron-Labs-3-Puzzle-75B-A9B-NVFP4,p2
0,1,,chorus,False,nvidia/NVIDIA-Nemotron-Labs-3-Puzzle-75B-A9B-NVFP4,p2
0,0,,chorus,True,nvidia/NVIDIA-Nemotron-Labs-3-Puzzle-75B-A9B-NVFP4,p2
0,1,,chorus,False,nvidia/NVIDIA-Nemotron-Labs-3-Puzzle-75B-A9B-NVFP4,p2
1,0,,call_in,False,nvidia/NVIDIA-Nemotron-Labs-3-Puzzle-75B-A9B-NVFP4,p2
1,1,,call_in,True,nvidia/NVIDIA-Nemotron-Labs-3-Puzzle-75B-A9B-NVFP4,p2
1,0,,call_in,False,nvidia/NVIDIA-Nemotron-Labs-3-Puzzle-75B-A9B-NVFP4,p2
0,0,,call_in,True,nvidia/NVIDIA-Nemotron-Labs-3-Puzzle-75B-A9B-NVFP4,p2
0,0,,call_in,True,nvidia/NVIDIA-Nemotron-Labs-3-Puzzle-75B-A9B-NVFP4,p2
0,0,,call_in,True,nvidia/NVIDIA-Nemotron-Labs-3-Puzzle-75B-A9B-NVFP4,p2
0,0,,call_in,True,nvidia/NVIDIA-Nemotron-Labs-3-Puzzle-75B-A9B-NVFP4,p2
0,0,,call_in,True,nvidia/NVIDIA-Nemotron-Labs-3-Puzzle-75B-A9B-NVFP4,p2
0,0,,call_in,True,nvidia/NVIDIA-Nemotron-Labs-3-Puzzle-75B-A9B-NVFP4,p2
1,1,,pickup,True,nvidia/NVIDIA-Nemotron-Labs-3-Puzzle-75B-A9B-NVFP4,p2
1,1,,pickup,True,nvidia/NVIDIA-Nemotron-Labs-3-Puzzle-75B-A9B-NVFP4,p2
1,1,,pickup,True,nvidia/NVIDIA-Nemotron-Labs-3-Puzzle-75B-A9B-NVFP4,p2
1,1,,pickup,True,nvidia/NVIDIA-Nemotron-Labs-3-Puzzle-75B-A9B-NVFP4,p2
1,1,,pickup,True,nvidia/NVIDIA-Nemotron-Labs-3-Puzzle-75B-A9B-NVFP4,p2
1,1,,pickup,True,nvidia/NVIDIA-Nemotron-Labs-3-Puzzle-75B-A9B-NVFP4,p2
0,0,,pickup,True,nvidia/NVIDIA-Nemotron-Labs-3-Puzzle-75B-A9B-NVFP4,p2
0,0,,pickup,True,nvidia/NVIDIA-Nemotron-Labs-3-Puzzle-75B-A9B-NVFP4,p2
0,0,,pickup,True,nvidia/NVIDIA-Nemotron-Labs-3-Puzzle-75B-A9B-NVFP4,p2
0,0,,pickup,True,nvidia/NVIDIA-Nemotron-Labs-3-Puzzle-75B-A9B-NVFP4,p2
0,0,,pickup,True,nvidia/NVIDIA-Nemotron-Labs-3-Puzzle-75B-A9B-NVFP4,p2
0,0,,pickup,True,nvidia/NVIDIA-Nemotron-Labs-3-Puzzle-75B-A9B-NVFP4,p2
0,0,,pickup,True,nvidia/NVIDIA-Nemotron-Labs-3-Puzzle-75B-A9B-NVFP4,p2
0,0,,pickup,True,nvidia/NVIDIA-Nemotron-Labs-3-Puzzle-75B-A9B-NVFP4,p2
1,1,,last,True,nvidia/NVIDIA-Nemotron-Labs-3-Puzzle-75B-A9B-NVFP4,p2
1,1,,last,True,nvidia/NVIDIA-Nemotron-Labs-3-Puzzle-75B-A9B-NVFP4,p2
1,1,,last,True,nvidia/NVIDIA-Nemotron-Labs-3-Puzzle-75B-A9B-NVFP4,p2
1,1,,last,True,nvidia/NVIDIA-Nemotron-Labs-3-Puzzle-75B-A9B-NVFP4,p2
1,1,,last,True,nvidia/NVIDIA-Nemotron-Labs-3-Puzzle-75B-A9B-NVFP4,p2
0,0,,last,True,nvidia/NVIDIA-Nemotron-Labs-3-Puzzle-75B-A9B-NVFP4,p2
0,0,,last,True,nvidia/NVIDIA-Nemotron-Labs-3-Puzzle-75B-A9B-NVFP4,p2
0,0,,last,True,nvidia/NVIDIA-Nemotron-Labs-3-Puzzle-75B-A9B-NVFP4,p2
1,1,,under,True,nvidia/NVIDIA-Nemotron-Labs-3-Puzzle-75B-A9B-NVFP4,p2
1,1,,under,True,nvidia/NVIDIA-Nemotron-Labs-3-Puzzle-75B-A9B-NVFP4,p2
0,0,,under,True,nvidia/NVIDIA-Nemotron-Labs-3-Puzzle-75B-A9B-NVFP4,p2
0,0,,under,True,nvidia/NVIDIA-Nemotron-Labs-3-Puzzle-75B-A9B-NVFP4,p2
0,0,,under,True,nvidia/NVIDIA-Nemotron-Labs-3-Puzzle-75B-A9B-NVFP4,p2
1,1,,puff,True,nvidia/NVIDIA-Nemotron-Labs-3-Puzzle-75B-A9B-NVFP4,p2
1,1,,puff,True,nvidia/NVIDIA-Nemotron-Labs-3-Puzzle-75B-A9B-NVFP4,p2
1,1,,puff,True,nvidia/NVIDIA-Nemotron-Labs-3-Puzzle-75B-A9B-NVFP4,p2
1,1,,puff,True,nvidia/NVIDIA-Nemotron-Labs-3-Puzzle-75B-A9B-NVFP4,p2
0,0,,puff,True,nvidia/NVIDIA-Nemotron-Labs-3-Puzzle-75B-A9B-NVFP4,p2
0,0,,puff,True,nvidia/NVIDIA-Nemotron-Labs-3-Puzzle-75B-A9B-NVFP4,p2
0,1,,puff,False,nvidia/NVIDIA-Nemotron-Labs-3-Puzzle-75B-A9B-NVFP4,p2
0,1,,puff,False,nvidia/NVIDIA-Nemotron-Labs-3-Puzzle-75B-A9B-NVFP4,p2
0,1,,puff,False,nvidia/NVIDIA-Nemotron-Labs-3-Puzzle-75B-A9B-NVFP4,p2
0,0,,puff,True,nvidia/NVIDIA-Nemotron-Labs-3-Puzzle-75B-A9B-NVFP4,p2
1,1,,regenerate,True,nvidia/NVIDIA-Nemotron-Labs-3-Puzzle-75B-A9B-NVFP4,p2
1,1,,regenerate,True,nvidia/NVIDIA-Nemotron-Labs-3-Puzzle-75B-A9B-NVFP4,p2
1,1,,regenerate,True,nvidia/NVIDIA-Nemotron-Labs-3-Puzzle-75B-A9B-NVFP4,p2
1,1,,regenerate,True,nvidia/NVIDIA-Nemotron-Labs-3-Puzzle-75B-A9B-NVFP4,p2
0,1,,regenerate,False,nvidia/NVIDIA-Nemotron-Labs-3-Puzzle-75B-A9B-NVFP4,p2
0,0,,regenerate,True,nvidia/NVIDIA-Nemotron-Labs-3-Puzzle-75B-A9B-NVFP4,p2
0,1,,regenerate,False,nvidia/NVIDIA-Nemotron-Labs-3-Puzzle-75B-A9B-NVFP4,p2
1,1,,beat,True,nvidia/NVIDIA-Nemotron-Labs-3-Puzzle-75B-A9B-NVFP4,p2
1,1,,beat,True,nvidia/NVIDIA-Nemotron-Labs-3-Puzzle-75B-A9B-NVFP4,p2
1,1,,beat,True,nvidia/NVIDIA-Nemotron-Labs-3-Puzzle-75B-A9B-NVFP4,p2
1,1,,beat,True,nvidia/NVIDIA-Nemotron-Labs-3-Puzzle-75B-A9B-NVFP4,p2
1,1,,beat,True,nvidia/NVIDIA-Nemotron-Labs-3-Puzzle-75B-A9B-NVFP4,p2
1,1,,beat,True,nvidia/NVIDIA-Nemotron-Labs-3-Puzzle-75B-A9B-NVFP4,p2
0,0,,beat,True,nvidia/NVIDIA-Nemotron-Labs-3-Puzzle-75B-A9B-NVFP4,p2
0,0,,beat,True,nvidia/NVIDIA-Nemotron-Labs-3-Puzzle-75B-A9B-NVFP4,p2
0,0,,beat,True,nvidia/NVIDIA-Nemotron-Labs-3-Puzzle-75B-A9B-NVFP4,p2
0,1,,beat,False,nvidia/NVIDIA-Nemotron-Labs-3-Puzzle-75B-A9B-NVFP4,p2
0,1,,beat,False,nvidia/NVIDIA-Nemotron-Labs-3-Puzzle-75B-A9B-NVFP4,p2
0,0,,beat,True,nvidia/NVIDIA-Nemotron-Labs-3-Puzzle-75B-A9B-NVFP4,p2
1,1,,sweetheart,True,nvidia/NVIDIA-Nemotron-Labs-3-Puzzle-75B-A9B-NVFP4,p2
0,0,,sweetheart,True,nvidia/NVIDIA-Nemotron-Labs-3-Puzzle-75B-A9B-NVFP4,p2
0,0,,sweetheart,True,nvidia/NVIDIA-Nemotron-Labs-3-Puzzle-75B-A9B-NVFP4,p2
1,1,,amorous,True,nvidia/NVIDIA-Nemotron-Labs-3-Puzzle-75B-A9B-NVFP4,p2
0,1,,political_campaign,False,nvidia/NVIDIA-Nemotron-Labs-3-Puzzle-75B-A9B-NVFP4,p2
0,1,,political_campaign,False,nvidia/NVIDIA-Nemotron-Labs-3-Puzzle-75B-A9B-NVFP4,p2
1,1,,noteworthy,True,nvidia/NVIDIA-Nemotron-Labs-3-Puzzle-75B-A9B-NVFP4,p2
0,1,,noteworthy,False,nvidia/NVIDIA-Nemotron-Labs-3-Puzzle-75B-A9B-NVFP4,p2
0,1,,noteworthy,False,nvidia/NVIDIA-Nemotron-Labs-3-Puzzle-75B-A9B-NVFP4,p2
1,1,,sparkling,True,nvidia/NVIDIA-Nemotron-Labs-3-Puzzle-75B-A9B-NVFP4,p2
1,1,,sparkling,True,nvidia/NVIDIA-Nemotron-Labs-3-Puzzle-75B-A9B-NVFP4,p2
0,0,,sparkling,True,nvidia/NVIDIA-Nemotron-Labs-3-Puzzle-75B-A9B-NVFP4,p2
0,0,,sparkling,True,nvidia/NVIDIA-Nemotron-Labs-3-Puzzle-75B-A9B-NVFP4,p2
1,1,,farther,True,nvidia/NVIDIA-Nemotron-Labs-3-Puzzle-75B-A9B-NVFP4,p2
1,1,,farther,True,nvidia/NVIDIA-Nemotron-Labs-3-Puzzle-75B-A9B-NVFP4,p2
1,1,,farther,True,nvidia/NVIDIA-Nemotron-Labs-3-Puzzle-75B-A9B-NVFP4,p2
1,1,,farther,True,nvidia/NVIDIA-Nemotron-Labs-3-Puzzle-75B-A9B-NVFP4,p2
0,1,,farther,False,nvidia/NVIDIA-Nemotron-Labs-3-Puzzle-75B-A9B-NVFP4,p2
0,1,,farther,False,nvidia/NVIDIA-Nemotron-Labs-3-Puzzle-75B-A9B-NVFP4,p2
0,1,,farther,False,nvidia/NVIDIA-Nemotron-Labs-3-Puzzle-75B-A9B-NVFP4,p2
0,1,,farther,False,nvidia/NVIDIA-Nemotron-Labs-3-Puzzle-75B-A9B-NVFP4,p2
1,1,,computation,True,nvidia/NVIDIA-Nemotron-Labs-3-Puzzle-75B-A9B-NVFP4,p2
1,1,,exemplify,True,nvidia/NVIDIA-Nemotron-Labs-3-Puzzle-75B-A9B-NVFP4,p2
1,1,,exemplify,True,nvidia/NVIDIA-Nemotron-Labs-3-Puzzle-75B-A9B-NVFP4,p2
0,1,,exemplify,False,nvidia/NVIDIA-Nemotron-Labs-3-Puzzle-75B-A9B-NVFP4,p2
1,1,,ration,True,nvidia/NVIDIA-Nemotron-Labs-3-Puzzle-75B-A9B-NVFP4,p2
1,1,,ration,True,nvidia/NVIDIA-Nemotron-Labs-3-Puzzle-75B-A9B-NVFP4,p2
0,1,,ration,False,nvidia/NVIDIA-Nemotron-Labs-3-Puzzle-75B-A9B-NVFP4,p2
0,1,,ration,False,nvidia/NVIDIA-Nemotron-Labs-3-Puzzle-75B-A9B-NVFP4,p2
1,1,,diligent,True,nvidia/NVIDIA-Nemotron-Labs-3-Puzzle-75B-A9B-NVFP4,p2
1,1,,diligent,True,nvidia/NVIDIA-Nemotron-Labs-3-Puzzle-75B-A9B-NVFP4,p2
0,1,,diligent,False,nvidia/NVIDIA-Nemotron-Labs-3-Puzzle-75B-A9B-NVFP4,p2
1,1,,probe,True,nvidia/NVIDIA-Nemotron-Labs-3-Puzzle-75B-A9B-NVFP4,p2
0,1,,probe,False,nvidia/NVIDIA-Nemotron-Labs-3-Puzzle-75B-A9B-NVFP4,p2
0,0,,probe,True,nvidia/NVIDIA-Nemotron-Labs-3-Puzzle-75B-A9B-NVFP4,p2
1,1,,deterioration,True,nvidia/NVIDIA-Nemotron-Labs-3-Puzzle-75B-A9B-NVFP4,p2
0,1,,deterioration,False,nvidia/NVIDIA-Nemotron-Labs-3-Puzzle-75B-A9B-NVFP4,p2
1,1,,superior,True,nvidia/NVIDIA-Nemotron-Labs-3-Puzzle-75B-A9B-NVFP4,p2
1,1,,superior,True,nvidia/NVIDIA-Nemotron-Labs-3-Puzzle-75B-A9B-NVFP4,p2
1,1,,superior,True,nvidia/NVIDIA-Nemotron-Labs-3-Puzzle-75B-A9B-NVFP4,p2
0,0,,superior,True,nvidia/NVIDIA-Nemotron-Labs-3-Puzzle-75B-A9B-NVFP4,p2
0,1,,superior,False,nvidia/NVIDIA-Nemotron-Labs-3-Puzzle-75B-A9B-NVFP4,p2
0,0,,superior,True,nvidia/NVIDIA-Nemotron-Labs-3-Puzzle-75B-A9B-NVFP4,p2
0,0,,superior,True,nvidia/NVIDIA-Nemotron-Labs-3-Puzzle-75B-A9B-NVFP4,p2
1,1,,erode,True,nvidia/NVIDIA-Nemotron-Labs-3-Puzzle-75B-A9B-NVFP4,p2
1,1,,erode,True,nvidia/NVIDIA-Nemotron-Labs-3-Puzzle-75B-A9B-NVFP4,p2
1,1,,lifelike,True,nvidia/NVIDIA-Nemotron-Labs-3-Puzzle-75B-A9B-NVFP4,p2
0,1,,lifelike,False,nvidia/NVIDIA-Nemotron-Labs-3-Puzzle-75B-A9B-NVFP4,p2
0,1,,lifelike,False,nvidia/NVIDIA-Nemotron-Labs-3-Puzzle-75B-A9B-NVFP4,p2
1,1,,rewrite,True,nvidia/NVIDIA-Nemotron-Labs-3-Puzzle-75B-A9B-NVFP4,p2
0,1,,rewrite,False,nvidia/NVIDIA-Nemotron-Labs-3-Puzzle-75B-A9B-NVFP4,p2
1,1,,fake,True,nvidia/NVIDIA-Nemotron-Labs-3-Puzzle-75B-A9B-NVFP4,p2
0,1,,fake,False,nvidia/NVIDIA-Nemotron-Labs-3-Puzzle-75B-A9B-NVFP4,p2
0,1,,fake,False,nvidia/NVIDIA-Nemotron-Labs-3-Puzzle-75B-A9B-NVFP4,p2
0,1,,lengthen,False,nvidia/NVIDIA-Nemotron-Labs-3-Puzzle-75B-A9B-NVFP4,p2
1,1,,buoyant,True,nvidia/NVIDIA-Nemotron-Labs-3-Puzzle-75B-A9B-NVFP4,p2
0,0,,buoyant,True,nvidia/NVIDIA-Nemotron-Labs-3-Puzzle-75B-A9B-NVFP4,p2
0,0,,buoyant,True,nvidia/NVIDIA-Nemotron-Labs-3-Puzzle-75B-A9B-NVFP4,p2
1,1,,lavishly,True,nvidia/NVIDIA-Nemotron-Labs-3-Puzzle-75B-A9B-NVFP4,p2
0,1,,lavishly,False,nvidia/NVIDIA-Nemotron-Labs-3-Puzzle-75B-A9B-NVFP4,p2
0,1,,lavishly,False,nvidia/NVIDIA-Nemotron-Labs-3-Puzzle-75B-A9B-NVFP4,p2
1,1,,reorganize,True,nvidia/NVIDIA-Nemotron-Labs-3-Puzzle-75B-A9B-NVFP4,p2
1,1,,historic,True,nvidia/NVIDIA-Nemotron-Labs-3-Puzzle-75B-A9B-NVFP4,p2
1,1,,historic,True,nvidia/NVIDIA-Nemotron-Labs-3-Puzzle-75B-A9B-NVFP4,p2
0,1,,historic,False,nvidia/NVIDIA-Nemotron-Labs-3-Puzzle-75B-A9B-NVFP4,p2
0,1,,historic,False,nvidia/NVIDIA-Nemotron-Labs-3-Puzzle-75B-A9B-NVFP4,p2
1,1,,abusive,True,nvidia/NVIDIA-Nemotron-Labs-3-Puzzle-75B-A9B-NVFP4,p2
1,1,,abusive,True,nvidia/NVIDIA-Nemotron-Labs-3-Puzzle-75B-A9B-NVFP4,p2
0,1,,abusive,False,nvidia/NVIDIA-Nemotron-Labs-3-Puzzle-75B-A9B-NVFP4,p2
1,1,,stuffing,True,nvidia/NVIDIA-Nemotron-Labs-3-Puzzle-75B-A9B-NVFP4,p2
1,1,,stuffing,True,nvidia/NVIDIA-Nemotron-Labs-3-Puzzle-75B-A9B-NVFP4,p2
0,0,,stuffing,True,nvidia/NVIDIA-Nemotron-Labs-3-Puzzle-75B-A9B-NVFP4,p2
0,1,,stuffing,False,nvidia/NVIDIA-Nemotron-Labs-3-Puzzle-75B-A9B-NVFP4,p2
1,1,,leek,True,nvidia/NVIDIA-Nemotron-Labs-3-Puzzle-75B-A9B-NVFP4,p2
1,1,,leek,True,nvidia/NVIDIA-Nemotron-Labs-3-Puzzle-75B-A9B-NVFP4,p2
0,1,,leek,False,nvidia/NVIDIA-Nemotron-Labs-3-Puzzle-75B-A9B-NVFP4,p2
0,1,,leek,False,nvidia/NVIDIA-Nemotron-Labs-3-Puzzle-75B-A9B-NVFP4,p2
1,0,,snarl,False,nvidia/NVIDIA-Nemotron-Labs-3-Puzzle-75B-A9B-NVFP4,p2
1,1,,snarl,True,nvidia/NVIDIA-Nemotron-Labs-3-Puzzle-75B-A9B-NVFP4,p2
1,0,,snarl,False,nvidia/NVIDIA-Nemotron-Labs-3-Puzzle-75B-A9B-NVFP4,p2
0,0,,snarl,True,nvidia/NVIDIA-Nemotron-Labs-3-Puzzle-75B-A9B-NVFP4,p2
0,0,,snarl,True,nvidia/NVIDIA-Nemotron-Labs-3-Puzzle-75B-A9B-NVFP4,p2
0,0,,snarl,True,nvidia/NVIDIA-Nemotron-Labs-3-Puzzle-75B-A9B-NVFP4,p2
0,1,,snarl,False,nvidia/NVIDIA-Nemotron-Labs-3-Puzzle-75B-A9B-NVFP4,p2
0,0,,eternity,True,nvidia/NVIDIA-Nemotron-Labs-3-Puzzle-75B-A9B-NVFP4,p2
0,1,,eternity,False,nvidia/NVIDIA-Nemotron-Labs-3-Puzzle-75B-A9B-NVFP4,p2
1,1,,stern,True,nvidia/NVIDIA-Nemotron-Labs-3-Puzzle-75B-A9B-NVFP4,p2
1,1,,stern,True,nvidia/NVIDIA-Nemotron-Labs-3-Puzzle-75B-A9B-NVFP4,p2
0,1,,stern,False,nvidia/NVIDIA-Nemotron-Labs-3-Puzzle-75B-A9B-NVFP4,p2
1,1,,commission,True,nvidia/NVIDIA-Nemotron-Labs-3-Puzzle-75B-A9B-NVFP4,p2
1,1,,commission,True,nvidia/NVIDIA-Nemotron-Labs-3-Puzzle-75B-A9B-NVFP4,p2
1,1,,commission,True,nvidia/NVIDIA-Nemotron-Labs-3-Puzzle-75B-A9B-NVFP4,p2
0,1,,commission,False,nvidia/NVIDIA-Nemotron-Labs-3-Puzzle-75B-A9B-NVFP4,p2
0,0,,commission,True,nvidia/NVIDIA-Nemotron-Labs-3-Puzzle-75B-A9B-NVFP4,p2
1,1,,discriminate,True,nvidia/NVIDIA-Nemotron-Labs-3-Puzzle-75B-A9B-NVFP4,p2
0,1,,discriminate,False,nvidia/NVIDIA-Nemotron-Labs-3-Puzzle-75B-A9B-NVFP4,p2
0,0,,discriminate,True,nvidia/NVIDIA-Nemotron-Labs-3-Puzzle-75B-A9B-NVFP4,p2
0,0,,discriminate,True,nvidia/NVIDIA-Nemotron-Labs-3-Puzzle-75B-A9B-NVFP4,p2
1,1,,tumbler,True,nvidia/NVIDIA-Nemotron-Labs-3-Puzzle-75B-A9B-NVFP4,p2
1,1,,tumbler,True,nvidia/NVIDIA-Nemotron-Labs-3-Puzzle-75B-A9B-NVFP4,p2
0,0,,tumbler,True,nvidia/NVIDIA-Nemotron-Labs-3-Puzzle-75B-A9B-NVFP4,p2
0,0,,tumbler,True,nvidia/NVIDIA-Nemotron-Labs-3-Puzzle-75B-A9B-NVFP4,p2
0,0,,shuffle,True,nvidia/NVIDIA-Nemotron-Labs-3-Puzzle-75B-A9B-NVFP4,p2
0,0,,shuffle,True,nvidia/NVIDIA-Nemotron-Labs-3-Puzzle-75B-A9B-NVFP4,p2
1,1,,spell,True,nvidia/NVIDIA-Nemotron-Labs-3-Puzzle-75B-A9B-NVFP4,p2
1,1,,spell,True,nvidia/NVIDIA-Nemotron-Labs-3-Puzzle-75B-A9B-NVFP4,p2
1,1,,spell,True,nvidia/NVIDIA-Nemotron-Labs-3-Puzzle-75B-A9B-NVFP4,p2
0,1,,spell,False,nvidia/NVIDIA-Nemotron-Labs-3-Puzzle-75B-A9B-NVFP4,p2
0,0,,spell,True,nvidia/NVIDIA-Nemotron-Labs-3-Puzzle-75B-A9B-NVFP4,p2
0,0,,spell,True,nvidia/NVIDIA-Nemotron-Labs-3-Puzzle-75B-A9B-NVFP4,p2
0,1,,spell,False,nvidia/NVIDIA-Nemotron-Labs-3-Puzzle-75B-A9B-NVFP4,p2
1,1,,anguish,True,nvidia/NVIDIA-Nemotron-Labs-3-Puzzle-75B-A9B-NVFP4,p2
1,1,,disturbance,True,nvidia/NVIDIA-Nemotron-Labs-3-Puzzle-75B-A9B-NVFP4,p2
1,1,,disturbance,True,nvidia/NVIDIA-Nemotron-Labs-3-Puzzle-75B-A9B-NVFP4,p2
1,1,,disturbance,True,nvidia/NVIDIA-Nemotron-Labs-3-Puzzle-75B-A9B-NVFP4,p2
1,1,,disturbance,True,nvidia/NVIDIA-Nemotron-Labs-3-Puzzle-75B-A9B-NVFP4,p2
0,0,,disturbance,True,nvidia/NVIDIA-Nemotron-Labs-3-Puzzle-75B-A9B-NVFP4,p2
0,1,,disturbance,False,nvidia/NVIDIA-Nemotron-Labs-3-Puzzle-75B-A9B-NVFP4,p2
0,0,,disturbance,True,nvidia/NVIDIA-Nemotron-Labs-3-Puzzle-75B-A9B-NVFP4,p2
0,0,,disturbance,True,nvidia/NVIDIA-Nemotron-Labs-3-Puzzle-75B-A9B-NVFP4,p2
1,1,,assimilation,True,nvidia/NVIDIA-Nemotron-Labs-3-Puzzle-75B-A9B-NVFP4,p2
1,1,,assimilation,True,nvidia/NVIDIA-Nemotron-Labs-3-Puzzle-75B-A9B-NVFP4,p2
1,1,,assimilation,True,nvidia/NVIDIA-Nemotron-Labs-3-Puzzle-75B-A9B-NVFP4,p2
0,0,,assimilation,True,nvidia/NVIDIA-Nemotron-Labs-3-Puzzle-75B-A9B-NVFP4,p2
0,0,,assimilation,True,nvidia/NVIDIA-Nemotron-Labs-3-Puzzle-75B-A9B-NVFP4,p2
0,0,,assimilation,True,nvidia/NVIDIA-Nemotron-Labs-3-Puzzle-75B-A9B-NVFP4,p2
0,0,,assimilation,True,nvidia/NVIDIA-Nemotron-Labs-3-Puzzle-75B-A9B-NVFP4,p2
0,0,,assimilation,True,nvidia/NVIDIA-Nemotron-Labs-3-Puzzle-75B-A9B-NVFP4,p2
1,1,,reach,True,nvidia/NVIDIA-Nemotron-Labs-3-Puzzle-75B-A9B-NVFP4,p2
0,0,,reach,True,nvidia/NVIDIA-Nemotron-Labs-3-Puzzle-75B-A9B-NVFP4,p2
0,0,,reach,True,nvidia/NVIDIA-Nemotron-Labs-3-Puzzle-75B-A9B-NVFP4,p2
0,0,,reach,True,nvidia/NVIDIA-Nemotron-Labs-3-Puzzle-75B-A9B-NVFP4,p2
0,1,,reach,False,nvidia/NVIDIA-Nemotron-Labs-3-Puzzle-75B-A9B-NVFP4,p2
1,1,,emergence,True,nvidia/NVIDIA-Nemotron-Labs-3-Puzzle-75B-A9B-NVFP4,p2
1,1,,emergence,True,nvidia/NVIDIA-Nemotron-Labs-3-Puzzle-75B-A9B-NVFP4,p2
1,1,,emergence,True,nvidia/NVIDIA-Nemotron-Labs-3-Puzzle-75B-A9B-NVFP4,p2
0,1,,emergence,False,nvidia/NVIDIA-Nemotron-Labs-3-Puzzle-75B-A9B-NVFP4,p2
0,1,,emergence,False,nvidia/NVIDIA-Nemotron-Labs-3-Puzzle-75B-A9B-NVFP4,p2
1,1,,trip,True,nvidia/NVIDIA-Nemotron-Labs-3-Puzzle-75B-A9B-NVFP4,p2
1,1,,trip,True,nvidia/NVIDIA-Nemotron-Labs-3-Puzzle-75B-A9B-NVFP4,p2
1,0,,trip,False,nvidia/NVIDIA-Nemotron-Labs-3-Puzzle-75B-A9B-NVFP4,p2
1,1,,trip,True,nvidia/NVIDIA-Nemotron-Labs-3-Puzzle-75B-A9B-NVFP4,p2
1,1,,trip,True,nvidia/NVIDIA-Nemotron-Labs-3-Puzzle-75B-A9B-NVFP4,p2
0,0,,trip,True,nvidia/NVIDIA-Nemotron-Labs-3-Puzzle-75B-A9B-NVFP4,p2
0,0,,trip,True,nvidia/NVIDIA-Nemotron-Labs-3-Puzzle-75B-A9B-NVFP4,p2
0,0,,trip,True,nvidia/NVIDIA-Nemotron-Labs-3-Puzzle-75B-A9B-NVFP4,p2
0,0,,solitaire,True,nvidia/NVIDIA-Nemotron-Labs-3-Puzzle-75B-A9B-NVFP4,p2
0,0,,solitaire,True,nvidia/NVIDIA-Nemotron-Labs-3-Puzzle-75B-A9B-NVFP4,p2
0,0,,solitaire,True,nvidia/NVIDIA-Nemotron-Labs-3-Puzzle-75B-A9B-NVFP4,p2
1,1,,intangible,True,nvidia/NVIDIA-Nemotron-Labs-3-Puzzle-75B-A9B-NVFP4,p2
1,1,,intangible,True,nvidia/NVIDIA-Nemotron-Labs-3-Puzzle-75B-A9B-NVFP4,p2
1,1,,intangible,True,nvidia/NVIDIA-Nemotron-Labs-3-Puzzle-75B-A9B-NVFP4,p2
0,1,,intangible,False,nvidia/NVIDIA-Nemotron-Labs-3-Puzzle-75B-A9B-NVFP4,p2
0,1,,intangible,False,nvidia/NVIDIA-Nemotron-Labs-3-Puzzle-75B-A9B-NVFP4,p2
1,1,,inactive,True,nvidia/NVIDIA-Nemotron-Labs-3-Puzzle-75B-A9B-NVFP4,p2
1,1,,inactive,True,nvidia/NVIDIA-Nemotron-Labs-3-Puzzle-75B-A9B-NVFP4,p2
1,1,,inactive,True,nvidia/NVIDIA-Nemotron-Labs-3-Puzzle-75B-A9B-NVFP4,p2
0,0,,inactive,True,nvidia/NVIDIA-Nemotron-Labs-3-Puzzle-75B-A9B-NVFP4,p2
0,1,,inactive,False,nvidia/NVIDIA-Nemotron-Labs-3-Puzzle-75B-A9B-NVFP4,p2
0,1,,inactive,False,nvidia/NVIDIA-Nemotron-Labs-3-Puzzle-75B-A9B-NVFP4,p2
0,0,,inactive,True,nvidia/NVIDIA-Nemotron-Labs-3-Puzzle-75B-A9B-NVFP4,p2
0,0,,inactive,True,nvidia/NVIDIA-Nemotron-Labs-3-Puzzle-75B-A9B-NVFP4,p2
0,1,,inactive,False,nvidia/NVIDIA-Nemotron-Labs-3-Puzzle-75B-A9B-NVFP4,p2
1,1,,ass,True,nvidia/NVIDIA-Nemotron-Labs-3-Puzzle-75B-A9B-NVFP4,p2
1,0,,ass,False,nvidia/NVIDIA-Nemotron-Labs-3-Puzzle-75B-A9B-NVFP4,p2
0,0,,ass,True,nvidia/NVIDIA-Nemotron-Labs-3-Puzzle-75B-A9B-NVFP4,p2
0,0,,ass,True,nvidia/NVIDIA-Nemotron-Labs-3-Puzzle-75B-A9B-NVFP4,p2
0,0,,ass,True,nvidia/NVIDIA-Nemotron-Labs-3-Puzzle-75B-A9B-NVFP4,p2
1,0,,persistence,False,nvidia/NVIDIA-Nemotron-Labs-3-Puzzle-75B-A9B-NVFP4,p2
1,1,,persistence,True,nvidia/NVIDIA-Nemotron-Labs-3-Puzzle-75B-A9B-NVFP4,p2
0,0,,persistence,True,nvidia/NVIDIA-Nemotron-Labs-3-Puzzle-75B-A9B-NVFP4,p2
0,0,,persistence,True,nvidia/NVIDIA-Nemotron-Labs-3-Puzzle-75B-A9B-NVFP4,p2
0,0,,persistence,True,nvidia/NVIDIA-Nemotron-Labs-3-Puzzle-75B-A9B-NVFP4,p2
1,1,,bald,True,nvidia/NVIDIA-Nemotron-Labs-3-Puzzle-75B-A9B-NVFP4,p2
1,1,,bald,True,nvidia/NVIDIA-Nemotron-Labs-3-Puzzle-75B-A9B-NVFP4,p2
1,1,,bald,True,nvidia/NVIDIA-Nemotron-Labs-3-Puzzle-75B-A9B-NVFP4,p2
0,0,,bald,True,nvidia/NVIDIA-Nemotron-Labs-3-Puzzle-75B-A9B-NVFP4,p2
0,0,,bald,True,nvidia/NVIDIA-Nemotron-Labs-3-Puzzle-75B-A9B-NVFP4,p2
1,1,,overtake,True,nvidia/NVIDIA-Nemotron-Labs-3-Puzzle-75B-A9B-NVFP4,p2
1,1,,overtake,True,nvidia/NVIDIA-Nemotron-Labs-3-Puzzle-75B-A9B-NVFP4,p2
0,1,,overtake,False,nvidia/NVIDIA-Nemotron-Labs-3-Puzzle-75B-A9B-NVFP4,p2
0,1,,overtake,False,nvidia/NVIDIA-Nemotron-Labs-3-Puzzle-75B-A9B-NVFP4,p2
1,1,,rule_out,True,nvidia/NVIDIA-Nemotron-Labs-3-Puzzle-75B-A9B-NVFP4,p2
1,1,,rule_out,True,nvidia/NVIDIA-Nemotron-Labs-3-Puzzle-75B-A9B-NVFP4,p2
0,1,,rule_out,False,nvidia/NVIDIA-Nemotron-Labs-3-Puzzle-75B-A9B-NVFP4,p2
0,0,,rule_out,True,nvidia/NVIDIA-Nemotron-Labs-3-Puzzle-75B-A9B-NVFP4,p2
1,1,,lentil,True,nvidia/NVIDIA-Nemotron-Labs-3-Puzzle-75B-A9B-NVFP4,p2
0,1,,lentil,False,nvidia/NVIDIA-Nemotron-Labs-3-Puzzle-75B-A9B-NVFP4,p2
0,1,,lentil,False,nvidia/NVIDIA-Nemotron-Labs-3-Puzzle-75B-A9B-NVFP4,p2
0,1,,renounce,False,nvidia/NVIDIA-Nemotron-Labs-3-Puzzle-75B-A9B-NVFP4,p2
1,1,,barb,True,nvidia/NVIDIA-Nemotron-Labs-3-Puzzle-75B-A9B-NVFP4,p2
0,0,,barb,True,nvidia/NVIDIA-Nemotron-Labs-3-Puzzle-75B-A9B-NVFP4,p2
1,1,,cloudy,True,nvidia/NVIDIA-Nemotron-Labs-3-Puzzle-75B-A9B-NVFP4,p2
0,1,,cloudy,False,nvidia/NVIDIA-Nemotron-Labs-3-Puzzle-75B-A9B-NVFP4,p2
0,0,,cloudy,True,nvidia/NVIDIA-Nemotron-Labs-3-Puzzle-75B-A9B-NVFP4,p2
1,1,,dust,True,nvidia/NVIDIA-Nemotron-Labs-3-Puzzle-75B-A9B-NVFP4,p2
1,1,,dust,True,nvidia/NVIDIA-Nemotron-Labs-3-Puzzle-75B-A9B-NVFP4,p2
0,0,,dust,True,nvidia/NVIDIA-Nemotron-Labs-3-Puzzle-75B-A9B-NVFP4,p2
0,0,,dust,True,nvidia/NVIDIA-Nemotron-Labs-3-Puzzle-75B-A9B-NVFP4,p2
1,1,,currant,True,nvidia/NVIDIA-Nemotron-Labs-3-Puzzle-75B-A9B-NVFP4,p2
0,1,,currant,False,nvidia/NVIDIA-Nemotron-Labs-3-Puzzle-75B-A9B-NVFP4,p2
1,1,,sling,True,nvidia/NVIDIA-Nemotron-Labs-3-Puzzle-75B-A9B-NVFP4,p2
1,1,,sling,True,nvidia/NVIDIA-Nemotron-Labs-3-Puzzle-75B-A9B-NVFP4,p2
0,0,,sling,True,nvidia/NVIDIA-Nemotron-Labs-3-Puzzle-75B-A9B-NVFP4,p2
0,0,,sling,True,nvidia/NVIDIA-Nemotron-Labs-3-Puzzle-75B-A9B-NVFP4,p2
1,1,,break_away,True,nvidia/NVIDIA-Nemotron-Labs-3-Puzzle-75B-A9B-NVFP4,p2
1,1,,break_away,True,nvidia/NVIDIA-Nemotron-Labs-3-Puzzle-75B-A9B-NVFP4,p2
1,1,,break_away,True,nvidia/NVIDIA-Nemotron-Labs-3-Puzzle-75B-A9B-NVFP4,p2
0,1,,break_away,False,nvidia/NVIDIA-Nemotron-Labs-3-Puzzle-75B-A9B-NVFP4,p2
0,1,,break_away,False,nvidia/NVIDIA-Nemotron-Labs-3-Puzzle-75B-A9B-NVFP4,p2
0,1,,break_away,False,nvidia/NVIDIA-Nemotron-Labs-3-Puzzle-75B-A9B-NVFP4,p2
1,1,,falsify,True,nvidia/NVIDIA-Nemotron-Labs-3-Puzzle-75B-A9B-NVFP4,p2
1,1,,falsify,True,nvidia/NVIDIA-Nemotron-Labs-3-Puzzle-75B-A9B-NVFP4,p2
0,1,,falsify,False,nvidia/NVIDIA-Nemotron-Labs-3-Puzzle-75B-A9B-NVFP4,p2
0,1,,falsify,False,nvidia/NVIDIA-Nemotron-Labs-3-Puzzle-75B-A9B-NVFP4,p2
0,1,,falsify,False,nvidia/NVIDIA-Nemotron-Labs-3-Puzzle-75B-A9B-NVFP4,p2
0,0,,falsify,True,nvidia/NVIDIA-Nemotron-Labs-3-Puzzle-75B-A9B-NVFP4,p2
0,1,,falsify,False,nvidia/NVIDIA-Nemotron-Labs-3-Puzzle-75B-A9B-NVFP4,p2
1,1,,book,True,nvidia/NVIDIA-Nemotron-Labs-3-Puzzle-75B-A9B-NVFP4,p2
0,0,,book,True,nvidia/NVIDIA-Nemotron-Labs-3-Puzzle-75B-A9B-NVFP4,p2
1,1,,phoenix,True,nvidia/NVIDIA-Nemotron-Labs-3-Puzzle-75B-A9B-NVFP4,p2
0,0,,phoenix,True,nvidia/NVIDIA-Nemotron-Labs-3-Puzzle-75B-A9B-NVFP4,p2
0,0,,phoenix,True,nvidia/NVIDIA-Nemotron-Labs-3-Puzzle-75B-A9B-NVFP4,p2
0,0,,phoenix,True,nvidia/NVIDIA-Nemotron-Labs-3-Puzzle-75B-A9B-NVFP4,p2
1,1,,porter,True,nvidia/NVIDIA-Nemotron-Labs-3-Puzzle-75B-A9B-NVFP4,p2
0,0,,porter,True,nvidia/NVIDIA-Nemotron-Labs-3-Puzzle-75B-A9B-NVFP4,p2
0,0,,porter,True,nvidia/NVIDIA-Nemotron-Labs-3-Puzzle-75B-A9B-NVFP4,p2
0,0,,porter,True,nvidia/NVIDIA-Nemotron-Labs-3-Puzzle-75B-A9B-NVFP4,p2
0,0,,porter,True,nvidia/NVIDIA-Nemotron-Labs-3-Puzzle-75B-A9B-NVFP4,p2
1,1,,come_back,True,nvidia/NVIDIA-Nemotron-Labs-3-Puzzle-75B-A9B-NVFP4,p2
1,1,,come_back,True,nvidia/NVIDIA-Nemotron-Labs-3-Puzzle-75B-A9B-NVFP4,p2
0,0,,come_back,True,nvidia/NVIDIA-Nemotron-Labs-3-Puzzle-75B-A9B-NVFP4,p2
0,0,,come_back,True,nvidia/NVIDIA-Nemotron-Labs-3-Puzzle-75B-A9B-NVFP4,p2
0,0,,come_back,True,nvidia/NVIDIA-Nemotron-Labs-3-Puzzle-75B-A9B-NVFP4,p2
1,1,,affirmation,True,nvidia/NVIDIA-Nemotron-Labs-3-Puzzle-75B-A9B-NVFP4,p2
1,1,,affirmation,True,nvidia/NVIDIA-Nemotron-Labs-3-Puzzle-75B-A9B-NVFP4,p2
0,0,,affirmation,True,nvidia/NVIDIA-Nemotron-Labs-3-Puzzle-75B-A9B-NVFP4,p2
0,0,,affirmation,True,nvidia/NVIDIA-Nemotron-Labs-3-Puzzle-75B-A9B-NVFP4,p2
0,1,,affirmation,False,nvidia/NVIDIA-Nemotron-Labs-3-Puzzle-75B-A9B-NVFP4,p2
0,0,,affirmation,True,nvidia/NVIDIA-Nemotron-Labs-3-Puzzle-75B-A9B-NVFP4,p2
1,1,,scoop,True,nvidia/NVIDIA-Nemotron-Labs-3-Puzzle-75B-A9B-NVFP4,p2
1,1,,scoop,True,nvidia/NVIDIA-Nemotron-Labs-3-Puzzle-75B-A9B-NVFP4,p2
0,0,,scoop,True,nvidia/NVIDIA-Nemotron-Labs-3-Puzzle-75B-A9B-NVFP4,p2
0,0,,scoop,True,nvidia/NVIDIA-Nemotron-Labs-3-Puzzle-75B-A9B-NVFP4,p2
0,0,,scoop,True,nvidia/NVIDIA-Nemotron-Labs-3-Puzzle-75B-A9B-NVFP4,p2
1,1,,hold_back,True,nvidia/NVIDIA-Nemotron-Labs-3-Puzzle-75B-A9B-NVFP4,p2
1,1,,hold_back,True,nvidia/NVIDIA-Nemotron-Labs-3-Puzzle-75B-A9B-NVFP4,p2
0,0,,hold_back,True,nvidia/NVIDIA-Nemotron-Labs-3-Puzzle-75B-A9B-NVFP4,p2
0,0,,hold_back,True,nvidia/NVIDIA-Nemotron-Labs-3-Puzzle-75B-A9B-NVFP4,p2
1,1,,lookout,True,nvidia/NVIDIA-Nemotron-Labs-3-Puzzle-75B-A9B-NVFP4,p2
1,1,,lookout,True,nvidia/NVIDIA-Nemotron-Labs-3-Puzzle-75B-A9B-NVFP4,p2
0,0,,lookout,True,nvidia/NVIDIA-Nemotron-Labs-3-Puzzle-75B-A9B-NVFP4,p2
0,1,,lookout,False,nvidia/NVIDIA-Nemotron-Labs-3-Puzzle-75B-A9B-NVFP4,p2
0,1,,lookout,False,nvidia/NVIDIA-Nemotron-Labs-3-Puzzle-75B-A9B-NVFP4,p2
0,0,,lookout,True,nvidia/NVIDIA-Nemotron-Labs-3-Puzzle-75B-A9B-NVFP4,p2
1,1,,dampen,True,nvidia/NVIDIA-Nemotron-Labs-3-Puzzle-75B-A9B-NVFP4,p2
1,1,,dampen,True,nvidia/NVIDIA-Nemotron-Labs-3-Puzzle-75B-A9B-NVFP4,p2
1,1,,dampen,True,nvidia/NVIDIA-Nemotron-Labs-3-Puzzle-75B-A9B-NVFP4,p2
0,0,,dampen,True,nvidia/NVIDIA-Nemotron-Labs-3-Puzzle-75B-A9B-NVFP4,p2
0,1,,dampen,False,nvidia/NVIDIA-Nemotron-Labs-3-Puzzle-75B-A9B-NVFP4,p2
0,1,,dampen,False,nvidia/NVIDIA-Nemotron-Labs-3-Puzzle-75B-A9B-NVFP4,p2
1,1,,bank,True,nvidia/NVIDIA-Nemotron-Labs-3-Puzzle-75B-A9B-NVFP4,p2
1,1,,bank,True,nvidia/NVIDIA-Nemotron-Labs-3-Puzzle-75B-A9B-NVFP4,p2
1,0,,bank,False,nvidia/NVIDIA-Nemotron-Labs-3-Puzzle-75B-A9B-NVFP4,p2
0,0,,bank,True,nvidia/NVIDIA-Nemotron-Labs-3-Puzzle-75B-A9B-NVFP4,p2
0,0,,bank,True,nvidia/NVIDIA-Nemotron-Labs-3-Puzzle-75B-A9B-NVFP4,p2
0,0,,bank,True,nvidia/NVIDIA-Nemotron-Labs-3-Puzzle-75B-A9B-NVFP4,p2
0,0,,bank,True,nvidia/NVIDIA-Nemotron-Labs-3-Puzzle-75B-A9B-NVFP4,p2
0,0,,bank,True,nvidia/NVIDIA-Nemotron-Labs-3-Puzzle-75B-A9B-NVFP4,p2
0,0,,bank,True,nvidia/NVIDIA-Nemotron-Labs-3-Puzzle-75B-A9B-NVFP4,p2
1,1,,intrusion,True,nvidia/NVIDIA-Nemotron-Labs-3-Puzzle-75B-A9B-NVFP4,p2
1,1,,intrusion,True,nvidia/NVIDIA-Nemotron-Labs-3-Puzzle-75B-A9B-NVFP4,p2
0,0,,intrusion,True,nvidia/NVIDIA-Nemotron-Labs-3-Puzzle-75B-A9B-NVFP4,p2
0,0,,intrusion,True,nvidia/NVIDIA-Nemotron-Labs-3-Puzzle-75B-A9B-NVFP4,p2
0,0,,intrusion,True,nvidia/NVIDIA-Nemotron-Labs-3-Puzzle-75B-A9B-NVFP4,p2
0,1,,intrusion,False,nvidia/NVIDIA-Nemotron-Labs-3-Puzzle-75B-A9B-NVFP4,p2
1,1,,bosom,True,nvidia/NVIDIA-Nemotron-Labs-3-Puzzle-75B-A9B-NVFP4,p2
0,1,,bosom,False,nvidia/NVIDIA-Nemotron-Labs-3-Puzzle-75B-A9B-NVFP4,p2
1,1,,put_down,True,nvidia/NVIDIA-Nemotron-Labs-3-Puzzle-75B-A9B-NVFP4,p2
1,0,,put_down,False,nvidia/NVIDIA-Nemotron-Labs-3-Puzzle-75B-A9B-NVFP4,p2
1,1,,put_down,True,nvidia/NVIDIA-Nemotron-Labs-3-Puzzle-75B-A9B-NVFP4,p2
1,1,,put_down,True,nvidia/NVIDIA-Nemotron-Labs-3-Puzzle-75B-A9B-NVFP4,p2
1,1,,put_down,True,nvidia/NVIDIA-Nemotron-Labs-3-Puzzle-75B-A9B-NVFP4,p2
0,0,,put_down,True,nvidia/NVIDIA-Nemotron-Labs-3-Puzzle-75B-A9B-NVFP4,p2
0,0,,put_down,True,nvidia/NVIDIA-Nemotron-Labs-3-Puzzle-75B-A9B-NVFP4,p2
0,1,,put_down,False,nvidia/NVIDIA-Nemotron-Labs-3-Puzzle-75B-A9B-NVFP4,p2
0,0,,put_down,True,nvidia/NVIDIA-Nemotron-Labs-3-Puzzle-75B-A9B-NVFP4,p2
0,0,,put_down,True,nvidia/NVIDIA-Nemotron-Labs-3-Puzzle-75B-A9B-NVFP4,p2
0,0,,put_down,True,nvidia/NVIDIA-Nemotron-Labs-3-Puzzle-75B-A9B-NVFP4,p2
0,0,,put_down,True,nvidia/NVIDIA-Nemotron-Labs-3-Puzzle-75B-A9B-NVFP4,p2
1,1,,hearty,True,nvidia/NVIDIA-Nemotron-Labs-3-Puzzle-75B-A9B-NVFP4,p2
1,1,,hearty,True,nvidia/NVIDIA-Nemotron-Labs-3-Puzzle-75B-A9B-NVFP4,p2
0,0,,hearty,True,nvidia/NVIDIA-Nemotron-Labs-3-Puzzle-75B-A9B-NVFP4,p2
0,0,,hearty,True,nvidia/NVIDIA-Nemotron-Labs-3-Puzzle-75B-A9B-NVFP4,p2
0,0,,hearty,True,nvidia/NVIDIA-Nemotron-Labs-3-Puzzle-75B-A9B-NVFP4,p2
0,0,,hearty,True,nvidia/NVIDIA-Nemotron-Labs-3-Puzzle-75B-A9B-NVFP4,p2
1,1,,circulation,True,nvidia/NVIDIA-Nemotron-Labs-3-Puzzle-75B-A9B-NVFP4,p2
1,1,,circulation,True,nvidia/NVIDIA-Nemotron-Labs-3-Puzzle-75B-A9B-NVFP4,p2
1,1,,circulation,True,nvidia/NVIDIA-Nemotron-Labs-3-Puzzle-75B-A9B-NVFP4,p2
0,0,,circulation,True,nvidia/NVIDIA-Nemotron-Labs-3-Puzzle-75B-A9B-NVFP4,p2
0,0,,circulation,True,nvidia/NVIDIA-Nemotron-Labs-3-Puzzle-75B-A9B-NVFP4,p2
1,1,,ascend,True,nvidia/NVIDIA-Nemotron-Labs-3-Puzzle-75B-A9B-NVFP4,p2
1,1,,ascend,True,nvidia/NVIDIA-Nemotron-Labs-3-Puzzle-75B-A9B-NVFP4,p2
1,1,,ascend,True,nvidia/NVIDIA-Nemotron-Labs-3-Puzzle-75B-A9B-NVFP4,p2
1,1,,ascend,True,nvidia/NVIDIA-Nemotron-Labs-3-Puzzle-75B-A9B-NVFP4,p2
0,1,,ascend,False,nvidia/NVIDIA-Nemotron-Labs-3-Puzzle-75B-A9B-NVFP4,p2
0,1,,ascend,False,nvidia/NVIDIA-Nemotron-Labs-3-Puzzle-75B-A9B-NVFP4,p2
0,1,,ascend,False,nvidia/NVIDIA-Nemotron-Labs-3-Puzzle-75B-A9B-NVFP4,p2
1,1,,pile_up,True,nvidia/NVIDIA-Nemotron-Labs-3-Puzzle-75B-A9B-NVFP4,p2
0,1,,pile_up,False,nvidia/NVIDIA-Nemotron-Labs-3-Puzzle-75B-A9B-NVFP4,p2
0,1,,pile_up,False,nvidia/NVIDIA-Nemotron-Labs-3-Puzzle-75B-A9B-NVFP4,p2
1,1,,beset,True,nvidia/NVIDIA-Nemotron-Labs-3-Puzzle-75B-A9B-NVFP4,p2
0,0,,beset,True,nvidia/NVIDIA-Nemotron-Labs-3-Puzzle-75B-A9B-NVFP4,p2
0,0,,beset,True,nvidia/NVIDIA-Nemotron-Labs-3-Puzzle-75B-A9B-NVFP4,p2
0,0,,beset,True,nvidia/NVIDIA-Nemotron-Labs-3-Puzzle-75B-A9B-NVFP4,p2
1,1,,kit,True,nvidia/NVIDIA-Nemotron-Labs-3-Puzzle-75B-A9B-NVFP4,p2
1,1,,kit,True,nvidia/NVIDIA-Nemotron-Labs-3-Puzzle-75B-A9B-NVFP4,p2
0,0,,kit,True,nvidia/NVIDIA-Nemotron-Labs-3-Puzzle-75B-A9B-NVFP4,p2
0,0,,kit,True,nvidia/NVIDIA-Nemotron-Labs-3-Puzzle-75B-A9B-NVFP4,p2
0,0,,kit,True,nvidia/NVIDIA-Nemotron-Labs-3-Puzzle-75B-A9B-NVFP4,p2
1,1,,exhaust,True,nvidia/NVIDIA-Nemotron-Labs-3-Puzzle-75B-A9B-NVFP4,p2
1,1,,exhaust,True,nvidia/NVIDIA-Nemotron-Labs-3-Puzzle-75B-A9B-NVFP4,p2
0,1,,exhaust,False,nvidia/NVIDIA-Nemotron-Labs-3-Puzzle-75B-A9B-NVFP4,p2
0,1,,exhaust,False,nvidia/NVIDIA-Nemotron-Labs-3-Puzzle-75B-A9B-NVFP4,p2
0,1,,exhaust,False,nvidia/NVIDIA-Nemotron-Labs-3-Puzzle-75B-A9B-NVFP4,p2
1,1,,condition,True,nvidia/NVIDIA-Nemotron-Labs-3-Puzzle-75B-A9B-NVFP4,p2
1,1,,condition,True,nvidia/NVIDIA-Nemotron-Labs-3-Puzzle-75B-A9B-NVFP4,p2
0,0,,condition,True,nvidia/NVIDIA-Nemotron-Labs-3-Puzzle-75B-A9B-NVFP4,p2
0,0,,condition,True,nvidia/NVIDIA-Nemotron-Labs-3-Puzzle-75B-A9B-NVFP4,p2
0,0,,condition,True,nvidia/NVIDIA-Nemotron-Labs-3-Puzzle-75B-A9B-NVFP4,p2
0,1,,condition,False,nvidia/NVIDIA-Nemotron-Labs-3-Puzzle-75B-A9B-NVFP4,p2
0,1,,condition,False,nvidia/NVIDIA-Nemotron-Labs-3-Puzzle-75B-A9B-NVFP4,p2
1,1,,bark,True,nvidia/NVIDIA-Nemotron-Labs-3-Puzzle-75B-A9B-NVFP4,p2
1,1,,bark,True,nvidia/NVIDIA-Nemotron-Labs-3-Puzzle-75B-A9B-NVFP4,p2
1,1,,bark,True,nvidia/NVIDIA-Nemotron-Labs-3-Puzzle-75B-A9B-NVFP4,p2
1,1,,bark,True,nvidia/NVIDIA-Nemotron-Labs-3-Puzzle-75B-A9B-NVFP4,p2
0,1,,bark,False,nvidia/NVIDIA-Nemotron-Labs-3-Puzzle-75B-A9B-NVFP4,p2
0,0,,bark,True,nvidia/NVIDIA-Nemotron-Labs-3-Puzzle-75B-A9B-NVFP4,p2
0,0,,bark,True,nvidia/NVIDIA-Nemotron-Labs-3-Puzzle-75B-A9B-NVFP4,p2
0,0,,bark,True,nvidia/NVIDIA-Nemotron-Labs-3-Puzzle-75B-A9B-NVFP4,p2
1,1,,whiting,True,nvidia/NVIDIA-Nemotron-Labs-3-Puzzle-75B-A9B-NVFP4,p2
1,1,,whiting,True,nvidia/NVIDIA-Nemotron-Labs-3-Puzzle-75B-A9B-NVFP4,p2
1,1,,whiting,True,nvidia/NVIDIA-Nemotron-Labs-3-Puzzle-75B-A9B-NVFP4,p2
1,1,,whiting,True,nvidia/NVIDIA-Nemotron-Labs-3-Puzzle-75B-A9B-NVFP4,p2
0,1,,whiting,False,nvidia/NVIDIA-Nemotron-Labs-3-Puzzle-75B-A9B-NVFP4,p2
0,1,,whiting,False,nvidia/NVIDIA-Nemotron-Labs-3-Puzzle-75B-A9B-NVFP4,p2
0,1,,whiting,False,nvidia/NVIDIA-Nemotron-Labs-3-Puzzle-75B-A9B-NVFP4,p2
0,1,,whiting,False,nvidia/NVIDIA-Nemotron-Labs-3-Puzzle-75B-A9B-NVFP4,p2
1,1,,lecturer,True,nvidia/NVIDIA-Nemotron-Labs-3-Puzzle-75B-A9B-NVFP4,p2
0,1,,lecturer,False,nvidia/NVIDIA-Nemotron-Labs-3-Puzzle-75B-A9B-NVFP4,p2
0,1,,lecturer,False,nvidia/NVIDIA-Nemotron-Labs-3-Puzzle-75B-A9B-NVFP4,p2
0,1,,distinguished,False,nvidia/NVIDIA-Nemotron-Labs-3-Puzzle-75B-A9B-NVFP4,p2
0,1,,inevitably,False,nvidia/NVIDIA-Nemotron-Labs-3-Puzzle-75B-A9B-NVFP4,p2
1,1,,sadly,True,nvidia/NVIDIA-Nemotron-Labs-3-Puzzle-75B-A9B-NVFP4,p2
1,1,,sadly,True,nvidia/NVIDIA-Nemotron-Labs-3-Puzzle-75B-A9B-NVFP4,p2
0,1,,sadly,False,nvidia/NVIDIA-Nemotron-Labs-3-Puzzle-75B-A9B-NVFP4,p2
1,1,,get_rid_of,True,nvidia/NVIDIA-Nemotron-Labs-3-Puzzle-75B-A9B-NVFP4,p2
0,1,,get_rid_of,False,nvidia/NVIDIA-Nemotron-Labs-3-Puzzle-75B-A9B-NVFP4,p2
0,1,,get_rid_of,False,nvidia/NVIDIA-Nemotron-Labs-3-Puzzle-75B-A9B-NVFP4,p2
1,1,,sag,True,nvidia/NVIDIA-Nemotron-Labs-3-Puzzle-75B-A9B-NVFP4,p2
0,1,,sag,False,nvidia/NVIDIA-Nemotron-Labs-3-Puzzle-75B-A9B-NVFP4,p2
1,1,,envy,True,nvidia/NVIDIA-Nemotron-Labs-3-Puzzle-75B-A9B-NVFP4,p2
1,1,,envy,True,nvidia/NVIDIA-Nemotron-Labs-3-Puzzle-75B-A9B-NVFP4,p2
0,1,,envy,False,nvidia/NVIDIA-Nemotron-Labs-3-Puzzle-75B-A9B-NVFP4,p2
1,1,,each_year,True,nvidia/NVIDIA-Nemotron-Labs-3-Puzzle-75B-A9B-NVFP4,p2
1,1,,ceylon,True,nvidia/NVIDIA-Nemotron-Labs-3-Puzzle-75B-A9B-NVFP4,p2
0,1,,ceylon,False,nvidia/NVIDIA-Nemotron-Labs-3-Puzzle-75B-A9B-NVFP4,p2
0,1,,ceylon,False,nvidia/NVIDIA-Nemotron-Labs-3-Puzzle-75B-A9B-NVFP4,p2
1,1,,stab,True,nvidia/NVIDIA-Nemotron-Labs-3-Puzzle-75B-A9B-NVFP4,p2
1,1,,stab,True,nvidia/NVIDIA-Nemotron-Labs-3-Puzzle-75B-A9B-NVFP4,p2
1,1,,biting,True,nvidia/NVIDIA-Nemotron-Labs-3-Puzzle-75B-A9B-NVFP4,p2
1,1,,shepherd,True,nvidia/NVIDIA-Nemotron-Labs-3-Puzzle-75B-A9B-NVFP4,p2
0,0,,shepherd,True,nvidia/NVIDIA-Nemotron-Labs-3-Puzzle-75B-A9B-NVFP4,p2
1,1,,self-conscious,True,nvidia/NVIDIA-Nemotron-Labs-3-Puzzle-75B-A9B-NVFP4,p2
1,1,,self-conscious,True,nvidia/NVIDIA-Nemotron-Labs-3-Puzzle-75B-A9B-NVFP4,p2
0,0,,self-conscious,True,nvidia/NVIDIA-Nemotron-Labs-3-Puzzle-75B-A9B-NVFP4,p2
0,0,,self-conscious,True,nvidia/NVIDIA-Nemotron-Labs-3-Puzzle-75B-A9B-NVFP4,p2
0,1,,startle,False,nvidia/NVIDIA-Nemotron-Labs-3-Puzzle-75B-A9B-NVFP4,p2
1,1,,feathered,True,nvidia/NVIDIA-Nemotron-Labs-3-Puzzle-75B-A9B-NVFP4,p2
0,1,,feathered,False,nvidia/NVIDIA-Nemotron-Labs-3-Puzzle-75B-A9B-NVFP4,p2
0,1,,feathered,False,nvidia/NVIDIA-Nemotron-Labs-3-Puzzle-75B-A9B-NVFP4,p2
1,1,,strew,True,nvidia/NVIDIA-Nemotron-Labs-3-Puzzle-75B-A9B-NVFP4,p2
0,1,,strew,False,nvidia/NVIDIA-Nemotron-Labs-3-Puzzle-75B-A9B-NVFP4,p2
0,1,,strew,False,nvidia/NVIDIA-Nemotron-Labs-3-Puzzle-75B-A9B-NVFP4,p2
1,1,,provocative,True,nvidia/NVIDIA-Nemotron-Labs-3-Puzzle-75B-A9B-NVFP4,p2
0,1,,provocative,False,nvidia/NVIDIA-Nemotron-Labs-3-Puzzle-75B-A9B-NVFP4,p2
0,0,,provocative,True,nvidia/NVIDIA-Nemotron-Labs-3-Puzzle-75B-A9B-NVFP4,p2
1,1,,correctness,True,nvidia/NVIDIA-Nemotron-Labs-3-Puzzle-75B-A9B-NVFP4,p2
0,0,,correctness,True,nvidia/NVIDIA-Nemotron-Labs-3-Puzzle-75B-A9B-NVFP4,p2
1,0,,borrowing,False,nvidia/NVIDIA-Nemotron-Labs-3-Puzzle-75B-A9B-NVFP4,p2
1,1,,borrowing,True,nvidia/NVIDIA-Nemotron-Labs-3-Puzzle-75B-A9B-NVFP4,p2
0,0,,borrowing,True,nvidia/NVIDIA-Nemotron-Labs-3-Puzzle-75B-A9B-NVFP4,p2
0,0,,borrowing,True,nvidia/NVIDIA-Nemotron-Labs-3-Puzzle-75B-A9B-NVFP4,p2
1,1,,high_frequency,True,nvidia/NVIDIA-Nemotron-Labs-3-Puzzle-75B-A9B-NVFP4,p2
0,0,,high_frequency,True,nvidia/NVIDIA-Nemotron-Labs-3-Puzzle-75B-A9B-NVFP4,p2
0,1,,high_frequency,False,nvidia/NVIDIA-Nemotron-Labs-3-Puzzle-75B-A9B-NVFP4,p2
1,1,,nominate,True,nvidia/NVIDIA-Nemotron-Labs-3-Puzzle-75B-A9B-NVFP4,p2
1,1,,nominate,True,nvidia/NVIDIA-Nemotron-Labs-3-Puzzle-75B-A9B-NVFP4,p2
0,1,,nominate,False,nvidia/NVIDIA-Nemotron-Labs-3-Puzzle-75B-A9B-NVFP4,p2
0,1,,nominate,False,nvidia/NVIDIA-Nemotron-Labs-3-Puzzle-75B-A9B-NVFP4,p2
0,1,,nominate,False,nvidia/NVIDIA-Nemotron-Labs-3-Puzzle-75B-A9B-NVFP4,p2
0,1,,nominate,False,nvidia/NVIDIA-Nemotron-Labs-3-Puzzle-75B-A9B-NVFP4,p2
1,1,,meditation,True,nvidia/NVIDIA-Nemotron-Labs-3-Puzzle-75B-A9B-NVFP4,p2
0,1,,meditation,False,nvidia/NVIDIA-Nemotron-Labs-3-Puzzle-75B-A9B-NVFP4,p2
1,1,,disconnect,True,nvidia/NVIDIA-Nemotron-Labs-3-Puzzle-75B-A9B-NVFP4,p2
1,1,,lavish,True,nvidia/NVIDIA-Nemotron-Labs-3-Puzzle-75B-A9B-NVFP4,p2
1,1,,interlock,True,nvidia/NVIDIA-Nemotron-Labs-3-Puzzle-75B-A9B-NVFP4,p2
1,1,,interlock,True,nvidia/NVIDIA-Nemotron-Labs-3-Puzzle-75B-A9B-NVFP4,p2
0,1,,interlock,False,nvidia/NVIDIA-Nemotron-Labs-3-Puzzle-75B-A9B-NVFP4,p2
0,1,,interlock,False,nvidia/NVIDIA-Nemotron-Labs-3-Puzzle-75B-A9B-NVFP4,p2
1,1,,prolong,True,nvidia/NVIDIA-Nemotron-Labs-3-Puzzle-75B-A9B-NVFP4,p2
1,1,,trophy,True,nvidia/NVIDIA-Nemotron-Labs-3-Puzzle-75B-A9B-NVFP4,p2
0,0,,trophy,True,nvidia/NVIDIA-Nemotron-Labs-3-Puzzle-75B-A9B-NVFP4,p2
1,1,,trickery,True,nvidia/NVIDIA-Nemotron-Labs-3-Puzzle-75B-A9B-NVFP4,p2
1,1,,trickery,True,nvidia/NVIDIA-Nemotron-Labs-3-Puzzle-75B-A9B-NVFP4,p2
0,1,,trickery,False,nvidia/NVIDIA-Nemotron-Labs-3-Puzzle-75B-A9B-NVFP4,p2
1,0,,pellet,False,nvidia/NVIDIA-Nemotron-Labs-3-Puzzle-75B-A9B-NVFP4,p2
0,0,,pellet,True,nvidia/NVIDIA-Nemotron-Labs-3-Puzzle-75B-A9B-NVFP4,p2
1,1,,allergic,True,nvidia/NVIDIA-Nemotron-Labs-3-Puzzle-75B-A9B-NVFP4,p2
1,1,,allergic,True,nvidia/NVIDIA-Nemotron-Labs-3-Puzzle-75B-A9B-NVFP4,p2
0,1,,allergic,False,nvidia/NVIDIA-Nemotron-Labs-3-Puzzle-75B-A9B-NVFP4,p2
1,1,,tasteless,True,nvidia/NVIDIA-Nemotron-Labs-3-Puzzle-75B-A9B-NVFP4,p2
0,0,,tasteless,True,nvidia/NVIDIA-Nemotron-Labs-3-Puzzle-75B-A9B-NVFP4,p2
1,1,,micronesia,True,nvidia/NVIDIA-Nemotron-Labs-3-Puzzle-75B-A9B-NVFP4,p2
0,1,,micronesia,False,nvidia/NVIDIA-Nemotron-Labs-3-Puzzle-75B-A9B-NVFP4,p2
1,1,,spit,True,nvidia/NVIDIA-Nemotron-Labs-3-Puzzle-75B-A9B-NVFP4,p2
1,1,,spit,True,nvidia/NVIDIA-Nemotron-Labs-3-Puzzle-75B-A9B-NVFP4,p2
0,0,,spit,True,nvidia/NVIDIA-Nemotron-Labs-3-Puzzle-75B-A9B-NVFP4,p2
0,0,,spit,True,nvidia/NVIDIA-Nemotron-Labs-3-Puzzle-75B-A9B-NVFP4,p2
1,0,,trough,False,nvidia/NVIDIA-Nemotron-Labs-3-Puzzle-75B-A9B-NVFP4,p2
1,1,,trough,True,nvidia/NVIDIA-Nemotron-Labs-3-Puzzle-75B-A9B-NVFP4,p2
0,0,,trough,True,nvidia/NVIDIA-Nemotron-Labs-3-Puzzle-75B-A9B-NVFP4,p2
0,0,,trough,True,nvidia/NVIDIA-Nemotron-Labs-3-Puzzle-75B-A9B-NVFP4,p2
0,0,,trough,True,nvidia/NVIDIA-Nemotron-Labs-3-Puzzle-75B-A9B-NVFP4,p2
0,1,,trough,False,nvidia/NVIDIA-Nemotron-Labs-3-Puzzle-75B-A9B-NVFP4,p2
0,0,,trough,True,nvidia/NVIDIA-Nemotron-Labs-3-Puzzle-75B-A9B-NVFP4,p2
1,1,,validate,True,nvidia/NVIDIA-Nemotron-Labs-3-Puzzle-75B-A9B-NVFP4,p2
1,1,,validate,True,nvidia/NVIDIA-Nemotron-Labs-3-Puzzle-75B-A9B-NVFP4,p2
0,1,,validate,False,nvidia/NVIDIA-Nemotron-Labs-3-Puzzle-75B-A9B-NVFP4,p2
0,1,,validate,False,nvidia/NVIDIA-Nemotron-Labs-3-Puzzle-75B-A9B-NVFP4,p2
0,1,,validate,False,nvidia/NVIDIA-Nemotron-Labs-3-Puzzle-75B-A9B-NVFP4,p2
1,1,,approximation,True,nvidia/NVIDIA-Nemotron-Labs-3-Puzzle-75B-A9B-NVFP4,p2
1,1,,approximation,True,nvidia/NVIDIA-Nemotron-Labs-3-Puzzle-75B-A9B-NVFP4,p2
1,1,,approximation,True,nvidia/NVIDIA-Nemotron-Labs-3-Puzzle-75B-A9B-NVFP4,p2
0,0,,approximation,True,nvidia/NVIDIA-Nemotron-Labs-3-Puzzle-75B-A9B-NVFP4,p2
1,1,,hunt,True,nvidia/NVIDIA-Nemotron-Labs-3-Puzzle-75B-A9B-NVFP4,p2
1,1,,hunt,True,nvidia/NVIDIA-Nemotron-Labs-3-Puzzle-75B-A9B-NVFP4,p2
1,1,,hunt,True,nvidia/NVIDIA-Nemotron-Labs-3-Puzzle-75B-A9B-NVFP4,p2
1,1,,hunt,True,nvidia/NVIDIA-Nemotron-Labs-3-Puzzle-75B-A9B-NVFP4,p2
1,1,,hunt,True,nvidia/NVIDIA-Nemotron-Labs-3-Puzzle-75B-A9B-NVFP4,p2
1,1,,hunt,True,nvidia/NVIDIA-Nemotron-Labs-3-Puzzle-75B-A9B-NVFP4,p2
0,0,,hunt,True,nvidia/NVIDIA-Nemotron-Labs-3-Puzzle-75B-A9B-NVFP4,p2
0,0,,hunt,True,nvidia/NVIDIA-Nemotron-Labs-3-Puzzle-75B-A9B-NVFP4,p2
0,0,,hunt,True,nvidia/NVIDIA-Nemotron-Labs-3-Puzzle-75B-A9B-NVFP4,p2
0,0,,hunt,True,nvidia/NVIDIA-Nemotron-Labs-3-Puzzle-75B-A9B-NVFP4,p2
0,0,,hunt,True,nvidia/NVIDIA-Nemotron-Labs-3-Puzzle-75B-A9B-NVFP4,p2
0,0,,hunt,True,nvidia/NVIDIA-Nemotron-Labs-3-Puzzle-75B-A9B-NVFP4,p2
0,0,,hunt,True,nvidia/NVIDIA-Nemotron-Labs-3-Puzzle-75B-A9B-NVFP4,p2
1,1,,expectation,True,nvidia/NVIDIA-Nemotron-Labs-3-Puzzle-75B-A9B-NVFP4,p2
0,0,,expectation,True,nvidia/NVIDIA-Nemotron-Labs-3-Puzzle-75B-A9B-NVFP4,p2
0,0,,expectation,True,nvidia/NVIDIA-Nemotron-Labs-3-Puzzle-75B-A9B-NVFP4,p2
0,1,,expectation,False,nvidia/NVIDIA-Nemotron-Labs-3-Puzzle-75B-A9B-NVFP4,p2
1,1,,duplicate,True,nvidia/NVIDIA-Nemotron-Labs-3-Puzzle-75B-A9B-NVFP4,p2
1,1,,duplicate,True,nvidia/NVIDIA-Nemotron-Labs-3-Puzzle-75B-A9B-NVFP4,p2
1,1,,duplicate,True,nvidia/NVIDIA-Nemotron-Labs-3-Puzzle-75B-A9B-NVFP4,p2
0,1,,duplicate,False,nvidia/NVIDIA-Nemotron-Labs-3-Puzzle-75B-A9B-NVFP4,p2
0,1,,duplicate,False,nvidia/NVIDIA-Nemotron-Labs-3-Puzzle-75B-A9B-NVFP4,p2
0,1,,duplicate,False,nvidia/NVIDIA-Nemotron-Labs-3-Puzzle-75B-A9B-NVFP4,p2
0,0,,duplicate,True,nvidia/NVIDIA-Nemotron-Labs-3-Puzzle-75B-A9B-NVFP4,p2
1,1,,squadron,True,nvidia/NVIDIA-Nemotron-Labs-3-Puzzle-75B-A9B-NVFP4,p2
0,0,,squadron,True,nvidia/NVIDIA-Nemotron-Labs-3-Puzzle-75B-A9B-NVFP4,p2
1,1,,dual,True,nvidia/NVIDIA-Nemotron-Labs-3-Puzzle-75B-A9B-NVFP4,p2
1,1,,dual,True,nvidia/NVIDIA-Nemotron-Labs-3-Puzzle-75B-A9B-NVFP4,p2
0,0,,dual,True,nvidia/NVIDIA-Nemotron-Labs-3-Puzzle-75B-A9B-NVFP4,p2
0,0,,dual,True,nvidia/NVIDIA-Nemotron-Labs-3-Puzzle-75B-A9B-NVFP4,p2
1,1,,count,True,nvidia/NVIDIA-Nemotron-Labs-3-Puzzle-75B-A9B-NVFP4,p2
1,1,,count,True,nvidia/NVIDIA-Nemotron-Labs-3-Puzzle-75B-A9B-NVFP4,p2
0,0,,count,True,nvidia/NVIDIA-Nemotron-Labs-3-Puzzle-75B-A9B-NVFP4,p2
0,0,,count,True,nvidia/NVIDIA-Nemotron-Labs-3-Puzzle-75B-A9B-NVFP4,p2
1,1,,oppression,True,nvidia/NVIDIA-Nemotron-Labs-3-Puzzle-75B-A9B-NVFP4,p2
0,0,,oppression,True,nvidia/NVIDIA-Nemotron-Labs-3-Puzzle-75B-A9B-NVFP4,p2
0,1,,oppression,False,nvidia/NVIDIA-Nemotron-Labs-3-Puzzle-75B-A9B-NVFP4,p2
0,0,,oppression,True,nvidia/NVIDIA-Nemotron-Labs-3-Puzzle-75B-A9B-NVFP4,p2
1,1,,localize,True,nvidia/NVIDIA-Nemotron-Labs-3-Puzzle-75B-A9B-NVFP4,p2
0,1,,localize,False,nvidia/NVIDIA-Nemotron-Labs-3-Puzzle-75B-A9B-NVFP4,p2
1,1,,immediacy,True,nvidia/NVIDIA-Nemotron-Labs-3-Puzzle-75B-A9B-NVFP4,p2
1,1,,stride,True,nvidia/NVIDIA-Nemotron-Labs-3-Puzzle-75B-A9B-NVFP4,p2
1,1,,stride,True,nvidia/NVIDIA-Nemotron-Labs-3-Puzzle-75B-A9B-NVFP4,p2
0,0,,stride,True,nvidia/NVIDIA-Nemotron-Labs-3-Puzzle-75B-A9B-NVFP4,p2
0,0,,stride,True,nvidia/NVIDIA-Nemotron-Labs-3-Puzzle-75B-A9B-NVFP4,p2
0,0,,stride,True,nvidia/NVIDIA-Nemotron-Labs-3-Puzzle-75B-A9B-NVFP4,p2
1,1,,apache,True,nvidia/NVIDIA-Nemotron-Labs-3-Puzzle-75B-A9B-NVFP4,p2
0,0,,apache,True,nvidia/NVIDIA-Nemotron-Labs-3-Puzzle-75B-A9B-NVFP4,p2
0,0,,apache,True,nvidia/NVIDIA-Nemotron-Labs-3-Puzzle-75B-A9B-NVFP4,p2
1,1,,hitch,True,nvidia/NVIDIA-Nemotron-Labs-3-Puzzle-75B-A9B-NVFP4,p2
1,1,,hitch,True,nvidia/NVIDIA-Nemotron-Labs-3-Puzzle-75B-A9B-NVFP4,p2
1,1,,hitch,True,nvidia/NVIDIA-Nemotron-Labs-3-Puzzle-75B-A9B-NVFP4,p2
1,1,,hitch,True,nvidia/NVIDIA-Nemotron-Labs-3-Puzzle-75B-A9B-NVFP4,p2
0,0,,hitch,True,nvidia/NVIDIA-Nemotron-Labs-3-Puzzle-75B-A9B-NVFP4,p2
0,0,,hitch,True,nvidia/NVIDIA-Nemotron-Labs-3-Puzzle-75B-A9B-NVFP4,p2
0,0,,hitch,True,nvidia/NVIDIA-Nemotron-Labs-3-Puzzle-75B-A9B-NVFP4,p2
0,0,,hitch,True,nvidia/NVIDIA-Nemotron-Labs-3-Puzzle-75B-A9B-NVFP4,p2
1,1,,sophistication,True,nvidia/NVIDIA-Nemotron-Labs-3-Puzzle-75B-A9B-NVFP4,p2
1,1,,sophistication,True,nvidia/NVIDIA-Nemotron-Labs-3-Puzzle-75B-A9B-NVFP4,p2
0,0,,sophistication,True,nvidia/NVIDIA-Nemotron-Labs-3-Puzzle-75B-A9B-NVFP4,p2
0,0,,sophistication,True,nvidia/NVIDIA-Nemotron-Labs-3-Puzzle-75B-A9B-NVFP4,p2
1,1,,high,True,nvidia/NVIDIA-Nemotron-Labs-3-Puzzle-75B-A9B-NVFP4,p2
0,0,,high,True,nvidia/NVIDIA-Nemotron-Labs-3-Puzzle-75B-A9B-NVFP4,p2
0,0,,high,True,nvidia/NVIDIA-Nemotron-Labs-3-Puzzle-75B-A9B-NVFP4,p2
1,1,,closet,True,nvidia/NVIDIA-Nemotron-Labs-3-Puzzle-75B-A9B-NVFP4,p2
1,1,,closet,True,nvidia/NVIDIA-Nemotron-Labs-3-Puzzle-75B-A9B-NVFP4,p2
0,0,,closet,True,nvidia/NVIDIA-Nemotron-Labs-3-Puzzle-75B-A9B-NVFP4,p2
0,0,,closet,True,nvidia/NVIDIA-Nemotron-Labs-3-Puzzle-75B-A9B-NVFP4,p2
1,1,,mortal,True,nvidia/NVIDIA-Nemotron-Labs-3-Puzzle-75B-A9B-NVFP4,p2
1,1,,mortal,True,nvidia/NVIDIA-Nemotron-Labs-3-Puzzle-75B-A9B-NVFP4,p2
1,1,,mortal,True,nvidia/NVIDIA-Nemotron-Labs-3-Puzzle-75B-A9B-NVFP4,p2
0,1,,mortal,False,nvidia/NVIDIA-Nemotron-Labs-3-Puzzle-75B-A9B-NVFP4,p2
0,1,,mortal,False,nvidia/NVIDIA-Nemotron-Labs-3-Puzzle-75B-A9B-NVFP4,p2
0,0,,mortal,True,nvidia/NVIDIA-Nemotron-Labs-3-Puzzle-75B-A9B-NVFP4,p2
1,1,,moderator,True,nvidia/NVIDIA-Nemotron-Labs-3-Puzzle-75B-A9B-NVFP4,p2
1,1,,moderator,True,nvidia/NVIDIA-Nemotron-Labs-3-Puzzle-75B-A9B-NVFP4,p2
0,0,,moderator,True,nvidia/NVIDIA-Nemotron-Labs-3-Puzzle-75B-A9B-NVFP4,p2
1,1,,offset,True,nvidia/NVIDIA-Nemotron-Labs-3-Puzzle-75B-A9B-NVFP4,p2
1,1,,offset,True,nvidia/NVIDIA-Nemotron-Labs-3-Puzzle-75B-A9B-NVFP4,p2
1,1,,offset,True,nvidia/NVIDIA-Nemotron-Labs-3-Puzzle-75B-A9B-NVFP4,p2
1,1,,offset,True,nvidia/NVIDIA-Nemotron-Labs-3-Puzzle-75B-A9B-NVFP4,p2
0,0,,offset,True,nvidia/NVIDIA-Nemotron-Labs-3-Puzzle-75B-A9B-NVFP4,p2
0,0,,offset,True,nvidia/NVIDIA-Nemotron-Labs-3-Puzzle-75B-A9B-NVFP4,p2
1,1,,flat,True,nvidia/NVIDIA-Nemotron-Labs-3-Puzzle-75B-A9B-NVFP4,p2
1,1,,flat,True,nvidia/NVIDIA-Nemotron-Labs-3-Puzzle-75B-A9B-NVFP4,p2
1,1,,flat,True,nvidia/NVIDIA-Nemotron-Labs-3-Puzzle-75B-A9B-NVFP4,p2
1,1,,flat,True,nvidia/NVIDIA-Nemotron-Labs-3-Puzzle-75B-A9B-NVFP4,p2
0,0,,flat,True,nvidia/NVIDIA-Nemotron-Labs-3-Puzzle-75B-A9B-NVFP4,p2
0,0,,flat,True,nvidia/NVIDIA-Nemotron-Labs-3-Puzzle-75B-A9B-NVFP4,p2
1,1,,knock,True,nvidia/NVIDIA-Nemotron-Labs-3-Puzzle-75B-A9B-NVFP4,p2
1,1,,knock,True,nvidia/NVIDIA-Nemotron-Labs-3-Puzzle-75B-A9B-NVFP4,p2
1,0,,knock,False,nvidia/NVIDIA-Nemotron-Labs-3-Puzzle-75B-A9B-NVFP4,p2
0,0,,knock,True,nvidia/NVIDIA-Nemotron-Labs-3-Puzzle-75B-A9B-NVFP4,p2
0,0,,knock,True,nvidia/NVIDIA-Nemotron-Labs-3-Puzzle-75B-A9B-NVFP4,p2
0,1,,knock,False,nvidia/NVIDIA-Nemotron-Labs-3-Puzzle-75B-A9B-NVFP4,p2
0,0,,knock,True,nvidia/NVIDIA-Nemotron-Labs-3-Puzzle-75B-A9B-NVFP4,p2
1,1,,drinker,True,nvidia/NVIDIA-Nemotron-Labs-3-Puzzle-75B-A9B-NVFP4,p2
1,1,,drinker,True,nvidia/NVIDIA-Nemotron-Labs-3-Puzzle-75B-A9B-NVFP4,p2
0,0,,drinker,True,nvidia/NVIDIA-Nemotron-Labs-3-Puzzle-75B-A9B-NVFP4,p2
0,0,,drinker,True,nvidia/NVIDIA-Nemotron-Labs-3-Puzzle-75B-A9B-NVFP4,p2
1,1,,silkworm,True,nvidia/NVIDIA-Nemotron-Labs-3-Puzzle-75B-A9B-NVFP4,p2
0,1,,silkworm,False,nvidia/NVIDIA-Nemotron-Labs-3-Puzzle-75B-A9B-NVFP4,p2
1,1,,luxurious,True,nvidia/NVIDIA-Nemotron-Labs-3-Puzzle-75B-A9B-NVFP4,p2
0,1,,luxurious,False,nvidia/NVIDIA-Nemotron-Labs-3-Puzzle-75B-A9B-NVFP4,p2
1,1,,fill_out,True,nvidia/NVIDIA-Nemotron-Labs-3-Puzzle-75B-A9B-NVFP4,p2
1,1,,fill_out,True,nvidia/NVIDIA-Nemotron-Labs-3-Puzzle-75B-A9B-NVFP4,p2
0,0,,fill_out,True,nvidia/NVIDIA-Nemotron-Labs-3-Puzzle-75B-A9B-NVFP4,p2
0,0,,fill_out,True,nvidia/NVIDIA-Nemotron-Labs-3-Puzzle-75B-A9B-NVFP4,p2
0,1,,fill_out,False,nvidia/NVIDIA-Nemotron-Labs-3-Puzzle-75B-A9B-NVFP4,p2
0,1,,fill_out,False,nvidia/NVIDIA-Nemotron-Labs-3-Puzzle-75B-A9B-NVFP4,p2
1,1,,preoccupied,True,nvidia/NVIDIA-Nemotron-Labs-3-Puzzle-75B-A9B-NVFP4,p2
1,1,,preoccupied,True,nvidia/NVIDIA-Nemotron-Labs-3-Puzzle-75B-A9B-NVFP4,p2
0,1,,preoccupied,False,nvidia/NVIDIA-Nemotron-Labs-3-Puzzle-75B-A9B-NVFP4,p2
0,1,,preoccupied,False,nvidia/NVIDIA-Nemotron-Labs-3-Puzzle-75B-A9B-NVFP4,p2
1,1,,long-range,True,nvidia/NVIDIA-Nemotron-Labs-3-Puzzle-75B-A9B-NVFP4,p2
1,1,,long-range,True,nvidia/NVIDIA-Nemotron-Labs-3-Puzzle-75B-A9B-NVFP4,p2
0,0,,long-range,True,nvidia/NVIDIA-Nemotron-Labs-3-Puzzle-75B-A9B-NVFP4,p2
1,1,,rudder,True,nvidia/NVIDIA-Nemotron-Labs-3-Puzzle-75B-A9B-NVFP4,p2
0,1,,rudder,False,nvidia/NVIDIA-Nemotron-Labs-3-Puzzle-75B-A9B-NVFP4,p2
0,1,,rudder,False,nvidia/NVIDIA-Nemotron-Labs-3-Puzzle-75B-A9B-NVFP4,p2
1,1,,mania,True,nvidia/NVIDIA-Nemotron-Labs-3-Puzzle-75B-A9B-NVFP4,p2
0,0,,mania,True,nvidia/NVIDIA-Nemotron-Labs-3-Puzzle-75B-A9B-NVFP4,p2
0,0,,mania,True,nvidia/NVIDIA-Nemotron-Labs-3-Puzzle-75B-A9B-NVFP4,p2
1,1,,self-control,True,nvidia/NVIDIA-Nemotron-Labs-3-Puzzle-75B-A9B-NVFP4,p2
0,1,,self-control,False,nvidia/NVIDIA-Nemotron-Labs-3-Puzzle-75B-A9B-NVFP4,p2
1,1,,void,True,nvidia/NVIDIA-Nemotron-Labs-3-Puzzle-75B-A9B-NVFP4,p2
0,0,,void,True,nvidia/NVIDIA-Nemotron-Labs-3-Puzzle-75B-A9B-NVFP4,p2
1,1,,dilution,True,nvidia/NVIDIA-Nemotron-Labs-3-Puzzle-75B-A9B-NVFP4,p2
0,1,,dilution,False,nvidia/NVIDIA-Nemotron-Labs-3-Puzzle-75B-A9B-NVFP4,p2
0,1,,append,False,nvidia/NVIDIA-Nemotron-Labs-3-Puzzle-75B-A9B-NVFP4,p2
0,1,,append,False,nvidia/NVIDIA-Nemotron-Labs-3-Puzzle-75B-A9B-NVFP4,p2
0,0,,directory,True,nvidia/NVIDIA-Nemotron-Labs-3-Puzzle-75B-A9B-NVFP4,p2
0,0,,directory,True,nvidia/NVIDIA-Nemotron-Labs-3-Puzzle-75B-A9B-NVFP4,p2
1,1,,worsted,True,nvidia/NVIDIA-Nemotron-Labs-3-Puzzle-75B-A9B-NVFP4,p2
1,1,,worsted,True,nvidia/NVIDIA-Nemotron-Labs-3-Puzzle-75B-A9B-NVFP4,p2
0,0,,worsted,True,nvidia/NVIDIA-Nemotron-Labs-3-Puzzle-75B-A9B-NVFP4,p2
1,1,,heath,True,nvidia/NVIDIA-Nemotron-Labs-3-Puzzle-75B-A9B-NVFP4,p2
0,0,,heath,True,nvidia/NVIDIA-Nemotron-Labs-3-Puzzle-75B-A9B-NVFP4,p2
0,0,,rook,True,nvidia/NVIDIA-Nemotron-Labs-3-Puzzle-75B-A9B-NVFP4,p2
1,1,,laterally,True,nvidia/NVIDIA-Nemotron-Labs-3-Puzzle-75B-A9B-NVFP4,p2
0,1,,laterally,False,nvidia/NVIDIA-Nemotron-Labs-3-Puzzle-75B-A9B-NVFP4,p2
1,1,,crane,True,nvidia/NVIDIA-Nemotron-Labs-3-Puzzle-75B-A9B-NVFP4,p2
0,0,,crane,True,nvidia/NVIDIA-Nemotron-Labs-3-Puzzle-75B-A9B-NVFP4,p2
0,0,,crane,True,nvidia/NVIDIA-Nemotron-Labs-3-Puzzle-75B-A9B-NVFP4,p2
1,1,,caucasus,True,nvidia/NVIDIA-Nemotron-Labs-3-Puzzle-75B-A9B-NVFP4,p2
1,1,,caucasus,True,nvidia/NVIDIA-Nemotron-Labs-3-Puzzle-75B-A9B-NVFP4,p2
0,1,,caucasus,False,nvidia/NVIDIA-Nemotron-Labs-3-Puzzle-75B-A9B-NVFP4,p2
1,1,,Edward,True,nvidia/NVIDIA-Nemotron-Labs-3-Puzzle-75B-A9B-NVFP4,p2
1,1,,Edward,True,nvidia/NVIDIA-Nemotron-Labs-3-Puzzle-75B-A9B-NVFP4,p2
1,1,,Edward,True,nvidia/NVIDIA-Nemotron-Labs-3-Puzzle-75B-A9B-NVFP4,p2
0,1,,Edward,False,nvidia/NVIDIA-Nemotron-Labs-3-Puzzle-75B-A9B-NVFP4,p2
0,0,,Edward,True,nvidia/NVIDIA-Nemotron-Labs-3-Puzzle-75B-A9B-NVFP4,p2
0,1,,Edward,False,nvidia/NVIDIA-Nemotron-Labs-3-Puzzle-75B-A9B-NVFP4,p2
1,1,,equity,True,nvidia/NVIDIA-Nemotron-Labs-3-Puzzle-75B-A9B-NVFP4,p2
1,1,,ache,True,nvidia/NVIDIA-Nemotron-Labs-3-Puzzle-75B-A9B-NVFP4,p2
0,1,,ache,False,nvidia/NVIDIA-Nemotron-Labs-3-Puzzle-75B-A9B-NVFP4,p2
0,0,,ache,True,nvidia/NVIDIA-Nemotron-Labs-3-Puzzle-75B-A9B-NVFP4,p2
1,1,,liberate,True,nvidia/NVIDIA-Nemotron-Labs-3-Puzzle-75B-A9B-NVFP4,p2
0,1,,liberate,False,nvidia/NVIDIA-Nemotron-Labs-3-Puzzle-75B-A9B-NVFP4,p2
0,0,,liberate,True,nvidia/NVIDIA-Nemotron-Labs-3-Puzzle-75B-A9B-NVFP4,p2
0,1,,liberate,False,nvidia/NVIDIA-Nemotron-Labs-3-Puzzle-75B-A9B-NVFP4,p2
1,1,,pint,True,nvidia/NVIDIA-Nemotron-Labs-3-Puzzle-75B-A9B-NVFP4,p2
1,1,,earthy,True,nvidia/NVIDIA-Nemotron-Labs-3-Puzzle-75B-A9B-NVFP4,p2
0,0,,earthy,True,nvidia/NVIDIA-Nemotron-Labs-3-Puzzle-75B-A9B-NVFP4,p2
0,0,,earthy,True,nvidia/NVIDIA-Nemotron-Labs-3-Puzzle-75B-A9B-NVFP4,p2
0,0,,earthy,True,nvidia/NVIDIA-Nemotron-Labs-3-Puzzle-75B-A9B-NVFP4,p2
1,1,,cram,True,nvidia/NVIDIA-Nemotron-Labs-3-Puzzle-75B-A9B-NVFP4,p2
1,1,,cram,True,nvidia/NVIDIA-Nemotron-Labs-3-Puzzle-75B-A9B-NVFP4,p2
1,1,,cram,True,nvidia/NVIDIA-Nemotron-Labs-3-Puzzle-75B-A9B-NVFP4,p2
0,0,,cram,True,nvidia/NVIDIA-Nemotron-Labs-3-Puzzle-75B-A9B-NVFP4,p2
0,0,,cram,True,nvidia/NVIDIA-Nemotron-Labs-3-Puzzle-75B-A9B-NVFP4,p2
0,0,,cram,True,nvidia/NVIDIA-Nemotron-Labs-3-Puzzle-75B-A9B-NVFP4,p2
1,1,,endorsement,True,nvidia/NVIDIA-Nemotron-Labs-3-Puzzle-75B-A9B-NVFP4,p2
1,1,,endorsement,True,nvidia/NVIDIA-Nemotron-Labs-3-Puzzle-75B-A9B-NVFP4,p2
1,1,,endorsement,True,nvidia/NVIDIA-Nemotron-Labs-3-Puzzle-75B-A9B-NVFP4,p2
0,0,,endorsement,True,nvidia/NVIDIA-Nemotron-Labs-3-Puzzle-75B-A9B-NVFP4,p2
0,0,,endorsement,True,nvidia/NVIDIA-Nemotron-Labs-3-Puzzle-75B-A9B-NVFP4,p2
1,1,,rack,True,nvidia/NVIDIA-Nemotron-Labs-3-Puzzle-75B-A9B-NVFP4,p2
1,1,,rack,True,nvidia/NVIDIA-Nemotron-Labs-3-Puzzle-75B-A9B-NVFP4,p2
1,1,,rack,True,nvidia/NVIDIA-Nemotron-Labs-3-Puzzle-75B-A9B-NVFP4,p2
1,0,,rack,False,nvidia/NVIDIA-Nemotron-Labs-3-Puzzle-75B-A9B-NVFP4,p2
0,0,,rack,True,nvidia/NVIDIA-Nemotron-Labs-3-Puzzle-75B-A9B-NVFP4,p2
0,0,,rack,True,nvidia/NVIDIA-Nemotron-Labs-3-Puzzle-75B-A9B-NVFP4,p2
0,0,,rack,True,nvidia/NVIDIA-Nemotron-Labs-3-Puzzle-75B-A9B-NVFP4,p2
0,0,,rack,True,nvidia/NVIDIA-Nemotron-Labs-3-Puzzle-75B-A9B-NVFP4,p2
0,0,,rack,True,nvidia/NVIDIA-Nemotron-Labs-3-Puzzle-75B-A9B-NVFP4,p2
1,1,,hack,True,nvidia/NVIDIA-Nemotron-Labs-3-Puzzle-75B-A9B-NVFP4,p2
1,1,,hack,True,nvidia/NVIDIA-Nemotron-Labs-3-Puzzle-75B-A9B-NVFP4,p2
1,1,,hack,True,nvidia/NVIDIA-Nemotron-Labs-3-Puzzle-75B-A9B-NVFP4,p2
0,1,,hack,False,nvidia/NVIDIA-Nemotron-Labs-3-Puzzle-75B-A9B-NVFP4,p2
0,1,,hack,False,nvidia/NVIDIA-Nemotron-Labs-3-Puzzle-75B-A9B-NVFP4,p2
0,1,,hack,False,nvidia/NVIDIA-Nemotron-Labs-3-Puzzle-75B-A9B-NVFP4,p2
0,1,,hack,False,nvidia/NVIDIA-Nemotron-Labs-3-Puzzle-75B-A9B-NVFP4,p2
0,0,,hack,True,nvidia/NVIDIA-Nemotron-Labs-3-Puzzle-75B-A9B-NVFP4,p2
1,1,,pavement,True,nvidia/NVIDIA-Nemotron-Labs-3-Puzzle-75B-A9B-NVFP4,p2
1,1,,pavement,True,nvidia/NVIDIA-Nemotron-Labs-3-Puzzle-75B-A9B-NVFP4,p2
0,1,,pavement,False,nvidia/NVIDIA-Nemotron-Labs-3-Puzzle-75B-A9B-NVFP4,p2
0,1,,pavement,False,nvidia/NVIDIA-Nemotron-Labs-3-Puzzle-75B-A9B-NVFP4,p2
1,1,,overboard,True,nvidia/NVIDIA-Nemotron-Labs-3-Puzzle-75B-A9B-NVFP4,p2
0,0,,overboard,True,nvidia/NVIDIA-Nemotron-Labs-3-Puzzle-75B-A9B-NVFP4,p2
0,0,,overboard,True,nvidia/NVIDIA-Nemotron-Labs-3-Puzzle-75B-A9B-NVFP4,p2
0,0,,secondhand,True,nvidia/NVIDIA-Nemotron-Labs-3-Puzzle-75B-A9B-NVFP4,p2
0,1,,secondhand,False,nvidia/NVIDIA-Nemotron-Labs-3-Puzzle-75B-A9B-NVFP4,p2
1,1,,lock_up,True,nvidia/NVIDIA-Nemotron-Labs-3-Puzzle-75B-A9B-NVFP4,p2
0,0,,lock_up,True,nvidia/NVIDIA-Nemotron-Labs-3-Puzzle-75B-A9B-NVFP4,p2
0,0,,lock_up,True,nvidia/NVIDIA-Nemotron-Labs-3-Puzzle-75B-A9B-NVFP4,p2
1,1,,destine,True,nvidia/NVIDIA-Nemotron-Labs-3-Puzzle-75B-A9B-NVFP4,p2
0,0,,destine,True,nvidia/NVIDIA-Nemotron-Labs-3-Puzzle-75B-A9B-NVFP4,p2
0,0,,polarity,True,nvidia/NVIDIA-Nemotron-Labs-3-Puzzle-75B-A9B-NVFP4,p2
0,0,,polarity,True,nvidia/NVIDIA-Nemotron-Labs-3-Puzzle-75B-A9B-NVFP4,p2
1,1,,corps,True,nvidia/NVIDIA-Nemotron-Labs-3-Puzzle-75B-A9B-NVFP4,p2
1,1,,corps,True,nvidia/NVIDIA-Nemotron-Labs-3-Puzzle-75B-A9B-NVFP4,p2
0,0,,corps,True,nvidia/NVIDIA-Nemotron-Labs-3-Puzzle-75B-A9B-NVFP4,p2
0,0,,corps,True,nvidia/NVIDIA-Nemotron-Labs-3-Puzzle-75B-A9B-NVFP4,p2
1,1,,polarization,True,nvidia/NVIDIA-Nemotron-Labs-3-Puzzle-75B-A9B-NVFP4,p2
1,1,,tangle,True,nvidia/NVIDIA-Nemotron-Labs-3-Puzzle-75B-A9B-NVFP4,p2
0,1,,tangle,False,nvidia/NVIDIA-Nemotron-Labs-3-Puzzle-75B-A9B-NVFP4,p2
1,1,,endeavor,True,nvidia/NVIDIA-Nemotron-Labs-3-Puzzle-75B-A9B-NVFP4,p2
0,1,,endeavor,False,nvidia/NVIDIA-Nemotron-Labs-3-Puzzle-75B-A9B-NVFP4,p2
0,1,,endeavor,False,nvidia/NVIDIA-Nemotron-Labs-3-Puzzle-75B-A9B-NVFP4,p2
1,1,,tailor,True,nvidia/NVIDIA-Nemotron-Labs-3-Puzzle-75B-A9B-NVFP4,p2
0,0,,tailor,True,nvidia/NVIDIA-Nemotron-Labs-3-Puzzle-75B-A9B-NVFP4,p2
0,1,,tailor,False,nvidia/NVIDIA-Nemotron-Labs-3-Puzzle-75B-A9B-NVFP4,p2
0,1,,spherical,False,nvidia/NVIDIA-Nemotron-Labs-3-Puzzle-75B-A9B-NVFP4,p2
1,1,,tonal,True,nvidia/NVIDIA-Nemotron-Labs-3-Puzzle-75B-A9B-NVFP4,p2
0,0,,tonal,True,nvidia/NVIDIA-Nemotron-Labs-3-Puzzle-75B-A9B-NVFP4,p2
0,0,,tonal,True,nvidia/NVIDIA-Nemotron-Labs-3-Puzzle-75B-A9B-NVFP4,p2
1,1,,leave_out,True,nvidia/NVIDIA-Nemotron-Labs-3-Puzzle-75B-A9B-NVFP4,p2
1,1,,leave_out,True,nvidia/NVIDIA-Nemotron-Labs-3-Puzzle-75B-A9B-NVFP4,p2
0,1,,leave_out,False,nvidia/NVIDIA-Nemotron-Labs-3-Puzzle-75B-A9B-NVFP4,p2
1,1,,undone,True,nvidia/NVIDIA-Nemotron-Labs-3-Puzzle-75B-A9B-NVFP4,p2
0,0,,undone,True,nvidia/NVIDIA-Nemotron-Labs-3-Puzzle-75B-A9B-NVFP4,p2
0,0,,undone,True,nvidia/NVIDIA-Nemotron-Labs-3-Puzzle-75B-A9B-NVFP4,p2
1,1,,shading,True,nvidia/NVIDIA-Nemotron-Labs-3-Puzzle-75B-A9B-NVFP4,p2
1,1,,shading,True,nvidia/NVIDIA-Nemotron-Labs-3-Puzzle-75B-A9B-NVFP4,p2
0,1,,shading,False,nvidia/NVIDIA-Nemotron-Labs-3-Puzzle-75B-A9B-NVFP4,p2
1,1,,greek,True,nvidia/NVIDIA-Nemotron-Labs-3-Puzzle-75B-A9B-NVFP4,p2
0,0,,greek,True,nvidia/NVIDIA-Nemotron-Labs-3-Puzzle-75B-A9B-NVFP4,p2
1,1,,grapevine,True,nvidia/NVIDIA-Nemotron-Labs-3-Puzzle-75B-A9B-NVFP4,p2
0,0,,grapevine,True,nvidia/NVIDIA-Nemotron-Labs-3-Puzzle-75B-A9B-NVFP4,p2
1,1,,connotation,True,nvidia/NVIDIA-Nemotron-Labs-3-Puzzle-75B-A9B-NVFP4,p2
1,1,,connotation,True,nvidia/NVIDIA-Nemotron-Labs-3-Puzzle-75B-A9B-NVFP4,p2
0,0,,divorce,True,nvidia/NVIDIA-Nemotron-Labs-3-Puzzle-75B-A9B-NVFP4,p2
0,0,,divorce,True,nvidia/NVIDIA-Nemotron-Labs-3-Puzzle-75B-A9B-NVFP4,p2
1,1,,commune,True,nvidia/NVIDIA-Nemotron-Labs-3-Puzzle-75B-A9B-NVFP4,p2
1,1,,commune,True,nvidia/NVIDIA-Nemotron-Labs-3-Puzzle-75B-A9B-NVFP4,p2
0,0,,commune,True,nvidia/NVIDIA-Nemotron-Labs-3-Puzzle-75B-A9B-NVFP4,p2
0,1,,commune,False,nvidia/NVIDIA-Nemotron-Labs-3-Puzzle-75B-A9B-NVFP4,p2
1,1,,fidelity,True,nvidia/NVIDIA-Nemotron-Labs-3-Puzzle-75B-A9B-NVFP4,p2
1,1,,fidelity,True,nvidia/NVIDIA-Nemotron-Labs-3-Puzzle-75B-A9B-NVFP4,p2
0,0,,fidelity,True,nvidia/NVIDIA-Nemotron-Labs-3-Puzzle-75B-A9B-NVFP4,p2
0,0,,fidelity,True,nvidia/NVIDIA-Nemotron-Labs-3-Puzzle-75B-A9B-NVFP4,p2
1,0,,elude,False,nvidia/NVIDIA-Nemotron-Labs-3-Puzzle-75B-A9B-NVFP4,p2
1,1,,elude,True,nvidia/NVIDIA-Nemotron-Labs-3-Puzzle-75B-A9B-NVFP4,p2
0,1,,elude,False,nvidia/NVIDIA-Nemotron-Labs-3-Puzzle-75B-A9B-NVFP4,p2
1,1,,oatmeal,True,nvidia/NVIDIA-Nemotron-Labs-3-Puzzle-75B-A9B-NVFP4,p2
0,1,,oatmeal,False,nvidia/NVIDIA-Nemotron-Labs-3-Puzzle-75B-A9B-NVFP4,p2
1,0,,creed,False,nvidia/NVIDIA-Nemotron-Labs-3-Puzzle-75B-A9B-NVFP4,p2
1,1,,creed,True,nvidia/NVIDIA-Nemotron-Labs-3-Puzzle-75B-A9B-NVFP4,p2
0,0,,creed,True,nvidia/NVIDIA-Nemotron-Labs-3-Puzzle-75B-A9B-NVFP4,p2
1,1,,auricle,True,nvidia/NVIDIA-Nemotron-Labs-3-Puzzle-75B-A9B-NVFP4,p2
1,1,,auricle,True,nvidia/NVIDIA-Nemotron-Labs-3-Puzzle-75B-A9B-NVFP4,p2
0,0,,auricle,True,nvidia/NVIDIA-Nemotron-Labs-3-Puzzle-75B-A9B-NVFP4,p2
0,0,,auricle,True,nvidia/NVIDIA-Nemotron-Labs-3-Puzzle-75B-A9B-NVFP4,p2
0,1,,scroll,False,nvidia/NVIDIA-Nemotron-Labs-3-Puzzle-75B-A9B-NVFP4,p2
1,1,,evenly,True,nvidia/NVIDIA-Nemotron-Labs-3-Puzzle-75B-A9B-NVFP4,p2
1,1,,evenly,True,nvidia/NVIDIA-Nemotron-Labs-3-Puzzle-75B-A9B-NVFP4,p2
1,1,,obliquely,True,nvidia/NVIDIA-Nemotron-Labs-3-Puzzle-75B-A9B-NVFP4,p2
1,1,,zodiac,True,nvidia/NVIDIA-Nemotron-Labs-3-Puzzle-75B-A9B-NVFP4,p2
0,1,,zodiac,False,nvidia/NVIDIA-Nemotron-Labs-3-Puzzle-75B-A9B-NVFP4,p2
0,1,,state_of_mind,False,nvidia/NVIDIA-Nemotron-Labs-3-Puzzle-75B-A9B-NVFP4,p2
0,1,,state_of_mind,False,nvidia/NVIDIA-Nemotron-Labs-3-Puzzle-75B-A9B-NVFP4,p2
1,1,,withdrawal,True,nvidia/NVIDIA-Nemotron-Labs-3-Puzzle-75B-A9B-NVFP4,p2
1,1,,withdrawal,True,nvidia/NVIDIA-Nemotron-Labs-3-Puzzle-75B-A9B-NVFP4,p2
1,1,,withdrawal,True,nvidia/NVIDIA-Nemotron-Labs-3-Puzzle-75B-A9B-NVFP4,p2
1,1,,withdrawal,True,nvidia/NVIDIA-Nemotron-Labs-3-Puzzle-75B-A9B-NVFP4,p2
1,1,,withdrawal,True,nvidia/NVIDIA-Nemotron-Labs-3-Puzzle-75B-A9B-NVFP4,p2
0,0,,withdrawal,True,nvidia/NVIDIA-Nemotron-Labs-3-Puzzle-75B-A9B-NVFP4,p2
0,0,,withdrawal,True,nvidia/NVIDIA-Nemotron-Labs-3-Puzzle-75B-A9B-NVFP4,p2
0,0,,withdrawal,True,nvidia/NVIDIA-Nemotron-Labs-3-Puzzle-75B-A9B-NVFP4,p2
0,0,,withdrawal,True,nvidia/NVIDIA-Nemotron-Labs-3-Puzzle-75B-A9B-NVFP4,p2
0,0,,withdrawal,True,nvidia/NVIDIA-Nemotron-Labs-3-Puzzle-75B-A9B-NVFP4,p2
0,0,,withdrawal,True,nvidia/NVIDIA-Nemotron-Labs-3-Puzzle-75B-A9B-NVFP4,p2
0,0,,withdrawal,True,nvidia/NVIDIA-Nemotron-Labs-3-Puzzle-75B-A9B-NVFP4,p2
0,0,,withdrawal,True,nvidia/NVIDIA-Nemotron-Labs-3-Puzzle-75B-A9B-NVFP4,p2
0,0,,withdrawal,True,nvidia/NVIDIA-Nemotron-Labs-3-Puzzle-75B-A9B-NVFP4,p2
1,1,,bring_up,True,nvidia/NVIDIA-Nemotron-Labs-3-Puzzle-75B-A9B-NVFP4,p2
1,1,,bring_up,True,nvidia/NVIDIA-Nemotron-Labs-3-Puzzle-75B-A9B-NVFP4,p2
1,0,,bring_up,False,nvidia/NVIDIA-Nemotron-Labs-3-Puzzle-75B-A9B-NVFP4,p2
1,1,,bring_up,True,nvidia/NVIDIA-Nemotron-Labs-3-Puzzle-75B-A9B-NVFP4,p2
0,0,,bring_up,True,nvidia/NVIDIA-Nemotron-Labs-3-Puzzle-75B-A9B-NVFP4,p2
0,0,,bring_up,True,nvidia/NVIDIA-Nemotron-Labs-3-Puzzle-75B-A9B-NVFP4,p2
0,1,,bring_up,False,nvidia/NVIDIA-Nemotron-Labs-3-Puzzle-75B-A9B-NVFP4,p2
0,1,,bring_up,False,nvidia/NVIDIA-Nemotron-Labs-3-Puzzle-75B-A9B-NVFP4,p2
0,0,,bring_up,True,nvidia/NVIDIA-Nemotron-Labs-3-Puzzle-75B-A9B-NVFP4,p2
1,1,,cleavage,True,nvidia/NVIDIA-Nemotron-Labs-3-Puzzle-75B-A9B-NVFP4,p2
1,1,,cleavage,True,nvidia/NVIDIA-Nemotron-Labs-3-Puzzle-75B-A9B-NVFP4,p2
1,0,,cleavage,False,nvidia/NVIDIA-Nemotron-Labs-3-Puzzle-75B-A9B-NVFP4,p2
0,0,,cleavage,True,nvidia/NVIDIA-Nemotron-Labs-3-Puzzle-75B-A9B-NVFP4,p2
0,1,,cleavage,False,nvidia/NVIDIA-Nemotron-Labs-3-Puzzle-75B-A9B-NVFP4,p2
1,1,,chatter,True,nvidia/NVIDIA-Nemotron-Labs-3-Puzzle-75B-A9B-NVFP4,p2
1,1,,chatter,True,nvidia/NVIDIA-Nemotron-Labs-3-Puzzle-75B-A9B-NVFP4,p2
1,1,,chatter,True,nvidia/NVIDIA-Nemotron-Labs-3-Puzzle-75B-A9B-NVFP4,p2
0,0,,chatter,True,nvidia/NVIDIA-Nemotron-Labs-3-Puzzle-75B-A9B-NVFP4,p2
1,1,,landmark,True,nvidia/NVIDIA-Nemotron-Labs-3-Puzzle-75B-A9B-NVFP4,p2
0,1,,landmark,False,nvidia/NVIDIA-Nemotron-Labs-3-Puzzle-75B-A9B-NVFP4,p2
0,1,,landmark,False,nvidia/NVIDIA-Nemotron-Labs-3-Puzzle-75B-A9B-NVFP4,p2
1,1,,peak,True,nvidia/NVIDIA-Nemotron-Labs-3-Puzzle-75B-A9B-NVFP4,p2
1,1,,peak,True,nvidia/NVIDIA-Nemotron-Labs-3-Puzzle-75B-A9B-NVFP4,p2
1,1,,peak,True,nvidia/NVIDIA-Nemotron-Labs-3-Puzzle-75B-A9B-NVFP4,p2
0,0,,peak,True,nvidia/NVIDIA-Nemotron-Labs-3-Puzzle-75B-A9B-NVFP4,p2
0,1,,peak,False,nvidia/NVIDIA-Nemotron-Labs-3-Puzzle-75B-A9B-NVFP4,p2
0,1,,peak,False,nvidia/NVIDIA-Nemotron-Labs-3-Puzzle-75B-A9B-NVFP4,p2
0,0,,peak,True,nvidia/NVIDIA-Nemotron-Labs-3-Puzzle-75B-A9B-NVFP4,p2
0,1,,peak,False,nvidia/NVIDIA-Nemotron-Labs-3-Puzzle-75B-A9B-NVFP4,p2
0,0,,peak,True,nvidia/NVIDIA-Nemotron-Labs-3-Puzzle-75B-A9B-NVFP4,p2
1,1,,leak,True,nvidia/NVIDIA-Nemotron-Labs-3-Puzzle-75B-A9B-NVFP4,p2
1,1,,victimize,True,nvidia/NVIDIA-Nemotron-Labs-3-Puzzle-75B-A9B-NVFP4,p2
1,1,,victimize,True,nvidia/NVIDIA-Nemotron-Labs-3-Puzzle-75B-A9B-NVFP4,p2
0,1,,victimize,False,nvidia/NVIDIA-Nemotron-Labs-3-Puzzle-75B-A9B-NVFP4,p2
0,1,,victimize,False,nvidia/NVIDIA-Nemotron-Labs-3-Puzzle-75B-A9B-NVFP4,p2
0,1,,irritability,False,nvidia/NVIDIA-Nemotron-Labs-3-Puzzle-75B-A9B-NVFP4,p2
0,0,,irritability,True,nvidia/NVIDIA-Nemotron-Labs-3-Puzzle-75B-A9B-NVFP4,p2
1,1,,aspiration,True,nvidia/NVIDIA-Nemotron-Labs-3-Puzzle-75B-A9B-NVFP4,p2
1,0,,aspiration,False,nvidia/NVIDIA-Nemotron-Labs-3-Puzzle-75B-A9B-NVFP4,p2
0,0,,aspiration,True,nvidia/NVIDIA-Nemotron-Labs-3-Puzzle-75B-A9B-NVFP4,p2
0,0,,aspiration,True,nvidia/NVIDIA-Nemotron-Labs-3-Puzzle-75B-A9B-NVFP4,p2
0,0,,aspiration,True,nvidia/NVIDIA-Nemotron-Labs-3-Puzzle-75B-A9B-NVFP4,p2
1,1,,jumper,True,nvidia/NVIDIA-Nemotron-Labs-3-Puzzle-75B-A9B-NVFP4,p2
1,1,,jumper,True,nvidia/NVIDIA-Nemotron-Labs-3-Puzzle-75B-A9B-NVFP4,p2
1,1,,jumper,True,nvidia/NVIDIA-Nemotron-Labs-3-Puzzle-75B-A9B-NVFP4,p2
1,1,,jumper,True,nvidia/NVIDIA-Nemotron-Labs-3-Puzzle-75B-A9B-NVFP4,p2
0,0,,jumper,True,nvidia/NVIDIA-Nemotron-Labs-3-Puzzle-75B-A9B-NVFP4,p2
0,1,,jumper,False,nvidia/NVIDIA-Nemotron-Labs-3-Puzzle-75B-A9B-NVFP4,p2
0,0,,jumper,True,nvidia/NVIDIA-Nemotron-Labs-3-Puzzle-75B-A9B-NVFP4,p2
0,0,,jumper,True,nvidia/NVIDIA-Nemotron-Labs-3-Puzzle-75B-A9B-NVFP4,p2
1,1,,tapestry,True,nvidia/NVIDIA-Nemotron-Labs-3-Puzzle-75B-A9B-NVFP4,p2
1,1,,tapestry,True,nvidia/NVIDIA-Nemotron-Labs-3-Puzzle-75B-A9B-NVFP4,p2
0,1,,tapestry,False,nvidia/NVIDIA-Nemotron-Labs-3-Puzzle-75B-A9B-NVFP4,p2
0,1,,tapestry,False,nvidia/NVIDIA-Nemotron-Labs-3-Puzzle-75B-A9B-NVFP4,p2
0,1,,tapestry,False,nvidia/NVIDIA-Nemotron-Labs-3-Puzzle-75B-A9B-NVFP4,p2
1,1,,ward,True,nvidia/NVIDIA-Nemotron-Labs-3-Puzzle-75B-A9B-NVFP4,p2
1,1,,ward,True,nvidia/NVIDIA-Nemotron-Labs-3-Puzzle-75B-A9B-NVFP4,p2
1,0,,ward,False,nvidia/NVIDIA-Nemotron-Labs-3-Puzzle-75B-A9B-NVFP4,p2
1,1,,ward,True,nvidia/NVIDIA-Nemotron-Labs-3-Puzzle-75B-A9B-NVFP4,p2
0,0,,ward,True,nvidia/NVIDIA-Nemotron-Labs-3-Puzzle-75B-A9B-NVFP4,p2
0,0,,ward,True,nvidia/NVIDIA-Nemotron-Labs-3-Puzzle-75B-A9B-NVFP4,p2
0,0,,ward,True,nvidia/NVIDIA-Nemotron-Labs-3-Puzzle-75B-A9B-NVFP4,p2
0,1,,ward,False,nvidia/NVIDIA-Nemotron-Labs-3-Puzzle-75B-A9B-NVFP4,p2
0,0,,ward,True,nvidia/NVIDIA-Nemotron-Labs-3-Puzzle-75B-A9B-NVFP4,p2
1,1,,mandate,True,nvidia/NVIDIA-Nemotron-Labs-3-Puzzle-75B-A9B-NVFP4,p2
0,0,,mandate,True,nvidia/NVIDIA-Nemotron-Labs-3-Puzzle-75B-A9B-NVFP4,p2
0,0,,mandate,True,nvidia/NVIDIA-Nemotron-Labs-3-Puzzle-75B-A9B-NVFP4,p2
1,1,,redden,True,nvidia/NVIDIA-Nemotron-Labs-3-Puzzle-75B-A9B-NVFP4,p2
1,1,,ram,True,nvidia/NVIDIA-Nemotron-Labs-3-Puzzle-75B-A9B-NVFP4,p2
1,1,,ram,True,nvidia/NVIDIA-Nemotron-Labs-3-Puzzle-75B-A9B-NVFP4,p2
0,0,,ram,True,nvidia/NVIDIA-Nemotron-Labs-3-Puzzle-75B-A9B-NVFP4,p2
0,0,,ram,True,nvidia/NVIDIA-Nemotron-Labs-3-Puzzle-75B-A9B-NVFP4,p2
0,0,,ram,True,nvidia/NVIDIA-Nemotron-Labs-3-Puzzle-75B-A9B-NVFP4,p2
1,1,,sardine,True,nvidia/NVIDIA-Nemotron-Labs-3-Puzzle-75B-A9B-NVFP4,p2
1,1,,sardine,True,nvidia/NVIDIA-Nemotron-Labs-3-Puzzle-75B-A9B-NVFP4,p2
0,1,,sardine,False,nvidia/NVIDIA-Nemotron-Labs-3-Puzzle-75B-A9B-NVFP4,p2
1,1,,allegory,True,nvidia/NVIDIA-Nemotron-Labs-3-Puzzle-75B-A9B-NVFP4,p2
0,1,,allegory,False,nvidia/NVIDIA-Nemotron-Labs-3-Puzzle-75B-A9B-NVFP4,p2
0,1,,allegory,False,nvidia/NVIDIA-Nemotron-Labs-3-Puzzle-75B-A9B-NVFP4,p2
1,1,,attainment,True,nvidia/NVIDIA-Nemotron-Labs-3-Puzzle-75B-A9B-NVFP4,p2
0,1,,attainment,False,nvidia/NVIDIA-Nemotron-Labs-3-Puzzle-75B-A9B-NVFP4,p2
0,1,,attainment,False,nvidia/NVIDIA-Nemotron-Labs-3-Puzzle-75B-A9B-NVFP4,p2
1,1,,contradictory,True,nvidia/NVIDIA-Nemotron-Labs-3-Puzzle-75B-A9B-NVFP4,p2
1,1,,squire,True,nvidia/NVIDIA-Nemotron-Labs-3-Puzzle-75B-A9B-NVFP4,p2
1,1,,squire,True,nvidia/NVIDIA-Nemotron-Labs-3-Puzzle-75B-A9B-NVFP4,p2
0,0,,squire,True,nvidia/NVIDIA-Nemotron-Labs-3-Puzzle-75B-A9B-NVFP4,p2
1,1,,amplification,True,nvidia/NVIDIA-Nemotron-Labs-3-Puzzle-75B-A9B-NVFP4,p2
0,0,,amplification,True,nvidia/NVIDIA-Nemotron-Labs-3-Puzzle-75B-A9B-NVFP4,p2
0,0,,amplification,True,nvidia/NVIDIA-Nemotron-Labs-3-Puzzle-75B-A9B-NVFP4,p2
1,1,,draw_in,True,nvidia/NVIDIA-Nemotron-Labs-3-Puzzle-75B-A9B-NVFP4,p2
1,1,,draw_in,True,nvidia/NVIDIA-Nemotron-Labs-3-Puzzle-75B-A9B-NVFP4,p2
1,0,,draw_in,False,nvidia/NVIDIA-Nemotron-Labs-3-Puzzle-75B-A9B-NVFP4,p2
0,0,,draw_in,True,nvidia/NVIDIA-Nemotron-Labs-3-Puzzle-75B-A9B-NVFP4,p2
0,0,,draw_in,True,nvidia/NVIDIA-Nemotron-Labs-3-Puzzle-75B-A9B-NVFP4,p2
1,1,,paternal,True,nvidia/NVIDIA-Nemotron-Labs-3-Puzzle-75B-A9B-NVFP4,p2
1,1,,paternal,True,nvidia/NVIDIA-Nemotron-Labs-3-Puzzle-75B-A9B-NVFP4,p2
0,0,,paternal,True,nvidia/NVIDIA-Nemotron-Labs-3-Puzzle-75B-A9B-NVFP4,p2
0,1,,paternal,False,nvidia/NVIDIA-Nemotron-Labs-3-Puzzle-75B-A9B-NVFP4,p2
0,1,,paternal,False,nvidia/NVIDIA-Nemotron-Labs-3-Puzzle-75B-A9B-NVFP4,p2
1,1,,horseradish,True,nvidia/NVIDIA-Nemotron-Labs-3-Puzzle-75B-A9B-NVFP4,p2
0,1,,horseradish,False,nvidia/NVIDIA-Nemotron-Labs-3-Puzzle-75B-A9B-NVFP4,p2
1,1,,boost,True,nvidia/NVIDIA-Nemotron-Labs-3-Puzzle-75B-A9B-NVFP4,p2
1,1,,boost,True,nvidia/NVIDIA-Nemotron-Labs-3-Puzzle-75B-A9B-NVFP4,p2
1,1,,boost,True,nvidia/NVIDIA-Nemotron-Labs-3-Puzzle-75B-A9B-NVFP4,p2
1,1,,boost,True,nvidia/NVIDIA-Nemotron-Labs-3-Puzzle-75B-A9B-NVFP4,p2
0,0,,boost,True,nvidia/NVIDIA-Nemotron-Labs-3-Puzzle-75B-A9B-NVFP4,p2
0,0,,boost,True,nvidia/NVIDIA-Nemotron-Labs-3-Puzzle-75B-A9B-NVFP4,p2
0,0,,boost,True,nvidia/NVIDIA-Nemotron-Labs-3-Puzzle-75B-A9B-NVFP4,p2
1,1,,aroused,True,nvidia/NVIDIA-Nemotron-Labs-3-Puzzle-75B-A9B-NVFP4,p2
1,1,,aroused,True,nvidia/NVIDIA-Nemotron-Labs-3-Puzzle-75B-A9B-NVFP4,p2
1,1,,aroused,True,nvidia/NVIDIA-Nemotron-Labs-3-Puzzle-75B-A9B-NVFP4,p2
0,0,,aroused,True,nvidia/NVIDIA-Nemotron-Labs-3-Puzzle-75B-A9B-NVFP4,p2
0,0,,aroused,True,nvidia/NVIDIA-Nemotron-Labs-3-Puzzle-75B-A9B-NVFP4,p2
0,1,,aroused,False,nvidia/NVIDIA-Nemotron-Labs-3-Puzzle-75B-A9B-NVFP4,p2
0,0,,aroused,True,nvidia/NVIDIA-Nemotron-Labs-3-Puzzle-75B-A9B-NVFP4,p2
0,1,,aroused,False,nvidia/NVIDIA-Nemotron-Labs-3-Puzzle-75B-A9B-NVFP4,p2
0,1,,aroused,False,nvidia/NVIDIA-Nemotron-Labs-3-Puzzle-75B-A9B-NVFP4,p2
1,1,,cyclic,True,nvidia/NVIDIA-Nemotron-Labs-3-Puzzle-75B-A9B-NVFP4,p2
0,1,,cyclic,False,nvidia/NVIDIA-Nemotron-Labs-3-Puzzle-75B-A9B-NVFP4,p2
0,0,,cyclic,True,nvidia/NVIDIA-Nemotron-Labs-3-Puzzle-75B-A9B-NVFP4,p2
1,1,,dwell,True,nvidia/NVIDIA-Nemotron-Labs-3-Puzzle-75B-A9B-NVFP4,p2
1,1,,dwell,True,nvidia/NVIDIA-Nemotron-Labs-3-Puzzle-75B-A9B-NVFP4,p2
1,1,,dwell,True,nvidia/NVIDIA-Nemotron-Labs-3-Puzzle-75B-A9B-NVFP4,p2
0,0,,dwell,True,nvidia/NVIDIA-Nemotron-Labs-3-Puzzle-75B-A9B-NVFP4,p2
0,1,,dwell,False,nvidia/NVIDIA-Nemotron-Labs-3-Puzzle-75B-A9B-NVFP4,p2
1,0,,alternate,False,nvidia/NVIDIA-Nemotron-Labs-3-Puzzle-75B-A9B-NVFP4,p2
1,1,,alternate,True,nvidia/NVIDIA-Nemotron-Labs-3-Puzzle-75B-A9B-NVFP4,p2
0,1,,alternate,False,nvidia/NVIDIA-Nemotron-Labs-3-Puzzle-75B-A9B-NVFP4,p2
1,1,,specialize,True,nvidia/NVIDIA-Nemotron-Labs-3-Puzzle-75B-A9B-NVFP4,p2
0,0,,specialize,True,nvidia/NVIDIA-Nemotron-Labs-3-Puzzle-75B-A9B-NVFP4,p2
0,1,,specialize,False,nvidia/NVIDIA-Nemotron-Labs-3-Puzzle-75B-A9B-NVFP4,p2
1,1,,commonwealth,True,nvidia/NVIDIA-Nemotron-Labs-3-Puzzle-75B-A9B-NVFP4,p2
0,1,,commonwealth,False,nvidia/NVIDIA-Nemotron-Labs-3-Puzzle-75B-A9B-NVFP4,p2
0,1,,commonwealth,False,nvidia/NVIDIA-Nemotron-Labs-3-Puzzle-75B-A9B-NVFP4,p2
0,1,,rouse,False,nvidia/NVIDIA-Nemotron-Labs-3-Puzzle-75B-A9B-NVFP4,p2
1,1,,striker,True,nvidia/NVIDIA-Nemotron-Labs-3-Puzzle-75B-A9B-NVFP4,p2
1,1,,striker,True,nvidia/NVIDIA-Nemotron-Labs-3-Puzzle-75B-A9B-NVFP4,p2
1,1,,striker,True,nvidia/NVIDIA-Nemotron-Labs-3-Puzzle-75B-A9B-NVFP4,p2
0,0,,striker,True,nvidia/NVIDIA-Nemotron-Labs-3-Puzzle-75B-A9B-NVFP4,p2
0,0,,striker,True,nvidia/NVIDIA-Nemotron-Labs-3-Puzzle-75B-A9B-NVFP4,p2
0,0,,striker,True,nvidia/NVIDIA-Nemotron-Labs-3-Puzzle-75B-A9B-NVFP4,p2
0,0,,striker,True,nvidia/NVIDIA-Nemotron-Labs-3-Puzzle-75B-A9B-NVFP4,p2
1,1,,infusion,True,nvidia/NVIDIA-Nemotron-Labs-3-Puzzle-75B-A9B-NVFP4,p2
0,1,,infusion,False,nvidia/NVIDIA-Nemotron-Labs-3-Puzzle-75B-A9B-NVFP4,p2
0,1,,infusion,False,nvidia/NVIDIA-Nemotron-Labs-3-Puzzle-75B-A9B-NVFP4,p2
1,1,,short,True,nvidia/NVIDIA-Nemotron-Labs-3-Puzzle-75B-A9B-NVFP4,p2
0,0,,short,True,nvidia/NVIDIA-Nemotron-Labs-3-Puzzle-75B-A9B-NVFP4,p2
0,0,,short,True,nvidia/NVIDIA-Nemotron-Labs-3-Puzzle-75B-A9B-NVFP4,p2
0,1,,short,False,nvidia/NVIDIA-Nemotron-Labs-3-Puzzle-75B-A9B-NVFP4,p2
1,1,,storm,True,nvidia/NVIDIA-Nemotron-Labs-3-Puzzle-75B-A9B-NVFP4,p2
1,1,,storm,True,nvidia/NVIDIA-Nemotron-Labs-3-Puzzle-75B-A9B-NVFP4,p2
0,1,,storm,False,nvidia/NVIDIA-Nemotron-Labs-3-Puzzle-75B-A9B-NVFP4,p2
0,1,,storm,False,nvidia/NVIDIA-Nemotron-Labs-3-Puzzle-75B-A9B-NVFP4,p2
0,0,,storm,True,nvidia/NVIDIA-Nemotron-Labs-3-Puzzle-75B-A9B-NVFP4,p2
1,1,,line_up,True,nvidia/NVIDIA-Nemotron-Labs-3-Puzzle-75B-A9B-NVFP4,p2
0,1,,line_up,False,nvidia/NVIDIA-Nemotron-Labs-3-Puzzle-75B-A9B-NVFP4,p2
0,1,,line_up,False,nvidia/NVIDIA-Nemotron-Labs-3-Puzzle-75B-A9B-NVFP4,p2
1,1,,antagonistic,True,nvidia/NVIDIA-Nemotron-Labs-3-Puzzle-75B-A9B-NVFP4,p2
0,0,,antagonistic,True,nvidia/NVIDIA-Nemotron-Labs-3-Puzzle-75B-A9B-NVFP4,p2
0,0,,antagonistic,True,nvidia/NVIDIA-Nemotron-Labs-3-Puzzle-75B-A9B-NVFP4,p2
1,1,,ill,True,nvidia/NVIDIA-Nemotron-Labs-3-Puzzle-75B-A9B-NVFP4,p2
1,1,,ill,True,nvidia/NVIDIA-Nemotron-Labs-3-Puzzle-75B-A9B-NVFP4,p2
1,1,,ill,True,nvidia/NVIDIA-Nemotron-Labs-3-Puzzle-75B-A9B-NVFP4,p2
0,0,,ill,True,nvidia/NVIDIA-Nemotron-Labs-3-Puzzle-75B-A9B-NVFP4,p2
0,1,,ill,False,nvidia/NVIDIA-Nemotron-Labs-3-Puzzle-75B-A9B-NVFP4,p2
1,1,,ordinary,True,nvidia/NVIDIA-Nemotron-Labs-3-Puzzle-75B-A9B-NVFP4,p2
1,1,,ordinary,True,nvidia/NVIDIA-Nemotron-Labs-3-Puzzle-75B-A9B-NVFP4,p2
1,1,,ordinary,True,nvidia/NVIDIA-Nemotron-Labs-3-Puzzle-75B-A9B-NVFP4,p2
0,0,,ordinary,True,nvidia/NVIDIA-Nemotron-Labs-3-Puzzle-75B-A9B-NVFP4,p2
0,0,,ordinary,True,nvidia/NVIDIA-Nemotron-Labs-3-Puzzle-75B-A9B-NVFP4,p2
0,0,,ordinary,True,nvidia/NVIDIA-Nemotron-Labs-3-Puzzle-75B-A9B-NVFP4,p2
0,0,,ordinary,True,nvidia/NVIDIA-Nemotron-Labs-3-Puzzle-75B-A9B-NVFP4,p2
0,0,,ordinary,True,nvidia/NVIDIA-Nemotron-Labs-3-Puzzle-75B-A9B-NVFP4,p2
1,1,,adolescent,True,nvidia/NVIDIA-Nemotron-Labs-3-Puzzle-75B-A9B-NVFP4,p2
0,1,,adolescent,False,nvidia/NVIDIA-Nemotron-Labs-3-Puzzle-75B-A9B-NVFP4,p2
0,1,,adolescent,False,nvidia/NVIDIA-Nemotron-Labs-3-Puzzle-75B-A9B-NVFP4,p2
1,1,,rocker,True,nvidia/NVIDIA-Nemotron-Labs-3-Puzzle-75B-A9B-NVFP4,p2
1,1,,rocker,True,nvidia/NVIDIA-Nemotron-Labs-3-Puzzle-75B-A9B-NVFP4,p2
1,1,,rocker,True,nvidia/NVIDIA-Nemotron-Labs-3-Puzzle-75B-A9B-NVFP4,p2
1,1,,rocker,True,nvidia/NVIDIA-Nemotron-Labs-3-Puzzle-75B-A9B-NVFP4,p2
1,1,,rocker,True,nvidia/NVIDIA-Nemotron-Labs-3-Puzzle-75B-A9B-NVFP4,p2
1,1,,rocker,True,nvidia/NVIDIA-Nemotron-Labs-3-Puzzle-75B-A9B-NVFP4,p2
0,0,,rocker,True,nvidia/NVIDIA-Nemotron-Labs-3-Puzzle-75B-A9B-NVFP4,p2
0,0,,rocker,True,nvidia/NVIDIA-Nemotron-Labs-3-Puzzle-75B-A9B-NVFP4,p2
0,0,,rocker,True,nvidia/NVIDIA-Nemotron-Labs-3-Puzzle-75B-A9B-NVFP4,p2
0,0,,rocker,True,nvidia/NVIDIA-Nemotron-Labs-3-Puzzle-75B-A9B-NVFP4,p2
0,1,,rocker,False,nvidia/NVIDIA-Nemotron-Labs-3-Puzzle-75B-A9B-NVFP4,p2
0,0,,rocker,True,nvidia/NVIDIA-Nemotron-Labs-3-Puzzle-75B-A9B-NVFP4,p2
0,0,,rocker,True,nvidia/NVIDIA-Nemotron-Labs-3-Puzzle-75B-A9B-NVFP4,p2
0,0,,richness,True,nvidia/NVIDIA-Nemotron-Labs-3-Puzzle-75B-A9B-NVFP4,p2
0,1,,richness,False,nvidia/NVIDIA-Nemotron-Labs-3-Puzzle-75B-A9B-NVFP4,p2
0,0,,richness,True,nvidia/NVIDIA-Nemotron-Labs-3-Puzzle-75B-A9B-NVFP4,p2
0,1,,richness,False,nvidia/NVIDIA-Nemotron-Labs-3-Puzzle-75B-A9B-NVFP4,p2
1,1,,deaden,True,nvidia/NVIDIA-Nemotron-Labs-3-Puzzle-75B-A9B-NVFP4,p2
1,1,,deaden,True,nvidia/NVIDIA-Nemotron-Labs-3-Puzzle-75B-A9B-NVFP4,p2
1,1,,deaden,True,nvidia/NVIDIA-Nemotron-Labs-3-Puzzle-75B-A9B-NVFP4,p2
1,1,,deaden,True,nvidia/NVIDIA-Nemotron-Labs-3-Puzzle-75B-A9B-NVFP4,p2
0,1,,deaden,False,nvidia/NVIDIA-Nemotron-Labs-3-Puzzle-75B-A9B-NVFP4,p2
0,1,,deaden,False,nvidia/NVIDIA-Nemotron-Labs-3-Puzzle-75B-A9B-NVFP4,p2
0,0,,deaden,True,nvidia/NVIDIA-Nemotron-Labs-3-Puzzle-75B-A9B-NVFP4,p2
1,1,,tug,True,nvidia/NVIDIA-Nemotron-Labs-3-Puzzle-75B-A9B-NVFP4,p2
0,0,,tug,True,nvidia/NVIDIA-Nemotron-Labs-3-Puzzle-75B-A9B-NVFP4,p2
0,0,,tug,True,nvidia/NVIDIA-Nemotron-Labs-3-Puzzle-75B-A9B-NVFP4,p2
0,1,,tug,False,nvidia/NVIDIA-Nemotron-Labs-3-Puzzle-75B-A9B-NVFP4,p2
1,1,,strike_out,True,nvidia/NVIDIA-Nemotron-Labs-3-Puzzle-75B-A9B-NVFP4,p2
1,1,,strike_out,True,nvidia/NVIDIA-Nemotron-Labs-3-Puzzle-75B-A9B-NVFP4,p2
1,1,,strike_out,True,nvidia/NVIDIA-Nemotron-Labs-3-Puzzle-75B-A9B-NVFP4,p2
1,1,,strike_out,True,nvidia/NVIDIA-Nemotron-Labs-3-Puzzle-75B-A9B-NVFP4,p2
1,1,,strike_out,True,nvidia/NVIDIA-Nemotron-Labs-3-Puzzle-75B-A9B-NVFP4,p2
0,0,,strike_out,True,nvidia/NVIDIA-Nemotron-Labs-3-Puzzle-75B-A9B-NVFP4,p2
0,0,,strike_out,True,nvidia/NVIDIA-Nemotron-Labs-3-Puzzle-75B-A9B-NVFP4,p2
0,0,,strike_out,True,nvidia/NVIDIA-Nemotron-Labs-3-Puzzle-75B-A9B-NVFP4,p2
1,1,,crisp,True,nvidia/NVIDIA-Nemotron-Labs-3-Puzzle-75B-A9B-NVFP4,p2
1,1,,crisp,True,nvidia/NVIDIA-Nemotron-Labs-3-Puzzle-75B-A9B-NVFP4,p2
1,1,,crisp,True,nvidia/NVIDIA-Nemotron-Labs-3-Puzzle-75B-A9B-NVFP4,p2
0,0,,crisp,True,nvidia/NVIDIA-Nemotron-Labs-3-Puzzle-75B-A9B-NVFP4,p2
0,1,,crisp,False,nvidia/NVIDIA-Nemotron-Labs-3-Puzzle-75B-A9B-NVFP4,p2
0,0,,crisp,True,nvidia/NVIDIA-Nemotron-Labs-3-Puzzle-75B-A9B-NVFP4,p2
1,1,,suffocate,True,nvidia/NVIDIA-Nemotron-Labs-3-Puzzle-75B-A9B-NVFP4,p2
1,1,,suffocate,True,nvidia/NVIDIA-Nemotron-Labs-3-Puzzle-75B-A9B-NVFP4,p2
1,1,,suffocate,True,nvidia/NVIDIA-Nemotron-Labs-3-Puzzle-75B-A9B-NVFP4,p2
1,1,,suffocate,True,nvidia/NVIDIA-Nemotron-Labs-3-Puzzle-75B-A9B-NVFP4,p2
1,1,,suffocate,True,nvidia/NVIDIA-Nemotron-Labs-3-Puzzle-75B-A9B-NVFP4,p2
0,1,,suffocate,False,nvidia/NVIDIA-Nemotron-Labs-3-Puzzle-75B-A9B-NVFP4,p2
0,1,,suffocate,False,nvidia/NVIDIA-Nemotron-Labs-3-Puzzle-75B-A9B-NVFP4,p2
0,1,,suffocate,False,nvidia/NVIDIA-Nemotron-Labs-3-Puzzle-75B-A9B-NVFP4,p2
0,0,,suffocate,True,nvidia/NVIDIA-Nemotron-Labs-3-Puzzle-75B-A9B-NVFP4,p2
0,1,,suffocate,False,nvidia/NVIDIA-Nemotron-Labs-3-Puzzle-75B-A9B-NVFP4,p2
0,0,,suffocate,True,nvidia/NVIDIA-Nemotron-Labs-3-Puzzle-75B-A9B-NVFP4,p2
1,1,,pick,True,nvidia/NVIDIA-Nemotron-Labs-3-Puzzle-75B-A9B-NVFP4,p2
1,0,,pick,False,nvidia/NVIDIA-Nemotron-Labs-3-Puzzle-75B-A9B-NVFP4,p2
1,1,,pick,True,nvidia/NVIDIA-Nemotron-Labs-3-Puzzle-75B-A9B-NVFP4,p2
1,1,,pick,True,nvidia/NVIDIA-Nemotron-Labs-3-Puzzle-75B-A9B-NVFP4,p2
1,1,,pick,True,nvidia/NVIDIA-Nemotron-Labs-3-Puzzle-75B-A9B-NVFP4,p2
0,0,,pick,True,nvidia/NVIDIA-Nemotron-Labs-3-Puzzle-75B-A9B-NVFP4,p2
0,0,,pick,True,nvidia/NVIDIA-Nemotron-Labs-3-Puzzle-75B-A9B-NVFP4,p2
0,0,,pick,True,nvidia/NVIDIA-Nemotron-Labs-3-Puzzle-75B-A9B-NVFP4,p2
0,0,,pick,True,nvidia/NVIDIA-Nemotron-Labs-3-Puzzle-75B-A9B-NVFP4,p2
0,0,,pick,True,nvidia/NVIDIA-Nemotron-Labs-3-Puzzle-75B-A9B-NVFP4,p2
0,0,,pick,True,nvidia/NVIDIA-Nemotron-Labs-3-Puzzle-75B-A9B-NVFP4,p2
0,0,,pick,True,nvidia/NVIDIA-Nemotron-Labs-3-Puzzle-75B-A9B-NVFP4,p2
1,1,,chafe,True,nvidia/NVIDIA-Nemotron-Labs-3-Puzzle-75B-A9B-NVFP4,p2
1,1,,chafe,True,nvidia/NVIDIA-Nemotron-Labs-3-Puzzle-75B-A9B-NVFP4,p2
0,0,,chafe,True,nvidia/NVIDIA-Nemotron-Labs-3-Puzzle-75B-A9B-NVFP4,p2
0,1,,chafe,False,nvidia/NVIDIA-Nemotron-Labs-3-Puzzle-75B-A9B-NVFP4,p2
1,1,,aged,True,nvidia/NVIDIA-Nemotron-Labs-3-Puzzle-75B-A9B-NVFP4,p2
0,0,,aged,True,nvidia/NVIDIA-Nemotron-Labs-3-Puzzle-75B-A9B-NVFP4,p2
0,0,,aged,True,nvidia/NVIDIA-Nemotron-Labs-3-Puzzle-75B-A9B-NVFP4,p2
0,1,,aged,False,nvidia/NVIDIA-Nemotron-Labs-3-Puzzle-75B-A9B-NVFP4,p2
1,1,,smother,True,nvidia/NVIDIA-Nemotron-Labs-3-Puzzle-75B-A9B-NVFP4,p2
0,1,,smother,False,nvidia/NVIDIA-Nemotron-Labs-3-Puzzle-75B-A9B-NVFP4,p2
0,0,,smother,True,nvidia/NVIDIA-Nemotron-Labs-3-Puzzle-75B-A9B-NVFP4,p2
0,1,,smother,False,nvidia/NVIDIA-Nemotron-Labs-3-Puzzle-75B-A9B-NVFP4,p2
1,0,,dullness,False,nvidia/NVIDIA-Nemotron-Labs-3-Puzzle-75B-A9B-NVFP4,p2
1,1,,dullness,True,nvidia/NVIDIA-Nemotron-Labs-3-Puzzle-75B-A9B-NVFP4,p2
0,0,,dullness,True,nvidia/NVIDIA-Nemotron-Labs-3-Puzzle-75B-A9B-NVFP4,p2
0,0,,dullness,True,nvidia/NVIDIA-Nemotron-Labs-3-Puzzle-75B-A9B-NVFP4,p2
0,1,,dullness,False,nvidia/NVIDIA-Nemotron-Labs-3-Puzzle-75B-A9B-NVFP4,p2
1,1,,tenure,True,nvidia/NVIDIA-Nemotron-Labs-3-Puzzle-75B-A9B-NVFP4,p2
0,0,,tenure,True,nvidia/NVIDIA-Nemotron-Labs-3-Puzzle-75B-A9B-NVFP4,p2
0,0,,tenure,True,nvidia/NVIDIA-Nemotron-Labs-3-Puzzle-75B-A9B-NVFP4,p2
1,1,,learned,True,nvidia/NVIDIA-Nemotron-Labs-3-Puzzle-75B-A9B-NVFP4,p2
1,1,,learned,True,nvidia/NVIDIA-Nemotron-Labs-3-Puzzle-75B-A9B-NVFP4,p2
0,1,,learned,False,nvidia/NVIDIA-Nemotron-Labs-3-Puzzle-75B-A9B-NVFP4,p2
0,0,,learned,True,nvidia/NVIDIA-Nemotron-Labs-3-Puzzle-75B-A9B-NVFP4,p2
0,1,,learned,False,nvidia/NVIDIA-Nemotron-Labs-3-Puzzle-75B-A9B-NVFP4,p2
1,1,,momentarily,True,nvidia/NVIDIA-Nemotron-Labs-3-Puzzle-75B-A9B-NVFP4,p2
1,1,,make_it,True,nvidia/NVIDIA-Nemotron-Labs-3-Puzzle-75B-A9B-NVFP4,p2
0,0,,make_it,True,nvidia/NVIDIA-Nemotron-Labs-3-Puzzle-75B-A9B-NVFP4,p2
0,1,,make_it,False,nvidia/NVIDIA-Nemotron-Labs-3-Puzzle-75B-A9B-NVFP4,p2
1,1,,italian,True,nvidia/NVIDIA-Nemotron-Labs-3-Puzzle-75B-A9B-NVFP4,p2
1,1,,broadcasting,True,nvidia/NVIDIA-Nemotron-Labs-3-Puzzle-75B-A9B-NVFP4,p2
0,1,,broadcasting,False,nvidia/NVIDIA-Nemotron-Labs-3-Puzzle-75B-A9B-NVFP4,p2
0,0,,broadcasting,True,nvidia/NVIDIA-Nemotron-Labs-3-Puzzle-75B-A9B-NVFP4,p2
1,1,,despair,True,nvidia/NVIDIA-Nemotron-Labs-3-Puzzle-75B-A9B-NVFP4,p2
0,1,,despair,False,nvidia/NVIDIA-Nemotron-Labs-3-Puzzle-75B-A9B-NVFP4,p2
1,1,,facet,True,nvidia/NVIDIA-Nemotron-Labs-3-Puzzle-75B-A9B-NVFP4,p2
0,0,,facet,True,nvidia/NVIDIA-Nemotron-Labs-3-Puzzle-75B-A9B-NVFP4,p2
0,0,,facet,True,nvidia/NVIDIA-Nemotron-Labs-3-Puzzle-75B-A9B-NVFP4,p2
1,1,,defender,True,nvidia/NVIDIA-Nemotron-Labs-3-Puzzle-75B-A9B-NVFP4,p2
0,0,,defender,True,nvidia/NVIDIA-Nemotron-Labs-3-Puzzle-75B-A9B-NVFP4,p2
1,1,,shortened,True,nvidia/NVIDIA-Nemotron-Labs-3-Puzzle-75B-A9B-NVFP4,p2
1,1,,shortened,True,nvidia/NVIDIA-Nemotron-Labs-3-Puzzle-75B-A9B-NVFP4,p2
0,0,,shortened,True,nvidia/NVIDIA-Nemotron-Labs-3-Puzzle-75B-A9B-NVFP4,p2
0,0,,shortened,True,nvidia/NVIDIA-Nemotron-Labs-3-Puzzle-75B-A9B-NVFP4,p2
1,1,,impudent,True,nvidia/NVIDIA-Nemotron-Labs-3-Puzzle-75B-A9B-NVFP4,p2
1,1,,impudent,True,nvidia/NVIDIA-Nemotron-Labs-3-Puzzle-75B-A9B-NVFP4,p2
0,1,,impudent,False,nvidia/NVIDIA-Nemotron-Labs-3-Puzzle-75B-A9B-NVFP4,p2
1,1,,raucous,True,nvidia/NVIDIA-Nemotron-Labs-3-Puzzle-75B-A9B-NVFP4,p2
1,1,,raucous,True,nvidia/NVIDIA-Nemotron-Labs-3-Puzzle-75B-A9B-NVFP4,p2
1,1,,weird,True,nvidia/NVIDIA-Nemotron-Labs-3-Puzzle-75B-A9B-NVFP4,p2
0,1,,weird,False,nvidia/NVIDIA-Nemotron-Labs-3-Puzzle-75B-A9B-NVFP4,p2
1,1,,qualitative,True,nvidia/NVIDIA-Nemotron-Labs-3-Puzzle-75B-A9B-NVFP4,p2
0,1,,qualitative,False,nvidia/NVIDIA-Nemotron-Labs-3-Puzzle-75B-A9B-NVFP4,p2
1,1,,realistically,True,nvidia/NVIDIA-Nemotron-Labs-3-Puzzle-75B-A9B-NVFP4,p2
0,1,,realistically,False,nvidia/NVIDIA-Nemotron-Labs-3-Puzzle-75B-A9B-NVFP4,p2
1,1,,fort,True,nvidia/NVIDIA-Nemotron-Labs-3-Puzzle-75B-A9B-NVFP4,p2
0,1,,fort,False,nvidia/NVIDIA-Nemotron-Labs-3-Puzzle-75B-A9B-NVFP4,p2
1,1,,charter,True,nvidia/NVIDIA-Nemotron-Labs-3-Puzzle-75B-A9B-NVFP4,p2
0,0,,charter,True,nvidia/NVIDIA-Nemotron-Labs-3-Puzzle-75B-A9B-NVFP4,p2
0,0,,charter,True,nvidia/NVIDIA-Nemotron-Labs-3-Puzzle-75B-A9B-NVFP4,p2
1,1,,arched,True,nvidia/NVIDIA-Nemotron-Labs-3-Puzzle-75B-A9B-NVFP4,p2
1,1,,tractor,True,nvidia/NVIDIA-Nemotron-Labs-3-Puzzle-75B-A9B-NVFP4,p2
0,1,,tractor,False,nvidia/NVIDIA-Nemotron-Labs-3-Puzzle-75B-A9B-NVFP4,p2
1,1,,plumbing,True,nvidia/NVIDIA-Nemotron-Labs-3-Puzzle-75B-A9B-NVFP4,p2
0,1,,plumbing,False,nvidia/NVIDIA-Nemotron-Labs-3-Puzzle-75B-A9B-NVFP4,p2
1,1,,appointee,True,nvidia/NVIDIA-Nemotron-Labs-3-Puzzle-75B-A9B-NVFP4,p2
0,1,,appointee,False,nvidia/NVIDIA-Nemotron-Labs-3-Puzzle-75B-A9B-NVFP4,p2
1,1,,depletion,True,nvidia/NVIDIA-Nemotron-Labs-3-Puzzle-75B-A9B-NVFP4,p2
1,1,,depletion,True,nvidia/NVIDIA-Nemotron-Labs-3-Puzzle-75B-A9B-NVFP4,p2
1,1,,drab,True,nvidia/NVIDIA-Nemotron-Labs-3-Puzzle-75B-A9B-NVFP4,p2
1,1,,drab,True,nvidia/NVIDIA-Nemotron-Labs-3-Puzzle-75B-A9B-NVFP4,p2
1,1,,drab,True,nvidia/NVIDIA-Nemotron-Labs-3-Puzzle-75B-A9B-NVFP4,p2
0,1,,drab,False,nvidia/NVIDIA-Nemotron-Labs-3-Puzzle-75B-A9B-NVFP4,p2
0,1,,drab,False,nvidia/NVIDIA-Nemotron-Labs-3-Puzzle-75B-A9B-NVFP4,p2
0,1,,drab,False,nvidia/NVIDIA-Nemotron-Labs-3-Puzzle-75B-A9B-NVFP4,p2
0,0,,avert,True,nvidia/NVIDIA-Nemotron-Labs-3-Puzzle-75B-A9B-NVFP4,p2
0,0,,avert,True,nvidia/NVIDIA-Nemotron-Labs-3-Puzzle-75B-A9B-NVFP4,p2
1,1,,commonplace,True,nvidia/NVIDIA-Nemotron-Labs-3-Puzzle-75B-A9B-NVFP4,p2
1,1,,commonplace,True,nvidia/NVIDIA-Nemotron-Labs-3-Puzzle-75B-A9B-NVFP4,p2
0,0,,commonplace,True,nvidia/NVIDIA-Nemotron-Labs-3-Puzzle-75B-A9B-NVFP4,p2
0,1,,commonplace,False,nvidia/NVIDIA-Nemotron-Labs-3-Puzzle-75B-A9B-NVFP4,p2
1,1,,sentimentality,True,nvidia/NVIDIA-Nemotron-Labs-3-Puzzle-75B-A9B-NVFP4,p2
1,1,,sentimentality,True,nvidia/NVIDIA-Nemotron-Labs-3-Puzzle-75B-A9B-NVFP4,p2
0,1,,sentimentality,False,nvidia/NVIDIA-Nemotron-Labs-3-Puzzle-75B-A9B-NVFP4,p2
0,1,,sentimentality,False,nvidia/NVIDIA-Nemotron-Labs-3-Puzzle-75B-A9B-NVFP4,p2
1,1,,indoor,True,nvidia/NVIDIA-Nemotron-Labs-3-Puzzle-75B-A9B-NVFP4,p2
1,1,,indoor,True,nvidia/NVIDIA-Nemotron-Labs-3-Puzzle-75B-A9B-NVFP4,p2
0,1,,indoor,False,nvidia/NVIDIA-Nemotron-Labs-3-Puzzle-75B-A9B-NVFP4,p2
1,1,,saturn,True,nvidia/NVIDIA-Nemotron-Labs-3-Puzzle-75B-A9B-NVFP4,p2
1,1,,saturn,True,nvidia/NVIDIA-Nemotron-Labs-3-Puzzle-75B-A9B-NVFP4,p2
0,0,,saturn,True,nvidia/NVIDIA-Nemotron-Labs-3-Puzzle-75B-A9B-NVFP4,p2
1,1,,parental,True,nvidia/NVIDIA-Nemotron-Labs-3-Puzzle-75B-A9B-NVFP4,p2
1,1,,parental,True,nvidia/NVIDIA-Nemotron-Labs-3-Puzzle-75B-A9B-NVFP4,p2
0,0,,parental,True,nvidia/NVIDIA-Nemotron-Labs-3-Puzzle-75B-A9B-NVFP4,p2
0,0,,parental,True,nvidia/NVIDIA-Nemotron-Labs-3-Puzzle-75B-A9B-NVFP4,p2
1,1,,exit,True,nvidia/NVIDIA-Nemotron-Labs-3-Puzzle-75B-A9B-NVFP4,p2
0,1,,exit,False,nvidia/NVIDIA-Nemotron-Labs-3-Puzzle-75B-A9B-NVFP4,p2
0,1,,exit,False,nvidia/NVIDIA-Nemotron-Labs-3-Puzzle-75B-A9B-NVFP4,p2
0,1,,conform,False,nvidia/NVIDIA-Nemotron-Labs-3-Puzzle-75B-A9B-NVFP4,p2
1,1,,imposing,True,nvidia/NVIDIA-Nemotron-Labs-3-Puzzle-75B-A9B-NVFP4,p2
0,1,,imposing,False,nvidia/NVIDIA-Nemotron-Labs-3-Puzzle-75B-A9B-NVFP4,p2
1,1,,swimmer,True,nvidia/NVIDIA-Nemotron-Labs-3-Puzzle-75B-A9B-NVFP4,p2
0,1,,rigging,False,nvidia/NVIDIA-Nemotron-Labs-3-Puzzle-75B-A9B-NVFP4,p2
1,1,,emulsion,True,nvidia/NVIDIA-Nemotron-Labs-3-Puzzle-75B-A9B-NVFP4,p2
0,0,,emulsion,True,nvidia/NVIDIA-Nemotron-Labs-3-Puzzle-75B-A9B-NVFP4,p2
1,1,,fictitious,True,nvidia/NVIDIA-Nemotron-Labs-3-Puzzle-75B-A9B-NVFP4,p2
1,1,,fictitious,True,nvidia/NVIDIA-Nemotron-Labs-3-Puzzle-75B-A9B-NVFP4,p2
0,1,,fictitious,False,nvidia/NVIDIA-Nemotron-Labs-3-Puzzle-75B-A9B-NVFP4,p2
0,1,,fictitious,False,nvidia/NVIDIA-Nemotron-Labs-3-Puzzle-75B-A9B-NVFP4,p2
1,0,,cyprus,False,nvidia/NVIDIA-Nemotron-Labs-3-Puzzle-75B-A9B-NVFP4,p2
0,1,,cyprus,False,nvidia/NVIDIA-Nemotron-Labs-3-Puzzle-75B-A9B-NVFP4,p2
1,1,,ergot,True,nvidia/NVIDIA-Nemotron-Labs-3-Puzzle-75B-A9B-NVFP4,p2
0,1,,ergot,False,nvidia/NVIDIA-Nemotron-Labs-3-Puzzle-75B-A9B-NVFP4,p2
1,1,,yam,True,nvidia/NVIDIA-Nemotron-Labs-3-Puzzle-75B-A9B-NVFP4,p2
1,1,,yam,True,nvidia/NVIDIA-Nemotron-Labs-3-Puzzle-75B-A9B-NVFP4,p2
1,1,,wide,True,nvidia/NVIDIA-Nemotron-Labs-3-Puzzle-75B-A9B-NVFP4,p2
0,0,,wide,True,nvidia/NVIDIA-Nemotron-Labs-3-Puzzle-75B-A9B-NVFP4,p2
0,1,,wide,False,nvidia/NVIDIA-Nemotron-Labs-3-Puzzle-75B-A9B-NVFP4,p2
0,1,,wide,False,nvidia/NVIDIA-Nemotron-Labs-3-Puzzle-75B-A9B-NVFP4,p2
1,1,,dissipate,True,nvidia/NVIDIA-Nemotron-Labs-3-Puzzle-75B-A9B-NVFP4,p2
0,0,,dissipate,True,nvidia/NVIDIA-Nemotron-Labs-3-Puzzle-75B-A9B-NVFP4,p2
0,0,,dissipate,True,nvidia/NVIDIA-Nemotron-Labs-3-Puzzle-75B-A9B-NVFP4,p2
1,1,,poise,True,nvidia/NVIDIA-Nemotron-Labs-3-Puzzle-75B-A9B-NVFP4,p2
1,1,,poise,True,nvidia/NVIDIA-Nemotron-Labs-3-Puzzle-75B-A9B-NVFP4,p2
0,1,,poise,False,nvidia/NVIDIA-Nemotron-Labs-3-Puzzle-75B-A9B-NVFP4,p2
0,0,,poise,True,nvidia/NVIDIA-Nemotron-Labs-3-Puzzle-75B-A9B-NVFP4,p2
0,1,,poise,False,nvidia/NVIDIA-Nemotron-Labs-3-Puzzle-75B-A9B-NVFP4,p2
1,1,,coverage,True,nvidia/NVIDIA-Nemotron-Labs-3-Puzzle-75B-A9B-NVFP4,p2
0,0,,coverage,True,nvidia/NVIDIA-Nemotron-Labs-3-Puzzle-75B-A9B-NVFP4,p2
0,0,,coverage,True,nvidia/NVIDIA-Nemotron-Labs-3-Puzzle-75B-A9B-NVFP4,p2
1,1,,survivor,True,nvidia/NVIDIA-Nemotron-Labs-3-Puzzle-75B-A9B-NVFP4,p2
0,1,,survivor,False,nvidia/NVIDIA-Nemotron-Labs-3-Puzzle-75B-A9B-NVFP4,p2
1,1,,initiation,True,nvidia/NVIDIA-Nemotron-Labs-3-Puzzle-75B-A9B-NVFP4,p2
1,1,,initiation,True,nvidia/NVIDIA-Nemotron-Labs-3-Puzzle-75B-A9B-NVFP4,p2
1,1,,initiation,True,nvidia/NVIDIA-Nemotron-Labs-3-Puzzle-75B-A9B-NVFP4,p2
0,1,,initiation,False,nvidia/NVIDIA-Nemotron-Labs-3-Puzzle-75B-A9B-NVFP4,p2
0,1,,initiation,False,nvidia/NVIDIA-Nemotron-Labs-3-Puzzle-75B-A9B-NVFP4,p2
0,0,,initiation,True,nvidia/NVIDIA-Nemotron-Labs-3-Puzzle-75B-A9B-NVFP4,p2
0,1,,good_luck,False,nvidia/NVIDIA-Nemotron-Labs-3-Puzzle-75B-A9B-NVFP4,p2
1,1,,hysteria,True,nvidia/NVIDIA-Nemotron-Labs-3-Puzzle-75B-A9B-NVFP4,p2
1,1,,hysteria,True,nvidia/NVIDIA-Nemotron-Labs-3-Puzzle-75B-A9B-NVFP4,p2
0,0,,hysteria,True,nvidia/NVIDIA-Nemotron-Labs-3-Puzzle-75B-A9B-NVFP4,p2
1,1,,dubious,True,nvidia/NVIDIA-Nemotron-Labs-3-Puzzle-75B-A9B-NVFP4,p2
1,1,,dubious,True,nvidia/NVIDIA-Nemotron-Labs-3-Puzzle-75B-A9B-NVFP4,p2
0,1,,dubious,False,nvidia/NVIDIA-Nemotron-Labs-3-Puzzle-75B-A9B-NVFP4,p2
1,0,,crook,False,nvidia/NVIDIA-Nemotron-Labs-3-Puzzle-75B-A9B-NVFP4,p2
1,1,,crook,True,nvidia/NVIDIA-Nemotron-Labs-3-Puzzle-75B-A9B-NVFP4,p2
0,0,,crook,True,nvidia/NVIDIA-Nemotron-Labs-3-Puzzle-75B-A9B-NVFP4,p2
0,0,,crook,True,nvidia/NVIDIA-Nemotron-Labs-3-Puzzle-75B-A9B-NVFP4,p2
0,0,,crook,True,nvidia/NVIDIA-Nemotron-Labs-3-Puzzle-75B-A9B-NVFP4,p2
1,1,,unlock,True,nvidia/NVIDIA-Nemotron-Labs-3-Puzzle-75B-A9B-NVFP4,p2
1,1,,unlock,True,nvidia/NVIDIA-Nemotron-Labs-3-Puzzle-75B-A9B-NVFP4,p2
0,1,,unlock,False,nvidia/NVIDIA-Nemotron-Labs-3-Puzzle-75B-A9B-NVFP4,p2
0,1,,unlock,False,nvidia/NVIDIA-Nemotron-Labs-3-Puzzle-75B-A9B-NVFP4,p2
1,1,,visibility,True,nvidia/NVIDIA-Nemotron-Labs-3-Puzzle-75B-A9B-NVFP4,p2
1,1,,visibility,True,nvidia/NVIDIA-Nemotron-Labs-3-Puzzle-75B-A9B-NVFP4,p2
1,1,,visibility,True,nvidia/NVIDIA-Nemotron-Labs-3-Puzzle-75B-A9B-NVFP4,p2
0,0,,visibility,True,nvidia/NVIDIA-Nemotron-Labs-3-Puzzle-75B-A9B-NVFP4,p2
0,1,,visibility,False,nvidia/NVIDIA-Nemotron-Labs-3-Puzzle-75B-A9B-NVFP4,p2
0,0,,visibility,True,nvidia/NVIDIA-Nemotron-Labs-3-Puzzle-75B-A9B-NVFP4,p2
1,1,,swoop,True,nvidia/NVIDIA-Nemotron-Labs-3-Puzzle-75B-A9B-NVFP4,p2
1,1,,swoop,True,nvidia/NVIDIA-Nemotron-Labs-3-Puzzle-75B-A9B-NVFP4,p2
1,1,,swoop,True,nvidia/NVIDIA-Nemotron-Labs-3-Puzzle-75B-A9B-NVFP4,p2
1,1,,expire,True,nvidia/NVIDIA-Nemotron-Labs-3-Puzzle-75B-A9B-NVFP4,p2
0,0,,expire,True,nvidia/NVIDIA-Nemotron-Labs-3-Puzzle-75B-A9B-NVFP4,p2
0,0,,expire,True,nvidia/NVIDIA-Nemotron-Labs-3-Puzzle-75B-A9B-NVFP4,p2
1,1,,commotion,True,nvidia/NVIDIA-Nemotron-Labs-3-Puzzle-75B-A9B-NVFP4,p2
1,1,,commotion,True,nvidia/NVIDIA-Nemotron-Labs-3-Puzzle-75B-A9B-NVFP4,p2
0,1,,commotion,False,nvidia/NVIDIA-Nemotron-Labs-3-Puzzle-75B-A9B-NVFP4,p2
0,1,,commotion,False,nvidia/NVIDIA-Nemotron-Labs-3-Puzzle-75B-A9B-NVFP4,p2
0,1,,commotion,False,nvidia/NVIDIA-Nemotron-Labs-3-Puzzle-75B-A9B-NVFP4,p2
1,1,,liquefy,True,nvidia/NVIDIA-Nemotron-Labs-3-Puzzle-75B-A9B-NVFP4,p2
0,1,,liquefy,False,nvidia/NVIDIA-Nemotron-Labs-3-Puzzle-75B-A9B-NVFP4,p2
1,1,,reinforcement,True,nvidia/NVIDIA-Nemotron-Labs-3-Puzzle-75B-A9B-NVFP4,p2
1,1,,reinforcement,True,nvidia/NVIDIA-Nemotron-Labs-3-Puzzle-75B-A9B-NVFP4,p2
0,0,,reinforcement,True,nvidia/NVIDIA-Nemotron-Labs-3-Puzzle-75B-A9B-NVFP4,p2
0,0,,reinforcement,True,nvidia/NVIDIA-Nemotron-Labs-3-Puzzle-75B-A9B-NVFP4,p2
0,0,,reinforcement,True,nvidia/NVIDIA-Nemotron-Labs-3-Puzzle-75B-A9B-NVFP4,p2
0,0,,reinforcement,True,nvidia/NVIDIA-Nemotron-Labs-3-Puzzle-75B-A9B-NVFP4,p2
1,1,,exposition,True,nvidia/NVIDIA-Nemotron-Labs-3-Puzzle-75B-A9B-NVFP4,p2
1,1,,exposition,True,nvidia/NVIDIA-Nemotron-Labs-3-Puzzle-75B-A9B-NVFP4,p2
1,1,,exposition,True,nvidia/NVIDIA-Nemotron-Labs-3-Puzzle-75B-A9B-NVFP4,p2
0,0,,exposition,True,nvidia/NVIDIA-Nemotron-Labs-3-Puzzle-75B-A9B-NVFP4,p2
0,0,,exposition,True,nvidia/NVIDIA-Nemotron-Labs-3-Puzzle-75B-A9B-NVFP4,p2
0,0,,exposition,True,nvidia/NVIDIA-Nemotron-Labs-3-Puzzle-75B-A9B-NVFP4,p2
1,1,,condemnation,True,nvidia/NVIDIA-Nemotron-Labs-3-Puzzle-75B-A9B-NVFP4,p2
1,1,,condemnation,True,nvidia/NVIDIA-Nemotron-Labs-3-Puzzle-75B-A9B-NVFP4,p2
0,0,,condemnation,True,nvidia/NVIDIA-Nemotron-Labs-3-Puzzle-75B-A9B-NVFP4,p2
0,0,,condemnation,True,nvidia/NVIDIA-Nemotron-Labs-3-Puzzle-75B-A9B-NVFP4,p2
0,1,,condemnation,False,nvidia/NVIDIA-Nemotron-Labs-3-Puzzle-75B-A9B-NVFP4,p2
0,0,,condemnation,True,nvidia/NVIDIA-Nemotron-Labs-3-Puzzle-75B-A9B-NVFP4,p2
0,0,,crucifixion,True,nvidia/NVIDIA-Nemotron-Labs-3-Puzzle-75B-A9B-NVFP4,p2
0,0,,crucifixion,True,nvidia/NVIDIA-Nemotron-Labs-3-Puzzle-75B-A9B-NVFP4,p2
0,1,,steer,False,nvidia/NVIDIA-Nemotron-Labs-3-Puzzle-75B-A9B-NVFP4,p2
0,1,,steer,False,nvidia/NVIDIA-Nemotron-Labs-3-Puzzle-75B-A9B-NVFP4,p2
1,1,,magnify,True,nvidia/NVIDIA-Nemotron-Labs-3-Puzzle-75B-A9B-NVFP4,p2
0,1,,magnify,False,nvidia/NVIDIA-Nemotron-Labs-3-Puzzle-75B-A9B-NVFP4,p2
1,1,,proximity,True,nvidia/NVIDIA-Nemotron-Labs-3-Puzzle-75B-A9B-NVFP4,p2
0,1,,proximity,False,nvidia/NVIDIA-Nemotron-Labs-3-Puzzle-75B-A9B-NVFP4,p2
0,1,,proximity,False,nvidia/NVIDIA-Nemotron-Labs-3-Puzzle-75B-A9B-NVFP4,p2
1,1,,sovereignty,True,nvidia/NVIDIA-Nemotron-Labs-3-Puzzle-75B-A9B-NVFP4,p2
0,1,,sovereignty,False,nvidia/NVIDIA-Nemotron-Labs-3-Puzzle-75B-A9B-NVFP4,p2
1,1,,fondness,True,nvidia/NVIDIA-Nemotron-Labs-3-Puzzle-75B-A9B-NVFP4,p2
1,1,,lonely,True,nvidia/NVIDIA-Nemotron-Labs-3-Puzzle-75B-A9B-NVFP4,p2
0,1,,lonely,False,nvidia/NVIDIA-Nemotron-Labs-3-Puzzle-75B-A9B-NVFP4,p2
0,0,,go_along,True,nvidia/NVIDIA-Nemotron-Labs-3-Puzzle-75B-A9B-NVFP4,p2
1,1,,monstrous,True,nvidia/NVIDIA-Nemotron-Labs-3-Puzzle-75B-A9B-NVFP4,p2
1,1,,monstrous,True,nvidia/NVIDIA-Nemotron-Labs-3-Puzzle-75B-A9B-NVFP4,p2
0,1,,monstrous,False,nvidia/NVIDIA-Nemotron-Labs-3-Puzzle-75B-A9B-NVFP4,p2
0,1,,monstrous,False,nvidia/NVIDIA-Nemotron-Labs-3-Puzzle-75B-A9B-NVFP4,p2
1,1,,symbolism,True,nvidia/NVIDIA-Nemotron-Labs-3-Puzzle-75B-A9B-NVFP4,p2
1,1,,symbolism,True,nvidia/NVIDIA-Nemotron-Labs-3-Puzzle-75B-A9B-NVFP4,p2
0,1,,symbolism,False,nvidia/NVIDIA-Nemotron-Labs-3-Puzzle-75B-A9B-NVFP4,p2
1,1,,intimidation,True,nvidia/NVIDIA-Nemotron-Labs-3-Puzzle-75B-A9B-NVFP4,p2
1,1,,intimidation,True,nvidia/NVIDIA-Nemotron-Labs-3-Puzzle-75B-A9B-NVFP4,p2
0,1,,intimidation,False,nvidia/NVIDIA-Nemotron-Labs-3-Puzzle-75B-A9B-NVFP4,p2
0,1,,intimidation,False,nvidia/NVIDIA-Nemotron-Labs-3-Puzzle-75B-A9B-NVFP4,p2
1,1,,get_along,True,nvidia/NVIDIA-Nemotron-Labs-3-Puzzle-75B-A9B-NVFP4,p2
0,0,,get_along,True,nvidia/NVIDIA-Nemotron-Labs-3-Puzzle-75B-A9B-NVFP4,p2
0,0,,get_along,True,nvidia/NVIDIA-Nemotron-Labs-3-Puzzle-75B-A9B-NVFP4,p2
0,1,,get_along,False,nvidia/NVIDIA-Nemotron-Labs-3-Puzzle-75B-A9B-NVFP4,p2
1,1,,rustle,True,nvidia/NVIDIA-Nemotron-Labs-3-Puzzle-75B-A9B-NVFP4,p2
0,1,,rustle,False,nvidia/NVIDIA-Nemotron-Labs-3-Puzzle-75B-A9B-NVFP4,p2
0,0,,rustle,True,nvidia/NVIDIA-Nemotron-Labs-3-Puzzle-75B-A9B-NVFP4,p2
1,1,,avail,True,nvidia/NVIDIA-Nemotron-Labs-3-Puzzle-75B-A9B-NVFP4,p2
1,1,,avail,True,nvidia/NVIDIA-Nemotron-Labs-3-Puzzle-75B-A9B-NVFP4,p2
0,1,,avail,False,nvidia/NVIDIA-Nemotron-Labs-3-Puzzle-75B-A9B-NVFP4,p2
0,1,,avail,False,nvidia/NVIDIA-Nemotron-Labs-3-Puzzle-75B-A9B-NVFP4,p2
1,1,,retract,True,nvidia/NVIDIA-Nemotron-Labs-3-Puzzle-75B-A9B-NVFP4,p2
1,1,,retract,True,nvidia/NVIDIA-Nemotron-Labs-3-Puzzle-75B-A9B-NVFP4,p2
0,0,,retract,True,nvidia/NVIDIA-Nemotron-Labs-3-Puzzle-75B-A9B-NVFP4,p2
0,0,,retract,True,nvidia/NVIDIA-Nemotron-Labs-3-Puzzle-75B-A9B-NVFP4,p2
1,1,,franchise,True,nvidia/NVIDIA-Nemotron-Labs-3-Puzzle-75B-A9B-NVFP4,p2
1,1,,franchise,True,nvidia/NVIDIA-Nemotron-Labs-3-Puzzle-75B-A9B-NVFP4,p2
1,1,,franchise,True,nvidia/NVIDIA-Nemotron-Labs-3-Puzzle-75B-A9B-NVFP4,p2
0,1,,franchise,False,nvidia/NVIDIA-Nemotron-Labs-3-Puzzle-75B-A9B-NVFP4,p2
0,0,,franchise,True,nvidia/NVIDIA-Nemotron-Labs-3-Puzzle-75B-A9B-NVFP4,p2
0,0,,franchise,True,nvidia/NVIDIA-Nemotron-Labs-3-Puzzle-75B-A9B-NVFP4,p2
1,1,,thong,True,nvidia/NVIDIA-Nemotron-Labs-3-Puzzle-75B-A9B-NVFP4,p2
1,1,,thong,True,nvidia/NVIDIA-Nemotron-Labs-3-Puzzle-75B-A9B-NVFP4,p2
1,1,,thong,True,nvidia/NVIDIA-Nemotron-Labs-3-Puzzle-75B-A9B-NVFP4,p2
1,1,,thong,True,nvidia/NVIDIA-Nemotron-Labs-3-Puzzle-75B-A9B-NVFP4,p2
0,0,,thong,True,nvidia/NVIDIA-Nemotron-Labs-3-Puzzle-75B-A9B-NVFP4,p2
0,0,,thong,True,nvidia/NVIDIA-Nemotron-Labs-3-Puzzle-75B-A9B-NVFP4,p2
0,0,,thong,True,nvidia/NVIDIA-Nemotron-Labs-3-Puzzle-75B-A9B-NVFP4,p2
0,1,,thong,False,nvidia/NVIDIA-Nemotron-Labs-3-Puzzle-75B-A9B-NVFP4,p2
0,0,,thong,True,nvidia/NVIDIA-Nemotron-Labs-3-Puzzle-75B-A9B-NVFP4,p2
1,1,,hoist,True,nvidia/NVIDIA-Nemotron-Labs-3-Puzzle-75B-A9B-NVFP4,p2
1,1,,hoist,True,nvidia/NVIDIA-Nemotron-Labs-3-Puzzle-75B-A9B-NVFP4,p2
1,1,,hoist,True,nvidia/NVIDIA-Nemotron-Labs-3-Puzzle-75B-A9B-NVFP4,p2
0,1,,hoist,False,nvidia/NVIDIA-Nemotron-Labs-3-Puzzle-75B-A9B-NVFP4,p2
0,1,,hoist,False,nvidia/NVIDIA-Nemotron-Labs-3-Puzzle-75B-A9B-NVFP4,p2
0,1,,hoist,False,nvidia/NVIDIA-Nemotron-Labs-3-Puzzle-75B-A9B-NVFP4,p2
1,1,,fortify,True,nvidia/NVIDIA-Nemotron-Labs-3-Puzzle-75B-A9B-NVFP4,p2
1,1,,fortify,True,nvidia/NVIDIA-Nemotron-Labs-3-Puzzle-75B-A9B-NVFP4,p2
1,1,,fortify,True,nvidia/NVIDIA-Nemotron-Labs-3-Puzzle-75B-A9B-NVFP4,p2
0,1,,fortify,False,nvidia/NVIDIA-Nemotron-Labs-3-Puzzle-75B-A9B-NVFP4,p2
1,1,,blister,True,nvidia/NVIDIA-Nemotron-Labs-3-Puzzle-75B-A9B-NVFP4,p2
1,1,,blister,True,nvidia/NVIDIA-Nemotron-Labs-3-Puzzle-75B-A9B-NVFP4,p2
0,0,,blister,True,nvidia/NVIDIA-Nemotron-Labs-3-Puzzle-75B-A9B-NVFP4,p2
0,0,,blister,True,nvidia/NVIDIA-Nemotron-Labs-3-Puzzle-75B-A9B-NVFP4,p2
1,1,,shroud,True,nvidia/NVIDIA-Nemotron-Labs-3-Puzzle-75B-A9B-NVFP4,p2
1,1,,shroud,True,nvidia/NVIDIA-Nemotron-Labs-3-Puzzle-75B-A9B-NVFP4,p2
0,1,,shroud,False,nvidia/NVIDIA-Nemotron-Labs-3-Puzzle-75B-A9B-NVFP4,p2
0,0,,shroud,True,nvidia/NVIDIA-Nemotron-Labs-3-Puzzle-75B-A9B-NVFP4,p2
0,0,,shroud,True,nvidia/NVIDIA-Nemotron-Labs-3-Puzzle-75B-A9B-NVFP4,p2
1,1,,level,True,nvidia/NVIDIA-Nemotron-Labs-3-Puzzle-75B-A9B-NVFP4,p2
1,1,,level,True,nvidia/NVIDIA-Nemotron-Labs-3-Puzzle-75B-A9B-NVFP4,p2
1,1,,level,True,nvidia/NVIDIA-Nemotron-Labs-3-Puzzle-75B-A9B-NVFP4,p2
1,1,,level,True,nvidia/NVIDIA-Nemotron-Labs-3-Puzzle-75B-A9B-NVFP4,p2
1,1,,level,True,nvidia/NVIDIA-Nemotron-Labs-3-Puzzle-75B-A9B-NVFP4,p2
0,0,,level,True,nvidia/NVIDIA-Nemotron-Labs-3-Puzzle-75B-A9B-NVFP4,p2
0,1,,level,False,nvidia/NVIDIA-Nemotron-Labs-3-Puzzle-75B-A9B-NVFP4,p2
0,0,,level,True,nvidia/NVIDIA-Nemotron-Labs-3-Puzzle-75B-A9B-NVFP4,p2
0,0,,level,True,nvidia/NVIDIA-Nemotron-Labs-3-Puzzle-75B-A9B-NVFP4,p2
1,0,,plug,False,nvidia/NVIDIA-Nemotron-Labs-3-Puzzle-75B-A9B-NVFP4,p2
0,0,,plug,True,nvidia/NVIDIA-Nemotron-Labs-3-Puzzle-75B-A9B-NVFP4,p2
0,0,,plug,True,nvidia/NVIDIA-Nemotron-Labs-3-Puzzle-75B-A9B-NVFP4,p2
0,0,,plug,True,nvidia/NVIDIA-Nemotron-Labs-3-Puzzle-75B-A9B-NVFP4,p2
0,0,,plug,True,nvidia/NVIDIA-Nemotron-Labs-3-Puzzle-75B-A9B-NVFP4,p2
0,0,,plug,True,nvidia/NVIDIA-Nemotron-Labs-3-Puzzle-75B-A9B-NVFP4,p2
1,1,,parity,True,nvidia/NVIDIA-Nemotron-Labs-3-Puzzle-75B-A9B-NVFP4,p2
1,1,,parity,True,nvidia/NVIDIA-Nemotron-Labs-3-Puzzle-75B-A9B-NVFP4,p2
0,0,,parity,True,nvidia/NVIDIA-Nemotron-Labs-3-Puzzle-75B-A9B-NVFP4,p2
0,0,,parity,True,nvidia/NVIDIA-Nemotron-Labs-3-Puzzle-75B-A9B-NVFP4,p2
1,0,,continental,False,nvidia/NVIDIA-Nemotron-Labs-3-Puzzle-75B-A9B-NVFP4,p2
1,1,,continental,True,nvidia/NVIDIA-Nemotron-Labs-3-Puzzle-75B-A9B-NVFP4,p2
1,0,,continental,False,nvidia/NVIDIA-Nemotron-Labs-3-Puzzle-75B-A9B-NVFP4,p2
0,0,,continental,True,nvidia/NVIDIA-Nemotron-Labs-3-Puzzle-75B-A9B-NVFP4,p2
0,0,,continental,True,nvidia/NVIDIA-Nemotron-Labs-3-Puzzle-75B-A9B-NVFP4,p2
0,0,,continental,True,nvidia/NVIDIA-Nemotron-Labs-3-Puzzle-75B-A9B-NVFP4,p2
0,0,,continental,True,nvidia/NVIDIA-Nemotron-Labs-3-Puzzle-75B-A9B-NVFP4,p2
1,1,,carry_over,True,nvidia/NVIDIA-Nemotron-Labs-3-Puzzle-75B-A9B-NVFP4,p2
1,1,,carry_over,True,nvidia/NVIDIA-Nemotron-Labs-3-Puzzle-75B-A9B-NVFP4,p2
0,0,,carry_over,True,nvidia/NVIDIA-Nemotron-Labs-3-Puzzle-75B-A9B-NVFP4,p2
0,0,,carry_over,True,nvidia/NVIDIA-Nemotron-Labs-3-Puzzle-75B-A9B-NVFP4,p2
0,1,,carry_over,False,nvidia/NVIDIA-Nemotron-Labs-3-Puzzle-75B-A9B-NVFP4,p2
1,1,,sordid,True,nvidia/NVIDIA-Nemotron-Labs-3-Puzzle-75B-A9B-NVFP4,p2
0,1,,sordid,False,nvidia/NVIDIA-Nemotron-Labs-3-Puzzle-75B-A9B-NVFP4,p2
0,1,,sordid,False,nvidia/NVIDIA-Nemotron-Labs-3-Puzzle-75B-A9B-NVFP4,p2
0,1,,sordid,False,nvidia/NVIDIA-Nemotron-Labs-3-Puzzle-75B-A9B-NVFP4,p2
0,1,,sordid,False,nvidia/NVIDIA-Nemotron-Labs-3-Puzzle-75B-A9B-NVFP4,p2
1,1,,cock,True,nvidia/NVIDIA-Nemotron-Labs-3-Puzzle-75B-A9B-NVFP4,p2
1,1,,cock,True,nvidia/NVIDIA-Nemotron-Labs-3-Puzzle-75B-A9B-NVFP4,p2
1,1,,cock,True,nvidia/NVIDIA-Nemotron-Labs-3-Puzzle-75B-A9B-NVFP4,p2
0,0,,cock,True,nvidia/NVIDIA-Nemotron-Labs-3-Puzzle-75B-A9B-NVFP4,p2
0,1,,cock,False,nvidia/NVIDIA-Nemotron-Labs-3-Puzzle-75B-A9B-NVFP4,p2
0,0,,cock,True,nvidia/NVIDIA-Nemotron-Labs-3-Puzzle-75B-A9B-NVFP4,p2
1,1,,flank,True,nvidia/NVIDIA-Nemotron-Labs-3-Puzzle-75B-A9B-NVFP4,p2
1,1,,flank,True,nvidia/NVIDIA-Nemotron-Labs-3-Puzzle-75B-A9B-NVFP4,p2
0,0,,flank,True,nvidia/NVIDIA-Nemotron-Labs-3-Puzzle-75B-A9B-NVFP4,p2
0,0,,flank,True,nvidia/NVIDIA-Nemotron-Labs-3-Puzzle-75B-A9B-NVFP4,p2
0,0,,flank,True,nvidia/NVIDIA-Nemotron-Labs-3-Puzzle-75B-A9B-NVFP4,p2
1,1,,fold,True,nvidia/NVIDIA-Nemotron-Labs-3-Puzzle-75B-A9B-NVFP4,p2
1,1,,fold,True,nvidia/NVIDIA-Nemotron-Labs-3-Puzzle-75B-A9B-NVFP4,p2
1,1,,fold,True,nvidia/NVIDIA-Nemotron-Labs-3-Puzzle-75B-A9B-NVFP4,p2
1,1,,fold,True,nvidia/NVIDIA-Nemotron-Labs-3-Puzzle-75B-A9B-NVFP4,p2
0,0,,fold,True,nvidia/NVIDIA-Nemotron-Labs-3-Puzzle-75B-A9B-NVFP4,p2
0,0,,fold,True,nvidia/NVIDIA-Nemotron-Labs-3-Puzzle-75B-A9B-NVFP4,p2
0,0,,fold,True,nvidia/NVIDIA-Nemotron-Labs-3-Puzzle-75B-A9B-NVFP4,p2
0,0,,fold,True,nvidia/NVIDIA-Nemotron-Labs-3-Puzzle-75B-A9B-NVFP4,p2
0,0,,fold,True,nvidia/NVIDIA-Nemotron-Labs-3-Puzzle-75B-A9B-NVFP4,p2
0,1,,smoothness,False,nvidia/NVIDIA-Nemotron-Labs-3-Puzzle-75B-A9B-NVFP4,p2
0,1,,smoothness,False,nvidia/NVIDIA-Nemotron-Labs-3-Puzzle-75B-A9B-NVFP4,p2
0,0,,smoothness,True,nvidia/NVIDIA-Nemotron-Labs-3-Puzzle-75B-A9B-NVFP4,p2
1,1,,appease,True,nvidia/NVIDIA-Nemotron-Labs-3-Puzzle-75B-A9B-NVFP4,p2
1,1,,syndicate,True,nvidia/NVIDIA-Nemotron-Labs-3-Puzzle-75B-A9B-NVFP4,p2
1,1,,syndicate,True,nvidia/NVIDIA-Nemotron-Labs-3-Puzzle-75B-A9B-NVFP4,p2
1,1,,syndicate,True,nvidia/NVIDIA-Nemotron-Labs-3-Puzzle-75B-A9B-NVFP4,p2
0,0,,syndicate,True,nvidia/NVIDIA-Nemotron-Labs-3-Puzzle-75B-A9B-NVFP4,p2
0,0,,syndicate,True,nvidia/NVIDIA-Nemotron-Labs-3-Puzzle-75B-A9B-NVFP4,p2
1,1,,harness,True,nvidia/NVIDIA-Nemotron-Labs-3-Puzzle-75B-A9B-NVFP4,p2
1,1,,harness,True,nvidia/NVIDIA-Nemotron-Labs-3-Puzzle-75B-A9B-NVFP4,p2
1,0,,harness,False,nvidia/NVIDIA-Nemotron-Labs-3-Puzzle-75B-A9B-NVFP4,p2
0,1,,harness,False,nvidia/NVIDIA-Nemotron-Labs-3-Puzzle-75B-A9B-NVFP4,p2
0,1,,harness,False,nvidia/NVIDIA-Nemotron-Labs-3-Puzzle-75B-A9B-NVFP4,p2
1,1,,dogmatic,True,nvidia/NVIDIA-Nemotron-Labs-3-Puzzle-75B-A9B-NVFP4,p2
0,1,,dogmatic,False,nvidia/NVIDIA-Nemotron-Labs-3-Puzzle-75B-A9B-NVFP4,p2
1,1,,parallel,True,nvidia/NVIDIA-Nemotron-Labs-3-Puzzle-75B-A9B-NVFP4,p2
0,0,,parallel,True,nvidia/NVIDIA-Nemotron-Labs-3-Puzzle-75B-A9B-NVFP4,p2
0,0,,parallel,True,nvidia/NVIDIA-Nemotron-Labs-3-Puzzle-75B-A9B-NVFP4,p2
1,1,,gourd,True,nvidia/NVIDIA-Nemotron-Labs-3-Puzzle-75B-A9B-NVFP4,p2
1,1,,gourd,True,nvidia/NVIDIA-Nemotron-Labs-3-Puzzle-75B-A9B-NVFP4,p2
1,1,,fairness,True,nvidia/NVIDIA-Nemotron-Labs-3-Puzzle-75B-A9B-NVFP4,p2
1,1,,fairness,True,nvidia/NVIDIA-Nemotron-Labs-3-Puzzle-75B-A9B-NVFP4,p2
1,1,,fairness,True,nvidia/NVIDIA-Nemotron-Labs-3-Puzzle-75B-A9B-NVFP4,p2
0,0,,fairness,True,nvidia/NVIDIA-Nemotron-Labs-3-Puzzle-75B-A9B-NVFP4,p2
0,0,,fairness,True,nvidia/NVIDIA-Nemotron-Labs-3-Puzzle-75B-A9B-NVFP4,p2
0,0,,fairness,True,nvidia/NVIDIA-Nemotron-Labs-3-Puzzle-75B-A9B-NVFP4,p2
1,1,,frustration,True,nvidia/NVIDIA-Nemotron-Labs-3-Puzzle-75B-A9B-NVFP4,p2
1,1,,frustration,True,nvidia/NVIDIA-Nemotron-Labs-3-Puzzle-75B-A9B-NVFP4,p2
0,1,,frustration,False,nvidia/NVIDIA-Nemotron-Labs-3-Puzzle-75B-A9B-NVFP4,p2
0,0,,frustration,True,nvidia/NVIDIA-Nemotron-Labs-3-Puzzle-75B-A9B-NVFP4,p2
1,1,,docile,True,nvidia/NVIDIA-Nemotron-Labs-3-Puzzle-75B-A9B-NVFP4,p2
1,1,,docile,True,nvidia/NVIDIA-Nemotron-Labs-3-Puzzle-75B-A9B-NVFP4,p2
0,1,,docile,False,nvidia/NVIDIA-Nemotron-Labs-3-Puzzle-75B-A9B-NVFP4,p2
0,1,,docile,False,nvidia/NVIDIA-Nemotron-Labs-3-Puzzle-75B-A9B-NVFP4,p2
1,1,,packing,True,nvidia/NVIDIA-Nemotron-Labs-3-Puzzle-75B-A9B-NVFP4,p2
1,1,,packing,True,nvidia/NVIDIA-Nemotron-Labs-3-Puzzle-75B-A9B-NVFP4,p2
1,1,,packing,True,nvidia/NVIDIA-Nemotron-Labs-3-Puzzle-75B-A9B-NVFP4,p2
0,1,,packing,False,nvidia/NVIDIA-Nemotron-Labs-3-Puzzle-75B-A9B-NVFP4,p2
1,1,,inferiority,True,nvidia/NVIDIA-Nemotron-Labs-3-Puzzle-75B-A9B-NVFP4,p2
0,1,,inferiority,False,nvidia/NVIDIA-Nemotron-Labs-3-Puzzle-75B-A9B-NVFP4,p2
0,1,,invert,False,nvidia/NVIDIA-Nemotron-Labs-3-Puzzle-75B-A9B-NVFP4,p2
0,1,,invert,False,nvidia/NVIDIA-Nemotron-Labs-3-Puzzle-75B-A9B-NVFP4,p2
0,1,,foul_line,False,nvidia/NVIDIA-Nemotron-Labs-3-Puzzle-75B-A9B-NVFP4,p2
0,1,,foul_line,False,nvidia/NVIDIA-Nemotron-Labs-3-Puzzle-75B-A9B-NVFP4,p2
1,1,,unskilled,True,nvidia/NVIDIA-Nemotron-Labs-3-Puzzle-75B-A9B-NVFP4,p2
0,1,,unskilled,False,nvidia/NVIDIA-Nemotron-Labs-3-Puzzle-75B-A9B-NVFP4,p2
