lemma,n,accuracy,f1_macro,n_errors,model,mode
solicit,5,0.2,0.16666666666666666,4,nvidia/NVIDIA-Nemotron-Labs-3-Puzzle-75B-A9B-NVFP4,p3
initiate,5,0.2,0.16666666666666666,4,nvidia/NVIDIA-Nemotron-Labs-3-Puzzle-75B-A9B-NVFP4,p3
reserve,5,0.2,0.16666666666666666,4,nvidia/NVIDIA-Nemotron-Labs-3-Puzzle-75B-A9B-NVFP4,p3
personally,5,0.2,0.16666666666666666,4,nvidia/NVIDIA-Nemotron-Labs-3-Puzzle-75B-A9B-NVFP4,p3
indirect,5,0.2,0.16666666666666666,4,nvidia/NVIDIA-Nemotron-Labs-3-Puzzle-75B-A9B-NVFP4,p3
rebel,5,0.2,0.16666666666666666,4,nvidia/NVIDIA-Nemotron-Labs-3-Puzzle-75B-A9B-NVFP4,p3
assure,5,0.2,0.16666666666666666,4,nvidia/NVIDIA-Nemotron-Labs-3-Puzzle-75B-A9B-NVFP4,p3
standard,5,0.2,0.16666666666666666,4,nvidia/NVIDIA-Nemotron-Labs-3-Puzzle-75B-A9B-NVFP4,p3
suffocate,7,0.2857142857142857,0.2222222222222222,5,nvidia/NVIDIA-Nemotron-Labs-3-Puzzle-75B-A9B-NVFP4,p3
exhaust,7,0.2857142857142857,0.2222222222222222,5,nvidia/NVIDIA-Nemotron-Labs-3-Puzzle-75B-A9B-NVFP4,p3
gay,7,0.2857142857142857,0.2222222222222222,5,nvidia/NVIDIA-Nemotron-Labs-3-Puzzle-75B-A9B-NVFP4,p3
carry_over,6,0.3333333333333333,0.25,4,nvidia/NVIDIA-Nemotron-Labs-3-Puzzle-75B-A9B-NVFP4,p3
cult,6,0.3333333333333333,0.25,4,nvidia/NVIDIA-Nemotron-Labs-3-Puzzle-75B-A9B-NVFP4,p3
moderate,6,0.3333333333333333,0.25,4,nvidia/NVIDIA-Nemotron-Labs-3-Puzzle-75B-A9B-NVFP4,p3
challenge,6,0.3333333333333333,0.25,4,nvidia/NVIDIA-Nemotron-Labs-3-Puzzle-75B-A9B-NVFP4,p3
feast,6,0.3333333333333333,0.25,4,nvidia/NVIDIA-Nemotron-Labs-3-Puzzle-75B-A9B-NVFP4,p3
shorten,6,0.3333333333333333,0.25,4,nvidia/NVIDIA-Nemotron-Labs-3-Puzzle-75B-A9B-NVFP4,p3
banish,6,0.3333333333333333,0.25,4,nvidia/NVIDIA-Nemotron-Labs-3-Puzzle-75B-A9B-NVFP4,p3
indulge,6,0.3333333333333333,0.25,4,nvidia/NVIDIA-Nemotron-Labs-3-Puzzle-75B-A9B-NVFP4,p3
ignore,6,0.3333333333333333,0.25,4,nvidia/NVIDIA-Nemotron-Labs-3-Puzzle-75B-A9B-NVFP4,p3
proceed,6,0.3333333333333333,0.25,4,nvidia/NVIDIA-Nemotron-Labs-3-Puzzle-75B-A9B-NVFP4,p3
pound,6,0.3333333333333333,0.25,4,nvidia/NVIDIA-Nemotron-Labs-3-Puzzle-75B-A9B-NVFP4,p3
break_away,6,0.3333333333333333,0.25,4,nvidia/NVIDIA-Nemotron-Labs-3-Puzzle-75B-A9B-NVFP4,p3
sink,12,0.3333333333333333,0.25,8,nvidia/NVIDIA-Nemotron-Labs-3-Puzzle-75B-A9B-NVFP4,p3
lettuce,6,0.3333333333333333,0.25,4,nvidia/NVIDIA-Nemotron-Labs-3-Puzzle-75B-A9B-NVFP4,p3
struggle,6,0.3333333333333333,0.25,4,nvidia/NVIDIA-Nemotron-Labs-3-Puzzle-75B-A9B-NVFP4,p3
writing,6,0.3333333333333333,0.25,4,nvidia/NVIDIA-Nemotron-Labs-3-Puzzle-75B-A9B-NVFP4,p3
trap,6,0.3333333333333333,0.25,4,nvidia/NVIDIA-Nemotron-Labs-3-Puzzle-75B-A9B-NVFP4,p3
unused,6,0.3333333333333333,0.25,4,nvidia/NVIDIA-Nemotron-Labs-3-Puzzle-75B-A9B-NVFP4,p3
expand,11,0.36363636363636365,0.26666666666666666,7,nvidia/NVIDIA-Nemotron-Labs-3-Puzzle-75B-A9B-NVFP4,p3
deep,11,0.36363636363636365,0.26666666666666666,7,nvidia/NVIDIA-Nemotron-Labs-3-Puzzle-75B-A9B-NVFP4,p3
revive,8,0.375,0.2727272727272727,5,nvidia/NVIDIA-Nemotron-Labs-3-Puzzle-75B-A9B-NVFP4,p3
specify,8,0.375,0.2727272727272727,5,nvidia/NVIDIA-Nemotron-Labs-3-Puzzle-75B-A9B-NVFP4,p3
special,8,0.375,0.2727272727272727,5,nvidia/NVIDIA-Nemotron-Labs-3-Puzzle-75B-A9B-NVFP4,p3
lightness,8,0.375,0.2727272727272727,5,nvidia/NVIDIA-Nemotron-Labs-3-Puzzle-75B-A9B-NVFP4,p3
zero,8,0.375,0.2727272727272727,5,nvidia/NVIDIA-Nemotron-Labs-3-Puzzle-75B-A9B-NVFP4,p3
anticipate,8,0.375,0.2727272727272727,5,nvidia/NVIDIA-Nemotron-Labs-3-Puzzle-75B-A9B-NVFP4,p3
history,8,0.375,0.2727272727272727,5,nvidia/NVIDIA-Nemotron-Labs-3-Puzzle-75B-A9B-NVFP4,p3
time,8,0.375,0.2727272727272727,5,nvidia/NVIDIA-Nemotron-Labs-3-Puzzle-75B-A9B-NVFP4,p3
examine,8,0.375,0.2727272727272727,5,nvidia/NVIDIA-Nemotron-Labs-3-Puzzle-75B-A9B-NVFP4,p3
dubious,5,0.4,0.2857142857142857,3,nvidia/NVIDIA-Nemotron-Labs-3-Puzzle-75B-A9B-NVFP4,p3
season,5,0.4,0.2857142857142857,3,nvidia/NVIDIA-Nemotron-Labs-3-Puzzle-75B-A9B-NVFP4,p3
unique,5,0.4,0.2857142857142857,3,nvidia/NVIDIA-Nemotron-Labs-3-Puzzle-75B-A9B-NVFP4,p3
hasten,5,0.4,0.2857142857142857,3,nvidia/NVIDIA-Nemotron-Labs-3-Puzzle-75B-A9B-NVFP4,p3
dismissal,5,0.4,0.2857142857142857,3,nvidia/NVIDIA-Nemotron-Labs-3-Puzzle-75B-A9B-NVFP4,p3
dramatically,5,0.4,0.2857142857142857,3,nvidia/NVIDIA-Nemotron-Labs-3-Puzzle-75B-A9B-NVFP4,p3
circle,5,0.4,0.2857142857142857,3,nvidia/NVIDIA-Nemotron-Labs-3-Puzzle-75B-A9B-NVFP4,p3
requirement,5,0.4,0.2857142857142857,3,nvidia/NVIDIA-Nemotron-Labs-3-Puzzle-75B-A9B-NVFP4,p3
contamination,5,0.4,0.2857142857142857,3,nvidia/NVIDIA-Nemotron-Labs-3-Puzzle-75B-A9B-NVFP4,p3
manual,5,0.4,0.2857142857142857,3,nvidia/NVIDIA-Nemotron-Labs-3-Puzzle-75B-A9B-NVFP4,p3
cruise,5,0.4,0.2857142857142857,3,nvidia/NVIDIA-Nemotron-Labs-3-Puzzle-75B-A9B-NVFP4,p3
simulate,5,0.4,0.2857142857142857,3,nvidia/NVIDIA-Nemotron-Labs-3-Puzzle-75B-A9B-NVFP4,p3
inheritance,5,0.4,0.2857142857142857,3,nvidia/NVIDIA-Nemotron-Labs-3-Puzzle-75B-A9B-NVFP4,p3
jerk,5,0.4,0.2857142857142857,3,nvidia/NVIDIA-Nemotron-Labs-3-Puzzle-75B-A9B-NVFP4,p3
dominate,5,0.4,0.2857142857142857,3,nvidia/NVIDIA-Nemotron-Labs-3-Puzzle-75B-A9B-NVFP4,p3
slow,5,0.4,0.2857142857142857,3,nvidia/NVIDIA-Nemotron-Labs-3-Puzzle-75B-A9B-NVFP4,p3
dogmatic,5,0.4,0.2857142857142857,3,nvidia/NVIDIA-Nemotron-Labs-3-Puzzle-75B-A9B-NVFP4,p3
link,5,0.4,0.2857142857142857,3,nvidia/NVIDIA-Nemotron-Labs-3-Puzzle-75B-A9B-NVFP4,p3
judge,5,0.4,0.2857142857142857,3,nvidia/NVIDIA-Nemotron-Labs-3-Puzzle-75B-A9B-NVFP4,p3
recovery,5,0.4,0.2857142857142857,3,nvidia/NVIDIA-Nemotron-Labs-3-Puzzle-75B-A9B-NVFP4,p3
recapture,5,0.4,0.2857142857142857,3,nvidia/NVIDIA-Nemotron-Labs-3-Puzzle-75B-A9B-NVFP4,p3
revision,5,0.4,0.2857142857142857,3,nvidia/NVIDIA-Nemotron-Labs-3-Puzzle-75B-A9B-NVFP4,p3
stream,5,0.4,0.2857142857142857,3,nvidia/NVIDIA-Nemotron-Labs-3-Puzzle-75B-A9B-NVFP4,p3
significantly,5,0.4,0.2857142857142857,3,nvidia/NVIDIA-Nemotron-Labs-3-Puzzle-75B-A9B-NVFP4,p3
vocabulary,5,0.4,0.2857142857142857,3,nvidia/NVIDIA-Nemotron-Labs-3-Puzzle-75B-A9B-NVFP4,p3
artistic,5,0.4,0.2857142857142857,3,nvidia/NVIDIA-Nemotron-Labs-3-Puzzle-75B-A9B-NVFP4,p3
truth,5,0.4,0.2857142857142857,3,nvidia/NVIDIA-Nemotron-Labs-3-Puzzle-75B-A9B-NVFP4,p3
derive,5,0.4,0.2857142857142857,3,nvidia/NVIDIA-Nemotron-Labs-3-Puzzle-75B-A9B-NVFP4,p3
peanut,5,0.4,0.2857142857142857,3,nvidia/NVIDIA-Nemotron-Labs-3-Puzzle-75B-A9B-NVFP4,p3
purify,5,0.4,0.2857142857142857,3,nvidia/NVIDIA-Nemotron-Labs-3-Puzzle-75B-A9B-NVFP4,p3
invert,5,0.4,0.2857142857142857,3,nvidia/NVIDIA-Nemotron-Labs-3-Puzzle-75B-A9B-NVFP4,p3
quart,5,0.4,0.2857142857142857,3,nvidia/NVIDIA-Nemotron-Labs-3-Puzzle-75B-A9B-NVFP4,p3
immediacy,5,0.4,0.2857142857142857,3,nvidia/NVIDIA-Nemotron-Labs-3-Puzzle-75B-A9B-NVFP4,p3
hypothesis,5,0.4,0.2857142857142857,3,nvidia/NVIDIA-Nemotron-Labs-3-Puzzle-75B-A9B-NVFP4,p3
introduce,10,0.4,0.2857142857142857,6,nvidia/NVIDIA-Nemotron-Labs-3-Puzzle-75B-A9B-NVFP4,p3
hours,5,0.4,0.2857142857142857,3,nvidia/NVIDIA-Nemotron-Labs-3-Puzzle-75B-A9B-NVFP4,p3
proclaim,5,0.4,0.2857142857142857,3,nvidia/NVIDIA-Nemotron-Labs-3-Puzzle-75B-A9B-NVFP4,p3
commission,5,0.4,0.2857142857142857,3,nvidia/NVIDIA-Nemotron-Labs-3-Puzzle-75B-A9B-NVFP4,p3
popular,5,0.4,0.2857142857142857,3,nvidia/NVIDIA-Nemotron-Labs-3-Puzzle-75B-A9B-NVFP4,p3
interruption,5,0.4,0.2857142857142857,3,nvidia/NVIDIA-Nemotron-Labs-3-Puzzle-75B-A9B-NVFP4,p3
approval,5,0.4,0.2857142857142857,3,nvidia/NVIDIA-Nemotron-Labs-3-Puzzle-75B-A9B-NVFP4,p3
append,5,0.4,0.2857142857142857,3,nvidia/NVIDIA-Nemotron-Labs-3-Puzzle-75B-A9B-NVFP4,p3
confederacy,5,0.4,0.2857142857142857,3,nvidia/NVIDIA-Nemotron-Labs-3-Puzzle-75B-A9B-NVFP4,p3
set_off,10,0.4,0.2857142857142857,6,nvidia/NVIDIA-Nemotron-Labs-3-Puzzle-75B-A9B-NVFP4,p3
rouse,5,0.4,0.2857142857142857,3,nvidia/NVIDIA-Nemotron-Labs-3-Puzzle-75B-A9B-NVFP4,p3
convertible,5,0.4,0.2857142857142857,3,nvidia/NVIDIA-Nemotron-Labs-3-Puzzle-75B-A9B-NVFP4,p3
celebration,5,0.4,0.2857142857142857,3,nvidia/NVIDIA-Nemotron-Labs-3-Puzzle-75B-A9B-NVFP4,p3
contradict,5,0.4,0.2857142857142857,3,nvidia/NVIDIA-Nemotron-Labs-3-Puzzle-75B-A9B-NVFP4,p3
publisher,5,0.4,0.2857142857142857,3,nvidia/NVIDIA-Nemotron-Labs-3-Puzzle-75B-A9B-NVFP4,p3
prosecute,5,0.4,0.2857142857142857,3,nvidia/NVIDIA-Nemotron-Labs-3-Puzzle-75B-A9B-NVFP4,p3
painful,5,0.4,0.2857142857142857,3,nvidia/NVIDIA-Nemotron-Labs-3-Puzzle-75B-A9B-NVFP4,p3
session,5,0.4,0.2857142857142857,3,nvidia/NVIDIA-Nemotron-Labs-3-Puzzle-75B-A9B-NVFP4,p3
consecutive,5,0.4,0.2857142857142857,3,nvidia/NVIDIA-Nemotron-Labs-3-Puzzle-75B-A9B-NVFP4,p3
foresee,5,0.4,0.2857142857142857,3,nvidia/NVIDIA-Nemotron-Labs-3-Puzzle-75B-A9B-NVFP4,p3
age,5,0.4,0.2857142857142857,3,nvidia/NVIDIA-Nemotron-Labs-3-Puzzle-75B-A9B-NVFP4,p3
creep,5,0.4,0.2857142857142857,3,nvidia/NVIDIA-Nemotron-Labs-3-Puzzle-75B-A9B-NVFP4,p3
bend,10,0.4,0.2857142857142857,6,nvidia/NVIDIA-Nemotron-Labs-3-Puzzle-75B-A9B-NVFP4,p3
surrender,5,0.4,0.2857142857142857,3,nvidia/NVIDIA-Nemotron-Labs-3-Puzzle-75B-A9B-NVFP4,p3
verse,5,0.4,0.2857142857142857,3,nvidia/NVIDIA-Nemotron-Labs-3-Puzzle-75B-A9B-NVFP4,p3
bitterness,5,0.4,0.2857142857142857,3,nvidia/NVIDIA-Nemotron-Labs-3-Puzzle-75B-A9B-NVFP4,p3
thread,5,0.4,0.2857142857142857,3,nvidia/NVIDIA-Nemotron-Labs-3-Puzzle-75B-A9B-NVFP4,p3
transition,5,0.4,0.2857142857142857,3,nvidia/NVIDIA-Nemotron-Labs-3-Puzzle-75B-A9B-NVFP4,p3
unsuitable,5,0.4,0.2857142857142857,3,nvidia/NVIDIA-Nemotron-Labs-3-Puzzle-75B-A9B-NVFP4,p3
vigor,5,0.4,0.2857142857142857,3,nvidia/NVIDIA-Nemotron-Labs-3-Puzzle-75B-A9B-NVFP4,p3
emergence,5,0.4,0.2857142857142857,3,nvidia/NVIDIA-Nemotron-Labs-3-Puzzle-75B-A9B-NVFP4,p3
effective,5,0.4,0.2857142857142857,3,nvidia/NVIDIA-Nemotron-Labs-3-Puzzle-75B-A9B-NVFP4,p3
awaken,5,0.4,0.2857142857142857,3,nvidia/NVIDIA-Nemotron-Labs-3-Puzzle-75B-A9B-NVFP4,p3
escort,5,0.4,0.2857142857142857,3,nvidia/NVIDIA-Nemotron-Labs-3-Puzzle-75B-A9B-NVFP4,p3
excavation,5,0.4,0.2857142857142857,3,nvidia/NVIDIA-Nemotron-Labs-3-Puzzle-75B-A9B-NVFP4,p3
academy,5,0.4,0.2857142857142857,3,nvidia/NVIDIA-Nemotron-Labs-3-Puzzle-75B-A9B-NVFP4,p3
exceed,5,0.4,0.2857142857142857,3,nvidia/NVIDIA-Nemotron-Labs-3-Puzzle-75B-A9B-NVFP4,p3
executive,5,0.4,0.2857142857142857,3,nvidia/NVIDIA-Nemotron-Labs-3-Puzzle-75B-A9B-NVFP4,p3
amplify,5,0.4,0.2857142857142857,3,nvidia/NVIDIA-Nemotron-Labs-3-Puzzle-75B-A9B-NVFP4,p3
engraving,5,0.4,0.2857142857142857,3,nvidia/NVIDIA-Nemotron-Labs-3-Puzzle-75B-A9B-NVFP4,p3
firmly,5,0.4,0.2857142857142857,3,nvidia/NVIDIA-Nemotron-Labs-3-Puzzle-75B-A9B-NVFP4,p3
suffer,12,0.4166666666666667,0.29411764705882354,7,nvidia/NVIDIA-Nemotron-Labs-3-Puzzle-75B-A9B-NVFP4,p3
free,12,0.4166666666666667,0.29411764705882354,7,nvidia/NVIDIA-Nemotron-Labs-3-Puzzle-75B-A9B-NVFP4,p3
accessible,7,0.42857142857142855,0.3,4,nvidia/NVIDIA-Nemotron-Labs-3-Puzzle-75B-A9B-NVFP4,p3
discount,7,0.42857142857142855,0.3,4,nvidia/NVIDIA-Nemotron-Labs-3-Puzzle-75B-A9B-NVFP4,p3
display,7,0.42857142857142855,0.3,4,nvidia/NVIDIA-Nemotron-Labs-3-Puzzle-75B-A9B-NVFP4,p3
cabinet,7,0.42857142857142855,0.3,4,nvidia/NVIDIA-Nemotron-Labs-3-Puzzle-75B-A9B-NVFP4,p3
wish,7,0.42857142857142855,0.3,4,nvidia/NVIDIA-Nemotron-Labs-3-Puzzle-75B-A9B-NVFP4,p3
interpretation,7,0.42857142857142855,0.3,4,nvidia/NVIDIA-Nemotron-Labs-3-Puzzle-75B-A9B-NVFP4,p3
noticeable,7,0.42857142857142855,0.3,4,nvidia/NVIDIA-Nemotron-Labs-3-Puzzle-75B-A9B-NVFP4,p3
plague,7,0.42857142857142855,0.3,4,nvidia/NVIDIA-Nemotron-Labs-3-Puzzle-75B-A9B-NVFP4,p3
distortion,7,0.42857142857142855,0.3,4,nvidia/NVIDIA-Nemotron-Labs-3-Puzzle-75B-A9B-NVFP4,p3
wealth,7,0.42857142857142855,0.3,4,nvidia/NVIDIA-Nemotron-Labs-3-Puzzle-75B-A9B-NVFP4,p3
warmth,7,0.42857142857142855,0.3,4,nvidia/NVIDIA-Nemotron-Labs-3-Puzzle-75B-A9B-NVFP4,p3
vitality,7,0.42857142857142855,0.3,4,nvidia/NVIDIA-Nemotron-Labs-3-Puzzle-75B-A9B-NVFP4,p3
line_up,7,0.42857142857142855,0.3,4,nvidia/NVIDIA-Nemotron-Labs-3-Puzzle-75B-A9B-NVFP4,p3
harness,7,0.42857142857142855,0.3,4,nvidia/NVIDIA-Nemotron-Labs-3-Puzzle-75B-A9B-NVFP4,p3
disappearance,7,0.42857142857142855,0.3,4,nvidia/NVIDIA-Nemotron-Labs-3-Puzzle-75B-A9B-NVFP4,p3
stimulate,7,0.42857142857142855,0.3,4,nvidia/NVIDIA-Nemotron-Labs-3-Puzzle-75B-A9B-NVFP4,p3
farther,7,0.42857142857142855,0.3,4,nvidia/NVIDIA-Nemotron-Labs-3-Puzzle-75B-A9B-NVFP4,p3
stir_up,7,0.42857142857142855,0.3,4,nvidia/NVIDIA-Nemotron-Labs-3-Puzzle-75B-A9B-NVFP4,p3
string,7,0.42857142857142855,0.3,4,nvidia/NVIDIA-Nemotron-Labs-3-Puzzle-75B-A9B-NVFP4,p3
ban,7,0.42857142857142855,0.3,4,nvidia/NVIDIA-Nemotron-Labs-3-Puzzle-75B-A9B-NVFP4,p3
authorization,7,0.42857142857142855,0.3,4,nvidia/NVIDIA-Nemotron-Labs-3-Puzzle-75B-A9B-NVFP4,p3
summon,7,0.42857142857142855,0.3,4,nvidia/NVIDIA-Nemotron-Labs-3-Puzzle-75B-A9B-NVFP4,p3
together,7,0.42857142857142855,0.3,4,nvidia/NVIDIA-Nemotron-Labs-3-Puzzle-75B-A9B-NVFP4,p3
invade,7,0.42857142857142855,0.3,4,nvidia/NVIDIA-Nemotron-Labs-3-Puzzle-75B-A9B-NVFP4,p3
confrontation,7,0.42857142857142855,0.3,4,nvidia/NVIDIA-Nemotron-Labs-3-Puzzle-75B-A9B-NVFP4,p3
incapable,7,0.42857142857142855,0.3,4,nvidia/NVIDIA-Nemotron-Labs-3-Puzzle-75B-A9B-NVFP4,p3
tug,7,0.42857142857142855,0.3,4,nvidia/NVIDIA-Nemotron-Labs-3-Puzzle-75B-A9B-NVFP4,p3
attraction,7,0.42857142857142855,0.3,4,nvidia/NVIDIA-Nemotron-Labs-3-Puzzle-75B-A9B-NVFP4,p3
fair,7,0.42857142857142855,0.3,4,nvidia/NVIDIA-Nemotron-Labs-3-Puzzle-75B-A9B-NVFP4,p3
acknowledge,9,0.4444444444444444,0.3076923076923077,5,nvidia/NVIDIA-Nemotron-Labs-3-Puzzle-75B-A9B-NVFP4,p3
youth,9,0.4444444444444444,0.3076923076923077,5,nvidia/NVIDIA-Nemotron-Labs-3-Puzzle-75B-A9B-NVFP4,p3
splash,9,0.4444444444444444,0.3076923076923077,5,nvidia/NVIDIA-Nemotron-Labs-3-Puzzle-75B-A9B-NVFP4,p3
error,9,0.4444444444444444,0.3076923076923077,5,nvidia/NVIDIA-Nemotron-Labs-3-Puzzle-75B-A9B-NVFP4,p3
deliberation,9,0.4444444444444444,0.3076923076923077,5,nvidia/NVIDIA-Nemotron-Labs-3-Puzzle-75B-A9B-NVFP4,p3
unify,9,0.4444444444444444,0.3076923076923077,5,nvidia/NVIDIA-Nemotron-Labs-3-Puzzle-75B-A9B-NVFP4,p3
think_of,9,0.4444444444444444,0.3076923076923077,5,nvidia/NVIDIA-Nemotron-Labs-3-Puzzle-75B-A9B-NVFP4,p3
pretense,9,0.4444444444444444,0.3076923076923077,5,nvidia/NVIDIA-Nemotron-Labs-3-Puzzle-75B-A9B-NVFP4,p3
access,9,0.4444444444444444,0.3076923076923077,5,nvidia/NVIDIA-Nemotron-Labs-3-Puzzle-75B-A9B-NVFP4,p3
seize,11,0.45454545454545453,0.3125,6,nvidia/NVIDIA-Nemotron-Labs-3-Puzzle-75B-A9B-NVFP4,p3
ascend,11,0.45454545454545453,0.3125,6,nvidia/NVIDIA-Nemotron-Labs-3-Puzzle-75B-A9B-NVFP4,p3
richness,11,0.45454545454545453,0.3125,6,nvidia/NVIDIA-Nemotron-Labs-3-Puzzle-75B-A9B-NVFP4,p3
sweep,13,0.46153846153846156,0.3157894736842105,7,nvidia/NVIDIA-Nemotron-Labs-3-Puzzle-75B-A9B-NVFP4,p3
increase,13,0.46153846153846156,0.3157894736842105,7,nvidia/NVIDIA-Nemotron-Labs-3-Puzzle-75B-A9B-NVFP4,p3
block,19,0.47368421052631576,0.32142857142857145,10,nvidia/NVIDIA-Nemotron-Labs-3-Puzzle-75B-A9B-NVFP4,p3
explanation,6,0.5,0.3333333333333333,3,nvidia/NVIDIA-Nemotron-Labs-3-Puzzle-75B-A9B-NVFP4,p3
evidence,6,0.5,0.3333333333333333,3,nvidia/NVIDIA-Nemotron-Labs-3-Puzzle-75B-A9B-NVFP4,p3
exclusion,8,0.5,0.3333333333333333,4,nvidia/NVIDIA-Nemotron-Labs-3-Puzzle-75B-A9B-NVFP4,p3
transcribe,8,0.5,0.3333333333333333,4,nvidia/NVIDIA-Nemotron-Labs-3-Puzzle-75B-A9B-NVFP4,p3
tremor,6,0.5,0.3333333333333333,3,nvidia/NVIDIA-Nemotron-Labs-3-Puzzle-75B-A9B-NVFP4,p3
urgency,6,0.5,0.3333333333333333,3,nvidia/NVIDIA-Nemotron-Labs-3-Puzzle-75B-A9B-NVFP4,p3
victimize,6,0.5,0.3333333333333333,3,nvidia/NVIDIA-Nemotron-Labs-3-Puzzle-75B-A9B-NVFP4,p3
thoughtful,6,0.5,0.3333333333333333,3,nvidia/NVIDIA-Nemotron-Labs-3-Puzzle-75B-A9B-NVFP4,p3
threat,8,0.5,0.3333333333333333,4,nvidia/NVIDIA-Nemotron-Labs-3-Puzzle-75B-A9B-NVFP4,p3
thrust,6,0.5,0.3333333333333333,3,nvidia/NVIDIA-Nemotron-Labs-3-Puzzle-75B-A9B-NVFP4,p3
blame,10,0.5,0.3333333333333333,5,nvidia/NVIDIA-Nemotron-Labs-3-Puzzle-75B-A9B-NVFP4,p3
blur,10,0.5,0.3333333333333333,5,nvidia/NVIDIA-Nemotron-Labs-3-Puzzle-75B-A9B-NVFP4,p3
stain,6,0.5,0.3333333333333333,3,nvidia/NVIDIA-Nemotron-Labs-3-Puzzle-75B-A9B-NVFP4,p3
gesture,6,0.5,0.3333333333333333,3,nvidia/NVIDIA-Nemotron-Labs-3-Puzzle-75B-A9B-NVFP4,p3
harbor,6,0.5,0.3333333333333333,3,nvidia/NVIDIA-Nemotron-Labs-3-Puzzle-75B-A9B-NVFP4,p3
submerge,6,0.5,0.3333333333333333,3,nvidia/NVIDIA-Nemotron-Labs-3-Puzzle-75B-A9B-NVFP4,p3
sunset,6,0.5,0.3333333333333333,3,nvidia/NVIDIA-Nemotron-Labs-3-Puzzle-75B-A9B-NVFP4,p3
suspense,6,0.5,0.3333333333333333,3,nvidia/NVIDIA-Nemotron-Labs-3-Puzzle-75B-A9B-NVFP4,p3
structure,6,0.5,0.3333333333333333,3,nvidia/NVIDIA-Nemotron-Labs-3-Puzzle-75B-A9B-NVFP4,p3
subdue,12,0.5,0.3333333333333333,6,nvidia/NVIDIA-Nemotron-Labs-3-Puzzle-75B-A9B-NVFP4,p3
appendage,6,0.5,0.3333333333333333,3,nvidia/NVIDIA-Nemotron-Labs-3-Puzzle-75B-A9B-NVFP4,p3
unaffected,6,0.5,0.3333333333333333,3,nvidia/NVIDIA-Nemotron-Labs-3-Puzzle-75B-A9B-NVFP4,p3
dialogue,8,0.5,0.3333333333333333,4,nvidia/NVIDIA-Nemotron-Labs-3-Puzzle-75B-A9B-NVFP4,p3
possibility,6,0.5,0.3333333333333333,3,nvidia/NVIDIA-Nemotron-Labs-3-Puzzle-75B-A9B-NVFP4,p3
pretentious,6,0.5,0.3333333333333333,3,nvidia/NVIDIA-Nemotron-Labs-3-Puzzle-75B-A9B-NVFP4,p3
defiance,6,0.5,0.3333333333333333,3,nvidia/NVIDIA-Nemotron-Labs-3-Puzzle-75B-A9B-NVFP4,p3
devotion,6,0.5,0.3333333333333333,3,nvidia/NVIDIA-Nemotron-Labs-3-Puzzle-75B-A9B-NVFP4,p3
invention,6,0.5,0.3333333333333333,3,nvidia/NVIDIA-Nemotron-Labs-3-Puzzle-75B-A9B-NVFP4,p3
illustration,8,0.5,0.3333333333333333,4,nvidia/NVIDIA-Nemotron-Labs-3-Puzzle-75B-A9B-NVFP4,p3
imitative,6,0.5,0.3333333333333333,3,nvidia/NVIDIA-Nemotron-Labs-3-Puzzle-75B-A9B-NVFP4,p3
insight,8,0.5,0.3333333333333333,4,nvidia/NVIDIA-Nemotron-Labs-3-Puzzle-75B-A9B-NVFP4,p3
intangible,8,0.5,0.3333333333333333,4,nvidia/NVIDIA-Nemotron-Labs-3-Puzzle-75B-A9B-NVFP4,p3
intimidation,6,0.5,0.3333333333333333,3,nvidia/NVIDIA-Nemotron-Labs-3-Puzzle-75B-A9B-NVFP4,p3
clearly,6,0.5,0.3333333333333333,3,nvidia/NVIDIA-Nemotron-Labs-3-Puzzle-75B-A9B-NVFP4,p3
climax,6,0.5,0.3333333333333333,3,nvidia/NVIDIA-Nemotron-Labs-3-Puzzle-75B-A9B-NVFP4,p3
combine,10,0.5,0.3333333333333333,5,nvidia/NVIDIA-Nemotron-Labs-3-Puzzle-75B-A9B-NVFP4,p3
compressed,6,0.5,0.3333333333333333,3,nvidia/NVIDIA-Nemotron-Labs-3-Puzzle-75B-A9B-NVFP4,p3
compromise,6,0.5,0.3333333333333333,3,nvidia/NVIDIA-Nemotron-Labs-3-Puzzle-75B-A9B-NVFP4,p3
concede,6,0.5,0.3333333333333333,3,nvidia/NVIDIA-Nemotron-Labs-3-Puzzle-75B-A9B-NVFP4,p3
recording,6,0.5,0.3333333333333333,3,nvidia/NVIDIA-Nemotron-Labs-3-Puzzle-75B-A9B-NVFP4,p3
refine,8,0.5,0.3333333333333333,4,nvidia/NVIDIA-Nemotron-Labs-3-Puzzle-75B-A9B-NVFP4,p3
relationship,6,0.5,0.3333333333333333,3,nvidia/NVIDIA-Nemotron-Labs-3-Puzzle-75B-A9B-NVFP4,p3
representative,6,0.5,0.3333333333333333,3,nvidia/NVIDIA-Nemotron-Labs-3-Puzzle-75B-A9B-NVFP4,p3
restrict,6,0.5,0.3333333333333333,3,nvidia/NVIDIA-Nemotron-Labs-3-Puzzle-75B-A9B-NVFP4,p3
scatter,8,0.5,0.3333333333333333,4,nvidia/NVIDIA-Nemotron-Labs-3-Puzzle-75B-A9B-NVFP4,p3
schedule,6,0.5,0.3333333333333333,3,nvidia/NVIDIA-Nemotron-Labs-3-Puzzle-75B-A9B-NVFP4,p3
school,6,0.5,0.3333333333333333,3,nvidia/NVIDIA-Nemotron-Labs-3-Puzzle-75B-A9B-NVFP4,p3
changeable,6,0.5,0.3333333333333333,3,nvidia/NVIDIA-Nemotron-Labs-3-Puzzle-75B-A9B-NVFP4,p3
cheat,6,0.5,0.3333333333333333,3,nvidia/NVIDIA-Nemotron-Labs-3-Puzzle-75B-A9B-NVFP4,p3
mission,8,0.5,0.3333333333333333,4,nvidia/NVIDIA-Nemotron-Labs-3-Puzzle-75B-A9B-NVFP4,p3
contribute,8,0.5,0.3333333333333333,4,nvidia/NVIDIA-Nemotron-Labs-3-Puzzle-75B-A9B-NVFP4,p3
contribution,8,0.5,0.3333333333333333,4,nvidia/NVIDIA-Nemotron-Labs-3-Puzzle-75B-A9B-NVFP4,p3
cram,6,0.3333333333333333,0.3333333333333333,4,nvidia/NVIDIA-Nemotron-Labs-3-Puzzle-75B-A9B-NVFP4,p3
continuation,6,0.5,0.3333333333333333,3,nvidia/NVIDIA-Nemotron-Labs-3-Puzzle-75B-A9B-NVFP4,p3
neglect,12,0.5,0.3333333333333333,6,nvidia/NVIDIA-Nemotron-Labs-3-Puzzle-75B-A9B-NVFP4,p3
nominate,6,0.5,0.3333333333333333,3,nvidia/NVIDIA-Nemotron-Labs-3-Puzzle-75B-A9B-NVFP4,p3
number,8,0.5,0.3333333333333333,4,nvidia/NVIDIA-Nemotron-Labs-3-Puzzle-75B-A9B-NVFP4,p3
occupy,14,0.5,0.3333333333333333,7,nvidia/NVIDIA-Nemotron-Labs-3-Puzzle-75B-A9B-NVFP4,p3
make_it,6,0.5,0.3333333333333333,3,nvidia/NVIDIA-Nemotron-Labs-3-Puzzle-75B-A9B-NVFP4,p3
mallet,6,0.5,0.3333333333333333,3,nvidia/NVIDIA-Nemotron-Labs-3-Puzzle-75B-A9B-NVFP4,p3
confess,6,0.5,0.3333333333333333,3,nvidia/NVIDIA-Nemotron-Labs-3-Puzzle-75B-A9B-NVFP4,p3
confine,10,0.5,0.3333333333333333,5,nvidia/NVIDIA-Nemotron-Labs-3-Puzzle-75B-A9B-NVFP4,p3
confront,8,0.5,0.3333333333333333,4,nvidia/NVIDIA-Nemotron-Labs-3-Puzzle-75B-A9B-NVFP4,p3
consume,10,0.5,0.3333333333333333,5,nvidia/NVIDIA-Nemotron-Labs-3-Puzzle-75B-A9B-NVFP4,p3
placement,6,0.5,0.3333333333333333,3,nvidia/NVIDIA-Nemotron-Labs-3-Puzzle-75B-A9B-NVFP4,p3
operational,6,0.5,0.3333333333333333,3,nvidia/NVIDIA-Nemotron-Labs-3-Puzzle-75B-A9B-NVFP4,p3
output,8,0.5,0.3333333333333333,4,nvidia/NVIDIA-Nemotron-Labs-3-Puzzle-75B-A9B-NVFP4,p3
paint,6,0.5,0.3333333333333333,3,nvidia/NVIDIA-Nemotron-Labs-3-Puzzle-75B-A9B-NVFP4,p3
parliamentary,6,0.5,0.3333333333333333,3,nvidia/NVIDIA-Nemotron-Labs-3-Puzzle-75B-A9B-NVFP4,p3
sharply,8,0.5,0.3333333333333333,4,nvidia/NVIDIA-Nemotron-Labs-3-Puzzle-75B-A9B-NVFP4,p3
romantic,6,0.5,0.3333333333333333,3,nvidia/NVIDIA-Nemotron-Labs-3-Puzzle-75B-A9B-NVFP4,p3
distort,8,0.5,0.3333333333333333,4,nvidia/NVIDIA-Nemotron-Labs-3-Puzzle-75B-A9B-NVFP4,p3
heighten,10,0.5,0.3333333333333333,5,nvidia/NVIDIA-Nemotron-Labs-3-Puzzle-75B-A9B-NVFP4,p3
horror,6,0.5,0.3333333333333333,3,nvidia/NVIDIA-Nemotron-Labs-3-Puzzle-75B-A9B-NVFP4,p3
disregard,6,0.5,0.3333333333333333,3,nvidia/NVIDIA-Nemotron-Labs-3-Puzzle-75B-A9B-NVFP4,p3
slow_down,6,0.5,0.3333333333333333,3,nvidia/NVIDIA-Nemotron-Labs-3-Puzzle-75B-A9B-NVFP4,p3
smash,12,0.5,0.3333333333333333,6,nvidia/NVIDIA-Nemotron-Labs-3-Puzzle-75B-A9B-NVFP4,p3
disintegration,6,0.5,0.3333333333333333,3,nvidia/NVIDIA-Nemotron-Labs-3-Puzzle-75B-A9B-NVFP4,p3
unlawful,8,0.5,0.3333333333333333,4,nvidia/NVIDIA-Nemotron-Labs-3-Puzzle-75B-A9B-NVFP4,p3
unlikely,6,0.5,0.3333333333333333,3,nvidia/NVIDIA-Nemotron-Labs-3-Puzzle-75B-A9B-NVFP4,p3
unlock,6,0.5,0.3333333333333333,3,nvidia/NVIDIA-Nemotron-Labs-3-Puzzle-75B-A9B-NVFP4,p3
cusp,6,0.5,0.3333333333333333,3,nvidia/NVIDIA-Nemotron-Labs-3-Puzzle-75B-A9B-NVFP4,p3
darken,6,0.5,0.3333333333333333,3,nvidia/NVIDIA-Nemotron-Labs-3-Puzzle-75B-A9B-NVFP4,p3
deception,6,0.5,0.3333333333333333,3,nvidia/NVIDIA-Nemotron-Labs-3-Puzzle-75B-A9B-NVFP4,p3
influence,10,0.5,0.3333333333333333,5,nvidia/NVIDIA-Nemotron-Labs-3-Puzzle-75B-A9B-NVFP4,p3
invite,10,0.5,0.3333333333333333,5,nvidia/NVIDIA-Nemotron-Labs-3-Puzzle-75B-A9B-NVFP4,p3
irony,6,0.5,0.3333333333333333,3,nvidia/NVIDIA-Nemotron-Labs-3-Puzzle-75B-A9B-NVFP4,p3
irritating,6,0.5,0.3333333333333333,3,nvidia/NVIDIA-Nemotron-Labs-3-Puzzle-75B-A9B-NVFP4,p3
issue,6,0.5,0.3333333333333333,3,nvidia/NVIDIA-Nemotron-Labs-3-Puzzle-75B-A9B-NVFP4,p3
landmark,6,0.5,0.3333333333333333,3,nvidia/NVIDIA-Nemotron-Labs-3-Puzzle-75B-A9B-NVFP4,p3
leadership,6,0.5,0.3333333333333333,3,nvidia/NVIDIA-Nemotron-Labs-3-Puzzle-75B-A9B-NVFP4,p3
limitation,8,0.5,0.3333333333333333,4,nvidia/NVIDIA-Nemotron-Labs-3-Puzzle-75B-A9B-NVFP4,p3
logic,6,0.5,0.3333333333333333,3,nvidia/NVIDIA-Nemotron-Labs-3-Puzzle-75B-A9B-NVFP4,p3
luxury,6,0.5,0.3333333333333333,3,nvidia/NVIDIA-Nemotron-Labs-3-Puzzle-75B-A9B-NVFP4,p3
speculate,8,0.5,0.3333333333333333,4,nvidia/NVIDIA-Nemotron-Labs-3-Puzzle-75B-A9B-NVFP4,p3
speculation,6,0.5,0.3333333333333333,3,nvidia/NVIDIA-Nemotron-Labs-3-Puzzle-75B-A9B-NVFP4,p3
splendid,6,0.5,0.3333333333333333,3,nvidia/NVIDIA-Nemotron-Labs-3-Puzzle-75B-A9B-NVFP4,p3
campaign,10,0.5,0.3333333333333333,5,nvidia/NVIDIA-Nemotron-Labs-3-Puzzle-75B-A9B-NVFP4,p3
storm,6,0.5,0.3333333333333333,3,nvidia/NVIDIA-Nemotron-Labs-3-Puzzle-75B-A9B-NVFP4,p3
strictly,6,0.5,0.3333333333333333,3,nvidia/NVIDIA-Nemotron-Labs-3-Puzzle-75B-A9B-NVFP4,p3
fissure,6,0.5,0.3333333333333333,3,nvidia/NVIDIA-Nemotron-Labs-3-Puzzle-75B-A9B-NVFP4,p3
ease,6,0.5,0.3333333333333333,3,nvidia/NVIDIA-Nemotron-Labs-3-Puzzle-75B-A9B-NVFP4,p3
electric_shock,6,0.5,0.3333333333333333,3,nvidia/NVIDIA-Nemotron-Labs-3-Puzzle-75B-A9B-NVFP4,p3
elevate,6,0.5,0.3333333333333333,3,nvidia/NVIDIA-Nemotron-Labs-3-Puzzle-75B-A9B-NVFP4,p3
encounter,8,0.5,0.3333333333333333,4,nvidia/NVIDIA-Nemotron-Labs-3-Puzzle-75B-A9B-NVFP4,p3
gently,6,0.5,0.3333333333333333,3,nvidia/NVIDIA-Nemotron-Labs-3-Puzzle-75B-A9B-NVFP4,p3
fierce,6,0.5,0.3333333333333333,3,nvidia/NVIDIA-Nemotron-Labs-3-Puzzle-75B-A9B-NVFP4,p3
accommodate,14,0.5,0.3333333333333333,7,nvidia/NVIDIA-Nemotron-Labs-3-Puzzle-75B-A9B-NVFP4,p3
allies,6,0.5,0.3333333333333333,3,nvidia/NVIDIA-Nemotron-Labs-3-Puzzle-75B-A9B-NVFP4,p3
administer,8,0.5,0.3333333333333333,4,nvidia/NVIDIA-Nemotron-Labs-3-Puzzle-75B-A9B-NVFP4,p3
adolescent,6,0.5,0.3333333333333333,3,nvidia/NVIDIA-Nemotron-Labs-3-Puzzle-75B-A9B-NVFP4,p3
affliction,6,0.5,0.3333333333333333,3,nvidia/NVIDIA-Nemotron-Labs-3-Puzzle-75B-A9B-NVFP4,p3
allied,8,0.5,0.3333333333333333,4,nvidia/NVIDIA-Nemotron-Labs-3-Puzzle-75B-A9B-NVFP4,p3
aggression,6,0.5,0.3333333333333333,3,nvidia/NVIDIA-Nemotron-Labs-3-Puzzle-75B-A9B-NVFP4,p3
aim,8,0.5,0.3333333333333333,4,nvidia/NVIDIA-Nemotron-Labs-3-Puzzle-75B-A9B-NVFP4,p3
alliance,6,0.5,0.3333333333333333,3,nvidia/NVIDIA-Nemotron-Labs-3-Puzzle-75B-A9B-NVFP4,p3
visibility,6,0.5,0.3333333333333333,3,nvidia/NVIDIA-Nemotron-Labs-3-Puzzle-75B-A9B-NVFP4,p3
whiting,10,0.5,0.3333333333333333,5,nvidia/NVIDIA-Nemotron-Labs-3-Puzzle-75B-A9B-NVFP4,p3
abandon,6,0.5,0.3333333333333333,3,nvidia/NVIDIA-Nemotron-Labs-3-Puzzle-75B-A9B-NVFP4,p3
visit,9,0.5555555555555556,0.35714285714285715,4,nvidia/NVIDIA-Nemotron-Labs-3-Puzzle-75B-A9B-NVFP4,p3
defend,9,0.5555555555555556,0.35714285714285715,4,nvidia/NVIDIA-Nemotron-Labs-3-Puzzle-75B-A9B-NVFP4,p3
repeat,9,0.5555555555555556,0.35714285714285715,4,nvidia/NVIDIA-Nemotron-Labs-3-Puzzle-75B-A9B-NVFP4,p3
condemnation,9,0.5555555555555556,0.35714285714285715,4,nvidia/NVIDIA-Nemotron-Labs-3-Puzzle-75B-A9B-NVFP4,p3
prohibition,9,0.5555555555555556,0.35714285714285715,4,nvidia/NVIDIA-Nemotron-Labs-3-Puzzle-75B-A9B-NVFP4,p3
annoyance,9,0.5555555555555556,0.35714285714285715,4,nvidia/NVIDIA-Nemotron-Labs-3-Puzzle-75B-A9B-NVFP4,p3
synchronize,9,0.5555555555555556,0.35714285714285715,4,nvidia/NVIDIA-Nemotron-Labs-3-Puzzle-75B-A9B-NVFP4,p3
repel,9,0.5555555555555556,0.35714285714285715,4,nvidia/NVIDIA-Nemotron-Labs-3-Puzzle-75B-A9B-NVFP4,p3
defect,7,0.5714285714285714,0.36363636363636365,3,nvidia/NVIDIA-Nemotron-Labs-3-Puzzle-75B-A9B-NVFP4,p3
musical,7,0.5714285714285714,0.36363636363636365,3,nvidia/NVIDIA-Nemotron-Labs-3-Puzzle-75B-A9B-NVFP4,p3
irregularly,7,0.5714285714285714,0.36363636363636365,3,nvidia/NVIDIA-Nemotron-Labs-3-Puzzle-75B-A9B-NVFP4,p3
lighting,7,0.5714285714285714,0.36363636363636365,3,nvidia/NVIDIA-Nemotron-Labs-3-Puzzle-75B-A9B-NVFP4,p3
middle,7,0.5714285714285714,0.36363636363636365,3,nvidia/NVIDIA-Nemotron-Labs-3-Puzzle-75B-A9B-NVFP4,p3
debate,7,0.5714285714285714,0.36363636363636365,3,nvidia/NVIDIA-Nemotron-Labs-3-Puzzle-75B-A9B-NVFP4,p3
attack,7,0.5714285714285714,0.36363636363636365,3,nvidia/NVIDIA-Nemotron-Labs-3-Puzzle-75B-A9B-NVFP4,p3
extraneous,7,0.5714285714285714,0.36363636363636365,3,nvidia/NVIDIA-Nemotron-Labs-3-Puzzle-75B-A9B-NVFP4,p3
president,7,0.5714285714285714,0.36363636363636365,3,nvidia/NVIDIA-Nemotron-Labs-3-Puzzle-75B-A9B-NVFP4,p3
organize,7,0.5714285714285714,0.36363636363636365,3,nvidia/NVIDIA-Nemotron-Labs-3-Puzzle-75B-A9B-NVFP4,p3
intensify,7,0.5714285714285714,0.36363636363636365,3,nvidia/NVIDIA-Nemotron-Labs-3-Puzzle-75B-A9B-NVFP4,p3
pride,7,0.5714285714285714,0.36363636363636365,3,nvidia/NVIDIA-Nemotron-Labs-3-Puzzle-75B-A9B-NVFP4,p3
difficulty,7,0.5714285714285714,0.36363636363636365,3,nvidia/NVIDIA-Nemotron-Labs-3-Puzzle-75B-A9B-NVFP4,p3
starve,7,0.5714285714285714,0.36363636363636365,3,nvidia/NVIDIA-Nemotron-Labs-3-Puzzle-75B-A9B-NVFP4,p3
emerge,7,0.5714285714285714,0.36363636363636365,3,nvidia/NVIDIA-Nemotron-Labs-3-Puzzle-75B-A9B-NVFP4,p3
softly,7,0.5714285714285714,0.36363636363636365,3,nvidia/NVIDIA-Nemotron-Labs-3-Puzzle-75B-A9B-NVFP4,p3
disturb,7,0.5714285714285714,0.36363636363636365,3,nvidia/NVIDIA-Nemotron-Labs-3-Puzzle-75B-A9B-NVFP4,p3
hold_back,7,0.5714285714285714,0.36363636363636365,3,nvidia/NVIDIA-Nemotron-Labs-3-Puzzle-75B-A9B-NVFP4,p3
soften,7,0.5714285714285714,0.36363636363636365,3,nvidia/NVIDIA-Nemotron-Labs-3-Puzzle-75B-A9B-NVFP4,p3
harmonious,7,0.5714285714285714,0.36363636363636365,3,nvidia/NVIDIA-Nemotron-Labs-3-Puzzle-75B-A9B-NVFP4,p3
replace,7,0.5714285714285714,0.36363636363636365,3,nvidia/NVIDIA-Nemotron-Labs-3-Puzzle-75B-A9B-NVFP4,p3
unrestricted,7,0.5714285714285714,0.36363636363636365,3,nvidia/NVIDIA-Nemotron-Labs-3-Puzzle-75B-A9B-NVFP4,p3
trade,7,0.5714285714285714,0.36363636363636365,3,nvidia/NVIDIA-Nemotron-Labs-3-Puzzle-75B-A9B-NVFP4,p3
award,7,0.5714285714285714,0.36363636363636365,3,nvidia/NVIDIA-Nemotron-Labs-3-Puzzle-75B-A9B-NVFP4,p3
historical,7,0.5714285714285714,0.36363636363636365,3,nvidia/NVIDIA-Nemotron-Labs-3-Puzzle-75B-A9B-NVFP4,p3
heroic,7,0.5714285714285714,0.36363636363636365,3,nvidia/NVIDIA-Nemotron-Labs-3-Puzzle-75B-A9B-NVFP4,p3
straighten,7,0.5714285714285714,0.36363636363636365,3,nvidia/NVIDIA-Nemotron-Labs-3-Puzzle-75B-A9B-NVFP4,p3
sorrow,7,0.5714285714285714,0.36363636363636365,3,nvidia/NVIDIA-Nemotron-Labs-3-Puzzle-75B-A9B-NVFP4,p3
genre,7,0.5714285714285714,0.36363636363636365,3,nvidia/NVIDIA-Nemotron-Labs-3-Puzzle-75B-A9B-NVFP4,p3
tangible,7,0.5714285714285714,0.36363636363636365,3,nvidia/NVIDIA-Nemotron-Labs-3-Puzzle-75B-A9B-NVFP4,p3
anticipation,7,0.5714285714285714,0.36363636363636365,3,nvidia/NVIDIA-Nemotron-Labs-3-Puzzle-75B-A9B-NVFP4,p3
gentle,7,0.5714285714285714,0.36363636363636365,3,nvidia/NVIDIA-Nemotron-Labs-3-Puzzle-75B-A9B-NVFP4,p3
suffering,7,0.5714285714285714,0.36363636363636365,3,nvidia/NVIDIA-Nemotron-Labs-3-Puzzle-75B-A9B-NVFP4,p3
wisdom,7,0.5714285714285714,0.36363636363636365,3,nvidia/NVIDIA-Nemotron-Labs-3-Puzzle-75B-A9B-NVFP4,p3
reconcile,5,0.6,0.375,2,nvidia/NVIDIA-Nemotron-Labs-3-Puzzle-75B-A9B-NVFP4,p3
comfortably,5,0.6,0.375,2,nvidia/NVIDIA-Nemotron-Labs-3-Puzzle-75B-A9B-NVFP4,p3
optical,5,0.6,0.375,2,nvidia/NVIDIA-Nemotron-Labs-3-Puzzle-75B-A9B-NVFP4,p3
council,5,0.6,0.375,2,nvidia/NVIDIA-Nemotron-Labs-3-Puzzle-75B-A9B-NVFP4,p3
contemplate,5,0.6,0.375,2,nvidia/NVIDIA-Nemotron-Labs-3-Puzzle-75B-A9B-NVFP4,p3
quietly,5,0.6,0.375,2,nvidia/NVIDIA-Nemotron-Labs-3-Puzzle-75B-A9B-NVFP4,p3
progress,10,0.6,0.375,4,nvidia/NVIDIA-Nemotron-Labs-3-Puzzle-75B-A9B-NVFP4,p3
promptly,5,0.6,0.375,2,nvidia/NVIDIA-Nemotron-Labs-3-Puzzle-75B-A9B-NVFP4,p3
restoration,5,0.6,0.375,2,nvidia/NVIDIA-Nemotron-Labs-3-Puzzle-75B-A9B-NVFP4,p3
clove,5,0.6,0.375,2,nvidia/NVIDIA-Nemotron-Labs-3-Puzzle-75B-A9B-NVFP4,p3
review,10,0.4,0.375,6,nvidia/NVIDIA-Nemotron-Labs-3-Puzzle-75B-A9B-NVFP4,p3
correct,5,0.6,0.375,2,nvidia/NVIDIA-Nemotron-Labs-3-Puzzle-75B-A9B-NVFP4,p3
invoke,5,0.6,0.375,2,nvidia/NVIDIA-Nemotron-Labs-3-Puzzle-75B-A9B-NVFP4,p3
dare,5,0.6,0.375,2,nvidia/NVIDIA-Nemotron-Labs-3-Puzzle-75B-A9B-NVFP4,p3
contour,5,0.6,0.375,2,nvidia/NVIDIA-Nemotron-Labs-3-Puzzle-75B-A9B-NVFP4,p3
unite,10,0.6,0.375,4,nvidia/NVIDIA-Nemotron-Labs-3-Puzzle-75B-A9B-NVFP4,p3
uphold,5,0.6,0.375,2,nvidia/NVIDIA-Nemotron-Labs-3-Puzzle-75B-A9B-NVFP4,p3
failure,10,0.4,0.375,6,nvidia/NVIDIA-Nemotron-Labs-3-Puzzle-75B-A9B-NVFP4,p3
correspond,5,0.6,0.375,2,nvidia/NVIDIA-Nemotron-Labs-3-Puzzle-75B-A9B-NVFP4,p3
essential,5,0.6,0.375,2,nvidia/NVIDIA-Nemotron-Labs-3-Puzzle-75B-A9B-NVFP4,p3
vivid,5,0.6,0.375,2,nvidia/NVIDIA-Nemotron-Labs-3-Puzzle-75B-A9B-NVFP4,p3
critic,5,0.6,0.375,2,nvidia/NVIDIA-Nemotron-Labs-3-Puzzle-75B-A9B-NVFP4,p3
taxonomy,5,0.6,0.375,2,nvidia/NVIDIA-Nemotron-Labs-3-Puzzle-75B-A9B-NVFP4,p3
take_over,10,0.6,0.375,4,nvidia/NVIDIA-Nemotron-Labs-3-Puzzle-75B-A9B-NVFP4,p3
stately,5,0.6,0.375,2,nvidia/NVIDIA-Nemotron-Labs-3-Puzzle-75B-A9B-NVFP4,p3
stabilize,5,0.6,0.375,2,nvidia/NVIDIA-Nemotron-Labs-3-Puzzle-75B-A9B-NVFP4,p3
unfortunate,5,0.6,0.375,2,nvidia/NVIDIA-Nemotron-Labs-3-Puzzle-75B-A9B-NVFP4,p3
thicken,5,0.6,0.375,2,nvidia/NVIDIA-Nemotron-Labs-3-Puzzle-75B-A9B-NVFP4,p3
halt,5,0.6,0.375,2,nvidia/NVIDIA-Nemotron-Labs-3-Puzzle-75B-A9B-NVFP4,p3
cancel,5,0.6,0.375,2,nvidia/NVIDIA-Nemotron-Labs-3-Puzzle-75B-A9B-NVFP4,p3
haunt,5,0.6,0.375,2,nvidia/NVIDIA-Nemotron-Labs-3-Puzzle-75B-A9B-NVFP4,p3
headquarters,5,0.6,0.375,2,nvidia/NVIDIA-Nemotron-Labs-3-Puzzle-75B-A9B-NVFP4,p3
direct,10,0.6,0.375,4,nvidia/NVIDIA-Nemotron-Labs-3-Puzzle-75B-A9B-NVFP4,p3
fondness,5,0.6,0.375,2,nvidia/NVIDIA-Nemotron-Labs-3-Puzzle-75B-A9B-NVFP4,p3
grievance,5,0.6,0.375,2,nvidia/NVIDIA-Nemotron-Labs-3-Puzzle-75B-A9B-NVFP4,p3
fortify,5,0.6,0.375,2,nvidia/NVIDIA-Nemotron-Labs-3-Puzzle-75B-A9B-NVFP4,p3
finally,5,0.6,0.375,2,nvidia/NVIDIA-Nemotron-Labs-3-Puzzle-75B-A9B-NVFP4,p3
initiation,5,0.6,0.375,2,nvidia/NVIDIA-Nemotron-Labs-3-Puzzle-75B-A9B-NVFP4,p3
infest,5,0.6,0.375,2,nvidia/NVIDIA-Nemotron-Labs-3-Puzzle-75B-A9B-NVFP4,p3
ornamentation,5,0.6,0.375,2,nvidia/NVIDIA-Nemotron-Labs-3-Puzzle-75B-A9B-NVFP4,p3
navigator,5,0.6,0.375,2,nvidia/NVIDIA-Nemotron-Labs-3-Puzzle-75B-A9B-NVFP4,p3
intellect,5,0.6,0.375,2,nvidia/NVIDIA-Nemotron-Labs-3-Puzzle-75B-A9B-NVFP4,p3
search,5,0.6,0.375,2,nvidia/NVIDIA-Nemotron-Labs-3-Puzzle-75B-A9B-NVFP4,p3
discredit,5,0.6,0.375,2,nvidia/NVIDIA-Nemotron-Labs-3-Puzzle-75B-A9B-NVFP4,p3
discover,10,0.6,0.375,4,nvidia/NVIDIA-Nemotron-Labs-3-Puzzle-75B-A9B-NVFP4,p3
spread_out,10,0.6,0.375,4,nvidia/NVIDIA-Nemotron-Labs-3-Puzzle-75B-A9B-NVFP4,p3
hardship,5,0.6,0.375,2,nvidia/NVIDIA-Nemotron-Labs-3-Puzzle-75B-A9B-NVFP4,p3
disorderly,5,0.6,0.375,2,nvidia/NVIDIA-Nemotron-Labs-3-Puzzle-75B-A9B-NVFP4,p3
drab,5,0.6,0.375,2,nvidia/NVIDIA-Nemotron-Labs-3-Puzzle-75B-A9B-NVFP4,p3
sophisticated,5,0.6,0.375,2,nvidia/NVIDIA-Nemotron-Labs-3-Puzzle-75B-A9B-NVFP4,p3
rugged,5,0.6,0.375,2,nvidia/NVIDIA-Nemotron-Labs-3-Puzzle-75B-A9B-NVFP4,p3
rule_out,5,0.6,0.375,2,nvidia/NVIDIA-Nemotron-Labs-3-Puzzle-75B-A9B-NVFP4,p3
sacrifice,5,0.6,0.375,2,nvidia/NVIDIA-Nemotron-Labs-3-Puzzle-75B-A9B-NVFP4,p3
carve,5,0.6,0.375,2,nvidia/NVIDIA-Nemotron-Labs-3-Puzzle-75B-A9B-NVFP4,p3
steep,5,0.6,0.375,2,nvidia/NVIDIA-Nemotron-Labs-3-Puzzle-75B-A9B-NVFP4,p3
allegory,5,0.6,0.375,2,nvidia/NVIDIA-Nemotron-Labs-3-Puzzle-75B-A9B-NVFP4,p3
wiry,5,0.6,0.375,2,nvidia/NVIDIA-Nemotron-Labs-3-Puzzle-75B-A9B-NVFP4,p3
fade,5,0.6,0.375,2,nvidia/NVIDIA-Nemotron-Labs-3-Puzzle-75B-A9B-NVFP4,p3
yam,5,0.6,0.375,2,nvidia/NVIDIA-Nemotron-Labs-3-Puzzle-75B-A9B-NVFP4,p3
roar,8,0.625,0.38461538461538464,3,nvidia/NVIDIA-Nemotron-Labs-3-Puzzle-75B-A9B-NVFP4,p3
poison,8,0.625,0.38461538461538464,3,nvidia/NVIDIA-Nemotron-Labs-3-Puzzle-75B-A9B-NVFP4,p3
inventory,8,0.625,0.38461538461538464,3,nvidia/NVIDIA-Nemotron-Labs-3-Puzzle-75B-A9B-NVFP4,p3
loosen,6,0.6666666666666666,0.4,2,nvidia/NVIDIA-Nemotron-Labs-3-Puzzle-75B-A9B-NVFP4,p3
original,5,0.4,0.4,3,nvidia/NVIDIA-Nemotron-Labs-3-Puzzle-75B-A9B-NVFP4,p3
dimension,5,0.4,0.4,3,nvidia/NVIDIA-Nemotron-Labs-3-Puzzle-75B-A9B-NVFP4,p3
mobile,5,0.4,0.4,3,nvidia/NVIDIA-Nemotron-Labs-3-Puzzle-75B-A9B-NVFP4,p3
condition,6,0.6666666666666666,0.4,2,nvidia/NVIDIA-Nemotron-Labs-3-Puzzle-75B-A9B-NVFP4,p3
spindle,6,0.6666666666666666,0.4,2,nvidia/NVIDIA-Nemotron-Labs-3-Puzzle-75B-A9B-NVFP4,p3
speed,6,0.6666666666666666,0.4,2,nvidia/NVIDIA-Nemotron-Labs-3-Puzzle-75B-A9B-NVFP4,p3
silence,6,0.6666666666666666,0.4,2,nvidia/NVIDIA-Nemotron-Labs-3-Puzzle-75B-A9B-NVFP4,p3
belong,6,0.6666666666666666,0.4,2,nvidia/NVIDIA-Nemotron-Labs-3-Puzzle-75B-A9B-NVFP4,p3
fearful,5,0.4,0.4,3,nvidia/NVIDIA-Nemotron-Labs-3-Puzzle-75B-A9B-NVFP4,p3
suspicion,6,0.6666666666666666,0.4,2,nvidia/NVIDIA-Nemotron-Labs-3-Puzzle-75B-A9B-NVFP4,p3
govern,6,0.6666666666666666,0.4,2,nvidia/NVIDIA-Nemotron-Labs-3-Puzzle-75B-A9B-NVFP4,p3
homely,5,0.4,0.4,3,nvidia/NVIDIA-Nemotron-Labs-3-Puzzle-75B-A9B-NVFP4,p3
serious,6,0.6666666666666666,0.4,2,nvidia/NVIDIA-Nemotron-Labs-3-Puzzle-75B-A9B-NVFP4,p3
smoothness,6,0.6666666666666666,0.4,2,nvidia/NVIDIA-Nemotron-Labs-3-Puzzle-75B-A9B-NVFP4,p3
parameter,6,0.6666666666666666,0.4,2,nvidia/NVIDIA-Nemotron-Labs-3-Puzzle-75B-A9B-NVFP4,p3
conscious,5,0.4,0.4,3,nvidia/NVIDIA-Nemotron-Labs-3-Puzzle-75B-A9B-NVFP4,p3
hurt,6,0.6666666666666666,0.4,2,nvidia/NVIDIA-Nemotron-Labs-3-Puzzle-75B-A9B-NVFP4,p3
confused,5,0.4,0.4,3,nvidia/NVIDIA-Nemotron-Labs-3-Puzzle-75B-A9B-NVFP4,p3
maneuver,13,0.46153846153846156,0.40522875816993464,7,nvidia/NVIDIA-Nemotron-Labs-3-Puzzle-75B-A9B-NVFP4,p3
convey,11,0.45454545454545453,0.4107142857142857,6,nvidia/NVIDIA-Nemotron-Labs-3-Puzzle-75B-A9B-NVFP4,p3
upset,9,0.4444444444444444,0.41558441558441556,5,nvidia/NVIDIA-Nemotron-Labs-3-Puzzle-75B-A9B-NVFP4,p3
pass_on,9,0.4444444444444444,0.41558441558441556,5,nvidia/NVIDIA-Nemotron-Labs-3-Puzzle-75B-A9B-NVFP4,p3
snap,9,0.4444444444444444,0.41558441558441556,5,nvidia/NVIDIA-Nemotron-Labs-3-Puzzle-75B-A9B-NVFP4,p3
firm,7,0.42857142857142855,0.41666666666666663,4,nvidia/NVIDIA-Nemotron-Labs-3-Puzzle-75B-A9B-NVFP4,p3
dramatic,7,0.42857142857142855,0.41666666666666663,4,nvidia/NVIDIA-Nemotron-Labs-3-Puzzle-75B-A9B-NVFP4,p3
find,16,0.5,0.4181818181818182,8,nvidia/NVIDIA-Nemotron-Labs-3-Puzzle-75B-A9B-NVFP4,p3
glow,16,0.5,0.4181818181818182,8,nvidia/NVIDIA-Nemotron-Labs-3-Puzzle-75B-A9B-NVFP4,p3
strip,23,0.5652173913043478,0.4362745098039216,10,nvidia/NVIDIA-Nemotron-Labs-3-Puzzle-75B-A9B-NVFP4,p3
burst,12,0.5,0.4375,6,nvidia/NVIDIA-Nemotron-Labs-3-Puzzle-75B-A9B-NVFP4,p3
system,12,0.5,0.4375,6,nvidia/NVIDIA-Nemotron-Labs-3-Puzzle-75B-A9B-NVFP4,p3
support,12,0.5,0.4375,6,nvidia/NVIDIA-Nemotron-Labs-3-Puzzle-75B-A9B-NVFP4,p3
share,5,0.8,0.4444444444444444,1,nvidia/NVIDIA-Nemotron-Labs-3-Puzzle-75B-A9B-NVFP4,p3
solid,15,0.5333333333333333,0.4444444444444444,7,nvidia/NVIDIA-Nemotron-Labs-3-Puzzle-75B-A9B-NVFP4,p3
drape,5,0.8,0.4444444444444444,1,nvidia/NVIDIA-Nemotron-Labs-3-Puzzle-75B-A9B-NVFP4,p3
decomposition,5,0.8,0.4444444444444444,1,nvidia/NVIDIA-Nemotron-Labs-3-Puzzle-75B-A9B-NVFP4,p3
sporting,5,0.8,0.4444444444444444,1,nvidia/NVIDIA-Nemotron-Labs-3-Puzzle-75B-A9B-NVFP4,p3
dampen,13,0.5384615384615384,0.4583333333333333,6,nvidia/NVIDIA-Nemotron-Labs-3-Puzzle-75B-A9B-NVFP4,p3
straightforward,8,0.5,0.4666666666666667,4,nvidia/NVIDIA-Nemotron-Labs-3-Puzzle-75B-A9B-NVFP4,p3
refer,8,0.5,0.4666666666666667,4,nvidia/NVIDIA-Nemotron-Labs-3-Puzzle-75B-A9B-NVFP4,p3
flow,8,0.5,0.4666666666666667,4,nvidia/NVIDIA-Nemotron-Labs-3-Puzzle-75B-A9B-NVFP4,p3
irregular,8,0.5,0.4666666666666667,4,nvidia/NVIDIA-Nemotron-Labs-3-Puzzle-75B-A9B-NVFP4,p3
regenerate,14,0.5714285714285714,0.475,6,nvidia/NVIDIA-Nemotron-Labs-3-Puzzle-75B-A9B-NVFP4,p3
set_up,14,0.5714285714285714,0.475,6,nvidia/NVIDIA-Nemotron-Labs-3-Puzzle-75B-A9B-NVFP4,p3
indifferent,11,0.5454545454545454,0.47619047619047616,5,nvidia/NVIDIA-Nemotron-Labs-3-Puzzle-75B-A9B-NVFP4,p3
conformity,6,0.5,0.4857142857142857,3,nvidia/NVIDIA-Nemotron-Labs-3-Puzzle-75B-A9B-NVFP4,p3
cause,6,0.5,0.4857142857142857,3,nvidia/NVIDIA-Nemotron-Labs-3-Puzzle-75B-A9B-NVFP4,p3
replacement,6,0.5,0.4857142857142857,3,nvidia/NVIDIA-Nemotron-Labs-3-Puzzle-75B-A9B-NVFP4,p3
excuse,6,0.5,0.4857142857142857,3,nvidia/NVIDIA-Nemotron-Labs-3-Puzzle-75B-A9B-NVFP4,p3
globe,6,0.5,0.4857142857142857,3,nvidia/NVIDIA-Nemotron-Labs-3-Puzzle-75B-A9B-NVFP4,p3
falsify,6,0.5,0.4857142857142857,3,nvidia/NVIDIA-Nemotron-Labs-3-Puzzle-75B-A9B-NVFP4,p3
familiarity,6,0.5,0.4857142857142857,3,nvidia/NVIDIA-Nemotron-Labs-3-Puzzle-75B-A9B-NVFP4,p3
generalization,6,0.5,0.4857142857142857,3,nvidia/NVIDIA-Nemotron-Labs-3-Puzzle-75B-A9B-NVFP4,p3
assurance,6,0.5,0.4857142857142857,3,nvidia/NVIDIA-Nemotron-Labs-3-Puzzle-75B-A9B-NVFP4,p3
gear,6,0.5,0.4857142857142857,3,nvidia/NVIDIA-Nemotron-Labs-3-Puzzle-75B-A9B-NVFP4,p3
vector,6,0.5,0.4857142857142857,3,nvidia/NVIDIA-Nemotron-Labs-3-Puzzle-75B-A9B-NVFP4,p3
surmount,6,0.5,0.4857142857142857,3,nvidia/NVIDIA-Nemotron-Labs-3-Puzzle-75B-A9B-NVFP4,p3
suggest,6,0.5,0.4857142857142857,3,nvidia/NVIDIA-Nemotron-Labs-3-Puzzle-75B-A9B-NVFP4,p3
excite,12,0.5833333333333334,0.4957983193277311,5,nvidia/NVIDIA-Nemotron-Labs-3-Puzzle-75B-A9B-NVFP4,p3
modest,12,0.5833333333333334,0.4957983193277311,5,nvidia/NVIDIA-Nemotron-Labs-3-Puzzle-75B-A9B-NVFP4,p3
lapse,12,0.5833333333333334,0.4957983193277311,5,nvidia/NVIDIA-Nemotron-Labs-3-Puzzle-75B-A9B-NVFP4,p3
tempt,12,0.5833333333333334,0.4957983193277311,5,nvidia/NVIDIA-Nemotron-Labs-3-Puzzle-75B-A9B-NVFP4,p3
distribute,15,0.5333333333333333,0.49760765550239233,7,nvidia/NVIDIA-Nemotron-Labs-3-Puzzle-75B-A9B-NVFP4,p3
withdraw,15,0.5333333333333333,0.49760765550239233,7,nvidia/NVIDIA-Nemotron-Labs-3-Puzzle-75B-A9B-NVFP4,p3
complication,9,0.5555555555555556,0.5,4,nvidia/NVIDIA-Nemotron-Labs-3-Puzzle-75B-A9B-NVFP4,p3
brush,9,0.5555555555555556,0.5,4,nvidia/NVIDIA-Nemotron-Labs-3-Puzzle-75B-A9B-NVFP4,p3
conjunction,8,0.5,0.5,4,nvidia/NVIDIA-Nemotron-Labs-3-Puzzle-75B-A9B-NVFP4,p3
interior,9,0.5555555555555556,0.5,4,nvidia/NVIDIA-Nemotron-Labs-3-Puzzle-75B-A9B-NVFP4,p3
go_on,9,0.5555555555555556,0.5,4,nvidia/NVIDIA-Nemotron-Labs-3-Puzzle-75B-A9B-NVFP4,p3
awkward,9,0.5555555555555556,0.5,4,nvidia/NVIDIA-Nemotron-Labs-3-Puzzle-75B-A9B-NVFP4,p3
sweet,8,0.5,0.5,4,nvidia/NVIDIA-Nemotron-Labs-3-Puzzle-75B-A9B-NVFP4,p3
extreme,9,0.5555555555555556,0.5,4,nvidia/NVIDIA-Nemotron-Labs-3-Puzzle-75B-A9B-NVFP4,p3
manipulate,9,0.5555555555555556,0.5,4,nvidia/NVIDIA-Nemotron-Labs-3-Puzzle-75B-A9B-NVFP4,p3
profound,9,0.5555555555555556,0.5,4,nvidia/NVIDIA-Nemotron-Labs-3-Puzzle-75B-A9B-NVFP4,p3
captain,13,0.6153846153846154,0.5112781954887218,5,nvidia/NVIDIA-Nemotron-Labs-3-Puzzle-75B-A9B-NVFP4,p3
neutralize,10,0.6,0.5238095238095238,4,nvidia/NVIDIA-Nemotron-Labs-3-Puzzle-75B-A9B-NVFP4,p3
bass,10,0.6,0.5238095238095238,4,nvidia/NVIDIA-Nemotron-Labs-3-Puzzle-75B-A9B-NVFP4,p3
spy,10,0.6,0.5238095238095238,4,nvidia/NVIDIA-Nemotron-Labs-3-Puzzle-75B-A9B-NVFP4,p3
hardened,10,0.6,0.5238095238095238,4,nvidia/NVIDIA-Nemotron-Labs-3-Puzzle-75B-A9B-NVFP4,p3
spray,10,0.6,0.5238095238095238,4,nvidia/NVIDIA-Nemotron-Labs-3-Puzzle-75B-A9B-NVFP4,p3
fusion,10,0.6,0.5238095238095238,4,nvidia/NVIDIA-Nemotron-Labs-3-Puzzle-75B-A9B-NVFP4,p3
capture,17,0.5882352941176471,0.5296442687747036,7,nvidia/NVIDIA-Nemotron-Labs-3-Puzzle-75B-A9B-NVFP4,p3
core,11,0.5454545454545454,0.5299145299145299,5,nvidia/NVIDIA-Nemotron-Labs-3-Puzzle-75B-A9B-NVFP4,p3
tolerant,7,0.5714285714285714,0.5333333333333333,3,nvidia/NVIDIA-Nemotron-Labs-3-Puzzle-75B-A9B-NVFP4,p3
skim,7,0.5714285714285714,0.5333333333333333,3,nvidia/NVIDIA-Nemotron-Labs-3-Puzzle-75B-A9B-NVFP4,p3
shrink,7,0.5714285714285714,0.5333333333333333,3,nvidia/NVIDIA-Nemotron-Labs-3-Puzzle-75B-A9B-NVFP4,p3
essence,7,0.5714285714285714,0.5333333333333333,3,nvidia/NVIDIA-Nemotron-Labs-3-Puzzle-75B-A9B-NVFP4,p3
depart,7,0.5714285714285714,0.5333333333333333,3,nvidia/NVIDIA-Nemotron-Labs-3-Puzzle-75B-A9B-NVFP4,p3
rush,7,0.5714285714285714,0.5333333333333333,3,nvidia/NVIDIA-Nemotron-Labs-3-Puzzle-75B-A9B-NVFP4,p3
repress,7,0.5714285714285714,0.5333333333333333,3,nvidia/NVIDIA-Nemotron-Labs-3-Puzzle-75B-A9B-NVFP4,p3
revelation,7,0.5714285714285714,0.5333333333333333,3,nvidia/NVIDIA-Nemotron-Labs-3-Puzzle-75B-A9B-NVFP4,p3
regard,7,0.5714285714285714,0.5333333333333333,3,nvidia/NVIDIA-Nemotron-Labs-3-Puzzle-75B-A9B-NVFP4,p3
fantastic,7,0.5714285714285714,0.5333333333333333,3,nvidia/NVIDIA-Nemotron-Labs-3-Puzzle-75B-A9B-NVFP4,p3
converge,7,0.5714285714285714,0.5333333333333333,3,nvidia/NVIDIA-Nemotron-Labs-3-Puzzle-75B-A9B-NVFP4,p3
dark,7,0.5714285714285714,0.5333333333333333,3,nvidia/NVIDIA-Nemotron-Labs-3-Puzzle-75B-A9B-NVFP4,p3
accounting,7,0.5714285714285714,0.5333333333333333,3,nvidia/NVIDIA-Nemotron-Labs-3-Puzzle-75B-A9B-NVFP4,p3
beginning,7,0.5714285714285714,0.5333333333333333,3,nvidia/NVIDIA-Nemotron-Labs-3-Puzzle-75B-A9B-NVFP4,p3
involvement,7,0.5714285714285714,0.5333333333333333,3,nvidia/NVIDIA-Nemotron-Labs-3-Puzzle-75B-A9B-NVFP4,p3
cut_short,7,0.5714285714285714,0.5333333333333333,3,nvidia/NVIDIA-Nemotron-Labs-3-Puzzle-75B-A9B-NVFP4,p3
landing,7,0.5714285714285714,0.5333333333333333,3,nvidia/NVIDIA-Nemotron-Labs-3-Puzzle-75B-A9B-NVFP4,p3
flank,7,0.5714285714285714,0.5333333333333333,3,nvidia/NVIDIA-Nemotron-Labs-3-Puzzle-75B-A9B-NVFP4,p3
still,7,0.5714285714285714,0.5333333333333333,3,nvidia/NVIDIA-Nemotron-Labs-3-Puzzle-75B-A9B-NVFP4,p3
stumble,7,0.5714285714285714,0.5333333333333333,3,nvidia/NVIDIA-Nemotron-Labs-3-Puzzle-75B-A9B-NVFP4,p3
dedication,7,0.5714285714285714,0.5333333333333333,3,nvidia/NVIDIA-Nemotron-Labs-3-Puzzle-75B-A9B-NVFP4,p3
command,7,0.5714285714285714,0.5333333333333333,3,nvidia/NVIDIA-Nemotron-Labs-3-Puzzle-75B-A9B-NVFP4,p3
passion,11,0.6363636363636364,0.5416666666666666,4,nvidia/NVIDIA-Nemotron-Labs-3-Puzzle-75B-A9B-NVFP4,p3
scrape,11,0.6363636363636364,0.5416666666666666,4,nvidia/NVIDIA-Nemotron-Labs-3-Puzzle-75B-A9B-NVFP4,p3
aroused,11,0.6363636363636364,0.5416666666666666,4,nvidia/NVIDIA-Nemotron-Labs-3-Puzzle-75B-A9B-NVFP4,p3
control,15,0.6,0.55,6,nvidia/NVIDIA-Nemotron-Labs-3-Puzzle-75B-A9B-NVFP4,p3
badly,9,0.5555555555555556,0.55,4,nvidia/NVIDIA-Nemotron-Labs-3-Puzzle-75B-A9B-NVFP4,p3
curse,15,0.6,0.55,6,nvidia/NVIDIA-Nemotron-Labs-3-Puzzle-75B-A9B-NVFP4,p3
puff,12,0.5833333333333334,0.5555555555555556,5,nvidia/NVIDIA-Nemotron-Labs-3-Puzzle-75B-A9B-NVFP4,p3
bare,12,0.5833333333333334,0.5555555555555556,5,nvidia/NVIDIA-Nemotron-Labs-3-Puzzle-75B-A9B-NVFP4,p3
flip,12,0.6666666666666666,0.5555555555555556,4,nvidia/NVIDIA-Nemotron-Labs-3-Puzzle-75B-A9B-NVFP4,p3
knock,8,0.625,0.5636363636363637,3,nvidia/NVIDIA-Nemotron-Labs-3-Puzzle-75B-A9B-NVFP4,p3
crude,8,0.625,0.5636363636363637,3,nvidia/NVIDIA-Nemotron-Labs-3-Puzzle-75B-A9B-NVFP4,p3
duplicate,8,0.625,0.5636363636363637,3,nvidia/NVIDIA-Nemotron-Labs-3-Puzzle-75B-A9B-NVFP4,p3
inspiration,8,0.625,0.5636363636363637,3,nvidia/NVIDIA-Nemotron-Labs-3-Puzzle-75B-A9B-NVFP4,p3
depress,8,0.625,0.5636363636363637,3,nvidia/NVIDIA-Nemotron-Labs-3-Puzzle-75B-A9B-NVFP4,p3
condense,8,0.625,0.5636363636363637,3,nvidia/NVIDIA-Nemotron-Labs-3-Puzzle-75B-A9B-NVFP4,p3
proportion,8,0.625,0.5636363636363637,3,nvidia/NVIDIA-Nemotron-Labs-3-Puzzle-75B-A9B-NVFP4,p3
discretion,8,0.625,0.5636363636363637,3,nvidia/NVIDIA-Nemotron-Labs-3-Puzzle-75B-A9B-NVFP4,p3
get_into,8,0.625,0.5636363636363637,3,nvidia/NVIDIA-Nemotron-Labs-3-Puzzle-75B-A9B-NVFP4,p3
interview,8,0.625,0.5636363636363637,3,nvidia/NVIDIA-Nemotron-Labs-3-Puzzle-75B-A9B-NVFP4,p3
warm_up,8,0.625,0.5636363636363637,3,nvidia/NVIDIA-Nemotron-Labs-3-Puzzle-75B-A9B-NVFP4,p3
arch,8,0.625,0.5636363636363637,3,nvidia/NVIDIA-Nemotron-Labs-3-Puzzle-75B-A9B-NVFP4,p3
hover,7,0.5714285714285714,0.5714285714285714,3,nvidia/NVIDIA-Nemotron-Labs-3-Puzzle-75B-A9B-NVFP4,p3
identity,7,0.5714285714285714,0.5714285714285714,3,nvidia/NVIDIA-Nemotron-Labs-3-Puzzle-75B-A9B-NVFP4,p3
spirit,7,0.5714285714285714,0.5714285714285714,3,nvidia/NVIDIA-Nemotron-Labs-3-Puzzle-75B-A9B-NVFP4,p3
launch,7,0.5714285714285714,0.5714285714285714,3,nvidia/NVIDIA-Nemotron-Labs-3-Puzzle-75B-A9B-NVFP4,p3
extinction,7,0.5714285714285714,0.5714285714285714,3,nvidia/NVIDIA-Nemotron-Labs-3-Puzzle-75B-A9B-NVFP4,p3
reference,13,0.6153846153846154,0.5751633986928104,5,nvidia/NVIDIA-Nemotron-Labs-3-Puzzle-75B-A9B-NVFP4,p3
burn,18,0.6111111111111112,0.5785953177257526,7,nvidia/NVIDIA-Nemotron-Labs-3-Puzzle-75B-A9B-NVFP4,p3
break_up,23,0.6086956521739131,0.5801217038539555,9,nvidia/NVIDIA-Nemotron-Labs-3-Puzzle-75B-A9B-NVFP4,p3
label,12,0.5833333333333334,0.5804195804195804,5,nvidia/NVIDIA-Nemotron-Labs-3-Puzzle-75B-A9B-NVFP4,p3
immediate,5,0.6,0.5833333333333333,2,nvidia/NVIDIA-Nemotron-Labs-3-Puzzle-75B-A9B-NVFP4,p3
median,5,0.6,0.5833333333333333,2,nvidia/NVIDIA-Nemotron-Labs-3-Puzzle-75B-A9B-NVFP4,p3
contempt,5,0.6,0.5833333333333333,2,nvidia/NVIDIA-Nemotron-Labs-3-Puzzle-75B-A9B-NVFP4,p3
enjoyment,5,0.6,0.5833333333333333,2,nvidia/NVIDIA-Nemotron-Labs-3-Puzzle-75B-A9B-NVFP4,p3
coarse,5,0.6,0.5833333333333333,2,nvidia/NVIDIA-Nemotron-Labs-3-Puzzle-75B-A9B-NVFP4,p3
pupil,5,0.6,0.5833333333333333,2,nvidia/NVIDIA-Nemotron-Labs-3-Puzzle-75B-A9B-NVFP4,p3
pop,15,0.6,0.5833333333333333,6,nvidia/NVIDIA-Nemotron-Labs-3-Puzzle-75B-A9B-NVFP4,p3
calculus,5,0.6,0.5833333333333333,2,nvidia/NVIDIA-Nemotron-Labs-3-Puzzle-75B-A9B-NVFP4,p3
dial,5,0.6,0.5833333333333333,2,nvidia/NVIDIA-Nemotron-Labs-3-Puzzle-75B-A9B-NVFP4,p3
carrot,5,0.6,0.5833333333333333,2,nvidia/NVIDIA-Nemotron-Labs-3-Puzzle-75B-A9B-NVFP4,p3
corresponding,5,0.6,0.5833333333333333,2,nvidia/NVIDIA-Nemotron-Labs-3-Puzzle-75B-A9B-NVFP4,p3
formulation,5,0.6,0.5833333333333333,2,nvidia/NVIDIA-Nemotron-Labs-3-Puzzle-75B-A9B-NVFP4,p3
alternate,5,0.6,0.5833333333333333,2,nvidia/NVIDIA-Nemotron-Labs-3-Puzzle-75B-A9B-NVFP4,p3
squire,5,0.6,0.5833333333333333,2,nvidia/NVIDIA-Nemotron-Labs-3-Puzzle-75B-A9B-NVFP4,p3
fighter,5,0.6,0.5833333333333333,2,nvidia/NVIDIA-Nemotron-Labs-3-Puzzle-75B-A9B-NVFP4,p3
abuse,5,0.6,0.5833333333333333,2,nvidia/NVIDIA-Nemotron-Labs-3-Puzzle-75B-A9B-NVFP4,p3
engrave,5,0.6,0.5833333333333333,2,nvidia/NVIDIA-Nemotron-Labs-3-Puzzle-75B-A9B-NVFP4,p3
outburst,5,0.6,0.5833333333333333,2,nvidia/NVIDIA-Nemotron-Labs-3-Puzzle-75B-A9B-NVFP4,p3
overcome,5,0.6,0.5833333333333333,2,nvidia/NVIDIA-Nemotron-Labs-3-Puzzle-75B-A9B-NVFP4,p3
book,5,0.6,0.5833333333333333,2,nvidia/NVIDIA-Nemotron-Labs-3-Puzzle-75B-A9B-NVFP4,p3
inspire,5,0.6,0.5833333333333333,2,nvidia/NVIDIA-Nemotron-Labs-3-Puzzle-75B-A9B-NVFP4,p3
caution,5,0.6,0.5833333333333333,2,nvidia/NVIDIA-Nemotron-Labs-3-Puzzle-75B-A9B-NVFP4,p3
deny,5,0.6,0.5833333333333333,2,nvidia/NVIDIA-Nemotron-Labs-3-Puzzle-75B-A9B-NVFP4,p3
hysteria,5,0.6,0.5833333333333333,2,nvidia/NVIDIA-Nemotron-Labs-3-Puzzle-75B-A9B-NVFP4,p3
pepper,5,0.6,0.5833333333333333,2,nvidia/NVIDIA-Nemotron-Labs-3-Puzzle-75B-A9B-NVFP4,p3
addition,5,0.6,0.5833333333333333,2,nvidia/NVIDIA-Nemotron-Labs-3-Puzzle-75B-A9B-NVFP4,p3
wattle,5,0.6,0.5833333333333333,2,nvidia/NVIDIA-Nemotron-Labs-3-Puzzle-75B-A9B-NVFP4,p3
equilibrium,5,0.6,0.5833333333333333,2,nvidia/NVIDIA-Nemotron-Labs-3-Puzzle-75B-A9B-NVFP4,p3
touch,15,0.6,0.5833333333333333,6,nvidia/NVIDIA-Nemotron-Labs-3-Puzzle-75B-A9B-NVFP4,p3
radiator,5,0.6,0.5833333333333333,2,nvidia/NVIDIA-Nemotron-Labs-3-Puzzle-75B-A9B-NVFP4,p3
high,5,0.6,0.5833333333333333,2,nvidia/NVIDIA-Nemotron-Labs-3-Puzzle-75B-A9B-NVFP4,p3
get_up,10,0.6,0.5833333333333333,4,nvidia/NVIDIA-Nemotron-Labs-3-Puzzle-75B-A9B-NVFP4,p3
resolve,10,0.6,0.5833333333333333,4,nvidia/NVIDIA-Nemotron-Labs-3-Puzzle-75B-A9B-NVFP4,p3
adjustment,5,0.6,0.5833333333333333,2,nvidia/NVIDIA-Nemotron-Labs-3-Puzzle-75B-A9B-NVFP4,p3
preference,5,0.6,0.5833333333333333,2,nvidia/NVIDIA-Nemotron-Labs-3-Puzzle-75B-A9B-NVFP4,p3
then,5,0.6,0.5833333333333333,2,nvidia/NVIDIA-Nemotron-Labs-3-Puzzle-75B-A9B-NVFP4,p3
bury,9,0.6666666666666666,0.5846153846153846,3,nvidia/NVIDIA-Nemotron-Labs-3-Puzzle-75B-A9B-NVFP4,p3
smother,9,0.6666666666666666,0.5846153846153846,3,nvidia/NVIDIA-Nemotron-Labs-3-Puzzle-75B-A9B-NVFP4,p3
rubber,9,0.6666666666666666,0.5846153846153846,3,nvidia/NVIDIA-Nemotron-Labs-3-Puzzle-75B-A9B-NVFP4,p3
resist,9,0.6666666666666666,0.5846153846153846,3,nvidia/NVIDIA-Nemotron-Labs-3-Puzzle-75B-A9B-NVFP4,p3
inactive,9,0.6666666666666666,0.5846153846153846,3,nvidia/NVIDIA-Nemotron-Labs-3-Puzzle-75B-A9B-NVFP4,p3
wind,9,0.6666666666666666,0.5846153846153846,3,nvidia/NVIDIA-Nemotron-Labs-3-Puzzle-75B-A9B-NVFP4,p3
follow,24,0.625,0.5901328273244781,9,nvidia/NVIDIA-Nemotron-Labs-3-Puzzle-75B-A9B-NVFP4,p3
retreat,15,0.6,0.5982142857142857,6,nvidia/NVIDIA-Nemotron-Labs-3-Puzzle-75B-A9B-NVFP4,p3
beat,10,0.6,0.6,4,nvidia/NVIDIA-Nemotron-Labs-3-Puzzle-75B-A9B-NVFP4,p3
sanction,10,0.6,0.6,4,nvidia/NVIDIA-Nemotron-Labs-3-Puzzle-75B-A9B-NVFP4,p3
peak,10,0.6,0.6,4,nvidia/NVIDIA-Nemotron-Labs-3-Puzzle-75B-A9B-NVFP4,p3
loss,10,0.6,0.6,4,nvidia/NVIDIA-Nemotron-Labs-3-Puzzle-75B-A9B-NVFP4,p3
bore,16,0.625,0.6,6,nvidia/NVIDIA-Nemotron-Labs-3-Puzzle-75B-A9B-NVFP4,p3
manage,10,0.7,0.6000000000000001,3,nvidia/NVIDIA-Nemotron-Labs-3-Puzzle-75B-A9B-NVFP4,p3
advance,10,0.7,0.6000000000000001,3,nvidia/NVIDIA-Nemotron-Labs-3-Puzzle-75B-A9B-NVFP4,p3
plunge,11,0.6363636363636364,0.6071428571428572,4,nvidia/NVIDIA-Nemotron-Labs-3-Puzzle-75B-A9B-NVFP4,p3
direction,11,0.6363636363636364,0.6071428571428572,4,nvidia/NVIDIA-Nemotron-Labs-3-Puzzle-75B-A9B-NVFP4,p3
give_up,11,0.6363636363636364,0.6071428571428572,4,nvidia/NVIDIA-Nemotron-Labs-3-Puzzle-75B-A9B-NVFP4,p3
administration,11,0.6363636363636364,0.6071428571428572,4,nvidia/NVIDIA-Nemotron-Labs-3-Puzzle-75B-A9B-NVFP4,p3
shock,11,0.6363636363636364,0.6071428571428572,4,nvidia/NVIDIA-Nemotron-Labs-3-Puzzle-75B-A9B-NVFP4,p3
radiate,11,0.6363636363636364,0.6071428571428572,4,nvidia/NVIDIA-Nemotron-Labs-3-Puzzle-75B-A9B-NVFP4,p3
ground,21,0.6190476190476191,0.6111111111111112,8,nvidia/NVIDIA-Nemotron-Labs-3-Puzzle-75B-A9B-NVFP4,p3
trouble,17,0.6470588235294118,0.6136363636363636,6,nvidia/NVIDIA-Nemotron-Labs-3-Puzzle-75B-A9B-NVFP4,p3
represent,23,0.6521739130434783,0.6166666666666667,8,nvidia/NVIDIA-Nemotron-Labs-3-Puzzle-75B-A9B-NVFP4,p3
rise,23,0.6521739130434783,0.6166666666666667,8,nvidia/NVIDIA-Nemotron-Labs-3-Puzzle-75B-A9B-NVFP4,p3
load,8,0.625,0.6190476190476191,3,nvidia/NVIDIA-Nemotron-Labs-3-Puzzle-75B-A9B-NVFP4,p3
mail,8,0.625,0.6190476190476191,3,nvidia/NVIDIA-Nemotron-Labs-3-Puzzle-75B-A9B-NVFP4,p3
shade,8,0.625,0.6190476190476191,3,nvidia/NVIDIA-Nemotron-Labs-3-Puzzle-75B-A9B-NVFP4,p3
prevail,8,0.625,0.6190476190476191,3,nvidia/NVIDIA-Nemotron-Labs-3-Puzzle-75B-A9B-NVFP4,p3
observation,8,0.625,0.6190476190476191,3,nvidia/NVIDIA-Nemotron-Labs-3-Puzzle-75B-A9B-NVFP4,p3
pair,6,0.6666666666666666,0.625,2,nvidia/NVIDIA-Nemotron-Labs-3-Puzzle-75B-A9B-NVFP4,p3
partner,6,0.6666666666666666,0.625,2,nvidia/NVIDIA-Nemotron-Labs-3-Puzzle-75B-A9B-NVFP4,p3
celebrate,6,0.6666666666666666,0.625,2,nvidia/NVIDIA-Nemotron-Labs-3-Puzzle-75B-A9B-NVFP4,p3
penetration,6,0.6666666666666666,0.625,2,nvidia/NVIDIA-Nemotron-Labs-3-Puzzle-75B-A9B-NVFP4,p3
residence,6,0.6666666666666666,0.625,2,nvidia/NVIDIA-Nemotron-Labs-3-Puzzle-75B-A9B-NVFP4,p3
snarl,6,0.6666666666666666,0.625,2,nvidia/NVIDIA-Nemotron-Labs-3-Puzzle-75B-A9B-NVFP4,p3
printer,6,0.6666666666666666,0.625,2,nvidia/NVIDIA-Nemotron-Labs-3-Puzzle-75B-A9B-NVFP4,p3
avail,6,0.6666666666666666,0.625,2,nvidia/NVIDIA-Nemotron-Labs-3-Puzzle-75B-A9B-NVFP4,p3
whistle,12,0.6666666666666666,0.625,4,nvidia/NVIDIA-Nemotron-Labs-3-Puzzle-75B-A9B-NVFP4,p3
acquaintance,6,0.6666666666666666,0.625,2,nvidia/NVIDIA-Nemotron-Labs-3-Puzzle-75B-A9B-NVFP4,p3
path,6,0.6666666666666666,0.625,2,nvidia/NVIDIA-Nemotron-Labs-3-Puzzle-75B-A9B-NVFP4,p3
forth,6,0.6666666666666666,0.625,2,nvidia/NVIDIA-Nemotron-Labs-3-Puzzle-75B-A9B-NVFP4,p3
indent,6,0.6666666666666666,0.625,2,nvidia/NVIDIA-Nemotron-Labs-3-Puzzle-75B-A9B-NVFP4,p3
stiffness,6,0.6666666666666666,0.625,2,nvidia/NVIDIA-Nemotron-Labs-3-Puzzle-75B-A9B-NVFP4,p3
aspiration,6,0.6666666666666666,0.625,2,nvidia/NVIDIA-Nemotron-Labs-3-Puzzle-75B-A9B-NVFP4,p3
elude,6,0.6666666666666666,0.625,2,nvidia/NVIDIA-Nemotron-Labs-3-Puzzle-75B-A9B-NVFP4,p3
sum,6,0.6666666666666666,0.625,2,nvidia/NVIDIA-Nemotron-Labs-3-Puzzle-75B-A9B-NVFP4,p3
fog,6,0.6666666666666666,0.625,2,nvidia/NVIDIA-Nemotron-Labs-3-Puzzle-75B-A9B-NVFP4,p3
forced,6,0.6666666666666666,0.625,2,nvidia/NVIDIA-Nemotron-Labs-3-Puzzle-75B-A9B-NVFP4,p3
stimulation,6,0.6666666666666666,0.625,2,nvidia/NVIDIA-Nemotron-Labs-3-Puzzle-75B-A9B-NVFP4,p3
earthy,6,0.6666666666666666,0.625,2,nvidia/NVIDIA-Nemotron-Labs-3-Puzzle-75B-A9B-NVFP4,p3
native,6,0.6666666666666666,0.625,2,nvidia/NVIDIA-Nemotron-Labs-3-Puzzle-75B-A9B-NVFP4,p3
frustration,6,0.6666666666666666,0.625,2,nvidia/NVIDIA-Nemotron-Labs-3-Puzzle-75B-A9B-NVFP4,p3
infusion,6,0.6666666666666666,0.625,2,nvidia/NVIDIA-Nemotron-Labs-3-Puzzle-75B-A9B-NVFP4,p3
innovation,6,0.6666666666666666,0.625,2,nvidia/NVIDIA-Nemotron-Labs-3-Puzzle-75B-A9B-NVFP4,p3
bluff,6,0.6666666666666666,0.625,2,nvidia/NVIDIA-Nemotron-Labs-3-Puzzle-75B-A9B-NVFP4,p3
formality,6,0.6666666666666666,0.625,2,nvidia/NVIDIA-Nemotron-Labs-3-Puzzle-75B-A9B-NVFP4,p3
heave,12,0.6666666666666666,0.625,4,nvidia/NVIDIA-Nemotron-Labs-3-Puzzle-75B-A9B-NVFP4,p3
heritage,6,0.6666666666666666,0.625,2,nvidia/NVIDIA-Nemotron-Labs-3-Puzzle-75B-A9B-NVFP4,p3
separated,6,0.6666666666666666,0.625,2,nvidia/NVIDIA-Nemotron-Labs-3-Puzzle-75B-A9B-NVFP4,p3
garbage,6,0.6666666666666666,0.625,2,nvidia/NVIDIA-Nemotron-Labs-3-Puzzle-75B-A9B-NVFP4,p3
locate,6,0.6666666666666666,0.625,2,nvidia/NVIDIA-Nemotron-Labs-3-Puzzle-75B-A9B-NVFP4,p3
concentrated,6,0.6666666666666666,0.625,2,nvidia/NVIDIA-Nemotron-Labs-3-Puzzle-75B-A9B-NVFP4,p3
scallop,6,0.6666666666666666,0.625,2,nvidia/NVIDIA-Nemotron-Labs-3-Puzzle-75B-A9B-NVFP4,p3
disposition,6,0.6666666666666666,0.625,2,nvidia/NVIDIA-Nemotron-Labs-3-Puzzle-75B-A9B-NVFP4,p3
irregularity,6,0.6666666666666666,0.625,2,nvidia/NVIDIA-Nemotron-Labs-3-Puzzle-75B-A9B-NVFP4,p3
twitch,6,0.6666666666666666,0.625,2,nvidia/NVIDIA-Nemotron-Labs-3-Puzzle-75B-A9B-NVFP4,p3
purge,6,0.6666666666666666,0.625,2,nvidia/NVIDIA-Nemotron-Labs-3-Puzzle-75B-A9B-NVFP4,p3
attest,6,0.6666666666666666,0.625,2,nvidia/NVIDIA-Nemotron-Labs-3-Puzzle-75B-A9B-NVFP4,p3
antagonistic,6,0.6666666666666666,0.625,2,nvidia/NVIDIA-Nemotron-Labs-3-Puzzle-75B-A9B-NVFP4,p3
lost,14,0.6428571428571429,0.625668449197861,5,nvidia/NVIDIA-Nemotron-Labs-3-Puzzle-75B-A9B-NVFP4,p3
reversal,14,0.6428571428571429,0.625668449197861,5,nvidia/NVIDIA-Nemotron-Labs-3-Puzzle-75B-A9B-NVFP4,p3
stamp,14,0.6428571428571429,0.625668449197861,5,nvidia/NVIDIA-Nemotron-Labs-3-Puzzle-75B-A9B-NVFP4,p3
drift,25,0.68,0.6323529411764706,8,nvidia/NVIDIA-Nemotron-Labs-3-Puzzle-75B-A9B-NVFP4,p3
yield,25,0.68,0.6323529411764706,8,nvidia/NVIDIA-Nemotron-Labs-3-Puzzle-75B-A9B-NVFP4,p3
clap,11,0.6363636363636364,0.6333333333333333,4,nvidia/NVIDIA-Nemotron-Labs-3-Puzzle-75B-A9B-NVFP4,p3
grow,15,0.6666666666666666,0.6411483253588517,5,nvidia/NVIDIA-Nemotron-Labs-3-Puzzle-75B-A9B-NVFP4,p3
consider,15,0.6666666666666666,0.6411483253588517,5,nvidia/NVIDIA-Nemotron-Labs-3-Puzzle-75B-A9B-NVFP4,p3
land,15,0.6666666666666666,0.6411483253588517,5,nvidia/NVIDIA-Nemotron-Labs-3-Puzzle-75B-A9B-NVFP4,p3
take_out,17,0.6470588235294118,0.6458333333333333,6,nvidia/NVIDIA-Nemotron-Labs-3-Puzzle-75B-A9B-NVFP4,p3
perception,9,0.6666666666666666,0.6493506493506493,3,nvidia/NVIDIA-Nemotron-Labs-3-Puzzle-75B-A9B-NVFP4,p3
sight,9,0.6666666666666666,0.6493506493506493,3,nvidia/NVIDIA-Nemotron-Labs-3-Puzzle-75B-A9B-NVFP4,p3
adhere,9,0.6666666666666666,0.6493506493506493,3,nvidia/NVIDIA-Nemotron-Labs-3-Puzzle-75B-A9B-NVFP4,p3
cut_off,9,0.6666666666666666,0.6493506493506493,3,nvidia/NVIDIA-Nemotron-Labs-3-Puzzle-75B-A9B-NVFP4,p3
singular,9,0.6666666666666666,0.6493506493506493,3,nvidia/NVIDIA-Nemotron-Labs-3-Puzzle-75B-A9B-NVFP4,p3
pack,9,0.6666666666666666,0.6493506493506493,3,nvidia/NVIDIA-Nemotron-Labs-3-Puzzle-75B-A9B-NVFP4,p3
mosaic,9,0.6666666666666666,0.6493506493506493,3,nvidia/NVIDIA-Nemotron-Labs-3-Puzzle-75B-A9B-NVFP4,p3
hop,9,0.6666666666666666,0.6493506493506493,3,nvidia/NVIDIA-Nemotron-Labs-3-Puzzle-75B-A9B-NVFP4,p3
library,9,0.6666666666666666,0.6493506493506493,3,nvidia/NVIDIA-Nemotron-Labs-3-Puzzle-75B-A9B-NVFP4,p3
aged,9,0.6666666666666666,0.6493506493506493,3,nvidia/NVIDIA-Nemotron-Labs-3-Puzzle-75B-A9B-NVFP4,p3
temporal,9,0.6666666666666666,0.6493506493506493,3,nvidia/NVIDIA-Nemotron-Labs-3-Puzzle-75B-A9B-NVFP4,p3
release,27,0.6666666666666666,0.6493506493506493,9,nvidia/NVIDIA-Nemotron-Labs-3-Puzzle-75B-A9B-NVFP4,p3
rank,7,0.7142857142857143,0.65,2,nvidia/NVIDIA-Nemotron-Labs-3-Puzzle-75B-A9B-NVFP4,p3
bark,7,0.7142857142857143,0.65,2,nvidia/NVIDIA-Nemotron-Labs-3-Puzzle-75B-A9B-NVFP4,p3
unfold,7,0.7142857142857143,0.65,2,nvidia/NVIDIA-Nemotron-Labs-3-Puzzle-75B-A9B-NVFP4,p3
confinement,7,0.7142857142857143,0.65,2,nvidia/NVIDIA-Nemotron-Labs-3-Puzzle-75B-A9B-NVFP4,p3
reward,7,0.7142857142857143,0.65,2,nvidia/NVIDIA-Nemotron-Labs-3-Puzzle-75B-A9B-NVFP4,p3
disturbance,7,0.7142857142857143,0.65,2,nvidia/NVIDIA-Nemotron-Labs-3-Puzzle-75B-A9B-NVFP4,p3
knob,7,0.7142857142857143,0.65,2,nvidia/NVIDIA-Nemotron-Labs-3-Puzzle-75B-A9B-NVFP4,p3
liberate,7,0.7142857142857143,0.65,2,nvidia/NVIDIA-Nemotron-Labs-3-Puzzle-75B-A9B-NVFP4,p3
ruin,7,0.7142857142857143,0.65,2,nvidia/NVIDIA-Nemotron-Labs-3-Puzzle-75B-A9B-NVFP4,p3
role,7,0.7142857142857143,0.65,2,nvidia/NVIDIA-Nemotron-Labs-3-Puzzle-75B-A9B-NVFP4,p3
chafe,7,0.7142857142857143,0.65,2,nvidia/NVIDIA-Nemotron-Labs-3-Puzzle-75B-A9B-NVFP4,p3
saturation,7,0.7142857142857143,0.65,2,nvidia/NVIDIA-Nemotron-Labs-3-Puzzle-75B-A9B-NVFP4,p3
dullness,7,0.7142857142857143,0.65,2,nvidia/NVIDIA-Nemotron-Labs-3-Puzzle-75B-A9B-NVFP4,p3
notch,7,0.7142857142857143,0.65,2,nvidia/NVIDIA-Nemotron-Labs-3-Puzzle-75B-A9B-NVFP4,p3
frost,7,0.7142857142857143,0.65,2,nvidia/NVIDIA-Nemotron-Labs-3-Puzzle-75B-A9B-NVFP4,p3
spiral,7,0.7142857142857143,0.65,2,nvidia/NVIDIA-Nemotron-Labs-3-Puzzle-75B-A9B-NVFP4,p3
dust,7,0.7142857142857143,0.65,2,nvidia/NVIDIA-Nemotron-Labs-3-Puzzle-75B-A9B-NVFP4,p3
spiritual,7,0.7142857142857143,0.65,2,nvidia/NVIDIA-Nemotron-Labs-3-Puzzle-75B-A9B-NVFP4,p3
cartridge,7,0.7142857142857143,0.65,2,nvidia/NVIDIA-Nemotron-Labs-3-Puzzle-75B-A9B-NVFP4,p3
connect,16,0.6875,0.6536796536796536,5,nvidia/NVIDIA-Nemotron-Labs-3-Puzzle-75B-A9B-NVFP4,p3
profess,12,0.6666666666666666,0.6571428571428571,4,nvidia/NVIDIA-Nemotron-Labs-3-Puzzle-75B-A9B-NVFP4,p3
dive,12,0.6666666666666666,0.6571428571428571,4,nvidia/NVIDIA-Nemotron-Labs-3-Puzzle-75B-A9B-NVFP4,p3
preserve,12,0.6666666666666666,0.6571428571428571,4,nvidia/NVIDIA-Nemotron-Labs-3-Puzzle-75B-A9B-NVFP4,p3
take_away,12,0.6666666666666666,0.6571428571428571,4,nvidia/NVIDIA-Nemotron-Labs-3-Puzzle-75B-A9B-NVFP4,p3
bowl,12,0.6666666666666666,0.6571428571428571,4,nvidia/NVIDIA-Nemotron-Labs-3-Puzzle-75B-A9B-NVFP4,p3
comfort,12,0.6666666666666666,0.6571428571428571,4,nvidia/NVIDIA-Nemotron-Labs-3-Puzzle-75B-A9B-NVFP4,p3
focus,15,0.6666666666666666,0.660633484162896,5,nvidia/NVIDIA-Nemotron-Labs-3-Puzzle-75B-A9B-NVFP4,p3
loose,19,0.6842105263157895,0.6607142857142857,6,nvidia/NVIDIA-Nemotron-Labs-3-Puzzle-75B-A9B-NVFP4,p3
submission,6,0.6666666666666666,0.6666666666666666,2,nvidia/NVIDIA-Nemotron-Labs-3-Puzzle-75B-A9B-NVFP4,p3
tenor,6,0.6666666666666666,0.6666666666666666,2,nvidia/NVIDIA-Nemotron-Labs-3-Puzzle-75B-A9B-NVFP4,p3
trip,9,0.6666666666666666,0.6666666666666666,3,nvidia/NVIDIA-Nemotron-Labs-3-Puzzle-75B-A9B-NVFP4,p3
reel,6,0.6666666666666666,0.6666666666666666,2,nvidia/NVIDIA-Nemotron-Labs-3-Puzzle-75B-A9B-NVFP4,p3
get_along,6,0.6666666666666666,0.6666666666666666,2,nvidia/NVIDIA-Nemotron-Labs-3-Puzzle-75B-A9B-NVFP4,p3
propagate,6,0.6666666666666666,0.6666666666666666,2,nvidia/NVIDIA-Nemotron-Labs-3-Puzzle-75B-A9B-NVFP4,p3
smut,6,0.6666666666666666,0.6666666666666666,2,nvidia/NVIDIA-Nemotron-Labs-3-Puzzle-75B-A9B-NVFP4,p3
memory,6,0.6666666666666666,0.6666666666666666,2,nvidia/NVIDIA-Nemotron-Labs-3-Puzzle-75B-A9B-NVFP4,p3
record,9,0.6666666666666666,0.6666666666666666,3,nvidia/NVIDIA-Nemotron-Labs-3-Puzzle-75B-A9B-NVFP4,p3
precious,6,0.6666666666666666,0.6666666666666666,2,nvidia/NVIDIA-Nemotron-Labs-3-Puzzle-75B-A9B-NVFP4,p3
poise,6,0.6666666666666666,0.6666666666666666,2,nvidia/NVIDIA-Nemotron-Labs-3-Puzzle-75B-A9B-NVFP4,p3
indicator,6,0.6666666666666666,0.6666666666666666,2,nvidia/NVIDIA-Nemotron-Labs-3-Puzzle-75B-A9B-NVFP4,p3
peace,6,0.6666666666666666,0.6666666666666666,2,nvidia/NVIDIA-Nemotron-Labs-3-Puzzle-75B-A9B-NVFP4,p3
capitalize,8,0.75,0.6666666666666667,2,nvidia/NVIDIA-Nemotron-Labs-3-Puzzle-75B-A9B-NVFP4,p3
seed,8,0.75,0.6666666666666667,2,nvidia/NVIDIA-Nemotron-Labs-3-Puzzle-75B-A9B-NVFP4,p3
conventional,8,0.75,0.6666666666666667,2,nvidia/NVIDIA-Nemotron-Labs-3-Puzzle-75B-A9B-NVFP4,p3
disperse,8,0.75,0.6666666666666667,2,nvidia/NVIDIA-Nemotron-Labs-3-Puzzle-75B-A9B-NVFP4,p3
plain,10,0.7,0.6703296703296704,3,nvidia/NVIDIA-Nemotron-Labs-3-Puzzle-75B-A9B-NVFP4,p3
break_down,10,0.7,0.6703296703296704,3,nvidia/NVIDIA-Nemotron-Labs-3-Puzzle-75B-A9B-NVFP4,p3
transport,10,0.7,0.6703296703296704,3,nvidia/NVIDIA-Nemotron-Labs-3-Puzzle-75B-A9B-NVFP4,p3
camp,10,0.7,0.6703296703296704,3,nvidia/NVIDIA-Nemotron-Labs-3-Puzzle-75B-A9B-NVFP4,p3
mouthpiece,10,0.7,0.6703296703296704,3,nvidia/NVIDIA-Nemotron-Labs-3-Puzzle-75B-A9B-NVFP4,p3
inside,10,0.7,0.6703296703296704,3,nvidia/NVIDIA-Nemotron-Labs-3-Puzzle-75B-A9B-NVFP4,p3
choke,18,0.7222222222222222,0.6727272727272727,5,nvidia/NVIDIA-Nemotron-Labs-3-Puzzle-75B-A9B-NVFP4,p3
separation,13,0.6923076923076923,0.675,4,nvidia/NVIDIA-Nemotron-Labs-3-Puzzle-75B-A9B-NVFP4,p3
bind,13,0.6923076923076923,0.675,4,nvidia/NVIDIA-Nemotron-Labs-3-Puzzle-75B-A9B-NVFP4,p3
toss,11,0.7272727272727273,0.6857142857142857,3,nvidia/NVIDIA-Nemotron-Labs-3-Puzzle-75B-A9B-NVFP4,p3
shower,17,0.7058823529411765,0.6886446886446886,5,nvidia/NVIDIA-Nemotron-Labs-3-Puzzle-75B-A9B-NVFP4,p3
flood,14,0.7142857142857143,0.6888888888888889,4,nvidia/NVIDIA-Nemotron-Labs-3-Puzzle-75B-A9B-NVFP4,p3
hook,13,0.6923076923076923,0.6904761904761905,4,nvidia/NVIDIA-Nemotron-Labs-3-Puzzle-75B-A9B-NVFP4,p3
square,10,0.7,0.696969696969697,3,nvidia/NVIDIA-Nemotron-Labs-3-Puzzle-75B-A9B-NVFP4,p3
critical,10,0.7,0.696969696969697,3,nvidia/NVIDIA-Nemotron-Labs-3-Puzzle-75B-A9B-NVFP4,p3
presentation,10,0.7,0.696969696969697,3,nvidia/NVIDIA-Nemotron-Labs-3-Puzzle-75B-A9B-NVFP4,p3
execute,10,0.7,0.696969696969697,3,nvidia/NVIDIA-Nemotron-Labs-3-Puzzle-75B-A9B-NVFP4,p3
trace,21,0.7142857142857143,0.6971153846153846,6,nvidia/NVIDIA-Nemotron-Labs-3-Puzzle-75B-A9B-NVFP4,p3
horn,18,0.7222222222222222,0.6989966555183946,5,nvidia/NVIDIA-Nemotron-Labs-3-Puzzle-75B-A9B-NVFP4,p3
discipline,7,0.7142857142857143,0.7083333333333333,2,nvidia/NVIDIA-Nemotron-Labs-3-Puzzle-75B-A9B-NVFP4,p3
caller,7,0.7142857142857143,0.7083333333333333,2,nvidia/NVIDIA-Nemotron-Labs-3-Puzzle-75B-A9B-NVFP4,p3
flash,14,0.7142857142857143,0.7083333333333333,4,nvidia/NVIDIA-Nemotron-Labs-3-Puzzle-75B-A9B-NVFP4,p3
disk,7,0.7142857142857143,0.7083333333333333,2,nvidia/NVIDIA-Nemotron-Labs-3-Puzzle-75B-A9B-NVFP4,p3
moderator,7,0.7142857142857143,0.7083333333333333,2,nvidia/NVIDIA-Nemotron-Labs-3-Puzzle-75B-A9B-NVFP4,p3
instruction,7,0.7142857142857143,0.7083333333333333,2,nvidia/NVIDIA-Nemotron-Labs-3-Puzzle-75B-A9B-NVFP4,p3
rim,7,0.7142857142857143,0.7083333333333333,2,nvidia/NVIDIA-Nemotron-Labs-3-Puzzle-75B-A9B-NVFP4,p3
ridge,7,0.7142857142857143,0.7083333333333333,2,nvidia/NVIDIA-Nemotron-Labs-3-Puzzle-75B-A9B-NVFP4,p3
cut_out,7,0.7142857142857143,0.7083333333333333,2,nvidia/NVIDIA-Nemotron-Labs-3-Puzzle-75B-A9B-NVFP4,p3
legitimate,7,0.7142857142857143,0.7083333333333333,2,nvidia/NVIDIA-Nemotron-Labs-3-Puzzle-75B-A9B-NVFP4,p3
evacuate,7,0.7142857142857143,0.7083333333333333,2,nvidia/NVIDIA-Nemotron-Labs-3-Puzzle-75B-A9B-NVFP4,p3
appreciation,7,0.7142857142857143,0.7083333333333333,2,nvidia/NVIDIA-Nemotron-Labs-3-Puzzle-75B-A9B-NVFP4,p3
cock,7,0.7142857142857143,0.7083333333333333,2,nvidia/NVIDIA-Nemotron-Labs-3-Puzzle-75B-A9B-NVFP4,p3
come_up,14,0.7142857142857143,0.7083333333333333,4,nvidia/NVIDIA-Nemotron-Labs-3-Puzzle-75B-A9B-NVFP4,p3
radius,7,0.7142857142857143,0.7083333333333333,2,nvidia/NVIDIA-Nemotron-Labs-3-Puzzle-75B-A9B-NVFP4,p3
redeem,7,0.7142857142857143,0.7083333333333333,2,nvidia/NVIDIA-Nemotron-Labs-3-Puzzle-75B-A9B-NVFP4,p3
unit,7,0.7142857142857143,0.7083333333333333,2,nvidia/NVIDIA-Nemotron-Labs-3-Puzzle-75B-A9B-NVFP4,p3
decline,7,0.7142857142857143,0.7083333333333333,2,nvidia/NVIDIA-Nemotron-Labs-3-Puzzle-75B-A9B-NVFP4,p3
mold,7,0.7142857142857143,0.7083333333333333,2,nvidia/NVIDIA-Nemotron-Labs-3-Puzzle-75B-A9B-NVFP4,p3
gain,7,0.7142857142857143,0.7083333333333333,2,nvidia/NVIDIA-Nemotron-Labs-3-Puzzle-75B-A9B-NVFP4,p3
hum,7,0.7142857142857143,0.7083333333333333,2,nvidia/NVIDIA-Nemotron-Labs-3-Puzzle-75B-A9B-NVFP4,p3
spare,7,0.7142857142857143,0.7083333333333333,2,nvidia/NVIDIA-Nemotron-Labs-3-Puzzle-75B-A9B-NVFP4,p3
stand_for,7,0.7142857142857143,0.7083333333333333,2,nvidia/NVIDIA-Nemotron-Labs-3-Puzzle-75B-A9B-NVFP4,p3
stir,7,0.7142857142857143,0.7083333333333333,2,nvidia/NVIDIA-Nemotron-Labs-3-Puzzle-75B-A9B-NVFP4,p3
tip,7,0.7142857142857143,0.7083333333333333,2,nvidia/NVIDIA-Nemotron-Labs-3-Puzzle-75B-A9B-NVFP4,p3
wide,7,0.7142857142857143,0.7083333333333333,2,nvidia/NVIDIA-Nemotron-Labs-3-Puzzle-75B-A9B-NVFP4,p3
trick,7,0.7142857142857143,0.7083333333333333,2,nvidia/NVIDIA-Nemotron-Labs-3-Puzzle-75B-A9B-NVFP4,p3
rest,11,0.7272727272727273,0.717948717948718,3,nvidia/NVIDIA-Nemotron-Labs-3-Puzzle-75B-A9B-NVFP4,p3
rack,11,0.7272727272727273,0.717948717948718,3,nvidia/NVIDIA-Nemotron-Labs-3-Puzzle-75B-A9B-NVFP4,p3
aside,11,0.7272727272727273,0.717948717948718,3,nvidia/NVIDIA-Nemotron-Labs-3-Puzzle-75B-A9B-NVFP4,p3
turn_over,11,0.7272727272727273,0.717948717948718,3,nvidia/NVIDIA-Nemotron-Labs-3-Puzzle-75B-A9B-NVFP4,p3
recover,11,0.7272727272727273,0.717948717948718,3,nvidia/NVIDIA-Nemotron-Labs-3-Puzzle-75B-A9B-NVFP4,p3
lime,11,0.7272727272727273,0.717948717948718,3,nvidia/NVIDIA-Nemotron-Labs-3-Puzzle-75B-A9B-NVFP4,p3
limit,11,0.7272727272727273,0.717948717948718,3,nvidia/NVIDIA-Nemotron-Labs-3-Puzzle-75B-A9B-NVFP4,p3
twist,25,0.72,0.7181964573268921,7,nvidia/NVIDIA-Nemotron-Labs-3-Puzzle-75B-A9B-NVFP4,p3
take_up,18,0.7222222222222222,0.7213622291021672,5,nvidia/NVIDIA-Nemotron-Labs-3-Puzzle-75B-A9B-NVFP4,p3
master,15,0.7333333333333333,0.7222222222222222,4,nvidia/NVIDIA-Nemotron-Labs-3-Puzzle-75B-A9B-NVFP4,p3
scene,15,0.7333333333333333,0.7222222222222222,4,nvidia/NVIDIA-Nemotron-Labs-3-Puzzle-75B-A9B-NVFP4,p3
crown,22,0.7272727272727273,0.725,6,nvidia/NVIDIA-Nemotron-Labs-3-Puzzle-75B-A9B-NVFP4,p3
capacity,11,0.7272727272727273,0.7272727272727273,3,nvidia/NVIDIA-Nemotron-Labs-3-Puzzle-75B-A9B-NVFP4,p3
submit,15,0.7333333333333333,0.7321428571428572,4,nvidia/NVIDIA-Nemotron-Labs-3-Puzzle-75B-A9B-NVFP4,p3
align,8,0.75,0.7333333333333334,2,nvidia/NVIDIA-Nemotron-Labs-3-Puzzle-75B-A9B-NVFP4,p3
population,8,0.75,0.7333333333333334,2,nvidia/NVIDIA-Nemotron-Labs-3-Puzzle-75B-A9B-NVFP4,p3
ordinary,8,0.75,0.7333333333333334,2,nvidia/NVIDIA-Nemotron-Labs-3-Puzzle-75B-A9B-NVFP4,p3
deaden,8,0.75,0.7333333333333334,2,nvidia/NVIDIA-Nemotron-Labs-3-Puzzle-75B-A9B-NVFP4,p3
skip,8,0.75,0.7333333333333334,2,nvidia/NVIDIA-Nemotron-Labs-3-Puzzle-75B-A9B-NVFP4,p3
creation,8,0.75,0.7333333333333334,2,nvidia/NVIDIA-Nemotron-Labs-3-Puzzle-75B-A9B-NVFP4,p3
fullness,8,0.75,0.7333333333333334,2,nvidia/NVIDIA-Nemotron-Labs-3-Puzzle-75B-A9B-NVFP4,p3
concentrate,12,0.75,0.7333333333333334,3,nvidia/NVIDIA-Nemotron-Labs-3-Puzzle-75B-A9B-NVFP4,p3
performance,8,0.75,0.7333333333333334,2,nvidia/NVIDIA-Nemotron-Labs-3-Puzzle-75B-A9B-NVFP4,p3
stake,8,0.75,0.7333333333333334,2,nvidia/NVIDIA-Nemotron-Labs-3-Puzzle-75B-A9B-NVFP4,p3
spike,12,0.75,0.7333333333333334,3,nvidia/NVIDIA-Nemotron-Labs-3-Puzzle-75B-A9B-NVFP4,p3
break_in,8,0.75,0.7333333333333334,2,nvidia/NVIDIA-Nemotron-Labs-3-Puzzle-75B-A9B-NVFP4,p3
crossing,12,0.75,0.7333333333333334,3,nvidia/NVIDIA-Nemotron-Labs-3-Puzzle-75B-A9B-NVFP4,p3
lodge,8,0.75,0.7333333333333334,2,nvidia/NVIDIA-Nemotron-Labs-3-Puzzle-75B-A9B-NVFP4,p3
liberal,8,0.75,0.7333333333333334,2,nvidia/NVIDIA-Nemotron-Labs-3-Puzzle-75B-A9B-NVFP4,p3
swing,12,0.75,0.7333333333333334,3,nvidia/NVIDIA-Nemotron-Labs-3-Puzzle-75B-A9B-NVFP4,p3
superior,8,0.75,0.7333333333333334,2,nvidia/NVIDIA-Nemotron-Labs-3-Puzzle-75B-A9B-NVFP4,p3
waste,8,0.75,0.7333333333333334,2,nvidia/NVIDIA-Nemotron-Labs-3-Puzzle-75B-A9B-NVFP4,p3
target,8,0.75,0.7333333333333334,2,nvidia/NVIDIA-Nemotron-Labs-3-Puzzle-75B-A9B-NVFP4,p3
confirmation,8,0.75,0.7333333333333334,2,nvidia/NVIDIA-Nemotron-Labs-3-Puzzle-75B-A9B-NVFP4,p3
oppose,8,0.75,0.7333333333333334,2,nvidia/NVIDIA-Nemotron-Labs-3-Puzzle-75B-A9B-NVFP4,p3
pace,12,0.75,0.7333333333333334,3,nvidia/NVIDIA-Nemotron-Labs-3-Puzzle-75B-A9B-NVFP4,p3
appointed,8,0.75,0.7333333333333334,2,nvidia/NVIDIA-Nemotron-Labs-3-Puzzle-75B-A9B-NVFP4,p3
extend,19,0.7368421052631579,0.7338935574229692,5,nvidia/NVIDIA-Nemotron-Labs-3-Puzzle-75B-A9B-NVFP4,p3
mask,13,0.7692307692307693,0.7450980392156863,3,nvidia/NVIDIA-Nemotron-Labs-3-Puzzle-75B-A9B-NVFP4,p3
stop,16,0.75,0.746031746031746,4,nvidia/NVIDIA-Nemotron-Labs-3-Puzzle-75B-A9B-NVFP4,p3
carrier,12,0.75,0.7482517482517483,3,nvidia/NVIDIA-Nemotron-Labs-3-Puzzle-75B-A9B-NVFP4,p3
escape,12,0.75,0.7482517482517483,3,nvidia/NVIDIA-Nemotron-Labs-3-Puzzle-75B-A9B-NVFP4,p3
mantle,12,0.75,0.7482517482517483,3,nvidia/NVIDIA-Nemotron-Labs-3-Puzzle-75B-A9B-NVFP4,p3
stick,20,0.75,0.7493734335839599,5,nvidia/NVIDIA-Nemotron-Labs-3-Puzzle-75B-A9B-NVFP4,p3
level,8,0.75,0.75,2,nvidia/NVIDIA-Nemotron-Labs-3-Puzzle-75B-A9B-NVFP4,p3
neutral,9,0.7777777777777778,0.75,2,nvidia/NVIDIA-Nemotron-Labs-3-Puzzle-75B-A9B-NVFP4,p3
care,8,0.75,0.75,2,nvidia/NVIDIA-Nemotron-Labs-3-Puzzle-75B-A9B-NVFP4,p3
growth,8,0.75,0.75,2,nvidia/NVIDIA-Nemotron-Labs-3-Puzzle-75B-A9B-NVFP4,p3
get_on,8,0.75,0.75,2,nvidia/NVIDIA-Nemotron-Labs-3-Puzzle-75B-A9B-NVFP4,p3
boss,9,0.7777777777777778,0.75,2,nvidia/NVIDIA-Nemotron-Labs-3-Puzzle-75B-A9B-NVFP4,p3
perch,8,0.75,0.75,2,nvidia/NVIDIA-Nemotron-Labs-3-Puzzle-75B-A9B-NVFP4,p3
naked,8,0.75,0.75,2,nvidia/NVIDIA-Nemotron-Labs-3-Puzzle-75B-A9B-NVFP4,p3
fairness,8,0.75,0.75,2,nvidia/NVIDIA-Nemotron-Labs-3-Puzzle-75B-A9B-NVFP4,p3
concern,9,0.7777777777777778,0.75,2,nvidia/NVIDIA-Nemotron-Labs-3-Puzzle-75B-A9B-NVFP4,p3
freshness,8,0.75,0.75,2,nvidia/NVIDIA-Nemotron-Labs-3-Puzzle-75B-A9B-NVFP4,p3
cutting,17,0.7647058823529411,0.7571428571428571,4,nvidia/NVIDIA-Nemotron-Labs-3-Puzzle-75B-A9B-NVFP4,p3
clear,27,0.7777777777777778,0.7617647058823529,6,nvidia/NVIDIA-Nemotron-Labs-3-Puzzle-75B-A9B-NVFP4,p3
wicked,5,0.8,0.7619047619047619,1,nvidia/NVIDIA-Nemotron-Labs-3-Puzzle-75B-A9B-NVFP4,p3
bean,5,0.8,0.7619047619047619,1,nvidia/NVIDIA-Nemotron-Labs-3-Puzzle-75B-A9B-NVFP4,p3
merry,5,0.8,0.7619047619047619,1,nvidia/NVIDIA-Nemotron-Labs-3-Puzzle-75B-A9B-NVFP4,p3
suppose,5,0.8,0.7619047619047619,1,nvidia/NVIDIA-Nemotron-Labs-3-Puzzle-75B-A9B-NVFP4,p3
junior,5,0.8,0.7619047619047619,1,nvidia/NVIDIA-Nemotron-Labs-3-Puzzle-75B-A9B-NVFP4,p3
antiquity,5,0.8,0.7619047619047619,1,nvidia/NVIDIA-Nemotron-Labs-3-Puzzle-75B-A9B-NVFP4,p3
take_back,5,0.8,0.7619047619047619,1,nvidia/NVIDIA-Nemotron-Labs-3-Puzzle-75B-A9B-NVFP4,p3
assignment,10,0.8,0.7619047619047619,2,nvidia/NVIDIA-Nemotron-Labs-3-Puzzle-75B-A9B-NVFP4,p3
meal,5,0.8,0.7619047619047619,1,nvidia/NVIDIA-Nemotron-Labs-3-Puzzle-75B-A9B-NVFP4,p3
barrier,5,0.8,0.7619047619047619,1,nvidia/NVIDIA-Nemotron-Labs-3-Puzzle-75B-A9B-NVFP4,p3
supplement,10,0.8,0.7619047619047619,2,nvidia/NVIDIA-Nemotron-Labs-3-Puzzle-75B-A9B-NVFP4,p3
snow,5,0.8,0.7619047619047619,1,nvidia/NVIDIA-Nemotron-Labs-3-Puzzle-75B-A9B-NVFP4,p3
fellowship,5,0.8,0.7619047619047619,1,nvidia/NVIDIA-Nemotron-Labs-3-Puzzle-75B-A9B-NVFP4,p3
define,5,0.8,0.7619047619047619,1,nvidia/NVIDIA-Nemotron-Labs-3-Puzzle-75B-A9B-NVFP4,p3
vary,5,0.8,0.7619047619047619,1,nvidia/NVIDIA-Nemotron-Labs-3-Puzzle-75B-A9B-NVFP4,p3
concealment,5,0.8,0.7619047619047619,1,nvidia/NVIDIA-Nemotron-Labs-3-Puzzle-75B-A9B-NVFP4,p3
hearing,5,0.8,0.7619047619047619,1,nvidia/NVIDIA-Nemotron-Labs-3-Puzzle-75B-A9B-NVFP4,p3
diverge,5,0.8,0.7619047619047619,1,nvidia/NVIDIA-Nemotron-Labs-3-Puzzle-75B-A9B-NVFP4,p3
indicate,5,0.8,0.7619047619047619,1,nvidia/NVIDIA-Nemotron-Labs-3-Puzzle-75B-A9B-NVFP4,p3
undue,5,0.8,0.7619047619047619,1,nvidia/NVIDIA-Nemotron-Labs-3-Puzzle-75B-A9B-NVFP4,p3
owe,5,0.8,0.7619047619047619,1,nvidia/NVIDIA-Nemotron-Labs-3-Puzzle-75B-A9B-NVFP4,p3
open_up,5,0.8,0.7619047619047619,1,nvidia/NVIDIA-Nemotron-Labs-3-Puzzle-75B-A9B-NVFP4,p3
compression,5,0.8,0.7619047619047619,1,nvidia/NVIDIA-Nemotron-Labs-3-Puzzle-75B-A9B-NVFP4,p3
proximity,5,0.8,0.7619047619047619,1,nvidia/NVIDIA-Nemotron-Labs-3-Puzzle-75B-A9B-NVFP4,p3
purification,5,0.8,0.7619047619047619,1,nvidia/NVIDIA-Nemotron-Labs-3-Puzzle-75B-A9B-NVFP4,p3
turn_up,5,0.8,0.7619047619047619,1,nvidia/NVIDIA-Nemotron-Labs-3-Puzzle-75B-A9B-NVFP4,p3
innocence,5,0.8,0.7619047619047619,1,nvidia/NVIDIA-Nemotron-Labs-3-Puzzle-75B-A9B-NVFP4,p3
bulk,5,0.8,0.7619047619047619,1,nvidia/NVIDIA-Nemotron-Labs-3-Puzzle-75B-A9B-NVFP4,p3
caste,5,0.8,0.7619047619047619,1,nvidia/NVIDIA-Nemotron-Labs-3-Puzzle-75B-A9B-NVFP4,p3
dash,10,0.8,0.7619047619047619,2,nvidia/NVIDIA-Nemotron-Labs-3-Puzzle-75B-A9B-NVFP4,p3
decay,5,0.8,0.7619047619047619,1,nvidia/NVIDIA-Nemotron-Labs-3-Puzzle-75B-A9B-NVFP4,p3
relative,5,0.8,0.7619047619047619,1,nvidia/NVIDIA-Nemotron-Labs-3-Puzzle-75B-A9B-NVFP4,p3
association,13,0.7692307692307693,0.7636363636363637,3,nvidia/NVIDIA-Nemotron-Labs-3-Puzzle-75B-A9B-NVFP4,p3
crash,18,0.7777777777777778,0.7662337662337663,4,nvidia/NVIDIA-Nemotron-Labs-3-Puzzle-75B-A9B-NVFP4,p3
stuff,18,0.7777777777777778,0.7662337662337663,4,nvidia/NVIDIA-Nemotron-Labs-3-Puzzle-75B-A9B-NVFP4,p3
spread,22,0.7727272727272727,0.7684210526315789,5,nvidia/NVIDIA-Nemotron-Labs-3-Puzzle-75B-A9B-NVFP4,p3
stretch,19,0.7894736842105263,0.7738095238095238,4,nvidia/NVIDIA-Nemotron-Labs-3-Puzzle-75B-A9B-NVFP4,p3
bow,19,0.7894736842105263,0.7738095238095238,4,nvidia/NVIDIA-Nemotron-Labs-3-Puzzle-75B-A9B-NVFP4,p3
tension,9,0.7777777777777778,0.775,2,nvidia/NVIDIA-Nemotron-Labs-3-Puzzle-75B-A9B-NVFP4,p3
switch,9,0.7777777777777778,0.775,2,nvidia/NVIDIA-Nemotron-Labs-3-Puzzle-75B-A9B-NVFP4,p3
last,9,0.7777777777777778,0.775,2,nvidia/NVIDIA-Nemotron-Labs-3-Puzzle-75B-A9B-NVFP4,p3
flare,9,0.7777777777777778,0.775,2,nvidia/NVIDIA-Nemotron-Labs-3-Puzzle-75B-A9B-NVFP4,p3
orientation,9,0.7777777777777778,0.775,2,nvidia/NVIDIA-Nemotron-Labs-3-Puzzle-75B-A9B-NVFP4,p3
closure,9,0.7777777777777778,0.775,2,nvidia/NVIDIA-Nemotron-Labs-3-Puzzle-75B-A9B-NVFP4,p3
allowance,9,0.7777777777777778,0.775,2,nvidia/NVIDIA-Nemotron-Labs-3-Puzzle-75B-A9B-NVFP4,p3
agitate,9,0.7777777777777778,0.775,2,nvidia/NVIDIA-Nemotron-Labs-3-Puzzle-75B-A9B-NVFP4,p3
identify,9,0.7777777777777778,0.775,2,nvidia/NVIDIA-Nemotron-Labs-3-Puzzle-75B-A9B-NVFP4,p3
foul,9,0.7777777777777778,0.775,2,nvidia/NVIDIA-Nemotron-Labs-3-Puzzle-75B-A9B-NVFP4,p3
draw_in,9,0.7777777777777778,0.775,2,nvidia/NVIDIA-Nemotron-Labs-3-Puzzle-75B-A9B-NVFP4,p3
rocker,9,0.7777777777777778,0.775,2,nvidia/NVIDIA-Nemotron-Labs-3-Puzzle-75B-A9B-NVFP4,p3
grounds,18,0.7777777777777778,0.775,4,nvidia/NVIDIA-Nemotron-Labs-3-Puzzle-75B-A9B-NVFP4,p3
experience,14,0.7857142857142857,0.7754010695187166,3,nvidia/NVIDIA-Nemotron-Labs-3-Puzzle-75B-A9B-NVFP4,p3
market,6,0.8333333333333334,0.7777777777777777,1,nvidia/NVIDIA-Nemotron-Labs-3-Puzzle-75B-A9B-NVFP4,p3
stump,6,0.8333333333333334,0.7777777777777777,1,nvidia/NVIDIA-Nemotron-Labs-3-Puzzle-75B-A9B-NVFP4,p3
border,6,0.8333333333333334,0.7777777777777777,1,nvidia/NVIDIA-Nemotron-Labs-3-Puzzle-75B-A9B-NVFP4,p3
graphic,6,0.8333333333333334,0.7777777777777777,1,nvidia/NVIDIA-Nemotron-Labs-3-Puzzle-75B-A9B-NVFP4,p3
diagonal,6,0.8333333333333334,0.7777777777777777,1,nvidia/NVIDIA-Nemotron-Labs-3-Puzzle-75B-A9B-NVFP4,p3
prime,6,0.8333333333333334,0.7777777777777777,1,nvidia/NVIDIA-Nemotron-Labs-3-Puzzle-75B-A9B-NVFP4,p3
notice,6,0.8333333333333334,0.7777777777777777,1,nvidia/NVIDIA-Nemotron-Labs-3-Puzzle-75B-A9B-NVFP4,p3
bruise,6,0.8333333333333334,0.7777777777777777,1,nvidia/NVIDIA-Nemotron-Labs-3-Puzzle-75B-A9B-NVFP4,p3
blast,24,0.7916666666666666,0.7822141560798548,5,nvidia/NVIDIA-Nemotron-Labs-3-Puzzle-75B-A9B-NVFP4,p3
dip,38,0.7894736842105263,0.7840909090909092,8,nvidia/NVIDIA-Nemotron-Labs-3-Puzzle-75B-A9B-NVFP4,p3
freeze,14,0.7857142857142857,0.7846153846153847,3,nvidia/NVIDIA-Nemotron-Labs-3-Puzzle-75B-A9B-NVFP4,p3
pool,14,0.7857142857142857,0.7846153846153847,3,nvidia/NVIDIA-Nemotron-Labs-3-Puzzle-75B-A9B-NVFP4,p3
serve,21,0.8095238095238095,0.7857142857142857,4,nvidia/NVIDIA-Nemotron-Labs-3-Puzzle-75B-A9B-NVFP4,p3
open,25,0.8,0.7877758913412564,5,nvidia/NVIDIA-Nemotron-Labs-3-Puzzle-75B-A9B-NVFP4,p3
scale,19,0.7894736842105263,0.788888888888889,4,nvidia/NVIDIA-Nemotron-Labs-3-Puzzle-75B-A9B-NVFP4,p3
deal,19,0.7894736842105263,0.788888888888889,4,nvidia/NVIDIA-Nemotron-Labs-3-Puzzle-75B-A9B-NVFP4,p3
picket,10,0.8,0.7916666666666667,2,nvidia/NVIDIA-Nemotron-Labs-3-Puzzle-75B-A9B-NVFP4,p3
fill_out,10,0.8,0.7916666666666667,2,nvidia/NVIDIA-Nemotron-Labs-3-Puzzle-75B-A9B-NVFP4,p3
induction,10,0.8,0.7916666666666667,2,nvidia/NVIDIA-Nemotron-Labs-3-Puzzle-75B-A9B-NVFP4,p3
hold_out,10,0.8,0.7916666666666667,2,nvidia/NVIDIA-Nemotron-Labs-3-Puzzle-75B-A9B-NVFP4,p3
down,10,0.8,0.7916666666666667,2,nvidia/NVIDIA-Nemotron-Labs-3-Puzzle-75B-A9B-NVFP4,p3
intrusion,10,0.8,0.7916666666666667,2,nvidia/NVIDIA-Nemotron-Labs-3-Puzzle-75B-A9B-NVFP4,p3
domestic,10,0.8,0.7916666666666667,2,nvidia/NVIDIA-Nemotron-Labs-3-Puzzle-75B-A9B-NVFP4,p3
settlement,10,0.8,0.7916666666666667,2,nvidia/NVIDIA-Nemotron-Labs-3-Puzzle-75B-A9B-NVFP4,p3
wedge,10,0.8,0.7916666666666667,2,nvidia/NVIDIA-Nemotron-Labs-3-Puzzle-75B-A9B-NVFP4,p3
whip,10,0.8,0.7916666666666667,2,nvidia/NVIDIA-Nemotron-Labs-3-Puzzle-75B-A9B-NVFP4,p3
cross,10,0.8,0.7916666666666667,2,nvidia/NVIDIA-Nemotron-Labs-3-Puzzle-75B-A9B-NVFP4,p3
jam,10,0.8,0.7916666666666667,2,nvidia/NVIDIA-Nemotron-Labs-3-Puzzle-75B-A9B-NVFP4,p3
track,20,0.8,0.7916666666666667,4,nvidia/NVIDIA-Nemotron-Labs-3-Puzzle-75B-A9B-NVFP4,p3
frame,25,0.8,0.7947454844006567,5,nvidia/NVIDIA-Nemotron-Labs-3-Puzzle-75B-A9B-NVFP4,p3
composition,15,0.8,0.7963800904977376,3,nvidia/NVIDIA-Nemotron-Labs-3-Puzzle-75B-A9B-NVFP4,p3
spoil,15,0.8,0.7963800904977376,3,nvidia/NVIDIA-Nemotron-Labs-3-Puzzle-75B-A9B-NVFP4,p3
work_out,15,0.8,0.7963800904977376,3,nvidia/NVIDIA-Nemotron-Labs-3-Puzzle-75B-A9B-NVFP4,p3
medium,15,0.8,0.7963800904977376,3,nvidia/NVIDIA-Nemotron-Labs-3-Puzzle-75B-A9B-NVFP4,p3
lay,15,0.8,0.7963800904977376,3,nvidia/NVIDIA-Nemotron-Labs-3-Puzzle-75B-A9B-NVFP4,p3
split,20,0.8,0.797979797979798,4,nvidia/NVIDIA-Nemotron-Labs-3-Puzzle-75B-A9B-NVFP4,p3
shroud,5,0.8,0.8,1,nvidia/NVIDIA-Nemotron-Labs-3-Puzzle-75B-A9B-NVFP4,p3
franchise,5,0.8,0.8,1,nvidia/NVIDIA-Nemotron-Labs-3-Puzzle-75B-A9B-NVFP4,p3
spill,5,0.8,0.8,1,nvidia/NVIDIA-Nemotron-Labs-3-Puzzle-75B-A9B-NVFP4,p3
boil,5,0.8,0.8,1,nvidia/NVIDIA-Nemotron-Labs-3-Puzzle-75B-A9B-NVFP4,p3
naturally,5,0.8,0.8,1,nvidia/NVIDIA-Nemotron-Labs-3-Puzzle-75B-A9B-NVFP4,p3
conceive,5,0.8,0.8,1,nvidia/NVIDIA-Nemotron-Labs-3-Puzzle-75B-A9B-NVFP4,p3
marker,5,0.8,0.8,1,nvidia/NVIDIA-Nemotron-Labs-3-Puzzle-75B-A9B-NVFP4,p3
assimilate,5,0.8,0.8,1,nvidia/NVIDIA-Nemotron-Labs-3-Puzzle-75B-A9B-NVFP4,p3
enclose,5,0.8,0.8,1,nvidia/NVIDIA-Nemotron-Labs-3-Puzzle-75B-A9B-NVFP4,p3
fraction,5,0.8,0.8,1,nvidia/NVIDIA-Nemotron-Labs-3-Puzzle-75B-A9B-NVFP4,p3
tolerance,5,0.8,0.8,1,nvidia/NVIDIA-Nemotron-Labs-3-Puzzle-75B-A9B-NVFP4,p3
depreciation,5,0.8,0.8,1,nvidia/NVIDIA-Nemotron-Labs-3-Puzzle-75B-A9B-NVFP4,p3
promise,5,0.8,0.8,1,nvidia/NVIDIA-Nemotron-Labs-3-Puzzle-75B-A9B-NVFP4,p3
horny,5,0.8,0.8,1,nvidia/NVIDIA-Nemotron-Labs-3-Puzzle-75B-A9B-NVFP4,p3
reform,5,0.8,0.8,1,nvidia/NVIDIA-Nemotron-Labs-3-Puzzle-75B-A9B-NVFP4,p3
remote,5,0.8,0.8,1,nvidia/NVIDIA-Nemotron-Labs-3-Puzzle-75B-A9B-NVFP4,p3
charitable,5,0.8,0.8,1,nvidia/NVIDIA-Nemotron-Labs-3-Puzzle-75B-A9B-NVFP4,p3
commitment,5,0.8,0.8,1,nvidia/NVIDIA-Nemotron-Labs-3-Puzzle-75B-A9B-NVFP4,p3
grave,5,0.8,0.8,1,nvidia/NVIDIA-Nemotron-Labs-3-Puzzle-75B-A9B-NVFP4,p3
good,5,0.8,0.8,1,nvidia/NVIDIA-Nemotron-Labs-3-Puzzle-75B-A9B-NVFP4,p3
round,15,0.8,0.8,3,nvidia/NVIDIA-Nemotron-Labs-3-Puzzle-75B-A9B-NVFP4,p3
expectation,5,0.8,0.8,1,nvidia/NVIDIA-Nemotron-Labs-3-Puzzle-75B-A9B-NVFP4,p3
amount,10,0.8,0.8,2,nvidia/NVIDIA-Nemotron-Labs-3-Puzzle-75B-A9B-NVFP4,p3
assembly,5,0.8,0.8,1,nvidia/NVIDIA-Nemotron-Labs-3-Puzzle-75B-A9B-NVFP4,p3
answer,5,0.8,0.8,1,nvidia/NVIDIA-Nemotron-Labs-3-Puzzle-75B-A9B-NVFP4,p3
withdrawal,15,0.8,0.8,3,nvidia/NVIDIA-Nemotron-Labs-3-Puzzle-75B-A9B-NVFP4,p3
tilt,5,0.8,0.8,1,nvidia/NVIDIA-Nemotron-Labs-3-Puzzle-75B-A9B-NVFP4,p3
water,5,0.8,0.8,1,nvidia/NVIDIA-Nemotron-Labs-3-Puzzle-75B-A9B-NVFP4,p3
persistence,5,0.8,0.8,1,nvidia/NVIDIA-Nemotron-Labs-3-Puzzle-75B-A9B-NVFP4,p3
pursuit,5,0.8,0.8,1,nvidia/NVIDIA-Nemotron-Labs-3-Puzzle-75B-A9B-NVFP4,p3
ram,5,0.8,0.8,1,nvidia/NVIDIA-Nemotron-Labs-3-Puzzle-75B-A9B-NVFP4,p3
ward,10,0.8,0.8,2,nvidia/NVIDIA-Nemotron-Labs-3-Puzzle-75B-A9B-NVFP4,p3
affinity,10,0.8,0.8,2,nvidia/NVIDIA-Nemotron-Labs-3-Puzzle-75B-A9B-NVFP4,p3
bald,5,0.8,0.8,1,nvidia/NVIDIA-Nemotron-Labs-3-Puzzle-75B-A9B-NVFP4,p3
theater,5,0.8,0.8,1,nvidia/NVIDIA-Nemotron-Labs-3-Puzzle-75B-A9B-NVFP4,p3
thought,5,0.8,0.8,1,nvidia/NVIDIA-Nemotron-Labs-3-Puzzle-75B-A9B-NVFP4,p3
come_to,5,0.8,0.8,1,nvidia/NVIDIA-Nemotron-Labs-3-Puzzle-75B-A9B-NVFP4,p3
chain,11,0.8181818181818182,0.8035714285714286,2,nvidia/NVIDIA-Nemotron-Labs-3-Puzzle-75B-A9B-NVFP4,p3
introduction,11,0.8181818181818182,0.8035714285714286,2,nvidia/NVIDIA-Nemotron-Labs-3-Puzzle-75B-A9B-NVFP4,p3
bring_up,11,0.8181818181818182,0.8035714285714286,2,nvidia/NVIDIA-Nemotron-Labs-3-Puzzle-75B-A9B-NVFP4,p3
shank,11,0.8181818181818182,0.8035714285714286,2,nvidia/NVIDIA-Nemotron-Labs-3-Puzzle-75B-A9B-NVFP4,p3
correction,11,0.8181818181818182,0.8035714285714286,2,nvidia/NVIDIA-Nemotron-Labs-3-Puzzle-75B-A9B-NVFP4,p3
stall,11,0.8181818181818182,0.8035714285714286,2,nvidia/NVIDIA-Nemotron-Labs-3-Puzzle-75B-A9B-NVFP4,p3
shift,27,0.8148148148148148,0.8051948051948052,5,nvidia/NVIDIA-Nemotron-Labs-3-Puzzle-75B-A9B-NVFP4,p3
corner,21,0.8095238095238095,0.8055555555555556,4,nvidia/NVIDIA-Nemotron-Labs-3-Puzzle-75B-A9B-NVFP4,p3
stroke,16,0.8125,0.8056680161943319,3,nvidia/NVIDIA-Nemotron-Labs-3-Puzzle-75B-A9B-NVFP4,p3
screen,27,0.8148148148148148,0.8106591865357644,5,nvidia/NVIDIA-Nemotron-Labs-3-Puzzle-75B-A9B-NVFP4,p3
passage,16,0.8125,0.8117647058823529,3,nvidia/NVIDIA-Nemotron-Labs-3-Puzzle-75B-A9B-NVFP4,p3
band,16,0.8125,0.8117647058823529,3,nvidia/NVIDIA-Nemotron-Labs-3-Puzzle-75B-A9B-NVFP4,p3
bang,16,0.8125,0.8117647058823529,3,nvidia/NVIDIA-Nemotron-Labs-3-Puzzle-75B-A9B-NVFP4,p3
raw,12,0.8333333333333334,0.8125,2,nvidia/NVIDIA-Nemotron-Labs-3-Puzzle-75B-A9B-NVFP4,p3
column,12,0.8333333333333334,0.8125,2,nvidia/NVIDIA-Nemotron-Labs-3-Puzzle-75B-A9B-NVFP4,p3
model,11,0.8181818181818182,0.8166666666666667,2,nvidia/NVIDIA-Nemotron-Labs-3-Puzzle-75B-A9B-NVFP4,p3
grace,11,0.8181818181818182,0.8166666666666667,2,nvidia/NVIDIA-Nemotron-Labs-3-Puzzle-75B-A9B-NVFP4,p3
claim,11,0.8181818181818182,0.8166666666666667,2,nvidia/NVIDIA-Nemotron-Labs-3-Puzzle-75B-A9B-NVFP4,p3
hold,11,0.8181818181818182,0.8166666666666667,2,nvidia/NVIDIA-Nemotron-Labs-3-Puzzle-75B-A9B-NVFP4,p3
order,22,0.8181818181818182,0.8166666666666667,4,nvidia/NVIDIA-Nemotron-Labs-3-Puzzle-75B-A9B-NVFP4,p3
punch,11,0.8181818181818182,0.8166666666666667,2,nvidia/NVIDIA-Nemotron-Labs-3-Puzzle-75B-A9B-NVFP4,p3
active,18,0.8333333333333334,0.8193979933110368,3,nvidia/NVIDIA-Nemotron-Labs-3-Puzzle-75B-A9B-NVFP4,p3
turn,17,0.8235294117647058,0.8210526315789474,3,nvidia/NVIDIA-Nemotron-Labs-3-Puzzle-75B-A9B-NVFP4,p3
seal,17,0.8235294117647058,0.8210526315789474,3,nvidia/NVIDIA-Nemotron-Labs-3-Puzzle-75B-A9B-NVFP4,p3
break,79,0.8227848101265823,0.8213824289405685,14,nvidia/NVIDIA-Nemotron-Labs-3-Puzzle-75B-A9B-NVFP4,p3
piece,17,0.8235294117647058,0.8235294117647058,3,nvidia/NVIDIA-Nemotron-Labs-3-Puzzle-75B-A9B-NVFP4,p3
sound,23,0.8260869565217391,0.8257575757575758,4,nvidia/NVIDIA-Nemotron-Labs-3-Puzzle-75B-A9B-NVFP4,p3
agitation,6,0.8333333333333334,0.8285714285714285,1,nvidia/NVIDIA-Nemotron-Labs-3-Puzzle-75B-A9B-NVFP4,p3
wink,6,0.8333333333333334,0.8285714285714285,1,nvidia/NVIDIA-Nemotron-Labs-3-Puzzle-75B-A9B-NVFP4,p3
zone,6,0.8333333333333334,0.8285714285714285,1,nvidia/NVIDIA-Nemotron-Labs-3-Puzzle-75B-A9B-NVFP4,p3
custody,6,0.8333333333333334,0.8285714285714285,1,nvidia/NVIDIA-Nemotron-Labs-3-Puzzle-75B-A9B-NVFP4,p3
pick,12,0.8333333333333334,0.8285714285714285,2,nvidia/NVIDIA-Nemotron-Labs-3-Puzzle-75B-A9B-NVFP4,p3
accent,6,0.8333333333333334,0.8285714285714285,1,nvidia/NVIDIA-Nemotron-Labs-3-Puzzle-75B-A9B-NVFP4,p3
cleavage,6,0.8333333333333334,0.8285714285714285,1,nvidia/NVIDIA-Nemotron-Labs-3-Puzzle-75B-A9B-NVFP4,p3
patronize,6,0.8333333333333334,0.8285714285714285,1,nvidia/NVIDIA-Nemotron-Labs-3-Puzzle-75B-A9B-NVFP4,p3
rating,6,0.8333333333333334,0.8285714285714285,1,nvidia/NVIDIA-Nemotron-Labs-3-Puzzle-75B-A9B-NVFP4,p3
reality,6,0.8333333333333334,0.8285714285714285,1,nvidia/NVIDIA-Nemotron-Labs-3-Puzzle-75B-A9B-NVFP4,p3
coherent,6,0.8333333333333334,0.8285714285714285,1,nvidia/NVIDIA-Nemotron-Labs-3-Puzzle-75B-A9B-NVFP4,p3
stride,6,0.8333333333333334,0.8285714285714285,1,nvidia/NVIDIA-Nemotron-Labs-3-Puzzle-75B-A9B-NVFP4,p3
board,12,0.8333333333333334,0.8285714285714285,2,nvidia/NVIDIA-Nemotron-Labs-3-Puzzle-75B-A9B-NVFP4,p3
swear,6,0.8333333333333334,0.8285714285714285,1,nvidia/NVIDIA-Nemotron-Labs-3-Puzzle-75B-A9B-NVFP4,p3
brilliant,6,0.8333333333333334,0.8285714285714285,1,nvidia/NVIDIA-Nemotron-Labs-3-Puzzle-75B-A9B-NVFP4,p3
break_off,6,0.8333333333333334,0.8285714285714285,1,nvidia/NVIDIA-Nemotron-Labs-3-Puzzle-75B-A9B-NVFP4,p3
loom,6,0.8333333333333334,0.8285714285714285,1,nvidia/NVIDIA-Nemotron-Labs-3-Puzzle-75B-A9B-NVFP4,p3
maternal,6,0.8333333333333334,0.8285714285714285,1,nvidia/NVIDIA-Nemotron-Labs-3-Puzzle-75B-A9B-NVFP4,p3
lookout,6,0.8333333333333334,0.8285714285714285,1,nvidia/NVIDIA-Nemotron-Labs-3-Puzzle-75B-A9B-NVFP4,p3
spice,6,0.8333333333333334,0.8285714285714285,1,nvidia/NVIDIA-Nemotron-Labs-3-Puzzle-75B-A9B-NVFP4,p3
hardware,6,0.8333333333333334,0.8285714285714285,1,nvidia/NVIDIA-Nemotron-Labs-3-Puzzle-75B-A9B-NVFP4,p3
dispatch,6,0.8333333333333334,0.8285714285714285,1,nvidia/NVIDIA-Nemotron-Labs-3-Puzzle-75B-A9B-NVFP4,p3
fixation,6,0.8333333333333334,0.8285714285714285,1,nvidia/NVIDIA-Nemotron-Labs-3-Puzzle-75B-A9B-NVFP4,p3
harmony,6,0.8333333333333334,0.8285714285714285,1,nvidia/NVIDIA-Nemotron-Labs-3-Puzzle-75B-A9B-NVFP4,p3
precipitate,6,0.8333333333333334,0.8285714285714285,1,nvidia/NVIDIA-Nemotron-Labs-3-Puzzle-75B-A9B-NVFP4,p3
reproduction,6,0.8333333333333334,0.8285714285714285,1,nvidia/NVIDIA-Nemotron-Labs-3-Puzzle-75B-A9B-NVFP4,p3
oppression,6,0.8333333333333334,0.8285714285714285,1,nvidia/NVIDIA-Nemotron-Labs-3-Puzzle-75B-A9B-NVFP4,p3
charity,6,0.8333333333333334,0.8285714285714285,1,nvidia/NVIDIA-Nemotron-Labs-3-Puzzle-75B-A9B-NVFP4,p3
minister,6,0.8333333333333334,0.8285714285714285,1,nvidia/NVIDIA-Nemotron-Labs-3-Puzzle-75B-A9B-NVFP4,p3
enjoy,6,0.8333333333333334,0.8285714285714285,1,nvidia/NVIDIA-Nemotron-Labs-3-Puzzle-75B-A9B-NVFP4,p3
chatter,6,0.8333333333333334,0.8285714285714285,1,nvidia/NVIDIA-Nemotron-Labs-3-Puzzle-75B-A9B-NVFP4,p3
interference,6,0.8333333333333334,0.8285714285714285,1,nvidia/NVIDIA-Nemotron-Labs-3-Puzzle-75B-A9B-NVFP4,p3
publication,6,0.8333333333333334,0.8285714285714285,1,nvidia/NVIDIA-Nemotron-Labs-3-Puzzle-75B-A9B-NVFP4,p3
sophistication,6,0.8333333333333334,0.8285714285714285,1,nvidia/NVIDIA-Nemotron-Labs-3-Puzzle-75B-A9B-NVFP4,p3
scratch,12,0.8333333333333334,0.8285714285714285,2,nvidia/NVIDIA-Nemotron-Labs-3-Puzzle-75B-A9B-NVFP4,p3
offensive,6,0.8333333333333334,0.8285714285714285,1,nvidia/NVIDIA-Nemotron-Labs-3-Puzzle-75B-A9B-NVFP4,p3
go_by,6,0.8333333333333334,0.8285714285714285,1,nvidia/NVIDIA-Nemotron-Labs-3-Puzzle-75B-A9B-NVFP4,p3
pull_out,6,0.8333333333333334,0.8285714285714285,1,nvidia/NVIDIA-Nemotron-Labs-3-Puzzle-75B-A9B-NVFP4,p3
potential,6,0.8333333333333334,0.8285714285714285,1,nvidia/NVIDIA-Nemotron-Labs-3-Puzzle-75B-A9B-NVFP4,p3
recruit,6,0.8333333333333334,0.8285714285714285,1,nvidia/NVIDIA-Nemotron-Labs-3-Puzzle-75B-A9B-NVFP4,p3
cultural,6,0.8333333333333334,0.8285714285714285,1,nvidia/NVIDIA-Nemotron-Labs-3-Puzzle-75B-A9B-NVFP4,p3
opposite,6,0.8333333333333334,0.8285714285714285,1,nvidia/NVIDIA-Nemotron-Labs-3-Puzzle-75B-A9B-NVFP4,p3
delicacy,12,0.8333333333333334,0.8285714285714285,2,nvidia/NVIDIA-Nemotron-Labs-3-Puzzle-75B-A9B-NVFP4,p3
housing,6,0.8333333333333334,0.8285714285714285,1,nvidia/NVIDIA-Nemotron-Labs-3-Puzzle-75B-A9B-NVFP4,p3
idol,6,0.8333333333333334,0.8285714285714285,1,nvidia/NVIDIA-Nemotron-Labs-3-Puzzle-75B-A9B-NVFP4,p3
exercise,6,0.8333333333333334,0.8285714285714285,1,nvidia/NVIDIA-Nemotron-Labs-3-Puzzle-75B-A9B-NVFP4,p3
evacuation,6,0.8333333333333334,0.8285714285714285,1,nvidia/NVIDIA-Nemotron-Labs-3-Puzzle-75B-A9B-NVFP4,p3
balsam,6,0.8333333333333334,0.8285714285714285,1,nvidia/NVIDIA-Nemotron-Labs-3-Puzzle-75B-A9B-NVFP4,p3
show,24,0.8333333333333334,0.8321678321678322,4,nvidia/NVIDIA-Nemotron-Labs-3-Puzzle-75B-A9B-NVFP4,p3
crack,18,0.8333333333333334,0.8328173374613003,3,nvidia/NVIDIA-Nemotron-Labs-3-Puzzle-75B-A9B-NVFP4,p3
fit,18,0.8333333333333334,0.8328173374613003,3,nvidia/NVIDIA-Nemotron-Labs-3-Puzzle-75B-A9B-NVFP4,p3
contract,12,0.8333333333333334,0.8333333333333334,2,nvidia/NVIDIA-Nemotron-Labs-3-Puzzle-75B-A9B-NVFP4,p3
closed,12,0.8333333333333334,0.8333333333333334,2,nvidia/NVIDIA-Nemotron-Labs-3-Puzzle-75B-A9B-NVFP4,p3
acceptance,13,0.8461538461538461,0.8375,2,nvidia/NVIDIA-Nemotron-Labs-3-Puzzle-75B-A9B-NVFP4,p3
hood,13,0.8461538461538461,0.8375,2,nvidia/NVIDIA-Nemotron-Labs-3-Puzzle-75B-A9B-NVFP4,p3
flight,13,0.8461538461538461,0.8375,2,nvidia/NVIDIA-Nemotron-Labs-3-Puzzle-75B-A9B-NVFP4,p3
grant,19,0.8421052631578947,0.8403361344537814,3,nvidia/NVIDIA-Nemotron-Labs-3-Puzzle-75B-A9B-NVFP4,p3
extension,19,0.8421052631578947,0.8421052631578947,3,nvidia/NVIDIA-Nemotron-Labs-3-Puzzle-75B-A9B-NVFP4,p3
settle,32,0.84375,0.8435972629521017,5,nvidia/NVIDIA-Nemotron-Labs-3-Puzzle-75B-A9B-NVFP4,p3
out,7,0.8571428571428571,0.8444444444444444,1,nvidia/NVIDIA-Nemotron-Labs-3-Puzzle-75B-A9B-NVFP4,p3
cycle,7,0.8571428571428571,0.8444444444444444,1,nvidia/NVIDIA-Nemotron-Labs-3-Puzzle-75B-A9B-NVFP4,p3
romance,7,0.8571428571428571,0.8444444444444444,1,nvidia/NVIDIA-Nemotron-Labs-3-Puzzle-75B-A9B-NVFP4,p3
deduction,7,0.8571428571428571,0.8444444444444444,1,nvidia/NVIDIA-Nemotron-Labs-3-Puzzle-75B-A9B-NVFP4,p3
prescription,7,0.8571428571428571,0.8444444444444444,1,nvidia/NVIDIA-Nemotron-Labs-3-Puzzle-75B-A9B-NVFP4,p3
seeded,7,0.8571428571428571,0.8444444444444444,1,nvidia/NVIDIA-Nemotron-Labs-3-Puzzle-75B-A9B-NVFP4,p3
bolt,7,0.8571428571428571,0.8444444444444444,1,nvidia/NVIDIA-Nemotron-Labs-3-Puzzle-75B-A9B-NVFP4,p3
hearty,7,0.8571428571428571,0.8444444444444444,1,nvidia/NVIDIA-Nemotron-Labs-3-Puzzle-75B-A9B-NVFP4,p3
rail,7,0.8571428571428571,0.8444444444444444,1,nvidia/NVIDIA-Nemotron-Labs-3-Puzzle-75B-A9B-NVFP4,p3
yoke,7,0.8571428571428571,0.8444444444444444,1,nvidia/NVIDIA-Nemotron-Labs-3-Puzzle-75B-A9B-NVFP4,p3
consolidate,7,0.8571428571428571,0.8444444444444444,1,nvidia/NVIDIA-Nemotron-Labs-3-Puzzle-75B-A9B-NVFP4,p3
terminal,7,0.8571428571428571,0.8444444444444444,1,nvidia/NVIDIA-Nemotron-Labs-3-Puzzle-75B-A9B-NVFP4,p3
endorsement,7,0.8571428571428571,0.8444444444444444,1,nvidia/NVIDIA-Nemotron-Labs-3-Puzzle-75B-A9B-NVFP4,p3
knock_out,7,0.8571428571428571,0.8444444444444444,1,nvidia/NVIDIA-Nemotron-Labs-3-Puzzle-75B-A9B-NVFP4,p3
living,13,0.8461538461538461,0.8452380952380952,2,nvidia/NVIDIA-Nemotron-Labs-3-Puzzle-75B-A9B-NVFP4,p3
bite,13,0.8461538461538461,0.8452380952380952,2,nvidia/NVIDIA-Nemotron-Labs-3-Puzzle-75B-A9B-NVFP4,p3
common,13,0.8461538461538461,0.8452380952380952,2,nvidia/NVIDIA-Nemotron-Labs-3-Puzzle-75B-A9B-NVFP4,p3
spin,13,0.8461538461538461,0.8452380952380952,2,nvidia/NVIDIA-Nemotron-Labs-3-Puzzle-75B-A9B-NVFP4,p3
hold_up,13,0.8461538461538461,0.8452380952380952,2,nvidia/NVIDIA-Nemotron-Labs-3-Puzzle-75B-A9B-NVFP4,p3
slip,35,0.8571428571428571,0.8528174936921783,5,nvidia/NVIDIA-Nemotron-Labs-3-Puzzle-75B-A9B-NVFP4,p3
cast,14,0.8571428571428571,0.8541666666666667,2,nvidia/NVIDIA-Nemotron-Labs-3-Puzzle-75B-A9B-NVFP4,p3
character,14,0.8571428571428571,0.8541666666666667,2,nvidia/NVIDIA-Nemotron-Labs-3-Puzzle-75B-A9B-NVFP4,p3
title,14,0.8571428571428571,0.8541666666666667,2,nvidia/NVIDIA-Nemotron-Labs-3-Puzzle-75B-A9B-NVFP4,p3
miss,14,0.8571428571428571,0.8541666666666667,2,nvidia/NVIDIA-Nemotron-Labs-3-Puzzle-75B-A9B-NVFP4,p3
security,14,0.8571428571428571,0.8541666666666667,2,nvidia/NVIDIA-Nemotron-Labs-3-Puzzle-75B-A9B-NVFP4,p3
put_down,14,0.8571428571428571,0.8541666666666667,2,nvidia/NVIDIA-Nemotron-Labs-3-Puzzle-75B-A9B-NVFP4,p3
rig,14,0.8571428571428571,0.8541666666666667,2,nvidia/NVIDIA-Nemotron-Labs-3-Puzzle-75B-A9B-NVFP4,p3
recess,8,0.875,0.8545454545454545,1,nvidia/NVIDIA-Nemotron-Labs-3-Puzzle-75B-A9B-NVFP4,p3
product,8,0.875,0.8545454545454545,1,nvidia/NVIDIA-Nemotron-Labs-3-Puzzle-75B-A9B-NVFP4,p3
jumper,8,0.875,0.8545454545454545,1,nvidia/NVIDIA-Nemotron-Labs-3-Puzzle-75B-A9B-NVFP4,p3
tough,8,0.875,0.8545454545454545,1,nvidia/NVIDIA-Nemotron-Labs-3-Puzzle-75B-A9B-NVFP4,p3
fork,8,0.875,0.8545454545454545,1,nvidia/NVIDIA-Nemotron-Labs-3-Puzzle-75B-A9B-NVFP4,p3
passing,7,0.8571428571428571,0.8571428571428571,1,nvidia/NVIDIA-Nemotron-Labs-3-Puzzle-75B-A9B-NVFP4,p3
promotion,7,0.8571428571428571,0.8571428571428571,1,nvidia/NVIDIA-Nemotron-Labs-3-Puzzle-75B-A9B-NVFP4,p3
appeal,14,0.8571428571428571,0.8571428571428571,2,nvidia/NVIDIA-Nemotron-Labs-3-Puzzle-75B-A9B-NVFP4,p3
ordain,7,0.8571428571428571,0.8571428571428571,1,nvidia/NVIDIA-Nemotron-Labs-3-Puzzle-75B-A9B-NVFP4,p3
landscape,7,0.8571428571428571,0.8571428571428571,1,nvidia/NVIDIA-Nemotron-Labs-3-Puzzle-75B-A9B-NVFP4,p3
providence,7,0.8571428571428571,0.8571428571428571,1,nvidia/NVIDIA-Nemotron-Labs-3-Puzzle-75B-A9B-NVFP4,p3
gem,7,0.8571428571428571,0.8571428571428571,1,nvidia/NVIDIA-Nemotron-Labs-3-Puzzle-75B-A9B-NVFP4,p3
medicine,7,0.8571428571428571,0.8571428571428571,1,nvidia/NVIDIA-Nemotron-Labs-3-Puzzle-75B-A9B-NVFP4,p3
chill,7,0.8571428571428571,0.8571428571428571,1,nvidia/NVIDIA-Nemotron-Labs-3-Puzzle-75B-A9B-NVFP4,p3
reservation,7,0.8571428571428571,0.8571428571428571,1,nvidia/NVIDIA-Nemotron-Labs-3-Puzzle-75B-A9B-NVFP4,p3
chad,7,0.8571428571428571,0.8571428571428571,1,nvidia/NVIDIA-Nemotron-Labs-3-Puzzle-75B-A9B-NVFP4,p3
certify,7,0.8571428571428571,0.8571428571428571,1,nvidia/NVIDIA-Nemotron-Labs-3-Puzzle-75B-A9B-NVFP4,p3
give_away,7,0.8571428571428571,0.8571428571428571,1,nvidia/NVIDIA-Nemotron-Labs-3-Puzzle-75B-A9B-NVFP4,p3
under,7,0.8571428571428571,0.8571428571428571,1,nvidia/NVIDIA-Nemotron-Labs-3-Puzzle-75B-A9B-NVFP4,p3
post,21,0.8571428571428571,0.8571428571428571,3,nvidia/NVIDIA-Nemotron-Labs-3-Puzzle-75B-A9B-NVFP4,p3
bloom,7,0.8571428571428571,0.8571428571428571,1,nvidia/NVIDIA-Nemotron-Labs-3-Puzzle-75B-A9B-NVFP4,p3
reach,7,0.8571428571428571,0.8571428571428571,1,nvidia/NVIDIA-Nemotron-Labs-3-Puzzle-75B-A9B-NVFP4,p3
boost,7,0.8571428571428571,0.8571428571428571,1,nvidia/NVIDIA-Nemotron-Labs-3-Puzzle-75B-A9B-NVFP4,p3
spell,7,0.8571428571428571,0.8571428571428571,1,nvidia/NVIDIA-Nemotron-Labs-3-Puzzle-75B-A9B-NVFP4,p3
crisp,7,0.8571428571428571,0.8571428571428571,1,nvidia/NVIDIA-Nemotron-Labs-3-Puzzle-75B-A9B-NVFP4,p3
operation,14,0.8571428571428571,0.8571428571428571,2,nvidia/NVIDIA-Nemotron-Labs-3-Puzzle-75B-A9B-NVFP4,p3
pillar,7,0.8571428571428571,0.8571428571428571,1,nvidia/NVIDIA-Nemotron-Labs-3-Puzzle-75B-A9B-NVFP4,p3
third,7,0.8571428571428571,0.8571428571428571,1,nvidia/NVIDIA-Nemotron-Labs-3-Puzzle-75B-A9B-NVFP4,p3
demonstrate,7,0.8571428571428571,0.8571428571428571,1,nvidia/NVIDIA-Nemotron-Labs-3-Puzzle-75B-A9B-NVFP4,p3
force,15,0.8666666666666667,0.8611111111111112,2,nvidia/NVIDIA-Nemotron-Labs-3-Puzzle-75B-A9B-NVFP4,p3
dull,15,0.8666666666666667,0.8611111111111112,2,nvidia/NVIDIA-Nemotron-Labs-3-Puzzle-75B-A9B-NVFP4,p3
tap,29,0.8620689655172413,0.861904761904762,4,nvidia/NVIDIA-Nemotron-Labs-3-Puzzle-75B-A9B-NVFP4,p3
take,51,0.8627450980392157,0.8625336927223719,7,nvidia/NVIDIA-Nemotron-Labs-3-Puzzle-75B-A9B-NVFP4,p3
roll,23,0.8695652173913043,0.8654970760233918,3,nvidia/NVIDIA-Nemotron-Labs-3-Puzzle-75B-A9B-NVFP4,p3
discharge,15,0.8666666666666667,0.8660714285714286,2,nvidia/NVIDIA-Nemotron-Labs-3-Puzzle-75B-A9B-NVFP4,p3
outside,15,0.8666666666666667,0.8660714285714286,2,nvidia/NVIDIA-Nemotron-Labs-3-Puzzle-75B-A9B-NVFP4,p3
restraint,8,0.875,0.873015873015873,1,nvidia/NVIDIA-Nemotron-Labs-3-Puzzle-75B-A9B-NVFP4,p3
condensation,8,0.875,0.873015873015873,1,nvidia/NVIDIA-Nemotron-Labs-3-Puzzle-75B-A9B-NVFP4,p3
clip,8,0.875,0.873015873015873,1,nvidia/NVIDIA-Nemotron-Labs-3-Puzzle-75B-A9B-NVFP4,p3
worth,8,0.875,0.873015873015873,1,nvidia/NVIDIA-Nemotron-Labs-3-Puzzle-75B-A9B-NVFP4,p3
come_on,8,0.875,0.873015873015873,1,nvidia/NVIDIA-Nemotron-Labs-3-Puzzle-75B-A9B-NVFP4,p3
accord,8,0.875,0.873015873015873,1,nvidia/NVIDIA-Nemotron-Labs-3-Puzzle-75B-A9B-NVFP4,p3
reinforcement,8,0.875,0.873015873015873,1,nvidia/NVIDIA-Nemotron-Labs-3-Puzzle-75B-A9B-NVFP4,p3
interface,8,0.875,0.873015873015873,1,nvidia/NVIDIA-Nemotron-Labs-3-Puzzle-75B-A9B-NVFP4,p3
short,8,0.875,0.873015873015873,1,nvidia/NVIDIA-Nemotron-Labs-3-Puzzle-75B-A9B-NVFP4,p3
plug,8,0.875,0.873015873015873,1,nvidia/NVIDIA-Nemotron-Labs-3-Puzzle-75B-A9B-NVFP4,p3
continental,8,0.875,0.873015873015873,1,nvidia/NVIDIA-Nemotron-Labs-3-Puzzle-75B-A9B-NVFP4,p3
relief,16,0.875,0.873015873015873,2,nvidia/NVIDIA-Nemotron-Labs-3-Puzzle-75B-A9B-NVFP4,p3
spark,8,0.875,0.873015873015873,1,nvidia/NVIDIA-Nemotron-Labs-3-Puzzle-75B-A9B-NVFP4,p3
rare,8,0.875,0.873015873015873,1,nvidia/NVIDIA-Nemotron-Labs-3-Puzzle-75B-A9B-NVFP4,p3
run_out,8,0.875,0.873015873015873,1,nvidia/NVIDIA-Nemotron-Labs-3-Puzzle-75B-A9B-NVFP4,p3
subject,8,0.875,0.873015873015873,1,nvidia/NVIDIA-Nemotron-Labs-3-Puzzle-75B-A9B-NVFP4,p3
enamel,8,0.875,0.873015873015873,1,nvidia/NVIDIA-Nemotron-Labs-3-Puzzle-75B-A9B-NVFP4,p3
spring,8,0.875,0.873015873015873,1,nvidia/NVIDIA-Nemotron-Labs-3-Puzzle-75B-A9B-NVFP4,p3
ill,8,0.875,0.873015873015873,1,nvidia/NVIDIA-Nemotron-Labs-3-Puzzle-75B-A9B-NVFP4,p3
take_in,24,0.875,0.8747826086956522,3,nvidia/NVIDIA-Nemotron-Labs-3-Puzzle-75B-A9B-NVFP4,p3
radical,17,0.8823529411764706,0.8819444444444444,2,nvidia/NVIDIA-Nemotron-Labs-3-Puzzle-75B-A9B-NVFP4,p3
along,9,0.8888888888888888,0.8831168831168831,1,nvidia/NVIDIA-Nemotron-Labs-3-Puzzle-75B-A9B-NVFP4,p3
trust,9,0.8888888888888888,0.8831168831168831,1,nvidia/NVIDIA-Nemotron-Labs-3-Puzzle-75B-A9B-NVFP4,p3
content,9,0.8888888888888888,0.8831168831168831,1,nvidia/NVIDIA-Nemotron-Labs-3-Puzzle-75B-A9B-NVFP4,p3
guarantee,9,0.8888888888888888,0.8831168831168831,1,nvidia/NVIDIA-Nemotron-Labs-3-Puzzle-75B-A9B-NVFP4,p3
habit,9,0.8888888888888888,0.8831168831168831,1,nvidia/NVIDIA-Nemotron-Labs-3-Puzzle-75B-A9B-NVFP4,p3
reverse,9,0.8888888888888888,0.8831168831168831,1,nvidia/NVIDIA-Nemotron-Labs-3-Puzzle-75B-A9B-NVFP4,p3
channel,9,0.8888888888888888,0.8831168831168831,1,nvidia/NVIDIA-Nemotron-Labs-3-Puzzle-75B-A9B-NVFP4,p3
lead,35,0.8857142857142857,0.8856209150326797,4,nvidia/NVIDIA-Nemotron-Labs-3-Puzzle-75B-A9B-NVFP4,p3
strain,27,0.8888888888888888,0.8863955119214586,3,nvidia/NVIDIA-Nemotron-Labs-3-Puzzle-75B-A9B-NVFP4,p3
field,18,0.8888888888888888,0.8875,2,nvidia/NVIDIA-Nemotron-Labs-3-Puzzle-75B-A9B-NVFP4,p3
catch,18,0.8888888888888888,0.8875,2,nvidia/NVIDIA-Nemotron-Labs-3-Puzzle-75B-A9B-NVFP4,p3
net,9,0.8888888888888888,0.8888888888888888,1,nvidia/NVIDIA-Nemotron-Labs-3-Puzzle-75B-A9B-NVFP4,p3
thong,9,0.8888888888888888,0.8888888888888888,1,nvidia/NVIDIA-Nemotron-Labs-3-Puzzle-75B-A9B-NVFP4,p3
formula,9,0.8888888888888888,0.8888888888888888,1,nvidia/NVIDIA-Nemotron-Labs-3-Puzzle-75B-A9B-NVFP4,p3
detached,9,0.8888888888888888,0.8888888888888888,1,nvidia/NVIDIA-Nemotron-Labs-3-Puzzle-75B-A9B-NVFP4,p3
arrangement,9,0.8888888888888888,0.8888888888888888,1,nvidia/NVIDIA-Nemotron-Labs-3-Puzzle-75B-A9B-NVFP4,p3
hack,9,0.8888888888888888,0.8888888888888888,1,nvidia/NVIDIA-Nemotron-Labs-3-Puzzle-75B-A9B-NVFP4,p3
liberty,9,0.8888888888888888,0.8888888888888888,1,nvidia/NVIDIA-Nemotron-Labs-3-Puzzle-75B-A9B-NVFP4,p3
lock,10,0.9,0.8901098901098901,1,nvidia/NVIDIA-Nemotron-Labs-3-Puzzle-75B-A9B-NVFP4,p3
business,10,0.9,0.8901098901098901,1,nvidia/NVIDIA-Nemotron-Labs-3-Puzzle-75B-A9B-NVFP4,p3
fall,19,0.8947368421052632,0.8920454545454546,2,nvidia/NVIDIA-Nemotron-Labs-3-Puzzle-75B-A9B-NVFP4,p3
mate,19,0.8947368421052632,0.8944444444444444,2,nvidia/NVIDIA-Nemotron-Labs-3-Puzzle-75B-A9B-NVFP4,p3
figure,19,0.8947368421052632,0.8944444444444444,2,nvidia/NVIDIA-Nemotron-Labs-3-Puzzle-75B-A9B-NVFP4,p3
casual,11,0.9090909090909091,0.8952380952380952,1,nvidia/NVIDIA-Nemotron-Labs-3-Puzzle-75B-A9B-NVFP4,p3
drive,20,0.9,0.8958333333333333,2,nvidia/NVIDIA-Nemotron-Labs-3-Puzzle-75B-A9B-NVFP4,p3
material,10,0.9,0.898989898989899,1,nvidia/NVIDIA-Nemotron-Labs-3-Puzzle-75B-A9B-NVFP4,p3
credit,20,0.9,0.898989898989899,2,nvidia/NVIDIA-Nemotron-Labs-3-Puzzle-75B-A9B-NVFP4,p3
double,10,0.9,0.898989898989899,1,nvidia/NVIDIA-Nemotron-Labs-3-Puzzle-75B-A9B-NVFP4,p3
hitch,10,0.9,0.898989898989899,1,nvidia/NVIDIA-Nemotron-Labs-3-Puzzle-75B-A9B-NVFP4,p3
node,10,0.9,0.898989898989899,1,nvidia/NVIDIA-Nemotron-Labs-3-Puzzle-75B-A9B-NVFP4,p3
compose,10,0.9,0.898989898989899,1,nvidia/NVIDIA-Nemotron-Labs-3-Puzzle-75B-A9B-NVFP4,p3
abstraction,10,0.9,0.898989898989899,1,nvidia/NVIDIA-Nemotron-Labs-3-Puzzle-75B-A9B-NVFP4,p3
Wilson,10,0.9,0.898989898989899,1,nvidia/NVIDIA-Nemotron-Labs-3-Puzzle-75B-A9B-NVFP4,p3
flush,10,0.9,0.898989898989899,1,nvidia/NVIDIA-Nemotron-Labs-3-Puzzle-75B-A9B-NVFP4,p3
straight,20,0.9,0.9,2,nvidia/NVIDIA-Nemotron-Labs-3-Puzzle-75B-A9B-NVFP4,p3
suspension,11,0.9090909090909091,0.905982905982906,1,nvidia/NVIDIA-Nemotron-Labs-3-Puzzle-75B-A9B-NVFP4,p3
pull,11,0.9090909090909091,0.905982905982906,1,nvidia/NVIDIA-Nemotron-Labs-3-Puzzle-75B-A9B-NVFP4,p3
pick_up,22,0.9090909090909091,0.9083333333333333,2,nvidia/NVIDIA-Nemotron-Labs-3-Puzzle-75B-A9B-NVFP4,p3
life,22,0.9090909090909091,0.9083333333333333,2,nvidia/NVIDIA-Nemotron-Labs-3-Puzzle-75B-A9B-NVFP4,p3
pay_off,11,0.9090909090909091,0.9090909090909091,1,nvidia/NVIDIA-Nemotron-Labs-3-Puzzle-75B-A9B-NVFP4,p3
go_down,11,0.9090909090909091,0.9090909090909091,1,nvidia/NVIDIA-Nemotron-Labs-3-Puzzle-75B-A9B-NVFP4,p3
utility,11,0.9090909090909091,0.9090909090909091,1,nvidia/NVIDIA-Nemotron-Labs-3-Puzzle-75B-A9B-NVFP4,p3
call_in,11,0.9090909090909091,0.9090909090909091,1,nvidia/NVIDIA-Nemotron-Labs-3-Puzzle-75B-A9B-NVFP4,p3
impulse,11,0.9090909090909091,0.9090909090909091,1,nvidia/NVIDIA-Nemotron-Labs-3-Puzzle-75B-A9B-NVFP4,p3
corruption,11,0.9090909090909091,0.9090909090909091,1,nvidia/NVIDIA-Nemotron-Labs-3-Puzzle-75B-A9B-NVFP4,p3
gallery,11,0.9090909090909091,0.9090909090909091,1,nvidia/NVIDIA-Nemotron-Labs-3-Puzzle-75B-A9B-NVFP4,p3
projection,12,0.9166666666666666,0.9111111111111111,1,nvidia/NVIDIA-Nemotron-Labs-3-Puzzle-75B-A9B-NVFP4,p3
cut,24,0.9166666666666666,0.9111111111111111,2,nvidia/NVIDIA-Nemotron-Labs-3-Puzzle-75B-A9B-NVFP4,p3
impress,12,0.9166666666666666,0.916083916083916,1,nvidia/NVIDIA-Nemotron-Labs-3-Puzzle-75B-A9B-NVFP4,p3
tie,12,0.9166666666666666,0.916083916083916,1,nvidia/NVIDIA-Nemotron-Labs-3-Puzzle-75B-A9B-NVFP4,p3
spur,12,0.9166666666666666,0.916083916083916,1,nvidia/NVIDIA-Nemotron-Labs-3-Puzzle-75B-A9B-NVFP4,p3
humor,12,0.9166666666666666,0.916083916083916,1,nvidia/NVIDIA-Nemotron-Labs-3-Puzzle-75B-A9B-NVFP4,p3
attachment,12,0.9166666666666666,0.916083916083916,1,nvidia/NVIDIA-Nemotron-Labs-3-Puzzle-75B-A9B-NVFP4,p3
jack,13,0.9230769230769231,0.9212121212121211,1,nvidia/NVIDIA-Nemotron-Labs-3-Puzzle-75B-A9B-NVFP4,p3
pledge,13,0.9230769230769231,0.9212121212121211,1,nvidia/NVIDIA-Nemotron-Labs-3-Puzzle-75B-A9B-NVFP4,p3
take_off,13,0.9230769230769231,0.9230769230769231,1,nvidia/NVIDIA-Nemotron-Labs-3-Puzzle-75B-A9B-NVFP4,p3
wash,13,0.9230769230769231,0.9230769230769231,1,nvidia/NVIDIA-Nemotron-Labs-3-Puzzle-75B-A9B-NVFP4,p3
expression,13,0.9230769230769231,0.9230769230769231,1,nvidia/NVIDIA-Nemotron-Labs-3-Puzzle-75B-A9B-NVFP4,p3
draw,53,0.9245283018867925,0.9242857142857144,4,nvidia/NVIDIA-Nemotron-Labs-3-Puzzle-75B-A9B-NVFP4,p3
line,27,0.9259259259259259,0.9258241758241759,2,nvidia/NVIDIA-Nemotron-Labs-3-Puzzle-75B-A9B-NVFP4,p3
works,14,0.9285714285714286,0.9282051282051282,1,nvidia/NVIDIA-Nemotron-Labs-3-Puzzle-75B-A9B-NVFP4,p3
slide,14,0.9285714285714286,0.9282051282051282,1,nvidia/NVIDIA-Nemotron-Labs-3-Puzzle-75B-A9B-NVFP4,p3
address,29,0.9310344827586207,0.930952380952381,2,nvidia/NVIDIA-Nemotron-Labs-3-Puzzle-75B-A9B-NVFP4,p3
pitch,15,0.9333333333333333,0.9321266968325792,1,nvidia/NVIDIA-Nemotron-Labs-3-Puzzle-75B-A9B-NVFP4,p3
fix,15,0.9333333333333333,0.9321266968325792,1,nvidia/NVIDIA-Nemotron-Labs-3-Puzzle-75B-A9B-NVFP4,p3
cover,15,0.9333333333333333,0.9321266968325792,1,nvidia/NVIDIA-Nemotron-Labs-3-Puzzle-75B-A9B-NVFP4,p3
inversion,15,0.9333333333333333,0.9333333333333333,1,nvidia/NVIDIA-Nemotron-Labs-3-Puzzle-75B-A9B-NVFP4,p3
meet,15,0.9333333333333333,0.9333333333333333,1,nvidia/NVIDIA-Nemotron-Labs-3-Puzzle-75B-A9B-NVFP4,p3
get_off,15,0.9333333333333333,0.9333333333333333,1,nvidia/NVIDIA-Nemotron-Labs-3-Puzzle-75B-A9B-NVFP4,p3
brace,17,0.9411764705882353,0.9377289377289377,1,nvidia/NVIDIA-Nemotron-Labs-3-Puzzle-75B-A9B-NVFP4,p3
call,17,0.9411764705882353,0.9403508771929825,1,nvidia/NVIDIA-Nemotron-Labs-3-Puzzle-75B-A9B-NVFP4,p3
tread,17,0.9411764705882353,0.9411764705882353,1,nvidia/NVIDIA-Nemotron-Labs-3-Puzzle-75B-A9B-NVFP4,p3
base,37,0.9459459459459459,0.9449404761904762,2,nvidia/NVIDIA-Nemotron-Labs-3-Puzzle-75B-A9B-NVFP4,p3
charge,55,0.9454545454545454,0.9451645064805583,3,nvidia/NVIDIA-Nemotron-Labs-3-Puzzle-75B-A9B-NVFP4,p3
view,19,0.9473684210526315,0.9467787114845938,1,nvidia/NVIDIA-Nemotron-Labs-3-Puzzle-75B-A9B-NVFP4,p3
bound,19,0.9473684210526315,0.9473684210526315,1,nvidia/NVIDIA-Nemotron-Labs-3-Puzzle-75B-A9B-NVFP4,p3
date,21,0.9523809523809523,0.9519450800915332,1,nvidia/NVIDIA-Nemotron-Labs-3-Puzzle-75B-A9B-NVFP4,p3
pass,55,0.9636363636363636,0.963527851458886,2,nvidia/NVIDIA-Nemotron-Labs-3-Puzzle-75B-A9B-NVFP4,p3
pony,7,1.0,1.0,0,nvidia/NVIDIA-Nemotron-Labs-3-Puzzle-75B-A9B-NVFP4,p3
observe,7,1.0,1.0,0,nvidia/NVIDIA-Nemotron-Labs-3-Puzzle-75B-A9B-NVFP4,p3
canon,6,1.0,1.0,0,nvidia/NVIDIA-Nemotron-Labs-3-Puzzle-75B-A9B-NVFP4,p3
noble,6,1.0,1.0,0,nvidia/NVIDIA-Nemotron-Labs-3-Puzzle-75B-A9B-NVFP4,p3
offset,6,1.0,1.0,0,nvidia/NVIDIA-Nemotron-Labs-3-Puzzle-75B-A9B-NVFP4,p3
porter,8,1.0,1.0,0,nvidia/NVIDIA-Nemotron-Labs-3-Puzzle-75B-A9B-NVFP4,p3
odd,8,1.0,1.0,0,nvidia/NVIDIA-Nemotron-Labs-3-Puzzle-75B-A9B-NVFP4,p3
venture,5,1.0,1.0,0,nvidia/NVIDIA-Nemotron-Labs-3-Puzzle-75B-A9B-NVFP4,p3
assault,7,1.0,1.0,0,nvidia/NVIDIA-Nemotron-Labs-3-Puzzle-75B-A9B-NVFP4,p3
pickup,12,1.0,1.0,0,nvidia/NVIDIA-Nemotron-Labs-3-Puzzle-75B-A9B-NVFP4,p3
barb,6,1.0,1.0,0,nvidia/NVIDIA-Nemotron-Labs-3-Puzzle-75B-A9B-NVFP4,p3
course,7,1.0,1.0,0,nvidia/NVIDIA-Nemotron-Labs-3-Puzzle-75B-A9B-NVFP4,p3
nobility,6,1.0,1.0,0,nvidia/NVIDIA-Nemotron-Labs-3-Puzzle-75B-A9B-NVFP4,p3
mood,6,1.0,1.0,0,nvidia/NVIDIA-Nemotron-Labs-3-Puzzle-75B-A9B-NVFP4,p3
once,6,1.0,1.0,0,nvidia/NVIDIA-Nemotron-Labs-3-Puzzle-75B-A9B-NVFP4,p3
sector,7,1.0,1.0,0,nvidia/NVIDIA-Nemotron-Labs-3-Puzzle-75B-A9B-NVFP4,p3
morphology,6,1.0,1.0,0,nvidia/NVIDIA-Nemotron-Labs-3-Puzzle-75B-A9B-NVFP4,p3
pike,8,1.0,1.0,0,nvidia/NVIDIA-Nemotron-Labs-3-Puzzle-75B-A9B-NVFP4,p3
chip,12,1.0,1.0,0,nvidia/NVIDIA-Nemotron-Labs-3-Puzzle-75B-A9B-NVFP4,p3
revolutionary,7,1.0,1.0,0,nvidia/NVIDIA-Nemotron-Labs-3-Puzzle-75B-A9B-NVFP4,p3
runner,15,1.0,1.0,0,nvidia/NVIDIA-Nemotron-Labs-3-Puzzle-75B-A9B-NVFP4,p3
go_off,9,1.0,1.0,0,nvidia/NVIDIA-Nemotron-Labs-3-Puzzle-75B-A9B-NVFP4,p3
drown,9,1.0,1.0,0,nvidia/NVIDIA-Nemotron-Labs-3-Puzzle-75B-A9B-NVFP4,p3
hail,5,1.0,1.0,0,nvidia/NVIDIA-Nemotron-Labs-3-Puzzle-75B-A9B-NVFP4,p3
solitaire,8,1.0,1.0,0,nvidia/NVIDIA-Nemotron-Labs-3-Puzzle-75B-A9B-NVFP4,p3
polish,5,1.0,1.0,0,nvidia/NVIDIA-Nemotron-Labs-3-Puzzle-75B-A9B-NVFP4,p3
recession,5,1.0,1.0,0,nvidia/NVIDIA-Nemotron-Labs-3-Puzzle-75B-A9B-NVFP4,p3
tease,11,1.0,1.0,0,nvidia/NVIDIA-Nemotron-Labs-3-Puzzle-75B-A9B-NVFP4,p3
bank,14,1.0,1.0,0,nvidia/NVIDIA-Nemotron-Labs-3-Puzzle-75B-A9B-NVFP4,p3
affirmation,6,1.0,1.0,0,nvidia/NVIDIA-Nemotron-Labs-3-Puzzle-75B-A9B-NVFP4,p3
curb,5,1.0,1.0,0,nvidia/NVIDIA-Nemotron-Labs-3-Puzzle-75B-A9B-NVFP4,p3
crook,6,1.0,1.0,0,nvidia/NVIDIA-Nemotron-Labs-3-Puzzle-75B-A9B-NVFP4,p3
pulse,7,1.0,1.0,0,nvidia/NVIDIA-Nemotron-Labs-3-Puzzle-75B-A9B-NVFP4,p3
purse,5,1.0,1.0,0,nvidia/NVIDIA-Nemotron-Labs-3-Puzzle-75B-A9B-NVFP4,p3
affair,5,1.0,1.0,0,nvidia/NVIDIA-Nemotron-Labs-3-Puzzle-75B-A9B-NVFP4,p3
affairs,8,1.0,1.0,0,nvidia/NVIDIA-Nemotron-Labs-3-Puzzle-75B-A9B-NVFP4,p3
endorse,6,1.0,1.0,0,nvidia/NVIDIA-Nemotron-Labs-3-Puzzle-75B-A9B-NVFP4,p3
walk,8,1.0,1.0,0,nvidia/NVIDIA-Nemotron-Labs-3-Puzzle-75B-A9B-NVFP4,p3
depression,17,1.0,1.0,0,nvidia/NVIDIA-Nemotron-Labs-3-Puzzle-75B-A9B-NVFP4,p3
sturdy,5,1.0,1.0,0,nvidia/NVIDIA-Nemotron-Labs-3-Puzzle-75B-A9B-NVFP4,p3
crowd,6,1.0,1.0,0,nvidia/NVIDIA-Nemotron-Labs-3-Puzzle-75B-A9B-NVFP4,p3
extremity,10,1.0,1.0,0,nvidia/NVIDIA-Nemotron-Labs-3-Puzzle-75B-A9B-NVFP4,p3
expire,6,1.0,1.0,0,nvidia/NVIDIA-Nemotron-Labs-3-Puzzle-75B-A9B-NVFP4,p3
back,10,1.0,1.0,0,nvidia/NVIDIA-Nemotron-Labs-3-Puzzle-75B-A9B-NVFP4,p3
engagement,11,1.0,1.0,0,nvidia/NVIDIA-Nemotron-Labs-3-Puzzle-75B-A9B-NVFP4,p3
depressed,5,1.0,1.0,0,nvidia/NVIDIA-Nemotron-Labs-3-Puzzle-75B-A9B-NVFP4,p3
amplification,6,1.0,1.0,0,nvidia/NVIDIA-Nemotron-Labs-3-Puzzle-75B-A9B-NVFP4,p3
detail,7,1.0,1.0,0,nvidia/NVIDIA-Nemotron-Labs-3-Puzzle-75B-A9B-NVFP4,p3
industry,5,1.0,1.0,0,nvidia/NVIDIA-Nemotron-Labs-3-Puzzle-75B-A9B-NVFP4,p3
up,6,1.0,1.0,0,nvidia/NVIDIA-Nemotron-Labs-3-Puzzle-75B-A9B-NVFP4,p3
draft,12,1.0,1.0,0,nvidia/NVIDIA-Nemotron-Labs-3-Puzzle-75B-A9B-NVFP4,p3
outlet,6,1.0,1.0,0,nvidia/NVIDIA-Nemotron-Labs-3-Puzzle-75B-A9B-NVFP4,p3
parity,6,1.0,1.0,0,nvidia/NVIDIA-Nemotron-Labs-3-Puzzle-75B-A9B-NVFP4,p3
paddle,7,1.0,1.0,0,nvidia/NVIDIA-Nemotron-Labs-3-Puzzle-75B-A9B-NVFP4,p3
installation,6,1.0,1.0,0,nvidia/NVIDIA-Nemotron-Labs-3-Puzzle-75B-A9B-NVFP4,p3
dissociation,5,1.0,1.0,0,nvidia/NVIDIA-Nemotron-Labs-3-Puzzle-75B-A9B-NVFP4,p3
interpreter,5,1.0,1.0,0,nvidia/NVIDIA-Nemotron-Labs-3-Puzzle-75B-A9B-NVFP4,p3
slice,8,1.0,1.0,0,nvidia/NVIDIA-Nemotron-Labs-3-Puzzle-75B-A9B-NVFP4,p3
fertility,5,1.0,1.0,0,nvidia/NVIDIA-Nemotron-Labs-3-Puzzle-75B-A9B-NVFP4,p3
sleeper,14,1.0,1.0,0,nvidia/NVIDIA-Nemotron-Labs-3-Puzzle-75B-A9B-NVFP4,p3
slate,5,1.0,1.0,0,nvidia/NVIDIA-Nemotron-Labs-3-Puzzle-75B-A9B-NVFP4,p3
skirt,6,1.0,1.0,0,nvidia/NVIDIA-Nemotron-Labs-3-Puzzle-75B-A9B-NVFP4,p3
elder,6,1.0,1.0,0,nvidia/NVIDIA-Nemotron-Labs-3-Puzzle-75B-A9B-NVFP4,p3
sponge,5,1.0,1.0,0,nvidia/NVIDIA-Nemotron-Labs-3-Puzzle-75B-A9B-NVFP4,p3
shuffle,6,1.0,1.0,0,nvidia/NVIDIA-Nemotron-Labs-3-Puzzle-75B-A9B-NVFP4,p3
fault,9,1.0,1.0,0,nvidia/NVIDIA-Nemotron-Labs-3-Puzzle-75B-A9B-NVFP4,p3
choice,7,1.0,1.0,0,nvidia/NVIDIA-Nemotron-Labs-3-Puzzle-75B-A9B-NVFP4,p3
elimination,5,1.0,1.0,0,nvidia/NVIDIA-Nemotron-Labs-3-Puzzle-75B-A9B-NVFP4,p3
spectacle,5,1.0,1.0,0,nvidia/NVIDIA-Nemotron-Labs-3-Puzzle-75B-A9B-NVFP4,p3
ministry,6,1.0,1.0,0,nvidia/NVIDIA-Nemotron-Labs-3-Puzzle-75B-A9B-NVFP4,p3
minor,11,1.0,1.0,0,nvidia/NVIDIA-Nemotron-Labs-3-Puzzle-75B-A9B-NVFP4,p3
hunt,15,1.0,1.0,0,nvidia/NVIDIA-Nemotron-Labs-3-Puzzle-75B-A9B-NVFP4,p3
sheer,5,1.0,1.0,0,nvidia/NVIDIA-Nemotron-Labs-3-Puzzle-75B-A9B-NVFP4,p3
drawing,11,1.0,1.0,0,nvidia/NVIDIA-Nemotron-Labs-3-Puzzle-75B-A9B-NVFP4,p3
get_away,5,1.0,1.0,0,nvidia/NVIDIA-Nemotron-Labs-3-Puzzle-75B-A9B-NVFP4,p3
look,5,1.0,1.0,0,nvidia/NVIDIA-Nemotron-Labs-3-Puzzle-75B-A9B-NVFP4,p3
sling,7,1.0,1.0,0,nvidia/NVIDIA-Nemotron-Labs-3-Puzzle-75B-A9B-NVFP4,p3
lot,8,1.0,1.0,0,nvidia/NVIDIA-Nemotron-Labs-3-Puzzle-75B-A9B-NVFP4,p3
m,9,1.0,1.0,0,nvidia/NVIDIA-Nemotron-Labs-3-Puzzle-75B-A9B-NVFP4,p3
stand,9,1.0,1.0,0,nvidia/NVIDIA-Nemotron-Labs-3-Puzzle-75B-A9B-NVFP4,p3
breakdown,5,1.0,1.0,0,nvidia/NVIDIA-Nemotron-Labs-3-Puzzle-75B-A9B-NVFP4,p3
bid,8,1.0,1.0,0,nvidia/NVIDIA-Nemotron-Labs-3-Puzzle-75B-A9B-NVFP4,p3
beset,5,1.0,1.0,0,nvidia/NVIDIA-Nemotron-Labs-3-Puzzle-75B-A9B-NVFP4,p3
belt,8,1.0,1.0,0,nvidia/NVIDIA-Nemotron-Labs-3-Puzzle-75B-A9B-NVFP4,p3
trough,7,1.0,1.0,0,nvidia/NVIDIA-Nemotron-Labs-3-Puzzle-75B-A9B-NVFP4,p3
tone,10,1.0,1.0,0,nvidia/NVIDIA-Nemotron-Labs-3-Puzzle-75B-A9B-NVFP4,p3
suite,5,1.0,1.0,0,nvidia/NVIDIA-Nemotron-Labs-3-Puzzle-75B-A9B-NVFP4,p3
bearing,10,1.0,1.0,0,nvidia/NVIDIA-Nemotron-Labs-3-Puzzle-75B-A9B-NVFP4,p3
blister,6,1.0,1.0,0,nvidia/NVIDIA-Nemotron-Labs-3-Puzzle-75B-A9B-NVFP4,p3
blessed,6,1.0,1.0,0,nvidia/NVIDIA-Nemotron-Labs-3-Puzzle-75B-A9B-NVFP4,p3
streak,6,1.0,1.0,0,nvidia/NVIDIA-Nemotron-Labs-3-Puzzle-75B-A9B-NVFP4,p3
fold,10,1.0,1.0,0,nvidia/NVIDIA-Nemotron-Labs-3-Puzzle-75B-A9B-NVFP4,p3
stud,5,1.0,1.0,0,nvidia/NVIDIA-Nemotron-Labs-3-Puzzle-75B-A9B-NVFP4,p3
assimilation,7,1.0,1.0,0,nvidia/NVIDIA-Nemotron-Labs-3-Puzzle-75B-A9B-NVFP4,p3
assessment,5,1.0,1.0,0,nvidia/NVIDIA-Nemotron-Labs-3-Puzzle-75B-A9B-NVFP4,p3
filling,5,1.0,1.0,0,nvidia/NVIDIA-Nemotron-Labs-3-Puzzle-75B-A9B-NVFP4,p3
strike_out,9,1.0,1.0,0,nvidia/NVIDIA-Nemotron-Labs-3-Puzzle-75B-A9B-NVFP4,p3
striker,5,1.0,1.0,0,nvidia/NVIDIA-Nemotron-Labs-3-Puzzle-75B-A9B-NVFP4,p3
receiver,7,1.0,1.0,0,nvidia/NVIDIA-Nemotron-Labs-3-Puzzle-75B-A9B-NVFP4,p3
stagger,6,1.0,1.0,0,nvidia/NVIDIA-Nemotron-Labs-3-Puzzle-75B-A9B-NVFP4,p3
starter,10,1.0,1.0,0,nvidia/NVIDIA-Nemotron-Labs-3-Puzzle-75B-A9B-NVFP4,p3
flat,9,1.0,1.0,0,nvidia/NVIDIA-Nemotron-Labs-3-Puzzle-75B-A9B-NVFP4,p3
reception,8,1.0,1.0,0,nvidia/NVIDIA-Nemotron-Labs-3-Puzzle-75B-A9B-NVFP4,p3
refined,6,1.0,1.0,0,nvidia/NVIDIA-Nemotron-Labs-3-Puzzle-75B-A9B-NVFP4,p3
plot,6,1.0,1.0,0,nvidia/NVIDIA-Nemotron-Labs-3-Puzzle-75B-A9B-NVFP4,p3
club,5,1.0,1.0,0,nvidia/NVIDIA-Nemotron-Labs-3-Puzzle-75B-A9B-NVFP4,p3
put_up,10,1.0,1.0,0,nvidia/NVIDIA-Nemotron-Labs-3-Puzzle-75B-A9B-NVFP4,p3
concession,6,1.0,1.0,0,nvidia/NVIDIA-Nemotron-Labs-3-Puzzle-75B-A9B-NVFP4,p3
outstanding,6,1.0,1.0,0,nvidia/NVIDIA-Nemotron-Labs-3-Puzzle-75B-A9B-NVFP4,p3
measure,17,1.0,1.0,0,nvidia/NVIDIA-Nemotron-Labs-3-Puzzle-75B-A9B-NVFP4,p3
hero,9,1.0,1.0,0,nvidia/NVIDIA-Nemotron-Labs-3-Puzzle-75B-A9B-NVFP4,p3
make_out,8,1.0,1.0,0,nvidia/NVIDIA-Nemotron-Labs-3-Puzzle-75B-A9B-NVFP4,p3
hoop,5,1.0,1.0,0,nvidia/NVIDIA-Nemotron-Labs-3-Puzzle-75B-A9B-NVFP4,p3
run_down,11,1.0,1.0,0,nvidia/NVIDIA-Nemotron-Labs-3-Puzzle-75B-A9B-NVFP4,p3
alarm,8,1.0,1.0,0,nvidia/NVIDIA-Nemotron-Labs-3-Puzzle-75B-A9B-NVFP4,p3
paternal,5,1.0,1.0,0,nvidia/NVIDIA-Nemotron-Labs-3-Puzzle-75B-A9B-NVFP4,p3
coat,5,1.0,1.0,0,nvidia/NVIDIA-Nemotron-Labs-3-Puzzle-75B-A9B-NVFP4,p3
exposition,8,1.0,1.0,0,nvidia/NVIDIA-Nemotron-Labs-3-Puzzle-75B-A9B-NVFP4,p3
realism,8,1.0,1.0,0,nvidia/NVIDIA-Nemotron-Labs-3-Puzzle-75B-A9B-NVFP4,p3
Jackson,9,1.0,1.0,0,nvidia/NVIDIA-Nemotron-Labs-3-Puzzle-75B-A9B-NVFP4,p3
keep_up,9,1.0,1.0,0,nvidia/NVIDIA-Nemotron-Labs-3-Puzzle-75B-A9B-NVFP4,p3
adoption,5,1.0,1.0,0,nvidia/NVIDIA-Nemotron-Labs-3-Puzzle-75B-A9B-NVFP4,p3
journal,6,1.0,1.0,0,nvidia/NVIDIA-Nemotron-Labs-3-Puzzle-75B-A9B-NVFP4,p3
