lemma,n,accuracy,f1_macro,n_errors,model,mode
embodiment,5,0.2,0.16666666666666666,4,nvidia/Llama-3.3-70B-Instruct-NVFP4,p3
pile_up,6,0.3333333333333333,0.25,4,nvidia/Llama-3.3-70B-Instruct-NVFP4,p3
stain,6,0.3333333333333333,0.25,4,nvidia/Llama-3.3-70B-Instruct-NVFP4,p3
federation,6,0.3333333333333333,0.25,4,nvidia/Llama-3.3-70B-Instruct-NVFP4,p3
sadly,6,0.3333333333333333,0.25,4,nvidia/Llama-3.3-70B-Instruct-NVFP4,p3
clearly,6,0.3333333333333333,0.25,4,nvidia/Llama-3.3-70B-Instruct-NVFP4,p3
alliance,6,0.3333333333333333,0.25,4,nvidia/Llama-3.3-70B-Instruct-NVFP4,p3
imitative,6,0.3333333333333333,0.25,4,nvidia/Llama-3.3-70B-Instruct-NVFP4,p3
unused,6,0.3333333333333333,0.25,4,nvidia/Llama-3.3-70B-Instruct-NVFP4,p3
disintegration,8,0.375,0.2727272727272727,5,nvidia/Llama-3.3-70B-Instruct-NVFP4,p3
special,8,0.375,0.2727272727272727,5,nvidia/Llama-3.3-70B-Instruct-NVFP4,p3
absolute,8,0.375,0.2727272727272727,5,nvidia/Llama-3.3-70B-Instruct-NVFP4,p3
distort,8,0.375,0.2727272727272727,5,nvidia/Llama-3.3-70B-Instruct-NVFP4,p3
manual,5,0.4,0.2857142857142857,3,nvidia/Llama-3.3-70B-Instruct-NVFP4,p3
fade,5,0.4,0.2857142857142857,3,nvidia/Llama-3.3-70B-Instruct-NVFP4,p3
explanation,5,0.4,0.2857142857142857,3,nvidia/Llama-3.3-70B-Instruct-NVFP4,p3
luck,5,0.4,0.2857142857142857,3,nvidia/Llama-3.3-70B-Instruct-NVFP4,p3
pause,5,0.4,0.2857142857142857,3,nvidia/Llama-3.3-70B-Instruct-NVFP4,p3
patrol,5,0.4,0.2857142857142857,3,nvidia/Llama-3.3-70B-Instruct-NVFP4,p3
duck,5,0.4,0.2857142857142857,3,nvidia/Llama-3.3-70B-Instruct-NVFP4,p3
oppose,10,0.4,0.2857142857142857,6,nvidia/Llama-3.3-70B-Instruct-NVFP4,p3
sensory,5,0.4,0.2857142857142857,3,nvidia/Llama-3.3-70B-Instruct-NVFP4,p3
taxonomy,5,0.4,0.2857142857142857,3,nvidia/Llama-3.3-70B-Instruct-NVFP4,p3
delicate,5,0.4,0.2857142857142857,3,nvidia/Llama-3.3-70B-Instruct-NVFP4,p3
pore,5,0.4,0.2857142857142857,3,nvidia/Llama-3.3-70B-Instruct-NVFP4,p3
lady,5,0.4,0.2857142857142857,3,nvidia/Llama-3.3-70B-Instruct-NVFP4,p3
dismissal,5,0.4,0.2857142857142857,3,nvidia/Llama-3.3-70B-Instruct-NVFP4,p3
electric_shock,5,0.4,0.2857142857142857,3,nvidia/Llama-3.3-70B-Instruct-NVFP4,p3
dubious,5,0.4,0.2857142857142857,3,nvidia/Llama-3.3-70B-Instruct-NVFP4,p3
aesthetic,5,0.4,0.2857142857142857,3,nvidia/Llama-3.3-70B-Instruct-NVFP4,p3
harm,5,0.4,0.2857142857142857,3,nvidia/Llama-3.3-70B-Instruct-NVFP4,p3
acquaintance,5,0.4,0.2857142857142857,3,nvidia/Llama-3.3-70B-Instruct-NVFP4,p3
rugged,5,0.4,0.2857142857142857,3,nvidia/Llama-3.3-70B-Instruct-NVFP4,p3
rotor,5,0.4,0.2857142857142857,3,nvidia/Llama-3.3-70B-Instruct-NVFP4,p3
innovation,5,0.4,0.2857142857142857,3,nvidia/Llama-3.3-70B-Instruct-NVFP4,p3
justification,5,0.4,0.2857142857142857,3,nvidia/Llama-3.3-70B-Instruct-NVFP4,p3
cruise,5,0.4,0.2857142857142857,3,nvidia/Llama-3.3-70B-Instruct-NVFP4,p3
cruelty,5,0.4,0.2857142857142857,3,nvidia/Llama-3.3-70B-Instruct-NVFP4,p3
referent,5,0.4,0.2857142857142857,3,nvidia/Llama-3.3-70B-Instruct-NVFP4,p3
recovery,5,0.4,0.2857142857142857,3,nvidia/Llama-3.3-70B-Instruct-NVFP4,p3
resume,5,0.4,0.2857142857142857,3,nvidia/Llama-3.3-70B-Instruct-NVFP4,p3
append,5,0.4,0.2857142857142857,3,nvidia/Llama-3.3-70B-Instruct-NVFP4,p3
unlikely,5,0.4,0.2857142857142857,3,nvidia/Llama-3.3-70B-Instruct-NVFP4,p3
clever,5,0.4,0.2857142857142857,3,nvidia/Llama-3.3-70B-Instruct-NVFP4,p3
calendar,5,0.4,0.2857142857142857,3,nvidia/Llama-3.3-70B-Instruct-NVFP4,p3
celebration,5,0.4,0.2857142857142857,3,nvidia/Llama-3.3-70B-Instruct-NVFP4,p3
sluggish,5,0.4,0.2857142857142857,3,nvidia/Llama-3.3-70B-Instruct-NVFP4,p3
analogy,5,0.4,0.2857142857142857,3,nvidia/Llama-3.3-70B-Instruct-NVFP4,p3
conscious,5,0.4,0.2857142857142857,3,nvidia/Llama-3.3-70B-Instruct-NVFP4,p3
stimulation,5,0.4,0.2857142857142857,3,nvidia/Llama-3.3-70B-Instruct-NVFP4,p3
contradict,5,0.4,0.2857142857142857,3,nvidia/Llama-3.3-70B-Instruct-NVFP4,p3
stern,5,0.4,0.2857142857142857,3,nvidia/Llama-3.3-70B-Instruct-NVFP4,p3
shield,5,0.4,0.2857142857142857,3,nvidia/Llama-3.3-70B-Instruct-NVFP4,p3
shove,5,0.4,0.2857142857142857,3,nvidia/Llama-3.3-70B-Instruct-NVFP4,p3
hypothesis,5,0.4,0.2857142857142857,3,nvidia/Llama-3.3-70B-Instruct-NVFP4,p3
comment,5,0.4,0.2857142857142857,3,nvidia/Llama-3.3-70B-Instruct-NVFP4,p3
conscience,5,0.4,0.2857142857142857,3,nvidia/Llama-3.3-70B-Instruct-NVFP4,p3
contamination,5,0.4,0.2857142857142857,3,nvidia/Llama-3.3-70B-Instruct-NVFP4,p3
decisively,5,0.4,0.2857142857142857,3,nvidia/Llama-3.3-70B-Instruct-NVFP4,p3
disagreement,5,0.4,0.2857142857142857,3,nvidia/Llama-3.3-70B-Instruct-NVFP4,p3
fierce,5,0.4,0.2857142857142857,3,nvidia/Llama-3.3-70B-Instruct-NVFP4,p3
executive,5,0.4,0.2857142857142857,3,nvidia/Llama-3.3-70B-Instruct-NVFP4,p3
obscene,5,0.4,0.2857142857142857,3,nvidia/Llama-3.3-70B-Instruct-NVFP4,p3
nutrition,5,0.4,0.2857142857142857,3,nvidia/Llama-3.3-70B-Instruct-NVFP4,p3
unjust,5,0.4,0.2857142857142857,3,nvidia/Llama-3.3-70B-Instruct-NVFP4,p3
vicar,5,0.4,0.2857142857142857,3,nvidia/Llama-3.3-70B-Instruct-NVFP4,p3
contour,5,0.4,0.2857142857142857,3,nvidia/Llama-3.3-70B-Instruct-NVFP4,p3
discover,12,0.4166666666666667,0.29411764705882354,7,nvidia/Llama-3.3-70B-Instruct-NVFP4,p3
halt,7,0.42857142857142855,0.3,4,nvidia/Llama-3.3-70B-Instruct-NVFP4,p3
aggression,7,0.42857142857142855,0.3,4,nvidia/Llama-3.3-70B-Instruct-NVFP4,p3
academy,7,0.42857142857142855,0.3,4,nvidia/Llama-3.3-70B-Instruct-NVFP4,p3
extraneous,7,0.42857142857142855,0.3,4,nvidia/Llama-3.3-70B-Instruct-NVFP4,p3
cartridge,7,0.42857142857142855,0.3,4,nvidia/Llama-3.3-70B-Instruct-NVFP4,p3
anticipation,7,0.42857142857142855,0.3,4,nvidia/Llama-3.3-70B-Instruct-NVFP4,p3
schedule,7,0.42857142857142855,0.3,4,nvidia/Llama-3.3-70B-Instruct-NVFP4,p3
changeable,7,0.42857142857142855,0.3,4,nvidia/Llama-3.3-70B-Instruct-NVFP4,p3
converge,7,0.42857142857142855,0.3,4,nvidia/Llama-3.3-70B-Instruct-NVFP4,p3
debate,7,0.42857142857142855,0.3,4,nvidia/Llama-3.3-70B-Instruct-NVFP4,p3
suspicion,7,0.42857142857142855,0.3,4,nvidia/Llama-3.3-70B-Instruct-NVFP4,p3
prevail,7,0.42857142857142855,0.3,4,nvidia/Llama-3.3-70B-Instruct-NVFP4,p3
disapproval,7,0.42857142857142855,0.3,4,nvidia/Llama-3.3-70B-Instruct-NVFP4,p3
limitation,7,0.42857142857142855,0.3,4,nvidia/Llama-3.3-70B-Instruct-NVFP4,p3
penetration,7,0.42857142857142855,0.3,4,nvidia/Llama-3.3-70B-Instruct-NVFP4,p3
contemplate,7,0.42857142857142855,0.3,4,nvidia/Llama-3.3-70B-Instruct-NVFP4,p3
whiting,7,0.42857142857142855,0.3,4,nvidia/Llama-3.3-70B-Instruct-NVFP4,p3
sacred,7,0.42857142857142855,0.3,4,nvidia/Llama-3.3-70B-Instruct-NVFP4,p3
sorrow,7,0.42857142857142855,0.3,4,nvidia/Llama-3.3-70B-Instruct-NVFP4,p3
smother,9,0.4444444444444444,0.3076923076923077,5,nvidia/Llama-3.3-70B-Instruct-NVFP4,p3
acknowledge,9,0.4444444444444444,0.3076923076923077,5,nvidia/Llama-3.3-70B-Instruct-NVFP4,p3
belong,9,0.4444444444444444,0.3076923076923077,5,nvidia/Llama-3.3-70B-Instruct-NVFP4,p3
resist,9,0.4444444444444444,0.3076923076923077,5,nvidia/Llama-3.3-70B-Instruct-NVFP4,p3
contribution,9,0.4444444444444444,0.3076923076923077,5,nvidia/Llama-3.3-70B-Instruct-NVFP4,p3
annoyance,9,0.4444444444444444,0.3076923076923077,5,nvidia/Llama-3.3-70B-Instruct-NVFP4,p3
falsify,9,0.4444444444444444,0.3076923076923077,5,nvidia/Llama-3.3-70B-Instruct-NVFP4,p3
proportion,9,0.4444444444444444,0.3076923076923077,5,nvidia/Llama-3.3-70B-Instruct-NVFP4,p3
revive,9,0.4444444444444444,0.3076923076923077,5,nvidia/Llama-3.3-70B-Instruct-NVFP4,p3
pass_on,11,0.45454545454545453,0.3125,6,nvidia/Llama-3.3-70B-Instruct-NVFP4,p3
specify,11,0.45454545454545453,0.3125,6,nvidia/Llama-3.3-70B-Instruct-NVFP4,p3
failure,13,0.46153846153846156,0.3157894736842105,7,nvidia/Llama-3.3-70B-Instruct-NVFP4,p3
invite,15,0.4666666666666667,0.3181818181818182,8,nvidia/Llama-3.3-70B-Instruct-NVFP4,p3
direct,19,0.47368421052631576,0.32142857142857145,10,nvidia/Llama-3.3-70B-Instruct-NVFP4,p3
strip,23,0.4782608695652174,0.3235294117647059,12,nvidia/Llama-3.3-70B-Instruct-NVFP4,p3
exceptional,6,0.5,0.3333333333333333,3,nvidia/Llama-3.3-70B-Instruct-NVFP4,p3
banish,8,0.5,0.3333333333333333,4,nvidia/Llama-3.3-70B-Instruct-NVFP4,p3
unaffected,6,0.5,0.3333333333333333,3,nvidia/Llama-3.3-70B-Instruct-NVFP4,p3
transmit,6,0.5,0.3333333333333333,3,nvidia/Llama-3.3-70B-Instruct-NVFP4,p3
ban,8,0.5,0.3333333333333333,4,nvidia/Llama-3.3-70B-Instruct-NVFP4,p3
tremor,6,0.5,0.3333333333333333,3,nvidia/Llama-3.3-70B-Instruct-NVFP4,p3
trimming,6,0.5,0.3333333333333333,3,nvidia/Llama-3.3-70B-Instruct-NVFP4,p3
twitch,8,0.5,0.3333333333333333,4,nvidia/Llama-3.3-70B-Instruct-NVFP4,p3
allot,6,0.5,0.3333333333333333,3,nvidia/Llama-3.3-70B-Instruct-NVFP4,p3
increase,14,0.5,0.3333333333333333,7,nvidia/Llama-3.3-70B-Instruct-NVFP4,p3
height,6,0.5,0.3333333333333333,3,nvidia/Llama-3.3-70B-Instruct-NVFP4,p3
herd,6,0.5,0.3333333333333333,3,nvidia/Llama-3.3-70B-Instruct-NVFP4,p3
history,8,0.5,0.3333333333333333,4,nvidia/Llama-3.3-70B-Instruct-NVFP4,p3
hoist,6,0.5,0.3333333333333333,3,nvidia/Llama-3.3-70B-Instruct-NVFP4,p3
harbor,8,0.5,0.3333333333333333,4,nvidia/Llama-3.3-70B-Instruct-NVFP4,p3
hardship,6,0.5,0.3333333333333333,3,nvidia/Llama-3.3-70B-Instruct-NVFP4,p3
harmonious,8,0.5,0.3333333333333333,4,nvidia/Llama-3.3-70B-Instruct-NVFP4,p3
hasten,6,0.5,0.3333333333333333,3,nvidia/Llama-3.3-70B-Instruct-NVFP4,p3
headquarters,6,0.5,0.3333333333333333,3,nvidia/Llama-3.3-70B-Instruct-NVFP4,p3
indecent,6,0.5,0.3333333333333333,3,nvidia/Llama-3.3-70B-Instruct-NVFP4,p3
indulge,8,0.5,0.3333333333333333,4,nvidia/Llama-3.3-70B-Instruct-NVFP4,p3
guarantee,12,0.5,0.3333333333333333,6,nvidia/Llama-3.3-70B-Instruct-NVFP4,p3
guard,8,0.5,0.3333333333333333,4,nvidia/Llama-3.3-70B-Instruct-NVFP4,p3
guide,8,0.5,0.3333333333333333,4,nvidia/Llama-3.3-70B-Instruct-NVFP4,p3
carve,6,0.5,0.3333333333333333,3,nvidia/Llama-3.3-70B-Instruct-NVFP4,p3
improvement,6,0.5,0.3333333333333333,3,nvidia/Llama-3.3-70B-Instruct-NVFP4,p3
incapable,8,0.5,0.3333333333333333,4,nvidia/Llama-3.3-70B-Instruct-NVFP4,p3
incite,6,0.5,0.3333333333333333,3,nvidia/Llama-3.3-70B-Instruct-NVFP4,p3
stir_up,8,0.5,0.3333333333333333,4,nvidia/Llama-3.3-70B-Instruct-NVFP4,p3
original,8,0.5,0.3333333333333333,4,nvidia/Llama-3.3-70B-Instruct-NVFP4,p3
minister,8,0.5,0.3333333333333333,4,nvidia/Llama-3.3-70B-Instruct-NVFP4,p3
mission,8,0.5,0.3333333333333333,4,nvidia/Llama-3.3-70B-Instruct-NVFP4,p3
mobile,6,0.5,0.3333333333333333,3,nvidia/Llama-3.3-70B-Instruct-NVFP4,p3
logical,6,0.5,0.3333333333333333,3,nvidia/Llama-3.3-70B-Instruct-NVFP4,p3
lonely,6,0.5,0.3333333333333333,3,nvidia/Llama-3.3-70B-Instruct-NVFP4,p3
meal,6,0.5,0.3333333333333333,3,nvidia/Llama-3.3-70B-Instruct-NVFP4,p3
mechanical,6,0.5,0.3333333333333333,3,nvidia/Llama-3.3-70B-Instruct-NVFP4,p3
exclusive,6,0.5,0.3333333333333333,3,nvidia/Llama-3.3-70B-Instruct-NVFP4,p3
number,10,0.5,0.3333333333333333,5,nvidia/Llama-3.3-70B-Instruct-NVFP4,p3
evidence,6,0.5,0.3333333333333333,3,nvidia/Llama-3.3-70B-Instruct-NVFP4,p3
examine,10,0.5,0.3333333333333333,5,nvidia/Llama-3.3-70B-Instruct-NVFP4,p3
adolescent,8,0.5,0.3333333333333333,4,nvidia/Llama-3.3-70B-Instruct-NVFP4,p3
artistic,6,0.5,0.3333333333333333,3,nvidia/Llama-3.3-70B-Instruct-NVFP4,p3
assurance,8,0.5,0.3333333333333333,4,nvidia/Llama-3.3-70B-Instruct-NVFP4,p3
hope,6,0.5,0.3333333333333333,3,nvidia/Llama-3.3-70B-Instruct-NVFP4,p3
horror,6,0.5,0.3333333333333333,3,nvidia/Llama-3.3-70B-Instruct-NVFP4,p3
hostility,8,0.5,0.3333333333333333,4,nvidia/Llama-3.3-70B-Instruct-NVFP4,p3
uphold,6,0.5,0.3333333333333333,3,nvidia/Llama-3.3-70B-Instruct-NVFP4,p3
urgency,8,0.5,0.3333333333333333,4,nvidia/Llama-3.3-70B-Instruct-NVFP4,p3
cabinet,6,0.5,0.3333333333333333,3,nvidia/Llama-3.3-70B-Instruct-NVFP4,p3
scented,6,0.5,0.3333333333333333,3,nvidia/Llama-3.3-70B-Instruct-NVFP4,p3
school,6,0.5,0.3333333333333333,3,nvidia/Llama-3.3-70B-Instruct-NVFP4,p3
combine,12,0.5,0.3333333333333333,6,nvidia/Llama-3.3-70B-Instruct-NVFP4,p3
commission,6,0.5,0.3333333333333333,3,nvidia/Llama-3.3-70B-Instruct-NVFP4,p3
shunt,6,0.5,0.3333333333333333,3,nvidia/Llama-3.3-70B-Instruct-NVFP4,p3
significantly,6,0.5,0.3333333333333333,3,nvidia/Llama-3.3-70B-Instruct-NVFP4,p3
immediacy,6,0.5,0.3333333333333333,3,nvidia/Llama-3.3-70B-Instruct-NVFP4,p3
sophisticated,6,0.5,0.3333333333333333,3,nvidia/Llama-3.3-70B-Instruct-NVFP4,p3
sordid,8,0.5,0.3333333333333333,4,nvidia/Llama-3.3-70B-Instruct-NVFP4,p3
ignore,8,0.5,0.3333333333333333,4,nvidia/Llama-3.3-70B-Instruct-NVFP4,p3
paint,6,0.5,0.3333333333333333,3,nvidia/Llama-3.3-70B-Instruct-NVFP4,p3
implement,6,0.5,0.3333333333333333,3,nvidia/Llama-3.3-70B-Instruct-NVFP4,p3
parameter,8,0.5,0.3333333333333333,4,nvidia/Llama-3.3-70B-Instruct-NVFP4,p3
disaster,6,0.5,0.3333333333333333,3,nvidia/Llama-3.3-70B-Instruct-NVFP4,p3
make_it,6,0.5,0.3333333333333333,3,nvidia/Llama-3.3-70B-Instruct-NVFP4,p3
discourse,6,0.5,0.3333333333333333,3,nvidia/Llama-3.3-70B-Instruct-NVFP4,p3
discredit,6,0.5,0.3333333333333333,3,nvidia/Llama-3.3-70B-Instruct-NVFP4,p3
monstrous,6,0.5,0.3333333333333333,3,nvidia/Llama-3.3-70B-Instruct-NVFP4,p3
mortal,6,0.5,0.3333333333333333,3,nvidia/Llama-3.3-70B-Instruct-NVFP4,p3
navigator,6,0.5,0.3333333333333333,3,nvidia/Llama-3.3-70B-Instruct-NVFP4,p3
nominate,8,0.5,0.3333333333333333,4,nvidia/Llama-3.3-70B-Instruct-NVFP4,p3
noticeable,8,0.5,0.3333333333333333,4,nvidia/Llama-3.3-70B-Instruct-NVFP4,p3
equilibrium,6,0.5,0.3333333333333333,3,nvidia/Llama-3.3-70B-Instruct-NVFP4,p3
embody,6,0.5,0.3333333333333333,3,nvidia/Llama-3.3-70B-Instruct-NVFP4,p3
encounter,8,0.5,0.3333333333333333,4,nvidia/Llama-3.3-70B-Instruct-NVFP4,p3
engraving,6,0.5,0.3333333333333333,3,nvidia/Llama-3.3-70B-Instruct-NVFP4,p3
dust,6,0.5,0.3333333333333333,3,nvidia/Llama-3.3-70B-Instruct-NVFP4,p3
ornamentation,6,0.5,0.3333333333333333,3,nvidia/Llama-3.3-70B-Instruct-NVFP4,p3
ease,8,0.5,0.3333333333333333,4,nvidia/Llama-3.3-70B-Instruct-NVFP4,p3
edit,6,0.5,0.3333333333333333,3,nvidia/Llama-3.3-70B-Instruct-NVFP4,p3
intellectual,6,0.5,0.3333333333333333,3,nvidia/Llama-3.3-70B-Instruct-NVFP4,p3
duplicate,8,0.5,0.3333333333333333,4,nvidia/Llama-3.3-70B-Instruct-NVFP4,p3
gear,8,0.5,0.3333333333333333,4,nvidia/Llama-3.3-70B-Instruct-NVFP4,p3
genre,8,0.5,0.3333333333333333,4,nvidia/Llama-3.3-70B-Instruct-NVFP4,p3
gently,6,0.5,0.3333333333333333,3,nvidia/Llama-3.3-70B-Instruct-NVFP4,p3
get_rid_of,6,0.5,0.3333333333333333,3,nvidia/Llama-3.3-70B-Instruct-NVFP4,p3
good_luck,6,0.5,0.3333333333333333,3,nvidia/Llama-3.3-70B-Instruct-NVFP4,p3
intangible,6,0.5,0.3333333333333333,3,nvidia/Llama-3.3-70B-Instruct-NVFP4,p3
stately,6,0.5,0.3333333333333333,3,nvidia/Llama-3.3-70B-Instruct-NVFP4,p3
intensify,8,0.5,0.3333333333333333,4,nvidia/Llama-3.3-70B-Instruct-NVFP4,p3
gait,6,0.5,0.3333333333333333,3,nvidia/Llama-3.3-70B-Instruct-NVFP4,p3
gay,10,0.5,0.3333333333333333,5,nvidia/Llama-3.3-70B-Instruct-NVFP4,p3
steer,6,0.5,0.3333333333333333,3,nvidia/Llama-3.3-70B-Instruct-NVFP4,p3
steep,6,0.5,0.3333333333333333,3,nvidia/Llama-3.3-70B-Instruct-NVFP4,p3
stimulate,10,0.5,0.3333333333333333,5,nvidia/Llama-3.3-70B-Instruct-NVFP4,p3
inspire,8,0.5,0.3333333333333333,4,nvidia/Llama-3.3-70B-Instruct-NVFP4,p3
painful,6,0.5,0.3333333333333333,3,nvidia/Llama-3.3-70B-Instruct-NVFP4,p3
consecutive,6,0.5,0.3333333333333333,3,nvidia/Llama-3.3-70B-Instruct-NVFP4,p3
relationship,8,0.5,0.3333333333333333,4,nvidia/Llama-3.3-70B-Instruct-NVFP4,p3
repetition,6,0.5,0.3333333333333333,3,nvidia/Llama-3.3-70B-Instruct-NVFP4,p3
rule_out,6,0.5,0.3333333333333333,3,nvidia/Llama-3.3-70B-Instruct-NVFP4,p3
confine,10,0.5,0.3333333333333333,5,nvidia/Llama-3.3-70B-Instruct-NVFP4,p3
conform_to,6,0.5,0.3333333333333333,3,nvidia/Llama-3.3-70B-Instruct-NVFP4,p3
conformity,8,0.5,0.3333333333333333,4,nvidia/Llama-3.3-70B-Instruct-NVFP4,p3
liberate,8,0.5,0.3333333333333333,4,nvidia/Llama-3.3-70B-Instruct-NVFP4,p3
lieutenant,6,0.5,0.3333333333333333,3,nvidia/Llama-3.3-70B-Instruct-NVFP4,p3
feeble,8,0.5,0.3333333333333333,4,nvidia/Llama-3.3-70B-Instruct-NVFP4,p3
firm,12,0.5,0.3333333333333333,6,nvidia/Llama-3.3-70B-Instruct-NVFP4,p3
firmly,6,0.5,0.3333333333333333,3,nvidia/Llama-3.3-70B-Instruct-NVFP4,p3
fixed,6,0.5,0.3333333333333333,3,nvidia/Llama-3.3-70B-Instruct-NVFP4,p3
lost,14,0.5,0.3333333333333333,7,nvidia/Llama-3.3-70B-Instruct-NVFP4,p3
loyalty,6,0.5,0.3333333333333333,3,nvidia/Llama-3.3-70B-Instruct-NVFP4,p3
royal,8,0.5,0.3333333333333333,4,nvidia/Llama-3.3-70B-Instruct-NVFP4,p3
mallet,6,0.5,0.3333333333333333,3,nvidia/Llama-3.3-70B-Instruct-NVFP4,p3
docile,6,0.5,0.3333333333333333,3,nvidia/Llama-3.3-70B-Instruct-NVFP4,p3
dogmatic,6,0.5,0.3333333333333333,3,nvidia/Llama-3.3-70B-Instruct-NVFP4,p3
doubt,6,0.5,0.3333333333333333,3,nvidia/Llama-3.3-70B-Instruct-NVFP4,p3
dominate,6,0.5,0.3333333333333333,3,nvidia/Llama-3.3-70B-Instruct-NVFP4,p3
drape,8,0.5,0.3333333333333333,4,nvidia/Llama-3.3-70B-Instruct-NVFP4,p3
peanut,6,0.5,0.3333333333333333,3,nvidia/Llama-3.3-70B-Instruct-NVFP4,p3
secondary,10,0.5,0.3333333333333333,5,nvidia/Llama-3.3-70B-Instruct-NVFP4,p3
persist,6,0.5,0.3333333333333333,3,nvidia/Llama-3.3-70B-Instruct-NVFP4,p3
distribution,6,0.5,0.3333333333333333,3,nvidia/Llama-3.3-70B-Instruct-NVFP4,p3
disorderly,6,0.5,0.3333333333333333,3,nvidia/Llama-3.3-70B-Instruct-NVFP4,p3
roar,10,0.5,0.3333333333333333,5,nvidia/Llama-3.3-70B-Instruct-NVFP4,p3
revision,6,0.5,0.3333333333333333,3,nvidia/Llama-3.3-70B-Instruct-NVFP4,p3
result,6,0.5,0.3333333333333333,3,nvidia/Llama-3.3-70B-Instruct-NVFP4,p3
serious,10,0.5,0.3333333333333333,5,nvidia/Llama-3.3-70B-Instruct-NVFP4,p3
unite,12,0.5,0.3333333333333333,6,nvidia/Llama-3.3-70B-Instruct-NVFP4,p3
unskilled,6,0.5,0.3333333333333333,3,nvidia/Llama-3.3-70B-Instruct-NVFP4,p3
abandon,6,0.5,0.3333333333333333,3,nvidia/Llama-3.3-70B-Instruct-NVFP4,p3
restoration,10,0.5,0.3333333333333333,5,nvidia/Llama-3.3-70B-Instruct-NVFP4,p3
restore,6,0.5,0.3333333333333333,3,nvidia/Llama-3.3-70B-Instruct-NVFP4,p3
restrict,6,0.5,0.3333333333333333,3,nvidia/Llama-3.3-70B-Instruct-NVFP4,p3
irregular,10,0.5,0.3333333333333333,5,nvidia/Llama-3.3-70B-Instruct-NVFP4,p3
irritating,6,0.5,0.3333333333333333,3,nvidia/Llama-3.3-70B-Instruct-NVFP4,p3
issue,6,0.5,0.3333333333333333,3,nvidia/Llama-3.3-70B-Instruct-NVFP4,p3
infest,6,0.5,0.3333333333333333,3,nvidia/Llama-3.3-70B-Instruct-NVFP4,p3
influence,12,0.5,0.3333333333333333,6,nvidia/Llama-3.3-70B-Instruct-NVFP4,p3
fulfill,6,0.5,0.3333333333333333,3,nvidia/Llama-3.3-70B-Instruct-NVFP4,p3
inventory,8,0.5,0.3333333333333333,4,nvidia/Llama-3.3-70B-Instruct-NVFP4,p3
intimidation,6,0.5,0.3333333333333333,3,nvidia/Llama-3.3-70B-Instruct-NVFP4,p3
invoke,6,0.5,0.3333333333333333,3,nvidia/Llama-3.3-70B-Instruct-NVFP4,p3
irony,6,0.5,0.3333333333333333,3,nvidia/Llama-3.3-70B-Instruct-NVFP4,p3
deceit,6,0.5,0.3333333333333333,3,nvidia/Llama-3.3-70B-Instruct-NVFP4,p3
replace,8,0.5,0.3333333333333333,4,nvidia/Llama-3.3-70B-Instruct-NVFP4,p3
replacement,12,0.5,0.3333333333333333,6,nvidia/Llama-3.3-70B-Instruct-NVFP4,p3
representative,6,0.5,0.3333333333333333,3,nvidia/Llama-3.3-70B-Instruct-NVFP4,p3
reputation,6,0.5,0.3333333333333333,3,nvidia/Llama-3.3-70B-Instruct-NVFP4,p3
requirement,6,0.5,0.3333333333333333,3,nvidia/Llama-3.3-70B-Instruct-NVFP4,p3
reserve,6,0.5,0.3333333333333333,3,nvidia/Llama-3.3-70B-Instruct-NVFP4,p3
fondness,6,0.5,0.3333333333333333,3,nvidia/Llama-3.3-70B-Instruct-NVFP4,p3
cusp,6,0.5,0.3333333333333333,3,nvidia/Llama-3.3-70B-Instruct-NVFP4,p3
decent,6,0.5,0.3333333333333333,3,nvidia/Llama-3.3-70B-Instruct-NVFP4,p3
prosecute,6,0.5,0.3333333333333333,3,nvidia/Llama-3.3-70B-Instruct-NVFP4,p3
publish,6,0.5,0.3333333333333333,3,nvidia/Llama-3.3-70B-Instruct-NVFP4,p3
reality,6,0.5,0.3333333333333333,3,nvidia/Llama-3.3-70B-Instruct-NVFP4,p3
dark,8,0.5,0.3333333333333333,4,nvidia/Llama-3.3-70B-Instruct-NVFP4,p3
reasonable,6,0.5,0.3333333333333333,3,nvidia/Llama-3.3-70B-Instruct-NVFP4,p3
rebel,10,0.5,0.3333333333333333,5,nvidia/Llama-3.3-70B-Instruct-NVFP4,p3
porous,6,0.5,0.3333333333333333,3,nvidia/Llama-3.3-70B-Instruct-NVFP4,p3
reconcile,8,0.5,0.3333333333333333,4,nvidia/Llama-3.3-70B-Instruct-NVFP4,p3
recording,6,0.5,0.3333333333333333,3,nvidia/Llama-3.3-70B-Instruct-NVFP4,p3
redden,6,0.5,0.3333333333333333,3,nvidia/Llama-3.3-70B-Instruct-NVFP4,p3
copy,6,0.5,0.3333333333333333,3,nvidia/Llama-3.3-70B-Instruct-NVFP4,p3
correct,8,0.5,0.3333333333333333,4,nvidia/Llama-3.3-70B-Instruct-NVFP4,p3
corresponding,6,0.5,0.3333333333333333,3,nvidia/Llama-3.3-70B-Instruct-NVFP4,p3
creep,6,0.5,0.3333333333333333,3,nvidia/Llama-3.3-70B-Instruct-NVFP4,p3
crisp,8,0.5,0.3333333333333333,4,nvidia/Llama-3.3-70B-Instruct-NVFP4,p3
personally,6,0.5,0.3333333333333333,3,nvidia/Llama-3.3-70B-Instruct-NVFP4,p3
placement,6,0.5,0.3333333333333333,3,nvidia/Llama-3.3-70B-Instruct-NVFP4,p3
plan,6,0.5,0.3333333333333333,3,nvidia/Llama-3.3-70B-Instruct-NVFP4,p3
deviate,6,0.5,0.3333333333333333,3,nvidia/Llama-3.3-70B-Instruct-NVFP4,p3
defective,6,0.5,0.3333333333333333,3,nvidia/Llama-3.3-70B-Instruct-NVFP4,p3
dial,6,0.5,0.3333333333333333,3,nvidia/Llama-3.3-70B-Instruct-NVFP4,p3
diagonal,10,0.5,0.3333333333333333,5,nvidia/Llama-3.3-70B-Instruct-NVFP4,p3
suit,6,0.5,0.3333333333333333,3,nvidia/Llama-3.3-70B-Instruct-NVFP4,p3
president,10,0.5,0.3333333333333333,5,nvidia/Llama-3.3-70B-Instruct-NVFP4,p3
proceed,6,0.5,0.3333333333333333,3,nvidia/Llama-3.3-70B-Instruct-NVFP4,p3
prohibition,10,0.5,0.3333333333333333,5,nvidia/Llama-3.3-70B-Instruct-NVFP4,p3
decompose,6,0.5,0.3333333333333333,3,nvidia/Llama-3.3-70B-Instruct-NVFP4,p3
decomposition,8,0.5,0.3333333333333333,4,nvidia/Llama-3.3-70B-Instruct-NVFP4,p3
publisher,6,0.5,0.3333333333333333,3,nvidia/Llama-3.3-70B-Instruct-NVFP4,p3
radial,8,0.5,0.3333333333333333,4,nvidia/Llama-3.3-70B-Instruct-NVFP4,p3
stabilize,6,0.5,0.3333333333333333,3,nvidia/Llama-3.3-70B-Instruct-NVFP4,p3
sunset,6,0.5,0.3333333333333333,3,nvidia/Llama-3.3-70B-Instruct-NVFP4,p3
pretentious,6,0.5,0.3333333333333333,3,nvidia/Llama-3.3-70B-Instruct-NVFP4,p3
suffering,8,0.5,0.3333333333333333,4,nvidia/Llama-3.3-70B-Instruct-NVFP4,p3
bulk,6,0.5,0.3333333333333333,3,nvidia/Llama-3.3-70B-Instruct-NVFP4,p3
synchronize,10,0.5,0.3333333333333333,5,nvidia/Llama-3.3-70B-Instruct-NVFP4,p3
string,8,0.5,0.3333333333333333,4,nvidia/Llama-3.3-70B-Instruct-NVFP4,p3
cabin,6,0.5,0.3333333333333333,3,nvidia/Llama-3.3-70B-Instruct-NVFP4,p3
advise,6,0.5,0.3333333333333333,3,nvidia/Llama-3.3-70B-Instruct-NVFP4,p3
wrap,6,0.5,0.3333333333333333,3,nvidia/Llama-3.3-70B-Instruct-NVFP4,p3
zone,8,0.5,0.3333333333333333,4,nvidia/Llama-3.3-70B-Instruct-NVFP4,p3
tailor,6,0.5,0.3333333333333333,3,nvidia/Llama-3.3-70B-Instruct-NVFP4,p3
tapestry,6,0.5,0.3333333333333333,3,nvidia/Llama-3.3-70B-Instruct-NVFP4,p3
book,8,0.5,0.3333333333333333,4,nvidia/Llama-3.3-70B-Instruct-NVFP4,p3
bend,12,0.5,0.3333333333333333,6,nvidia/Llama-3.3-70B-Instruct-NVFP4,p3
blend,6,0.5,0.3333333333333333,3,nvidia/Llama-3.3-70B-Instruct-NVFP4,p3
blur,12,0.5,0.3333333333333333,6,nvidia/Llama-3.3-70B-Instruct-NVFP4,p3
suspense,6,0.5,0.3333333333333333,3,nvidia/Llama-3.3-70B-Instruct-NVFP4,p3
pollution,6,0.5,0.3333333333333333,3,nvidia/Llama-3.3-70B-Instruct-NVFP4,p3
disappearance,8,0.5,0.3333333333333333,4,nvidia/Llama-3.3-70B-Instruct-NVFP4,p3
landmark,6,0.5,0.3333333333333333,3,nvidia/Llama-3.3-70B-Instruct-NVFP4,p3
vigor,6,0.5,0.3333333333333333,3,nvidia/Llama-3.3-70B-Instruct-NVFP4,p3
authorization,8,0.5,0.3333333333333333,4,nvidia/Llama-3.3-70B-Instruct-NVFP4,p3
avail,6,0.5,0.3333333333333333,3,nvidia/Llama-3.3-70B-Instruct-NVFP4,p3
awaken,6,0.5,0.3333333333333333,3,nvidia/Llama-3.3-70B-Instruct-NVFP4,p3
wiry,6,0.5,0.3333333333333333,3,nvidia/Llama-3.3-70B-Instruct-NVFP4,p3
yam,6,0.5,0.3333333333333333,3,nvidia/Llama-3.3-70B-Instruct-NVFP4,p3
allies,8,0.5,0.3333333333333333,4,nvidia/Llama-3.3-70B-Instruct-NVFP4,p3
clove,6,0.5,0.3333333333333333,3,nvidia/Llama-3.3-70B-Instruct-NVFP4,p3
slow,6,0.5,0.3333333333333333,3,nvidia/Llama-3.3-70B-Instruct-NVFP4,p3
administrator,6,0.5,0.3333333333333333,3,nvidia/Llama-3.3-70B-Instruct-NVFP4,p3
stab,6,0.5,0.3333333333333333,3,nvidia/Llama-3.3-70B-Instruct-NVFP4,p3
chorus,6,0.5,0.3333333333333333,3,nvidia/Llama-3.3-70B-Instruct-NVFP4,p3
circle,6,0.5,0.3333333333333333,3,nvidia/Llama-3.3-70B-Instruct-NVFP4,p3
threat,8,0.5,0.3333333333333333,4,nvidia/Llama-3.3-70B-Instruct-NVFP4,p3
timid,6,0.5,0.3333333333333333,3,nvidia/Llama-3.3-70B-Instruct-NVFP4,p3
vary,8,0.5,0.3333333333333333,4,nvidia/Llama-3.3-70B-Instruct-NVFP4,p3
verse,6,0.5,0.3333333333333333,3,nvidia/Llama-3.3-70B-Instruct-NVFP4,p3
vicious,6,0.5,0.3333333333333333,3,nvidia/Llama-3.3-70B-Instruct-NVFP4,p3
unique,6,0.5,0.3333333333333333,3,nvidia/Llama-3.3-70B-Instruct-NVFP4,p3
Edward,6,0.5,0.3333333333333333,3,nvidia/Llama-3.3-70B-Instruct-NVFP4,p3
vocabulary,6,0.5,0.3333333333333333,3,nvidia/Llama-3.3-70B-Instruct-NVFP4,p3
thicken,6,0.5,0.3333333333333333,3,nvidia/Llama-3.3-70B-Instruct-NVFP4,p3
unfavorable,6,0.5,0.3333333333333333,3,nvidia/Llama-3.3-70B-Instruct-NVFP4,p3
unfortunate,6,0.5,0.3333333333333333,3,nvidia/Llama-3.3-70B-Instruct-NVFP4,p3
testing,6,0.5,0.3333333333333333,3,nvidia/Llama-3.3-70B-Instruct-NVFP4,p3
thoughtful,10,0.5,0.3333333333333333,5,nvidia/Llama-3.3-70B-Instruct-NVFP4,p3
sink,17,0.5294117647058824,0.34615384615384615,8,nvidia/Llama-3.3-70B-Instruct-NVFP4,p3
farther,11,0.5454545454545454,0.35294117647058826,5,nvidia/Llama-3.3-70B-Instruct-NVFP4,p3
neglect,11,0.5454545454545454,0.35294117647058826,5,nvidia/Llama-3.3-70B-Instruct-NVFP4,p3
defend,11,0.5454545454545454,0.35294117647058826,5,nvidia/Llama-3.3-70B-Instruct-NVFP4,p3
plain,11,0.5454545454545454,0.35294117647058826,5,nvidia/Llama-3.3-70B-Instruct-NVFP4,p3
free,20,0.55,0.3548387096774194,9,nvidia/Llama-3.3-70B-Instruct-NVFP4,p3
unrestricted,9,0.5555555555555556,0.35714285714285715,4,nvidia/Llama-3.3-70B-Instruct-NVFP4,p3
unify,9,0.5555555555555556,0.35714285714285715,4,nvidia/Llama-3.3-70B-Instruct-NVFP4,p3
unlawful,9,0.5555555555555556,0.35714285714285715,4,nvidia/Llama-3.3-70B-Instruct-NVFP4,p3
beginning,9,0.5555555555555556,0.35714285714285715,4,nvidia/Llama-3.3-70B-Instruct-NVFP4,p3
award,9,0.5555555555555556,0.35714285714285715,4,nvidia/Llama-3.3-70B-Instruct-NVFP4,p3
pretense,9,0.5555555555555556,0.35714285714285715,4,nvidia/Llama-3.3-70B-Instruct-NVFP4,p3
rank,9,0.5555555555555556,0.35714285714285715,4,nvidia/Llama-3.3-70B-Instruct-NVFP4,p3
suggest,9,0.5555555555555556,0.35714285714285715,4,nvidia/Llama-3.3-70B-Instruct-NVFP4,p3
judge,9,0.5555555555555556,0.35714285714285715,4,nvidia/Llama-3.3-70B-Instruct-NVFP4,p3
ruin,9,0.5555555555555556,0.35714285714285715,4,nvidia/Llama-3.3-70B-Instruct-NVFP4,p3
assure,9,0.5555555555555556,0.35714285714285715,4,nvidia/Llama-3.3-70B-Instruct-NVFP4,p3
slow_down,9,0.5555555555555556,0.35714285714285715,4,nvidia/Llama-3.3-70B-Instruct-NVFP4,p3
hardened,9,0.5555555555555556,0.35714285714285715,4,nvidia/Llama-3.3-70B-Instruct-NVFP4,p3
writing,9,0.5555555555555556,0.35714285714285715,4,nvidia/Llama-3.3-70B-Instruct-NVFP4,p3
line_up,9,0.5555555555555556,0.35714285714285715,4,nvidia/Llama-3.3-70B-Instruct-NVFP4,p3
hearing,7,0.5714285714285714,0.36363636363636365,3,nvidia/Llama-3.3-70B-Instruct-NVFP4,p3
interpretation,7,0.5714285714285714,0.36363636363636365,3,nvidia/Llama-3.3-70B-Instruct-NVFP4,p3
musical,7,0.5714285714285714,0.36363636363636365,3,nvidia/Llama-3.3-70B-Instruct-NVFP4,p3
output,7,0.5714285714285714,0.36363636363636365,3,nvidia/Llama-3.3-70B-Instruct-NVFP4,p3
essential,7,0.5714285714285714,0.36363636363636365,3,nvidia/Llama-3.3-70B-Instruct-NVFP4,p3
immediate,7,0.5714285714285714,0.36363636363636365,3,nvidia/Llama-3.3-70B-Instruct-NVFP4,p3
hurt,7,0.5714285714285714,0.36363636363636365,3,nvidia/Llama-3.3-70B-Instruct-NVFP4,p3
govern,7,0.5714285714285714,0.36363636363636365,3,nvidia/Llama-3.3-70B-Instruct-NVFP4,p3
discount,7,0.5714285714285714,0.36363636363636365,3,nvidia/Llama-3.3-70B-Instruct-NVFP4,p3
session,7,0.5714285714285714,0.36363636363636365,3,nvidia/Llama-3.3-70B-Instruct-NVFP4,p3
softly,7,0.5714285714285714,0.36363636363636365,3,nvidia/Llama-3.3-70B-Instruct-NVFP4,p3
intelligent,7,0.5714285714285714,0.36363636363636365,3,nvidia/Llama-3.3-70B-Instruct-NVFP4,p3
climax,7,0.5714285714285714,0.36363636363636365,3,nvidia/Llama-3.3-70B-Instruct-NVFP4,p3
dimension,7,0.5714285714285714,0.36363636363636365,3,nvidia/Llama-3.3-70B-Instruct-NVFP4,p3
vivid,7,0.5714285714285714,0.36363636363636365,3,nvidia/Llama-3.3-70B-Instruct-NVFP4,p3
struggle,7,0.5714285714285714,0.36363636363636365,3,nvidia/Llama-3.3-70B-Instruct-NVFP4,p3
difficulty,7,0.5714285714285714,0.36363636363636365,3,nvidia/Llama-3.3-70B-Instruct-NVFP4,p3
hours,7,0.5714285714285714,0.36363636363636365,3,nvidia/Llama-3.3-70B-Instruct-NVFP4,p3
exclusion,7,0.5714285714285714,0.36363636363636365,3,nvidia/Llama-3.3-70B-Instruct-NVFP4,p3
excuse,7,0.5714285714285714,0.36363636363636365,3,nvidia/Llama-3.3-70B-Instruct-NVFP4,p3
accessible,7,0.5714285714285714,0.36363636363636365,3,nvidia/Llama-3.3-70B-Instruct-NVFP4,p3
trap,7,0.5714285714285714,0.36363636363636365,3,nvidia/Llama-3.3-70B-Instruct-NVFP4,p3
historical,7,0.5714285714285714,0.36363636363636365,3,nvidia/Llama-3.3-70B-Instruct-NVFP4,p3
heroic,7,0.5714285714285714,0.36363636363636365,3,nvidia/Llama-3.3-70B-Instruct-NVFP4,p3
indifferent,14,0.5714285714285714,0.36363636363636365,6,nvidia/Llama-3.3-70B-Instruct-NVFP4,p3
rim,7,0.5714285714285714,0.36363636363636365,3,nvidia/Llama-3.3-70B-Instruct-NVFP4,p3
insight,7,0.5714285714285714,0.36363636363636365,3,nvidia/Llama-3.3-70B-Instruct-NVFP4,p3
caste,7,0.5714285714285714,0.36363636363636365,3,nvidia/Llama-3.3-70B-Instruct-NVFP4,p3
search,7,0.5714285714285714,0.36363636363636365,3,nvidia/Llama-3.3-70B-Instruct-NVFP4,p3
wealth,7,0.5714285714285714,0.36363636363636365,3,nvidia/Llama-3.3-70B-Instruct-NVFP4,p3
collect,7,0.5714285714285714,0.36363636363636365,3,nvidia/Llama-3.3-70B-Instruct-NVFP4,p3
proclaim,5,0.6,0.375,2,nvidia/Llama-3.3-70B-Instruct-NVFP4,p3
symbolism,5,0.6,0.375,2,nvidia/Llama-3.3-70B-Instruct-NVFP4,p3
splendid,5,0.6,0.375,2,nvidia/Llama-3.3-70B-Instruct-NVFP4,p3
exclude,5,0.6,0.375,2,nvidia/Llama-3.3-70B-Instruct-NVFP4,p3
swoop,5,0.6,0.375,2,nvidia/Llama-3.3-70B-Instruct-NVFP4,p3
leak,5,0.6,0.375,2,nvidia/Llama-3.3-70B-Instruct-NVFP4,p3
contribute,5,0.6,0.375,2,nvidia/Llama-3.3-70B-Instruct-NVFP4,p3
season,5,0.6,0.375,2,nvidia/Llama-3.3-70B-Instruct-NVFP4,p3
restriction,5,0.6,0.375,2,nvidia/Llama-3.3-70B-Instruct-NVFP4,p3
fortify,5,0.6,0.375,2,nvidia/Llama-3.3-70B-Instruct-NVFP4,p3
reason,5,0.6,0.375,2,nvidia/Llama-3.3-70B-Instruct-NVFP4,p3
crucifixion,5,0.6,0.375,2,nvidia/Llama-3.3-70B-Instruct-NVFP4,p3
duration,5,0.6,0.375,2,nvidia/Llama-3.3-70B-Instruct-NVFP4,p3
notice,10,0.6,0.375,4,nvidia/Llama-3.3-70B-Instruct-NVFP4,p3
enjoyment,5,0.6,0.375,2,nvidia/Llama-3.3-70B-Instruct-NVFP4,p3
interruption,5,0.6,0.375,2,nvidia/Llama-3.3-70B-Instruct-NVFP4,p3
finely,5,0.6,0.375,2,nvidia/Llama-3.3-70B-Instruct-NVFP4,p3
victimize,5,0.6,0.375,2,nvidia/Llama-3.3-70B-Instruct-NVFP4,p3
commotion,5,0.6,0.375,2,nvidia/Llama-3.3-70B-Instruct-NVFP4,p3
socket,5,0.6,0.375,2,nvidia/Llama-3.3-70B-Instruct-NVFP4,p3
smear,5,0.6,0.375,2,nvidia/Llama-3.3-70B-Instruct-NVFP4,p3
shroud,5,0.6,0.375,2,nvidia/Llama-3.3-70B-Instruct-NVFP4,p3
elevate,5,0.6,0.375,2,nvidia/Llama-3.3-70B-Instruct-NVFP4,p3
kindness,5,0.6,0.375,2,nvidia/Llama-3.3-70B-Instruct-NVFP4,p3
disposition,5,0.6,0.375,2,nvidia/Llama-3.3-70B-Instruct-NVFP4,p3
promptly,5,0.6,0.375,2,nvidia/Llama-3.3-70B-Instruct-NVFP4,p3
dramatically,5,0.6,0.375,2,nvidia/Llama-3.3-70B-Instruct-NVFP4,p3
bluff,5,0.6,0.375,2,nvidia/Llama-3.3-70B-Instruct-NVFP4,p3
unlock,5,0.6,0.375,2,nvidia/Llama-3.3-70B-Instruct-NVFP4,p3
addition,5,0.6,0.375,2,nvidia/Llama-3.3-70B-Instruct-NVFP4,p3
unconcerned,5,0.6,0.375,2,nvidia/Llama-3.3-70B-Instruct-NVFP4,p3
expulsion,5,0.6,0.375,2,nvidia/Llama-3.3-70B-Instruct-NVFP4,p3
liquefy,5,0.6,0.375,2,nvidia/Llama-3.3-70B-Instruct-NVFP4,p3
hinder,5,0.6,0.375,2,nvidia/Llama-3.3-70B-Instruct-NVFP4,p3
concealment,5,0.6,0.375,2,nvidia/Llama-3.3-70B-Instruct-NVFP4,p3
exceed,5,0.6,0.375,2,nvidia/Llama-3.3-70B-Instruct-NVFP4,p3
homely,5,0.6,0.375,2,nvidia/Llama-3.3-70B-Instruct-NVFP4,p3
survivor,5,0.6,0.375,2,nvidia/Llama-3.3-70B-Instruct-NVFP4,p3
precisely,5,0.6,0.375,2,nvidia/Llama-3.3-70B-Instruct-NVFP4,p3
plead,5,0.6,0.375,2,nvidia/Llama-3.3-70B-Instruct-NVFP4,p3
subdue,10,0.6,0.375,4,nvidia/Llama-3.3-70B-Instruct-NVFP4,p3
deception,5,0.6,0.375,2,nvidia/Llama-3.3-70B-Instruct-NVFP4,p3
diffuse,5,0.6,0.375,2,nvidia/Llama-3.3-70B-Instruct-NVFP4,p3
approval,5,0.6,0.375,2,nvidia/Llama-3.3-70B-Instruct-NVFP4,p3
appendage,5,0.6,0.375,2,nvidia/Llama-3.3-70B-Instruct-NVFP4,p3
affliction,5,0.6,0.375,2,nvidia/Llama-3.3-70B-Instruct-NVFP4,p3
capitalize,8,0.625,0.38461538461538464,3,nvidia/Llama-3.3-70B-Instruct-NVFP4,p3
jerk,8,0.625,0.38461538461538464,3,nvidia/Llama-3.3-70B-Instruct-NVFP4,p3
speed,8,0.625,0.38461538461538464,3,nvidia/Llama-3.3-70B-Instruct-NVFP4,p3
scatter,8,0.625,0.38461538461538464,3,nvidia/Llama-3.3-70B-Instruct-NVFP4,p3
standard,6,0.6666666666666666,0.4,2,nvidia/Llama-3.3-70B-Instruct-NVFP4,p3
tip,6,0.6666666666666666,0.4,2,nvidia/Llama-3.3-70B-Instruct-NVFP4,p3
tough,15,0.4666666666666667,0.4,8,nvidia/Llama-3.3-70B-Instruct-NVFP4,p3
devotion,6,0.6666666666666666,0.4,2,nvidia/Llama-3.3-70B-Instruct-NVFP4,p3
patronize,6,0.6666666666666666,0.4,2,nvidia/Llama-3.3-70B-Instruct-NVFP4,p3
tangible,6,0.6666666666666666,0.4,2,nvidia/Llama-3.3-70B-Instruct-NVFP4,p3
operational,6,0.6666666666666666,0.4,2,nvidia/Llama-3.3-70B-Instruct-NVFP4,p3
go_away,5,0.4,0.4,3,nvidia/Llama-3.3-70B-Instruct-NVFP4,p3
fair,5,0.4,0.4,3,nvidia/Llama-3.3-70B-Instruct-NVFP4,p3
stir,11,0.45454545454545453,0.4107142857142857,6,nvidia/Llama-3.3-70B-Instruct-NVFP4,p3
aim,11,0.45454545454545453,0.4107142857142857,6,nvidia/Llama-3.3-70B-Instruct-NVFP4,p3
disturb,7,0.42857142857142855,0.41666666666666663,4,nvidia/Llama-3.3-70B-Instruct-NVFP4,p3
give_up,16,0.5,0.4181818181818182,8,nvidia/Llama-3.3-70B-Instruct-NVFP4,p3
manage,14,0.5,0.4269005847953216,7,nvidia/Llama-3.3-70B-Instruct-NVFP4,p3
peak,12,0.5,0.4375,6,nvidia/Llama-3.3-70B-Instruct-NVFP4,p3
singular,10,0.5,0.45054945054945056,5,nvidia/Llama-3.3-70B-Instruct-NVFP4,p3
confused,10,0.5,0.45054945054945056,5,nvidia/Llama-3.3-70B-Instruct-NVFP4,p3
propagate,10,0.5,0.45054945054945056,5,nvidia/Llama-3.3-70B-Instruct-NVFP4,p3
modest,13,0.5384615384615384,0.4583333333333333,6,nvidia/Llama-3.3-70B-Instruct-NVFP4,p3
lapse,13,0.5384615384615384,0.4583333333333333,6,nvidia/Llama-3.3-70B-Instruct-NVFP4,p3
ascend,13,0.5384615384615384,0.4583333333333333,6,nvidia/Llama-3.3-70B-Instruct-NVFP4,p3
smash,16,0.5625,0.45893719806763283,7,nvidia/Llama-3.3-70B-Instruct-NVFP4,p3
burst,16,0.5625,0.45893719806763283,7,nvidia/Llama-3.3-70B-Instruct-NVFP4,p3
poison,8,0.5,0.4666666666666667,4,nvidia/Llama-3.3-70B-Instruct-NVFP4,p3
hover,8,0.5,0.4666666666666667,4,nvidia/Llama-3.3-70B-Instruct-NVFP4,p3
accommodate,14,0.5714285714285714,0.475,6,nvidia/Llama-3.3-70B-Instruct-NVFP4,p3
conventional,14,0.5714285714285714,0.475,6,nvidia/Llama-3.3-70B-Instruct-NVFP4,p3
plunge,14,0.5714285714285714,0.475,6,nvidia/Llama-3.3-70B-Instruct-NVFP4,p3
casual,14,0.5714285714285714,0.475,6,nvidia/Llama-3.3-70B-Instruct-NVFP4,p3
offensive,11,0.5454545454545454,0.47619047619047616,5,nvidia/Llama-3.3-70B-Instruct-NVFP4,p3
disturbance,11,0.5454545454545454,0.47619047619047616,5,nvidia/Llama-3.3-70B-Instruct-NVFP4,p3
sight,11,0.5454545454545454,0.47619047619047616,5,nvidia/Llama-3.3-70B-Instruct-NVFP4,p3
badly,11,0.5454545454545454,0.47619047619047616,5,nvidia/Llama-3.3-70B-Instruct-NVFP4,p3
alternate,6,0.5,0.4857142857142857,3,nvidia/Llama-3.3-70B-Instruct-NVFP4,p3
comfortably,6,0.5,0.4857142857142857,3,nvidia/Llama-3.3-70B-Instruct-NVFP4,p3
darken,6,0.5,0.4857142857142857,3,nvidia/Llama-3.3-70B-Instruct-NVFP4,p3
cancel,6,0.5,0.4857142857142857,3,nvidia/Llama-3.3-70B-Instruct-NVFP4,p3
landscape,6,0.5,0.4857142857142857,3,nvidia/Llama-3.3-70B-Instruct-NVFP4,p3
age,6,0.5,0.4857142857142857,3,nvidia/Llama-3.3-70B-Instruct-NVFP4,p3
pop,20,0.55,0.48717948717948717,9,nvidia/Llama-3.3-70B-Instruct-NVFP4,p3
deep,20,0.55,0.48717948717948717,9,nvidia/Llama-3.3-70B-Instruct-NVFP4,p3
maneuver,15,0.6,0.48863636363636365,6,nvidia/Llama-3.3-70B-Instruct-NVFP4,p3
hop,12,0.5833333333333334,0.4957983193277311,5,nvidia/Llama-3.3-70B-Instruct-NVFP4,p3
tempt,12,0.5833333333333334,0.4957983193277311,5,nvidia/Llama-3.3-70B-Instruct-NVFP4,p3
structural,12,0.5833333333333334,0.4957983193277311,5,nvidia/Llama-3.3-70B-Instruct-NVFP4,p3
bury,12,0.5833333333333334,0.4957983193277311,5,nvidia/Llama-3.3-70B-Instruct-NVFP4,p3
dampen,12,0.5833333333333334,0.4957983193277311,5,nvidia/Llama-3.3-70B-Instruct-NVFP4,p3
campaign,12,0.5833333333333334,0.4957983193277311,5,nvidia/Llama-3.3-70B-Instruct-NVFP4,p3
loss,12,0.5833333333333334,0.4957983193277311,5,nvidia/Llama-3.3-70B-Instruct-NVFP4,p3
camp,12,0.5833333333333334,0.4957983193277311,5,nvidia/Llama-3.3-70B-Instruct-NVFP4,p3
rush,12,0.5833333333333334,0.4957983193277311,5,nvidia/Llama-3.3-70B-Instruct-NVFP4,p3
set_off,12,0.5833333333333334,0.4957983193277311,5,nvidia/Llama-3.3-70B-Instruct-NVFP4,p3
youth,12,0.5833333333333334,0.4957983193277311,5,nvidia/Llama-3.3-70B-Instruct-NVFP4,p3
glow,21,0.5714285714285714,0.49867374005305043,9,nvidia/Llama-3.3-70B-Instruct-NVFP4,p3
snap,16,0.625,0.5,6,nvidia/Llama-3.3-70B-Instruct-NVFP4,p3
emerge,9,0.5555555555555556,0.5,4,nvidia/Llama-3.3-70B-Instruct-NVFP4,p3
visit,9,0.5555555555555556,0.5,4,nvidia/Llama-3.3-70B-Instruct-NVFP4,p3
hold_back,9,0.5555555555555556,0.5,4,nvidia/Llama-3.3-70B-Instruct-NVFP4,p3
starve,9,0.5555555555555556,0.5,4,nvidia/Llama-3.3-70B-Instruct-NVFP4,p3
ridge,9,0.5555555555555556,0.5,4,nvidia/Llama-3.3-70B-Instruct-NVFP4,p3
perception,9,0.5555555555555556,0.5,4,nvidia/Llama-3.3-70B-Instruct-NVFP4,p3
confrontation,9,0.5555555555555556,0.5,4,nvidia/Llama-3.3-70B-Instruct-NVFP4,p3
consume,9,0.5555555555555556,0.5,4,nvidia/Llama-3.3-70B-Instruct-NVFP4,p3
break_away,9,0.5555555555555556,0.5,4,nvidia/Llama-3.3-70B-Instruct-NVFP4,p3
attraction,9,0.5555555555555556,0.5,4,nvidia/Llama-3.3-70B-Instruct-NVFP4,p3
thread,9,0.5555555555555556,0.5,4,nvidia/Llama-3.3-70B-Instruct-NVFP4,p3
advance,16,0.625,0.5,6,nvidia/Llama-3.3-70B-Instruct-NVFP4,p3
extreme,9,0.5555555555555556,0.5,4,nvidia/Llama-3.3-70B-Instruct-NVFP4,p3
expand,9,0.5555555555555556,0.5,4,nvidia/Llama-3.3-70B-Instruct-NVFP4,p3
presentation,13,0.6153846153846154,0.5112781954887218,5,nvidia/Llama-3.3-70B-Instruct-NVFP4,p3
take_over,13,0.6153846153846154,0.5112781954887218,5,nvidia/Llama-3.3-70B-Instruct-NVFP4,p3
bare,13,0.6153846153846154,0.5112781954887218,5,nvidia/Llama-3.3-70B-Instruct-NVFP4,p3
rest,16,0.5625,0.5151515151515151,7,nvidia/Llama-3.3-70B-Instruct-NVFP4,p3
introduce,16,0.5625,0.5151515151515151,7,nvidia/Llama-3.3-70B-Instruct-NVFP4,p3
block,18,0.6666666666666666,0.5178571428571428,6,nvidia/Llama-3.3-70B-Instruct-NVFP4,p3
depress,10,0.6,0.5238095238095238,4,nvidia/Llama-3.3-70B-Instruct-NVFP4,p3
warmth,10,0.6,0.5238095238095238,4,nvidia/Llama-3.3-70B-Instruct-NVFP4,p3
refine,10,0.6,0.5238095238095238,4,nvidia/Llama-3.3-70B-Instruct-NVFP4,p3
storm,10,0.6,0.5238095238095238,4,nvidia/Llama-3.3-70B-Instruct-NVFP4,p3
surrender,10,0.6,0.5238095238095238,4,nvidia/Llama-3.3-70B-Instruct-NVFP4,p3
commitment,10,0.6,0.5238095238095238,4,nvidia/Llama-3.3-70B-Instruct-NVFP4,p3
consolidate,10,0.6,0.5238095238095238,4,nvidia/Llama-3.3-70B-Instruct-NVFP4,p3
deliberation,10,0.6,0.5238095238095238,4,nvidia/Llama-3.3-70B-Instruct-NVFP4,p3
loosen,10,0.6,0.5238095238095238,4,nvidia/Llama-3.3-70B-Instruct-NVFP4,p3
administer,10,0.6,0.5238095238095238,4,nvidia/Llama-3.3-70B-Instruct-NVFP4,p3
bass,10,0.6,0.5238095238095238,4,nvidia/Llama-3.3-70B-Instruct-NVFP4,p3
blame,10,0.6,0.5238095238095238,4,nvidia/Llama-3.3-70B-Instruct-NVFP4,p3
trade,10,0.6,0.5238095238095238,4,nvidia/Llama-3.3-70B-Instruct-NVFP4,p3
allied,10,0.6,0.5238095238095238,4,nvidia/Llama-3.3-70B-Instruct-NVFP4,p3
discretion,10,0.6,0.5238095238095238,4,nvidia/Llama-3.3-70B-Instruct-NVFP4,p3
organize,10,0.6,0.5238095238095238,4,nvidia/Llama-3.3-70B-Instruct-NVFP4,p3
essence,7,0.5714285714285714,0.5333333333333333,3,nvidia/Llama-3.3-70B-Instruct-NVFP4,p3
vitality,7,0.5714285714285714,0.5333333333333333,3,nvidia/Llama-3.3-70B-Instruct-NVFP4,p3
hum,7,0.5714285714285714,0.5333333333333333,3,nvidia/Llama-3.3-70B-Instruct-NVFP4,p3
amplify,7,0.5714285714285714,0.5333333333333333,3,nvidia/Llama-3.3-70B-Instruct-NVFP4,p3
invade,7,0.5714285714285714,0.5333333333333333,3,nvidia/Llama-3.3-70B-Instruct-NVFP4,p3
compromise,7,0.5714285714285714,0.5333333333333333,3,nvidia/Llama-3.3-70B-Instruct-NVFP4,p3
caution,7,0.5714285714285714,0.5333333333333333,3,nvidia/Llama-3.3-70B-Instruct-NVFP4,p3
stand_for,7,0.5714285714285714,0.5333333333333333,3,nvidia/Llama-3.3-70B-Instruct-NVFP4,p3
spiritual,7,0.5714285714285714,0.5333333333333333,3,nvidia/Llama-3.3-70B-Instruct-NVFP4,p3
spare,7,0.5714285714285714,0.5333333333333333,3,nvidia/Llama-3.3-70B-Instruct-NVFP4,p3
harness,7,0.5714285714285714,0.5333333333333333,3,nvidia/Llama-3.3-70B-Instruct-NVFP4,p3
tolerant,7,0.5714285714285714,0.5333333333333333,3,nvidia/Llama-3.3-70B-Instruct-NVFP4,p3
validate,7,0.5714285714285714,0.5333333333333333,3,nvidia/Llama-3.3-70B-Instruct-NVFP4,p3
accounting,7,0.5714285714285714,0.5333333333333333,3,nvidia/Llama-3.3-70B-Instruct-NVFP4,p3
terrible,7,0.5714285714285714,0.5333333333333333,3,nvidia/Llama-3.3-70B-Instruct-NVFP4,p3
flow,11,0.6363636363636364,0.5416666666666666,4,nvidia/Llama-3.3-70B-Instruct-NVFP4,p3
attack,11,0.6363636363636364,0.5416666666666666,4,nvidia/Llama-3.3-70B-Instruct-NVFP4,p3
think_of,11,0.6363636363636364,0.5416666666666666,4,nvidia/Llama-3.3-70B-Instruct-NVFP4,p3
control,18,0.6111111111111112,0.5418181818181818,7,nvidia/Llama-3.3-70B-Instruct-NVFP4,p3
focus,19,0.5789473684210527,0.5476190476190476,8,nvidia/Llama-3.3-70B-Instruct-NVFP4,p3
jam,9,0.5555555555555556,0.55,4,nvidia/Llama-3.3-70B-Instruct-NVFP4,p3
up,9,0.5555555555555556,0.55,4,nvidia/Llama-3.3-70B-Instruct-NVFP4,p3
withdraw,23,0.6086956521739131,0.5548387096774194,9,nvidia/Llama-3.3-70B-Instruct-NVFP4,p3
access,12,0.5833333333333334,0.5555555555555556,5,nvidia/Llama-3.3-70B-Instruct-NVFP4,p3
captain,12,0.5833333333333334,0.5555555555555556,5,nvidia/Llama-3.3-70B-Instruct-NVFP4,p3
splash,12,0.6666666666666666,0.5555555555555556,4,nvidia/Llama-3.3-70B-Instruct-NVFP4,p3
cut_out,8,0.625,0.5636363636363637,3,nvidia/Llama-3.3-70B-Instruct-NVFP4,p3
curse,16,0.625,0.5636363636363637,6,nvidia/Llama-3.3-70B-Instruct-NVFP4,p3
open_up,8,0.625,0.5636363636363637,3,nvidia/Llama-3.3-70B-Instruct-NVFP4,p3
drab,8,0.625,0.5636363636363637,3,nvidia/Llama-3.3-70B-Instruct-NVFP4,p3
depart,8,0.625,0.5636363636363637,3,nvidia/Llama-3.3-70B-Instruct-NVFP4,p3
plague,8,0.625,0.5636363636363637,3,nvidia/Llama-3.3-70B-Instruct-NVFP4,p3
question,8,0.625,0.5636363636363637,3,nvidia/Llama-3.3-70B-Instruct-NVFP4,p3
quietly,8,0.625,0.5636363636363637,3,nvidia/Llama-3.3-70B-Instruct-NVFP4,p3
deny,8,0.625,0.5636363636363637,3,nvidia/Llama-3.3-70B-Instruct-NVFP4,p3
carry_over,8,0.625,0.5636363636363637,3,nvidia/Llama-3.3-70B-Instruct-NVFP4,p3
shorten,8,0.625,0.5636363636363637,3,nvidia/Llama-3.3-70B-Instruct-NVFP4,p3
speculate,8,0.625,0.5636363636363637,3,nvidia/Llama-3.3-70B-Instruct-NVFP4,p3
frost,8,0.625,0.5636363636363637,3,nvidia/Llama-3.3-70B-Instruct-NVFP4,p3
spice,8,0.625,0.5636363636363637,3,nvidia/Llama-3.3-70B-Instruct-NVFP4,p3
dissipate,8,0.625,0.5636363636363637,3,nvidia/Llama-3.3-70B-Instruct-NVFP4,p3
popular,8,0.625,0.5636363636363637,3,nvidia/Llama-3.3-70B-Instruct-NVFP4,p3
summon,8,0.625,0.5636363636363637,3,nvidia/Llama-3.3-70B-Instruct-NVFP4,p3
gain,8,0.625,0.5636363636363637,3,nvidia/Llama-3.3-70B-Instruct-NVFP4,p3
spiral,8,0.625,0.5636363636363637,3,nvidia/Llama-3.3-70B-Instruct-NVFP4,p3
share,8,0.625,0.5636363636363637,3,nvidia/Llama-3.3-70B-Instruct-NVFP4,p3
isolate,8,0.625,0.5636363636363637,3,nvidia/Llama-3.3-70B-Instruct-NVFP4,p3
isolated,8,0.625,0.5636363636363637,3,nvidia/Llama-3.3-70B-Instruct-NVFP4,p3
initiate,8,0.625,0.5636363636363637,3,nvidia/Llama-3.3-70B-Instruct-NVFP4,p3
speculation,8,0.625,0.5636363636363637,3,nvidia/Llama-3.3-70B-Instruct-NVFP4,p3
review,16,0.625,0.5636363636363637,6,nvidia/Llama-3.3-70B-Instruct-NVFP4,p3
join,8,0.625,0.5636363636363637,3,nvidia/Llama-3.3-70B-Instruct-NVFP4,p3
command,8,0.625,0.5636363636363637,3,nvidia/Llama-3.3-70B-Instruct-NVFP4,p3
irregularly,8,0.625,0.5636363636363637,3,nvidia/Llama-3.3-70B-Instruct-NVFP4,p3
redeem,8,0.625,0.5636363636363637,3,nvidia/Llama-3.3-70B-Instruct-NVFP4,p3
engrave,8,0.625,0.5636363636363637,3,nvidia/Llama-3.3-70B-Instruct-NVFP4,p3
market,8,0.625,0.5636363636363637,3,nvidia/Llama-3.3-70B-Instruct-NVFP4,p3
logic,8,0.625,0.5636363636363637,3,nvidia/Llama-3.3-70B-Instruct-NVFP4,p3
indicate,8,0.625,0.5636363636363637,3,nvidia/Llama-3.3-70B-Instruct-NVFP4,p3
attest,8,0.625,0.5636363636363637,3,nvidia/Llama-3.3-70B-Instruct-NVFP4,p3
guess,8,0.625,0.5636363636363637,3,nvidia/Llama-3.3-70B-Instruct-NVFP4,p3
theme,8,0.625,0.5636363636363637,3,nvidia/Llama-3.3-70B-Instruct-NVFP4,p3
possibility,8,0.625,0.5636363636363637,3,nvidia/Llama-3.3-70B-Instruct-NVFP4,p3
pillar,8,0.625,0.5636363636363637,3,nvidia/Llama-3.3-70B-Instruct-NVFP4,p3
derive,8,0.625,0.5636363636363637,3,nvidia/Llama-3.3-70B-Instruct-NVFP4,p3
poise,8,0.625,0.5636363636363637,3,nvidia/Llama-3.3-70B-Instruct-NVFP4,p3
disregard,8,0.625,0.5636363636363637,3,nvidia/Llama-3.3-70B-Instruct-NVFP4,p3
liable,8,0.625,0.5636363636363637,3,nvidia/Llama-3.3-70B-Instruct-NVFP4,p3
pair,8,0.625,0.5636363636363637,3,nvidia/Llama-3.3-70B-Instruct-NVFP4,p3
emergence,8,0.625,0.5636363636363637,3,nvidia/Llama-3.3-70B-Instruct-NVFP4,p3
maternal,8,0.625,0.5636363636363637,3,nvidia/Llama-3.3-70B-Instruct-NVFP4,p3
reel,7,0.5714285714285714,0.5714285714285714,3,nvidia/Llama-3.3-70B-Instruct-NVFP4,p3
vacuum,7,0.5714285714285714,0.5714285714285714,3,nvidia/Llama-3.3-70B-Instruct-NVFP4,p3
sweep,17,0.6470588235294118,0.575,6,nvidia/Llama-3.3-70B-Instruct-NVFP4,p3
security,13,0.6153846153846154,0.5751633986928104,5,nvidia/Llama-3.3-70B-Instruct-NVFP4,p3
syndicate,5,0.6,0.5833333333333333,2,nvidia/Llama-3.3-70B-Instruct-NVFP4,p3
garbage,5,0.6,0.5833333333333333,2,nvidia/Llama-3.3-70B-Instruct-NVFP4,p3
imagination,5,0.6,0.5833333333333333,2,nvidia/Llama-3.3-70B-Instruct-NVFP4,p3
romantic,5,0.6,0.5833333333333333,2,nvidia/Llama-3.3-70B-Instruct-NVFP4,p3
conjunction,10,0.6,0.5833333333333333,4,nvidia/Llama-3.3-70B-Instruct-NVFP4,p3
simulate,5,0.6,0.5833333333333333,2,nvidia/Llama-3.3-70B-Instruct-NVFP4,p3
specialize,5,0.6,0.5833333333333333,2,nvidia/Llama-3.3-70B-Instruct-NVFP4,p3
justice,5,0.6,0.5833333333333333,2,nvidia/Llama-3.3-70B-Instruct-NVFP4,p3
irregularity,5,0.6,0.5833333333333333,2,nvidia/Llama-3.3-70B-Instruct-NVFP4,p3
inferiority,5,0.6,0.5833333333333333,2,nvidia/Llama-3.3-70B-Instruct-NVFP4,p3
tug,10,0.6,0.5833333333333333,4,nvidia/Llama-3.3-70B-Instruct-NVFP4,p3
indent,5,0.6,0.5833333333333333,2,nvidia/Llama-3.3-70B-Instruct-NVFP4,p3
grievance,5,0.6,0.5833333333333333,2,nvidia/Llama-3.3-70B-Instruct-NVFP4,p3
through,5,0.6,0.5833333333333333,2,nvidia/Llama-3.3-70B-Instruct-NVFP4,p3
hoop,5,0.6,0.5833333333333333,2,nvidia/Llama-3.3-70B-Instruct-NVFP4,p3
get_along,5,0.6,0.5833333333333333,2,nvidia/Llama-3.3-70B-Instruct-NVFP4,p3
median,5,0.6,0.5833333333333333,2,nvidia/Llama-3.3-70B-Instruct-NVFP4,p3
dramatic,5,0.6,0.5833333333333333,2,nvidia/Llama-3.3-70B-Instruct-NVFP4,p3
dwell,5,0.6,0.5833333333333333,2,nvidia/Llama-3.3-70B-Instruct-NVFP4,p3
wattle,5,0.6,0.5833333333333333,2,nvidia/Llama-3.3-70B-Instruct-NVFP4,p3
optical,5,0.6,0.5833333333333333,2,nvidia/Llama-3.3-70B-Instruct-NVFP4,p3
liability,5,0.6,0.5833333333333333,2,nvidia/Llama-3.3-70B-Instruct-NVFP4,p3
define,10,0.6,0.5833333333333333,4,nvidia/Llama-3.3-70B-Instruct-NVFP4,p3
sweetheart,5,0.6,0.5833333333333333,2,nvidia/Llama-3.3-70B-Instruct-NVFP4,p3
prosperous,5,0.6,0.5833333333333333,2,nvidia/Llama-3.3-70B-Instruct-NVFP4,p3
lettuce,5,0.6,0.5833333333333333,2,nvidia/Llama-3.3-70B-Instruct-NVFP4,p3
inheritance,5,0.6,0.5833333333333333,2,nvidia/Llama-3.3-70B-Instruct-NVFP4,p3
sum,9,0.6666666666666666,0.5846153846153846,3,nvidia/Llama-3.3-70B-Instruct-NVFP4,p3
observation,9,0.6666666666666666,0.5846153846153846,3,nvidia/Llama-3.3-70B-Instruct-NVFP4,p3
exercise,9,0.6666666666666666,0.5846153846153846,3,nvidia/Llama-3.3-70B-Instruct-NVFP4,p3
regard,9,0.6666666666666666,0.5846153846153846,3,nvidia/Llama-3.3-70B-Instruct-NVFP4,p3
reward,9,0.6666666666666666,0.5846153846153846,3,nvidia/Llama-3.3-70B-Instruct-NVFP4,p3
repel,9,0.6666666666666666,0.5846153846153846,3,nvidia/Llama-3.3-70B-Instruct-NVFP4,p3
stream,9,0.6666666666666666,0.5846153846153846,3,nvidia/Llama-3.3-70B-Instruct-NVFP4,p3
familiarity,9,0.6666666666666666,0.5846153846153846,3,nvidia/Llama-3.3-70B-Instruct-NVFP4,p3
exhaust,9,0.6666666666666666,0.5846153846153846,3,nvidia/Llama-3.3-70B-Instruct-NVFP4,p3
time,9,0.6666666666666666,0.5846153846153846,3,nvidia/Llama-3.3-70B-Instruct-NVFP4,p3
stiffness,9,0.6666666666666666,0.5846153846153846,3,nvidia/Llama-3.3-70B-Instruct-NVFP4,p3
brush,9,0.6666666666666666,0.5846153846153846,3,nvidia/Llama-3.3-70B-Instruct-NVFP4,p3
zero,14,0.6428571428571429,0.5906432748538011,5,nvidia/Llama-3.3-70B-Instruct-NVFP4,p3
touch,20,0.6,0.595959595959596,8,nvidia/Llama-3.3-70B-Instruct-NVFP4,p3
set_up,18,0.6111111111111112,0.6,7,nvidia/Llama-3.3-70B-Instruct-NVFP4,p3
puff,16,0.625,0.6,6,nvidia/Llama-3.3-70B-Instruct-NVFP4,p3
flood,16,0.625,0.6,6,nvidia/Llama-3.3-70B-Instruct-NVFP4,p3
deaden,10,0.7,0.6000000000000001,3,nvidia/Llama-3.3-70B-Instruct-NVFP4,p3
deal,20,0.7,0.6000000000000001,6,nvidia/Llama-3.3-70B-Instruct-NVFP4,p3
flip,15,0.6666666666666666,0.6031746031746031,5,nvidia/Llama-3.3-70B-Instruct-NVFP4,p3
core,15,0.6666666666666666,0.6031746031746031,5,nvidia/Llama-3.3-70B-Instruct-NVFP4,p3
sweet,13,0.6153846153846154,0.606060606060606,5,nvidia/Llama-3.3-70B-Instruct-NVFP4,p3
awkward,11,0.6363636363636364,0.6071428571428572,4,nvidia/Llama-3.3-70B-Instruct-NVFP4,p3
neutralize,11,0.6363636363636364,0.6071428571428572,4,nvidia/Llama-3.3-70B-Instruct-NVFP4,p3
agitate,11,0.6363636363636364,0.6071428571428572,4,nvidia/Llama-3.3-70B-Instruct-NVFP4,p3
progress,11,0.6363636363636364,0.6071428571428572,4,nvidia/Llama-3.3-70B-Instruct-NVFP4,p3
yield,23,0.6521739130434783,0.6166666666666667,8,nvidia/Llama-3.3-70B-Instruct-NVFP4,p3
active,22,0.6818181818181818,0.6178660049627791,7,nvidia/Llama-3.3-70B-Instruct-NVFP4,p3
surmount,8,0.625,0.6190476190476191,3,nvidia/Llama-3.3-70B-Instruct-NVFP4,p3
sacrifice,8,0.625,0.6190476190476191,3,nvidia/Llama-3.3-70B-Instruct-NVFP4,p3
utter,6,0.6666666666666666,0.625,2,nvidia/Llama-3.3-70B-Instruct-NVFP4,p3
wheel,6,0.6666666666666666,0.625,2,nvidia/Llama-3.3-70B-Instruct-NVFP4,p3
variable,6,0.6666666666666666,0.625,2,nvidia/Llama-3.3-70B-Instruct-NVFP4,p3
unsuitable,6,0.6666666666666666,0.625,2,nvidia/Llama-3.3-70B-Instruct-NVFP4,p3
barrier,6,0.6666666666666666,0.625,2,nvidia/Llama-3.3-70B-Instruct-NVFP4,p3
together,6,0.6666666666666666,0.625,2,nvidia/Llama-3.3-70B-Instruct-NVFP4,p3
bless,6,0.6666666666666666,0.625,2,nvidia/Llama-3.3-70B-Instruct-NVFP4,p3
venture,6,0.6666666666666666,0.625,2,nvidia/Llama-3.3-70B-Instruct-NVFP4,p3
tilt,6,0.6666666666666666,0.625,2,nvidia/Llama-3.3-70B-Instruct-NVFP4,p3
thorax,6,0.6666666666666666,0.625,2,nvidia/Llama-3.3-70B-Instruct-NVFP4,p3
contrary,6,0.6666666666666666,0.625,2,nvidia/Llama-3.3-70B-Instruct-NVFP4,p3
respectable,6,0.6666666666666666,0.625,2,nvidia/Llama-3.3-70B-Instruct-NVFP4,p3
correspond,6,0.6666666666666666,0.625,2,nvidia/Llama-3.3-70B-Instruct-NVFP4,p3
intellect,6,0.6666666666666666,0.625,2,nvidia/Llama-3.3-70B-Instruct-NVFP4,p3
insure,6,0.6666666666666666,0.625,2,nvidia/Llama-3.3-70B-Instruct-NVFP4,p3
gesture,6,0.6666666666666666,0.625,2,nvidia/Llama-3.3-70B-Instruct-NVFP4,p3
confess,6,0.6666666666666666,0.625,2,nvidia/Llama-3.3-70B-Instruct-NVFP4,p3
propagation,6,0.6666666666666666,0.625,2,nvidia/Llama-3.3-70B-Instruct-NVFP4,p3
purify,6,0.6666666666666666,0.625,2,nvidia/Llama-3.3-70B-Instruct-NVFP4,p3
pursuit,6,0.6666666666666666,0.625,2,nvidia/Llama-3.3-70B-Instruct-NVFP4,p3
rouse,6,0.6666666666666666,0.625,2,nvidia/Llama-3.3-70B-Instruct-NVFP4,p3
reside,6,0.6666666666666666,0.625,2,nvidia/Llama-3.3-70B-Instruct-NVFP4,p3
repress,6,0.6666666666666666,0.625,2,nvidia/Llama-3.3-70B-Instruct-NVFP4,p3
contempt,6,0.6666666666666666,0.625,2,nvidia/Llama-3.3-70B-Instruct-NVFP4,p3
parliamentary,6,0.6666666666666666,0.625,2,nvidia/Llama-3.3-70B-Instruct-NVFP4,p3
pathological,6,0.6666666666666666,0.625,2,nvidia/Llama-3.3-70B-Instruct-NVFP4,p3
concentrated,6,0.6666666666666666,0.625,2,nvidia/Llama-3.3-70B-Instruct-NVFP4,p3
scallop,6,0.6666666666666666,0.625,2,nvidia/Llama-3.3-70B-Instruct-NVFP4,p3
council,6,0.6666666666666666,0.625,2,nvidia/Llama-3.3-70B-Instruct-NVFP4,p3
cortex,6,0.6666666666666666,0.625,2,nvidia/Llama-3.3-70B-Instruct-NVFP4,p3
preference,6,0.6666666666666666,0.625,2,nvidia/Llama-3.3-70B-Instruct-NVFP4,p3
detached,12,0.6666666666666666,0.625,4,nvidia/Llama-3.3-70B-Instruct-NVFP4,p3
pepper,6,0.6666666666666666,0.625,2,nvidia/Llama-3.3-70B-Instruct-NVFP4,p3
perform,6,0.6666666666666666,0.625,2,nvidia/Llama-3.3-70B-Instruct-NVFP4,p3
frustration,6,0.6666666666666666,0.625,2,nvidia/Llama-3.3-70B-Instruct-NVFP4,p3
junior,6,0.6666666666666666,0.625,2,nvidia/Llama-3.3-70B-Instruct-NVFP4,p3
distribute,18,0.6666666666666666,0.625,6,nvidia/Llama-3.3-70B-Instruct-NVFP4,p3
distributor,6,0.6666666666666666,0.625,2,nvidia/Llama-3.3-70B-Instruct-NVFP4,p3
invention,6,0.6666666666666666,0.625,2,nvidia/Llama-3.3-70B-Instruct-NVFP4,p3
innocence,6,0.6666666666666666,0.625,2,nvidia/Llama-3.3-70B-Instruct-NVFP4,p3
initiation,6,0.6666666666666666,0.625,2,nvidia/Llama-3.3-70B-Instruct-NVFP4,p3
partner,6,0.6666666666666666,0.625,2,nvidia/Llama-3.3-70B-Instruct-NVFP4,p3
disperse,12,0.6666666666666666,0.625,4,nvidia/Llama-3.3-70B-Instruct-NVFP4,p3
distill,6,0.6666666666666666,0.625,2,nvidia/Llama-3.3-70B-Instruct-NVFP4,p3
invert,6,0.6666666666666666,0.625,2,nvidia/Llama-3.3-70B-Instruct-NVFP4,p3
irritate,6,0.6666666666666666,0.625,2,nvidia/Llama-3.3-70B-Instruct-NVFP4,p3
neutral,12,0.6666666666666666,0.625,4,nvidia/Llama-3.3-70B-Instruct-NVFP4,p3
mold,12,0.6666666666666666,0.625,4,nvidia/Llama-3.3-70B-Instruct-NVFP4,p3
studio,6,0.6666666666666666,0.625,2,nvidia/Llama-3.3-70B-Instruct-NVFP4,p3
foresee,6,0.6666666666666666,0.625,2,nvidia/Llama-3.3-70B-Instruct-NVFP4,p3
cabbage,6,0.6666666666666666,0.625,2,nvidia/Llama-3.3-70B-Instruct-NVFP4,p3
submerge,6,0.6666666666666666,0.625,2,nvidia/Llama-3.3-70B-Instruct-NVFP4,p3
objection,6,0.6666666666666666,0.625,2,nvidia/Llama-3.3-70B-Instruct-NVFP4,p3
spirit,12,0.6666666666666666,0.625,4,nvidia/Llama-3.3-70B-Instruct-NVFP4,p3
learned,6,0.6666666666666666,0.625,2,nvidia/Llama-3.3-70B-Instruct-NVFP4,p3
formality,6,0.6666666666666666,0.625,2,nvidia/Llama-3.3-70B-Instruct-NVFP4,p3
elude,6,0.6666666666666666,0.625,2,nvidia/Llama-3.3-70B-Instruct-NVFP4,p3
owe,6,0.6666666666666666,0.625,2,nvidia/Llama-3.3-70B-Instruct-NVFP4,p3
outburst,6,0.6666666666666666,0.625,2,nvidia/Llama-3.3-70B-Instruct-NVFP4,p3
oppression,6,0.6666666666666666,0.625,2,nvidia/Llama-3.3-70B-Instruct-NVFP4,p3
ordain,6,0.6666666666666666,0.625,2,nvidia/Llama-3.3-70B-Instruct-NVFP4,p3
shortened,6,0.6666666666666666,0.625,2,nvidia/Llama-3.3-70B-Instruct-NVFP4,p3
endless,6,0.6666666666666666,0.625,2,nvidia/Llama-3.3-70B-Instruct-NVFP4,p3
peace,6,0.6666666666666666,0.625,2,nvidia/Llama-3.3-70B-Instruct-NVFP4,p3
cult,6,0.6666666666666666,0.625,2,nvidia/Llama-3.3-70B-Instruct-NVFP4,p3
incorporate,6,0.6666666666666666,0.625,2,nvidia/Llama-3.3-70B-Instruct-NVFP4,p3
crude,12,0.6666666666666666,0.625,4,nvidia/Llama-3.3-70B-Instruct-NVFP4,p3
cyclic,6,0.6666666666666666,0.625,2,nvidia/Llama-3.3-70B-Instruct-NVFP4,p3
fellowship,6,0.6666666666666666,0.625,2,nvidia/Llama-3.3-70B-Instruct-NVFP4,p3
feast,6,0.6666666666666666,0.625,2,nvidia/Llama-3.3-70B-Instruct-NVFP4,p3
championship,6,0.6666666666666666,0.625,2,nvidia/Llama-3.3-70B-Instruct-NVFP4,p3
knob,6,0.6666666666666666,0.625,2,nvidia/Llama-3.3-70B-Instruct-NVFP4,p3
merry,6,0.6666666666666666,0.625,2,nvidia/Llama-3.3-70B-Instruct-NVFP4,p3
calculus,6,0.6666666666666666,0.625,2,nvidia/Llama-3.3-70B-Instruct-NVFP4,p3
care,12,0.6666666666666666,0.625,4,nvidia/Llama-3.3-70B-Instruct-NVFP4,p3
smoothness,6,0.6666666666666666,0.625,2,nvidia/Llama-3.3-70B-Instruct-NVFP4,p3
snarl,6,0.6666666666666666,0.625,2,nvidia/Llama-3.3-70B-Instruct-NVFP4,p3
eternity,6,0.6666666666666666,0.625,2,nvidia/Llama-3.3-70B-Instruct-NVFP4,p3
escort,6,0.6666666666666666,0.625,2,nvidia/Llama-3.3-70B-Instruct-NVFP4,p3
error,12,0.6666666666666666,0.625,4,nvidia/Llama-3.3-70B-Instruct-NVFP4,p3
immerse,6,0.6666666666666666,0.625,2,nvidia/Llama-3.3-70B-Instruct-NVFP4,p3
spy,12,0.6666666666666666,0.625,4,nvidia/Llama-3.3-70B-Instruct-NVFP4,p3
lookout,6,0.6666666666666666,0.625,2,nvidia/Llama-3.3-70B-Instruct-NVFP4,p3
grave,6,0.6666666666666666,0.625,2,nvidia/Llama-3.3-70B-Instruct-NVFP4,p3
seize,14,0.6428571428571429,0.625668449197861,5,nvidia/Llama-3.3-70B-Instruct-NVFP4,p3
introduction,14,0.6428571428571429,0.625668449197861,5,nvidia/Llama-3.3-70B-Instruct-NVFP4,p3
shower,17,0.6470588235294118,0.6357142857142857,6,nvidia/Llama-3.3-70B-Instruct-NVFP4,p3
horn,17,0.6470588235294118,0.6357142857142857,6,nvidia/Llama-3.3-70B-Instruct-NVFP4,p3
retreat,21,0.6666666666666666,0.6370370370370371,7,nvidia/Llama-3.3-70B-Instruct-NVFP4,p3
experience,13,0.6923076923076923,0.6388888888888888,4,nvidia/Llama-3.3-70B-Instruct-NVFP4,p3
inactive,13,0.6923076923076923,0.6388888888888888,4,nvidia/Llama-3.3-70B-Instruct-NVFP4,p3
stamp,15,0.6666666666666666,0.6411483253588517,5,nvidia/Llama-3.3-70B-Instruct-NVFP4,p3
clear,37,0.6756756756756757,0.6442307692307692,12,nvidia/Llama-3.3-70B-Instruct-NVFP4,p3
wisdom,9,0.6666666666666666,0.6493506493506493,3,nvidia/Llama-3.3-70B-Instruct-NVFP4,p3
population,9,0.6666666666666666,0.6493506493506493,3,nvidia/Llama-3.3-70B-Instruct-NVFP4,p3
concern,9,0.6666666666666666,0.6493506493506493,3,nvidia/Llama-3.3-70B-Instruct-NVFP4,p3
manipulate,9,0.6666666666666666,0.6493506493506493,3,nvidia/Llama-3.3-70B-Instruct-NVFP4,p3
knock,9,0.6666666666666666,0.6493506493506493,3,nvidia/Llama-3.3-70B-Instruct-NVFP4,p3
structure,9,0.6666666666666666,0.6493506493506493,3,nvidia/Llama-3.3-70B-Instruct-NVFP4,p3
purge,9,0.6666666666666666,0.6493506493506493,3,nvidia/Llama-3.3-70B-Instruct-NVFP4,p3
anticipate,9,0.6666666666666666,0.6493506493506493,3,nvidia/Llama-3.3-70B-Instruct-NVFP4,p3
go_on,9,0.6666666666666666,0.6493506493506493,3,nvidia/Llama-3.3-70B-Instruct-NVFP4,p3
seed,9,0.6666666666666666,0.6493506493506493,3,nvidia/Llama-3.3-70B-Instruct-NVFP4,p3
submit,18,0.6666666666666666,0.6493506493506493,6,nvidia/Llama-3.3-70B-Instruct-NVFP4,p3
resolve,9,0.6666666666666666,0.6493506493506493,3,nvidia/Llama-3.3-70B-Instruct-NVFP4,p3
transition,7,0.7142857142857143,0.65,2,nvidia/Llama-3.3-70B-Instruct-NVFP4,p3
arch,7,0.7142857142857143,0.65,2,nvidia/Llama-3.3-70B-Instruct-NVFP4,p3
involvement,7,0.7142857142857143,0.65,2,nvidia/Llama-3.3-70B-Instruct-NVFP4,p3
sway,7,0.7142857142857143,0.65,2,nvidia/Llama-3.3-70B-Instruct-NVFP4,p3
confront,7,0.7142857142857143,0.65,2,nvidia/Llama-3.3-70B-Instruct-NVFP4,p3
answer,7,0.7142857142857143,0.65,2,nvidia/Llama-3.3-70B-Instruct-NVFP4,p3
infusion,7,0.7142857142857143,0.65,2,nvidia/Llama-3.3-70B-Instruct-NVFP4,p3
advanced,7,0.7142857142857143,0.65,2,nvidia/Llama-3.3-70B-Instruct-NVFP4,p3
straightforward,7,0.7142857142857143,0.65,2,nvidia/Llama-3.3-70B-Instruct-NVFP4,p3
rating,7,0.7142857142857143,0.65,2,nvidia/Llama-3.3-70B-Instruct-NVFP4,p3
leadership,7,0.7142857142857143,0.65,2,nvidia/Llama-3.3-70B-Instruct-NVFP4,p3
colony,7,0.7142857142857143,0.65,2,nvidia/Llama-3.3-70B-Instruct-NVFP4,p3
revelation,7,0.7142857142857143,0.65,2,nvidia/Llama-3.3-70B-Instruct-NVFP4,p3
silence,7,0.7142857142857143,0.65,2,nvidia/Llama-3.3-70B-Instruct-NVFP4,p3
stumble,7,0.7142857142857143,0.65,2,nvidia/Llama-3.3-70B-Instruct-NVFP4,p3
yoke,7,0.7142857142857143,0.65,2,nvidia/Llama-3.3-70B-Instruct-NVFP4,p3
reversal,16,0.6875,0.6536796536796536,5,nvidia/Llama-3.3-70B-Instruct-NVFP4,p3
bang,16,0.6875,0.6536796536796536,5,nvidia/Llama-3.3-70B-Instruct-NVFP4,p3
solid,21,0.6666666666666666,0.6541176470588235,7,nvidia/Llama-3.3-70B-Instruct-NVFP4,p3
land,17,0.7058823529411765,0.6640316205533596,5,nvidia/Llama-3.3-70B-Instruct-NVFP4,p3
bore,22,0.6818181818181818,0.6644880174291938,7,nvidia/Llama-3.3-70B-Instruct-NVFP4,p3
adhere,6,0.6666666666666666,0.6666666666666666,2,nvidia/Llama-3.3-70B-Instruct-NVFP4,p3
vector,6,0.6666666666666666,0.6666666666666666,2,nvidia/Llama-3.3-70B-Instruct-NVFP4,p3
role,6,0.6666666666666666,0.6666666666666666,2,nvidia/Llama-3.3-70B-Instruct-NVFP4,p3
cone,6,0.6666666666666666,0.6666666666666666,2,nvidia/Llama-3.3-70B-Instruct-NVFP4,p3
confusion,6,0.6666666666666666,0.6666666666666666,2,nvidia/Llama-3.3-70B-Instruct-NVFP4,p3
stall,12,0.6666666666666666,0.6666666666666666,4,nvidia/Llama-3.3-70B-Instruct-NVFP4,p3
globe,6,0.6666666666666666,0.6666666666666666,2,nvidia/Llama-3.3-70B-Instruct-NVFP4,p3
civilization,6,0.6666666666666666,0.6666666666666666,2,nvidia/Llama-3.3-70B-Instruct-NVFP4,p3
bead,6,0.6666666666666666,0.6666666666666666,2,nvidia/Llama-3.3-70B-Instruct-NVFP4,p3
spell,8,0.75,0.6666666666666667,2,nvidia/Llama-3.3-70B-Instruct-NVFP4,p3
mouthpiece,8,0.75,0.6666666666666667,2,nvidia/Llama-3.3-70B-Instruct-NVFP4,p3
porter,8,0.75,0.6666666666666667,2,nvidia/Llama-3.3-70B-Instruct-NVFP4,p3
gem,8,0.75,0.6666666666666667,2,nvidia/Llama-3.3-70B-Instruct-NVFP4,p3
fill_out,10,0.7,0.6703296703296704,3,nvidia/Llama-3.3-70B-Instruct-NVFP4,p3
deduction,10,0.7,0.6703296703296704,3,nvidia/Llama-3.3-70B-Instruct-NVFP4,p3
detachment,10,0.7,0.6703296703296704,3,nvidia/Llama-3.3-70B-Instruct-NVFP4,p3
cross,10,0.7,0.6703296703296704,3,nvidia/Llama-3.3-70B-Instruct-NVFP4,p3
skim,10,0.7,0.6703296703296704,3,nvidia/Llama-3.3-70B-Instruct-NVFP4,p3
display,10,0.7,0.6703296703296704,3,nvidia/Llama-3.3-70B-Instruct-NVFP4,p3
choke,20,0.7,0.6703296703296704,6,nvidia/Llama-3.3-70B-Instruct-NVFP4,p3
liberal,10,0.7,0.6703296703296704,3,nvidia/Llama-3.3-70B-Instruct-NVFP4,p3
skip,10,0.7,0.6703296703296704,3,nvidia/Llama-3.3-70B-Instruct-NVFP4,p3
library,10,0.7,0.6703296703296704,3,nvidia/Llama-3.3-70B-Instruct-NVFP4,p3
heighten,10,0.7,0.6703296703296704,3,nvidia/Llama-3.3-70B-Instruct-NVFP4,p3
performance,10,0.7,0.6703296703296704,3,nvidia/Llama-3.3-70B-Instruct-NVFP4,p3
settlement,10,0.7,0.6703296703296704,3,nvidia/Llama-3.3-70B-Instruct-NVFP4,p3
indirect,10,0.7,0.6703296703296704,3,nvidia/Llama-3.3-70B-Instruct-NVFP4,p3
refer,10,0.7,0.6703296703296704,3,nvidia/Llama-3.3-70B-Instruct-NVFP4,p3
fearful,10,0.7,0.6703296703296704,3,nvidia/Llama-3.3-70B-Instruct-NVFP4,p3
chafe,10,0.7,0.6703296703296704,3,nvidia/Llama-3.3-70B-Instruct-NVFP4,p3
abuse,10,0.7,0.6703296703296704,3,nvidia/Llama-3.3-70B-Instruct-NVFP4,p3
square,13,0.6923076923076923,0.675,4,nvidia/Llama-3.3-70B-Instruct-NVFP4,p3
profess,13,0.6923076923076923,0.675,4,nvidia/Llama-3.3-70B-Instruct-NVFP4,p3
beat,13,0.6923076923076923,0.675,4,nvidia/Llama-3.3-70B-Instruct-NVFP4,p3
trace,19,0.6842105263157895,0.6833333333333333,6,nvidia/Llama-3.3-70B-Instruct-NVFP4,p3
mantle,11,0.7272727272727273,0.6857142857142857,3,nvidia/Llama-3.3-70B-Instruct-NVFP4,p3
gentle,11,0.7272727272727273,0.6857142857142857,3,nvidia/Llama-3.3-70B-Instruct-NVFP4,p3
swing,11,0.7272727272727273,0.6857142857142857,3,nvidia/Llama-3.3-70B-Instruct-NVFP4,p3
crossing,11,0.7272727272727273,0.6857142857142857,3,nvidia/Llama-3.3-70B-Instruct-NVFP4,p3
switch,11,0.7272727272727273,0.6857142857142857,3,nvidia/Llama-3.3-70B-Instruct-NVFP4,p3
administration,11,0.7272727272727273,0.6857142857142857,3,nvidia/Llama-3.3-70B-Instruct-NVFP4,p3
mail,11,0.7272727272727273,0.6857142857142857,3,nvidia/Llama-3.3-70B-Instruct-NVFP4,p3
limit,11,0.7272727272727273,0.6857142857142857,3,nvidia/Llama-3.3-70B-Instruct-NVFP4,p3
corner,20,0.7,0.6875,6,nvidia/Llama-3.3-70B-Instruct-NVFP4,p3
label,17,0.7058823529411765,0.6886446886446886,5,nvidia/Llama-3.3-70B-Instruct-NVFP4,p3
take_away,14,0.7142857142857143,0.6888888888888889,4,nvidia/Llama-3.3-70B-Instruct-NVFP4,p3
spread_out,14,0.7142857142857143,0.6888888888888889,4,nvidia/Llama-3.3-70B-Instruct-NVFP4,p3
radiate,14,0.7142857142857143,0.6888888888888889,4,nvidia/Llama-3.3-70B-Instruct-NVFP4,p3
follow,32,0.71875,0.694591728525981,9,nvidia/Llama-3.3-70B-Instruct-NVFP4,p3
domestic,10,0.7,0.696969696969697,3,nvidia/Llama-3.3-70B-Instruct-NVFP4,p3
distortion,10,0.7,0.696969696969697,3,nvidia/Llama-3.3-70B-Instruct-NVFP4,p3
take_out,21,0.7142857142857143,0.6971153846153846,6,nvidia/Llama-3.3-70B-Instruct-NVFP4,p3
scratch,12,0.75,0.6974789915966386,3,nvidia/Llama-3.3-70B-Instruct-NVFP4,p3
perch,12,0.75,0.6974789915966386,3,nvidia/Llama-3.3-70B-Instruct-NVFP4,p3
spray,12,0.75,0.6974789915966386,3,nvidia/Llama-3.3-70B-Instruct-NVFP4,p3
suffer,18,0.7222222222222222,0.6989966555183946,5,nvidia/Llama-3.3-70B-Instruct-NVFP4,p3
hook,18,0.7222222222222222,0.6989966555183946,5,nvidia/Llama-3.3-70B-Instruct-NVFP4,p3
trouble,18,0.7222222222222222,0.6989966555183946,5,nvidia/Llama-3.3-70B-Instruct-NVFP4,p3
scene,15,0.7333333333333333,0.7,4,nvidia/Llama-3.3-70B-Instruct-NVFP4,p3
track,25,0.72,0.7028862478777589,7,nvidia/Llama-3.3-70B-Instruct-NVFP4,p3
loose,25,0.72,0.7028862478777589,7,nvidia/Llama-3.3-70B-Instruct-NVFP4,p3
break_up,24,0.7083333333333334,0.7078260869565217,7,nvidia/Llama-3.3-70B-Instruct-NVFP4,p3
bruise,7,0.7142857142857143,0.7083333333333333,2,nvidia/Llama-3.3-70B-Instruct-NVFP4,p3
spindle,7,0.7142857142857143,0.7083333333333333,2,nvidia/Llama-3.3-70B-Instruct-NVFP4,p3
under,7,0.7142857142857143,0.7083333333333333,2,nvidia/Llama-3.3-70B-Instruct-NVFP4,p3
system,14,0.7142857142857143,0.7083333333333333,4,nvidia/Llama-3.3-70B-Instruct-NVFP4,p3
unfold,7,0.7142857142857143,0.7083333333333333,2,nvidia/Llama-3.3-70B-Instruct-NVFP4,p3
indicator,7,0.7142857142857143,0.7083333333333333,2,nvidia/Llama-3.3-70B-Instruct-NVFP4,p3
come_on,7,0.7142857142857143,0.7083333333333333,2,nvidia/Llama-3.3-70B-Instruct-NVFP4,p3
sharply,7,0.7142857142857143,0.7083333333333333,2,nvidia/Llama-3.3-70B-Instruct-NVFP4,p3
good,7,0.7142857142857143,0.7083333333333333,2,nvidia/Llama-3.3-70B-Instruct-NVFP4,p3
cleavage,7,0.7142857142857143,0.7083333333333333,2,nvidia/Llama-3.3-70B-Instruct-NVFP4,p3
endorsement,7,0.7142857142857143,0.7083333333333333,2,nvidia/Llama-3.3-70B-Instruct-NVFP4,p3
clip,7,0.7142857142857143,0.7083333333333333,2,nvidia/Llama-3.3-70B-Instruct-NVFP4,p3
solicit,7,0.7142857142857143,0.7083333333333333,2,nvidia/Llama-3.3-70B-Instruct-NVFP4,p3
saturation,7,0.7142857142857143,0.7083333333333333,2,nvidia/Llama-3.3-70B-Instruct-NVFP4,p3
poetic,7,0.7142857142857143,0.7083333333333333,2,nvidia/Llama-3.3-70B-Instruct-NVFP4,p3
legitimate,7,0.7142857142857143,0.7083333333333333,2,nvidia/Llama-3.3-70B-Instruct-NVFP4,p3
appointed,7,0.7142857142857143,0.7083333333333333,2,nvidia/Llama-3.3-70B-Instruct-NVFP4,p3
slate,7,0.7142857142857143,0.7083333333333333,2,nvidia/Llama-3.3-70B-Instruct-NVFP4,p3
hearty,7,0.7142857142857143,0.7083333333333333,2,nvidia/Llama-3.3-70B-Instruct-NVFP4,p3
unit,7,0.7142857142857143,0.7083333333333333,2,nvidia/Llama-3.3-70B-Instruct-NVFP4,p3
antecedent,7,0.7142857142857143,0.7083333333333333,2,nvidia/Llama-3.3-70B-Instruct-NVFP4,p3
glazed,7,0.7142857142857143,0.7083333333333333,2,nvidia/Llama-3.3-70B-Instruct-NVFP4,p3
master,16,0.75,0.7090909090909091,4,nvidia/Llama-3.3-70B-Instruct-NVFP4,p3
grant,26,0.7307692307692307,0.7097288676236044,7,nvidia/Llama-3.3-70B-Instruct-NVFP4,p3
ground,25,0.72,0.7126436781609196,7,nvidia/Llama-3.3-70B-Instruct-NVFP4,p3
capture,18,0.7222222222222222,0.7142857142857142,5,nvidia/Llama-3.3-70B-Instruct-NVFP4,p3
raw,18,0.7222222222222222,0.7142857142857142,5,nvidia/Llama-3.3-70B-Instruct-NVFP4,p3
toss,11,0.7272727272727273,0.717948717948718,3,nvidia/Llama-3.3-70B-Instruct-NVFP4,p3
open,33,0.7272727272727273,0.717948717948718,9,nvidia/Llama-3.3-70B-Instruct-NVFP4,p3
record,11,0.7272727272727273,0.717948717948718,3,nvidia/Llama-3.3-70B-Instruct-NVFP4,p3
content,11,0.7272727272727273,0.717948717948718,3,nvidia/Llama-3.3-70B-Instruct-NVFP4,p3
launch,11,0.7272727272727273,0.717948717948718,3,nvidia/Llama-3.3-70B-Instruct-NVFP4,p3
richness,11,0.7272727272727273,0.717948717948718,3,nvidia/Llama-3.3-70B-Instruct-NVFP4,p3
come_up,15,0.7333333333333333,0.7222222222222222,4,nvidia/Llama-3.3-70B-Instruct-NVFP4,p3
out,15,0.7333333333333333,0.7222222222222222,4,nvidia/Llama-3.3-70B-Instruct-NVFP4,p3
discharge,15,0.7333333333333333,0.7222222222222222,4,nvidia/Llama-3.3-70B-Instruct-NVFP4,p3
regenerate,15,0.7333333333333333,0.7222222222222222,4,nvidia/Llama-3.3-70B-Instruct-NVFP4,p3
flare,11,0.7272727272727273,0.7272727272727273,3,nvidia/Llama-3.3-70B-Instruct-NVFP4,p3
humor,11,0.7272727272727273,0.7272727272727273,3,nvidia/Llama-3.3-70B-Instruct-NVFP4,p3
break_out,8,0.75,0.7333333333333334,2,nvidia/Llama-3.3-70B-Instruct-NVFP4,p3
execute,8,0.75,0.7333333333333334,2,nvidia/Llama-3.3-70B-Instruct-NVFP4,p3
lighting,8,0.75,0.7333333333333334,2,nvidia/Llama-3.3-70B-Instruct-NVFP4,p3
coherent,8,0.75,0.7333333333333334,2,nvidia/Llama-3.3-70B-Instruct-NVFP4,p3
fracture,8,0.75,0.7333333333333334,2,nvidia/Llama-3.3-70B-Instruct-NVFP4,p3
subject,12,0.75,0.7333333333333334,3,nvidia/Llama-3.3-70B-Instruct-NVFP4,p3
stump,8,0.75,0.7333333333333334,2,nvidia/Llama-3.3-70B-Instruct-NVFP4,p3
border,8,0.75,0.7333333333333334,2,nvidia/Llama-3.3-70B-Instruct-NVFP4,p3
disk,8,0.75,0.7333333333333334,2,nvidia/Llama-3.3-70B-Instruct-NVFP4,p3
consider,16,0.75,0.7333333333333334,4,nvidia/Llama-3.3-70B-Instruct-NVFP4,p3
continental,8,0.75,0.7333333333333334,2,nvidia/Llama-3.3-70B-Instruct-NVFP4,p3
dialogue,8,0.75,0.7333333333333334,2,nvidia/Llama-3.3-70B-Instruct-NVFP4,p3
fantastic,8,0.75,0.7333333333333334,2,nvidia/Llama-3.3-70B-Instruct-NVFP4,p3
warm_up,8,0.75,0.7333333333333334,2,nvidia/Llama-3.3-70B-Instruct-NVFP4,p3
affirmation,8,0.75,0.7333333333333334,2,nvidia/Llama-3.3-70B-Instruct-NVFP4,p3
accord,12,0.75,0.7333333333333334,3,nvidia/Llama-3.3-70B-Instruct-NVFP4,p3
wide,8,0.75,0.7333333333333334,2,nvidia/Llama-3.3-70B-Instruct-NVFP4,p3
capacity,16,0.75,0.7333333333333334,4,nvidia/Llama-3.3-70B-Instruct-NVFP4,p3
landing,8,0.75,0.7333333333333334,2,nvidia/Llama-3.3-70B-Instruct-NVFP4,p3
lodge,8,0.75,0.7333333333333334,2,nvidia/Llama-3.3-70B-Instruct-NVFP4,p3
stretch,24,0.75,0.7333333333333334,6,nvidia/Llama-3.3-70B-Instruct-NVFP4,p3
support,20,0.75,0.7333333333333334,5,nvidia/Llama-3.3-70B-Instruct-NVFP4,p3
pride,8,0.75,0.7333333333333334,2,nvidia/Llama-3.3-70B-Instruct-NVFP4,p3
middle,8,0.75,0.7333333333333334,2,nvidia/Llama-3.3-70B-Instruct-NVFP4,p3
knock_out,8,0.75,0.7333333333333334,2,nvidia/Llama-3.3-70B-Instruct-NVFP4,p3
piece,20,0.75,0.7333333333333334,5,nvidia/Llama-3.3-70B-Instruct-NVFP4,p3
pursue,8,0.75,0.7333333333333334,2,nvidia/Llama-3.3-70B-Instruct-NVFP4,p3
fusion,12,0.75,0.7333333333333334,3,nvidia/Llama-3.3-70B-Instruct-NVFP4,p3
shear,8,0.75,0.7333333333333334,2,nvidia/Llama-3.3-70B-Instruct-NVFP4,p3
pace,16,0.75,0.7333333333333334,4,nvidia/Llama-3.3-70B-Instruct-NVFP4,p3
aside,12,0.75,0.7333333333333334,3,nvidia/Llama-3.3-70B-Instruct-NVFP4,p3
generalization,8,0.75,0.7333333333333334,2,nvidia/Llama-3.3-70B-Instruct-NVFP4,p3
fairness,8,0.75,0.7333333333333334,2,nvidia/Llama-3.3-70B-Instruct-NVFP4,p3
fault,12,0.75,0.7333333333333334,3,nvidia/Llama-3.3-70B-Instruct-NVFP4,p3
flank,8,0.75,0.7333333333333334,2,nvidia/Llama-3.3-70B-Instruct-NVFP4,p3
challenge,8,0.75,0.7333333333333334,2,nvidia/Llama-3.3-70B-Instruct-NVFP4,p3
ordinary,8,0.75,0.7333333333333334,2,nvidia/Llama-3.3-70B-Instruct-NVFP4,p3
convey,12,0.75,0.7333333333333334,3,nvidia/Llama-3.3-70B-Instruct-NVFP4,p3
cram,8,0.75,0.7333333333333334,2,nvidia/Llama-3.3-70B-Instruct-NVFP4,p3
get_into,8,0.75,0.7333333333333334,2,nvidia/Llama-3.3-70B-Instruct-NVFP4,p3
reform,8,0.75,0.7333333333333334,2,nvidia/Llama-3.3-70B-Instruct-NVFP4,p3
target,8,0.75,0.7333333333333334,2,nvidia/Llama-3.3-70B-Instruct-NVFP4,p3
truth,8,0.75,0.7333333333333334,2,nvidia/Llama-3.3-70B-Instruct-NVFP4,p3
blessed,8,0.75,0.7333333333333334,2,nvidia/Llama-3.3-70B-Instruct-NVFP4,p3
paternal,8,0.75,0.7333333333333334,2,nvidia/Llama-3.3-70B-Instruct-NVFP4,p3
inspiration,8,0.75,0.7333333333333334,2,nvidia/Llama-3.3-70B-Instruct-NVFP4,p3
seeded,8,0.75,0.7333333333333334,2,nvidia/Llama-3.3-70B-Instruct-NVFP4,p3
heritage,8,0.75,0.7333333333333334,2,nvidia/Llama-3.3-70B-Instruct-NVFP4,p3
interview,8,0.75,0.7333333333333334,2,nvidia/Llama-3.3-70B-Instruct-NVFP4,p3
cycle,12,0.75,0.7333333333333334,3,nvidia/Llama-3.3-70B-Instruct-NVFP4,p3
mask,13,0.7692307692307693,0.7450980392156863,3,nvidia/Llama-3.3-70B-Instruct-NVFP4,p3
lock,13,0.7692307692307693,0.7450980392156863,3,nvidia/Llama-3.3-70B-Instruct-NVFP4,p3
preserve,13,0.7692307692307693,0.7450980392156863,3,nvidia/Llama-3.3-70B-Instruct-NVFP4,p3
escape,13,0.7692307692307693,0.7450980392156863,3,nvidia/Llama-3.3-70B-Instruct-NVFP4,p3
suffocate,13,0.7692307692307693,0.7450980392156863,3,nvidia/Llama-3.3-70B-Instruct-NVFP4,p3
comfort,13,0.7692307692307693,0.7450980392156863,3,nvidia/Llama-3.3-70B-Instruct-NVFP4,p3
dull,16,0.75,0.746031746031746,4,nvidia/Llama-3.3-70B-Instruct-NVFP4,p3
spoil,16,0.75,0.746031746031746,4,nvidia/Llama-3.3-70B-Instruct-NVFP4,p3
delicacy,12,0.75,0.7482517482517483,3,nvidia/Llama-3.3-70B-Instruct-NVFP4,p3
get_up,12,0.75,0.7482517482517483,3,nvidia/Llama-3.3-70B-Instruct-NVFP4,p3
orientation,12,0.75,0.7482517482517483,3,nvidia/Llama-3.3-70B-Instruct-NVFP4,p3
identity,8,0.75,0.75,2,nvidia/Llama-3.3-70B-Instruct-NVFP4,p3
boss,8,0.75,0.75,2,nvidia/Llama-3.3-70B-Instruct-NVFP4,p3
lay,18,0.7777777777777778,0.75,4,nvidia/Llama-3.3-70B-Instruct-NVFP4,p3
profound,9,0.7777777777777778,0.75,2,nvidia/Llama-3.3-70B-Instruct-NVFP4,p3
blast,25,0.76,0.75,6,nvidia/Llama-3.3-70B-Instruct-NVFP4,p3
refined,9,0.7777777777777778,0.75,2,nvidia/Llama-3.3-70B-Instruct-NVFP4,p3
decline,9,0.7777777777777778,0.75,2,nvidia/Llama-3.3-70B-Instruct-NVFP4,p3
complication,9,0.7777777777777778,0.75,2,nvidia/Llama-3.3-70B-Instruct-NVFP4,p3
superior,9,0.7777777777777778,0.75,2,nvidia/Llama-3.3-70B-Instruct-NVFP4,p3
boost,9,0.7777777777777778,0.75,2,nvidia/Llama-3.3-70B-Instruct-NVFP4,p3
bolt,9,0.7777777777777778,0.75,2,nvidia/Llama-3.3-70B-Instruct-NVFP4,p3
shrink,9,0.7777777777777778,0.75,2,nvidia/Llama-3.3-70B-Instruct-NVFP4,p3
cause,9,0.7777777777777778,0.75,2,nvidia/Llama-3.3-70B-Instruct-NVFP4,p3
allowance,9,0.7777777777777778,0.75,2,nvidia/Llama-3.3-70B-Instruct-NVFP4,p3
material,9,0.7777777777777778,0.75,2,nvidia/Llama-3.3-70B-Instruct-NVFP4,p3
common,14,0.7857142857142857,0.7543859649122806,3,nvidia/Llama-3.3-70B-Instruct-NVFP4,p3
extend,26,0.7692307692307693,0.75625,6,nvidia/Llama-3.3-70B-Instruct-NVFP4,p3
separation,17,0.7647058823529411,0.7571428571428571,4,nvidia/Llama-3.3-70B-Instruct-NVFP4,p3
twist,39,0.7692307692307693,0.7590940288263555,9,nvidia/Llama-3.3-70B-Instruct-NVFP4,p3
connect,22,0.7727272727272727,0.7603485838779956,5,nvidia/Llama-3.3-70B-Instruct-NVFP4,p3
feminine,5,0.8,0.7619047619047619,1,nvidia/Llama-3.3-70B-Instruct-NVFP4,p3
spectacle,5,0.8,0.7619047619047619,1,nvidia/Llama-3.3-70B-Instruct-NVFP4,p3
dehydration,5,0.8,0.7619047619047619,1,nvidia/Llama-3.3-70B-Instruct-NVFP4,p3
finally,5,0.8,0.7619047619047619,1,nvidia/Llama-3.3-70B-Instruct-NVFP4,p3
confinement,5,0.8,0.7619047619047619,1,nvidia/Llama-3.3-70B-Instruct-NVFP4,p3
proximity,5,0.8,0.7619047619047619,1,nvidia/Llama-3.3-70B-Instruct-NVFP4,p3
potential,5,0.8,0.7619047619047619,1,nvidia/Llama-3.3-70B-Instruct-NVFP4,p3
pupil,5,0.8,0.7619047619047619,1,nvidia/Llama-3.3-70B-Instruct-NVFP4,p3
mill,5,0.8,0.7619047619047619,1,nvidia/Llama-3.3-70B-Instruct-NVFP4,p3
load,10,0.8,0.7619047619047619,2,nvidia/Llama-3.3-70B-Instruct-NVFP4,p3
enclose,5,0.8,0.7619047619047619,1,nvidia/Llama-3.3-70B-Instruct-NVFP4,p3
unconscious,5,0.8,0.7619047619047619,1,nvidia/Llama-3.3-70B-Instruct-NVFP4,p3
fraction,5,0.8,0.7619047619047619,1,nvidia/Llama-3.3-70B-Instruct-NVFP4,p3
suppose,5,0.8,0.7619047619047619,1,nvidia/Llama-3.3-70B-Instruct-NVFP4,p3
obligation,5,0.8,0.7619047619047619,1,nvidia/Llama-3.3-70B-Instruct-NVFP4,p3
exhibit,5,0.8,0.7619047619047619,1,nvidia/Llama-3.3-70B-Instruct-NVFP4,p3
barb,5,0.8,0.7619047619047619,1,nvidia/Llama-3.3-70B-Instruct-NVFP4,p3
curb,5,0.8,0.7619047619047619,1,nvidia/Llama-3.3-70B-Instruct-NVFP4,p3
elder,5,0.8,0.7619047619047619,1,nvidia/Llama-3.3-70B-Instruct-NVFP4,p3
payment,5,0.8,0.7619047619047619,1,nvidia/Llama-3.3-70B-Instruct-NVFP4,p3
cultural,5,0.8,0.7619047619047619,1,nvidia/Llama-3.3-70B-Instruct-NVFP4,p3
raspberry,5,0.8,0.7619047619047619,1,nvidia/Llama-3.3-70B-Instruct-NVFP4,p3
inflate,5,0.8,0.7619047619047619,1,nvidia/Llama-3.3-70B-Instruct-NVFP4,p3
go_by,5,0.8,0.7619047619047619,1,nvidia/Llama-3.3-70B-Instruct-NVFP4,p3
formula,13,0.7692307692307693,0.7636363636363637,3,nvidia/Llama-3.3-70B-Instruct-NVFP4,p3
dash,17,0.7647058823529411,0.7638888888888888,4,nvidia/Llama-3.3-70B-Instruct-NVFP4,p3
settle,31,0.7741935483870968,0.7654054054054054,7,nvidia/Llama-3.3-70B-Instruct-NVFP4,p3
whistle,18,0.7777777777777778,0.7662337662337663,4,nvidia/Llama-3.3-70B-Instruct-NVFP4,p3
fit,18,0.7777777777777778,0.7662337662337663,4,nvidia/Llama-3.3-70B-Instruct-NVFP4,p3
break_down,13,0.7692307692307693,0.7692307692307693,3,nvidia/Llama-3.3-70B-Instruct-NVFP4,p3
shift,31,0.7741935483870968,0.7703703703703704,7,nvidia/Llama-3.3-70B-Instruct-NVFP4,p3
association,11,0.8181818181818182,0.7708333333333333,2,nvidia/Llama-3.3-70B-Instruct-NVFP4,p3
grounds,22,0.7727272727272727,0.7722567287784678,5,nvidia/Llama-3.3-70B-Instruct-NVFP4,p3
trip,9,0.7777777777777778,0.775,2,nvidia/Llama-3.3-70B-Instruct-NVFP4,p3
temporal,9,0.7777777777777778,0.775,2,nvidia/Llama-3.3-70B-Instruct-NVFP4,p3
draw_in,9,0.7777777777777778,0.775,2,nvidia/Llama-3.3-70B-Instruct-NVFP4,p3
call_in,9,0.7777777777777778,0.775,2,nvidia/Llama-3.3-70B-Instruct-NVFP4,p3
run_out,9,0.7777777777777778,0.775,2,nvidia/Llama-3.3-70B-Instruct-NVFP4,p3
break_in,9,0.7777777777777778,0.775,2,nvidia/Llama-3.3-70B-Instruct-NVFP4,p3
extension,18,0.7777777777777778,0.775,4,nvidia/Llama-3.3-70B-Instruct-NVFP4,p3
restraint,9,0.7777777777777778,0.775,2,nvidia/Llama-3.3-70B-Instruct-NVFP4,p3
bind,18,0.7777777777777778,0.775,4,nvidia/Llama-3.3-70B-Instruct-NVFP4,p3
transport,9,0.7777777777777778,0.775,2,nvidia/Llama-3.3-70B-Instruct-NVFP4,p3
worth,9,0.7777777777777778,0.775,2,nvidia/Llama-3.3-70B-Instruct-NVFP4,p3
ward,9,0.7777777777777778,0.775,2,nvidia/Llama-3.3-70B-Instruct-NVFP4,p3
agitation,9,0.7777777777777778,0.775,2,nvidia/Llama-3.3-70B-Instruct-NVFP4,p3
condition,9,0.7777777777777778,0.775,2,nvidia/Llama-3.3-70B-Instruct-NVFP4,p3
closed,14,0.7857142857142857,0.7754010695187166,3,nvidia/Llama-3.3-70B-Instruct-NVFP4,p3
occupy,14,0.7857142857142857,0.7754010695187166,3,nvidia/Llama-3.3-70B-Instruct-NVFP4,p3
acceptance,14,0.7857142857142857,0.7754010695187166,3,nvidia/Llama-3.3-70B-Instruct-NVFP4,p3
alarm,6,0.8333333333333334,0.7777777777777777,1,nvidia/Llama-3.3-70B-Instruct-NVFP4,p3
straighten,6,0.8333333333333334,0.7777777777777777,1,nvidia/Llama-3.3-70B-Instruct-NVFP4,p3
defect,6,0.8333333333333334,0.7777777777777777,1,nvidia/Llama-3.3-70B-Instruct-NVFP4,p3
cock,6,0.8333333333333334,0.7777777777777777,1,nvidia/Llama-3.3-70B-Instruct-NVFP4,p3
cut_short,6,0.8333333333333334,0.7777777777777777,1,nvidia/Llama-3.3-70B-Instruct-NVFP4,p3
scale,28,0.7857142857142857,0.78125,6,nvidia/Llama-3.3-70B-Instruct-NVFP4,p3
represent,24,0.7916666666666666,0.7822141560798548,5,nvidia/Llama-3.3-70B-Instruct-NVFP4,p3
crash,19,0.7894736842105263,0.7840909090909092,4,nvidia/Llama-3.3-70B-Instruct-NVFP4,p3
find,19,0.7894736842105263,0.7840909090909092,4,nvidia/Llama-3.3-70B-Instruct-NVFP4,p3
rack,14,0.7857142857142857,0.7846153846153847,3,nvidia/Llama-3.3-70B-Instruct-NVFP4,p3
flash,15,0.8,0.784688995215311,3,nvidia/Llama-3.3-70B-Instruct-NVFP4,p3
turn_over,15,0.8,0.784688995215311,3,nvidia/Llama-3.3-70B-Instruct-NVFP4,p3
contract,15,0.8,0.784688995215311,3,nvidia/Llama-3.3-70B-Instruct-NVFP4,p3
stick,25,0.8,0.7877758913412564,5,nvidia/Llama-3.3-70B-Instruct-NVFP4,p3
tenor,7,0.8571428571428571,0.7878787878787878,1,nvidia/Llama-3.3-70B-Instruct-NVFP4,p3
last,7,0.8571428571428571,0.7878787878787878,1,nvidia/Llama-3.3-70B-Instruct-NVFP4,p3
smut,7,0.8571428571428571,0.7878787878787878,1,nvidia/Llama-3.3-70B-Instruct-NVFP4,p3
interior,7,0.8571428571428571,0.7878787878787878,1,nvidia/Llama-3.3-70B-Instruct-NVFP4,p3
release,34,0.7941176470588235,0.7895667550839964,7,nvidia/Llama-3.3-70B-Instruct-NVFP4,p3
rubber,10,0.8,0.7916666666666667,2,nvidia/Llama-3.3-70B-Instruct-NVFP4,p3
appreciation,10,0.8,0.7916666666666667,2,nvidia/Llama-3.3-70B-Instruct-NVFP4,p3
works,10,0.8,0.7916666666666667,2,nvidia/Llama-3.3-70B-Instruct-NVFP4,p3
lightness,10,0.8,0.7916666666666667,2,nvidia/Llama-3.3-70B-Instruct-NVFP4,p3
whip,10,0.8,0.7916666666666667,2,nvidia/Llama-3.3-70B-Instruct-NVFP4,p3
rail,10,0.8,0.7916666666666667,2,nvidia/Llama-3.3-70B-Instruct-NVFP4,p3
memory,10,0.8,0.7916666666666667,2,nvidia/Llama-3.3-70B-Instruct-NVFP4,p3
sanction,10,0.8,0.7916666666666667,2,nvidia/Llama-3.3-70B-Instruct-NVFP4,p3
confirmation,10,0.8,0.7916666666666667,2,nvidia/Llama-3.3-70B-Instruct-NVFP4,p3
repeat,10,0.8,0.7916666666666667,2,nvidia/Llama-3.3-70B-Instruct-NVFP4,p3
discipline,10,0.8,0.7916666666666667,2,nvidia/Llama-3.3-70B-Instruct-NVFP4,p3
supplement,10,0.8,0.7916666666666667,2,nvidia/Llama-3.3-70B-Instruct-NVFP4,p3
wicked,10,0.8,0.7916666666666667,2,nvidia/Llama-3.3-70B-Instruct-NVFP4,p3
thong,10,0.8,0.7916666666666667,2,nvidia/Llama-3.3-70B-Instruct-NVFP4,p3
dedication,10,0.8,0.7916666666666667,2,nvidia/Llama-3.3-70B-Instruct-NVFP4,p3
still,10,0.8,0.7916666666666667,2,nvidia/Llama-3.3-70B-Instruct-NVFP4,p3
dullness,10,0.8,0.7916666666666667,2,nvidia/Llama-3.3-70B-Instruct-NVFP4,p3
scrape,10,0.8,0.7916666666666667,2,nvidia/Llama-3.3-70B-Instruct-NVFP4,p3
creation,10,0.8,0.7916666666666667,2,nvidia/Llama-3.3-70B-Instruct-NVFP4,p3
tap,32,0.8125,0.7922077922077921,6,nvidia/Llama-3.3-70B-Instruct-NVFP4,p3
slide,15,0.8,0.7963800904977376,3,nvidia/Llama-3.3-70B-Instruct-NVFP4,p3
seal,15,0.8,0.7963800904977376,3,nvidia/Llama-3.3-70B-Instruct-NVFP4,p3
grow,15,0.8,0.7963800904977376,3,nvidia/Llama-3.3-70B-Instruct-NVFP4,p3
expression,15,0.8,0.7963800904977376,3,nvidia/Llama-3.3-70B-Instruct-NVFP4,p3
model,15,0.8,0.7963800904977376,3,nvidia/Llama-3.3-70B-Instruct-NVFP4,p3
work_out,15,0.8,0.7963800904977376,3,nvidia/Llama-3.3-70B-Instruct-NVFP4,p3
cutting,17,0.8235294117647058,0.7984189723320159,3,nvidia/Llama-3.3-70B-Instruct-NVFP4,p3
fertility,5,0.8,0.8,1,nvidia/Llama-3.3-70B-Instruct-NVFP4,p3
veil,5,0.8,0.8,1,nvidia/Llama-3.3-70B-Instruct-NVFP4,p3
immune,5,0.8,0.8,1,nvidia/Llama-3.3-70B-Instruct-NVFP4,p3
adoption,5,0.8,0.8,1,nvidia/Llama-3.3-70B-Instruct-NVFP4,p3
hemp,5,0.8,0.8,1,nvidia/Llama-3.3-70B-Instruct-NVFP4,p3
printer,5,0.8,0.8,1,nvidia/Llama-3.3-70B-Instruct-NVFP4,p3
hardware,5,0.8,0.8,1,nvidia/Llama-3.3-70B-Instruct-NVFP4,p3
closet,5,0.8,0.8,1,nvidia/Llama-3.3-70B-Instruct-NVFP4,p3
naturally,5,0.8,0.8,1,nvidia/Llama-3.3-70B-Instruct-NVFP4,p3
crook,5,0.8,0.8,1,nvidia/Llama-3.3-70B-Instruct-NVFP4,p3
spit,5,0.8,0.8,1,nvidia/Llama-3.3-70B-Instruct-NVFP4,p3
industry,5,0.8,0.8,1,nvidia/Llama-3.3-70B-Instruct-NVFP4,p3
hack,10,0.8,0.8,2,nvidia/Llama-3.3-70B-Instruct-NVFP4,p3
bosom,5,0.8,0.8,1,nvidia/Llama-3.3-70B-Instruct-NVFP4,p3
precious,5,0.8,0.8,1,nvidia/Llama-3.3-70B-Instruct-NVFP4,p3
expectation,5,0.8,0.8,1,nvidia/Llama-3.3-70B-Instruct-NVFP4,p3
reservoir,5,0.8,0.8,1,nvidia/Llama-3.3-70B-Instruct-NVFP4,p3
chatter,5,0.8,0.8,1,nvidia/Llama-3.3-70B-Instruct-NVFP4,p3
serve,26,0.8076923076923077,0.8003072196620584,5,nvidia/Llama-3.3-70B-Instruct-NVFP4,p3
soften,11,0.8181818181818182,0.8035714285714286,2,nvidia/Llama-3.3-70B-Instruct-NVFP4,p3
crack,21,0.8095238095238095,0.8055555555555556,4,nvidia/Llama-3.3-70B-Instruct-NVFP4,p3
round,21,0.8095238095238095,0.8055555555555556,4,nvidia/Llama-3.3-70B-Instruct-NVFP4,p3
freeze,16,0.8125,0.8056680161943319,3,nvidia/Llama-3.3-70B-Instruct-NVFP4,p3
appeal,16,0.8125,0.8056680161943319,3,nvidia/Llama-3.3-70B-Instruct-NVFP4,p3
roll,23,0.8260869565217391,0.8083333333333333,4,nvidia/Llama-3.3-70B-Instruct-NVFP4,p3
split,27,0.8148148148148148,0.8106591865357644,5,nvidia/Llama-3.3-70B-Instruct-NVFP4,p3
reference,16,0.8125,0.8117647058823529,3,nvidia/Llama-3.3-70B-Instruct-NVFP4,p3
amount,12,0.8333333333333334,0.8125,2,nvidia/Llama-3.3-70B-Instruct-NVFP4,p3
hood,17,0.8235294117647058,0.8131868131868132,3,nvidia/Llama-3.3-70B-Instruct-NVFP4,p3
tread,17,0.8235294117647058,0.8131868131868132,3,nvidia/Llama-3.3-70B-Instruct-NVFP4,p3
cover,17,0.8235294117647058,0.8131868131868132,3,nvidia/Llama-3.3-70B-Instruct-NVFP4,p3
shank,11,0.8181818181818182,0.8166666666666667,2,nvidia/Llama-3.3-70B-Instruct-NVFP4,p3
punch,11,0.8181818181818182,0.8166666666666667,2,nvidia/Llama-3.3-70B-Instruct-NVFP4,p3
upset,11,0.8181818181818182,0.8166666666666667,2,nvidia/Llama-3.3-70B-Instruct-NVFP4,p3
sound,33,0.8181818181818182,0.8166666666666667,6,nvidia/Llama-3.3-70B-Instruct-NVFP4,p3
hold_up,11,0.8181818181818182,0.8166666666666667,2,nvidia/Llama-3.3-70B-Instruct-NVFP4,p3
living,17,0.8235294117647058,0.8210526315789474,3,nvidia/Llama-3.3-70B-Instruct-NVFP4,p3
bowl,17,0.8235294117647058,0.8210526315789474,3,nvidia/Llama-3.3-70B-Instruct-NVFP4,p3
passage,17,0.8235294117647058,0.8210526315789474,3,nvidia/Llama-3.3-70B-Instruct-NVFP4,p3
withdrawal,17,0.8235294117647058,0.8210526315789474,3,nvidia/Llama-3.3-70B-Instruct-NVFP4,p3
aroused,12,0.8333333333333334,0.8285714285714285,2,nvidia/Llama-3.3-70B-Instruct-NVFP4,p3
wart,6,0.8333333333333334,0.8285714285714285,1,nvidia/Llama-3.3-70B-Instruct-NVFP4,p3
accelerator,6,0.8333333333333334,0.8285714285714285,1,nvidia/Llama-3.3-70B-Instruct-NVFP4,p3
wash,12,0.8333333333333334,0.8285714285714285,2,nvidia/Llama-3.3-70B-Instruct-NVFP4,p3
water,6,0.8333333333333334,0.8285714285714285,1,nvidia/Llama-3.3-70B-Instruct-NVFP4,p3
turn_away,6,0.8333333333333334,0.8285714285714285,1,nvidia/Llama-3.3-70B-Instruct-NVFP4,p3
thought,6,0.8333333333333334,0.8285714285714285,1,nvidia/Llama-3.3-70B-Instruct-NVFP4,p3
depreciation,6,0.8333333333333334,0.8285714285714285,1,nvidia/Llama-3.3-70B-Instruct-NVFP4,p3
reminder,6,0.8333333333333334,0.8285714285714285,1,nvidia/Llama-3.3-70B-Instruct-NVFP4,p3
charitable,6,0.8333333333333334,0.8285714285714285,1,nvidia/Llama-3.3-70B-Instruct-NVFP4,p3
charity,6,0.8333333333333334,0.8285714285714285,1,nvidia/Llama-3.3-70B-Instruct-NVFP4,p3
medium,18,0.8333333333333334,0.8285714285714285,3,nvidia/Llama-3.3-70B-Instruct-NVFP4,p3
ministry,6,0.8333333333333334,0.8285714285714285,1,nvidia/Llama-3.3-70B-Instruct-NVFP4,p3
assessment,6,0.8333333333333334,0.8285714285714285,1,nvidia/Llama-3.3-70B-Instruct-NVFP4,p3
forced,6,0.8333333333333334,0.8285714285714285,1,nvidia/Llama-3.3-70B-Instruct-NVFP4,p3
knife,6,0.8333333333333334,0.8285714285714285,1,nvidia/Llama-3.3-70B-Instruct-NVFP4,p3
memorial,6,0.8333333333333334,0.8285714285714285,1,nvidia/Llama-3.3-70B-Instruct-NVFP4,p3
celebrate,6,0.8333333333333334,0.8285714285714285,1,nvidia/Llama-3.3-70B-Instruct-NVFP4,p3
franchise,6,0.8333333333333334,0.8285714285714285,1,nvidia/Llama-3.3-70B-Instruct-NVFP4,p3
freshness,6,0.8333333333333334,0.8285714285714285,1,nvidia/Llama-3.3-70B-Instruct-NVFP4,p3
indulgence,6,0.8333333333333334,0.8285714285714285,1,nvidia/Llama-3.3-70B-Instruct-NVFP4,p3
sling,6,0.8333333333333334,0.8285714285714285,1,nvidia/Llama-3.3-70B-Instruct-NVFP4,p3
jumper,12,0.8333333333333334,0.8285714285714285,2,nvidia/Llama-3.3-70B-Instruct-NVFP4,p3
journal,6,0.8333333333333334,0.8285714285714285,1,nvidia/Llama-3.3-70B-Instruct-NVFP4,p3
multiplication,6,0.8333333333333334,0.8285714285714285,1,nvidia/Llama-3.3-70B-Instruct-NVFP4,p3
mound,6,0.8333333333333334,0.8285714285714285,1,nvidia/Llama-3.3-70B-Instruct-NVFP4,p3
morphology,6,0.8333333333333334,0.8285714285714285,1,nvidia/Llama-3.3-70B-Instruct-NVFP4,p3
interlock,6,0.8333333333333334,0.8285714285714285,1,nvidia/Llama-3.3-70B-Instruct-NVFP4,p3
continuation,6,0.8333333333333334,0.8285714285714285,1,nvidia/Llama-3.3-70B-Instruct-NVFP4,p3
idol,6,0.8333333333333334,0.8285714285714285,1,nvidia/Llama-3.3-70B-Instruct-NVFP4,p3
ill,6,0.8333333333333334,0.8285714285714285,1,nvidia/Llama-3.3-70B-Instruct-NVFP4,p3
thickened,6,0.8333333333333334,0.8285714285714285,1,nvidia/Llama-3.3-70B-Instruct-NVFP4,p3
discriminate,6,0.8333333333333334,0.8285714285714285,1,nvidia/Llama-3.3-70B-Instruct-NVFP4,p3
direction,12,0.8333333333333334,0.8285714285714285,2,nvidia/Llama-3.3-70B-Instruct-NVFP4,p3
bitterness,6,0.8333333333333334,0.8285714285714285,1,nvidia/Llama-3.3-70B-Instruct-NVFP4,p3
bite,12,0.8333333333333334,0.8285714285714285,2,nvidia/Llama-3.3-70B-Instruct-NVFP4,p3
balance,6,0.8333333333333334,0.8285714285714285,1,nvidia/Llama-3.3-70B-Instruct-NVFP4,p3
wedge,12,0.8333333333333334,0.8285714285714285,2,nvidia/Llama-3.3-70B-Instruct-NVFP4,p3
horny,6,0.8333333333333334,0.8285714285714285,1,nvidia/Llama-3.3-70B-Instruct-NVFP4,p3
balsam,6,0.8333333333333334,0.8285714285714285,1,nvidia/Llama-3.3-70B-Instruct-NVFP4,p3
virtue,6,0.8333333333333334,0.8285714285714285,1,nvidia/Llama-3.3-70B-Instruct-NVFP4,p3
affair,6,0.8333333333333334,0.8285714285714285,1,nvidia/Llama-3.3-70B-Instruct-NVFP4,p3
recover,12,0.8333333333333334,0.8285714285714285,2,nvidia/Llama-3.3-70B-Instruct-NVFP4,p3
alpine,6,0.8333333333333334,0.8285714285714285,1,nvidia/Llama-3.3-70B-Instruct-NVFP4,p3
haunt,6,0.8333333333333334,0.8285714285714285,1,nvidia/Llama-3.3-70B-Instruct-NVFP4,p3
hysteria,6,0.8333333333333334,0.8285714285714285,1,nvidia/Llama-3.3-70B-Instruct-NVFP4,p3
critical,12,0.8333333333333334,0.8285714285714285,2,nvidia/Llama-3.3-70B-Instruct-NVFP4,p3
pulse,6,0.8333333333333334,0.8285714285714285,1,nvidia/Llama-3.3-70B-Instruct-NVFP4,p3
party,6,0.8333333333333334,0.8285714285714285,1,nvidia/Llama-3.3-70B-Instruct-NVFP4,p3
concession,6,0.8333333333333334,0.8285714285714285,1,nvidia/Llama-3.3-70B-Instruct-NVFP4,p3
communion,6,0.8333333333333334,0.8285714285714285,1,nvidia/Llama-3.3-70B-Instruct-NVFP4,p3
path,6,0.8333333333333334,0.8285714285714285,1,nvidia/Llama-3.3-70B-Instruct-NVFP4,p3
set_out,6,0.8333333333333334,0.8285714285714285,1,nvidia/Llama-3.3-70B-Instruct-NVFP4,p3
cylinder,6,0.8333333333333334,0.8285714285714285,1,nvidia/Llama-3.3-70B-Instruct-NVFP4,p3
custody,6,0.8333333333333334,0.8285714285714285,1,nvidia/Llama-3.3-70B-Instruct-NVFP4,p3
come_back,6,0.8333333333333334,0.8285714285714285,1,nvidia/Llama-3.3-70B-Instruct-NVFP4,p3
pull_out,6,0.8333333333333334,0.8285714285714285,1,nvidia/Llama-3.3-70B-Instruct-NVFP4,p3
coat,6,0.8333333333333334,0.8285714285714285,1,nvidia/Llama-3.3-70B-Instruct-NVFP4,p3
bring_up,12,0.8333333333333334,0.8285714285714285,2,nvidia/Llama-3.3-70B-Instruct-NVFP4,p3
break_off,6,0.8333333333333334,0.8285714285714285,1,nvidia/Llama-3.3-70B-Instruct-NVFP4,p3
observe,12,0.8333333333333334,0.8285714285714285,2,nvidia/Llama-3.3-70B-Instruct-NVFP4,p3
overcome,6,0.8333333333333334,0.8285714285714285,1,nvidia/Llama-3.3-70B-Instruct-NVFP4,p3
compressed,6,0.8333333333333334,0.8285714285714285,1,nvidia/Llama-3.3-70B-Instruct-NVFP4,p3
evacuation,6,0.8333333333333334,0.8285714285714285,1,nvidia/Llama-3.3-70B-Instruct-NVFP4,p3
relief,18,0.8333333333333334,0.8285714285714285,3,nvidia/Llama-3.3-70B-Instruct-NVFP4,p3
purse,6,0.8333333333333334,0.8285714285714285,1,nvidia/Llama-3.3-70B-Instruct-NVFP4,p3
break,89,0.8314606741573034,0.8293057153816648,15,nvidia/Llama-3.3-70B-Instruct-NVFP4,p3
pull,12,0.8333333333333334,0.8333333333333334,2,nvidia/Llama-3.3-70B-Instruct-NVFP4,p3
pledge,13,0.8461538461538461,0.8375,2,nvidia/Llama-3.3-70B-Instruct-NVFP4,p3
column,13,0.8461538461538461,0.8375,2,nvidia/Llama-3.3-70B-Instruct-NVFP4,p3
chip,13,0.8461538461538461,0.8375,2,nvidia/Llama-3.3-70B-Instruct-NVFP4,p3
take_in,25,0.84,0.8397435897435898,4,nvidia/Llama-3.3-70B-Instruct-NVFP4,p3
figure,19,0.8421052631578947,0.8403361344537814,3,nvidia/Llama-3.3-70B-Instruct-NVFP4,p3
order,26,0.8461538461538461,0.8424242424242425,4,nvidia/Llama-3.3-70B-Instruct-NVFP4,p3
cheat,7,0.8571428571428571,0.8444444444444444,1,nvidia/Llama-3.3-70B-Instruct-NVFP4,p3
endorse,7,0.8571428571428571,0.8444444444444444,1,nvidia/Llama-3.3-70B-Instruct-NVFP4,p3
bean,7,0.8571428571428571,0.8444444444444444,1,nvidia/Llama-3.3-70B-Instruct-NVFP4,p3
odd,7,0.8571428571428571,0.8444444444444444,1,nvidia/Llama-3.3-70B-Instruct-NVFP4,p3
short,7,0.8571428571428571,0.8444444444444444,1,nvidia/Llama-3.3-70B-Instruct-NVFP4,p3
enamel,7,0.8571428571428571,0.8444444444444444,1,nvidia/Llama-3.3-70B-Instruct-NVFP4,p3
fixation,7,0.8571428571428571,0.8444444444444444,1,nvidia/Llama-3.3-70B-Instruct-NVFP4,p3
assimilate,7,0.8571428571428571,0.8444444444444444,1,nvidia/Llama-3.3-70B-Instruct-NVFP4,p3
demonstrate,7,0.8571428571428571,0.8444444444444444,1,nvidia/Llama-3.3-70B-Instruct-NVFP4,p3
chad,7,0.8571428571428571,0.8444444444444444,1,nvidia/Llama-3.3-70B-Instruct-NVFP4,p3
streak,7,0.8571428571428571,0.8444444444444444,1,nvidia/Llama-3.3-70B-Instruct-NVFP4,p3
transcribe,7,0.8571428571428571,0.8444444444444444,1,nvidia/Llama-3.3-70B-Instruct-NVFP4,p3
prescription,7,0.8571428571428571,0.8444444444444444,1,nvidia/Llama-3.3-70B-Instruct-NVFP4,p3
rig,14,0.8571428571428571,0.8444444444444444,2,nvidia/Llama-3.3-70B-Instruct-NVFP4,p3
stagger,7,0.8571428571428571,0.8444444444444444,1,nvidia/Llama-3.3-70B-Instruct-NVFP4,p3
residence,7,0.8571428571428571,0.8444444444444444,1,nvidia/Llama-3.3-70B-Instruct-NVFP4,p3
intrusion,7,0.8571428571428571,0.8444444444444444,1,nvidia/Llama-3.3-70B-Instruct-NVFP4,p3
sophistication,7,0.8571428571428571,0.8444444444444444,1,nvidia/Llama-3.3-70B-Instruct-NVFP4,p3
stake,7,0.8571428571428571,0.8444444444444444,1,nvidia/Llama-3.3-70B-Instruct-NVFP4,p3
interface,7,0.8571428571428571,0.8444444444444444,1,nvidia/Llama-3.3-70B-Instruct-NVFP4,p3
moderator,7,0.8571428571428571,0.8444444444444444,1,nvidia/Llama-3.3-70B-Instruct-NVFP4,p3
minor,13,0.8461538461538461,0.8452380952380952,2,nvidia/Llama-3.3-70B-Instruct-NVFP4,p3
go_down,13,0.8461538461538461,0.8452380952380952,2,nvidia/Llama-3.3-70B-Instruct-NVFP4,p3
board,13,0.8461538461538461,0.8452380952380952,2,nvidia/Llama-3.3-70B-Instruct-NVFP4,p3
impress,13,0.8461538461538461,0.8452380952380952,2,nvidia/Llama-3.3-70B-Instruct-NVFP4,p3
affinity,13,0.8461538461538461,0.8452380952380952,2,nvidia/Llama-3.3-70B-Instruct-NVFP4,p3
put_up,13,0.8461538461538461,0.8452380952380952,2,nvidia/Llama-3.3-70B-Instruct-NVFP4,p3
rise,26,0.8461538461538461,0.8452380952380952,4,nvidia/Llama-3.3-70B-Instruct-NVFP4,p3
back,13,0.8461538461538461,0.8452380952380952,2,nvidia/Llama-3.3-70B-Instruct-NVFP4,p3
call,20,0.85,0.8465473145780051,3,nvidia/Llama-3.3-70B-Instruct-NVFP4,p3
operation,15,0.8666666666666667,0.8500000000000001,2,nvidia/Llama-3.3-70B-Instruct-NVFP4,p3
take_up,21,0.8571428571428571,0.851764705882353,3,nvidia/Llama-3.3-70B-Instruct-NVFP4,p3
hunt,14,0.8571428571428571,0.8541666666666667,2,nvidia/Llama-3.3-70B-Instruct-NVFP4,p3
passion,14,0.8571428571428571,0.8541666666666667,2,nvidia/Llama-3.3-70B-Instruct-NVFP4,p3
pick,14,0.8571428571428571,0.8541666666666667,2,nvidia/Llama-3.3-70B-Instruct-NVFP4,p3
flight,14,0.8571428571428571,0.8541666666666667,2,nvidia/Llama-3.3-70B-Instruct-NVFP4,p3
force,14,0.8571428571428571,0.8541666666666667,2,nvidia/Llama-3.3-70B-Instruct-NVFP4,p3
moderate,8,0.875,0.8545454545454545,1,nvidia/Llama-3.3-70B-Instruct-NVFP4,p3
hold_out,8,0.875,0.8545454545454545,1,nvidia/Llama-3.3-70B-Instruct-NVFP4,p3
caller,8,0.875,0.8545454545454545,1,nvidia/Llama-3.3-70B-Instruct-NVFP4,p3
bloom,8,0.875,0.8545454545454545,1,nvidia/Llama-3.3-70B-Instruct-NVFP4,p3
post,21,0.8571428571428571,0.8558352402745995,3,nvidia/Llama-3.3-70B-Instruct-NVFP4,p3
stuff,21,0.8571428571428571,0.8558352402745995,3,nvidia/Llama-3.3-70B-Instruct-NVFP4,p3
crown,21,0.8571428571428571,0.8558352402745995,3,nvidia/Llama-3.3-70B-Instruct-NVFP4,p3
dip,43,0.8604651162790697,0.8566666666666667,6,nvidia/Llama-3.3-70B-Instruct-NVFP4,p3
graphic,7,0.8571428571428571,0.8571428571428571,1,nvidia/Llama-3.3-70B-Instruct-NVFP4,p3
blunt,7,0.8571428571428571,0.8571428571428571,1,nvidia/Llama-3.3-70B-Instruct-NVFP4,p3
adjustment,7,0.8571428571428571,0.8571428571428571,1,nvidia/Llama-3.3-70B-Instruct-NVFP4,p3
shade,7,0.8571428571428571,0.8571428571428571,1,nvidia/Llama-3.3-70B-Instruct-NVFP4,p3
passing,7,0.8571428571428571,0.8571428571428571,1,nvidia/Llama-3.3-70B-Instruct-NVFP4,p3
dispatch,7,0.8571428571428571,0.8571428571428571,1,nvidia/Llama-3.3-70B-Instruct-NVFP4,p3
exposition,7,0.8571428571428571,0.8571428571428571,1,nvidia/Llama-3.3-70B-Instruct-NVFP4,p3
club,7,0.8571428571428571,0.8571428571428571,1,nvidia/Llama-3.3-70B-Instruct-NVFP4,p3
manifestation,7,0.8571428571428571,0.8571428571428571,1,nvidia/Llama-3.3-70B-Instruct-NVFP4,p3
sporting,7,0.8571428571428571,0.8571428571428571,1,nvidia/Llama-3.3-70B-Instruct-NVFP4,p3
spring,7,0.8571428571428571,0.8571428571428571,1,nvidia/Llama-3.3-70B-Instruct-NVFP4,p3
medicine,7,0.8571428571428571,0.8571428571428571,1,nvidia/Llama-3.3-70B-Instruct-NVFP4,p3
make_out,7,0.8571428571428571,0.8571428571428571,1,nvidia/Llama-3.3-70B-Instruct-NVFP4,p3
level,7,0.8571428571428571,0.8571428571428571,1,nvidia/Llama-3.3-70B-Instruct-NVFP4,p3
antagonistic,7,0.8571428571428571,0.8571428571428571,1,nvidia/Llama-3.3-70B-Instruct-NVFP4,p3
ass,7,0.8571428571428571,0.8571428571428571,1,nvidia/Llama-3.3-70B-Instruct-NVFP4,p3
terminal,7,0.8571428571428571,0.8571428571428571,1,nvidia/Llama-3.3-70B-Instruct-NVFP4,p3
revolutionary,7,0.8571428571428571,0.8571428571428571,1,nvidia/Llama-3.3-70B-Instruct-NVFP4,p3
waste,7,0.8571428571428571,0.8571428571428571,1,nvidia/Llama-3.3-70B-Instruct-NVFP4,p3
boil,7,0.8571428571428571,0.8571428571428571,1,nvidia/Llama-3.3-70B-Instruct-NVFP4,p3
Wilson,7,0.8571428571428571,0.8571428571428571,1,nvidia/Llama-3.3-70B-Instruct-NVFP4,p3
trough,7,0.8571428571428571,0.8571428571428571,1,nvidia/Llama-3.3-70B-Instruct-NVFP4,p3
spread,29,0.8620689655172413,0.857843137254902,4,nvidia/Llama-3.3-70B-Instruct-NVFP4,p3
take,58,0.8620689655172413,0.8593939393939394,8,nvidia/Llama-3.3-70B-Instruct-NVFP4,p3
slip,38,0.868421052631579,0.8606016140865738,5,nvidia/Llama-3.3-70B-Instruct-NVFP4,p3
pool,15,0.8666666666666667,0.8611111111111112,2,nvidia/Llama-3.3-70B-Instruct-NVFP4,p3
heave,15,0.8666666666666667,0.8611111111111112,2,nvidia/Llama-3.3-70B-Instruct-NVFP4,p3
business,15,0.8666666666666667,0.8611111111111112,2,nvidia/Llama-3.3-70B-Instruct-NVFP4,p3
pitch,15,0.8666666666666667,0.8611111111111112,2,nvidia/Llama-3.3-70B-Instruct-NVFP4,p3
excite,9,0.8888888888888888,0.8615384615384616,1,nvidia/Llama-3.3-70B-Instruct-NVFP4,p3
opposite,9,0.8888888888888888,0.8615384615384616,1,nvidia/Llama-3.3-70B-Instruct-NVFP4,p3
stand,15,0.8666666666666667,0.8660714285714286,2,nvidia/Llama-3.3-70B-Instruct-NVFP4,p3
node,15,0.8666666666666667,0.8660714285714286,2,nvidia/Llama-3.3-70B-Instruct-NVFP4,p3
put_down,15,0.8666666666666667,0.8660714285714286,2,nvidia/Llama-3.3-70B-Instruct-NVFP4,p3
pickup,16,0.875,0.8666666666666667,2,nvidia/Llama-3.3-70B-Instruct-NVFP4,p3
composition,16,0.875,0.8666666666666667,2,nvidia/Llama-3.3-70B-Instruct-NVFP4,p3
field,23,0.8695652173913043,0.8685714285714285,3,nvidia/Llama-3.3-70B-Instruct-NVFP4,p3
screen,24,0.875,0.8693284936479129,3,nvidia/Llama-3.3-70B-Instruct-NVFP4,p3
life,24,0.875,0.8693284936479129,3,nvidia/Llama-3.3-70B-Instruct-NVFP4,p3
base,40,0.875,0.871050934880722,5,nvidia/Llama-3.3-70B-Instruct-NVFP4,p3
drift,27,0.8888888888888888,0.8712241653418125,3,nvidia/Llama-3.3-70B-Instruct-NVFP4,p3
show,24,0.875,0.873015873015873,3,nvidia/Llama-3.3-70B-Instruct-NVFP4,p3
notch,8,0.875,0.873015873015873,1,nvidia/Llama-3.3-70B-Instruct-NVFP4,p3
give_away,8,0.875,0.873015873015873,1,nvidia/Llama-3.3-70B-Instruct-NVFP4,p3
instruction,8,0.875,0.873015873015873,1,nvidia/Llama-3.3-70B-Instruct-NVFP4,p3
fullness,8,0.875,0.873015873015873,1,nvidia/Llama-3.3-70B-Instruct-NVFP4,p3
interference,8,0.875,0.873015873015873,1,nvidia/Llama-3.3-70B-Instruct-NVFP4,p3
plug,8,0.875,0.873015873015873,1,nvidia/Llama-3.3-70B-Instruct-NVFP4,p3
reproduction,8,0.875,0.873015873015873,1,nvidia/Llama-3.3-70B-Instruct-NVFP4,p3
set_down,8,0.875,0.873015873015873,1,nvidia/Llama-3.3-70B-Instruct-NVFP4,p3
separated,8,0.875,0.873015873015873,1,nvidia/Llama-3.3-70B-Instruct-NVFP4,p3
skirt,8,0.875,0.873015873015873,1,nvidia/Llama-3.3-70B-Instruct-NVFP4,p3
plot,8,0.875,0.873015873015873,1,nvidia/Llama-3.3-70B-Instruct-NVFP4,p3
earthy,8,0.875,0.873015873015873,1,nvidia/Llama-3.3-70B-Instruct-NVFP4,p3
spill,8,0.875,0.873015873015873,1,nvidia/Llama-3.3-70B-Instruct-NVFP4,p3
spin,16,0.875,0.873015873015873,2,nvidia/Llama-3.3-70B-Instruct-NVFP4,p3
choice,8,0.875,0.873015873015873,1,nvidia/Llama-3.3-70B-Instruct-NVFP4,p3
circulation,8,0.875,0.873015873015873,1,nvidia/Llama-3.3-70B-Instruct-NVFP4,p3
strain,32,0.875,0.873015873015873,4,nvidia/Llama-3.3-70B-Instruct-NVFP4,p3
publication,8,0.875,0.873015873015873,1,nvidia/Llama-3.3-70B-Instruct-NVFP4,p3
affairs,8,0.875,0.873015873015873,1,nvidia/Llama-3.3-70B-Instruct-NVFP4,p3
reach,8,0.875,0.873015873015873,1,nvidia/Llama-3.3-70B-Instruct-NVFP4,p3
illustration,8,0.875,0.873015873015873,1,nvidia/Llama-3.3-70B-Instruct-NVFP4,p3
hail,8,0.875,0.873015873015873,1,nvidia/Llama-3.3-70B-Instruct-NVFP4,p3
aspiration,8,0.875,0.873015873015873,1,nvidia/Llama-3.3-70B-Instruct-NVFP4,p3
loom,8,0.875,0.873015873015873,1,nvidia/Llama-3.3-70B-Instruct-NVFP4,p3
paddle,8,0.875,0.873015873015873,1,nvidia/Llama-3.3-70B-Instruct-NVFP4,p3
diverge,8,0.875,0.873015873015873,1,nvidia/Llama-3.3-70B-Instruct-NVFP4,p3
striker,8,0.875,0.873015873015873,1,nvidia/Llama-3.3-70B-Instruct-NVFP4,p3
burn,24,0.875,0.873015873015873,3,nvidia/Llama-3.3-70B-Instruct-NVFP4,p3
claim,8,0.875,0.873015873015873,1,nvidia/Llama-3.3-70B-Instruct-NVFP4,p3
turn_up,8,0.875,0.873015873015873,1,nvidia/Llama-3.3-70B-Instruct-NVFP4,p3
condense,8,0.875,0.873015873015873,1,nvidia/Llama-3.3-70B-Instruct-NVFP4,p3
wish,8,0.875,0.873015873015873,1,nvidia/Llama-3.3-70B-Instruct-NVFP4,p3
fix,16,0.875,0.873015873015873,2,nvidia/Llama-3.3-70B-Instruct-NVFP4,p3
approximation,8,0.875,0.873015873015873,1,nvidia/Llama-3.3-70B-Instruct-NVFP4,p3
recruit,8,0.875,0.873015873015873,1,nvidia/Llama-3.3-70B-Instruct-NVFP4,p3
prime,8,0.875,0.873015873015873,1,nvidia/Llama-3.3-70B-Instruct-NVFP4,p3
miss,16,0.875,0.875,2,nvidia/Llama-3.3-70B-Instruct-NVFP4,p3
stop,16,0.875,0.875,2,nvidia/Llama-3.3-70B-Instruct-NVFP4,p3
line,41,0.8780487804878049,0.8753799392097263,5,nvidia/Llama-3.3-70B-Instruct-NVFP4,p3
brace,25,0.88,0.8768472906403941,3,nvidia/Llama-3.3-70B-Instruct-NVFP4,p3
cast,17,0.8823529411764706,0.8819444444444444,2,nvidia/Llama-3.3-70B-Instruct-NVFP4,p3
naked,9,0.8888888888888888,0.8831168831168831,1,nvidia/Llama-3.3-70B-Instruct-NVFP4,p3
mosaic,9,0.8888888888888888,0.8831168831168831,1,nvidia/Llama-3.3-70B-Instruct-NVFP4,p3
net,9,0.8888888888888888,0.8831168831168831,1,nvidia/Llama-3.3-70B-Instruct-NVFP4,p3
clap,9,0.8888888888888888,0.8831168831168831,1,nvidia/Llama-3.3-70B-Instruct-NVFP4,p3
condemnation,9,0.8888888888888888,0.8831168831168831,1,nvidia/Llama-3.3-70B-Instruct-NVFP4,p3
dim,9,0.8888888888888888,0.8831168831168831,1,nvidia/Llama-3.3-70B-Instruct-NVFP4,p3
get_on,9,0.8888888888888888,0.8831168831168831,1,nvidia/Llama-3.3-70B-Instruct-NVFP4,p3
closure,9,0.8888888888888888,0.8831168831168831,1,nvidia/Llama-3.3-70B-Instruct-NVFP4,p3
date,18,0.8888888888888888,0.8831168831168831,2,nvidia/Llama-3.3-70B-Instruct-NVFP4,p3
realism,9,0.8888888888888888,0.8831168831168831,1,nvidia/Llama-3.3-70B-Instruct-NVFP4,p3
rare,9,0.8888888888888888,0.8831168831168831,1,nvidia/Llama-3.3-70B-Instruct-NVFP4,p3
identify,9,0.8888888888888888,0.8831168831168831,1,nvidia/Llama-3.3-70B-Instruct-NVFP4,p3
pound,9,0.8888888888888888,0.8831168831168831,1,nvidia/Llama-3.3-70B-Instruct-NVFP4,p3
recess,9,0.8888888888888888,0.8831168831168831,1,nvidia/Llama-3.3-70B-Instruct-NVFP4,p3
product,9,0.8888888888888888,0.8831168831168831,1,nvidia/Llama-3.3-70B-Instruct-NVFP4,p3
radical,19,0.8947368421052632,0.8869047619047619,2,nvidia/Llama-3.3-70B-Instruct-NVFP4,p3
spike,18,0.8888888888888888,0.8875,2,nvidia/Llama-3.3-70B-Instruct-NVFP4,p3
catch,18,0.8888888888888888,0.8875,2,nvidia/Llama-3.3-70B-Instruct-NVFP4,p3
address,27,0.8888888888888888,0.8882758620689655,3,nvidia/Llama-3.3-70B-Instruct-NVFP4,p3
frame,27,0.8888888888888888,0.8882758620689655,3,nvidia/Llama-3.3-70B-Instruct-NVFP4,p3
liberty,9,0.8888888888888888,0.8888888888888888,1,nvidia/Llama-3.3-70B-Instruct-NVFP4,p3
submission,9,0.8888888888888888,0.8888888888888888,1,nvidia/Llama-3.3-70B-Instruct-NVFP4,p3
reinforcement,9,0.8888888888888888,0.8888888888888888,1,nvidia/Llama-3.3-70B-Instruct-NVFP4,p3
wind,9,0.8888888888888888,0.8888888888888888,1,nvidia/Llama-3.3-70B-Instruct-NVFP4,p3
corruption,9,0.8888888888888888,0.8888888888888888,1,nvidia/Llama-3.3-70B-Instruct-NVFP4,p3
offset,9,0.8888888888888888,0.8888888888888888,1,nvidia/Llama-3.3-70B-Instruct-NVFP4,p3
evacuate,9,0.8888888888888888,0.8888888888888888,1,nvidia/Llama-3.3-70B-Instruct-NVFP4,p3
extinction,9,0.8888888888888888,0.8888888888888888,1,nvidia/Llama-3.3-70B-Instruct-NVFP4,p3
third,9,0.8888888888888888,0.8888888888888888,1,nvidia/Llama-3.3-70B-Instruct-NVFP4,p3
growth,10,0.9,0.8901098901098901,1,nvidia/Llama-3.3-70B-Instruct-NVFP4,p3
double,10,0.9,0.8901098901098901,1,nvidia/Llama-3.3-70B-Instruct-NVFP4,p3
dive,10,0.9,0.8901098901098901,1,nvidia/Llama-3.3-70B-Instruct-NVFP4,p3
drawing,10,0.9,0.8901098901098901,1,nvidia/Llama-3.3-70B-Instruct-NVFP4,p3
cut,28,0.8928571428571429,0.89272030651341,3,nvidia/Llama-3.3-70B-Instruct-NVFP4,p3
straight,19,0.8947368421052632,0.8944444444444444,2,nvidia/Llama-3.3-70B-Instruct-NVFP4,p3
pike,10,0.9,0.898989898989899,1,nvidia/Llama-3.3-70B-Instruct-NVFP4,p3
spark,10,0.9,0.898989898989899,1,nvidia/Llama-3.3-70B-Instruct-NVFP4,p3
radius,10,0.9,0.898989898989899,1,nvidia/Llama-3.3-70B-Instruct-NVFP4,p3
hero,10,0.9,0.898989898989899,1,nvidia/Llama-3.3-70B-Instruct-NVFP4,p3
harmony,10,0.9,0.898989898989899,1,nvidia/Llama-3.3-70B-Instruct-NVFP4,p3
walk,10,0.9,0.898989898989899,1,nvidia/Llama-3.3-70B-Instruct-NVFP4,p3
along,10,0.9,0.898989898989899,1,nvidia/Llama-3.3-70B-Instruct-NVFP4,p3
credit,20,0.9,0.898989898989899,2,nvidia/Llama-3.3-70B-Instruct-NVFP4,p3
induction,10,0.9,0.898989898989899,1,nvidia/Llama-3.3-70B-Instruct-NVFP4,p3
chill,10,0.9,0.898989898989899,1,nvidia/Llama-3.3-70B-Instruct-NVFP4,p3
reception,10,0.9,0.898989898989899,1,nvidia/Llama-3.3-70B-Instruct-NVFP4,p3
tension,10,0.9,0.898989898989899,1,nvidia/Llama-3.3-70B-Instruct-NVFP4,p3
romance,10,0.9,0.898989898989899,1,nvidia/Llama-3.3-70B-Instruct-NVFP4,p3
assembly,10,0.9,0.898989898989899,1,nvidia/Llama-3.3-70B-Instruct-NVFP4,p3
flat,10,0.9,0.898989898989899,1,nvidia/Llama-3.3-70B-Instruct-NVFP4,p3
reservation,10,0.9,0.898989898989899,1,nvidia/Llama-3.3-70B-Instruct-NVFP4,p3
assimilation,10,0.9,0.898989898989899,1,nvidia/Llama-3.3-70B-Instruct-NVFP4,p3
tease,10,0.9,0.898989898989899,1,nvidia/Llama-3.3-70B-Instruct-NVFP4,p3
aged,10,0.9,0.898989898989899,1,nvidia/Llama-3.3-70B-Instruct-NVFP4,p3
swear,10,0.9,0.898989898989899,1,nvidia/Llama-3.3-70B-Instruct-NVFP4,p3
inside,10,0.9,0.898989898989899,1,nvidia/Llama-3.3-70B-Instruct-NVFP4,p3
down,10,0.9,0.898989898989899,1,nvidia/Llama-3.3-70B-Instruct-NVFP4,p3
draw,62,0.9032258064516129,0.9023109243697479,6,nvidia/Llama-3.3-70B-Instruct-NVFP4,p3
charge,63,0.9047619047619048,0.9045454545454545,6,nvidia/Llama-3.3-70B-Instruct-NVFP4,p3
rocker,11,0.9090909090909091,0.905982905982906,1,nvidia/Llama-3.3-70B-Instruct-NVFP4,p3
arrangement,11,0.9090909090909091,0.905982905982906,1,nvidia/Llama-3.3-70B-Instruct-NVFP4,p3
hitch,11,0.9090909090909091,0.905982905982906,1,nvidia/Llama-3.3-70B-Instruct-NVFP4,p3
picket,11,0.9090909090909091,0.905982905982906,1,nvidia/Llama-3.3-70B-Instruct-NVFP4,p3
pay_off,11,0.9090909090909091,0.905982905982906,1,nvidia/Llama-3.3-70B-Instruct-NVFP4,p3
gallery,11,0.9090909090909091,0.905982905982906,1,nvidia/Llama-3.3-70B-Instruct-NVFP4,p3
lime,11,0.9090909090909091,0.9090909090909091,1,nvidia/Llama-3.3-70B-Instruct-NVFP4,p3
foul,11,0.9090909090909091,0.9090909090909091,1,nvidia/Llama-3.3-70B-Instruct-NVFP4,p3
spur,11,0.9090909090909091,0.9090909090909091,1,nvidia/Llama-3.3-70B-Instruct-NVFP4,p3
pick_up,22,0.9090909090909091,0.9090909090909091,2,nvidia/Llama-3.3-70B-Instruct-NVFP4,p3
run_down,12,0.9166666666666666,0.916083916083916,1,nvidia/Llama-3.3-70B-Instruct-NVFP4,p3
mate,24,0.9166666666666666,0.916083916083916,2,nvidia/Llama-3.3-70B-Instruct-NVFP4,p3
reverse,12,0.9166666666666666,0.916083916083916,1,nvidia/Llama-3.3-70B-Instruct-NVFP4,p3
assignment,12,0.9166666666666666,0.916083916083916,1,nvidia/Llama-3.3-70B-Instruct-NVFP4,p3
utility,12,0.9166666666666666,0.916083916083916,1,nvidia/Llama-3.3-70B-Instruct-NVFP4,p3
shock,13,0.9230769230769231,0.9212121212121211,1,nvidia/Llama-3.3-70B-Instruct-NVFP4,p3
tie,13,0.9230769230769231,0.9212121212121211,1,nvidia/Llama-3.3-70B-Instruct-NVFP4,p3
channel,13,0.9230769230769231,0.9212121212121211,1,nvidia/Llama-3.3-70B-Instruct-NVFP4,p3
suspension,13,0.9230769230769231,0.9212121212121211,1,nvidia/Llama-3.3-70B-Instruct-NVFP4,p3
grace,13,0.9230769230769231,0.9212121212121211,1,nvidia/Llama-3.3-70B-Instruct-NVFP4,p3
get_off,14,0.9285714285714286,0.9251336898395721,1,nvidia/Llama-3.3-70B-Instruct-NVFP4,p3
concentrate,14,0.9285714285714286,0.9282051282051282,1,nvidia/Llama-3.3-70B-Instruct-NVFP4,p3
take_off,14,0.9285714285714286,0.9282051282051282,1,nvidia/Llama-3.3-70B-Instruct-NVFP4,p3
draft,14,0.9285714285714286,0.9282051282051282,1,nvidia/Llama-3.3-70B-Instruct-NVFP4,p3
attachment,14,0.9285714285714286,0.9282051282051282,1,nvidia/Llama-3.3-70B-Instruct-NVFP4,p3
carrier,14,0.9285714285714286,0.9282051282051282,1,nvidia/Llama-3.3-70B-Instruct-NVFP4,p3
meet,15,0.9333333333333333,0.9282296650717703,1,nvidia/Llama-3.3-70B-Instruct-NVFP4,p3
title,15,0.9333333333333333,0.9321266968325792,1,nvidia/Llama-3.3-70B-Instruct-NVFP4,p3
course,15,0.9333333333333333,0.9333333333333333,1,nvidia/Llama-3.3-70B-Instruct-NVFP4,p3
pack,16,0.9375,0.9372549019607843,1,nvidia/Llama-3.3-70B-Instruct-NVFP4,p3
tone,16,0.9375,0.9372549019607843,1,nvidia/Llama-3.3-70B-Instruct-NVFP4,p3
band,17,0.9411764705882353,0.9403508771929825,1,nvidia/Llama-3.3-70B-Instruct-NVFP4,p3
bow,19,0.9473684210526315,0.9415384615384615,1,nvidia/Llama-3.3-70B-Instruct-NVFP4,p3
bound,18,0.9444444444444444,0.9442724458204335,1,nvidia/Llama-3.3-70B-Instruct-NVFP4,p3
turn,19,0.9473684210526315,0.9473684210526315,1,nvidia/Llama-3.3-70B-Instruct-NVFP4,p3
outside,19,0.9473684210526315,0.9473684210526315,1,nvidia/Llama-3.3-70B-Instruct-NVFP4,p3
view,22,0.9545454545454546,0.9544513457556936,1,nvidia/Llama-3.3-70B-Instruct-NVFP4,p3
fall,24,0.9583333333333334,0.9582608695652174,1,nvidia/Llama-3.3-70B-Instruct-NVFP4,p3
pass,57,0.9649122807017544,0.9649014778325123,2,nvidia/Llama-3.3-70B-Instruct-NVFP4,p3
lead,41,0.975609756097561,0.9753753753753753,1,nvidia/Llama-3.3-70B-Instruct-NVFP4,p3
accent,7,1.0,1.0,0,nvidia/Llama-3.3-70B-Instruct-NVFP4,p3
abstraction,12,1.0,1.0,0,nvidia/Llama-3.3-70B-Instruct-NVFP4,p3
Jackson,8,1.0,1.0,0,nvidia/Llama-3.3-70B-Instruct-NVFP4,p3
amplification,6,1.0,1.0,0,nvidia/Llama-3.3-70B-Instruct-NVFP4,p3
align,8,1.0,1.0,0,nvidia/Llama-3.3-70B-Instruct-NVFP4,p3
high,5,1.0,1.0,0,nvidia/Llama-3.3-70B-Instruct-NVFP4,p3
heading,6,1.0,1.0,0,nvidia/Llama-3.3-70B-Instruct-NVFP4,p3
impulse,11,1.0,1.0,0,nvidia/Llama-3.3-70B-Instruct-NVFP4,p3
habit,9,1.0,1.0,0,nvidia/Llama-3.3-70B-Instruct-NVFP4,p3
assault,7,1.0,1.0,0,nvidia/Llama-3.3-70B-Instruct-NVFP4,p3
hold,14,1.0,1.0,0,nvidia/Llama-3.3-70B-Instruct-NVFP4,p3
vessel,6,1.0,1.0,0,nvidia/Llama-3.3-70B-Instruct-NVFP4,p3
fold,9,1.0,1.0,0,nvidia/Llama-3.3-70B-Instruct-NVFP4,p3
fork,9,1.0,1.0,0,nvidia/Llama-3.3-70B-Instruct-NVFP4,p3
flush,8,1.0,1.0,0,nvidia/Llama-3.3-70B-Instruct-NVFP4,p3
fighter,6,1.0,1.0,0,nvidia/Llama-3.3-70B-Instruct-NVFP4,p3
filling,6,1.0,1.0,0,nvidia/Llama-3.3-70B-Instruct-NVFP4,p3
lesson,5,1.0,1.0,0,nvidia/Llama-3.3-70B-Instruct-NVFP4,p3
lobe,6,1.0,1.0,0,nvidia/Llama-3.3-70B-Instruct-NVFP4,p3
locate,5,1.0,1.0,0,nvidia/Llama-3.3-70B-Instruct-NVFP4,p3
m,8,1.0,1.0,0,nvidia/Llama-3.3-70B-Instruct-NVFP4,p3
look,5,1.0,1.0,0,nvidia/Llama-3.3-70B-Instruct-NVFP4,p3
certify,7,1.0,1.0,0,nvidia/Llama-3.3-70B-Instruct-NVFP4,p3
chain,12,1.0,1.0,0,nvidia/Llama-3.3-70B-Instruct-NVFP4,p3
lot,10,1.0,1.0,0,nvidia/Llama-3.3-70B-Instruct-NVFP4,p3
stride,5,1.0,1.0,0,nvidia/Llama-3.3-70B-Instruct-NVFP4,p3
canon,5,1.0,1.0,0,nvidia/Llama-3.3-70B-Instruct-NVFP4,p3
starter,11,1.0,1.0,0,nvidia/Llama-3.3-70B-Instruct-NVFP4,p3
measure,19,1.0,1.0,0,nvidia/Llama-3.3-70B-Instruct-NVFP4,p3
character,10,1.0,1.0,0,nvidia/Llama-3.3-70B-Instruct-NVFP4,p3
marker,5,1.0,1.0,0,nvidia/Llama-3.3-70B-Instruct-NVFP4,p3
extremity,7,1.0,1.0,0,nvidia/Llama-3.3-70B-Instruct-NVFP4,p3
sponge,5,1.0,1.0,0,nvidia/Llama-3.3-70B-Instruct-NVFP4,p3
native,7,1.0,1.0,0,nvidia/Llama-3.3-70B-Instruct-NVFP4,p3
nobility,6,1.0,1.0,0,nvidia/Llama-3.3-70B-Instruct-NVFP4,p3
noble,8,1.0,1.0,0,nvidia/Llama-3.3-70B-Instruct-NVFP4,p3
mood,5,1.0,1.0,0,nvidia/Llama-3.3-70B-Instruct-NVFP4,p3
jack,15,1.0,1.0,0,nvidia/Llama-3.3-70B-Instruct-NVFP4,p3
inversion,15,1.0,1.0,0,nvidia/Llama-3.3-70B-Instruct-NVFP4,p3
formulation,5,1.0,1.0,0,nvidia/Llama-3.3-70B-Instruct-NVFP4,p3
keep_up,9,1.0,1.0,0,nvidia/Llama-3.3-70B-Instruct-NVFP4,p3
suite,6,1.0,1.0,0,nvidia/Llama-3.3-70B-Instruct-NVFP4,p3
sturdy,6,1.0,1.0,0,nvidia/Llama-3.3-70B-Instruct-NVFP4,p3
forth,5,1.0,1.0,0,nvidia/Llama-3.3-70B-Instruct-NVFP4,p3
breakdown,6,1.0,1.0,0,nvidia/Llama-3.3-70B-Instruct-NVFP4,p3
brilliant,7,1.0,1.0,0,nvidia/Llama-3.3-70B-Instruct-NVFP4,p3
strike_out,10,1.0,1.0,0,nvidia/Llama-3.3-70B-Instruct-NVFP4,p3
stroke,20,1.0,1.0,0,nvidia/Llama-3.3-70B-Instruct-NVFP4,p3
cloudy,5,1.0,1.0,0,nvidia/Llama-3.3-70B-Instruct-NVFP4,p3
slaughter,6,1.0,1.0,0,nvidia/Llama-3.3-70B-Instruct-NVFP4,p3
sleeper,12,1.0,1.0,0,nvidia/Llama-3.3-70B-Instruct-NVFP4,p3
solitaire,7,1.0,1.0,0,nvidia/Llama-3.3-70B-Instruct-NVFP4,p3
elimination,8,1.0,1.0,0,nvidia/Llama-3.3-70B-Instruct-NVFP4,p3
slice,9,1.0,1.0,0,nvidia/Llama-3.3-70B-Instruct-NVFP4,p3
outlet,7,1.0,1.0,0,nvidia/Llama-3.3-70B-Instruct-NVFP4,p3
outstanding,5,1.0,1.0,0,nvidia/Llama-3.3-70B-Instruct-NVFP4,p3
engagement,10,1.0,1.0,0,nvidia/Llama-3.3-70B-Instruct-NVFP4,p3
enjoy,7,1.0,1.0,0,nvidia/Llama-3.3-70B-Instruct-NVFP4,p3
outfit,6,1.0,1.0,0,nvidia/Llama-3.3-70B-Instruct-NVFP4,p3
shuffle,6,1.0,1.0,0,nvidia/Llama-3.3-70B-Instruct-NVFP4,p3
compose,10,1.0,1.0,0,nvidia/Llama-3.3-70B-Instruct-NVFP4,p3
compression,8,1.0,1.0,0,nvidia/Llama-3.3-70B-Instruct-NVFP4,p3
sheer,7,1.0,1.0,0,nvidia/Llama-3.3-70B-Instruct-NVFP4,p3
coincide,5,1.0,1.0,0,nvidia/Llama-3.3-70B-Instruct-NVFP4,p3
drive,19,1.0,1.0,0,nvidia/Llama-3.3-70B-Instruct-NVFP4,p3
drown,9,1.0,1.0,0,nvidia/Llama-3.3-70B-Instruct-NVFP4,p3
peculiar,6,1.0,1.0,0,nvidia/Llama-3.3-70B-Instruct-NVFP4,p3
runner,12,1.0,1.0,0,nvidia/Llama-3.3-70B-Instruct-NVFP4,p3
conceive,5,1.0,1.0,0,nvidia/Llama-3.3-70B-Instruct-NVFP4,p3
sector,9,1.0,1.0,0,nvidia/Llama-3.3-70B-Instruct-NVFP4,p3
dissociation,5,1.0,1.0,0,nvidia/Llama-3.3-70B-Instruct-NVFP4,p3
dirt,5,1.0,1.0,0,nvidia/Llama-3.3-70B-Instruct-NVFP4,p3
polish,5,1.0,1.0,0,nvidia/Llama-3.3-70B-Instruct-NVFP4,p3
pony,7,1.0,1.0,0,nvidia/Llama-3.3-70B-Instruct-NVFP4,p3
persistence,6,1.0,1.0,0,nvidia/Llama-3.3-70B-Instruct-NVFP4,p3
phoenix,6,1.0,1.0,0,nvidia/Llama-3.3-70B-Instruct-NVFP4,p3
go_off,8,1.0,1.0,0,nvidia/Llama-3.3-70B-Instruct-NVFP4,p3
then,5,1.0,1.0,0,nvidia/Llama-3.3-70B-Instruct-NVFP4,p3
get_away,5,1.0,1.0,0,nvidia/Llama-3.3-70B-Instruct-NVFP4,p3
interpreter,6,1.0,1.0,0,nvidia/Llama-3.3-70B-Instruct-NVFP4,p3
installation,5,1.0,1.0,0,nvidia/Llama-3.3-70B-Instruct-NVFP4,p3
blind,7,1.0,1.0,0,nvidia/Llama-3.3-70B-Instruct-NVFP4,p3
take_back,7,1.0,1.0,0,nvidia/Llama-3.3-70B-Instruct-NVFP4,p3
confederacy,7,1.0,1.0,0,nvidia/Llama-3.3-70B-Instruct-NVFP4,p3
condensation,7,1.0,1.0,0,nvidia/Llama-3.3-70B-Instruct-NVFP4,p3
remote,6,1.0,1.0,0,nvidia/Llama-3.3-70B-Instruct-NVFP4,p3
detail,9,1.0,1.0,0,nvidia/Llama-3.3-70B-Instruct-NVFP4,p3
roughly,5,1.0,1.0,0,nvidia/Llama-3.3-70B-Instruct-NVFP4,p3
projection,13,1.0,1.0,0,nvidia/Llama-3.3-70B-Instruct-NVFP4,p3
prominence,6,1.0,1.0,0,nvidia/Llama-3.3-70B-Instruct-NVFP4,p3
promise,5,1.0,1.0,0,nvidia/Llama-3.3-70B-Instruct-NVFP4,p3
promotion,8,1.0,1.0,0,nvidia/Llama-3.3-70B-Instruct-NVFP4,p3
depression,14,1.0,1.0,0,nvidia/Llama-3.3-70B-Instruct-NVFP4,p3
convertible,6,1.0,1.0,0,nvidia/Llama-3.3-70B-Instruct-NVFP4,p3
correction,12,1.0,1.0,0,nvidia/Llama-3.3-70B-Instruct-NVFP4,p3
coverage,5,1.0,1.0,0,nvidia/Llama-3.3-70B-Instruct-NVFP4,p3
producer,5,1.0,1.0,0,nvidia/Llama-3.3-70B-Instruct-NVFP4,p3
trust,8,1.0,1.0,0,nvidia/Llama-3.3-70B-Instruct-NVFP4,p3
bald,6,1.0,1.0,0,nvidia/Llama-3.3-70B-Instruct-NVFP4,p3
trick,9,1.0,1.0,0,nvidia/Llama-3.3-70B-Instruct-NVFP4,p3
beset,5,1.0,1.0,0,nvidia/Llama-3.3-70B-Instruct-NVFP4,p3
bank,13,1.0,1.0,0,nvidia/Llama-3.3-70B-Instruct-NVFP4,p3
blister,6,1.0,1.0,0,nvidia/Llama-3.3-70B-Instruct-NVFP4,p3
bid,10,1.0,1.0,0,nvidia/Llama-3.3-70B-Instruct-NVFP4,p3
bark,6,1.0,1.0,0,nvidia/Llama-3.3-70B-Instruct-NVFP4,p3
tolerance,5,1.0,1.0,0,nvidia/Llama-3.3-70B-Instruct-NVFP4,p3
bearing,11,1.0,1.0,0,nvidia/Llama-3.3-70B-Instruct-NVFP4,p3
belt,9,1.0,1.0,0,nvidia/Llama-3.3-70B-Instruct-NVFP4,p3
precipitate,7,1.0,1.0,0,nvidia/Llama-3.3-70B-Instruct-NVFP4,p3
providence,8,1.0,1.0,0,nvidia/Llama-3.3-70B-Instruct-NVFP4,p3
cut_off,11,1.0,1.0,0,nvidia/Llama-3.3-70B-Instruct-NVFP4,p3
crowd,5,1.0,1.0,0,nvidia/Llama-3.3-70B-Instruct-NVFP4,p3
decay,5,1.0,1.0,0,nvidia/Llama-3.3-70B-Instruct-NVFP4,p3
receiver,8,1.0,1.0,0,nvidia/Llama-3.3-70B-Instruct-NVFP4,p3
recession,5,1.0,1.0,0,nvidia/Llama-3.3-70B-Instruct-NVFP4,p3
ram,6,1.0,1.0,0,nvidia/Llama-3.3-70B-Instruct-NVFP4,p3
dare,5,1.0,1.0,0,nvidia/Llama-3.3-70B-Instruct-NVFP4,p3
