"Annotator","Item ID","Content","Annotation","Timestamp"
"ann1","1777984417397ig6f61a820g","(zero-shot) 'stop' (NOUN_wn:07365849n) 'the event of something ending' —> The sudden stop of the rain allowed the hikers to finally reach the summit before dusk.","YES","07/05/2026, 23:18:52"
"ann1","1777984417397rp98b0obq4","(zero-shot) 'puff' (VERB_wn:01198616v) 'smoke and exhale strongly' —> The old sailor sat on the weathered dock and puffed steadily, watching thick gray clouds of tobacco vapor curl into the salty sea breeze.","YES","07/05/2026, 23:19:00"
"ann1","1777984417397xgssg65cfqs","(zero-shot) 'confinement' (NOUN_wn:13998576n) 'the state of being confined' —> The prisoner's prolonged confinement took a severe toll on his mental health.","YES","07/05/2026, 23:19:03"
"ann1","1777984417397q6m7rf7qe8","(zero-shot) 'turn' (NOUN_wn:00457382n) '(game) the activity of doing something in an agreed succession' —> It was my turn to roll the dice.","YES","07/05/2026, 23:19:13"
"ann1","1777984417397phnu0440z9h","(zero-shot) 'immediate' (ADJ_wn:01579853a) 'immediately before or after as in a chain of cause and effect' —> The immediate cause of the structural collapse was the removal of a critical support beam.","YES","07/05/2026, 23:19:18"
"ann1","1777984417397kq8arkfi2sl","(zero-shot) 'course' (NOUN_wn:09387222n) 'a line or route along which something travels or moves' —> The river followed a winding course through the valley.","YES","07/05/2026, 23:19:28"
"ann1","17779844173977td95xnpvz7","(zero-shot) 'kit' (NOUN_wn:01323155n) 'young of any of various fur-bearing animals' —> The rescue worker carefully lifted the shivering rabbit kit from the frozen ground and placed it inside a heated transport box.","YES","07/05/2026, 23:19:37"
"ann1","17779844173976jcyxrfxolv","(zero-shot) 'referent' (NOUN_wn:06603494n) 'something referred to; the object of a reference' —> The scholar debated whether the symbol's referent was a deity or a historical figure.","YES","07/05/2026, 23:19:44"
"ann1","17779844173977cwkdfaqg2a","(zero-shot) 'politically' (ADV_wn:00115745r) 'with regard to government' —> The governor's decision to veto the bill was politically motivated by the need to maintain support within the state legislature.","YES","07/05/2026, 23:19:50"
"ann1","17779844173978zfmirgxerk","(zero-shot) 'lead' (VERB_wn:02686625v) 'cause something to pass or lead somewhere' —> The winding path led us to a serene lake overlooking the mountains.","YES","07/05/2026, 23:19:53"
"ann1","1777984417397ge8gkxc8at","(zero-shot) 'hawaii' (NOUN_wn:09078231n) 'a state in the United States in the central Pacific on the Hawaiian Islands' —> Hawaii is a lush American state located in the middle of the expansive ocean, encompassing a famous chain of volcanic islands.","YES","07/05/2026, 23:19:57"
"ann1","1777984417397oh4eutib1a","(zero-shot) 'rank' (NOUN_wn:08400965n) 'the body of members of an organization or group' —> New volunteers quickly filled the ranks of the local community outreach program.","YES","07/05/2026, 23:20:01"
"ann1","1777984417397zbptnfh4de","(zero-shot) 'ignorant' (ADJ_wn:01308894a) 'unaware because of a lack of relevant information or knowledge' —> The new intern was completely ignorant of the company's filing procedures, which led to several misplaced documents.","YES","07/05/2026, 23:20:09"
"ann1","1777984417397nh15qnat14q","(zero-shot) 'confederacy' (NOUN_wn:06524935n) 'a secret agreement between two or more people to perform an unlawful act' —> The detectives revealed a sinister confederacy forged by the executives to manipulate stock prices and defraud innocent investors.","YES","07/05/2026, 23:20:32"
"ann1","1777984417397lhp1ck8zg9","(zero-shot) 'charge' (VERB_wn:00843959v) 'make an accusatory claim' —> The prosecutor charged the defendant with embezzlement.","YES","07/05/2026, 23:20:35"
"ann1","17779844173979btq8zofy0n","(zero-shot) 'scene' (NOUN_wn:13937075n) 'a situation treated as an observable object' —> The detective carefully documented every detail of the crime scene before the cleanup crew arrived.","YES","07/05/2026, 23:20:39"
"ann1","1777984417397am6ibbzcf6a","(zero-shot) 'stain' (VERB_wn:00286605v) 'produce or leave stains' —> Grape juice will stain your cotton shirt if you spill it.","YES","07/05/2026, 23:20:44"
"ann1","1777984417397g6xw4qrn7t4","(zero-shot) 'revelation' (NOUN_wn:05808102n) 'an enlightening or astonishing disclosure' —> The ancient manuscript provided a startling revelation about the true origins of the lost city.","YES","07/05/2026, 23:20:55"
"ann1","1777984417397bdw2laowl9d","(zero-shot) 'spray' (VERB_wn:01372682v) 'scatter in a mass or jet of droplets' —> The gardener sprayed water on the thirsty rose bushes.","YES","07/05/2026, 23:21:03"
"ann1","1777984417397c7j268ta9e9","(zero-shot) 'stamp' (VERB_wn:01273016v) 'to mark, or produce an imprint in or on something' —> The postal clerk carefully stamped the arrival date across the front of the envelope.","YES","07/05/2026, 23:21:10"
"ann1","1777984417397rt4lnccy558","(zero-shot) 'interface' (NOUN_wn:06575227n) '(computer science) a program that controls a display for the user (usually on a computer monitor) and that allows the user to interact with the system' —> The new mobile app features a sleek interface that lets travelers book flights and hotels with just a few taps on the screen.","YES","07/05/2026, 23:21:15"
"ann1","177798441739743csyu1yope","(zero-shot) 'restraint' (NOUN_wn:04697442n) 'lack of ornamentation' —> The sculptor's latest work demonstrates a profound restraint, presenting a polished stone form devoid of intricate carvings or embellishments.","YES","07/05/2026, 23:21:27"
"ann1","1777984417397k2iso988sl","(zero-shot) 'rouse' (VERB_wn:02056466v) 'force or drive out' —> The pack of hounds roused the fox from its hiding place in the thicket.","YES","07/05/2026, 23:21:30"
"ann1","17779844173978ljwbln85te","(zero-shot) 'split' (NOUN_wn:08819016n) 'an old Croatian city on the Adriatic Sea' —> We spent our summer vacation exploring the stunning coastline and historic landmarks of Split.","YES","07/05/2026, 23:21:36"
"ann1","1777984417397k73gxyhvqag","(zero-shot) 'reverse' (NOUN_wn:00559916n) '(American football) a running play in which a back running in one direction hands the ball to a back running in the opposite direction' —> The quarterback signaled for the reverse, hoping the deceptive motion would catch the linebacker off guard and open up the sideline for a big gain.","YES","07/05/2026, 23:21:43"
"ann1","1777984417397ap8s4ltje0t","(zero-shot) 'vary' (VERB_wn:02662297v) 'be subject to change in accordance with a variable' —> Housing costs tend to vary significantly based on the geographic location of the property.","YES","07/05/2026, 23:21:51"
"ann1","1777984417397c04xdmw2fde","(zero-shot) 'ounce' (NOUN_wn:13722522n) 'a unit of apothecary weight equal to 480 grains or one twelfth of a pound' —> The nineteenth-century apothecary carefully weighed exactly three ounces of powdered cinchona on his brass scales before compounding the medicinal tonic.","YES","07/05/2026, 23:21:59"
"ann1","17779844173971axx0ll1uj3","(zero-shot) 'draw_in' (VERB_wn:02015384v) 'of trains; move into (a station)' —> The steam locomotive drew in to the platform, releasing a plume of white smoke as it came to a halt.","YES","07/05/2026, 23:22:08"
"ann1","177798441739757lciufvtm8","(zero-shot) 'neural' (ADJ_wn:02904518a) 'of or relating to the nervous system' —> Pain signals travel along neural pathways to the brain.","YES","07/05/2026, 23:22:12"
"ann1","17779844173974gazbhm83xi","(zero-shot) 'advance' (VERB_wn:00158222v) 'rise in rate or price' —> Interest rates advanced by half a percent during the central bank's meeting.","YES","07/05/2026, 23:22:15"
"ann1","1777984417397c1sfb6ys94e","(zero-shot) 'discharge' (VERB_wn:02563724v) 'complete or carry out' —> The officer diligently discharged all assigned duties before departing for leave.","YES","07/05/2026, 23:22:19"
"ann1","1777984417397hrlsdesdmht","(zero-shot) 'repeat' (VERB_wn:00958334v) 'to say, state, or perform again' —> Please repeat the instructions so I can follow them correctly.","YES","07/05/2026, 23:22:22"
"ann1","1777984417397n8d2mqf4f2","(zero-shot) 'fit' (NOUN_wn:00555325n) 'a sudden flurry of activity (often for no obvious reason)' —> Her sudden fit of painting transformed the dull hallway into a vibrant gallery by dawn.","YES","07/05/2026, 23:22:27"
"ann1","1777984417397tfrg01zmms9","(zero-shot) 'insure' (VERB_wn:00891216v) 'protect by insurance' —> The homeowner decided to insure the house against fire damage.","YES","07/05/2026, 23:22:31"
"ann1","177798441739789of43acq65","(zero-shot) 'stumble' (VERB_wn:00618057v) 'make an error' —> The candidate stumbled over the details of the proposal, losing the support of the skeptical investors.","YES","07/05/2026, 23:22:34"
"ann1","1777984417397nz5z5vpv9sn","(zero-shot) 'interference' (NOUN_wn:06661562n) 'a policy of intervening in the affairs of other countries' —> The international community condemned the external interference in the sovereign nation's internal election process as a blatant violation of its independence.","YES","07/05/2026, 23:22:41"
"ann1","1777984417397ajtpe8ih4a","(zero-shot) 'pass' (VERB_wn:02221635v) 'transfer to another; of rights or property' —> Upon the signing of the deed, full ownership of the estate will pass to the designated heirs.","YES","07/05/2026, 23:22:46"
"ann1","177798441739749l9f90aakq","(zero-shot) 'disorderly' (ADJ_wn:02390569a) 'completely unordered and unpredictable and confusing' —> The disorderly scattering of clues across the crime scene left the detectives baffled, as the evidence seemed to appear randomly with no logical connection.","YES","07/05/2026, 23:22:56"
"ann1","1777984417397wpknb1yqyoc","(zero-shot) 'heal' (VERB_wn:00081725v) 'provide a cure for, make healthy again' —> The new antibiotic will heal the severe infection without any side effects.","YES","07/05/2026, 23:23:01"
"ann1","1777984417397pg6qsmsj48a","(zero-shot) 'evacuate' (VERB_wn:00073343v) 'excrete or discharge from the body' —> The physician prescribed a gentle laxative to help the patient evacuate his bowels after the abdominal surgery.","YES","07/05/2026, 23:23:08"
"ann1","1777984417397d1es29iy41c","(zero-shot) 'offensive' (ADJ_wn:01627965a) 'morally offensive' —> The politician retracted his offensive statement after realizing how deeply it insulted the religious sentiments of his constituents.","YES","07/05/2026, 23:23:15"
"ann1","1777984417397620ps1k7e1m","(zero-shot) 'guess' (VERB_wn:00636061v) 'guess correctly; solve by guessing' —> She guessed the combination to the safe by noticing which digits were worn smooth.","YES","07/05/2026, 23:23:20"
"ann1","1777984417397ytdyhccvexq","(zero-shot) 'attend_to' (VERB_wn:02540670v) 'work for or be a servant to' —> The young squire was honored to attend to the knight during the tournament, polishing his armor and caring for his horse.","YES","07/05/2026, 23:23:24"
"ann1","1777984417397sajv1rth55c","(zero-shot) 'threaten' (VERB_wn:00871781v) 'to be a menacing indication of something:' —> The dark clouds gathering on the horizon threatened a severe storm that could derail the entire expedition.","YES","07/05/2026, 23:23:29"
"ann1","1777984417397fr69fhsflst","(zero-shot) 'shift' (VERB_wn:01893988v) 'move very slightly' —> The old floorboard shifted a fraction of an inch under his weight.","YES","07/05/2026, 23:23:32"
"ann1","1777984417397rn1c9y56rt","(zero-shot) 'line_up' (VERB_wn:02036755v) 'form a queue, form a line, stand in line' —> Visitors must line up at the main entrance to receive their tickets.","YES","07/05/2026, 23:23:40"
"ann1","1777984417397gzirxxt8s24","(zero-shot) 'extend' (VERB_wn:00540946v) 'expand the influence of' —> The company plans to extend its market dominance into several neighboring countries.","YES","07/05/2026, 23:23:45"
"ann1","1777984417397vfskr2hl9wh","(zero-shot) 'come_on' (VERB_wn:01526605v) 'start running, functioning, or operating' —> The lights came on when I entered the room.","YES","07/05/2026, 23:23:49"
"ann1","17779844173970arh27dz5hxh","(zero-shot) 'faculty' (NOUN_wn:05650329n) 'one of the inherent cognitive or perceptual powers of the mind' —> The detective relied on her sharp faculty of intuition to solve the case when all physical evidence had vanished.","YES","07/05/2026, 23:24:02"
"ann1","1777984417397unjfbx3shja","(zero-shot) 'sweet' (ADJ_wn:01808413a) 'pleasing to the mind or feeling' —> It was sweet of you to check in on me.","NO","07/05/2026, 23:24:05"
"ann1","17779844173976vm8mcsx7l","(zero-shot) 'extraneous' (ADJ_wn:01350225a) 'coming from the outside' —> The laboratory maintained strict airflow controls to prevent any extraneous spores from entering the sterile cleanroom.","YES","07/05/2026, 23:24:18"
"ann1","17779844173976tpta1plshk","(zero-shot) 'tease' (VERB_wn:01356256v) 'separate the fibers of' —> The textile artisan carefully teased the raw wool to create a soft, lofty batting for the quilt.","YES","07/05/2026, 23:24:27"
"ann1","17779844173971b482fiz7xg","(zero-shot) 'channel' (NOUN_wn:03006105n) 'a passage for water (or other fluids) to flow through' —> The maintenance crew widened the clay channel to allow the irrigation water to flow smoothly across the fields.","YES","07/05/2026, 23:24:32"
"ann1","17779844173973c1qfewfmgl","(zero-shot) 'release' (NOUN_wn:00210940n) '(music) the act or manner of terminating a musical phrase or tone' —> The jazz pianist improvised a complex melody, paying close attention to the release of each note to maintain the swinging rhythm.","YES","07/05/2026, 23:24:38"
"ann1","1777984417397p5iup7sn7tc","(zero-shot) 'survivor' (NOUN_wn:10681060n) 'one who outlives another' —> The elderly widow was the only survivor left to inherit the sprawling estate.","YES","07/05/2026, 23:24:43"
"ann1","1777984417397av4qrir5wup","(zero-shot) 'logic' (NOUN_wn:05615028n) 'reasoned and reasonable judgment' —> The board's decision was based on sound logic, ensuring that all financial risks were thoroughly assessed before approval.","YES","07/05/2026, 23:24:49"
"ann1","1777984417397ny72b5bbhka","(zero-shot) 'ventricle' (NOUN_wn:05391763n) 'a chamber of the heart that receives blood from an atrium and pumps it to the arteries' —> During the echocardiogram, the cardiologist noted how the muscular ventricle efficiently contracted to circulate oxygenated blood throughout the systemic arteries.","YES","07/05/2026, 23:25:18"
"ann1","1777984417397su6yn6xyqus","(zero-shot) 'logic' (NOUN_wn:05871618n) 'the principles that guide reasoning within a given field or situation' —> The internal logic of the fairy tale relied on magical transformations rather than scientific laws.","YES","07/05/2026, 23:26:01"
"ann1","1777984417397aqnagp0psin","(zero-shot) 'address' (NOUN_wn:06794216n) 'a sign in front of a house or business carrying the conventional form by which its location is described' —> The contractor bolted the brass address to the stone pillar.","YES","07/05/2026, 23:26:06"
"ann1","1777984417397393b4xt1u89","(zero-shot) 'break' (VERB_wn:02535716v) 'interrupt a continued activity' —> They decided to break their long road trip with a quick lunch stop.","YES","07/05/2026, 23:26:11"
"ann1","1777984417397gp2uxhoygb","(zero-shot) 'communion' (NOUN_wn:01036333n) 'the act of participating in the celebration of the Eucharist' —> The faithful approached the altar to receive communion as the priest distributed the consecrated host during Sunday mass.","YES","07/05/2026, 23:26:19"
"ann1","1777984417397k5mffc5yecm","(zero-shot) 'firmly' (ADV_wn:00091964r) 'with firmness' —> She gripped the steering wheel firmly as the car navigated the steep mountain descent.","YES","07/05/2026, 23:26:27"
"ann1","1777984417397q2wi3dfsok8","(zero-shot) 'chill' (VERB_wn:00369864v) 'loose heat' —> Place the hot cast iron skillet on the stone countertop to chill before washing it.","YES","07/05/2026, 23:26:48"
"ann1","1777984417397zrt1sf231u","(zero-shot) 'evaporation' (NOUN_wn:13572436n) 'the process of becoming a vapor' —> Sunlight caused the quick evaporation of the morning dew from the grass.","YES","07/05/2026, 23:26:58"
"ann1","1777984417397zdpk9u3npbe","(zero-shot) 'bank' (VERB_wn:02310855v) 'put into a bank account' —> Please remember to bank the check before the holiday closure.","YES","07/05/2026, 23:27:07"
"ann1","1777984417397wvucv8jrhvn","(zero-shot) 'line' (NOUN_wn:08101937n) 'the descendants of one individual' —> He feared that his direct line would end with the death of his only daughter.","YES","07/05/2026, 23:27:19"
"ann1","1777984417397oo4dn458far","(zero-shot) 'pass_on' (VERB_wn:02043190v) 'cause be distributed' —> The organizer will pass on the raffle tickets to every guest upon arrival.","YES","07/05/2026, 23:27:23"
"ann1","1777984417397ll9ap76uobg","(zero-shot) 'align' (VERB_wn:00466053v) 'bring (components or parts) into proper or desirable coordination correlation' —> The team worked late to align the project milestones with the client's expectations.","YES","07/05/2026, 23:27:29"
"ann1","17779844173974ehn0emf5j","(zero-shot) 'twist' (VERB_wn:00143914v) 'form into twists' —> The baker twisted the dough into a spiral shape.","YES","07/05/2026, 23:27:33"
"ann1","1777984417397kdypnbpv8ts","(zero-shot) 'influence' (NOUN_wn:10461747n) 'one having power to influence another' —> The general admitted he was the only influence the committee listened to.","YES","07/05/2026, 23:27:38"
"ann1","1777984417397359bo93rmaa","(zero-shot) 'field' (NOUN_wn:08569777n) 'somewhere (away from a studio or office or library or laboratory) where practical work is done or data is collected' —> The ecology students spent the entire summer in the field observing bird migration patterns.","YES","07/05/2026, 23:27:46"
"ann1","1777984417397952uvd4iyqs","(zero-shot) 'persist' (VERB_wn:02731024v) 'stay behind' —> While the rest of the convoy moved on, the scout decided to persist in the valley to monitor the suspicious tracks.","YES","07/05/2026, 23:27:51"
"ann1","1777984417397lr38rzngh5","(zero-shot) 'aged' (ADJ_wn:01644541a) 'having attained a specific age; (`aged' is pronounced as one syllable)' —> The brilliant violinist, aged seventeen, stunned the concert hall with her flawless performance.","YES","07/05/2026, 23:27:56"
"ann1","17779844173978z4uiezazll","(zero-shot) 'stride' (NOUN_wn:00249987n) 'significant progress (especially in the phrase )' —> The scientific community has made great strides in understanding the complex mechanisms of the human brain.","YES","07/05/2026, 23:28:01"
"ann1","1777984417397qg9f12khd","(zero-shot) 'sharply' (ADV_wn:00429534r) 'very suddenly and to a great degree' —> The temperature dropped sharply after sunset.","YES","07/05/2026, 23:28:05"
"ann1","1777984417397cshj4s5aizd","(zero-shot) 'slow_down' (VERB_wn:00440786v) 'cause to proceed more slowly' —> The heavy rain will slow down traffic on the highway.","YES","07/05/2026, 23:28:09"
"ann1","1777984417397tgfanw1qdaf","(zero-shot) 'living' (NOUN_wn:13961642n) 'the condition of living or the state of being alive' —> The mystery of living has fascinated philosophers and biologists for centuries.","YES","07/05/2026, 23:28:15"
"ann1","17779844173977w02jxe4hff","(zero-shot) 'cross' (NOUN_wn:00850425n) '(genetics) the act of mixing different species or varieties of animals or plants and thus to produce hybrids' —> The cross between the drought-tolerant wheat and the high-yield strain yielded a remarkably resilient new crop.","YES","07/05/2026, 23:28:30"
"ann1","1777984417397v9mcgy1fagq","(zero-shot) 'stall' (VERB_wn:01862640v) 'cause an airplane to go into a stall' —> Pulling the control yoke back too sharply will instantly stall the single-engine plane.","YES","07/05/2026, 23:28:40"
"ann1","177798441739781u5jpinh8c","(zero-shot) 'trace' (VERB_wn:00729109v) 'follow, discover, or ascertain the course of development of something' —> Historians can trace the gradual evolution of modern computing from early mechanical calculators to today's artificial intelligence systems.","YES","07/05/2026, 23:28:47"
"ann1","1777984417397mjc07bebz8a","(zero-shot) 'bleach' (VERB_wn:00279465v) 'make whiter or lighter' —> The strong chlorine solution will bleach the stained fabric until it becomes noticeably lighter.","YES","07/05/2026, 23:28:52"
"ann1","17779844173979x18gmhx7l","(zero-shot) 'Jackson' (NOUN_wn:11076820n) 'United States singer who did much to popularize gospel music (1911-1972)' —> Jackson's thunderous soprano and heartfelt renditions of traditional spirituals introduced millions of listeners to the soulful depth of American gospel music.","YES","07/05/2026, 23:28:56"
"ann1","17779844173974qkk7vsp9s","(zero-shot) 'snow' (NOUN_wn:03066743n) 'street names for cocaine' —> The detective realized that when the suspects talked about shipping snow, they were actually referring to cocaine.","YES","07/05/2026, 23:29:02"
"ann1","1777984417397krrarru35dp","(zero-shot) 'twitch' (VERB_wn:01448778v) 'move or pull with a sudden motion' —> The startled rabbit twitched its nose rapidly before darting away.","YES","07/05/2026, 23:29:07"
"ann1","1777984417397xsk7fuzdkul","(zero-shot) 'fullness' (NOUN_wn:05106024n) 'greatness of volume' —> The tailor carefully pleated the heavy fabric to preserve the fullness of the skirt, ensuring it swayed gracefully as she walked.","YES","07/05/2026, 23:29:24"
"ann1","1777984417397lxqs2hm8pe8","(zero-shot) 'relief' (NOUN_wn:13290991n) '(law) redress awarded by a court' —> The judge granted the plaintiff equitable relief by ordering the company to reverse the unauthorized sale of the property.","YES","07/05/2026, 23:39:53"
"ann1","17779844173976c3dpsmzfm7","(zero-shot) 'proliferation' (NOUN_wn:13542114n) 'a rapid increase in number (especially a rapid increase in the number of deadly weapons)' —> The proliferation of autonomous drone swarms on the battlefield forced military commanders to completely rethink their defensive strategies.","YES","07/05/2026, 23:40:00"
"ann1","177798441739771qhv9x29q","(zero-shot) 'propagate' (VERB_wn:01380122v) 'become distributed or widespread' —> Rumors of the impending merger propagated rapidly through the office hallways before the official announcement.","YES","07/05/2026, 23:40:05"
"ann1","1777984417397xlhjivw1zw","(zero-shot) 'proliferation' (NOUN_wn:13541975n) 'growth by the rapid multiplication of parts' —> The sudden proliferation of neon signs transformed the quiet street into a bustling entertainment district.","YES","07/05/2026, 23:40:09"
"ann1","1777984417397dhoj06pfo6s","(zero-shot) 'useful' (ADJ_wn:02495922a) 'being of use or service' —> The detailed instructions were useful for assembling the furniture correctly.","YES","07/05/2026, 23:40:13"
"ann1","1777984417397wss02ywcoi","(zero-shot) 'stud' (NOUN_wn:00498220n) 'poker in which each player receives hole cards and the remainder are dealt face up; bets are placed after each card is dealt' —> After a long night of tournament play, the veteran gambler finally sat down at the high-stakes stud table to practice his methodical betting strategy.","YES","07/05/2026, 23:40:24"
"ann1","17779844173979dt8c054jdq","(zero-shot) 'party' (NOUN_wn:10402824n) 'a person involved in legal proceedings' —> The attorney reminded each party that they must attend all scheduled depositions and submit their evidence to the court.","YES","07/05/2026, 23:40:51"
"ann1","1777984417397gbyvmnfwoig","(zero-shot) 'initiation' (NOUN_wn:00156390n) 'an act that sets in motion some course of events' —> The initiation of the launch sequence began the countdown to liftoff.","YES","07/05/2026, 23:40:57"
"ann1","1777984417397tut4k2usd1","(zero-shot) 'strain' (NOUN_wn:08101410n) 'a special variety of domesticated animals within a species' —> The laboratory researchers selected a specific strain of mice for the genetic experiment.","YES","07/05/2026, 23:41:06"
"ann1","17779844173971777gbhzjkv","(zero-shot) 'subject' (NOUN_wn:04347225n) 'something (a person or object or scene) selected by an artist or photographer for graphic representation' —> The photographer waited patiently for the golden hour to perfectly capture the weathered lighthouse that served as the subject of his coastal series.","YES","07/05/2026, 23:41:43"
"ann1","17779844173973k6xymxrarq","(zero-shot) 'progress' (NOUN_wn:07445265n) 'a movement forward' —> The steady progress of the runner toward the finish line inspired the entire stadium.","YES","07/05/2026, 23:41:51"
"ann1","1777984417397bk1vt2k9an","(zero-shot) 'discover' (VERB_wn:00652346v) 'identify as in botany or biology, for example' —> The botanist discovered the specimen to be a rare variant of the alpine orchid.","YES","07/05/2026, 23:41:54"
"ann1","1777984417397uh1w0nviejn","(zero-shot) 'suffer' (VERB_wn:02109190v) 'undergo or be subjected to' —> The historic district suffered extensive structural damage during the prolonged storm.","YES","07/05/2026, 23:42:00"
"ann1","1777984417397xj9t6oxswxa","(zero-shot) 'fluctuate' (VERB_wn:00270699v) 'be unstable' —> The temperature in the room fluctuated constantly due to the broken thermostat.","YES","07/05/2026, 23:42:03"
"ann1","17779844173978u8mqzgmevy","(zero-shot) 'open' (ADJ_wn:01659999a) '(set theory) of an interval that contains neither of its endpoints' —> Calculus students must remember that an open interval excludes its endpoints, whereas a closed interval includes them.","YES","07/05/2026, 23:42:09"
"ann1","1777984417397l02km1snnjm","(zero-shot) 'bean' (NOUN_wn:13136316n) 'any of various seeds or fruits that are beans or resemble beans' —> She dropped a white bean on the kitchen floor.","YES","07/05/2026, 23:42:17"
"ann1","1777984417397x73ns0jzm2n","(zero-shot) 'release' (NOUN_wn:04073425n) 'a device that when pressed will release part of a mechanism' —> The mechanic pressed the release located under the seat to detach the oxygen tank.","YES","07/05/2026, 23:42:29"
"ann1","1777984417397ypeo0p7rw5p","(zero-shot) 'naked' (ADJ_wn:01698760a) 'lacking any cover' —> The ancient oak stood naked in the garden, its branches stripped of leaves by the harsh winter winds.","YES","07/05/2026, 23:44:14"
"ann1","1777984417397swhndjfhhkk","(zero-shot) 'record' (NOUN_wn:00047745n) 'the sum of recognized accomplishments' —> The foundation awarded him the lifetime achievement grant after carefully evaluating his professional record, which spanned two decades of groundbreaking research and successful community outreach programs.","YES","07/05/2026, 23:44:20"
"ann1","1777984417397pq2w5iy7rg","(zero-shot) 'publication' (NOUN_wn:01102436n) 'the communication of something to the public; making information generally known' —> The publication of the confidential research data prompted immediate action from international health agencies.","YES","07/05/2026, 23:44:24"
"ann1","17779844173975v17iv1bsz4","(zero-shot) 'affair' (NOUN_wn:07447261n) 'a vaguely specified social event' —> The neighborhood hosted a lively block affair complete with lawn games and homemade refreshments.","YES","07/05/2026, 23:44:28"
"ann1","1777984417397kmw58dkjsz","(zero-shot) 'critical' (ADJ_wn:00903894a) 'urgently needed; absolutely necessary' —> Reliable access to clean water is critical for the long-term health of the community.","YES","07/05/2026, 23:44:32"
"ann1","177798441739731a3lret683","(zero-shot) 'elimination' (NOUN_wn:05782245n) 'analysis of a problem into alternative possibilities followed by the systematic rejection of unacceptable alternatives' —> By a process of elimination, the engineers discarded every design prototype that failed the stress tests, eventually identifying the only configuration capable of withstanding the load.","YES","07/05/2026, 23:44:38"
"ann1","17779844173979ib1t69vyb8","(zero-shot) 'pace' (VERB_wn:02091165v) 'go at a pace' —> The seasoned cyclist paced himself throughout the grueling race to maintain a steady speed.","YES","07/05/2026, 23:44:41"
"ann1","1777984417397lw55kkm8u2h","(zero-shot) 'course' (NOUN_wn:00884466n) 'education imparted in a series of lessons or meetings' —> She enrolled in an advanced mathematics course that met twice a week for the entire semester.","YES","07/05/2026, 23:44:45"
"ann1","17779844173972ecxclgv57v","(zero-shot) 'pool' (NOUN_wn:08236438n) 'an association of companies for some definite purpose' —> Rival chemical manufacturers established a pool to regulate output quotas and prevent price wars during the economic recession.","YES","07/05/2026, 23:44:53"
"ann1","1777984417397il78cnjzrjq","(zero-shot) 'tense' (ADJ_wn:02404868a) 'pronounced with relatively tense tongue muscles (e.g., the vowel sound in `beat')' —> The phonetic transcription marks the vowel in ""goose"" as tense.","YES","07/05/2026, 23:45:06"
"ann1","1777984417397mxxoutujt6","(zero-shot) 'genre' (NOUN_wn:07071942n) 'an expressive style of music' —> The radio station broadcasts a wide variety of music genres.","YES","07/05/2026, 23:45:12"
"ann1","1777984417397sqg8ldly9m","(zero-shot) 'prominent' (ADJ_wn:00580805a) 'having a quality that thrusts itself into attention' —> A prominent vein pulsed against his temple as he clenched his jaw in frustration.","YES","07/05/2026, 23:45:27"
"ann1","1777984417397qyf991fpo5i","(zero-shot) 'third' (NOUN_wn:04425977n) 'the third from the lowest forward ratio gear in the gear box of a motor vehicle' —> The driver shifted into third to climb the steep hill efficiently.","YES","07/05/2026, 23:45:41"
"ann1","1777984417397j5lbhafwct","(zero-shot) 'error' (NOUN_wn:00070965n) 'a wrong action attributable to bad judgment or ignorance or inattention' —> The project manager made a critical error by skipping the mandatory safety inspection, which ultimately endangered the entire team.","YES","07/05/2026, 23:45:54"
"ann1","17779844173976yr51f8q5v2","(zero-shot) 'pick_up' (VERB_wn:00598954v) 'get to know or become aware of, usually accidentally' —> She picked up a rumor from the break room chat.","YES","07/05/2026, 23:46:04"
"ann1","1777984417397clc2afz2g8b","(zero-shot) 'border' (NOUN_wn:08512736n) 'a line that indicates a boundary' —> The border between the two states is clearly marked on the map.","YES","07/05/2026, 23:46:15"
"ann1","1777984417397b6ki2xbksp9","(zero-shot) 'starve' (VERB_wn:01187948v) 'deprive of a necessity and cause suffering' —> The besieging army chose to starve the city into submission by blocking all trade routes and destroying the surrounding farmland.","YES","07/05/2026, 23:46:49"
"ann1","17779844173970bbgyt2e33m","(zero-shot) 'pass' (NOUN_wn:00286112n) '(ballet) a step in dancing (especially in classical ballet)' —> The instructor reminded the student to maintain a straight line through the leg during the pass to ensure proper alignment before the jump.","YES","07/05/2026, 23:46:55"
"ann1","1777984417397ec4dw5uiwr4","(zero-shot) 'crowd' (VERB_wn:02028722v) 'cause to herd, drive, or crowd together' —> The shepherds crowded the restless flock into the sturdy wooden pen.","YES","07/05/2026, 23:46:59"
"ann1","17779844173976kncrdwq3qt","(zero-shot) 'manipulate' (VERB_wn:02536329v) 'influence or control shrewdly or deviously' —> The cunning lobbyist sought to manipulate public opinion by leaking fabricated stories to the press.","YES","07/05/2026, 23:47:06"
"ann1","1777984417397wyu322ih9y","(zero-shot) 'distinguished' (ADJ_wn:00752110a) 'used of a person's appearance or behavior; befitting an eminent person' —> Her distinguished carriage turned heads at the gala.","YES","07/05/2026, 23:47:11"
"ann1","1777984417397bz2ykhy5x2f","(zero-shot) 'rise' (VERB_wn:01990281v) 'come to the surface' —> Bubbles of trapped gas continued to rise from the muddy riverbed.","YES","07/05/2026, 23:47:21"
"ann1","17779844173973f91sjo20u6","(zero-shot) 'boost' (VERB_wn:00310937v) 'give a boost to; be beneficial to' —> The new marketing strategy is expected to boost sales significantly this quarter.","YES","08/05/2026, 00:12:12"
"ann1","1777984417397cr7554ox96a","(zero-shot) 'expand' (VERB_wn:02077148v) 'extend in one or more directions' —> The balloon expands as you blow air into it.","YES","08/05/2026, 00:12:16"
"ann1","17779844173979bknpyakrm","(zero-shot) 'burn' (VERB_wn:00196364v) 'burn with heat, fire, or radiation' —> The dry leaves began to burn.","YES","08/05/2026, 00:12:18"
"ann1","1777984417397mipkzx5nyu","(zero-shot) 'localize' (VERB_wn:02509919v) 'restrict something to a particular area' —> The emergency shut-off valves successfully localized the coolant leak to the primary reactor chamber.","YES","08/05/2026, 00:12:22"
"ann1","17779844173972tg8y9ngd7h","(zero-shot) 'filling' (NOUN_wn:00402535n) 'the act of filling something' —> The slow filling of the massive reservoir took nearly three months to complete.","YES","08/05/2026, 00:12:26"
"ann1","1777984417397lss8rutrj6p","(zero-shot) 'round' (NOUN_wn:00466377n) 'the activity of playing 18 holes of golf' —> She booked a tee time for the morning round at the country club.","YES","08/05/2026, 00:12:29"
"ann1","1777984417397fgjhs3iqhj9","(zero-shot) 'commotion' (NOUN_wn:13977366n) 'a disorderly outburst or tumult' —> A sudden commotion erupted in the crowded hallway as students shouted and pushed their way toward the exit.","YES","08/05/2026, 00:12:33"
"ann1","1777984417397r7tjm7veb3","(zero-shot) 'singular' (ADJ_wn:00494622a) 'being a single and separate person or thing; ; -William James' —> The isolated cabin stood as a singular structure miles away from the nearest village.","YES","08/05/2026, 00:12:40"
"ann1","1777984417397qurfr39pek","(zero-shot) 'wisdom' (NOUN_wn:05926236n) 'accumulated knowledge or erudition or enlightenment' —> The scholar's vast wisdom, gathered through decades of rigorous academic research and cross-cultural dialogue, illuminated the committee's debate with profound clarity.","YES","08/05/2026, 00:12:50"
"ann1","1777984417397vbcesl70aqp","(zero-shot) 'result' (NOUN_wn:06743506n) 'a statement that solves a problem or explains how to solve the problem' —> The report's key result outlines the steps required to fix the software bug.","YES","08/05/2026, 00:12:56"
"ann1","1777984417397xltrtpr0cm","(zero-shot) 'humor' (NOUN_wn:06776138n) 'a message whose ingenuity or verbal skill or incongruity has the power to evoke laughter' —> Comedians perform original humors tonight.","WRONG","08/05/2026, 00:13:02"
"ann1","1777984417397lr59nuqm0bf","(zero-shot) 'scrape' (VERB_wn:01309143v) 'cut the surface of; wear away the surface of' —> Rough pavement scraped his palms when he fell off his bicycle.","YES","08/05/2026, 00:13:09"
"ann1","1777984417397s2rdhp0ban","(zero-shot) 'grow' (VERB_wn:00245457v) 'cause to grow or develop' —> She plans to grow a diverse collection of rare orchids in her sunlit greenhouse.","YES","08/05/2026, 00:13:15"
"ann1","1777984417397qbq1oey4pkd","(zero-shot) 'feminine' (ADJ_wn:02320289a) '(music or poetry) ending on an unaccented beat or syllable' —> The poet employed a feminine line to soften the stanza's conclusion, letting the rhythm trail away on a light, unemphatic tone.","YES","08/05/2026, 00:13:22"
"ann1","1777984417397toyjjxpfnbj","(zero-shot) 'dialogue' (NOUN_wn:07010541n) 'the lines spoken by characters in drama or fiction' —> The actors memorized the dialogue for the play.","YES","08/05/2026, 00:13:26"
"ann1","1777984417397gcewh9q0dpl","(zero-shot) 'charitable' (ADJ_wn:01372948a) 'showing or motivated by sympathy and understanding and generosity' —> The committee accepted the late submission with a charitable interpretation of the rules.","YES","08/05/2026, 00:13:32"
"ann1","1777984417397gskw5pimpx","(zero-shot) 'emergence' (NOUN_wn:00044455n) 'the act of coming (or going) out; becoming apparent' —> The gradual emergence of the moon from behind the storm clouds revealed a silvery path across the water.","YES","08/05/2026, 00:13:45"
"ann1","1777984417397rbh91lkna3s","(zero-shot) 'cover' (NOUN_wn:01049685n) 'the act of concealing the existence of something by obstructing the view of it' —> The dense foliage provided excellent cover for the deer, keeping them hidden from the hunters patrolling the forest floor.","YES","08/05/2026, 00:13:56"
"ann1","1777984417397u9yfb7aszbj","(zero-shot) 'base' (ADJ_wn:01856066a) 'serving as or forming a base' —> The base price for the renovation project does not include unexpected structural repairs.","YES","08/05/2026, 00:14:06"
"ann1","17779844173971xwcdnr5ao6","(zero-shot) 'manuscript' (NOUN_wn:06407221n) 'handwritten book or document' —> The archaeologist uncovered a rare manuscript etched with delicate calligraphy on crumbling parchment.","YES","08/05/2026, 00:14:10"
"ann1","17779844173977uen7854mot","(zero-shot) 'wield' (VERB_wn:02204564v) 'have and exercise' —> The CEO wields considerable influence over the company's strategic direction.","YES","08/05/2026, 00:14:13"
"ann1","17779844173973h5zk5g191g","(zero-shot) 'mourn' (VERB_wn:01797051v) 'feel sadness' —> The villagers mourn the sudden loss, gathering in quiet silence to let their hearts ache with profound sorrow.","YES","08/05/2026, 00:14:17"
"ann1","1777984417397en7t6f49cm","(zero-shot) 'pay_off' (VERB_wn:02292004v) 'yield a profit or result' —> Her years of frugal saving finally paid off when she purchased her dream home without taking out a loan.","YES","08/05/2026, 00:14:21"
"ann1","1777984417397s1cuhz6ojc","(zero-shot) 'settle' (VERB_wn:01988458v) 'settle into a position, usually on a surface or ground' —> The exhausted athlete settled against the locker room bench, his chest heaving with every breath.","YES","08/05/2026, 00:14:26"
"ann1","1777984417397okklyhtbsvf","(zero-shot) 'selective' (ADJ_wn:00775693a) 'tending to select; characterized by careful choice; - John Mason Brown' —> The gallery curator was highly selective about which paintings hung in the main hall, meticulously evaluating each piece for composition and emotional impact.","YES","08/05/2026, 00:14:43"
"ann1","1777984417397yylrk2adzh8","(zero-shot) 'draw' (VERB_wn:01115190v) 'finish a game with an equal number of points, goals, etc.' —> After ninety minutes of intense football, the championship rivals drew, splitting the single point available for the match.","YES","08/05/2026, 00:14:52"
"ann1","1777984417397j3vjtshjj1","(zero-shot) 'deliberation' (NOUN_wn:04661151n) 'the trait of thoughtfulness in action or decision' —> The surgeon's deliberation during the complex procedure ensured that every movement was calculated to minimize risk to the patient.","YES","08/05/2026, 00:15:23"
"ann1","1777984417397okkdf505dvb","(zero-shot) 'water' (VERB_wn:02357873v) 'provide with water' —> The farmer watered the crops in the dry field.","YES","08/05/2026, 00:15:26"
"ann1","1777984417397vrv6z7eekh","(zero-shot) 'legume' (NOUN_wn:11748002n) 'the fruit or seed of any of various bean or pea plants consisting of a case that splits along both sides when ripe and having the seeds attach to one side of the case' —> The nutritionist recommended incorporating more dried legume varieties, such as chickpeas and lentils, into the weekly meal plan to boost fiber intake.","YES","08/05/2026, 00:15:29"
"ann1","1777984417397pr66ryjfbr8","(zero-shot) 'think_of' (VERB_wn:00730052v) 'intend to refer to' —> I was thinking of the red bicycle when I mentioned the gift.","YES","08/05/2026, 00:15:33"
"ann1","1777984417397hitx8ev9fyl","(zero-shot) 'bass' (NOUN_wn:07777945n) 'the lean flesh of a saltwater fish of the family Serranidae' —> She enjoyed the crispy skin on the grilled bass, which paired perfectly with the asparagus.","YES","08/05/2026, 00:15:38"
"ann1","1777984417397nx6y7ghdl29","(zero-shot) 'horn' (NOUN_wn:03394916n) 'a brass musical instrument consisting of a conical tube that is coiled into a spiral and played by means of valves' —> The orchestra’s horn player carefully adjusted his mouthpiece before launching into the sweeping, lyrical solo that captivated the entire audience.","YES","08/05/2026, 00:15:44"
"ann1","17779844173974o5dufpj2iw","(zero-shot) 'spiral' (NOUN_wn:13560191n) 'a continuously accelerating change in the economy' —> Economists warned that the sudden spike in oil prices could ignite a hyperinflationary spiral, eroding the value of the currency day by day.","YES","08/05/2026, 00:15:52"
"ann1","1777984417397gxt0rn7ypfv","(zero-shot) 'nylon' (NOUN_wn:14966192n) 'a thermoplastic polyamide; a family of strong resilient synthetic fibers' —> The hiker secured the gear with a coil of lightweight nylon rope.","YES","08/05/2026, 00:15:58"
"ann1","1777984417397xvjwy3j5v8","(zero-shot) 'surprisingly' (ADV_wn:00213301r) 'in an amazing manner; to everyone's surprise' —> The shy student surprisingly won the speech competition.","YES","08/05/2026, 00:16:04"
"ann1","1777984417397jqljieqyf4m","(zero-shot) 'light' (VERB_wn:01978700v) 'to come to rest, settle' —> The dragonfly lit gently on the tip of the tall reed.","YES","08/05/2026, 00:16:48"
"ann1","1777984417397uzysl9lf1u8","(zero-shot) 'disturb' (VERB_wn:00520019v) 'destroy the peace or tranquility of' —> Loud noises disturbed our quiet study session.","YES","08/05/2026, 00:16:54"
"ann1","1777984417397rsi2r4ydeoo","(zero-shot) 'mantle' (NOUN_wn:03719343n) 'shelf that projects from wall above fireplace' —> We carefully arranged the brass candlesticks on the wooden mantle above the cozy fireplace.","YES","08/05/2026, 00:17:00"
"ann1","17779844173975y4bu451na9","(zero-shot) 'output' (NOUN_wn:07264925n) 'signal that comes out of an electronic system' —> The technician used a multimeter to check the voltage level at the circuit board's output terminal.","YES","08/05/2026, 00:17:12"
"ann1","17779844173972tu75bkasi8","(zero-shot) 'performance' (NOUN_wn:00097504n) 'the act of performing; of doing something successfully; using knowledge as distinguished from merely possessing it' —> The engineer's meticulous performance of the calibration tests ensured the machinery operated within safety parameters.","YES","08/05/2026, 00:17:26"
"ann1","1777984417397ikznas51fw","(zero-shot) 'bombing' (NOUN_wn:00979742n) 'the use of bombs for sabotage; a tactic frequently used by terrorists' —> The intelligence report detailed the group's plans for a massive bombing aimed at disrupting the capital's infrastructure.","YES","08/05/2026, 00:17:43"
"ann1","1777984417397xkv4bsgu01","(zero-shot) 'noticeable' (ADJ_wn:01746995a) 'capable of being detected' —> There was a noticeable change in his behavior.","YES","08/05/2026, 00:17:50"
"ann1","1777984417397soksqkbhr5","(zero-shot) 'base' (NOUN_wn:02798117n) '(electronics) the part of a transistor that separates the emitter from the collector' —> When prototyping the audio circuit, the engineer carefully calculated the bias voltage for the center terminal, ensuring the correct current reached the base of the transistor.","YES","08/05/2026, 00:18:11"
"ann1","1777984417397pgaxth7ammr","(zero-shot) 'turn_away' (VERB_wn:02034300v) 'turn from a straight course, fixed direction, or line of interest' —> The river turns away from the northern ridge and flows gently toward the valley floor.","YES","08/05/2026, 00:18:21"
"ann1","1777984417397td7ckrg403h","(zero-shot) 'get_away' (VERB_wn:00810729v) 'escape potentially unpleasant consequences; get away with a forbidden action' —> The arrogant student believed he could get away with plagiarizing the entire essay.","YES","08/05/2026, 00:18:26"
"ann1","1777984417397pi7f36v7km","(zero-shot) 'advancement' (NOUN_wn:07251984n) 'encouragement of the progress or growth or acceptance of something' —> Her mentorship focused on the advancement of young professionals seeking leadership roles.","YES","08/05/2026, 00:18:34"
"ann1","1777984417397g3y1hf1rzcp","(zero-shot) 'take_over' (VERB_wn:02381726v) 'take on titles, offices, duties, responsibilities' —> Upon his retirement, his daughter will take over the presidency of the company.","YES","08/05/2026, 00:18:44"
"ann1","17779844173973t7pw6a3gs5","(zero-shot) 'advanced' (ADJ_wn:00198383a) 'situated ahead or going before' —> The advanced guard moved to secure the bridge.","YES","08/05/2026, 00:18:49"
"ann1","17779844173979suvi6068jt","(zero-shot) 'diagonal' (ADJ_wn:01234747a) 'having an oblique or slanted direction' —> The architect drew a diagonal line across the floor plan.","YES","08/05/2026, 00:18:56"
"ann1","1777984417397plonethyw4o","(zero-shot) 'shorten' (VERB_wn:00201034v) 'edit by omitting or modifying parts considered indelicate' —> The editor decided to shorten the manuscript to ensure it was appropriate for the school library's collection.","YES","08/05/2026, 00:19:14"
"ann1","1777984417397pphkub6uvmc","(zero-shot) 'flare' (NOUN_wn:07014997n) 'a sudden outburst of emotion' —> A sharp flare of jealousy consumed him when he saw them laughing together.","YES","08/05/2026, 00:19:22"
"ann1","1777984417397y3rldh3wi3","(zero-shot) 'surmount' (VERB_wn:01108627v) 'get on top of; deal with successfully' —> Through strategic adjustments and unwavering focus, the startup managed to surmount the initial market resistance and secure profitable growth.","YES","08/05/2026, 00:19:28"
"ann1","177798441739768o1lcb80kf","(zero-shot) 'sound' (VERB_wn:00491689v) 'measure the depth of (a body of water) with a sounding line' —> The captain sounded the channel to ensure the ship could pass safely.","YES","08/05/2026, 00:19:33"
"ann1","1777984417397ou7pzqzkjcd","(zero-shot) 'fortify' (VERB_wn:00222135v) 'add alcohol to (beverages)' —> The winemaker decided to fortify the vintage sherry with a splash of brandy before sealing the barrels.","YES","08/05/2026, 00:19:38"
"ann1","1777984417397gg9yhgviktb","(zero-shot) 'look' (NOUN_wn:04679738n) 'the feelings expressed on a person's face' —> She gave him a worried look before stepping out into the storm.","YES","08/05/2026, 00:19:43"
"ann1","1777984417397dhzjvn6j61p","(zero-shot) 'come_to' (VERB_wn:02526811v) 'attain' —> The final bill came to $200.","YES","08/05/2026, 00:19:59"
"ann1","1777984417397gvdiyhvg3ug","(zero-shot) 'search' (VERB_wn:01315613v) 'try to locate or discover, or try to establish the existence of' —> The detectives searched the abandoned warehouse for any sign of the missing suspect.","YES","08/05/2026, 00:20:14"
"ann1","1777984417397fuszvpfo9bn","(zero-shot) 'concealment' (NOUN_wn:14416089n) 'the condition of being concealed or hidden' —> Dense fog provided perfect concealment for smugglers navigating narrow coastal coves.","YES","08/05/2026, 00:20:21"
"ann1","1777984417397yf9e8og90uj","(zero-shot) 'endless' (ADJ_wn:01007947a) 'having no known beginning and presumably no end' —> Ancient texts describe the endless cosmos as a realm existing without origin or conclusion.","YES","08/05/2026, 00:20:29"
"ann1","17779844173972ujzkjfsl0x","(zero-shot) 'school' (VERB_wn:02387910v) 'educate in or as if in a school' —> The seasoned diplomat schooled the novice ambassador on the delicate art of negotiation during their transatlantic flight.","YES","08/05/2026, 00:20:38"
"ann1","1777984417397ourptlyham","(zero-shot) 'take_off' (VERB_wn:02014553v) 'depart from the ground' —> The fighter jet took off from the aircraft carrier.","YES","08/05/2026, 00:20:42"
"ann1","17779844173974gc6gtsbj7h","(zero-shot) 'stately' (ADJ_wn:01283508a) 'impressive in appearance' —> The stately palace dominated the skyline with its golden domes and towering spires.","YES","08/05/2026, 00:20:47"
"ann1","1777984417397h51ziaxkk95","(zero-shot) 'uphold' (VERB_wn:02679899v) 'keep or maintain in unaltered condition; cause to remain or last' —> The village council pledged to uphold the ancestral customs, ensuring they would endure for generations to come.","YES","08/05/2026, 00:20:54"
"ann1","1777984417397sothexngszt","(zero-shot) 'back' (VERB_wn:01997512v) 'cause to travel backward' —> The driver backed the car out of the driveway.","YES","08/05/2026, 00:20:57"
"ann1","1777984417397mrsmohralh","(zero-shot) 'tailor' (VERB_wn:00301662v) 'adjust to a specific need or market' —> The company decided to tailor its product offerings to meet the evolving demands of international customers.","YES","08/05/2026, 00:21:01"
"ann1","1777984417397gi8f4pl7upw","(zero-shot) 'zero' (NOUN_wn:13742358n) 'a mathematical element that when added to another number yields the same number' —> The total score remained unchanged after adding zero, confirming the distinct mathematical property of this number.","YES","08/05/2026, 00:21:07"
"ann1","1777984417397yv6tvgy2avc","(zero-shot) 'agricultural' (ADJ_wn:02050841a) 'relating to rural matters' —> The regional government allocated substantial funds to support agricultural development across the remote countryside.","YES","08/05/2026, 00:21:13"
"ann1","1777984417397cpw9sedl9k7","(zero-shot) 'ignorant' (ADJ_wn:00830981a) 'uneducated in the fundamentals of a given art or branch of learning; lacking knowledge of a specific field' —> Although he could play the violin beautifully, he was ignorant of music theory and could not read a single note of sheet music.","YES","08/05/2026, 00:21:19"
"ann1","1777984417397ecqmbzsilre","(zero-shot) 'deviate' (VERB_wn:02065085v) 'cause to turn away from a previous or expected course' —> The intense magnetic field deviated the compass needle from true north.","YES","08/05/2026, 00:21:25"
"ann1","17779844173974l6h14z77c","(zero-shot) 'history' (NOUN_wn:15123996n) 'the continuum of events occurring in succession leading from the past to the present and even into the future' —> History functions as an unbroken sequence of moments flowing from antiquity, through our current era, and extending onward toward tomorrow.","YES","08/05/2026, 00:21:29"
"ann1","1777984417397utnsg1viv1c","(zero-shot) 'creamy' (ADJ_wn:00373811a) 'of the color of cream' —> The decorator selected a creamy hue for the bedroom walls that perfectly complemented the antique furniture.","YES","08/05/2026, 00:21:32"
"ann1","1777984417397imdb310q2bh","(zero-shot) 'smash' (VERB_wn:01561408v) 'collide or strike violently and suddenly' —> The runaway delivery truck smashed into the brick storefront, sending glass and debris flying across the sidewalk.","YES","08/05/2026, 00:21:37"
"ann1","17779844173973mt1e3p0izn","(zero-shot) 'mail' (NOUN_wn:06275634n) 'the bags of letters and packages that are transported by the postal service' —> The sorting facility employees worked through the night to organize the incoming mail before the morning departures.","YES","08/05/2026, 00:21:58"
"ann1","17779844173976ve6k2h6szd","(zero-shot) 'land' (NOUN_wn:13246662n) 'extensive landed property (especially in the country) retained by the owner for his own use' —> The noble family preserved their ancestral lands for private enjoyment.","YES","08/05/2026, 00:22:09"
"ann1","1777984417397zt8mpnhl5v","(zero-shot) 'spade' (NOUN_wn:04266660n) 'a playing card in the major suit that has one or more black figures on it' —> He drew the Ace of Spades from the deck.","YES","08/05/2026, 00:22:17"
"ann1","17779844173975lyvxzv98k4","(zero-shot) 'role' (NOUN_wn:05929008n) 'an actor's portrayal of someone in a play' —> She practiced her monologue tirelessly to secure the role of the lead soprano in the community theater's production of Carmen.","YES","08/05/2026, 00:22:29"
"ann1","1777984417397oy5oywtnp8","(zero-shot) 'line' (NOUN_wn:08377085n) 'a connected series of events or actions or developments' —> Her line of reasoning was so compelling that even the skeptics were forced to acknowledge the validity of her conclusions.","YES","08/05/2026, 00:22:40"
"ann1","1777984417397vzehyi371ls","(zero-shot) 'spur' (NOUN_wn:07252378n) 'a verbalization that encourages you to attempt something' —> His encouraging remark served as a spur to finally apply for the job.","YES","08/05/2026, 00:23:08"
"ann1","17779844173970l7t2w61vg0o","(zero-shot) 'fit' (VERB_wn:02702830v) 'be agreeable or acceptable to' —> The spicy sauce fits my palate perfectly.","YES","08/05/2026, 00:23:27"
"ann1","17779844173975no4482h6dk","(zero-shot) 'channel' (NOUN_wn:05250659n) 'a bodily passage or tube lined with epithelial cells and conveying a secretion or other substance' —> The surgeon carefully examined the pancreatic channel to ensure bile could flow freely.","YES","08/05/2026, 00:23:43"
"ann1","1777984417397t2pugi96yu","(zero-shot) 'mutual' (ADJ_wn:01945550a) 'concerning each of two or more persons or things; especially given or done in return' —> The siblings shared a mutual love for jazz music.","YES","08/05/2026, 00:23:55"
"ann1","17779844173973xs3jyidi0q","(zero-shot) 'rotor' (NOUN_wn:04111668n) 'rotating mechanism consisting of an assembly of rotating airfoils' —> The maintenance team replaced the damaged rotor on the wind turbine to restore optimal power generation.","YES","08/05/2026, 00:23:59"
"ann1","1777984417397hueofq6cted","(zero-shot) 'fracture' (VERB_wn:00108303v) 'become fractured' —> The thick sheet of ice gradually fractured across the frozen pond.","YES","08/05/2026, 00:24:03"
"ann1","1777984417397rgfyqzt3fv","(zero-shot) 'optimism' (NOUN_wn:07541558n) 'the optimistic feeling that all is going to turn out well' —> Despite the gloomy news, a quiet optimism filled her heart as she believed everything would soon work out for the best.","YES","08/05/2026, 00:24:11"
"ann1","1777984417397eloy3d1tay","(zero-shot) 'discrimination' (NOUN_wn:01153548n) 'unfair treatment of a person or group on the basis of prejudice' —> Workplace discrimination can create a hostile environment where employees are judged by stereotypes rather than their actual performance.","YES","08/05/2026, 00:24:19"
"ann1","1777984417397v22lqi509mp","(zero-shot) 'strain' (VERB_wn:01458664v) 'remove by passing through a filter' —> She strained the juice into a glass bowl using a fine sieve.","YES","08/05/2026, 00:25:29"
"ann1","1777984417397kx4vjycthu","(zero-shot) 'mound' (NOUN_wn:00722984n) 'the position on a baseball team of the player who throws the ball for a batter to try to hit' —> The young prospect nervously adjusted his cap before taking the mound for his debut against the league leaders.","YES","08/05/2026, 00:25:38"
"ann1","1777984417397os7rlvlyytp","(zero-shot) 'take_away' (VERB_wn:00571061v) 'get rid of something abstract' —> The doctor's reassurance took away her anxiety.","YES","08/05/2026, 00:25:43"
"ann1","1777984417397ds0mw5a1x1c","(zero-shot) 'lost' (ADJ_wn:02419159a) 'deeply absorbed in thought' —> The student sat lost, staring blankly at the equation until the solution finally clicked.","YES","08/05/2026, 00:25:49"
"ann1","1777984417397jf590dqr2eo","(zero-shot) 'badly' (ADV_wn:00014014r) 'in a disadvantageous way; to someone's disadvantage' —> The sudden market shift worked badly for the investors, erasing months of gains in a single afternoon.","YES","08/05/2026, 00:26:01"
"ann1","17779844173975hi2owpnvyr","(zero-shot) 'uncertainty' (NOUN_wn:05698247n) 'the state of being unsure of something' —> Her voice trembled with uncertainty as she waited for the diagnosis.","YES","08/05/2026, 00:26:15"
"ann1","177798441739722dp7gjmue3j","(zero-shot) 'pace' (NOUN_wn:15283097n) 'the rate of some repeating event' —> The hikers adjusted their pace to match the steep incline of the trail.","YES","08/05/2026, 00:26:34"
"ann1","1777984417397g2xsyspig3i","(zero-shot) 'break' (VERB_wn:00202784v) 'be broken in' —> Before the long journey, make sure to break the new leather boots by wearing them around the house.","YES","08/05/2026, 00:26:48"
"ann1","1777984417397tmjv3g2zjcl","(zero-shot) 'bury' (VERB_wn:00610167v) 'dismiss from the mind; stop remembering' —> He determined to bury the painful memories of his childhood and focus on the future.","YES","08/05/2026, 00:27:01"
"ann1","17779844173971232l6pqaxa","(zero-shot) 'thebes' (NOUN_wn:13696050n) '100 thebe equal 1 pula in Botswana' —> When exchanging currency in Botswana, remember that one hundred thebes make up exactly one pula.","YES","08/05/2026, 00:27:11"
"ann1","1777984417397nnjxndkpq2","(zero-shot) 'unhappiness' (NOUN_wn:13988663n) 'state characterized by emotions ranging from mild discontentment to deep grief' —> His sudden unhappiness shocked everyone present at the party.","YES","08/05/2026, 00:27:17"
"ann1","1777984417397j2gtes4nvv","(zero-shot) 'retreat' (NOUN_wn:03517647n) 'an area where you can be alone' —> The small porch overlooking the ocean became a peaceful retreat where he could finally find the solitude he desperately needed.","YES","08/05/2026, 00:27:24"
"ann1","1777984417397m0qs88jzppa","(zero-shot) 'alternating' (ADJ_wn:00763767a) '(of a current) reversing direction' —> Most household electronics rely on the alternating current delivered through standard wall outlets.","YES","08/05/2026, 00:27:29"
"ann1","1777984417397dal9pm1vkwk","(zero-shot) 'disturbance' (NOUN_wn:14403282n) 'an unhappy and worried mental state' —> He masked his inner disturbance with a forced smile, though his trembling hands betrayed his turmoil.","YES","08/05/2026, 00:36:46"
"ann1","177798441739708hdukh1jqju","(zero-shot) 'deception' (NOUN_wn:00752431n) 'the act of deceiving' —> The elaborate deception used by the con artist to swindle the victims involved forged documents and a fabricated identity.","YES","08/05/2026, 00:36:56"
"ann1","1777984417397fbq3478kaim","(zero-shot) 'disagreement' (NOUN_wn:07180787n) 'the speech act of disagreeing or arguing or disputing' —> The sudden eruption of disagreement from the audience forced the speaker to pause and address their concerns directly.","YES","08/05/2026, 00:37:01"
"ann1","1777984417397ozlt4vblf4q","(zero-shot) 'assure' (VERB_wn:00890590v) 'make certain of' —> She took precautions to assure herself of a safe journey across the mountain pass.","YES","08/05/2026, 00:37:05"
"ann1","1777984417397nbbwlmt9ru","(zero-shot) 'structure' (NOUN_wn:05726345n) 'the complex composition of knowledge as elements and their combinations' —> Her mental structure organized the disparate facts into a coherent web of understanding.","YES","08/05/2026, 00:37:15"
"ann1","1777984417397i10wtz3ey2","(zero-shot) 'broom' (NOUN_wn:12520864n) 'any of various shrubs of the genera Cytisus or Genista or Spartium having long slender branches and racemes of yellow flowers' —> The landscape designer chose broom for the rocky slope because its roots stabilize the soil effectively.","YES","08/05/2026, 00:37:22"
"ann1","1777984417397smrlb71u7w","(zero-shot) 'grow' (VERB_wn:00094460v) 'come to have or undergo a change of (physical features and attributes)' —> As the season changed, the leaves on the maple tree grew crimson and gold.","YES","08/05/2026, 00:37:39"
"ann1","1777984417397k13rigpu0yh","(zero-shot) 'badly' (ADV_wn:00016678r) 'in a disobedient or naughty way' —> The child behaved badly.","YES","08/05/2026, 00:37:43"
"ann1","1777984417397luvohj55rnm","(zero-shot) 'conventional' (ADJ_wn:00607421a) 'unimaginative and conformist' —> The committee dismissed his proposal for its conventional outlook, which rigidly adhered to outdated traditions without showing any original thought.","YES","08/05/2026, 00:38:01"
"ann1","17779844173975ecci7lut5q","(zero-shot) 'necessity' (NOUN_wn:09367203n) 'anything indispensable' —> Clean water, reliable shelter, and adequate food supplies are the fundamental necessities for anyone attempting to survive in the wilderness.","YES","08/05/2026, 00:38:05"
"ann1","177798441739708p4lu06dkxt","(zero-shot) 'take' (VERB_wn:02209745v) 'receive or obtain regularly' —> The research station takes temperature readings every hour.","YES","08/05/2026, 00:38:15"
"ann1","17779844173975ueihqzwu0v","(zero-shot) 'redemption' (NOUN_wn:00079212n) 'the act of purchasing back something previously sold' —> The jeweler offered a ten percent discount on the redemption of the necklace her grandmother had sold during the war.","YES","08/05/2026, 00:39:03"
"ann1","1777984417397ab41how71ym","(zero-shot) 'garbage' (NOUN_wn:06612266n) 'a worthless message' —> The inbox was flooded with garbage from unknown senders.","YES","08/05/2026, 00:39:09"
"ann1","1777984417397zgf17sxqo9","(zero-shot) 'subdue' (VERB_wn:00202445v) 'correct by punishment or discipline' —> The rigid instructor attempted to subdue the student's rebellious spirit through strict penalties and repetitive drills.","YES","08/05/2026, 00:39:27"
"ann1","17779844173972sra066rqts","(zero-shot) 'at_hand' (ADJ_wn:00448314a) 'close in time; about to occur' —> The committee reviewed the urgent matters at hand before adjourning the meeting.","YES","08/05/2026, 00:39:42"
"ann1","1777984417397uq81y87dxvd","(zero-shot) 'inside' (NOUN_wn:08588294n) 'the region that is inside of something' —> The inside of the vintage clock revealed a fascinating network of tiny gears and springs.","YES","08/05/2026, 00:39:52"
"ann1","1777984417397z9u8xdciuj","(zero-shot) 'band' (NOUN_wn:04680465n) 'a stripe or stripes of contrasting color' —> The flag displays a wide white band separating the red and blue sections.","YES","08/05/2026, 00:40:06"
"ann1","1777984417397yjliudfd2l","(zero-shot) 'schedule' (NOUN_wn:05910940n) 'a temporally organized plan for matters to be attended to' —> The university published a detailed schedule outlining lecture times, laboratory sessions, and professor office hours for the upcoming semester.","YES","08/05/2026, 00:40:19"
"ann1","1777984417397wsdd0nwv8","(zero-shot) 'abdomen' (NOUN_wn:05556943n) 'the region of the body of a vertebrate between the thorax and the pelvis' —> The surgeon made an incision in the patient's abdomen to repair the hernia.","YES","08/05/2026, 00:40:26"
"ann1","1777984417397168f5zytcqc","(zero-shot) 'assurance' (NOUN_wn:07227772n) 'a binding commitment to do or give or refrain from something' —> The diplomatic treaty contained a formal assurance that both parties would refrain from initiating military conflict along the shared border.","YES","08/05/2026, 00:40:45"
"ann1","1777984417397u4kl7fxp92","(zero-shot) 'bore' (VERB_wn:00056930v) 'cause to be born' —> The old mare bore a foal in the spring.","YES","08/05/2026, 00:40:50"
"ann1","1777984417397focl1tq1ay","(zero-shot) 'lead' (NOUN_wn:05826914n) 'evidence pointing to a possible solution' —> The detective found a crucial lead in the suspect's discarded notebook that helped solve the case.","YES","08/05/2026, 00:40:57"
"ann1","17779844173975xwwjpg9t3k","(zero-shot) 'twist' (VERB_wn:01349493v) 'twist or pull violently or suddenly, especially so as to remove (something) from that to which it is attached or from where it originates' —> The mechanic twisted the seized wingnut until it snapped off the pipe.","YES","08/05/2026, 00:41:04"
"ann1","1777984417397gj3qmhgtq9k","(zero-shot) 'carrier' (NOUN_wn:11501230n) 'a radio wave that can be modulated in order to transmit a signal' —> The technician adjusted the phase of the carrier to improve the clarity of the transmitted message.","YES","08/05/2026, 00:41:16"
"ann1","1777984417397qoz906jxo1","(zero-shot) 'trip' (VERB_wn:01900408v) 'miss a step and fall or nearly fall' —> She tripped over the loose cable and dropped her groceries.","YES","08/05/2026, 00:41:21"
"ann1","1777984417397jb21u4npyh","(zero-shot) 'turn' (NOUN_wn:07351612n) 'a movement in a new direction' —> The driver executed a sharp turn to avoid the sudden obstacle on the road.","YES","08/05/2026, 00:41:24"
"ann1","1777984417397icmmpipjqkj","(zero-shot) 'distribute' (VERB_wn:01504130v) 'to arrange in a systematic order' —> The archivist will distribute the manuscripts in chronological sequence.","YES","08/05/2026, 00:41:28"
"ann1","17779844173978on4jmyjyv9","(zero-shot) 'cause' (VERB_wn:01645601v) 'give rise to; cause to happen or occur, not always intentionally' —> The rough handling caused the vase to crack.","YES","08/05/2026, 00:41:30"
"ann1","1777984417397mf8hzkuk6d","(zero-shot) 'personally' (ADV_wn:00366393r) 'as yourself' —> While my official role requires me to remain neutral, I personally believe the proposed changes will harm the community.","YES","08/05/2026, 00:41:41"
"ann1","1777984417397c35ladcnb6","(zero-shot) 'view' (VERB_wn:02150948v) 'see or watch' —> The tourists stood by the railing to view the stunning waterfall below.","YES","08/05/2026, 00:41:48"
"ann1","17779844173979qurc7psj","(zero-shot) 'likeness' (NOUN_wn:04744814n) 'similarity in appearance or character or nature between persons or things' —> The young actress bore an uncanny likeness to her late grandmother.","YES","08/05/2026, 00:41:53"
"ann1","1777984417397s3kp2du3u0j","(zero-shot) 'empty' (VERB_wn:00073343v) 'excrete or discharge from the body' —> She had to empty her bladder.","YES","08/05/2026, 00:41:59"
"ann1","1777984417397857jjastqm3","(zero-shot) 'line_up' (VERB_wn:02704213v) 'form a line' —> Please line up behind the yellow marker before entering the venue.","YES","08/05/2026, 00:42:05"
"ann1","1777984417397i3ug08zgt7","(zero-shot) 'out' (ADJ_wn:00572714a) 'knocked unconscious by a heavy blow' —> The sudden impact to the jaw left the opponent lying motionless and completely out on the mat.","YES","08/05/2026, 00:42:14"
"ann1","17779844173976xcz43vq54o","(zero-shot) 'submit' (VERB_wn:02310328v) 'make over as a return' —> The auditor instructed everyone to submit their expense reports by the end of the month.","YES","08/05/2026, 00:42:25"
"ann1","1777984417397fytmzi92v15","(zero-shot) 'ruin' (NOUN_wn:13466312n) 'the process of becoming dilapidated' —> The gradual ruin of the abandoned estate was hastened by harsh winters and decades of neglect.","YES","08/05/2026, 00:42:47"
"ann1","1777984417397h4vv1tux8h","(zero-shot) 'under' (ADV_wn:00486157r) 'down below' —> The submarine dove under to escape the storm's violent waves.","YES","08/05/2026, 00:42:54"
"ann1","1777984417397rota40qakw","(zero-shot) 'bare' (ADJ_wn:00060605a) 'lacking embellishment or ornamentation' —> The minimalist restaurant featured bare concrete walls and simple wooden tables to emphasize a sense of rustic authenticity.","YES","08/05/2026, 00:43:06"
"ann1","17779844173979u70j8w7f3w","(zero-shot) 'miss' (VERB_wn:02632838v) 'be absent' —> The student missed school today.","YES","08/05/2026, 00:43:09"
"ann1","1777984417397r1o7vwpiws","(zero-shot) 'hemp' (NOUN_wn:12396924n) 'any plant of the genus Cannabis; a coarse bushy annual with palmate leaves and clusters of small green flowers; yields tough fibers and narcotic drugs' —> The research station expanded its hemp cultivation to study how the fast-growing annuals produce both resilient fibers for textiles and psychoactive compounds for medical research.","YES","08/05/2026, 00:45:04"
"ann1","1777984417397fiufhmbb25","(zero-shot) 'course' (NOUN_wn:07556970n) 'part of a meal served at one time' —> The waiter brought the second course.","YES","08/05/2026, 00:45:08"
"ann1","1777984417397qfgr7y0vykg","(zero-shot) 'modest' (ADJ_wn:02340458a) 'low or inferior in station or quality' —> The company started in a modest apartment before expanding into a sprawling corporate headquarters.","YES","08/05/2026, 00:45:12"
"ann1","1777984417397a373jd6x0la","(zero-shot) 'flank' (NOUN_wn:13897377n) 'a subfigure consisting of a side of something' —> The hikers noticed a narrow path winding along the steep flank of the mountain.","YES","08/05/2026, 00:45:19"
"ann1","1777984417397uo02eht7ams","(zero-shot) 'unconscious' (ADJ_wn:02521998a) 'without conscious volition' —> His unconscious habit of checking his watch suggested he was bored by the presentation.","YES","08/05/2026, 00:45:25"
"ann1","1777984417397qj2nu2t2u9","(zero-shot) 'aside' (ADV_wn:00234951r) 'in a different direction' —> The heavy delivery truck turned aside onto the narrower service road to bypass the afternoon traffic jam.","YES","08/05/2026, 00:45:32"
"ann1","1777984417397qov139b2nb","(zero-shot) 'profound' (ADJ_wn:00693237a) 'coming from deep within one' —> His profound conviction about the cause was an unwavering belief that originated entirely from within himself.","YES","08/05/2026, 00:45:41"
"ann1","1777984417397arlw0n9bq85","(zero-shot) 'hurt' (VERB_wn:02121511v) 'feel physical pain' —> My shoulder hurts after carrying those heavy boxes all morning.","YES","08/05/2026, 00:45:56"
"ann1","1777984417397qyvilegzmn","(zero-shot) 'sleeper' (NOUN_wn:02619861n) 'tropical fish that resembles a goby and rests quietly on the bottom in shallow water' —> During our snorkeling excursion, we spotted several sleepers lying completely motionless on the gravel floor of the shallow lagoon, their slender shapes closely resembling the nearby coastal gobies.","YES","08/05/2026, 00:46:33"
"ann1","1777984417397rer0hytktpl","(zero-shot) 'wide' (ADV_wn:00496010r) 'to the fullest extent possible' —> The heavy oak doors swung wide to reveal the grand hall.","YES","08/05/2026, 00:46:38"
"ann1","1777984417397t8762bss73","(zero-shot) 'amorous' (ADJ_wn:01465061a) 'inclined toward or displaying love' —> His amorous glances across the crowded café made it unmistakably clear that he was captivated by her.","YES","08/05/2026, 00:46:55"
"ann1","17779844173978euoxd2qogo","(zero-shot) 'fearful' (ADJ_wn:00264776a) 'lacking courage; ignobly timid and faint-hearted; - P.B.Shelley' —> The fearful knight dropped his sword and fled when the enemy charged.","YES","08/05/2026, 00:47:06"
"ann1","1777984417397a9z68mu9qyi","(zero-shot) 'shower' (VERB_wn:00035259v) 'take a shower; wash one's body in the shower' —> After his intense workout, he hurried to the bathroom to shower.","YES","08/05/2026, 00:48:28"
"ann1","1777984417397e49k2awnkn8","(zero-shot) 'endow' (VERB_wn:02474239v) 'give qualities or abilities to' —> Nature endowed her with a beautiful voice.","YES","08/05/2026, 00:48:33"
"ann1","1777984417397b1hkfgvy4qc","(zero-shot) 'stir_up' (VERB_wn:02585050v) 'try to stir up public opinion' —> The whistleblower published the confidential report to stir up widespread condemnation of the corporation's unethical labor practices.","YES","08/05/2026, 00:48:38"
"ann1","1777984417397xsvpefz75vn","(zero-shot) 'touch' (NOUN_wn:07164163n) 'a suggestion of some quality' —> The novel's conclusion carries a touch of ambiguity that leaves readers debating the true ending.","YES","08/05/2026, 00:48:46"
"ann1","17779844173979qx83eg5a0o","(zero-shot) 'mysterious' (ADJ_wn:00900071a) 'having an import not apparent to the senses nor obvious to the intelligence; beyond ordinary understanding' —> The ancient manuscript held a mysterious wisdom that eluded rational analysis, speaking instead to a deeper intuition within the soul.","YES","08/05/2026, 00:48:52"
"ann1","1777984417397o6k6uqqgk6b","(zero-shot) 'initiate' (VERB_wn:00539546v) 'set in motion, start an event or prepare the way for' —> The director planned to initiate a comprehensive review of the company's safety protocols next month.","YES","08/05/2026, 00:48:57"
"ann1","1777984417397ncdvv57gp","(zero-shot) 'embodiment' (NOUN_wn:00933000n) 'giving concrete form to an abstract concept' —> Her unwavering dedication to the project made her the living embodiment of perseverance.","YES","08/05/2026, 00:49:08"
"ann1","1777984417397xl7pxd6fpm","(zero-shot) 'plug' (VERB_wn:00976487v) 'make a plug for; praise the qualities or in order to sell or promote' —> During networking events, professionals often plug their own services to generate new business leads.","YES","08/05/2026, 00:49:26"
"ann1","1777984417397pwfo94vild","(zero-shot) 'organize' (VERB_wn:01651444v) 'arrange by systematic planning and united effort' —> The community leaders organized a protest to demand better public transportation.","YES","08/05/2026, 00:49:35"
"ann1","17779844173971kqrydht9hu","(zero-shot) 'launch' (VERB_wn:00347918v) 'begin with vigor' —> The startup team launched into their aggressive marketing campaign, hoping to dominate the market by year's end.","YES","08/05/2026, 00:49:43"
"ann1","1777984417397ae74rccajdh","(zero-shot) 'expression' (NOUN_wn:06731802n) 'a group of symbols that make a mathematical statement' —> To solve the equation, you must first simplify the algebraic expression on the left side of the equals sign.","YES","08/05/2026, 00:49:54"
"ann1","1777984417397e87o4whz7hs","(zero-shot) 'order' (NOUN_wn:04698656n) '(architecture) one of original three styles of Greek architecture distinguished by the type of column and entablature used or a style developed from the original three by the Romans' —> The museum's entrance features a striking portico built in the Ionic order, characterized by elegant columns with scrolled capitals.","YES","08/05/2026, 00:50:00"
"ann1","17779844173972dg73j1m6mf","(zero-shot) 'glow' (NOUN_wn:11463371n) 'the amount of electromagnetic radiation leaving or arriving at a point on a surface' —> The spectrometer measured the intense ultraviolet glow arriving at the detector to verify the shield's integrity.","YES","08/05/2026, 00:50:16"
"ann1","17779844173971a1nfhm4ez7","(zero-shot) 'wart' (NOUN_wn:13895852n) 'any small rounded protuberance (as on certain plants or animals)' —> The hiker paused to photograph the ancient tree, noting how its rough bark was dotted with pale warts that gave it a rugged texture.","YES","08/05/2026, 00:50:25"
"ann1","1777984417397uz66i81640r","(zero-shot) 'clear' (VERB_wn:02422409v) 'free from payment of customs duties, as of a shipment' —> The legal team cleared the seized merchandise of all outstanding duties.","YES","08/05/2026, 00:50:53"
"ann1","17779844173979lo75am3pg8","(zero-shot) 'pick' (NOUN_wn:00161243n) 'the act of choosing or selecting' —> Every pick during the draft required extensive research and strategic planning.","YES","08/05/2026, 00:51:05"
"ann1","1777984417397vfb467x2nel","(zero-shot) 'pass' (NOUN_wn:13936939n) 'a bad or difficult situation or state of affairs' —> The severe budget cuts left the nonprofit organization in a desperate pass, forcing them to lay off half their staff.","YES","08/05/2026, 00:51:26"
"ann1","17779844173976fb38uo172o","(zero-shot) 'prominence' (NOUN_wn:13894434n) 'something that bulges out or is protuberant or projects from its surroundings' —> The carpenter carefully sanded down the uneven wooden prominence on the chair leg until it rested perfectly flat on the floor.","YES","08/05/2026, 00:51:52"
"ann1","17779844173972qso5n5eokq","(zero-shot) 'sardine' (NOUN_wn:15019734n) 'a deep orange-red variety of chalcedony' —> The jeweler carefully polished the ancient sardine until its surface revealed the unmistakable glow of a deep orange-red variety of chalcedony.","YES","08/05/2026, 00:52:02"
"ann1","1777984417397b3m7tah9pm6","(zero-shot) 'sensibility' (NOUN_wn:05652926n) '(physiology) responsiveness to external stimuli; the faculty of sensation' —> Following the nerve damage, the neurologist observed a marked decrease in the patient's sensibility to thermal changes on the right side of his body.","YES","08/05/2026, 00:52:11"
"ann1","1777984417397vyp0ishs58","(zero-shot) 'burn' (VERB_wn:02120451v) 'cause a sharp or stinging pain or discomfort' —> The antiseptic made the fresh scrape burn until the irritation finally faded.","YES","08/05/2026, 00:52:25"
"ann1","1777984417397q1yiuub38fe","(zero-shot) 'daylight' (NOUN_wn:15164957n) 'the time after sunrise and before sunset while it is light outside' —> The hikers scrambled to reach the sheltered ridge before the fading daylight obscured the treacherous path.","YES","08/05/2026, 00:52:55"
"ann1","1777984417397j2n9j0g5mm","(zero-shot) 'critic' (NOUN_wn:09979321n) 'anyone who expresses a reasoned judgment of something' —> The theater critic carefully analyzed the production's direction and performances before publishing his measured review.","YES","08/05/2026, 00:53:13"
"ann1","1777984417397zkmevsx662","(zero-shot) 'bolt' (VERB_wn:01348838v) 'secure or lock with a bolt' —> The weary traveler bolted the heavy wooden door before settling into bed for the night.","YES","08/05/2026, 00:53:26"
"ann1","1777984417397rntdcfws9os","(zero-shot) 'go_along' (VERB_wn:02072849v) 'pass by' —> The old canal goes along the eastern border of the park.","YES","08/05/2026, 00:53:33"
"ann1","1777984417397uew1p0q4hrg","(zero-shot) 'manufacturer' (NOUN_wn:08060446n) 'a business engaged in manufacturing some product' —> The manufacturer issued a recall notice for the faulty electronics.","YES","08/05/2026, 00:53:42"
"ann1","1777984417397b32cvnsmg7f","(zero-shot) 'perch' (NOUN_wn:08626758n) 'an elevated place serving as a seat' —> The cat claimed the warm, sunlit perch atop the wooden fence to nap for the afternoon.","YES","08/05/2026, 00:53:50"
"ann1","1777984417397004bp1dezwifb","(zero-shot) 'break' (VERB_wn:02668523v) 'fail to agree with; be in violation of; as of rules or patterns' —> The company broke several safety regulations.","YES","08/05/2026, 00:53:56"
"ann1","1777984417397cj7mf1ia3f","(zero-shot) 'curse' (NOUN_wn:07420354n) 'a severe affliction' —> The curse of the wasting disease took his strength day by day until he could no longer rise from his bed.","YES","08/05/2026, 00:54:00"
"ann1","17779844173974lscov8nqkl","(zero-shot) 'solid' (ADJ_wn:01993693a) 'meriting respect or esteem' —> The judge was widely regarded as a solid citizen whose integrity never wavered.","YES","08/05/2026, 00:54:08"
"ann1","17779844173974fxbck1zffj","(zero-shot) 'acceptance' (NOUN_wn:00082525n) 'the act of taking something that is offered' —> His immediate acceptance of the complimentary hotel upgrade delighted the entire family.","YES","08/05/2026, 00:54:14"
"ann1","17779844173972dq3jnsfnsa","(zero-shot) 'stabilize' (VERB_wn:00271946v) 'become stable or more stable' —> After the intense tremors subsided, the ancient bridge finally stabilized enough for engineers to inspect the damage.","YES","08/05/2026, 00:54:22"
"ann1","1777984417397xaum2nf4wdj","(zero-shot) 'crusade' (NOUN_wn:00968715n) 'any of the more or less continuous military expeditions in the 11th to 13th centuries when Christian powers of Europe tried to recapture the Holy Land from the Muslims' —> Richard the Lionheart led thousands of warriors on the Third Crusade to seize control of Jerusalem and its surrounding territories.","YES","08/05/2026, 00:54:29"
"ann1","17779844173976xvjptorh1d","(zero-shot) 'litter' (NOUN_wn:08400331n) 'the offspring at one birth of a multiparous mammal' —> The expecting cat delivered a litter of five kittens in the warm basket.","YES","08/05/2026, 00:54:40"
"ann1","1777984417397u4srsjq49vm","(zero-shot) 'efficient' (ADJ_wn:00510644a) 'able to accomplish a purpose; functioning effectively; -G.B.Shaw' —> The engineer designed an efficient engine that consumed less fuel while maintaining high speed.","YES","08/05/2026, 00:54:46"
"ann1","1777984417397f8izr3didso","(zero-shot) 'edit' (VERB_wn:00968038v) 'supervise the publication of' —> The publishing director edits the quarterly academic journal, overseeing the entire workflow from manuscript submission to final print distribution.","YES","08/05/2026, 00:54:50"
"ann1","1777984417397gfc3e3vn824","(zero-shot) 'base' (NOUN_wn:02797881n) 'a place that the runner must touch before scoring' —> The sprinting batter dropped his helmet and hurriedly touched first base before the defense could retrieve the ball.","YES","08/05/2026, 00:54:59"
"ann1","1777984417397fqwpqvpdykl","(zero-shot) 'load' (NOUN_wn:05832745n) 'an onerous or difficult concern' —> The constant worry over the failing business became a heavy load that she could no longer carry alone.","YES","08/05/2026, 00:55:10"
"ann1","1777984417397us26wqcilmc","(zero-shot) 'path' (NOUN_wn:09387222n) 'a line or route along which something travels or moves' —> The comet followed a curved path through the solar system.","YES","08/05/2026, 00:55:14"
"ann1","1777984417397xlrq23wou4i","(zero-shot) 'die' (NOUN_wn:03191029n) 'a small cube with 1 to 6 spots on the six faces; used in gambling to generate random numbers' —> The player rolled the die onto the wooden board and waited for it to stop spinning.","YES","08/05/2026, 00:55:17"
"ann1","1777984417397cnf4yz477e","(zero-shot) 'frame' (NOUN_wn:05217168n) 'alternative names for the body of a human being' —> The elderly man's frail frame trembled slightly as he waited for the bus.","YES","08/05/2026, 00:55:27"
"ann1","1777984417397slc1a9frf6","(zero-shot) 'trap' (VERB_wn:01606931v) 'hold or catch as if in a trap' —> The spider web began to trap the wandering fly.","YES","08/05/2026, 00:55:34"
"ann1","17779844173970ozpfokynesl","(zero-shot) 'wheat' (NOUN_wn:12142085n) 'annual or biennial grass having erect flower spikes and light brown grains' —> Agronomists classify wheat as a short-lived cereal grass that produces upright flower spikes packed with light brown grains, typically completing its growth cycle within a single season.","YES","08/05/2026, 00:55:40"
"ann1","17779844173979ckmyl8wf79","(zero-shot) 'rig' (NOUN_wn:04091247n) 'formation of masts, spars, sails, etc., on a vessel' —> The restoration crew spent weeks untangling the complex rig of the antique schooner to prepare it for its sea trial.","YES","08/05/2026, 00:55:50"
"ann1","1777984417397jruph2a2f7","(zero-shot) 'membership' (NOUN_wn:13931627n) 'the state of being a member' —> Her membership in the professional association expired after three years of non-payment.","YES","08/05/2026, 00:56:00"
"ann1","1777984417397ki0ctshiu9","(zero-shot) 'tolerant' (ADJ_wn:00286837a) 'showing or characterized by broad-mindedness' —> The tolerant professor encouraged students from all backgrounds to share their unique perspectives during the seminar.","YES","08/05/2026, 00:56:04"
"ann1","1777984417397xkl5tlrmcag","(zero-shot) 'field' (NOUN_wn:05996646n) 'a branch of knowledge' —> The field of quantum mechanics requires a strong background in mathematics.","YES","08/05/2026, 00:56:07"
"ann1","1777984417397sa9bibe7i5l","(zero-shot) 'heroic' (ADJ_wn:01284544a) 'of behavior that is impressive and ambitious in scale or scope' —> Her heroic endeavor to map the uncharted jungle required assembling an expedition of fifty researchers and enduring months of grueling travel through hostile terrain.","YES","08/05/2026, 00:56:13"
"ann1","1777984417397dsof43k8n44","(zero-shot) 'remind' (VERB_wn:00610538v) 'put in the mind of someone' —> The old photograph reminded her of the summer they spent by the lake.","YES","08/05/2026, 00:56:18"
"ann1","1777984417397fcjfg3jm6fq","(zero-shot) 'loosen' (VERB_wn:02601808v) 'become less severe or strict' —> The governor decided to loosen the curfew, allowing residents to travel freely after 10 PM.","YES","08/05/2026, 00:56:22"
"ann1","1777984417397bxl27gjstq","(zero-shot) 'heritage' (NOUN_wn:13262913n) 'that which is inherited; a title or property or estate that passes by law to the heir on the death of the owner' —> The baron's heritage was contested in court when a distant relative appeared with a deed to the manor house.","YES","08/05/2026, 00:56:29"
"ann1","1777984417397pw7eda98n6","(zero-shot) 'growth' (NOUN_wn:14234074n) '(pathology) an abnormal proliferation of tissue (as in a tumor)' —> The biopsy revealed that the growth on his liver was benign.","YES","08/05/2026, 00:56:34"
"ann1","1777984417397bpsogq7m0zn","(zero-shot) 'life' (NOUN_wn:15140405n) 'the period during which something is functional (as between birth and death)' —> The life of the battery was much shorter than advertised.","YES","08/05/2026, 00:56:45"
"ann1","177798441739752g8k9t8kfu","(zero-shot) 'drive' (NOUN_wn:03242713n) 'a wide scenic road planted with trees' —> The carriage rattled over the gravel drive lined with ancient oaks as we approached the manor house.","YES","08/05/2026, 00:57:00"
"ann1","1777984417397uu75t253dm","(zero-shot) 'replacement' (NOUN_wn:13547925n) 'filling again by supplying what has been used up' —> The expedition leader ensured the replacement of the water supplies once the canteens were emptied.","YES","08/05/2026, 00:57:11"
"ann1","17779844173971vd5wym2fif","(zero-shot) 'firm' (ADJ_wn:02094388a) 'securely established' —> The company has a firm foundation.","YES","08/05/2026, 00:57:14"
"ann1","1777984417397i9fwbb5163o","(zero-shot) 'jack' (NOUN_wn:03589672n) 'a small ball at which players aim in lawn bowling' —> The bowler tossed her bowl close to the white jack resting on the grass.","YES","08/05/2026, 00:58:07"
"ann1","1777984417397brycj52mzh9","(zero-shot) 'bang' (VERB_wn:01426397v) 'have sexual intercourse with' —> After weeks of mutual hints, they finally banged at his apartment last night.","YES","08/05/2026, 00:58:13"
"ann1","17779844173970fjudhpb717","(zero-shot) 'mania' (NOUN_wn:09181557n) 'an irrational but irresistible motive for a belief or action' —> A sudden mania for hoarding toilet paper swept through the community, causing shelves to empty within hours despite assurances of future supply.","YES","08/05/2026, 00:58:18"
"ann1","1777984417397tslp8e9v06","(zero-shot) 'expression' (NOUN_wn:07139873n) 'the communication (in speech or writing) of your beliefs or opinions' —> His daily journal provided a candid expression of his deeply held political beliefs.","YES","08/05/2026, 00:58:29"
"ann1","1777984417397rx3gytkfilf","(zero-shot) 'touch' (NOUN_wn:07409592n) 'the event of something coming in contact with the body' —> She shivered from the light touch of the breeze against her skin.","YES","08/05/2026, 00:58:36"
"ann1","1777984417397h0gs5x3gwao","(zero-shot) 'gratification' (NOUN_wn:13986679n) 'state of being gratified or satisfied' —> Finishing the marathon gave her a profound sense of gratification that easily washed away the physical exhaustion.","YES","08/05/2026, 00:58:47"
"ann1","1777984417397030zl9s4a4j3","(zero-shot) 'rest' (VERB_wn:01610101v) 'put something in a resting position, as for support or steadying' —> She rested the ladder against the brick wall.","YES","08/05/2026, 00:58:58"
"ann1","1777984417397tb2e5yupvg8","(zero-shot) 'serve' (VERB_wn:02540670v) 'work for or be a servant to' —> For decades, the loyal steward served the wealthy family without complaint.","YES","08/05/2026, 00:59:03"
"ann1","1777984417397lfh48d1vxu","(zero-shot) 'escape' (NOUN_wn:00204199n) 'an avoidance of danger or difficulty' —> The hikers achieved a narrow escape just as the avalanche swept through the valley where they had been standing.","YES","08/05/2026, 00:59:13"
"ann1","1777984417397gn3uf5blkj4","(zero-shot) 'correct' (ADJ_wn:01879261a) 'socially right or correct' —> She reviewed the etiquette guide to ensure her attire was correct for the formal embassy dinner.","YES","08/05/2026, 00:59:20"
"ann1","17779844173973hcoocv36to","(zero-shot) 'submerge' (VERB_wn:01991472v) 'sink below the surface; go under or as if under water' —> The submarine will submerge immediately.","YES","08/05/2026, 00:59:25"
"ann1","1777984417397770bvjmmb0n","(zero-shot) 'curious' (ADJ_wn:01342572a) 'having curiosity aroused; eagerly interested in learning more' —> The curious student stayed after class to ask the professor about the obscure reference.","YES","08/05/2026, 00:59:31"
"ann1","177798441739795rvfo7l4y","(zero-shot) 'stuff' (VERB_wn:02094569v) 'press or force' —> The movers finally stuffed the oversized sofa through the narrow doorway by leaning their weight against it until it slipped inside.","YES","08/05/2026, 00:59:37"
"ann1","1777984417397bbu8su68f0m","(zero-shot) 'democracy' (NOUN_wn:05964445n) 'the doctrine that the numerical majority of an organized group can make decisions binding on the whole group' —> The doctrine of democracy holds that the largest voting bloc within any structured community gains the power to enact policies obligating every single member to follow them.","YES","08/05/2026, 00:59:47"
"ann1","1777984417397swba08whzfn","(zero-shot) 'fictitious' (ADJ_wn:01935935a) 'formed or conceived by the imagination' —> The curious child sketched a fictitious city floating among the stars, complete with glass bridges and silver bells.","YES","08/05/2026, 00:59:53"
"ann1","177798441739783rq8nx113n","(zero-shot) 'lightning' (NOUN_wn:11475279n) 'abrupt electric discharge from cloud to cloud or from cloud to earth accompanied by the emission of light' —> Lightning struck the old oak tree.","YES","08/05/2026, 01:00:00"
"ann1","1777984417397qvsjosl2jwn","(zero-shot) 'logically' (ADV_wn:00363744r) 'according to logical reasoning' —> She logically concluded that the missing key must have been left in the car.","YES","08/05/2026, 01:00:05"
"ann1","1777984417397eeaz52idug4","(zero-shot) 'further' (VERB_wn:02554922v) 'contribute to the progress or growth of' —> The organization plans to further its mission by expanding into new markets.","YES","08/05/2026, 01:00:13"
"ann1","1777984417397he1mhaachn9","(zero-shot) 'habit' (NOUN_wn:00947923n) 'excessive use of drugs' —> His habit demanded constant doses of prescription opioids, quickly draining his savings and destroying his health.","YES","08/05/2026, 01:00:18"
"ann1","1777984417397cfsib08oojj","(zero-shot) 'address' (NOUN_wn:08491027n) 'the place where a person or organization can be found or communicated with' —> Please write your complete residential address on the back of the return envelope.","YES","08/05/2026, 01:00:24"
"ann1","1777984417397g04w90l0r7s","(zero-shot) 'works' (NOUN_wn:00575741n) 'activity directed toward making or doing something' —> The charitable works helped many families.","YES","08/05/2026, 01:00:29"
"ann1","1777984417397ln6an4nw35","(zero-shot) 'lettuce' (NOUN_wn:07723559n) 'leaves of any of various plants of Lactuca sativa' —> She washed the crisp lettuce thoroughly before adding it to the summer salad.","YES","08/05/2026, 01:00:33"
"ann1","1777984417397hv466e1zfh8","(zero-shot) 'bow' (NOUN_wn:02880189n) 'a knot with two loops and loose ends; used to tie shoelaces' —> She carefully tightened the bow on her shoelaces to prevent it from loosening during the marathon.","YES","08/05/2026, 01:00:37"
"ann1","1777984417397ib3bopzhn9","(zero-shot) 'reason' (VERB_wn:00634472v) 'decide by reasoning; draw or come to a conclusion' —> After analyzing the cryptic clues, Sherlock reasoned that the thief had exited through the skylight.","YES","08/05/2026, 01:00:44"
"ann1","17779844173970eak3clfm2oa","(zero-shot) 'seriousness' (NOUN_wn:04646548n) 'the trait of being serious; - Robert Rice' —> The quiet determination in his eyes conveyed a profound seriousness that instantly silenced the crowded room.","YES","08/05/2026, 01:00:49"
"ann1","1777984417397ytqdwvj2p2q","(zero-shot) 'roll' (NOUN_wn:07441619n) 'rotary motion of an object around its own axis' —> The violent roll of the ship caused the cargo to shift dangerously across the deck.","YES","08/05/2026, 01:01:10"
"ann1","17779844173974ikv0gptis4","(zero-shot) 'harmony' (NOUN_wn:07180183n) 'agreement of opinions' —> The diplomats spoke with one voice, signaling a perfect harmony on the issue of borders.","YES","08/05/2026, 01:01:17"
"ann1","1777984417398cgq9hcbjfx7","(zero-shot) 'indifferent' (ADJ_wn:00546452a) 'showing no care or concern in attitude or action' —> Despite the urgent warnings from his team, the director remained completely indifferent to the mounting safety hazards.","YES","08/05/2026, 01:01:29"
"ann1","17779844173987ctvhznkgrx","(zero-shot) 'male' (NOUN_wn:08965475n) 'the capital of Maldives in the center of the islands' —> The ferry from the resort island docked at the bustling harbor in Male just before sunset.","YES","08/05/2026, 01:01:36"
"ann1","1777984417398ds0wy3e98r8","(zero-shot) 'field' (NOUN_wn:07999584n) 'all of the horses in a particular horse race' —> Despite facing a surprisingly weak field, the favorite thoroughbred still crossed the finish line first.","YES","08/05/2026, 01:01:47"
"ann1","1777984417398f04ho5sev4c","(zero-shot) 'chafe' (VERB_wn:00373397v) 'warm by rubbing, as with the hands' —> She chafed her icy hands together until the cold numbness finally gave way to a comfortable warmth.","YES","08/05/2026, 01:01:59"
"ann1","1777984417398vn7lsd8qxgs","(zero-shot) 'phoenix' (NOUN_wn:12593826n) 'a large monocotyledonous genus of pinnate-leaved palms found in Asia and Africa' —> The botanical garden recently expanded its arid climate exhibit by planting a grove of resilient phoenix palms to demonstrate their remarkable adaptation to dry soils.","YES","08/05/2026, 01:02:07"
"ann1","1777984417398xibeypotx","(zero-shot) 'track' (NOUN_wn:04463510n) 'any road or path affording passage especially a rough one' —> The explorers followed a narrow dirt track winding through the dense wilderness to reach the remote cabin.","YES","08/05/2026, 01:02:13"
"ann1","1777984417398fomdzwtgn5","(zero-shot) 'settle' (VERB_wn:02254258v) 'dispose of; make a financial settlement' —> The accounting department must settle the outstanding vendor invoices before the fiscal quarter ends.","YES","08/05/2026, 01:02:16"
"ann1","1777984417398o17wnpku758","(zero-shot) 'account_for' (VERB_wn:02635033v) 'be the reason or explanation for' —> The unexpected mechanical failure accounted for the flight's two-hour delay.","YES","08/05/2026, 01:02:24"
"ann1","1777984417398kuxbig80by","(zero-shot) 'common' (ADJ_wn:00970610a) 'commonly encountered' —> Mosquitoes are a common nuisance in the summer.","YES","08/05/2026, 01:02:27"
"ann1","1777984417398hvb17qxozrg","(zero-shot) 'incite' (VERB_wn:00851239v) 'provoke or stir up' —> The demagogue's inflammatory speech was intended to incite violence among the restless crowd.","YES","08/05/2026, 01:02:32"
"ann1","1777984417398dox40tyzkrj","(zero-shot) 'fusion' (NOUN_wn:07373602n) 'an occurrence that involves the production of a union' —> The unexpected fusion of the two rival political parties produced a dominant new coalition.","YES","08/05/2026, 01:02:35"
"ann1","17779844173985j6wi90l1wn","(zero-shot) 'invasion' (NOUN_wn:07429976n) 'any entry into an area not previously occupied' —> The field study documented the rapid invasion of lichens across the freshly exposed rock face, demonstrating how organisms swiftly claim territory that was completely unoccupied.","YES","08/05/2026, 01:02:45"
"ann1","17779844173981n73m1to1tg","(zero-shot) 'spill' (VERB_wn:01541803v) 'pour out in drops or small quantities or as if in drops or small quantities' —> Tears spilled silently from her eyes as she watched the sunset.","YES","08/05/2026, 01:02:51"
"ann1","1777984417398tln8gbdgtu9","(zero-shot) 'break' (VERB_wn:01991347v) 'emerge from the surface of a body of water' —> The submarine broke the surface of the dark water, sending a cascade of bubbles toward the sky.","YES","08/05/2026, 01:02:58"
"ann1","1777984417398funqdys6p7i","(zero-shot) 'core' (NOUN_wn:08308922n) 'an organization founded by James Leonard Farmer in 1942 to work for racial equality' —> CORE organized the Freedom Rides in 1961 to challenge segregation on interstate buses.","YES","08/05/2026, 01:03:02"
"ann1","1777984417398vl2m1flocn","(zero-shot) 'slang' (NOUN_wn:07159467n) 'informal language consisting of words and expressions that are not considered appropriate for formal occasions; often vituperative or vulgar' —> The manager reminded the team that relying on coarse slang during client meetings would severely damage the company's professional reputation.","YES","08/05/2026, 01:03:13"
"ann1","17779844173980h9qz91ut6tp","(zero-shot) 'observation' (NOUN_wn:01002956n) 'the act of making and recording a measurement' —> Every laboratory observation required carefully measuring the voltage output and immediately recording the exact figures in the data log.","YES","08/05/2026, 01:03:22"
"ann1","17779844173989m0ey7lxtws","(zero-shot) 'shift' (NOUN_wn:03013438n) 'a loose-fitting dress hanging straight from the shoulders without a waist' —> She carefully pinned her corset over the sheer linen shift, allowing the simple garment to drape gracefully from her shoulders without a fitted waist.","YES","08/05/2026, 01:03:30"
"ann1","1777984417398hlskzsgfi8","(zero-shot) 'loose' (ADJ_wn:00916199a) 'not literal' —> The director produced a loose adaptation of the novel, changing the setting and combining characters while keeping the core themes intact.","YES","08/05/2026, 01:03:41"
"ann1","1777984417398pj49ehykp3","(zero-shot) 'flip' (VERB_wn:00717921v) 'react in an excited, delighted, or surprised way' —> She flipped when the puppy waddled into the room.","YES","08/05/2026, 01:03:58"
"ann1","1777984417398khvtyd3jm4","(zero-shot) 'time' (VERB_wn:00297906v) 'regulate or set the time of' —> The engineer will time the deployment of the satellite precisely to match the optimal orbital window.","YES","08/05/2026, 01:04:10"
"ann1","1777984417398c9kg73dzr","(zero-shot) 'strain' (NOUN_wn:08111157n) '(biology) a group of organisms within a species that differ in trivial ways from similar groups' —> The laboratory team successfully cultured a heat-resistant strain of bacteria for use in industrial enzyme production.","YES","08/05/2026, 01:04:21"
"ann1","1777984417398pomnp8wu8mr","(zero-shot) 'clear' (VERB_wn:00450863v) 'rid of instructions or data' —> The technician cleared the memory buffer before executing the new program.","YES","08/05/2026, 01:04:24"
"ann1","1777984417398jn5azx732","(zero-shot) 'break' (VERB_wn:01106864v) 'surpass in excellence' —> Her innovative design broke all industry standards for efficiency and durability.","YES","08/05/2026, 01:04:28"
"ann1","1777984417398w24mfq783ap","(zero-shot) 'sweep' (VERB_wn:01393714v) 'sweep with a broom or as if with a broom' —> The janitor swept the hallway before the students arrived.","YES","08/05/2026, 01:04:32"
"ann1","1777984417398aqfkjsqdlq","(zero-shot) 'no_more' (ADV_wn:00050681r) 'referring to the degree to which a certain quality is present' —> The red team is no more likely to win than the blue team.","YES","08/05/2026, 01:04:37"
"ann1","1777984417398xcbrguebd5","(zero-shot) 'spread' (VERB_wn:02082690v) 'strew or distribute over an area' —> The children spread colorful leaves across the backyard lawn.","YES","08/05/2026, 01:04:43"
"ann1","1777984417398j30kfd403","(zero-shot) 'force' (NOUN_wn:05035353n) 'physical energy or intensity' —> The batter swung the bat with tremendous force, sending the baseball soaring over the outfield fence.","YES","08/05/2026, 01:04:49"
"ann1","177798441739801v59gab6971","(zero-shot) 'convey' (VERB_wn:00928630v) 'make known; pass on, of information' —> The automated sensors convey real-time weather data to the storm tracking center.","YES","08/05/2026, 01:04:54"
"ann1","1777984417398utnkjcs8b8i","(zero-shot) 'base' (NOUN_wn:13809769n) 'the most important or necessary part of something' —> Mutual respect serves as the base for any lasting friendship.","YES","08/05/2026, 01:04:58"
"ann1","1777984417398l7ggq5d0ud","(zero-shot) 'pony' (NOUN_wn:06347225n) 'a literal translation used in studying a foreign language (often used illicitly)' —> During the Latin test, the nervous scholar risked detection by glancing at the folded pony concealed within his sleeve.","YES","08/05/2026, 01:05:09"
"ann1","1777984417398q6ki6jo2a6","(zero-shot) 'appointed' (ADJ_wn:00847196a) 'selected for a job' —> The appointed spokesperson delivered the official statement to the media.","YES","08/05/2026, 01:05:12"
"ann1","1777984417398dninij1gbus","(zero-shot) 'solid' (ADJ_wn:01125006a) 'characterized by good substantial quality' —> The student submitted a solid essay that demonstrated a deep understanding of the topic.","YES","08/05/2026, 01:05:16"
"ann1","17779844173984lbxdh5t2is","(zero-shot) 'given' (ADJ_wn:01292411a) '(usually followed by `to') naturally disposed toward' —> My grandfather was always given to storytelling, often captivating us with tales of his adventures during the war.","YES","08/05/2026, 01:05:24"
"ann1","17779844173985l7ml37mfb","(zero-shot) 'splendid' (ADJ_wn:02343110a) 'very good;of the highest quality' —> The view from the mountain peak was splendid, offering a breathtaking panorama of the valley below.","YES","08/05/2026, 01:05:30"
"ann1","1777984417398q91xy37soya","(zero-shot) 'spread_out' (VERB_wn:02082690v) 'strew or distribute over an area' —> The volunteers spread out the donated blankets across the shelter floor to keep the refugees warm.","YES","08/05/2026, 01:05:35"
"ann1","1777984417398fhb8nobixeb","(zero-shot) 'extend' (VERB_wn:01165579v) 'use to the utmost; exert vigorously or to full capacity' —> To meet the tight deadline, the engineering team extended themselves over the weekend to finalize the prototype.","YES","08/05/2026, 01:05:41"
"ann1","1777984417398p0wtotk88a9","(zero-shot) 'hop' (VERB_wn:02094788v) 'make a jump forward or upward' —> The startled rabbit hopped across the dewy grass to escape the sudden noise.","YES","08/05/2026, 01:05:53"
"ann1","1777984417398lf3scwl8at","(zero-shot) 'flat' (NOUN_wn:06866919n) 'a musical notation indicating one half step lower than the note named' —> The conductor reminded the cellist to play the flat in the fourth measure as written in the score.","YES","08/05/2026, 01:06:00"
"ann1","1777984417398zsj8emt31d","(zero-shot) 'charge' (VERB_wn:02320374v) 'demand payment' —> The hotel will charge a nightly fee for the extra bed.","YES","08/05/2026, 01:06:05"
"ann1","1777984417398ank5oiugvu9","(zero-shot) 'christian_church' (NOUN_wn:08082602n) 'one of the groups of Christians who have their own beliefs and forms of worship' —> Various christian churches developed unique liturgical traditions and theological doctrines throughout the centuries.","YES","08/05/2026, 01:06:10"
"ann1","1777984417398p07rp4yv8ki","(zero-shot) 'bloodshed' (NOUN_wn:00221178n) 'the shedding of blood resulting in murder' —> The relentless bloodshed during the uprising left no family untouched by grief.","YES","08/05/2026, 01:06:15"
"ann1","1777984417398h3oaom3j69","(zero-shot) 'rush' (VERB_wn:00459296v) 'urge to an unnatural speed' —> Do not rush the dough; it must rise at its own pace.","YES","08/05/2026, 01:06:25"
"ann1","1777984417398oxt3s9s52qk","(zero-shot) 'diverge' (VERB_wn:02732603v) 'have no limits as a mathematical series' —> The harmonic series diverges, growing without bound rather than settling on a finite value.","YES","08/05/2026, 01:06:29"
"ann1","1777984417398px4hh6df4h","(zero-shot) 'agitation' (NOUN_wn:07513508n) 'the feeling of being agitated; not calm' —> The quiet hum of the engine did nothing to soothe the driver's growing agitation as they navigated the treacherous mountain pass.","YES","08/05/2026, 01:06:35"
"ann1","1777984417398z0bqudiirwc","(zero-shot) 'open' (ADJ_wn:00036254a) 'ready for business' —> The downtown electronics shop will be open for customers starting at nine o'clock tomorrow morning.","YES","08/05/2026, 01:06:45"
"ann1","1777984417398pd7xrjb13v9","(zero-shot) 'firm' (ADJ_wn:02291336a) 'not liable to fluctuate or especially to fall' —> Despite the global uncertainty, the stock price remained remarkably firm throughout the trading session.","YES","08/05/2026, 01:06:53"
"ann1","1777984417398uaw9ny84ee","(zero-shot) 'open' (ADJ_wn:02474876a) 'not requiring union membership' —> The warehouse operates as an open shop, allowing the hiring of personnel without checking for labor organization dues.","YES","08/05/2026, 01:06:58"
"ann1","1777984417398wvoycak91zr","(zero-shot) 'continuation' (NOUN_wn:06250208n) 'a Gestalt principle of organization holding that there is an innate tendency to perceive a line as continuing its established direction' —> Due to continuation, the observer effortlessly tracks the smooth arc even where the pattern is momentarily interrupted by a geometric shape.","YES","08/05/2026, 01:07:07"
"ann1","1777984417398m0biva895qq","(zero-shot) 'multiplication' (NOUN_wn:00871576n) 'an arithmetic operation that is the inverse of division; the product of two numbers is computed' —> The teacher asked the class to solve several multiplication problems on the chalkboard.","YES","08/05/2026, 01:07:14"
"ann1","1777984417398tzhwr7p1iv","(zero-shot) 'facet' (NOUN_wn:05850624n) 'a distinct feature or element in a problem' —> Analyzing the crime scene revealed a crucial facet of the investigation that the detectives had initially overlooked.","YES","08/05/2026, 01:07:21"
"ann1","1777984417398h6nonpnrbe","(zero-shot) 'stretch' (NOUN_wn:05021345n) 'the capacity for being stretched' —> The stretch of this synthetic blend is remarkable, ensuring the garment expands easily without losing its shape.","YES","08/05/2026, 01:07:27"
"ann1","1777984417398ac4d0v72pyo","(zero-shot) 'take' (VERB_wn:00624476v) 'interpret something in a certain way; convey a particular meaning or impression' —> Many critics took the film's ambiguous ending as a commentary on human resilience.","YES","08/05/2026, 01:07:36"
"ann1","1777984417398qdcg3n0l10h","(zero-shot) 'sacred' (ADJ_wn:02055062a) 'concerned with religion or religious purposes' —> The monks chanted hymns around the sacred fire during the evening ritual.","YES","08/05/2026, 01:07:44"
"ann1","177798441739805587j560n4d","(zero-shot) 'medicine' (NOUN_wn:06043075n) 'the branches of medical science that deal with nonsurgical techniques' —> After graduating from university, she decided to practice internal medicine, focusing on diagnosing and treating illnesses through pharmacology and lifestyle adjustments rather than operations.","YES","08/05/2026, 01:07:56"
"ann1","177798441739818suxwdjvjx","(zero-shot) 'clam' (NOUN_wn:13395897n) 'a piece of paper money worth one dollar' —> The vendor accepted the crumpled clam without counting the change.","YES","08/05/2026, 01:08:08"
"ann1","177798441739832l8gokzttq","(zero-shot) 'ward' (NOUN_wn:11374085n) 'English writer of novels who was an active opponent of the women's suffrage movement (1851-1920)' —> Result:","WRONG","08/05/2026, 01:08:14"
"ann1","177798441739833hnzffplo","(zero-shot) 'third' (NOUN_wn:00724168n) 'the fielding position of the player on a baseball team who is stationed near the third of the bases in the infield (counting counterclockwise from home plate)' —> The veteran infielder made a spectacular diving stop at third to prevent the tying run from scoring.","YES","08/05/2026, 01:08:32"
"ann1","1777984417398363rerbg71w","(zero-shot) 'sight' (NOUN_wn:06888944n) 'anything that is seen' —> The sight of the golden sunset over the ocean left the crowd in awe.","YES","08/05/2026, 01:08:41"
"ann1","17779844173983jehuip1usx","(zero-shot) 'combine' (VERB_wn:02377938v) 'join for a common purpose or in a common action' —> The two political parties agreed to combine forces in the upcoming election to secure a majority in parliament.","YES","08/05/2026, 01:08:48"
"ann1","1777984417398avtdalh5n3","(zero-shot) 'slip' (NOUN_wn:08640111n) 'a place where a craft can be made fast' —> The captain maneuvered the vessel carefully into the empty slip beside the maintenance shed.","YES","08/05/2026, 01:08:59"
"ann1","1777984417398yxt8j9bb1nk","(zero-shot) 'trick' (NOUN_wn:00099951n) 'an illusory feat; considered magical by naive observers' —> The magician's signature trick involved making a full-grown elephant vanish behind a velvet curtain, leaving the audience convinced he possessed supernatural powers.","YES","08/05/2026, 01:09:04"
"ann1","17779844173987s8ebdm56l9","(zero-shot) 'brilliant' (ADJ_wn:01285376a) 'characterized by grandeur' —> The brilliant pageantry of the royal wedding dazzled the world.","YES","08/05/2026, 01:09:08"
"ann1","1777984417398mzgxn8colg","(zero-shot) 'timid' (ADJ_wn:00251809a) 'showing fear and lack of confidence' —> The timid speaker trembled as she approached the microphone.","YES","08/05/2026, 01:09:12"
"ann1","1777984417398c28okm6yi3w","(zero-shot) 'last' (NOUN_wn:15143276n) 'the time at which life ends; continuing until dead' —> The soldier fought bravely until his last.","YES","08/05/2026, 01:09:24"
"ann1","1777984417398rgszsuw4nu","(zero-shot) 'dignity' (NOUN_wn:04910684n) 'formality in bearing and appearance' —> The ambassador moved through the hall with a stately dignity, his posture impeccable and his attire meticulously pressed, reflecting the gravity of the diplomatic occasion.","YES","08/05/2026, 01:09:34"
"ann1","1777984417398nrp0n9j9ixm","(zero-shot) 'regard' (NOUN_wn:00878648n) 'a long fixed look' —> He held the unfamiliar painting in a steady regard, absorbing every brushstroke without looking away for nearly an hour.","YES","08/05/2026, 01:09:46"
"ann1","1777984417398bbw3vrzod2","(zero-shot) 'mustard' (NOUN_wn:07819480n) 'pungent powder or paste prepared from ground mustard seeds' —> She squeezed the bottle of mustard onto her sandwich.","YES","08/05/2026, 01:09:56"
"ann1","1777984417398746cyc1hl8b","(zero-shot) 'whistle' (NOUN_wn:03912218n) 'an inexpensive fipple flute' —> The village artisan carved a simple wooden whistle for the children, teaching them how to cover the finger holes to change the pitch.","YES","08/05/2026, 01:10:05"
"ann1","1777984417398t3mixoj934c","(zero-shot) 'wedge' (NOUN_wn:13919547n) 'any shape that is triangular in cross section' —> The carpenter drove a sturdy wooden wedge into the split log to force the timber apart.","YES","08/05/2026, 01:10:15"
"ann1","1777984417398bdmaqs14wl6","(zero-shot) 'come_back' (VERB_wn:01998982v) 'even the score, in sports' —> The trailing hockey team scored two consecutive goals in the final period to come back and tie the match, sending the game into overtime.","YES","08/05/2026, 01:10:24"
"ann1","1777984417398croa9ylfte5","(zero-shot) 'sink' (VERB_wn:01989873v) 'go under,' —> The heavy barge will sink into the deep, murky waters.","YES","08/05/2026, 01:10:26"
"ann1","1777984417398u73qes5p3n","(zero-shot) 'excite' (VERB_wn:01762283v) 'stimulate sexually' —> His intimate caresses and whispered promises quickly began to excite her.","YES","08/05/2026, 01:10:31"
"ann1","1777984417398ntj7keketmn","(zero-shot) 'producer' (NOUN_wn:10480018n) 'someone who finds financing for and supervises the making and presentation of a show (play or film or program or similar work)' —> The television producer secured a multimillion-dollar budget from the network and oversaw the entire filming process to ensure the series launched on time.","YES","08/05/2026, 01:10:42"
"ann1","17779844173981f3apl2exiz","(zero-shot) 'draw' (VERB_wn:00987071v) 'give a description of' —> She drew a vivid picture of her childhood home for us.","YES","08/05/2026, 01:10:45"
"ann1","1777984417398ci199csrat","(zero-shot) 'insure' (VERB_wn:00662589v) 'be careful or certain to do something; make certain of something' —> She must insure her passport stays safe.","YES","08/05/2026, 01:10:50"
"ann1","17779844173983awc5xhog7n","(zero-shot) 'appointed' (ADJ_wn:02129718a) 'fixed or established especially by order or command; )' —> The general ordered the troops to assemble at the appointed hour without delay.","YES","08/05/2026, 01:10:58"
"ann1","1777984417398sb3cgd1h05q","(zero-shot) 'president' (NOUN_wn:10468559n) 'an executive officer of a firm or corporation' —> The president oversees all daily operations and reports directly to the board of directors.","YES","08/05/2026, 01:11:03"
"ann1","1777984417398c375x5oswea","(zero-shot) 'sordid' (ADJ_wn:00621857a) 'unethical or dishonest' —> The whistleblower revealed a sordid arrangement where executives secretly siphoned company funds into offshore accounts.","YES","08/05/2026, 01:11:13"
"ann1","1777984417398ymj01s5qqbr","(zero-shot) 'affirmation' (NOUN_wn:06684798n) '(religion) a solemn declaration that serves the same purpose as an oath (if an oath is objectionable to the person on religious or ethical grounds)' —> The witness requested an affirmation instead of swearing on the Bible, as her faith forbade invoking a deity in legal proceedings.","YES","08/05/2026, 01:11:23"
"ann1","17779844173980h2yvmxcnq3a","(zero-shot) 'submit' (VERB_wn:00669762v) 'accept or undergo, often unwillingly' —> After a long struggle, the rebels were forced to submit to the government's authority.","YES","08/05/2026, 01:11:35"
"ann1","177798441739836ole9gt0ds","(zero-shot) 'sink' (VERB_wn:01986869v) 'cause to sink' —> Overloading the deck will quickly sink the vessel.","YES","08/05/2026, 01:11:39"
"ann1","1777984417398le2qbrj7i7","(zero-shot) 'emotionally' (ADV_wn:00185567r) 'with regard to emotions' —> She approached the difficult decision emotionally, prioritizing her feelings over practical considerations.","YES","08/05/2026, 01:11:48"
"ann1","1777984417398zd47n5xcfu","(zero-shot) 'condensation' (NOUN_wn:06468123n) 'a shortened version of a written work' —> The editor created a condensation of the original manuscript that preserved the author's voice while reducing the word count by half.","YES","08/05/2026, 01:23:51"
"ann1","1777984417398o80jdhvu30m","(zero-shot) 'concentrated' (ADJ_wn:01157762a) '(of light) transmitted directly from a pointed light source' —> The concentrated beam from the laser cutter sliced through the metal with precision.","YES","08/05/2026, 01:23:55"
"ann1","1777984417398k5zwfjl0unl","(zero-shot) 'set_off' (VERB_wn:02717831v) 'make up for' —> The unexpected inheritance set off the years of financial hardship her family had endured.","YES","08/05/2026, 01:24:00"
"ann1","1777984417398m1dggd0zkuo","(zero-shot) 'transmit' (VERB_wn:02079933v) 'transmit or serve as the medium for transmission' —> The copper wire transmits electrical current to the light bulb.","YES","08/05/2026, 01:24:04"
"ann1","1777984417398kxjz8jud0qc","(zero-shot) 'spell' (VERB_wn:00932636v) 'indicate or signify' —> The sudden drop in temperature spells the end of the hiking season.","YES","08/05/2026, 01:24:10"
"ann1","1777984417398tby3av4tu2","(zero-shot) 'take' (VERB_wn:00557404v) 'be seized or affected in a specified way' —> The artist was delighted because the watercolor took so vividly on the textured paper.","YES","08/05/2026, 01:24:17"
"ann1","1777984417398scrkson993r","(zero-shot) 'heighten' (VERB_wn:00227165v) 'make more intense, stronger, or more marked; ,' —> The dim lighting and eerie music served to heighten the tension during the climax of the film.","YES","08/05/2026, 01:24:27"
"ann1","1777984417398aiz7avwibt8","(zero-shot) 'canon' (NOUN_wn:06487729n) 'a complete list of saints that have been recognized by the Roman Catholic Church' —> The bishop consulted the official records to confirm that the newly beatified martyr was indeed listed in the canon.","YES","08/05/2026, 01:24:42"
"ann1","17779844173985au6qchclwb","(zero-shot) 'aged' (ADJ_wn:02581047a) 'at an advanced stage of erosion (pronounced as one syllable)' —> The aged cliffs surrendered another slab of rock to the churning sea below.","YES","08/05/2026, 01:25:06"
"ann1","1777984417398wxxnwh48ujk","(zero-shot) 'delicate' (ADJ_wn:02448324a) 'easily hurt' —> After weeks of harsh criticism, his ego had grown so delicate that even a minor oversight felt like a personal attack.","YES","08/05/2026, 01:25:19"
"ann1","1777984417398141mhdth2pb","(zero-shot) 'vacuum' (NOUN_wn:04517823n) 'an electrical home appliance that cleans by suction' —> My mother bought a cordless vacuum last week to make cleaning the stairs much easier.","YES","08/05/2026, 01:25:29"
"ann1","17779844173986a58z68erpg","(zero-shot) 'reserve' (VERB_wn:02498320v) 'arrange for and reserve (something for someone else) in advance' —> I have already reserved a quiet hotel room for my sister before her business trip begins.","YES","08/05/2026, 01:25:39"
"ann1","1777984417398zlfthwsy6k","(zero-shot) 'representative' (NOUN_wn:10522035n) 'a person who represents others' —> Each neighborhood selected a representative to present their shared concerns at the city planning meeting.","YES","08/05/2026, 01:25:49"
"ann1","1777984417398pud8yo5f0jq","(zero-shot) 'puff' (VERB_wn:00263682v) 'to swell or cause to enlarge,' —> The angry rooster began to puff its feathers to appear more intimidating.","YES","08/05/2026, 01:25:53"
"ann1","17779844173989vqdh33k2iu","(zero-shot) 'inferiority' (NOUN_wn:05165175n) 'the quality of being a competitive disadvantage' —> The startup's technological inferiority prevented it from competing effectively in the crowded software market.","YES","08/05/2026, 01:26:00"
"ann1","1777984417398q9wmhq8m5dp","(zero-shot) 'pick_up' (VERB_wn:01811736v) 'fill with high spirits; fill with optimism' —> The unexpected promotion helped to pick up his spirits, and he bounded into the office with renewed confidence.","YES","08/05/2026, 01:26:04"
"ann1","1777984417398hg5gkg473v7","(zero-shot) 'bet' (VERB_wn:00712708v) 'have faith or confidence in' —> You can bet on John to tell the truth.","YES","08/05/2026, 01:26:07"
"ann1","1777984417398cwcs87axvd9","(zero-shot) 'romance' (NOUN_wn:05208422n) 'an exciting and mysterious quality (as of a heroic time or adventure)' —> The explorer’s weathered diary captured the romance of the expedition, where treacherous passes and uncharted valleys promised both peril and glory.","YES","08/05/2026, 01:26:15"
"ann1","1777984417398zzbc0un1oi","(zero-shot) 'survivor' (NOUN_wn:10681194n) 'one who lives through affliction' —> After the devastating earthquake, every survivor slowly rebuilt their life with quiet determination.","YES","08/05/2026, 01:26:20"
"ann1","1777984417398tiv4dt61te","(zero-shot) 'master' (NOUN_wn:10164233n) 'presiding officer of a school' —> The master gathered the students in the hall to deliver the term's opening address.","YES","08/05/2026, 01:26:23"
"ann1","1777984417398n40ddxk3t1k","(zero-shot) 'swing' (NOUN_wn:04371774n) 'mechanical device used as a plaything to support someone swinging back and forth' —> The children took turns sitting on the creaky metal swing at the neighborhood playground.","YES","08/05/2026, 01:26:32"
"ann1","1777984417398zrq8pw8t9","(zero-shot) 'organize' (VERB_wn:00404642v) 'bring order and organization to' —> The event coordinator will organize the scattered decorations and supplies into designated stations before the conference begins.","YES","08/05/2026, 01:26:41"
"ann1","1777984417398wlw1zt9f2e","(zero-shot) 'shield' (NOUN_wn:01903756n) 'hard outer covering or case of certain organisms such as arthropods and turtles' —> The marine ecologist gently measured the juvenile sea turtle, noting how its rigid shield had already developed the distinctive olive patterning characteristic of the species.","YES","08/05/2026, 01:26:52"
"ann1","17779844173984og82m6mozt","(zero-shot) 'contribute' (VERB_wn:02308741v) 'contribute to some cause' —> She chose to contribute a portion of her salary to the animal welfare organization.","YES","08/05/2026, 01:27:00"
"ann1","17779844173982ckbho2nt31","(zero-shot) 'sac' (NOUN_wn:13092722n) 'a case or sheath especially a pollen sac or moss capsule' —> The pollen sacs within the flower's anther burst open, releasing a cloud of microscopic grains onto the waiting stigma.","YES","08/05/2026, 01:27:10"
"ann1","17779844173984v0vh72mumt","(zero-shot) 'seal' (NOUN_wn:02076196n) 'any of numerous marine mammals that come on shore to breed; chiefly of cold regions' —> A solitary seal hauled itself onto the frosted rocks to rest after a long dive in the churning waters.","YES","08/05/2026, 01:27:41"
"ann1","1777984417398jaqh7xm1wih","(zero-shot) 'pupil' (NOUN_wn:10559288n) 'a young person attending school (up through senior high school)' —> Each pupil in the fourth-grade class received a certificate for their hard work on the science project.","YES","08/05/2026, 01:27:44"
"ann1","17779844173985mznk942b46","(zero-shot) 'hunt' (NOUN_wn:05770257n) 'an instance of searching for something' —> The investigators launched a comprehensive hunt for the missing financial records before the deadline.","YES","08/05/2026, 01:27:48"
"ann1","1777984417398z8acqe372gk","(zero-shot) 'starter' (NOUN_wn:10355449n) 'any new participant in some activity' —> The club welcomed its latest batch of starters with a warm round of applause.","YES","08/05/2026, 01:27:55"
"ann1","1777984417398hv1vnlsd2oo","(zero-shot) 'dull' (ADJ_wn:00800248a) 'not having a sharp edge or point' —> The dull knife slipped off the carrot without making a mark.","YES","08/05/2026, 01:28:05"
"ann1","17779844173982v2kcu6aj3u","(zero-shot) 'line' (NOUN_wn:13905792n) 'a slight depression in the smoothness of a surface' —> The artisan polished the silver bowl until not a single line remained on its gleaming surface.","YES","08/05/2026, 01:28:14"
"ann1","1777984417398q09xirwtjj","(zero-shot) 'endorsement' (NOUN_wn:01215168n) 'the act of endorsing' —> The committee sought his endorsement before finalizing the proposal.","YES","08/05/2026, 01:28:17"
"ann1","1777984417398jheazd8szwe","(zero-shot) 'break' (VERB_wn:01369346v) 'go to pieces' —> The fragile glass vase will break into countless shards if it falls onto the hard floor.","YES","08/05/2026, 01:28:20"
"ann1","1777984417398cqtn6wdm0m5","(zero-shot) 'distribute' (VERB_wn:02201644v) 'give to several people' —> The festival organizers will distribute free passes among the morning crowd.","YES","08/05/2026, 01:28:23"
"ann1","1777984417398dcse4a7o7a9","(zero-shot) 'concession' (NOUN_wn:07176243n) 'the act of conceding or yielding' —> After weeks of stalemate, the government's unexpected concession on the tariff rate finally broke the deadlock and allowed trade negotiations to resume.","YES","08/05/2026, 01:28:30"
"ann1","177798441739880oynclstj6","(zero-shot) 'deep' (ADJ_wn:00149120a) 'exhibiting great cunning usually with secrecy' —> The scandal revealed a web of deep politics that had been orchestrating the election results from behind closed doors.","YES","08/05/2026, 01:28:35"
"ann1","1777984417398z5kdhlakr5","(zero-shot) 'sound' (VERB_wn:02134927v) 'appear in a certain way' —> The proposal sounds reasonable based on the current data.","YES","08/05/2026, 01:28:38"
"ann1","1777984417398m4vw9310bp","(zero-shot) 'ambiguity' (NOUN_wn:06604319n) 'an expression whose meaning cannot be determined from its context' —> The contract contained a glaring ambiguity that allowed both parties to interpret the terms differently.","YES","08/05/2026, 01:28:42"
"ann1","1777984417398h4dlqweg6mf","(zero-shot) 'welcome' (VERB_wn:02237206v) 'accept gladly' —> We welcome your feedback on the project.","YES","08/05/2026, 01:28:44"
"ann1","1777984417398vzgcq03ukkr","(zero-shot) 'circulation' (NOUN_wn:11439031n) 'movement through a circuit; especially the movement of blood through the heart and blood vessels' —> Regular exercise boosts circulation, ensuring that oxygen-rich blood reaches every part of the body efficiently.","YES","08/05/2026, 01:28:49"
"ann1","1777984417398vx8ishkvdub","(zero-shot) 'discharge' (VERB_wn:01134238v) 'go off or discharge' —> The guard shouted an order to cease fire after the rookie accidentally discharged his rifle.","YES","08/05/2026, 01:29:00"
"ann1","1777984417398rogstfaa9qr","(zero-shot) 'pass' (VERB_wn:02052476v) 'cause to pass' —> The legislature passed the bill with a unanimous vote.","YES","08/05/2026, 01:29:03"
"ann1","1777984417398tyab6hac69","(zero-shot) 'straighten' (VERB_wn:00275843v) 'put (things or places) in order' —> Please straighten the living room before the guests arrive.","YES","08/05/2026, 01:29:06"
"ann1","1777984417398wuayfdhr0xb","(zero-shot) 'acquaintance' (NOUN_wn:09763784n) 'a person with whom you are acquainted' —> Several old acquaintances from college stopped by to share some exciting news.","YES","08/05/2026, 01:29:15"
"ann1","1777984417398q08qo040z4","(zero-shot) 'indifferent' (ADJ_wn:01532454a) 'neither too great nor too little' —> The rainfall throughout the season proved indifferent, delivering a moderate amount of moisture that was neither a scarce trickle nor a devastating flood.","YES","08/05/2026, 01:29:24"
"ann1","1777984417398e3zh22rwmdw","(zero-shot) 'unite' (VERB_wn:00243124v) 'join or combine' —> The two clans decided to unite their forces against the common enemy.","YES","08/05/2026, 01:29:29"
"ann1","17779844173980cnhze1u3kin","(zero-shot) 'belt' (NOUN_wn:02828115n) 'ammunition (usually of small caliber) loaded in flexible linked strips for use in a machine gun' —> The gunner quickly fed a fresh belt into the machine gun before the squad advanced down the corridor.","YES","08/05/2026, 01:29:38"
"ann1","17779844173982bew1a4y1ur","(zero-shot) 'sound' (NOUN_wn:05718254n) 'the subjective sensation of hearing something' —> After the concert, the ringing sound lingered in his ears for minutes.","YES","08/05/2026, 01:29:42"
"ann1","1777984417398qoejsbuzfh","(zero-shot) 'anxious' (ADJ_wn:02456157a) 'causing or fraught with or showing anxiety' —> The anxious mother waited by the phone.","YES","08/05/2026, 01:29:44"
"ann1","17779844173981n12tbcghbhh","(zero-shot) 'flash' (VERB_wn:02138611v) 'expose or show briefly' —> The agent flashed his identification card to the border patrol.","YES","08/05/2026, 01:29:47"
"ann1","1777984417398pp4ltdpnl7i","(zero-shot) 'overwhelming' (ADJ_wn:01511152a) 'very intense' —> The overwhelming roar of the crowd shook the stadium walls during the championship final.","YES","08/05/2026, 01:29:51"
"ann1","1777984417398bleuhioxmiq","(zero-shot) 'diagnose' (VERB_wn:00645552v) 'determine or distinguish the nature of a problem or an illness through a diagnostic analysis' —> The specialist performed a series of tests to diagnose the root cause of the system's malfunction.","YES","08/05/2026, 01:29:59"
"ann1","1777984417398ciazz6452mc","(zero-shot) 'breadth' (NOUN_wn:05136150n) 'the extent of something from side to side' —> The architect measured the breadth of the ancient stone archway to determine if the sculpture would pass through without obstruction.","YES","08/05/2026, 01:30:06"
"ann1","1777984417398jw1vrnxkql","(zero-shot) 'rank' (NOUN_wn:08398179n) 'the ordinary members of an organization (such as the enlisted soldiers of an army)' —> The political party struggled to attract young volunteers to fill its dwindling ranks.","YES","08/05/2026, 01:30:09"
"ann1","1777984417398jp5y6a9upvi","(zero-shot) 'unhappiness' (NOUN_wn:07532440n) 'emotions experienced when not in a state of well-being' —> A profound sense of unhappiness settled over the village after the devastating flood destroyed their homes.","YES","08/05/2026, 01:30:15"
"ann1","1777984417398e5c977enk4","(zero-shot) 'invisible' (ADJ_wn:00581401a) 'not prominent or readily noticeable' —> The new employee remained invisible in the crowded office, blending seamlessly into the background while others took center stage.","YES","08/05/2026, 01:30:19"
"ann1","1777984417398cmpzdpbr9ml","(zero-shot) 'line' (NOUN_wn:03671668n) 'a particular kind of product or merchandise' —> Our new line of eco-friendly home goods has received excellent feedback from customers.","YES","08/05/2026, 01:30:22"
"ann1","1777984417398fqon8z53dj","(zero-shot) 'misfortune' (NOUN_wn:07304852n) 'unnecessary and unforeseen trouble resulting from an unfortunate event' —> The sudden storm brought misfortune to the hikers, damaging their gear.","YES","08/05/2026, 01:30:28"
"ann1","1777984417398omi093v1fos","(zero-shot) 'fissure' (NOUN_wn:05223370n) '(anatomy) a long narrow slit or groove that divides an organ into lobes' —> The deep longitudinal fissure runs down the midline of the brain, separating the left and right hemispheres.","YES","08/05/2026, 01:30:50"
"ann1","1777984417398urxfmccbtsj","(zero-shot) 'cheat' (VERB_wn:01104624v) 'defeat someone through trickery or deceit' —> The cunning gambler hoped to cheat his opponent by loading the dice before the final hand.","YES","08/05/2026, 01:30:55"
"ann1","17779844173989mgz6i8j52s","(zero-shot) 'tease' (VERB_wn:00040188v) 'ruffle (one's hair) by combing the ends towards the scalp, for a full effect' —> The stylist teased the model's hair at the roots to build volume for the retro bouffant style.","YES","08/05/2026, 01:31:02"
"ann2","1777984417397ig6f61a820g","(zero-shot) 'stop' (NOUN_wn:07365849n) 'the event of something ending' —> The sudden stop of the rain allowed the hikers to finally reach the summit before dusk.","YES","05/05/2026, 15:02:30"
"ann2","1777984417397rp98b0obq4","(zero-shot) 'puff' (VERB_wn:01198616v) 'smoke and exhale strongly' —> The old sailor sat on the weathered dock and puffed steadily, watching thick gray clouds of tobacco vapor curl into the salty sea breeze.","YES","05/05/2026, 15:02:37"
"ann2","1777984417397xgssg65cfqs","(zero-shot) 'confinement' (NOUN_wn:13998576n) 'the state of being confined' —> The prisoner's prolonged confinement took a severe toll on his mental health.","YES","05/05/2026, 15:02:45"
"ann2","1777984417397q6m7rf7qe8","(zero-shot) 'turn' (NOUN_wn:00457382n) '(game) the activity of doing something in an agreed succession' —> It was my turn to roll the dice.","YES","05/05/2026, 15:02:56"
"ann2","1777984417397phnu0440z9h","(zero-shot) 'immediate' (ADJ_wn:01579853a) 'immediately before or after as in a chain of cause and effect' —> The immediate cause of the structural collapse was the removal of a critical support beam.","YES","05/05/2026, 15:03:04"
"ann2","1777984417397kq8arkfi2sl","(zero-shot) 'course' (NOUN_wn:09387222n) 'a line or route along which something travels or moves' —> The river followed a winding course through the valley.","YES","05/05/2026, 15:03:13"
"ann2","17779844173977td95xnpvz7","(zero-shot) 'kit' (NOUN_wn:01323155n) 'young of any of various fur-bearing animals' —> The rescue worker carefully lifted the shivering rabbit kit from the frozen ground and placed it inside a heated transport box.","YES","05/05/2026, 15:03:24"
"ann2","17779844173976jcyxrfxolv","(zero-shot) 'referent' (NOUN_wn:06603494n) 'something referred to; the object of a reference' —> The scholar debated whether the symbol's referent was a deity or a historical figure.","YES","05/05/2026, 15:03:34"
"ann2","17779844173977cwkdfaqg2a","(zero-shot) 'politically' (ADV_wn:00115745r) 'with regard to government' —> The governor's decision to veto the bill was politically motivated by the need to maintain support within the state legislature.","YES","05/05/2026, 15:03:43"
"ann2","17779844173978zfmirgxerk","(zero-shot) 'lead' (VERB_wn:02686625v) 'cause something to pass or lead somewhere' —> The winding path led us to a serene lake overlooking the mountains.","YES","05/05/2026, 15:03:53"
"ann2","1777984417397ge8gkxc8at","(zero-shot) 'hawaii' (NOUN_wn:09078231n) 'a state in the United States in the central Pacific on the Hawaiian Islands' —> Hawaii is a lush American state located in the middle of the expansive ocean, encompassing a famous chain of volcanic islands.","YES","05/05/2026, 15:04:00"
"ann2","1777984417397oh4eutib1a","(zero-shot) 'rank' (NOUN_wn:08400965n) 'the body of members of an organization or group' —> New volunteers quickly filled the ranks of the local community outreach program.","YES","05/05/2026, 15:04:11"
"ann2","1777984417397zbptnfh4de","(zero-shot) 'ignorant' (ADJ_wn:01308894a) 'unaware because of a lack of relevant information or knowledge' —> The new intern was completely ignorant of the company's filing procedures, which led to several misplaced documents.","YES","05/05/2026, 15:04:19"
"ann2","1777984417397nh15qnat14q","(zero-shot) 'confederacy' (NOUN_wn:06524935n) 'a secret agreement between two or more people to perform an unlawful act' —> The detectives revealed a sinister confederacy forged by the executives to manipulate stock prices and defraud innocent investors.","YES","05/05/2026, 15:04:28"
"ann2","1777984417397lhp1ck8zg9","(zero-shot) 'charge' (VERB_wn:00843959v) 'make an accusatory claim' —> The prosecutor charged the defendant with embezzlement.","YES","05/05/2026, 15:04:39"
"ann2","17779844173979btq8zofy0n","(zero-shot) 'scene' (NOUN_wn:13937075n) 'a situation treated as an observable object' —> The detective carefully documented every detail of the crime scene before the cleanup crew arrived.","YES","05/05/2026, 15:04:51"
"ann2","1777984417397am6ibbzcf6a","(zero-shot) 'stain' (VERB_wn:00286605v) 'produce or leave stains' —> Grape juice will stain your cotton shirt if you spill it.","YES","05/05/2026, 15:05:00"
"ann2","1777984417397g6xw4qrn7t4","(zero-shot) 'revelation' (NOUN_wn:05808102n) 'an enlightening or astonishing disclosure' —> The ancient manuscript provided a startling revelation about the true origins of the lost city.","YES","05/05/2026, 15:05:09"
"ann2","1777984417397bdw2laowl9d","(zero-shot) 'spray' (VERB_wn:01372682v) 'scatter in a mass or jet of droplets' —> The gardener sprayed water on the thirsty rose bushes.","YES","05/05/2026, 15:05:18"
"ann2","1777984417397c7j268ta9e9","(zero-shot) 'stamp' (VERB_wn:01273016v) 'to mark, or produce an imprint in or on something' —> The postal clerk carefully stamped the arrival date across the front of the envelope.","YES","05/05/2026, 15:05:27"
"ann2","1777984417397rt4lnccy558","(zero-shot) 'interface' (NOUN_wn:06575227n) '(computer science) a program that controls a display for the user (usually on a computer monitor) and that allows the user to interact with the system' —> The new mobile app features a sleek interface that lets travelers book flights and hotels with just a few taps on the screen.","YES","05/05/2026, 15:05:35"
"ann2","177798441739743csyu1yope","(zero-shot) 'restraint' (NOUN_wn:04697442n) 'lack of ornamentation' —> The sculptor's latest work demonstrates a profound restraint, presenting a polished stone form devoid of intricate carvings or embellishments.","YES","05/05/2026, 15:05:45"
"ann2","1777984417397k2iso988sl","(zero-shot) 'rouse' (VERB_wn:02056466v) 'force or drive out' —> The pack of hounds roused the fox from its hiding place in the thicket.","YES","05/05/2026, 15:05:53"
"ann2","17779844173978ljwbln85te","(zero-shot) 'split' (NOUN_wn:08819016n) 'an old Croatian city on the Adriatic Sea' —> We spent our summer vacation exploring the stunning coastline and historic landmarks of Split.","YES","05/05/2026, 15:06:01"
"ann2","1777984417397k73gxyhvqag","(zero-shot) 'reverse' (NOUN_wn:00559916n) '(American football) a running play in which a back running in one direction hands the ball to a back running in the opposite direction' —> The quarterback signaled for the reverse, hoping the deceptive motion would catch the linebacker off guard and open up the sideline for a big gain.","YES","05/05/2026, 15:06:12"
"ann2","1777984417397ap8s4ltje0t","(zero-shot) 'vary' (VERB_wn:02662297v) 'be subject to change in accordance with a variable' —> Housing costs tend to vary significantly based on the geographic location of the property.","YES","05/05/2026, 15:06:20"
"ann2","1777984417397c04xdmw2fde","(zero-shot) 'ounce' (NOUN_wn:13722522n) 'a unit of apothecary weight equal to 480 grains or one twelfth of a pound' —> The nineteenth-century apothecary carefully weighed exactly three ounces of powdered cinchona on his brass scales before compounding the medicinal tonic.","YES","05/05/2026, 15:06:30"
"ann2","17779844173971axx0ll1uj3","(zero-shot) 'draw_in' (VERB_wn:02015384v) 'of trains; move into (a station)' —> The steam locomotive drew in to the platform, releasing a plume of white smoke as it came to a halt.","YES","05/05/2026, 15:06:40"
"ann2","177798441739757lciufvtm8","(zero-shot) 'neural' (ADJ_wn:02904518a) 'of or relating to the nervous system' —> Pain signals travel along neural pathways to the brain.","YES","05/05/2026, 15:06:50"
"ann2","17779844173974gazbhm83xi","(zero-shot) 'advance' (VERB_wn:00158222v) 'rise in rate or price' —> Interest rates advanced by half a percent during the central bank's meeting.","YES","05/05/2026, 15:06:58"
"ann2","1777984417397c1sfb6ys94e","(zero-shot) 'discharge' (VERB_wn:02563724v) 'complete or carry out' —> The officer diligently discharged all assigned duties before departing for leave.","YES","05/05/2026, 15:07:09"
"ann2","1777984417397hrlsdesdmht","(zero-shot) 'repeat' (VERB_wn:00958334v) 'to say, state, or perform again' —> Please repeat the instructions so I can follow them correctly.","YES","05/05/2026, 15:07:18"
"ann2","1777984417397n8d2mqf4f2","(zero-shot) 'fit' (NOUN_wn:00555325n) 'a sudden flurry of activity (often for no obvious reason)' —> Her sudden fit of painting transformed the dull hallway into a vibrant gallery by dawn.","YES","05/05/2026, 15:07:28"
"ann2","1777984417397tfrg01zmms9","(zero-shot) 'insure' (VERB_wn:00891216v) 'protect by insurance' —> The homeowner decided to insure the house against fire damage.","YES","05/05/2026, 15:07:36"
"ann2","177798441739789of43acq65","(zero-shot) 'stumble' (VERB_wn:00618057v) 'make an error' —> The candidate stumbled over the details of the proposal, losing the support of the skeptical investors.","YES","05/05/2026, 15:07:48"
"ann2","1777984417397nz5z5vpv9sn","(zero-shot) 'interference' (NOUN_wn:06661562n) 'a policy of intervening in the affairs of other countries' —> The international community condemned the external interference in the sovereign nation's internal election process as a blatant violation of its independence.","YES","05/05/2026, 15:07:57"
"ann2","1777984417397ajtpe8ih4a","(zero-shot) 'pass' (VERB_wn:02221635v) 'transfer to another; of rights or property' —> Upon the signing of the deed, full ownership of the estate will pass to the designated heirs.","YES","05/05/2026, 15:08:09"
"ann2","177798441739749l9f90aakq","(zero-shot) 'disorderly' (ADJ_wn:02390569a) 'completely unordered and unpredictable and confusing' —> The disorderly scattering of clues across the crime scene left the detectives baffled, as the evidence seemed to appear randomly with no logical connection.","YES","05/05/2026, 15:08:18"
"ann2","1777984417397wpknb1yqyoc","(zero-shot) 'heal' (VERB_wn:00081725v) 'provide a cure for, make healthy again' —> The new antibiotic will heal the severe infection without any side effects.","YES","05/05/2026, 15:08:32"
"ann2","1777984417397pg6qsmsj48a","(zero-shot) 'evacuate' (VERB_wn:00073343v) 'excrete or discharge from the body' —> The physician prescribed a gentle laxative to help the patient evacuate his bowels after the abdominal surgery.","YES","05/05/2026, 15:08:42"
"ann2","1777984417397d1es29iy41c","(zero-shot) 'offensive' (ADJ_wn:01627965a) 'morally offensive' —> The politician retracted his offensive statement after realizing how deeply it insulted the religious sentiments of his constituents.","YES","05/05/2026, 15:08:52"
"ann2","1777984417397620ps1k7e1m","(zero-shot) 'guess' (VERB_wn:00636061v) 'guess correctly; solve by guessing' —> She guessed the combination to the safe by noticing which digits were worn smooth.","YES","05/05/2026, 15:09:03"
"ann2","1777984417397ytdyhccvexq","(zero-shot) 'attend_to' (VERB_wn:02540670v) 'work for or be a servant to' —> The young squire was honored to attend to the knight during the tournament, polishing his armor and caring for his horse.","YES","05/05/2026, 15:09:11"
"ann2","1777984417397sajv1rth55c","(zero-shot) 'threaten' (VERB_wn:00871781v) 'to be a menacing indication of something:' —> The dark clouds gathering on the horizon threatened a severe storm that could derail the entire expedition.","YES","05/05/2026, 15:09:20"
"ann2","1777984417397fr69fhsflst","(zero-shot) 'shift' (VERB_wn:01893988v) 'move very slightly' —> The old floorboard shifted a fraction of an inch under his weight.","YES","05/05/2026, 15:09:28"
"ann2","1777984417397rn1c9y56rt","(zero-shot) 'line_up' (VERB_wn:02036755v) 'form a queue, form a line, stand in line' —> Visitors must line up at the main entrance to receive their tickets.","YES","05/05/2026, 15:09:38"
"ann2","1777984417397gzirxxt8s24","(zero-shot) 'extend' (VERB_wn:00540946v) 'expand the influence of' —> The company plans to extend its market dominance into several neighboring countries.","YES","05/05/2026, 15:09:48"
"ann2","1777984417397vfskr2hl9wh","(zero-shot) 'come_on' (VERB_wn:01526605v) 'start running, functioning, or operating' —> The lights came on when I entered the room.","YES","05/05/2026, 15:09:57"
"ann2","17779844173970arh27dz5hxh","(zero-shot) 'faculty' (NOUN_wn:05650329n) 'one of the inherent cognitive or perceptual powers of the mind' —> The detective relied on her sharp faculty of intuition to solve the case when all physical evidence had vanished.","YES","05/05/2026, 15:10:06"
"ann2","1777984417397unjfbx3shja","(zero-shot) 'sweet' (ADJ_wn:01808413a) 'pleasing to the mind or feeling' —> It was sweet of you to check in on me.","NO","05/05/2026, 15:10:24"
"ann2","17779844173976vm8mcsx7l","(zero-shot) 'extraneous' (ADJ_wn:01350225a) 'coming from the outside' —> The laboratory maintained strict airflow controls to prevent any extraneous spores from entering the sterile cleanroom.","YES","05/05/2026, 15:10:34"
"ann2","17779844173976tpta1plshk","(zero-shot) 'tease' (VERB_wn:01356256v) 'separate the fibers of' —> The textile artisan carefully teased the raw wool to create a soft, lofty batting for the quilt.","YES","05/05/2026, 15:36:14"
"ann2","17779844173971b482fiz7xg","(zero-shot) 'channel' (NOUN_wn:03006105n) 'a passage for water (or other fluids) to flow through' —> The maintenance crew widened the clay channel to allow the irrigation water to flow smoothly across the fields.","YES","05/05/2026, 15:36:28"
"ann2","17779844173973c1qfewfmgl","(zero-shot) 'release' (NOUN_wn:00210940n) '(music) the act or manner of terminating a musical phrase or tone' —> The jazz pianist improvised a complex melody, paying close attention to the release of each note to maintain the swinging rhythm.","YES","05/05/2026, 15:36:38"
"ann2","1777984417397p5iup7sn7tc","(zero-shot) 'survivor' (NOUN_wn:10681060n) 'one who outlives another' —> The elderly widow was the only survivor left to inherit the sprawling estate.","YES","05/05/2026, 15:36:46"
"ann2","1777984417397av4qrir5wup","(zero-shot) 'logic' (NOUN_wn:05615028n) 'reasoned and reasonable judgment' —> The board's decision was based on sound logic, ensuring that all financial risks were thoroughly assessed before approval.","YES","05/05/2026, 15:36:54"
"ann2","1777984417397ny72b5bbhka","(zero-shot) 'ventricle' (NOUN_wn:05391763n) 'a chamber of the heart that receives blood from an atrium and pumps it to the arteries' —> During the echocardiogram, the cardiologist noted how the muscular ventricle efficiently contracted to circulate oxygenated blood throughout the systemic arteries.","YES","05/05/2026, 15:37:01"
"ann2","1777984417397su6yn6xyqus","(zero-shot) 'logic' (NOUN_wn:05871618n) 'the principles that guide reasoning within a given field or situation' —> The internal logic of the fairy tale relied on magical transformations rather than scientific laws.","YES","05/05/2026, 15:37:09"
"ann2","1777984417397aqnagp0psin","(zero-shot) 'address' (NOUN_wn:06794216n) 'a sign in front of a house or business carrying the conventional form by which its location is described' —> The contractor bolted the brass address to the stone pillar.","YES","05/05/2026, 15:37:21"
"ann2","1777984417397393b4xt1u89","(zero-shot) 'break' (VERB_wn:02535716v) 'interrupt a continued activity' —> They decided to break their long road trip with a quick lunch stop.","YES","05/05/2026, 15:37:29"
"ann2","1777984417397gp2uxhoygb","(zero-shot) 'communion' (NOUN_wn:01036333n) 'the act of participating in the celebration of the Eucharist' —> The faithful approached the altar to receive communion as the priest distributed the consecrated host during Sunday mass.","YES","05/05/2026, 15:37:37"
"ann2","1777984417397k5mffc5yecm","(zero-shot) 'firmly' (ADV_wn:00091964r) 'with firmness' —> She gripped the steering wheel firmly as the car navigated the steep mountain descent.","YES","05/05/2026, 15:37:45"
"ann2","1777984417397q2wi3dfsok8","(zero-shot) 'chill' (VERB_wn:00369864v) 'loose heat' —> Place the hot cast iron skillet on the stone countertop to chill before washing it.","YES","05/05/2026, 15:37:55"
"ann2","1777984417397zrt1sf231u","(zero-shot) 'evaporation' (NOUN_wn:13572436n) 'the process of becoming a vapor' —> Sunlight caused the quick evaporation of the morning dew from the grass.","YES","05/05/2026, 15:38:03"
"ann2","1777984417397zdpk9u3npbe","(zero-shot) 'bank' (VERB_wn:02310855v) 'put into a bank account' —> Please remember to bank the check before the holiday closure.","YES","05/05/2026, 15:38:13"
"ann2","1777984417397wvucv8jrhvn","(zero-shot) 'line' (NOUN_wn:08101937n) 'the descendants of one individual' —> He feared that his direct line would end with the death of his only daughter.","YES","05/05/2026, 15:38:22"
"ann2","1777984417397oo4dn458far","(zero-shot) 'pass_on' (VERB_wn:02043190v) 'cause be distributed' —> The organizer will pass on the raffle tickets to every guest upon arrival.","YES","05/05/2026, 15:38:32"
"ann2","1777984417397ll9ap76uobg","(zero-shot) 'align' (VERB_wn:00466053v) 'bring (components or parts) into proper or desirable coordination correlation' —> The team worked late to align the project milestones with the client's expectations.","YES","05/05/2026, 15:38:40"
"ann2","17779844173974ehn0emf5j","(zero-shot) 'twist' (VERB_wn:00143914v) 'form into twists' —> The baker twisted the dough into a spiral shape.","YES","05/05/2026, 15:38:49"
"ann2","1777984417397kdypnbpv8ts","(zero-shot) 'influence' (NOUN_wn:10461747n) 'one having power to influence another' —> The general admitted he was the only influence the committee listened to.","YES","05/05/2026, 15:39:01"
"ann2","1777984417397359bo93rmaa","(zero-shot) 'field' (NOUN_wn:08569777n) 'somewhere (away from a studio or office or library or laboratory) where practical work is done or data is collected' —> The ecology students spent the entire summer in the field observing bird migration patterns.","YES","05/05/2026, 15:39:09"
"ann2","1777984417397952uvd4iyqs","(zero-shot) 'persist' (VERB_wn:02731024v) 'stay behind' —> While the rest of the convoy moved on, the scout decided to persist in the valley to monitor the suspicious tracks.","YES","05/05/2026, 15:39:20"
"ann2","1777984417397lr38rzngh5","(zero-shot) 'aged' (ADJ_wn:01644541a) 'having attained a specific age; (`aged' is pronounced as one syllable)' —> The brilliant violinist, aged seventeen, stunned the concert hall with her flawless performance.","YES","05/05/2026, 15:39:28"
"ann2","17779844173978z4uiezazll","(zero-shot) 'stride' (NOUN_wn:00249987n) 'significant progress (especially in the phrase )' —> The scientific community has made great strides in understanding the complex mechanisms of the human brain.","YES","05/05/2026, 15:39:36"
"ann2","1777984417397qg9f12khd","(zero-shot) 'sharply' (ADV_wn:00429534r) 'very suddenly and to a great degree' —> The temperature dropped sharply after sunset.","YES","05/05/2026, 15:39:44"
"ann2","1777984417397cshj4s5aizd","(zero-shot) 'slow_down' (VERB_wn:00440786v) 'cause to proceed more slowly' —> The heavy rain will slow down traffic on the highway.","YES","05/05/2026, 15:39:52"
"ann2","1777984417397tgfanw1qdaf","(zero-shot) 'living' (NOUN_wn:13961642n) 'the condition of living or the state of being alive' —> The mystery of living has fascinated philosophers and biologists for centuries.","YES","05/05/2026, 15:40:02"
"ann2","17779844173977w02jxe4hff","(zero-shot) 'cross' (NOUN_wn:00850425n) '(genetics) the act of mixing different species or varieties of animals or plants and thus to produce hybrids' —> The cross between the drought-tolerant wheat and the high-yield strain yielded a remarkably resilient new crop.","YES","05/05/2026, 15:40:11"
"ann2","1777984417397v9mcgy1fagq","(zero-shot) 'stall' (VERB_wn:01862640v) 'cause an airplane to go into a stall' —> Pulling the control yoke back too sharply will instantly stall the single-engine plane.","YES","05/05/2026, 15:40:21"
"ann2","177798441739781u5jpinh8c","(zero-shot) 'trace' (VERB_wn:00729109v) 'follow, discover, or ascertain the course of development of something' —> Historians can trace the gradual evolution of modern computing from early mechanical calculators to today's artificial intelligence systems.","YES","05/05/2026, 15:40:31"
"ann2","1777984417397mjc07bebz8a","(zero-shot) 'bleach' (VERB_wn:00279465v) 'make whiter or lighter' —> The strong chlorine solution will bleach the stained fabric until it becomes noticeably lighter.","YES","05/05/2026, 15:40:42"
"ann2","17779844173979x18gmhx7l","(zero-shot) 'Jackson' (NOUN_wn:11076820n) 'United States singer who did much to popularize gospel music (1911-1972)' —> Jackson's thunderous soprano and heartfelt renditions of traditional spirituals introduced millions of listeners to the soulful depth of American gospel music.","YES","05/05/2026, 15:40:50"
"ann2","17779844173974qkk7vsp9s","(zero-shot) 'snow' (NOUN_wn:03066743n) 'street names for cocaine' —> The detective realized that when the suspects talked about shipping snow, they were actually referring to cocaine.","YES","05/05/2026, 15:41:01"
"ann2","1777984417397krrarru35dp","(zero-shot) 'twitch' (VERB_wn:01448778v) 'move or pull with a sudden motion' —> The startled rabbit twitched its nose rapidly before darting away.","YES","05/05/2026, 15:41:08"
"ann2","1777984417397xsk7fuzdkul","(zero-shot) 'fullness' (NOUN_wn:05106024n) 'greatness of volume' —> The tailor carefully pleated the heavy fabric to preserve the fullness of the skirt, ensuring it swayed gracefully as she walked.","YES","05/05/2026, 15:41:17"
"ann2","1777984417397lxqs2hm8pe8","(zero-shot) 'relief' (NOUN_wn:13290991n) '(law) redress awarded by a court' —> The judge granted the plaintiff equitable relief by ordering the company to reverse the unauthorized sale of the property.","YES","05/05/2026, 15:41:27"
"ann2","17779844173976c3dpsmzfm7","(zero-shot) 'proliferation' (NOUN_wn:13542114n) 'a rapid increase in number (especially a rapid increase in the number of deadly weapons)' —> The proliferation of autonomous drone swarms on the battlefield forced military commanders to completely rethink their defensive strategies.","YES","05/05/2026, 15:41:39"
"ann2","177798441739771qhv9x29q","(zero-shot) 'propagate' (VERB_wn:01380122v) 'become distributed or widespread' —> Rumors of the impending merger propagated rapidly through the office hallways before the official announcement.","YES","05/05/2026, 15:41:47"
"ann2","1777984417397xlhjivw1zw","(zero-shot) 'proliferation' (NOUN_wn:13541975n) 'growth by the rapid multiplication of parts' —> The sudden proliferation of neon signs transformed the quiet street into a bustling entertainment district.","YES","05/05/2026, 15:41:57"
"ann2","1777984417397dhoj06pfo6s","(zero-shot) 'useful' (ADJ_wn:02495922a) 'being of use or service' —> The detailed instructions were useful for assembling the furniture correctly.","YES","05/05/2026, 15:42:07"
"ann2","1777984417397wss02ywcoi","(zero-shot) 'stud' (NOUN_wn:00498220n) 'poker in which each player receives hole cards and the remainder are dealt face up; bets are placed after each card is dealt' —> After a long night of tournament play, the veteran gambler finally sat down at the high-stakes stud table to practice his methodical betting strategy.","YES","05/05/2026, 15:42:14"
"ann2","17779844173979dt8c054jdq","(zero-shot) 'party' (NOUN_wn:10402824n) 'a person involved in legal proceedings' —> The attorney reminded each party that they must attend all scheduled depositions and submit their evidence to the court.","YES","05/05/2026, 15:42:24"
"ann2","1777984417397gbyvmnfwoig","(zero-shot) 'initiation' (NOUN_wn:00156390n) 'an act that sets in motion some course of events' —> The initiation of the launch sequence began the countdown to liftoff.","YES","05/05/2026, 15:42:35"
"ann2","1777984417397tut4k2usd1","(zero-shot) 'strain' (NOUN_wn:08101410n) 'a special variety of domesticated animals within a species' —> The laboratory researchers selected a specific strain of mice for the genetic experiment.","YES","05/05/2026, 15:42:44"
"ann2","17779844173971777gbhzjkv","(zero-shot) 'subject' (NOUN_wn:04347225n) 'something (a person or object or scene) selected by an artist or photographer for graphic representation' —> The photographer waited patiently for the golden hour to perfectly capture the weathered lighthouse that served as the subject of his coastal series.","YES","05/05/2026, 15:42:52"
"ann2","17779844173973k6xymxrarq","(zero-shot) 'progress' (NOUN_wn:07445265n) 'a movement forward' —> The steady progress of the runner toward the finish line inspired the entire stadium.","YES","05/05/2026, 15:43:01"
"ann2","1777984417397bk1vt2k9an","(zero-shot) 'discover' (VERB_wn:00652346v) 'identify as in botany or biology, for example' —> The botanist discovered the specimen to be a rare variant of the alpine orchid.","YES","05/05/2026, 15:43:12"
"ann2","1777984417397uh1w0nviejn","(zero-shot) 'suffer' (VERB_wn:02109190v) 'undergo or be subjected to' —> The historic district suffered extensive structural damage during the prolonged storm.","YES","05/05/2026, 15:43:20"
"ann2","1777984417397xj9t6oxswxa","(zero-shot) 'fluctuate' (VERB_wn:00270699v) 'be unstable' —> The temperature in the room fluctuated constantly due to the broken thermostat.","YES","05/05/2026, 15:43:30"
"ann2","17779844173978u8mqzgmevy","(zero-shot) 'open' (ADJ_wn:01659999a) '(set theory) of an interval that contains neither of its endpoints' —> Calculus students must remember that an open interval excludes its endpoints, whereas a closed interval includes them.","YES","05/05/2026, 15:43:38"
"ann2","1777984417397l02km1snnjm","(zero-shot) 'bean' (NOUN_wn:13136316n) 'any of various seeds or fruits that are beans or resemble beans' —> She dropped a white bean on the kitchen floor.","YES","05/05/2026, 15:43:46"
"ann2","1777984417397x73ns0jzm2n","(zero-shot) 'release' (NOUN_wn:04073425n) 'a device that when pressed will release part of a mechanism' —> The mechanic pressed the release located under the seat to detach the oxygen tank.","YES","05/05/2026, 15:43:54"
"ann2","1777984417397ypeo0p7rw5p","(zero-shot) 'naked' (ADJ_wn:01698760a) 'lacking any cover' —> The ancient oak stood naked in the garden, its branches stripped of leaves by the harsh winter winds.","YES","05/05/2026, 15:44:05"
"ann2","1777984417397swhndjfhhkk","(zero-shot) 'record' (NOUN_wn:00047745n) 'the sum of recognized accomplishments' —> The foundation awarded him the lifetime achievement grant after carefully evaluating his professional record, which spanned two decades of groundbreaking research and successful community outreach programs.","YES","05/05/2026, 15:44:14"
"ann2","1777984417397pq2w5iy7rg","(zero-shot) 'publication' (NOUN_wn:01102436n) 'the communication of something to the public; making information generally known' —> The publication of the confidential research data prompted immediate action from international health agencies.","YES","05/05/2026, 15:44:22"
"ann2","17779844173975v17iv1bsz4","(zero-shot) 'affair' (NOUN_wn:07447261n) 'a vaguely specified social event' —> The neighborhood hosted a lively block affair complete with lawn games and homemade refreshments.","YES","05/05/2026, 15:44:32"
"ann2","1777984417397kmw58dkjsz","(zero-shot) 'critical' (ADJ_wn:00903894a) 'urgently needed; absolutely necessary' —> Reliable access to clean water is critical for the long-term health of the community.","YES","05/05/2026, 15:44:43"
"ann2","177798441739731a3lret683","(zero-shot) 'elimination' (NOUN_wn:05782245n) 'analysis of a problem into alternative possibilities followed by the systematic rejection of unacceptable alternatives' —> By a process of elimination, the engineers discarded every design prototype that failed the stress tests, eventually identifying the only configuration capable of withstanding the load.","YES","05/05/2026, 15:44:53"
"ann2","17779844173979ib1t69vyb8","(zero-shot) 'pace' (VERB_wn:02091165v) 'go at a pace' —> The seasoned cyclist paced himself throughout the grueling race to maintain a steady speed.","YES","05/05/2026, 15:45:06"
"ann2","1777984417397lw55kkm8u2h","(zero-shot) 'course' (NOUN_wn:00884466n) 'education imparted in a series of lessons or meetings' —> She enrolled in an advanced mathematics course that met twice a week for the entire semester.","YES","05/05/2026, 15:45:17"
"ann2","17779844173972ecxclgv57v","(zero-shot) 'pool' (NOUN_wn:08236438n) 'an association of companies for some definite purpose' —> Rival chemical manufacturers established a pool to regulate output quotas and prevent price wars during the economic recession.","YES","05/05/2026, 15:45:26"
"ann2","1777984417397il78cnjzrjq","(zero-shot) 'tense' (ADJ_wn:02404868a) 'pronounced with relatively tense tongue muscles (e.g., the vowel sound in `beat')' —> The phonetic transcription marks the vowel in ""goose"" as tense.","YES","05/05/2026, 15:45:38"
"ann2","1777984417397mxxoutujt6","(zero-shot) 'genre' (NOUN_wn:07071942n) 'an expressive style of music' —> The radio station broadcasts a wide variety of music genres.","YES","05/05/2026, 15:45:49"
"ann2","1777984417397sqg8ldly9m","(zero-shot) 'prominent' (ADJ_wn:00580805a) 'having a quality that thrusts itself into attention' —> A prominent vein pulsed against his temple as he clenched his jaw in frustration.","YES","05/05/2026, 15:45:57"
"ann2","1777984417397qyf991fpo5i","(zero-shot) 'third' (NOUN_wn:04425977n) 'the third from the lowest forward ratio gear in the gear box of a motor vehicle' —> The driver shifted into third to climb the steep hill efficiently.","YES","05/05/2026, 15:46:06"
"ann2","1777984417397j5lbhafwct","(zero-shot) 'error' (NOUN_wn:00070965n) 'a wrong action attributable to bad judgment or ignorance or inattention' —> The project manager made a critical error by skipping the mandatory safety inspection, which ultimately endangered the entire team.","YES","05/05/2026, 15:46:17"
"ann2","17779844173976yr51f8q5v2","(zero-shot) 'pick_up' (VERB_wn:00598954v) 'get to know or become aware of, usually accidentally' —> She picked up a rumor from the break room chat.","YES","05/05/2026, 15:46:26"
"ann2","1777984417397clc2afz2g8b","(zero-shot) 'border' (NOUN_wn:08512736n) 'a line that indicates a boundary' —> The border between the two states is clearly marked on the map.","YES","05/05/2026, 15:46:37"
"ann2","1777984417397b6ki2xbksp9","(zero-shot) 'starve' (VERB_wn:01187948v) 'deprive of a necessity and cause suffering' —> The besieging army chose to starve the city into submission by blocking all trade routes and destroying the surrounding farmland.","YES","05/05/2026, 15:46:47"
"ann2","17779844173970bbgyt2e33m","(zero-shot) 'pass' (NOUN_wn:00286112n) '(ballet) a step in dancing (especially in classical ballet)' —> The instructor reminded the student to maintain a straight line through the leg during the pass to ensure proper alignment before the jump.","YES","05/05/2026, 15:46:56"
"ann2","1777984417397ec4dw5uiwr4","(zero-shot) 'crowd' (VERB_wn:02028722v) 'cause to herd, drive, or crowd together' —> The shepherds crowded the restless flock into the sturdy wooden pen.","YES","05/05/2026, 15:47:04"
"ann2","17779844173976kncrdwq3qt","(zero-shot) 'manipulate' (VERB_wn:02536329v) 'influence or control shrewdly or deviously' —> The cunning lobbyist sought to manipulate public opinion by leaking fabricated stories to the press.","YES","05/05/2026, 15:47:12"
"ann2","1777984417397wyu322ih9y","(zero-shot) 'distinguished' (ADJ_wn:00752110a) 'used of a person's appearance or behavior; befitting an eminent person' —> Her distinguished carriage turned heads at the gala.","YES","05/05/2026, 15:47:22"
"ann2","1777984417397bz2ykhy5x2f","(zero-shot) 'rise' (VERB_wn:01990281v) 'come to the surface' —> Bubbles of trapped gas continued to rise from the muddy riverbed.","YES","05/05/2026, 15:47:33"
"ann2","17779844173973f91sjo20u6","(zero-shot) 'boost' (VERB_wn:00310937v) 'give a boost to; be beneficial to' —> The new marketing strategy is expected to boost sales significantly this quarter.","YES","05/05/2026, 15:47:43"
"ann2","1777984417397cr7554ox96a","(zero-shot) 'expand' (VERB_wn:02077148v) 'extend in one or more directions' —> The balloon expands as you blow air into it.","YES","05/05/2026, 15:47:53"
"ann2","17779844173979bknpyakrm","(zero-shot) 'burn' (VERB_wn:00196364v) 'burn with heat, fire, or radiation' —> The dry leaves began to burn.","YES","05/05/2026, 15:48:00"
"ann2","1777984417397mipkzx5nyu","(zero-shot) 'localize' (VERB_wn:02509919v) 'restrict something to a particular area' —> The emergency shut-off valves successfully localized the coolant leak to the primary reactor chamber.","YES","05/05/2026, 15:48:09"
"ann2","17779844173972tg8y9ngd7h","(zero-shot) 'filling' (NOUN_wn:00402535n) 'the act of filling something' —> The slow filling of the massive reservoir took nearly three months to complete.","YES","05/05/2026, 15:48:15"
"ann2","1777984417397lss8rutrj6p","(zero-shot) 'round' (NOUN_wn:00466377n) 'the activity of playing 18 holes of golf' —> She booked a tee time for the morning round at the country club.","YES","05/05/2026, 15:48:23"
"ann2","1777984417397fgjhs3iqhj9","(zero-shot) 'commotion' (NOUN_wn:13977366n) 'a disorderly outburst or tumult' —> A sudden commotion erupted in the crowded hallway as students shouted and pushed their way toward the exit.","YES","05/05/2026, 15:48:33"
"ann2","1777984417397r7tjm7veb3","(zero-shot) 'singular' (ADJ_wn:00494622a) 'being a single and separate person or thing; ; -William James' —> The isolated cabin stood as a singular structure miles away from the nearest village.","YES","05/05/2026, 15:48:41"
"ann2","1777984417397qurfr39pek","(zero-shot) 'wisdom' (NOUN_wn:05926236n) 'accumulated knowledge or erudition or enlightenment' —> The scholar's vast wisdom, gathered through decades of rigorous academic research and cross-cultural dialogue, illuminated the committee's debate with profound clarity.","YES","05/05/2026, 15:48:49"
"ann2","1777984417397vbcesl70aqp","(zero-shot) 'result' (NOUN_wn:06743506n) 'a statement that solves a problem or explains how to solve the problem' —> The report's key result outlines the steps required to fix the software bug.","YES","05/05/2026, 15:48:59"
"ann2","1777984417397xltrtpr0cm","(zero-shot) 'humor' (NOUN_wn:06776138n) 'a message whose ingenuity or verbal skill or incongruity has the power to evoke laughter' —> Comedians perform original humors tonight.","WRONG","05/05/2026, 17:31:06"
"ann2","1777984417397lr59nuqm0bf","(zero-shot) 'scrape' (VERB_wn:01309143v) 'cut the surface of; wear away the surface of' —> Rough pavement scraped his palms when he fell off his bicycle.","YES","05/05/2026, 17:31:14"
"ann2","1777984417397s2rdhp0ban","(zero-shot) 'grow' (VERB_wn:00245457v) 'cause to grow or develop' —> She plans to grow a diverse collection of rare orchids in her sunlit greenhouse.","YES","05/05/2026, 17:31:25"
"ann2","1777984417397qbq1oey4pkd","(zero-shot) 'feminine' (ADJ_wn:02320289a) '(music or poetry) ending on an unaccented beat or syllable' —> The poet employed a feminine line to soften the stanza's conclusion, letting the rhythm trail away on a light, unemphatic tone.","YES","05/05/2026, 17:31:35"
"ann2","1777984417397toyjjxpfnbj","(zero-shot) 'dialogue' (NOUN_wn:07010541n) 'the lines spoken by characters in drama or fiction' —> The actors memorized the dialogue for the play.","YES","05/05/2026, 17:31:43"
"ann2","1777984417397gcewh9q0dpl","(zero-shot) 'charitable' (ADJ_wn:01372948a) 'showing or motivated by sympathy and understanding and generosity' —> The committee accepted the late submission with a charitable interpretation of the rules.","YES","05/05/2026, 17:31:52"
"ann2","1777984417397gskw5pimpx","(zero-shot) 'emergence' (NOUN_wn:00044455n) 'the act of coming (or going) out; becoming apparent' —> The gradual emergence of the moon from behind the storm clouds revealed a silvery path across the water.","YES","05/05/2026, 17:32:03"
"ann2","1777984417397rbh91lkna3s","(zero-shot) 'cover' (NOUN_wn:01049685n) 'the act of concealing the existence of something by obstructing the view of it' —> The dense foliage provided excellent cover for the deer, keeping them hidden from the hunters patrolling the forest floor.","YES","05/05/2026, 17:32:17"
"ann2","1777984417397u9yfb7aszbj","(zero-shot) 'base' (ADJ_wn:01856066a) 'serving as or forming a base' —> The base price for the renovation project does not include unexpected structural repairs.","YES","05/05/2026, 17:32:27"
"ann2","17779844173971xwcdnr5ao6","(zero-shot) 'manuscript' (NOUN_wn:06407221n) 'handwritten book or document' —> The archaeologist uncovered a rare manuscript etched with delicate calligraphy on crumbling parchment.","YES","05/05/2026, 17:32:38"
"ann2","17779844173977uen7854mot","(zero-shot) 'wield' (VERB_wn:02204564v) 'have and exercise' —> The CEO wields considerable influence over the company's strategic direction.","YES","05/05/2026, 17:32:47"
"ann2","17779844173973h5zk5g191g","(zero-shot) 'mourn' (VERB_wn:01797051v) 'feel sadness' —> The villagers mourn the sudden loss, gathering in quiet silence to let their hearts ache with profound sorrow.","YES","05/05/2026, 17:32:57"
"ann2","1777984417397en7t6f49cm","(zero-shot) 'pay_off' (VERB_wn:02292004v) 'yield a profit or result' —> Her years of frugal saving finally paid off when she purchased her dream home without taking out a loan.","YES","05/05/2026, 17:33:07"
"ann2","1777984417397s1cuhz6ojc","(zero-shot) 'settle' (VERB_wn:01988458v) 'settle into a position, usually on a surface or ground' —> The exhausted athlete settled against the locker room bench, his chest heaving with every breath.","YES","05/05/2026, 17:33:14"
"ann2","1777984417397okklyhtbsvf","(zero-shot) 'selective' (ADJ_wn:00775693a) 'tending to select; characterized by careful choice; - John Mason Brown' —> The gallery curator was highly selective about which paintings hung in the main hall, meticulously evaluating each piece for composition and emotional impact.","YES","05/05/2026, 17:33:24"
"ann2","1777984417397yylrk2adzh8","(zero-shot) 'draw' (VERB_wn:01115190v) 'finish a game with an equal number of points, goals, etc.' —> After ninety minutes of intense football, the championship rivals drew, splitting the single point available for the match.","YES","05/05/2026, 17:33:34"
"ann2","1777984417397j3vjtshjj1","(zero-shot) 'deliberation' (NOUN_wn:04661151n) 'the trait of thoughtfulness in action or decision' —> The surgeon's deliberation during the complex procedure ensured that every movement was calculated to minimize risk to the patient.","YES","05/05/2026, 17:33:42"
"ann2","1777984417397okkdf505dvb","(zero-shot) 'water' (VERB_wn:02357873v) 'provide with water' —> The farmer watered the crops in the dry field.","YES","05/05/2026, 17:33:53"
"ann2","1777984417397vrv6z7eekh","(zero-shot) 'legume' (NOUN_wn:11748002n) 'the fruit or seed of any of various bean or pea plants consisting of a case that splits along both sides when ripe and having the seeds attach to one side of the case' —> The nutritionist recommended incorporating more dried legume varieties, such as chickpeas and lentils, into the weekly meal plan to boost fiber intake.","YES","05/05/2026, 17:34:01"
"ann2","1777984417397pr66ryjfbr8","(zero-shot) 'think_of' (VERB_wn:00730052v) 'intend to refer to' —> I was thinking of the red bicycle when I mentioned the gift.","YES","05/05/2026, 17:34:09"
"ann2","1777984417397hitx8ev9fyl","(zero-shot) 'bass' (NOUN_wn:07777945n) 'the lean flesh of a saltwater fish of the family Serranidae' —> She enjoyed the crispy skin on the grilled bass, which paired perfectly with the asparagus.","YES","05/05/2026, 17:34:18"
"ann2","1777984417397nx6y7ghdl29","(zero-shot) 'horn' (NOUN_wn:03394916n) 'a brass musical instrument consisting of a conical tube that is coiled into a spiral and played by means of valves' —> The orchestra’s horn player carefully adjusted his mouthpiece before launching into the sweeping, lyrical solo that captivated the entire audience.","YES","05/05/2026, 17:34:27"
"ann2","17779844173974o5dufpj2iw","(zero-shot) 'spiral' (NOUN_wn:13560191n) 'a continuously accelerating change in the economy' —> Economists warned that the sudden spike in oil prices could ignite a hyperinflationary spiral, eroding the value of the currency day by day.","YES","05/05/2026, 17:34:38"
"ann2","1777984417397gxt0rn7ypfv","(zero-shot) 'nylon' (NOUN_wn:14966192n) 'a thermoplastic polyamide; a family of strong resilient synthetic fibers' —> The hiker secured the gear with a coil of lightweight nylon rope.","YES","05/05/2026, 17:34:48"
"ann2","1777984417397xvjwy3j5v8","(zero-shot) 'surprisingly' (ADV_wn:00213301r) 'in an amazing manner; to everyone's surprise' —> The shy student surprisingly won the speech competition.","YES","05/05/2026, 17:34:59"
"ann2","1777984417397jqljieqyf4m","(zero-shot) 'light' (VERB_wn:01978700v) 'to come to rest, settle' —> The dragonfly lit gently on the tip of the tall reed.","YES","05/05/2026, 17:35:09"
"ann2","1777984417397uzysl9lf1u8","(zero-shot) 'disturb' (VERB_wn:00520019v) 'destroy the peace or tranquility of' —> Loud noises disturbed our quiet study session.","YES","05/05/2026, 17:35:17"
"ann2","1777984417397rsi2r4ydeoo","(zero-shot) 'mantle' (NOUN_wn:03719343n) 'shelf that projects from wall above fireplace' —> We carefully arranged the brass candlesticks on the wooden mantle above the cozy fireplace.","YES","05/05/2026, 17:35:26"
"ann2","17779844173975y4bu451na9","(zero-shot) 'output' (NOUN_wn:07264925n) 'signal that comes out of an electronic system' —> The technician used a multimeter to check the voltage level at the circuit board's output terminal.","YES","05/05/2026, 17:35:38"
"ann2","17779844173972tu75bkasi8","(zero-shot) 'performance' (NOUN_wn:00097504n) 'the act of performing; of doing something successfully; using knowledge as distinguished from merely possessing it' —> The engineer's meticulous performance of the calibration tests ensured the machinery operated within safety parameters.","YES","05/05/2026, 17:35:46"
"ann2","1777984417397ikznas51fw","(zero-shot) 'bombing' (NOUN_wn:00979742n) 'the use of bombs for sabotage; a tactic frequently used by terrorists' —> The intelligence report detailed the group's plans for a massive bombing aimed at disrupting the capital's infrastructure.","YES","05/05/2026, 17:35:57"
"ann2","1777984417397xkv4bsgu01","(zero-shot) 'noticeable' (ADJ_wn:01746995a) 'capable of being detected' —> There was a noticeable change in his behavior.","YES","05/05/2026, 17:36:05"
"ann2","1777984417397soksqkbhr5","(zero-shot) 'base' (NOUN_wn:02798117n) '(electronics) the part of a transistor that separates the emitter from the collector' —> When prototyping the audio circuit, the engineer carefully calculated the bias voltage for the center terminal, ensuring the correct current reached the base of the transistor.","YES","05/05/2026, 17:36:14"
"ann2","1777984417397pgaxth7ammr","(zero-shot) 'turn_away' (VERB_wn:02034300v) 'turn from a straight course, fixed direction, or line of interest' —> The river turns away from the northern ridge and flows gently toward the valley floor.","YES","05/05/2026, 17:36:25"
"ann2","1777984417397td7ckrg403h","(zero-shot) 'get_away' (VERB_wn:00810729v) 'escape potentially unpleasant consequences; get away with a forbidden action' —> The arrogant student believed he could get away with plagiarizing the entire essay.","YES","05/05/2026, 17:36:33"
"ann2","1777984417397pi7f36v7km","(zero-shot) 'advancement' (NOUN_wn:07251984n) 'encouragement of the progress or growth or acceptance of something' —> Her mentorship focused on the advancement of young professionals seeking leadership roles.","YES","05/05/2026, 17:36:42"
"ann2","1777984417397g3y1hf1rzcp","(zero-shot) 'take_over' (VERB_wn:02381726v) 'take on titles, offices, duties, responsibilities' —> Upon his retirement, his daughter will take over the presidency of the company.","YES","05/05/2026, 17:36:49"
"ann2","17779844173973t7pw6a3gs5","(zero-shot) 'advanced' (ADJ_wn:00198383a) 'situated ahead or going before' —> The advanced guard moved to secure the bridge.","YES","05/05/2026, 17:36:57"
"ann2","17779844173979suvi6068jt","(zero-shot) 'diagonal' (ADJ_wn:01234747a) 'having an oblique or slanted direction' —> The architect drew a diagonal line across the floor plan.","YES","05/05/2026, 17:37:08"
"ann2","1777984417397plonethyw4o","(zero-shot) 'shorten' (VERB_wn:00201034v) 'edit by omitting or modifying parts considered indelicate' —> The editor decided to shorten the manuscript to ensure it was appropriate for the school library's collection.","YES","05/05/2026, 17:37:18"
"ann2","1777984417397pphkub6uvmc","(zero-shot) 'flare' (NOUN_wn:07014997n) 'a sudden outburst of emotion' —> A sharp flare of jealousy consumed him when he saw them laughing together.","YES","05/05/2026, 17:37:25"
"ann2","1777984417397y3rldh3wi3","(zero-shot) 'surmount' (VERB_wn:01108627v) 'get on top of; deal with successfully' —> Through strategic adjustments and unwavering focus, the startup managed to surmount the initial market resistance and secure profitable growth.","YES","05/05/2026, 17:37:35"
"ann2","177798441739768o1lcb80kf","(zero-shot) 'sound' (VERB_wn:00491689v) 'measure the depth of (a body of water) with a sounding line' —> The captain sounded the channel to ensure the ship could pass safely.","YES","05/05/2026, 17:37:43"
"ann2","1777984417397ou7pzqzkjcd","(zero-shot) 'fortify' (VERB_wn:00222135v) 'add alcohol to (beverages)' —> The winemaker decided to fortify the vintage sherry with a splash of brandy before sealing the barrels.","YES","05/05/2026, 17:37:52"
"ann2","1777984417397gg9yhgviktb","(zero-shot) 'look' (NOUN_wn:04679738n) 'the feelings expressed on a person's face' —> She gave him a worried look before stepping out into the storm.","YES","05/05/2026, 17:37:59"
"ann2","1777984417397dhzjvn6j61p","(zero-shot) 'come_to' (VERB_wn:02526811v) 'attain' —> The final bill came to $200.","YES","05/05/2026, 17:38:11"
"ann2","1777984417397gvdiyhvg3ug","(zero-shot) 'search' (VERB_wn:01315613v) 'try to locate or discover, or try to establish the existence of' —> The detectives searched the abandoned warehouse for any sign of the missing suspect.","YES","05/05/2026, 17:38:19"
"ann2","1777984417397fuszvpfo9bn","(zero-shot) 'concealment' (NOUN_wn:14416089n) 'the condition of being concealed or hidden' —> Dense fog provided perfect concealment for smugglers navigating narrow coastal coves.","YES","05/05/2026, 17:38:28"
"ann2","1777984417397yf9e8og90uj","(zero-shot) 'endless' (ADJ_wn:01007947a) 'having no known beginning and presumably no end' —> Ancient texts describe the endless cosmos as a realm existing without origin or conclusion.","YES","05/05/2026, 17:38:39"
"ann2","17779844173972ujzkjfsl0x","(zero-shot) 'school' (VERB_wn:02387910v) 'educate in or as if in a school' —> The seasoned diplomat schooled the novice ambassador on the delicate art of negotiation during their transatlantic flight.","YES","05/05/2026, 17:38:48"
"ann2","1777984417397ourptlyham","(zero-shot) 'take_off' (VERB_wn:02014553v) 'depart from the ground' —> The fighter jet took off from the aircraft carrier.","YES","05/05/2026, 17:38:57"
"ann2","17779844173974gc6gtsbj7h","(zero-shot) 'stately' (ADJ_wn:01283508a) 'impressive in appearance' —> The stately palace dominated the skyline with its golden domes and towering spires.","YES","05/05/2026, 17:39:07"
"ann2","1777984417397h51ziaxkk95","(zero-shot) 'uphold' (VERB_wn:02679899v) 'keep or maintain in unaltered condition; cause to remain or last' —> The village council pledged to uphold the ancestral customs, ensuring they would endure for generations to come.","YES","05/05/2026, 17:39:17"
"ann2","1777984417397sothexngszt","(zero-shot) 'back' (VERB_wn:01997512v) 'cause to travel backward' —> The driver backed the car out of the driveway.","YES","05/05/2026, 17:39:25"
"ann2","1777984417397mrsmohralh","(zero-shot) 'tailor' (VERB_wn:00301662v) 'adjust to a specific need or market' —> The company decided to tailor its product offerings to meet the evolving demands of international customers.","YES","05/05/2026, 17:39:36"
"ann2","1777984417397gi8f4pl7upw","(zero-shot) 'zero' (NOUN_wn:13742358n) 'a mathematical element that when added to another number yields the same number' —> The total score remained unchanged after adding zero, confirming the distinct mathematical property of this number.","YES","05/05/2026, 17:39:44"
"ann2","1777984417397yv6tvgy2avc","(zero-shot) 'agricultural' (ADJ_wn:02050841a) 'relating to rural matters' —> The regional government allocated substantial funds to support agricultural development across the remote countryside.","YES","05/05/2026, 17:39:55"
"ann2","1777984417397cpw9sedl9k7","(zero-shot) 'ignorant' (ADJ_wn:00830981a) 'uneducated in the fundamentals of a given art or branch of learning; lacking knowledge of a specific field' —> Although he could play the violin beautifully, he was ignorant of music theory and could not read a single note of sheet music.","YES","05/05/2026, 17:40:03"
"ann2","1777984417397ecqmbzsilre","(zero-shot) 'deviate' (VERB_wn:02065085v) 'cause to turn away from a previous or expected course' —> The intense magnetic field deviated the compass needle from true north.","YES","05/05/2026, 17:40:12"
"ann2","17779844173974l6h14z77c","(zero-shot) 'history' (NOUN_wn:15123996n) 'the continuum of events occurring in succession leading from the past to the present and even into the future' —> History functions as an unbroken sequence of moments flowing from antiquity, through our current era, and extending onward toward tomorrow.","YES","05/05/2026, 17:40:21"
"ann2","1777984417397utnsg1viv1c","(zero-shot) 'creamy' (ADJ_wn:00373811a) 'of the color of cream' —> The decorator selected a creamy hue for the bedroom walls that perfectly complemented the antique furniture.","YES","05/05/2026, 17:40:30"
"ann2","1777984417397imdb310q2bh","(zero-shot) 'smash' (VERB_wn:01561408v) 'collide or strike violently and suddenly' —> The runaway delivery truck smashed into the brick storefront, sending glass and debris flying across the sidewalk.","YES","05/05/2026, 17:40:38"
"ann2","17779844173973mt1e3p0izn","(zero-shot) 'mail' (NOUN_wn:06275634n) 'the bags of letters and packages that are transported by the postal service' —> The sorting facility employees worked through the night to organize the incoming mail before the morning departures.","YES","05/05/2026, 17:40:45"
"ann2","17779844173976ve6k2h6szd","(zero-shot) 'land' (NOUN_wn:13246662n) 'extensive landed property (especially in the country) retained by the owner for his own use' —> The noble family preserved their ancestral lands for private enjoyment.","YES","05/05/2026, 17:40:52"
"ann2","1777984417397zt8mpnhl5v","(zero-shot) 'spade' (NOUN_wn:04266660n) 'a playing card in the major suit that has one or more black figures on it' —> He drew the Ace of Spades from the deck.","YES","05/05/2026, 17:41:04"
"ann2","17779844173975lyvxzv98k4","(zero-shot) 'role' (NOUN_wn:05929008n) 'an actor's portrayal of someone in a play' —> She practiced her monologue tirelessly to secure the role of the lead soprano in the community theater's production of Carmen.","YES","05/05/2026, 18:03:39"
"ann2","1777984417397oy5oywtnp8","(zero-shot) 'line' (NOUN_wn:08377085n) 'a connected series of events or actions or developments' —> Her line of reasoning was so compelling that even the skeptics were forced to acknowledge the validity of her conclusions.","YES","05/05/2026, 18:03:50"
"ann2","1777984417397vzehyi371ls","(zero-shot) 'spur' (NOUN_wn:07252378n) 'a verbalization that encourages you to attempt something' —> His encouraging remark served as a spur to finally apply for the job.","YES","05/05/2026, 18:03:58"
"ann2","17779844173970l7t2w61vg0o","(zero-shot) 'fit' (VERB_wn:02702830v) 'be agreeable or acceptable to' —> The spicy sauce fits my palate perfectly.","YES","05/05/2026, 18:04:06"
"ann2","17779844173975no4482h6dk","(zero-shot) 'channel' (NOUN_wn:05250659n) 'a bodily passage or tube lined with epithelial cells and conveying a secretion or other substance' —> The surgeon carefully examined the pancreatic channel to ensure bile could flow freely.","YES","05/05/2026, 18:04:17"
"ann2","1777984417397t2pugi96yu","(zero-shot) 'mutual' (ADJ_wn:01945550a) 'concerning each of two or more persons or things; especially given or done in return' —> The siblings shared a mutual love for jazz music.","YES","05/05/2026, 18:04:27"
"ann2","17779844173973xs3jyidi0q","(zero-shot) 'rotor' (NOUN_wn:04111668n) 'rotating mechanism consisting of an assembly of rotating airfoils' —> The maintenance team replaced the damaged rotor on the wind turbine to restore optimal power generation.","YES","05/05/2026, 18:04:37"
"ann2","1777984417397hueofq6cted","(zero-shot) 'fracture' (VERB_wn:00108303v) 'become fractured' —> The thick sheet of ice gradually fractured across the frozen pond.","YES","05/05/2026, 18:04:46"
"ann2","1777984417397rgfyqzt3fv","(zero-shot) 'optimism' (NOUN_wn:07541558n) 'the optimistic feeling that all is going to turn out well' —> Despite the gloomy news, a quiet optimism filled her heart as she believed everything would soon work out for the best.","YES","05/05/2026, 18:04:55"
"ann2","1777984417397eloy3d1tay","(zero-shot) 'discrimination' (NOUN_wn:01153548n) 'unfair treatment of a person or group on the basis of prejudice' —> Workplace discrimination can create a hostile environment where employees are judged by stereotypes rather than their actual performance.","YES","05/05/2026, 18:05:03"
"ann2","1777984417397v22lqi509mp","(zero-shot) 'strain' (VERB_wn:01458664v) 'remove by passing through a filter' —> She strained the juice into a glass bowl using a fine sieve.","YES","05/05/2026, 18:05:13"
"ann2","1777984417397kx4vjycthu","(zero-shot) 'mound' (NOUN_wn:00722984n) 'the position on a baseball team of the player who throws the ball for a batter to try to hit' —> The young prospect nervously adjusted his cap before taking the mound for his debut against the league leaders.","YES","05/05/2026, 18:05:23"
"ann2","1777984417397os7rlvlyytp","(zero-shot) 'take_away' (VERB_wn:00571061v) 'get rid of something abstract' —> The doctor's reassurance took away her anxiety.","YES","05/05/2026, 18:05:30"
"ann2","1777984417397ds0mw5a1x1c","(zero-shot) 'lost' (ADJ_wn:02419159a) 'deeply absorbed in thought' —> The student sat lost, staring blankly at the equation until the solution finally clicked.","YES","05/05/2026, 18:05:39"
"ann2","1777984417397jf590dqr2eo","(zero-shot) 'badly' (ADV_wn:00014014r) 'in a disadvantageous way; to someone's disadvantage' —> The sudden market shift worked badly for the investors, erasing months of gains in a single afternoon.","YES","05/05/2026, 18:05:46"
"ann2","17779844173975hi2owpnvyr","(zero-shot) 'uncertainty' (NOUN_wn:05698247n) 'the state of being unsure of something' —> Her voice trembled with uncertainty as she waited for the diagnosis.","YES","05/05/2026, 18:05:56"
"ann2","177798441739722dp7gjmue3j","(zero-shot) 'pace' (NOUN_wn:15283097n) 'the rate of some repeating event' —> The hikers adjusted their pace to match the steep incline of the trail.","YES","05/05/2026, 18:06:07"
"ann2","1777984417397g2xsyspig3i","(zero-shot) 'break' (VERB_wn:00202784v) 'be broken in' —> Before the long journey, make sure to break the new leather boots by wearing them around the house.","NO","05/05/2026, 18:06:26"
"ann2","1777984417397tmjv3g2zjcl","(zero-shot) 'bury' (VERB_wn:00610167v) 'dismiss from the mind; stop remembering' —> He determined to bury the painful memories of his childhood and focus on the future.","YES","05/05/2026, 18:06:37"
"ann2","17779844173971232l6pqaxa","(zero-shot) 'thebes' (NOUN_wn:13696050n) '100 thebe equal 1 pula in Botswana' —> When exchanging currency in Botswana, remember that one hundred thebes make up exactly one pula.","YES","05/05/2026, 18:06:49"
"ann2","1777984417397nnjxndkpq2","(zero-shot) 'unhappiness' (NOUN_wn:13988663n) 'state characterized by emotions ranging from mild discontentment to deep grief' —> His sudden unhappiness shocked everyone present at the party.","YES","05/05/2026, 18:06:59"
"ann2","1777984417397j2gtes4nvv","(zero-shot) 'retreat' (NOUN_wn:03517647n) 'an area where you can be alone' —> The small porch overlooking the ocean became a peaceful retreat where he could finally find the solitude he desperately needed.","YES","05/05/2026, 18:07:09"
"ann2","1777984417397m0qs88jzppa","(zero-shot) 'alternating' (ADJ_wn:00763767a) '(of a current) reversing direction' —> Most household electronics rely on the alternating current delivered through standard wall outlets.","YES","05/05/2026, 18:07:17"
"ann2","1777984417397dal9pm1vkwk","(zero-shot) 'disturbance' (NOUN_wn:14403282n) 'an unhappy and worried mental state' —> He masked his inner disturbance with a forced smile, though his trembling hands betrayed his turmoil.","YES","05/05/2026, 18:07:26"
"ann2","177798441739708hdukh1jqju","(zero-shot) 'deception' (NOUN_wn:00752431n) 'the act of deceiving' —> The elaborate deception used by the con artist to swindle the victims involved forged documents and a fabricated identity.","YES","05/05/2026, 18:07:35"
"ann2","1777984417397fbq3478kaim","(zero-shot) 'disagreement' (NOUN_wn:07180787n) 'the speech act of disagreeing or arguing or disputing' —> The sudden eruption of disagreement from the audience forced the speaker to pause and address their concerns directly.","YES","05/05/2026, 18:07:44"
"ann2","1777984417397ozlt4vblf4q","(zero-shot) 'assure' (VERB_wn:00890590v) 'make certain of' —> She took precautions to assure herself of a safe journey across the mountain pass.","YES","05/05/2026, 18:07:56"
"ann2","1777984417397nbbwlmt9ru","(zero-shot) 'structure' (NOUN_wn:05726345n) 'the complex composition of knowledge as elements and their combinations' —> Her mental structure organized the disparate facts into a coherent web of understanding.","YES","05/05/2026, 18:08:07"
"ann2","1777984417397i10wtz3ey2","(zero-shot) 'broom' (NOUN_wn:12520864n) 'any of various shrubs of the genera Cytisus or Genista or Spartium having long slender branches and racemes of yellow flowers' —> The landscape designer chose broom for the rocky slope because its roots stabilize the soil effectively.","YES","05/05/2026, 18:08:18"
"ann2","1777984417397smrlb71u7w","(zero-shot) 'grow' (VERB_wn:00094460v) 'come to have or undergo a change of (physical features and attributes)' —> As the season changed, the leaves on the maple tree grew crimson and gold.","YES","05/05/2026, 18:08:34"
"ann2","1777984417397k13rigpu0yh","(zero-shot) 'badly' (ADV_wn:00016678r) 'in a disobedient or naughty way' —> The child behaved badly.","YES","05/05/2026, 18:08:45"
"ann2","1777984417397luvohj55rnm","(zero-shot) 'conventional' (ADJ_wn:00607421a) 'unimaginative and conformist' —> The committee dismissed his proposal for its conventional outlook, which rigidly adhered to outdated traditions without showing any original thought.","YES","05/05/2026, 18:08:53"
"ann2","17779844173975ecci7lut5q","(zero-shot) 'necessity' (NOUN_wn:09367203n) 'anything indispensable' —> Clean water, reliable shelter, and adequate food supplies are the fundamental necessities for anyone attempting to survive in the wilderness.","YES","05/05/2026, 18:09:01"
"ann2","177798441739708p4lu06dkxt","(zero-shot) 'take' (VERB_wn:02209745v) 'receive or obtain regularly' —> The research station takes temperature readings every hour.","YES","05/05/2026, 18:09:15"
"ann2","17779844173975ueihqzwu0v","(zero-shot) 'redemption' (NOUN_wn:00079212n) 'the act of purchasing back something previously sold' —> The jeweler offered a ten percent discount on the redemption of the necklace her grandmother had sold during the war.","YES","05/05/2026, 18:09:23"
"ann2","1777984417397ab41how71ym","(zero-shot) 'garbage' (NOUN_wn:06612266n) 'a worthless message' —> The inbox was flooded with garbage from unknown senders.","YES","05/05/2026, 18:09:32"
"ann2","1777984417397zgf17sxqo9","(zero-shot) 'subdue' (VERB_wn:00202445v) 'correct by punishment or discipline' —> The rigid instructor attempted to subdue the student's rebellious spirit through strict penalties and repetitive drills.","YES","05/05/2026, 18:09:42"
"ann2","17779844173972sra066rqts","(zero-shot) 'at_hand' (ADJ_wn:00448314a) 'close in time; about to occur' —> The committee reviewed the urgent matters at hand before adjourning the meeting.","YES","05/05/2026, 18:09:51"
"ann2","1777984417397uq81y87dxvd","(zero-shot) 'inside' (NOUN_wn:08588294n) 'the region that is inside of something' —> The inside of the vintage clock revealed a fascinating network of tiny gears and springs.","YES","05/05/2026, 18:10:00"
"ann2","1777984417397z9u8xdciuj","(zero-shot) 'band' (NOUN_wn:04680465n) 'a stripe or stripes of contrasting color' —> The flag displays a wide white band separating the red and blue sections.","YES","05/05/2026, 18:10:09"
"ann2","1777984417397yjliudfd2l","(zero-shot) 'schedule' (NOUN_wn:05910940n) 'a temporally organized plan for matters to be attended to' —> The university published a detailed schedule outlining lecture times, laboratory sessions, and professor office hours for the upcoming semester.","YES","05/05/2026, 18:10:17"
"ann2","1777984417397wsdd0nwv8","(zero-shot) 'abdomen' (NOUN_wn:05556943n) 'the region of the body of a vertebrate between the thorax and the pelvis' —> The surgeon made an incision in the patient's abdomen to repair the hernia.","YES","05/05/2026, 18:10:28"
"ann2","1777984417397168f5zytcqc","(zero-shot) 'assurance' (NOUN_wn:07227772n) 'a binding commitment to do or give or refrain from something' —> The diplomatic treaty contained a formal assurance that both parties would refrain from initiating military conflict along the shared border.","YES","05/05/2026, 18:10:37"
"ann2","1777984417397u4kl7fxp92","(zero-shot) 'bore' (VERB_wn:00056930v) 'cause to be born' —> The old mare bore a foal in the spring.","YES","05/05/2026, 18:10:44"
"ann2","1777984417397focl1tq1ay","(zero-shot) 'lead' (NOUN_wn:05826914n) 'evidence pointing to a possible solution' —> The detective found a crucial lead in the suspect's discarded notebook that helped solve the case.","YES","05/05/2026, 18:10:55"
"ann2","17779844173975xwwjpg9t3k","(zero-shot) 'twist' (VERB_wn:01349493v) 'twist or pull violently or suddenly, especially so as to remove (something) from that to which it is attached or from where it originates' —> The mechanic twisted the seized wingnut until it snapped off the pipe.","YES","05/05/2026, 18:11:07"
"ann2","1777984417397gj3qmhgtq9k","(zero-shot) 'carrier' (NOUN_wn:11501230n) 'a radio wave that can be modulated in order to transmit a signal' —> The technician adjusted the phase of the carrier to improve the clarity of the transmitted message.","YES","05/05/2026, 18:11:17"
"ann2","1777984417397qoz906jxo1","(zero-shot) 'trip' (VERB_wn:01900408v) 'miss a step and fall or nearly fall' —> She tripped over the loose cable and dropped her groceries.","YES","05/05/2026, 18:11:27"
"ann2","1777984417397jb21u4npyh","(zero-shot) 'turn' (NOUN_wn:07351612n) 'a movement in a new direction' —> The driver executed a sharp turn to avoid the sudden obstacle on the road.","YES","05/05/2026, 18:11:35"
"ann2","1777984417397icmmpipjqkj","(zero-shot) 'distribute' (VERB_wn:01504130v) 'to arrange in a systematic order' —> The archivist will distribute the manuscripts in chronological sequence.","YES","05/05/2026, 18:11:43"
"ann2","17779844173978on4jmyjyv9","(zero-shot) 'cause' (VERB_wn:01645601v) 'give rise to; cause to happen or occur, not always intentionally' —> The rough handling caused the vase to crack.","YES","05/05/2026, 18:11:54"
"ann2","1777984417397mf8hzkuk6d","(zero-shot) 'personally' (ADV_wn:00366393r) 'as yourself' —> While my official role requires me to remain neutral, I personally believe the proposed changes will harm the community.","YES","05/05/2026, 18:12:02"
"ann2","1777984417397c35ladcnb6","(zero-shot) 'view' (VERB_wn:02150948v) 'see or watch' —> The tourists stood by the railing to view the stunning waterfall below.","YES","05/05/2026, 18:12:11"
"ann2","17779844173979qurc7psj","(zero-shot) 'likeness' (NOUN_wn:04744814n) 'similarity in appearance or character or nature between persons or things' —> The young actress bore an uncanny likeness to her late grandmother.","YES","05/05/2026, 18:12:20"
"ann2","1777984417397s3kp2du3u0j","(zero-shot) 'empty' (VERB_wn:00073343v) 'excrete or discharge from the body' —> She had to empty her bladder.","YES","05/05/2026, 18:12:29"
"ann2","1777984417397857jjastqm3","(zero-shot) 'line_up' (VERB_wn:02704213v) 'form a line' —> Please line up behind the yellow marker before entering the venue.","YES","05/05/2026, 18:12:39"
"ann2","1777984417397i3ug08zgt7","(zero-shot) 'out' (ADJ_wn:00572714a) 'knocked unconscious by a heavy blow' —> The sudden impact to the jaw left the opponent lying motionless and completely out on the mat.","YES","05/05/2026, 18:12:49"
"ann2","17779844173976xcz43vq54o","(zero-shot) 'submit' (VERB_wn:02310328v) 'make over as a return' —> The auditor instructed everyone to submit their expense reports by the end of the month.","YES","05/05/2026, 18:12:59"
"ann2","1777984417397fytmzi92v15","(zero-shot) 'ruin' (NOUN_wn:13466312n) 'the process of becoming dilapidated' —> The gradual ruin of the abandoned estate was hastened by harsh winters and decades of neglect.","YES","05/05/2026, 18:13:07"
"ann2","1777984417397h4vv1tux8h","(zero-shot) 'under' (ADV_wn:00486157r) 'down below' —> The submarine dove under to escape the storm's violent waves.","YES","05/05/2026, 18:13:17"
"ann2","1777984417397rota40qakw","(zero-shot) 'bare' (ADJ_wn:00060605a) 'lacking embellishment or ornamentation' —> The minimalist restaurant featured bare concrete walls and simple wooden tables to emphasize a sense of rustic authenticity.","YES","05/05/2026, 18:13:24"
"ann2","17779844173979u70j8w7f3w","(zero-shot) 'miss' (VERB_wn:02632838v) 'be absent' —> The student missed school today.","YES","05/05/2026, 18:13:35"
"ann2","1777984417397r1o7vwpiws","(zero-shot) 'hemp' (NOUN_wn:12396924n) 'any plant of the genus Cannabis; a coarse bushy annual with palmate leaves and clusters of small green flowers; yields tough fibers and narcotic drugs' —> The research station expanded its hemp cultivation to study how the fast-growing annuals produce both resilient fibers for textiles and psychoactive compounds for medical research.","YES","05/05/2026, 18:13:45"
"ann2","1777984417397fiufhmbb25","(zero-shot) 'course' (NOUN_wn:07556970n) 'part of a meal served at one time' —> The waiter brought the second course.","YES","05/05/2026, 18:13:52"
"ann2","1777984417397qfgr7y0vykg","(zero-shot) 'modest' (ADJ_wn:02340458a) 'low or inferior in station or quality' —> The company started in a modest apartment before expanding into a sprawling corporate headquarters.","NO","05/05/2026, 18:14:07"
"ann2","1777984417397a373jd6x0la","(zero-shot) 'flank' (NOUN_wn:13897377n) 'a subfigure consisting of a side of something' —> The hikers noticed a narrow path winding along the steep flank of the mountain.","YES","05/05/2026, 18:14:20"
"ann2","1777984417397uo02eht7ams","(zero-shot) 'unconscious' (ADJ_wn:02521998a) 'without conscious volition' —> His unconscious habit of checking his watch suggested he was bored by the presentation.","YES","05/05/2026, 18:14:28"
"ann2","1777984417397qj2nu2t2u9","(zero-shot) 'aside' (ADV_wn:00234951r) 'in a different direction' —> The heavy delivery truck turned aside onto the narrower service road to bypass the afternoon traffic jam.","YES","05/05/2026, 18:14:38"
"ann2","1777984417397qov139b2nb","(zero-shot) 'profound' (ADJ_wn:00693237a) 'coming from deep within one' —> His profound conviction about the cause was an unwavering belief that originated entirely from within himself.","YES","05/05/2026, 18:14:49"
"ann2","1777984417397arlw0n9bq85","(zero-shot) 'hurt' (VERB_wn:02121511v) 'feel physical pain' —> My shoulder hurts after carrying those heavy boxes all morning.","YES","05/05/2026, 18:15:02"
"ann2","1777984417397qyvilegzmn","(zero-shot) 'sleeper' (NOUN_wn:02619861n) 'tropical fish that resembles a goby and rests quietly on the bottom in shallow water' —> During our snorkeling excursion, we spotted several sleepers lying completely motionless on the gravel floor of the shallow lagoon, their slender shapes closely resembling the nearby coastal gobies.","YES","05/05/2026, 18:15:09"
"ann2","1777984417397rer0hytktpl","(zero-shot) 'wide' (ADV_wn:00496010r) 'to the fullest extent possible' —> The heavy oak doors swung wide to reveal the grand hall.","YES","05/05/2026, 18:15:17"
"ann2","1777984417397t8762bss73","(zero-shot) 'amorous' (ADJ_wn:01465061a) 'inclined toward or displaying love' —> His amorous glances across the crowded café made it unmistakably clear that he was captivated by her.","YES","05/05/2026, 18:15:25"
"ann2","17779844173978euoxd2qogo","(zero-shot) 'fearful' (ADJ_wn:00264776a) 'lacking courage; ignobly timid and faint-hearted; - P.B.Shelley' —> The fearful knight dropped his sword and fled when the enemy charged.","YES","05/05/2026, 18:15:34"
"ann2","1777984417397a9z68mu9qyi","(zero-shot) 'shower' (VERB_wn:00035259v) 'take a shower; wash one's body in the shower' —> After his intense workout, he hurried to the bathroom to shower.","YES","05/05/2026, 18:15:41"
"ann2","1777984417397e49k2awnkn8","(zero-shot) 'endow' (VERB_wn:02474239v) 'give qualities or abilities to' —> Nature endowed her with a beautiful voice.","YES","05/05/2026, 18:15:49"
"ann2","1777984417397b1hkfgvy4qc","(zero-shot) 'stir_up' (VERB_wn:02585050v) 'try to stir up public opinion' —> The whistleblower published the confidential report to stir up widespread condemnation of the corporation's unethical labor practices.","YES","05/05/2026, 18:16:00"
"ann2","1777984417397xsvpefz75vn","(zero-shot) 'touch' (NOUN_wn:07164163n) 'a suggestion of some quality' —> The novel's conclusion carries a touch of ambiguity that leaves readers debating the true ending.","YES","05/05/2026, 18:16:11"
"ann2","17779844173979qx83eg5a0o","(zero-shot) 'mysterious' (ADJ_wn:00900071a) 'having an import not apparent to the senses nor obvious to the intelligence; beyond ordinary understanding' —> The ancient manuscript held a mysterious wisdom that eluded rational analysis, speaking instead to a deeper intuition within the soul.","YES","05/05/2026, 18:16:21"
"ann2","1777984417397o6k6uqqgk6b","(zero-shot) 'initiate' (VERB_wn:00539546v) 'set in motion, start an event or prepare the way for' —> The director planned to initiate a comprehensive review of the company's safety protocols next month.","YES","05/05/2026, 18:16:29"
"ann2","1777984417397ncdvv57gp","(zero-shot) 'embodiment' (NOUN_wn:00933000n) 'giving concrete form to an abstract concept' —> Her unwavering dedication to the project made her the living embodiment of perseverance.","YES","05/05/2026, 18:16:39"
"ann2","1777984417397xl7pxd6fpm","(zero-shot) 'plug' (VERB_wn:00976487v) 'make a plug for; praise the qualities or in order to sell or promote' —> During networking events, professionals often plug their own services to generate new business leads.","YES","05/05/2026, 18:16:48"
"ann2","1777984417397pwfo94vild","(zero-shot) 'organize' (VERB_wn:01651444v) 'arrange by systematic planning and united effort' —> The community leaders organized a protest to demand better public transportation.","YES","05/05/2026, 18:16:56"
"ann2","17779844173971kqrydht9hu","(zero-shot) 'launch' (VERB_wn:00347918v) 'begin with vigor' —> The startup team launched into their aggressive marketing campaign, hoping to dominate the market by year's end.","YES","05/05/2026, 18:17:05"
"ann2","1777984417397ae74rccajdh","(zero-shot) 'expression' (NOUN_wn:06731802n) 'a group of symbols that make a mathematical statement' —> To solve the equation, you must first simplify the algebraic expression on the left side of the equals sign.","YES","05/05/2026, 18:17:15"
"ann2","1777984417397e87o4whz7hs","(zero-shot) 'order' (NOUN_wn:04698656n) '(architecture) one of original three styles of Greek architecture distinguished by the type of column and entablature used or a style developed from the original three by the Romans' —> The museum's entrance features a striking portico built in the Ionic order, characterized by elegant columns with scrolled capitals.","YES","05/05/2026, 18:17:23"
"ann2","17779844173972dg73j1m6mf","(zero-shot) 'glow' (NOUN_wn:11463371n) 'the amount of electromagnetic radiation leaving or arriving at a point on a surface' —> The spectrometer measured the intense ultraviolet glow arriving at the detector to verify the shield's integrity.","YES","05/05/2026, 18:17:33"
"ann2","17779844173971a1nfhm4ez7","(zero-shot) 'wart' (NOUN_wn:13895852n) 'any small rounded protuberance (as on certain plants or animals)' —> The hiker paused to photograph the ancient tree, noting how its rough bark was dotted with pale warts that gave it a rugged texture.","YES","05/05/2026, 18:17:42"
"ann2","1777984417397uz66i81640r","(zero-shot) 'clear' (VERB_wn:02422409v) 'free from payment of customs duties, as of a shipment' —> The legal team cleared the seized merchandise of all outstanding duties.","YES","05/05/2026, 18:17:51"
"ann2","17779844173979lo75am3pg8","(zero-shot) 'pick' (NOUN_wn:00161243n) 'the act of choosing or selecting' —> Every pick during the draft required extensive research and strategic planning.","YES","05/05/2026, 18:18:00"
"ann2","1777984417397vfb467x2nel","(zero-shot) 'pass' (NOUN_wn:13936939n) 'a bad or difficult situation or state of affairs' —> The severe budget cuts left the nonprofit organization in a desperate pass, forcing them to lay off half their staff.","YES","05/05/2026, 18:18:09"
"ann2","17779844173976fb38uo172o","(zero-shot) 'prominence' (NOUN_wn:13894434n) 'something that bulges out or is protuberant or projects from its surroundings' —> The carpenter carefully sanded down the uneven wooden prominence on the chair leg until it rested perfectly flat on the floor.","YES","05/05/2026, 18:18:16"
"ann2","17779844173972qso5n5eokq","(zero-shot) 'sardine' (NOUN_wn:15019734n) 'a deep orange-red variety of chalcedony' —> The jeweler carefully polished the ancient sardine until its surface revealed the unmistakable glow of a deep orange-red variety of chalcedony.","YES","05/05/2026, 18:18:28"
"ann2","1777984417397b3m7tah9pm6","(zero-shot) 'sensibility' (NOUN_wn:05652926n) '(physiology) responsiveness to external stimuli; the faculty of sensation' —> Following the nerve damage, the neurologist observed a marked decrease in the patient's sensibility to thermal changes on the right side of his body.","YES","05/05/2026, 18:18:37"
"ann2","1777984417397vyp0ishs58","(zero-shot) 'burn' (VERB_wn:02120451v) 'cause a sharp or stinging pain or discomfort' —> The antiseptic made the fresh scrape burn until the irritation finally faded.","YES","05/05/2026, 18:18:45"
"ann2","1777984417397q1yiuub38fe","(zero-shot) 'daylight' (NOUN_wn:15164957n) 'the time after sunrise and before sunset while it is light outside' —> The hikers scrambled to reach the sheltered ridge before the fading daylight obscured the treacherous path.","YES","05/05/2026, 18:18:59"
"ann2","1777984417397j2n9j0g5mm","(zero-shot) 'critic' (NOUN_wn:09979321n) 'anyone who expresses a reasoned judgment of something' —> The theater critic carefully analyzed the production's direction and performances before publishing his measured review.","YES","05/05/2026, 18:19:07"
"ann2","1777984417397zkmevsx662","(zero-shot) 'bolt' (VERB_wn:01348838v) 'secure or lock with a bolt' —> The weary traveler bolted the heavy wooden door before settling into bed for the night.","YES","05/05/2026, 18:19:16"
"ann2","1777984417397rntdcfws9os","(zero-shot) 'go_along' (VERB_wn:02072849v) 'pass by' —> The old canal goes along the eastern border of the park.","YES","05/05/2026, 18:19:31"
"ann2","1777984417397uew1p0q4hrg","(zero-shot) 'manufacturer' (NOUN_wn:08060446n) 'a business engaged in manufacturing some product' —> The manufacturer issued a recall notice for the faulty electronics.","YES","05/05/2026, 18:19:39"
"ann2","1777984417397b32cvnsmg7f","(zero-shot) 'perch' (NOUN_wn:08626758n) 'an elevated place serving as a seat' —> The cat claimed the warm, sunlit perch atop the wooden fence to nap for the afternoon.","YES","05/05/2026, 18:19:48"
"ann2","1777984417397004bp1dezwifb","(zero-shot) 'break' (VERB_wn:02668523v) 'fail to agree with; be in violation of; as of rules or patterns' —> The company broke several safety regulations.","YES","05/05/2026, 18:19:56"
"ann2","1777984417397cj7mf1ia3f","(zero-shot) 'curse' (NOUN_wn:07420354n) 'a severe affliction' —> The curse of the wasting disease took his strength day by day until he could no longer rise from his bed.","YES","05/05/2026, 18:20:06"
"ann2","17779844173974lscov8nqkl","(zero-shot) 'solid' (ADJ_wn:01993693a) 'meriting respect or esteem' —> The judge was widely regarded as a solid citizen whose integrity never wavered.","YES","05/05/2026, 18:20:13"
"ann2","17779844173974fxbck1zffj","(zero-shot) 'acceptance' (NOUN_wn:00082525n) 'the act of taking something that is offered' —> His immediate acceptance of the complimentary hotel upgrade delighted the entire family.","YES","05/05/2026, 18:20:23"
"ann2","17779844173972dq3jnsfnsa","(zero-shot) 'stabilize' (VERB_wn:00271946v) 'become stable or more stable' —> After the intense tremors subsided, the ancient bridge finally stabilized enough for engineers to inspect the damage.","YES","05/05/2026, 18:20:30"
"ann2","1777984417397xaum2nf4wdj","(zero-shot) 'crusade' (NOUN_wn:00968715n) 'any of the more or less continuous military expeditions in the 11th to 13th centuries when Christian powers of Europe tried to recapture the Holy Land from the Muslims' —> Richard the Lionheart led thousands of warriors on the Third Crusade to seize control of Jerusalem and its surrounding territories.","YES","05/05/2026, 18:20:41"
"ann2","17779844173976xvjptorh1d","(zero-shot) 'litter' (NOUN_wn:08400331n) 'the offspring at one birth of a multiparous mammal' —> The expecting cat delivered a litter of five kittens in the warm basket.","YES","05/05/2026, 18:20:50"
"ann2","1777984417397u4srsjq49vm","(zero-shot) 'efficient' (ADJ_wn:00510644a) 'able to accomplish a purpose; functioning effectively; -G.B.Shaw' —> The engineer designed an efficient engine that consumed less fuel while maintaining high speed.","YES","05/05/2026, 18:20:59"
"ann2","1777984417397f8izr3didso","(zero-shot) 'edit' (VERB_wn:00968038v) 'supervise the publication of' —> The publishing director edits the quarterly academic journal, overseeing the entire workflow from manuscript submission to final print distribution.","YES","05/05/2026, 18:21:08"
"ann2","1777984417397gfc3e3vn824","(zero-shot) 'base' (NOUN_wn:02797881n) 'a place that the runner must touch before scoring' —> The sprinting batter dropped his helmet and hurriedly touched first base before the defense could retrieve the ball.","YES","05/05/2026, 18:21:17"
"ann2","1777984417397fqwpqvpdykl","(zero-shot) 'load' (NOUN_wn:05832745n) 'an onerous or difficult concern' —> The constant worry over the failing business became a heavy load that she could no longer carry alone.","YES","05/05/2026, 18:21:24"
"ann2","1777984417397us26wqcilmc","(zero-shot) 'path' (NOUN_wn:09387222n) 'a line or route along which something travels or moves' —> The comet followed a curved path through the solar system.","YES","05/05/2026, 18:21:32"
"ann2","1777984417397xlrq23wou4i","(zero-shot) 'die' (NOUN_wn:03191029n) 'a small cube with 1 to 6 spots on the six faces; used in gambling to generate random numbers' —> The player rolled the die onto the wooden board and waited for it to stop spinning.","YES","06/05/2026, 13:37:08"
"ann2","1777984417397cnf4yz477e","(zero-shot) 'frame' (NOUN_wn:05217168n) 'alternative names for the body of a human being' —> The elderly man's frail frame trembled slightly as he waited for the bus.","YES","06/05/2026, 13:37:17"
"ann2","1777984417397slc1a9frf6","(zero-shot) 'trap' (VERB_wn:01606931v) 'hold or catch as if in a trap' —> The spider web began to trap the wandering fly.","YES","06/05/2026, 13:37:25"
"ann2","17779844173970ozpfokynesl","(zero-shot) 'wheat' (NOUN_wn:12142085n) 'annual or biennial grass having erect flower spikes and light brown grains' —> Agronomists classify wheat as a short-lived cereal grass that produces upright flower spikes packed with light brown grains, typically completing its growth cycle within a single season.","YES","06/05/2026, 13:37:34"
"ann2","17779844173979ckmyl8wf79","(zero-shot) 'rig' (NOUN_wn:04091247n) 'formation of masts, spars, sails, etc., on a vessel' —> The restoration crew spent weeks untangling the complex rig of the antique schooner to prepare it for its sea trial.","YES","06/05/2026, 13:37:43"
"ann2","1777984417397jruph2a2f7","(zero-shot) 'membership' (NOUN_wn:13931627n) 'the state of being a member' —> Her membership in the professional association expired after three years of non-payment.","YES","06/05/2026, 13:37:52"
"ann2","1777984417397ki0ctshiu9","(zero-shot) 'tolerant' (ADJ_wn:00286837a) 'showing or characterized by broad-mindedness' —> The tolerant professor encouraged students from all backgrounds to share their unique perspectives during the seminar.","YES","06/05/2026, 13:38:02"
"ann2","1777984417397xkl5tlrmcag","(zero-shot) 'field' (NOUN_wn:05996646n) 'a branch of knowledge' —> The field of quantum mechanics requires a strong background in mathematics.","YES","06/05/2026, 13:38:11"
"ann2","1777984417397sa9bibe7i5l","(zero-shot) 'heroic' (ADJ_wn:01284544a) 'of behavior that is impressive and ambitious in scale or scope' —> Her heroic endeavor to map the uncharted jungle required assembling an expedition of fifty researchers and enduring months of grueling travel through hostile terrain.","YES","06/05/2026, 13:38:19"
"ann2","1777984417397dsof43k8n44","(zero-shot) 'remind' (VERB_wn:00610538v) 'put in the mind of someone' —> The old photograph reminded her of the summer they spent by the lake.","YES","06/05/2026, 13:38:27"
"ann2","1777984417397fcjfg3jm6fq","(zero-shot) 'loosen' (VERB_wn:02601808v) 'become less severe or strict' —> The governor decided to loosen the curfew, allowing residents to travel freely after 10 PM.","YES","06/05/2026, 13:38:39"
"ann2","1777984417397bxl27gjstq","(zero-shot) 'heritage' (NOUN_wn:13262913n) 'that which is inherited; a title or property or estate that passes by law to the heir on the death of the owner' —> The baron's heritage was contested in court when a distant relative appeared with a deed to the manor house.","YES","06/05/2026, 13:38:48"
"ann2","1777984417397pw7eda98n6","(zero-shot) 'growth' (NOUN_wn:14234074n) '(pathology) an abnormal proliferation of tissue (as in a tumor)' —> The biopsy revealed that the growth on his liver was benign.","YES","06/05/2026, 13:38:57"
"ann2","1777984417397bpsogq7m0zn","(zero-shot) 'life' (NOUN_wn:15140405n) 'the period during which something is functional (as between birth and death)' —> The life of the battery was much shorter than advertised.","YES","06/05/2026, 13:39:07"
"ann2","177798441739752g8k9t8kfu","(zero-shot) 'drive' (NOUN_wn:03242713n) 'a wide scenic road planted with trees' —> The carriage rattled over the gravel drive lined with ancient oaks as we approached the manor house.","YES","06/05/2026, 13:39:18"
"ann2","1777984417397uu75t253dm","(zero-shot) 'replacement' (NOUN_wn:13547925n) 'filling again by supplying what has been used up' —> The expedition leader ensured the replacement of the water supplies once the canteens were emptied.","YES","06/05/2026, 13:39:28"
"ann2","17779844173971vd5wym2fif","(zero-shot) 'firm' (ADJ_wn:02094388a) 'securely established' —> The company has a firm foundation.","YES","06/05/2026, 13:39:35"
"ann2","1777984417397i9fwbb5163o","(zero-shot) 'jack' (NOUN_wn:03589672n) 'a small ball at which players aim in lawn bowling' —> The bowler tossed her bowl close to the white jack resting on the grass.","YES","06/05/2026, 13:39:45"
"ann2","1777984417397brycj52mzh9","(zero-shot) 'bang' (VERB_wn:01426397v) 'have sexual intercourse with' —> After weeks of mutual hints, they finally banged at his apartment last night.","YES","06/05/2026, 13:39:57"
"ann2","17779844173970fjudhpb717","(zero-shot) 'mania' (NOUN_wn:09181557n) 'an irrational but irresistible motive for a belief or action' —> A sudden mania for hoarding toilet paper swept through the community, causing shelves to empty within hours despite assurances of future supply.","YES","06/05/2026, 13:40:07"
"ann2","1777984417397tslp8e9v06","(zero-shot) 'expression' (NOUN_wn:07139873n) 'the communication (in speech or writing) of your beliefs or opinions' —> His daily journal provided a candid expression of his deeply held political beliefs.","YES","06/05/2026, 13:40:14"
"ann2","1777984417397rx3gytkfilf","(zero-shot) 'touch' (NOUN_wn:07409592n) 'the event of something coming in contact with the body' —> She shivered from the light touch of the breeze against her skin.","YES","06/05/2026, 13:40:26"
"ann2","1777984417397h0gs5x3gwao","(zero-shot) 'gratification' (NOUN_wn:13986679n) 'state of being gratified or satisfied' —> Finishing the marathon gave her a profound sense of gratification that easily washed away the physical exhaustion.","YES","06/05/2026, 13:40:36"
"ann2","1777984417397030zl9s4a4j3","(zero-shot) 'rest' (VERB_wn:01610101v) 'put something in a resting position, as for support or steadying' —> She rested the ladder against the brick wall.","YES","06/05/2026, 13:40:43"
"ann2","1777984417397tb2e5yupvg8","(zero-shot) 'serve' (VERB_wn:02540670v) 'work for or be a servant to' —> For decades, the loyal steward served the wealthy family without complaint.","YES","06/05/2026, 13:40:53"
"ann2","1777984417397lfh48d1vxu","(zero-shot) 'escape' (NOUN_wn:00204199n) 'an avoidance of danger or difficulty' —> The hikers achieved a narrow escape just as the avalanche swept through the valley where they had been standing.","YES","06/05/2026, 13:41:01"
"ann2","1777984417397gn3uf5blkj4","(zero-shot) 'correct' (ADJ_wn:01879261a) 'socially right or correct' —> She reviewed the etiquette guide to ensure her attire was correct for the formal embassy dinner.","YES","06/05/2026, 13:41:12"
"ann2","17779844173973hcoocv36to","(zero-shot) 'submerge' (VERB_wn:01991472v) 'sink below the surface; go under or as if under water' —> The submarine will submerge immediately.","YES","06/05/2026, 13:41:22"
"ann2","1777984417397770bvjmmb0n","(zero-shot) 'curious' (ADJ_wn:01342572a) 'having curiosity aroused; eagerly interested in learning more' —> The curious student stayed after class to ask the professor about the obscure reference.","YES","06/05/2026, 13:41:30"
"ann2","177798441739795rvfo7l4y","(zero-shot) 'stuff' (VERB_wn:02094569v) 'press or force' —> The movers finally stuffed the oversized sofa through the narrow doorway by leaning their weight against it until it slipped inside.","YES","06/05/2026, 13:41:39"
"ann2","1777984417397bbu8su68f0m","(zero-shot) 'democracy' (NOUN_wn:05964445n) 'the doctrine that the numerical majority of an organized group can make decisions binding on the whole group' —> The doctrine of democracy holds that the largest voting bloc within any structured community gains the power to enact policies obligating every single member to follow them.","YES","06/05/2026, 13:41:47"
"ann2","1777984417397swba08whzfn","(zero-shot) 'fictitious' (ADJ_wn:01935935a) 'formed or conceived by the imagination' —> The curious child sketched a fictitious city floating among the stars, complete with glass bridges and silver bells.","YES","06/05/2026, 13:41:55"
"ann2","177798441739783rq8nx113n","(zero-shot) 'lightning' (NOUN_wn:11475279n) 'abrupt electric discharge from cloud to cloud or from cloud to earth accompanied by the emission of light' —> Lightning struck the old oak tree.","YES","06/05/2026, 13:42:02"
"ann2","1777984417397qvsjosl2jwn","(zero-shot) 'logically' (ADV_wn:00363744r) 'according to logical reasoning' —> She logically concluded that the missing key must have been left in the car.","YES","06/05/2026, 13:42:16"
"ann2","1777984417397eeaz52idug4","(zero-shot) 'further' (VERB_wn:02554922v) 'contribute to the progress or growth of' —> The organization plans to further its mission by expanding into new markets.","YES","06/05/2026, 13:42:25"
"ann2","1777984417397he1mhaachn9","(zero-shot) 'habit' (NOUN_wn:00947923n) 'excessive use of drugs' —> His habit demanded constant doses of prescription opioids, quickly draining his savings and destroying his health.","YES","06/05/2026, 13:42:34"
"ann2","1777984417397cfsib08oojj","(zero-shot) 'address' (NOUN_wn:08491027n) 'the place where a person or organization can be found or communicated with' —> Please write your complete residential address on the back of the return envelope.","YES","06/05/2026, 13:42:42"
"ann2","1777984417397g04w90l0r7s","(zero-shot) 'works' (NOUN_wn:00575741n) 'activity directed toward making or doing something' —> The charitable works helped many families.","YES","06/05/2026, 13:43:14"
"ann2","1777984417397ln6an4nw35","(zero-shot) 'lettuce' (NOUN_wn:07723559n) 'leaves of any of various plants of Lactuca sativa' —> She washed the crisp lettuce thoroughly before adding it to the summer salad.","YES","06/05/2026, 13:43:22"
"ann2","1777984417397hv466e1zfh8","(zero-shot) 'bow' (NOUN_wn:02880189n) 'a knot with two loops and loose ends; used to tie shoelaces' —> She carefully tightened the bow on her shoelaces to prevent it from loosening during the marathon.","YES","06/05/2026, 13:43:32"
"ann2","1777984417397ib3bopzhn9","(zero-shot) 'reason' (VERB_wn:00634472v) 'decide by reasoning; draw or come to a conclusion' —> After analyzing the cryptic clues, Sherlock reasoned that the thief had exited through the skylight.","YES","06/05/2026, 13:43:41"
"ann2","17779844173970eak3clfm2oa","(zero-shot) 'seriousness' (NOUN_wn:04646548n) 'the trait of being serious; - Robert Rice' —> The quiet determination in his eyes conveyed a profound seriousness that instantly silenced the crowded room.","YES","06/05/2026, 13:43:51"
"ann2","1777984417397ytqdwvj2p2q","(zero-shot) 'roll' (NOUN_wn:07441619n) 'rotary motion of an object around its own axis' —> The violent roll of the ship caused the cargo to shift dangerously across the deck.","YES","06/05/2026, 13:44:08"
"ann2","17779844173974ikv0gptis4","(zero-shot) 'harmony' (NOUN_wn:07180183n) 'agreement of opinions' —> The diplomats spoke with one voice, signaling a perfect harmony on the issue of borders.","YES","06/05/2026, 13:44:17"
"ann2","1777984417398cgq9hcbjfx7","(zero-shot) 'indifferent' (ADJ_wn:00546452a) 'showing no care or concern in attitude or action' —> Despite the urgent warnings from his team, the director remained completely indifferent to the mounting safety hazards.","YES","06/05/2026, 13:44:27"
"ann2","17779844173987ctvhznkgrx","(zero-shot) 'male' (NOUN_wn:08965475n) 'the capital of Maldives in the center of the islands' —> The ferry from the resort island docked at the bustling harbor in Male just before sunset.","YES","06/05/2026, 13:44:38"
"ann2","1777984417398ds0wy3e98r8","(zero-shot) 'field' (NOUN_wn:07999584n) 'all of the horses in a particular horse race' —> Despite facing a surprisingly weak field, the favorite thoroughbred still crossed the finish line first.","YES","06/05/2026, 13:44:46"
"ann2","1777984417398f04ho5sev4c","(zero-shot) 'chafe' (VERB_wn:00373397v) 'warm by rubbing, as with the hands' —> She chafed her icy hands together until the cold numbness finally gave way to a comfortable warmth.","YES","06/05/2026, 13:44:56"
"ann2","1777984417398vn7lsd8qxgs","(zero-shot) 'phoenix' (NOUN_wn:12593826n) 'a large monocotyledonous genus of pinnate-leaved palms found in Asia and Africa' —> The botanical garden recently expanded its arid climate exhibit by planting a grove of resilient phoenix palms to demonstrate their remarkable adaptation to dry soils.","YES","06/05/2026, 13:45:05"
"ann2","1777984417398xibeypotx","(zero-shot) 'track' (NOUN_wn:04463510n) 'any road or path affording passage especially a rough one' —> The explorers followed a narrow dirt track winding through the dense wilderness to reach the remote cabin.","YES","06/05/2026, 13:45:13"
"ann2","1777984417398fomdzwtgn5","(zero-shot) 'settle' (VERB_wn:02254258v) 'dispose of; make a financial settlement' —> The accounting department must settle the outstanding vendor invoices before the fiscal quarter ends.","YES","06/05/2026, 13:45:25"
"ann2","1777984417398o17wnpku758","(zero-shot) 'account_for' (VERB_wn:02635033v) 'be the reason or explanation for' —> The unexpected mechanical failure accounted for the flight's two-hour delay.","YES","06/05/2026, 13:45:33"
"ann2","1777984417398kuxbig80by","(zero-shot) 'common' (ADJ_wn:00970610a) 'commonly encountered' —> Mosquitoes are a common nuisance in the summer.","YES","06/05/2026, 13:45:40"
"ann2","1777984417398hvb17qxozrg","(zero-shot) 'incite' (VERB_wn:00851239v) 'provoke or stir up' —> The demagogue's inflammatory speech was intended to incite violence among the restless crowd.","YES","06/05/2026, 13:45:48"
"ann2","1777984417398dox40tyzkrj","(zero-shot) 'fusion' (NOUN_wn:07373602n) 'an occurrence that involves the production of a union' —> The unexpected fusion of the two rival political parties produced a dominant new coalition.","YES","06/05/2026, 13:45:57"
"ann2","17779844173985j6wi90l1wn","(zero-shot) 'invasion' (NOUN_wn:07429976n) 'any entry into an area not previously occupied' —> The field study documented the rapid invasion of lichens across the freshly exposed rock face, demonstrating how organisms swiftly claim territory that was completely unoccupied.","YES","06/05/2026, 13:46:07"
"ann2","17779844173981n73m1to1tg","(zero-shot) 'spill' (VERB_wn:01541803v) 'pour out in drops or small quantities or as if in drops or small quantities' —> Tears spilled silently from her eyes as she watched the sunset.","YES","06/05/2026, 13:46:16"
"ann2","1777984417398tln8gbdgtu9","(zero-shot) 'break' (VERB_wn:01991347v) 'emerge from the surface of a body of water' —> The submarine broke the surface of the dark water, sending a cascade of bubbles toward the sky.","YES","06/05/2026, 13:46:25"
"ann2","1777984417398funqdys6p7i","(zero-shot) 'core' (NOUN_wn:08308922n) 'an organization founded by James Leonard Farmer in 1942 to work for racial equality' —> CORE organized the Freedom Rides in 1961 to challenge segregation on interstate buses.","YES","06/05/2026, 13:46:32"
"ann2","1777984417398vl2m1flocn","(zero-shot) 'slang' (NOUN_wn:07159467n) 'informal language consisting of words and expressions that are not considered appropriate for formal occasions; often vituperative or vulgar' —> The manager reminded the team that relying on coarse slang during client meetings would severely damage the company's professional reputation.","YES","06/05/2026, 13:46:40"
"ann2","17779844173980h9qz91ut6tp","(zero-shot) 'observation' (NOUN_wn:01002956n) 'the act of making and recording a measurement' —> Every laboratory observation required carefully measuring the voltage output and immediately recording the exact figures in the data log.","YES","06/05/2026, 13:46:51"
"ann2","17779844173989m0ey7lxtws","(zero-shot) 'shift' (NOUN_wn:03013438n) 'a loose-fitting dress hanging straight from the shoulders without a waist' —> She carefully pinned her corset over the sheer linen shift, allowing the simple garment to drape gracefully from her shoulders without a fitted waist.","YES","06/05/2026, 13:46:59"
"ann2","1777984417398hlskzsgfi8","(zero-shot) 'loose' (ADJ_wn:00916199a) 'not literal' —> The director produced a loose adaptation of the novel, changing the setting and combining characters while keeping the core themes intact.","YES","06/05/2026, 13:47:09"
"ann2","1777984417398pj49ehykp3","(zero-shot) 'flip' (VERB_wn:00717921v) 'react in an excited, delighted, or surprised way' —> She flipped when the puppy waddled into the room.","YES","06/05/2026, 13:47:16"
"ann2","1777984417398khvtyd3jm4","(zero-shot) 'time' (VERB_wn:00297906v) 'regulate or set the time of' —> The engineer will time the deployment of the satellite precisely to match the optimal orbital window.","YES","06/05/2026, 13:47:26"
"ann2","1777984417398c9kg73dzr","(zero-shot) 'strain' (NOUN_wn:08111157n) '(biology) a group of organisms within a species that differ in trivial ways from similar groups' —> The laboratory team successfully cultured a heat-resistant strain of bacteria for use in industrial enzyme production.","YES","06/05/2026, 13:47:35"
"ann2","1777984417398pomnp8wu8mr","(zero-shot) 'clear' (VERB_wn:00450863v) 'rid of instructions or data' —> The technician cleared the memory buffer before executing the new program.","YES","06/05/2026, 13:47:43"
"ann2","1777984417398jn5azx732","(zero-shot) 'break' (VERB_wn:01106864v) 'surpass in excellence' —> Her innovative design broke all industry standards for efficiency and durability.","YES","06/05/2026, 13:47:52"
"ann2","1777984417398w24mfq783ap","(zero-shot) 'sweep' (VERB_wn:01393714v) 'sweep with a broom or as if with a broom' —> The janitor swept the hallway before the students arrived.","YES","06/05/2026, 13:48:00"
"ann2","1777984417398aqfkjsqdlq","(zero-shot) 'no_more' (ADV_wn:00050681r) 'referring to the degree to which a certain quality is present' —> The red team is no more likely to win than the blue team.","YES","06/05/2026, 13:48:12"
"ann2","1777984417398xcbrguebd5","(zero-shot) 'spread' (VERB_wn:02082690v) 'strew or distribute over an area' —> The children spread colorful leaves across the backyard lawn.","YES","06/05/2026, 13:48:20"
"ann2","1777984417398j30kfd403","(zero-shot) 'force' (NOUN_wn:05035353n) 'physical energy or intensity' —> The batter swung the bat with tremendous force, sending the baseball soaring over the outfield fence.","YES","06/05/2026, 13:48:30"
"ann2","177798441739801v59gab6971","(zero-shot) 'convey' (VERB_wn:00928630v) 'make known; pass on, of information' —> The automated sensors convey real-time weather data to the storm tracking center.","YES","06/05/2026, 13:48:40"
"ann2","1777984417398utnkjcs8b8i","(zero-shot) 'base' (NOUN_wn:13809769n) 'the most important or necessary part of something' —> Mutual respect serves as the base for any lasting friendship.","YES","06/05/2026, 13:48:49"
"ann2","1777984417398l7ggq5d0ud","(zero-shot) 'pony' (NOUN_wn:06347225n) 'a literal translation used in studying a foreign language (often used illicitly)' —> During the Latin test, the nervous scholar risked detection by glancing at the folded pony concealed within his sleeve.","YES","06/05/2026, 13:48:59"
"ann2","1777984417398q6ki6jo2a6","(zero-shot) 'appointed' (ADJ_wn:00847196a) 'selected for a job' —> The appointed spokesperson delivered the official statement to the media.","YES","06/05/2026, 13:49:07"
"ann2","1777984417398dninij1gbus","(zero-shot) 'solid' (ADJ_wn:01125006a) 'characterized by good substantial quality' —> The student submitted a solid essay that demonstrated a deep understanding of the topic.","YES","06/05/2026, 13:49:15"
"ann2","17779844173984lbxdh5t2is","(zero-shot) 'given' (ADJ_wn:01292411a) '(usually followed by `to') naturally disposed toward' —> My grandfather was always given to storytelling, often captivating us with tales of his adventures during the war.","YES","06/05/2026, 13:49:24"
"ann2","17779844173985l7ml37mfb","(zero-shot) 'splendid' (ADJ_wn:02343110a) 'very good;of the highest quality' —> The view from the mountain peak was splendid, offering a breathtaking panorama of the valley below.","YES","06/05/2026, 13:49:33"
"ann2","1777984417398q91xy37soya","(zero-shot) 'spread_out' (VERB_wn:02082690v) 'strew or distribute over an area' —> The volunteers spread out the donated blankets across the shelter floor to keep the refugees warm.","YES","06/05/2026, 13:49:40"
"ann2","1777984417398fhb8nobixeb","(zero-shot) 'extend' (VERB_wn:01165579v) 'use to the utmost; exert vigorously or to full capacity' —> To meet the tight deadline, the engineering team extended themselves over the weekend to finalize the prototype.","YES","06/05/2026, 13:49:49"
"ann2","1777984417398p0wtotk88a9","(zero-shot) 'hop' (VERB_wn:02094788v) 'make a jump forward or upward' —> The startled rabbit hopped across the dewy grass to escape the sudden noise.","YES","06/05/2026, 13:49:58"
"ann2","1777984417398lf3scwl8at","(zero-shot) 'flat' (NOUN_wn:06866919n) 'a musical notation indicating one half step lower than the note named' —> The conductor reminded the cellist to play the flat in the fourth measure as written in the score.","YES","06/05/2026, 13:50:07"
"ann2","1777984417398zsj8emt31d","(zero-shot) 'charge' (VERB_wn:02320374v) 'demand payment' —> The hotel will charge a nightly fee for the extra bed.","YES","06/05/2026, 13:50:16"
"ann2","1777984417398ank5oiugvu9","(zero-shot) 'christian_church' (NOUN_wn:08082602n) 'one of the groups of Christians who have their own beliefs and forms of worship' —> Various christian churches developed unique liturgical traditions and theological doctrines throughout the centuries.","YES","06/05/2026, 13:50:24"
"ann2","1777984417398p07rp4yv8ki","(zero-shot) 'bloodshed' (NOUN_wn:00221178n) 'the shedding of blood resulting in murder' —> The relentless bloodshed during the uprising left no family untouched by grief.","YES","06/05/2026, 13:50:36"
"ann2","1777984417398h3oaom3j69","(zero-shot) 'rush' (VERB_wn:00459296v) 'urge to an unnatural speed' —> Do not rush the dough; it must rise at its own pace.","YES","06/05/2026, 13:50:45"
"ann2","1777984417398oxt3s9s52qk","(zero-shot) 'diverge' (VERB_wn:02732603v) 'have no limits as a mathematical series' —> The harmonic series diverges, growing without bound rather than settling on a finite value.","YES","06/05/2026, 13:50:55"
"ann2","1777984417398px4hh6df4h","(zero-shot) 'agitation' (NOUN_wn:07513508n) 'the feeling of being agitated; not calm' —> The quiet hum of the engine did nothing to soothe the driver's growing agitation as they navigated the treacherous mountain pass.","YES","06/05/2026, 13:51:03"
"ann2","1777984417398z0bqudiirwc","(zero-shot) 'open' (ADJ_wn:00036254a) 'ready for business' —> The downtown electronics shop will be open for customers starting at nine o'clock tomorrow morning.","YES","06/05/2026, 13:51:13"
"ann2","1777984417398pd7xrjb13v9","(zero-shot) 'firm' (ADJ_wn:02291336a) 'not liable to fluctuate or especially to fall' —> Despite the global uncertainty, the stock price remained remarkably firm throughout the trading session.","YES","06/05/2026, 13:51:21"
"ann2","1777984417398uaw9ny84ee","(zero-shot) 'open' (ADJ_wn:02474876a) 'not requiring union membership' —> The warehouse operates as an open shop, allowing the hiring of personnel without checking for labor organization dues.","YES","06/05/2026, 13:51:28"
"ann2","1777984417398wvoycak91zr","(zero-shot) 'continuation' (NOUN_wn:06250208n) 'a Gestalt principle of organization holding that there is an innate tendency to perceive a line as continuing its established direction' —> Due to continuation, the observer effortlessly tracks the smooth arc even where the pattern is momentarily interrupted by a geometric shape.","YES","06/05/2026, 13:51:36"
"ann2","1777984417398m0biva895qq","(zero-shot) 'multiplication' (NOUN_wn:00871576n) 'an arithmetic operation that is the inverse of division; the product of two numbers is computed' —> The teacher asked the class to solve several multiplication problems on the chalkboard.","YES","06/05/2026, 13:51:43"
"ann2","1777984417398tzhwr7p1iv","(zero-shot) 'facet' (NOUN_wn:05850624n) 'a distinct feature or element in a problem' —> Analyzing the crime scene revealed a crucial facet of the investigation that the detectives had initially overlooked.","YES","06/05/2026, 13:51:50"
"ann2","1777984417398h6nonpnrbe","(zero-shot) 'stretch' (NOUN_wn:05021345n) 'the capacity for being stretched' —> The stretch of this synthetic blend is remarkable, ensuring the garment expands easily without losing its shape.","YES","06/05/2026, 13:51:59"
"ann2","1777984417398ac4d0v72pyo","(zero-shot) 'take' (VERB_wn:00624476v) 'interpret something in a certain way; convey a particular meaning or impression' —> Many critics took the film's ambiguous ending as a commentary on human resilience.","YES","06/05/2026, 13:52:07"
"ann2","1777984417398qdcg3n0l10h","(zero-shot) 'sacred' (ADJ_wn:02055062a) 'concerned with religion or religious purposes' —> The monks chanted hymns around the sacred fire during the evening ritual.","YES","06/05/2026, 13:52:17"
"ann2","177798441739805587j560n4d","(zero-shot) 'medicine' (NOUN_wn:06043075n) 'the branches of medical science that deal with nonsurgical techniques' —> After graduating from university, she decided to practice internal medicine, focusing on diagnosing and treating illnesses through pharmacology and lifestyle adjustments rather than operations.","YES","06/05/2026, 13:52:26"
"ann2","177798441739818suxwdjvjx","(zero-shot) 'clam' (NOUN_wn:13395897n) 'a piece of paper money worth one dollar' —> The vendor accepted the crumpled clam without counting the change.","YES","06/05/2026, 13:52:35"
"ann2","177798441739832l8gokzttq","(zero-shot) 'ward' (NOUN_wn:11374085n) 'English writer of novels who was an active opponent of the women's suffrage movement (1851-1920)' —> Result:","WRONG","06/05/2026, 13:52:47"
"ann2","177798441739833hnzffplo","(zero-shot) 'third' (NOUN_wn:00724168n) 'the fielding position of the player on a baseball team who is stationed near the third of the bases in the infield (counting counterclockwise from home plate)' —> The veteran infielder made a spectacular diving stop at third to prevent the tying run from scoring.","YES","06/05/2026, 13:52:58"
"ann2","1777984417398363rerbg71w","(zero-shot) 'sight' (NOUN_wn:06888944n) 'anything that is seen' —> The sight of the golden sunset over the ocean left the crowd in awe.","YES","06/05/2026, 13:53:08"
"ann2","17779844173983jehuip1usx","(zero-shot) 'combine' (VERB_wn:02377938v) 'join for a common purpose or in a common action' —> The two political parties agreed to combine forces in the upcoming election to secure a majority in parliament.","YES","06/05/2026, 13:53:17"
"ann2","1777984417398avtdalh5n3","(zero-shot) 'slip' (NOUN_wn:08640111n) 'a place where a craft can be made fast' —> The captain maneuvered the vessel carefully into the empty slip beside the maintenance shed.","YES","06/05/2026, 13:53:27"
"ann2","1777984417398yxt8j9bb1nk","(zero-shot) 'trick' (NOUN_wn:00099951n) 'an illusory feat; considered magical by naive observers' —> The magician's signature trick involved making a full-grown elephant vanish behind a velvet curtain, leaving the audience convinced he possessed supernatural powers.","YES","06/05/2026, 13:53:36"
"ann2","17779844173987s8ebdm56l9","(zero-shot) 'brilliant' (ADJ_wn:01285376a) 'characterized by grandeur' —> The brilliant pageantry of the royal wedding dazzled the world.","YES","06/05/2026, 13:53:43"
"ann2","1777984417398mzgxn8colg","(zero-shot) 'timid' (ADJ_wn:00251809a) 'showing fear and lack of confidence' —> The timid speaker trembled as she approached the microphone.","YES","06/05/2026, 13:53:50"
"ann2","1777984417398c28okm6yi3w","(zero-shot) 'last' (NOUN_wn:15143276n) 'the time at which life ends; continuing until dead' —> The soldier fought bravely until his last.","YES","06/05/2026, 13:54:00"
"ann2","1777984417398rgszsuw4nu","(zero-shot) 'dignity' (NOUN_wn:04910684n) 'formality in bearing and appearance' —> The ambassador moved through the hall with a stately dignity, his posture impeccable and his attire meticulously pressed, reflecting the gravity of the diplomatic occasion.","YES","06/05/2026, 13:54:10"
"ann2","1777984417398nrp0n9j9ixm","(zero-shot) 'regard' (NOUN_wn:00878648n) 'a long fixed look' —> He held the unfamiliar painting in a steady regard, absorbing every brushstroke without looking away for nearly an hour.","YES","06/05/2026, 13:54:19"
"ann2","1777984417398bbw3vrzod2","(zero-shot) 'mustard' (NOUN_wn:07819480n) 'pungent powder or paste prepared from ground mustard seeds' —> She squeezed the bottle of mustard onto her sandwich.","YES","06/05/2026, 13:54:29"
"ann2","1777984417398746cyc1hl8b","(zero-shot) 'whistle' (NOUN_wn:03912218n) 'an inexpensive fipple flute' —> The village artisan carved a simple wooden whistle for the children, teaching them how to cover the finger holes to change the pitch.","YES","06/05/2026, 13:54:36"
"ann2","1777984417398t3mixoj934c","(zero-shot) 'wedge' (NOUN_wn:13919547n) 'any shape that is triangular in cross section' —> The carpenter drove a sturdy wooden wedge into the split log to force the timber apart.","YES","06/05/2026, 13:54:47"
"ann2","1777984417398bdmaqs14wl6","(zero-shot) 'come_back' (VERB_wn:01998982v) 'even the score, in sports' —> The trailing hockey team scored two consecutive goals in the final period to come back and tie the match, sending the game into overtime.","YES","06/05/2026, 13:54:54"
"ann2","1777984417398croa9ylfte5","(zero-shot) 'sink' (VERB_wn:01989873v) 'go under,' —> The heavy barge will sink into the deep, murky waters.","YES","06/05/2026, 13:55:04"
"ann2","1777984417398u73qes5p3n","(zero-shot) 'excite' (VERB_wn:01762283v) 'stimulate sexually' —> His intimate caresses and whispered promises quickly began to excite her.","YES","06/05/2026, 13:55:11"
"ann2","1777984417398ntj7keketmn","(zero-shot) 'producer' (NOUN_wn:10480018n) 'someone who finds financing for and supervises the making and presentation of a show (play or film or program or similar work)' —> The television producer secured a multimillion-dollar budget from the network and oversaw the entire filming process to ensure the series launched on time.","YES","06/05/2026, 14:43:10"
"ann2","17779844173981f3apl2exiz","(zero-shot) 'draw' (VERB_wn:00987071v) 'give a description of' —> She drew a vivid picture of her childhood home for us.","YES","06/05/2026, 14:43:21"
"ann2","1777984417398ci199csrat","(zero-shot) 'insure' (VERB_wn:00662589v) 'be careful or certain to do something; make certain of something' —> She must insure her passport stays safe.","YES","06/05/2026, 14:43:29"
"ann2","17779844173983awc5xhog7n","(zero-shot) 'appointed' (ADJ_wn:02129718a) 'fixed or established especially by order or command; )' —> The general ordered the troops to assemble at the appointed hour without delay.","YES","06/05/2026, 14:43:36"
"ann2","1777984417398sb3cgd1h05q","(zero-shot) 'president' (NOUN_wn:10468559n) 'an executive officer of a firm or corporation' —> The president oversees all daily operations and reports directly to the board of directors.","YES","06/05/2026, 14:43:47"
"ann2","1777984417398c375x5oswea","(zero-shot) 'sordid' (ADJ_wn:00621857a) 'unethical or dishonest' —> The whistleblower revealed a sordid arrangement where executives secretly siphoned company funds into offshore accounts.","YES","06/05/2026, 14:43:57"
"ann2","1777984417398ymj01s5qqbr","(zero-shot) 'affirmation' (NOUN_wn:06684798n) '(religion) a solemn declaration that serves the same purpose as an oath (if an oath is objectionable to the person on religious or ethical grounds)' —> The witness requested an affirmation instead of swearing on the Bible, as her faith forbade invoking a deity in legal proceedings.","YES","06/05/2026, 14:44:05"
"ann2","17779844173980h2yvmxcnq3a","(zero-shot) 'submit' (VERB_wn:00669762v) 'accept or undergo, often unwillingly' —> After a long struggle, the rebels were forced to submit to the government's authority.","YES","06/05/2026, 14:44:14"
"ann2","177798441739836ole9gt0ds","(zero-shot) 'sink' (VERB_wn:01986869v) 'cause to sink' —> Overloading the deck will quickly sink the vessel.","YES","06/05/2026, 14:44:30"
"ann2","1777984417398le2qbrj7i7","(zero-shot) 'emotionally' (ADV_wn:00185567r) 'with regard to emotions' —> She approached the difficult decision emotionally, prioritizing her feelings over practical considerations.","YES","06/05/2026, 14:44:39"
"ann2","1777984417398zd47n5xcfu","(zero-shot) 'condensation' (NOUN_wn:06468123n) 'a shortened version of a written work' —> The editor created a condensation of the original manuscript that preserved the author's voice while reducing the word count by half.","YES","06/05/2026, 14:44:47"
"ann2","1777984417398o80jdhvu30m","(zero-shot) 'concentrated' (ADJ_wn:01157762a) '(of light) transmitted directly from a pointed light source' —> The concentrated beam from the laser cutter sliced through the metal with precision.","YES","06/05/2026, 14:44:57"
"ann2","1777984417398k5zwfjl0unl","(zero-shot) 'set_off' (VERB_wn:02717831v) 'make up for' —> The unexpected inheritance set off the years of financial hardship her family had endured.","YES","06/05/2026, 14:45:09"
"ann2","1777984417398m1dggd0zkuo","(zero-shot) 'transmit' (VERB_wn:02079933v) 'transmit or serve as the medium for transmission' —> The copper wire transmits electrical current to the light bulb.","YES","06/05/2026, 14:45:20"
"ann2","1777984417398kxjz8jud0qc","(zero-shot) 'spell' (VERB_wn:00932636v) 'indicate or signify' —> The sudden drop in temperature spells the end of the hiking season.","YES","06/05/2026, 14:45:27"
"ann2","1777984417398tby3av4tu2","(zero-shot) 'take' (VERB_wn:00557404v) 'be seized or affected in a specified way' —> The artist was delighted because the watercolor took so vividly on the textured paper.","YES","06/05/2026, 14:45:38"
"ann2","1777984417398scrkson993r","(zero-shot) 'heighten' (VERB_wn:00227165v) 'make more intense, stronger, or more marked; ,' —> The dim lighting and eerie music served to heighten the tension during the climax of the film.","YES","06/05/2026, 14:45:45"
"ann2","1777984417398aiz7avwibt8","(zero-shot) 'canon' (NOUN_wn:06487729n) 'a complete list of saints that have been recognized by the Roman Catholic Church' —> The bishop consulted the official records to confirm that the newly beatified martyr was indeed listed in the canon.","YES","06/05/2026, 14:45:55"
"ann2","17779844173985au6qchclwb","(zero-shot) 'aged' (ADJ_wn:02581047a) 'at an advanced stage of erosion (pronounced as one syllable)' —> The aged cliffs surrendered another slab of rock to the churning sea below.","YES","06/05/2026, 14:46:05"
"ann2","1777984417398wxxnwh48ujk","(zero-shot) 'delicate' (ADJ_wn:02448324a) 'easily hurt' —> After weeks of harsh criticism, his ego had grown so delicate that even a minor oversight felt like a personal attack.","YES","06/05/2026, 14:46:14"
"ann2","1777984417398141mhdth2pb","(zero-shot) 'vacuum' (NOUN_wn:04517823n) 'an electrical home appliance that cleans by suction' —> My mother bought a cordless vacuum last week to make cleaning the stairs much easier.","YES","06/05/2026, 14:46:22"
"ann2","17779844173986a58z68erpg","(zero-shot) 'reserve' (VERB_wn:02498320v) 'arrange for and reserve (something for someone else) in advance' —> I have already reserved a quiet hotel room for my sister before her business trip begins.","YES","06/05/2026, 14:46:33"
"ann2","1777984417398zlfthwsy6k","(zero-shot) 'representative' (NOUN_wn:10522035n) 'a person who represents others' —> Each neighborhood selected a representative to present their shared concerns at the city planning meeting.","YES","06/05/2026, 14:46:46"
"ann2","1777984417398pud8yo5f0jq","(zero-shot) 'puff' (VERB_wn:00263682v) 'to swell or cause to enlarge,' —> The angry rooster began to puff its feathers to appear more intimidating.","YES","06/05/2026, 14:46:57"
"ann2","17779844173989vqdh33k2iu","(zero-shot) 'inferiority' (NOUN_wn:05165175n) 'the quality of being a competitive disadvantage' —> The startup's technological inferiority prevented it from competing effectively in the crowded software market.","YES","06/05/2026, 14:47:08"
"ann2","1777984417398q9wmhq8m5dp","(zero-shot) 'pick_up' (VERB_wn:01811736v) 'fill with high spirits; fill with optimism' —> The unexpected promotion helped to pick up his spirits, and he bounded into the office with renewed confidence.","YES","06/05/2026, 14:47:17"
"ann2","1777984417398hg5gkg473v7","(zero-shot) 'bet' (VERB_wn:00712708v) 'have faith or confidence in' —> You can bet on John to tell the truth.","YES","06/05/2026, 14:47:25"
"ann2","1777984417398cwcs87axvd9","(zero-shot) 'romance' (NOUN_wn:05208422n) 'an exciting and mysterious quality (as of a heroic time or adventure)' —> The explorer’s weathered diary captured the romance of the expedition, where treacherous passes and uncharted valleys promised both peril and glory.","YES","06/05/2026, 14:47:35"
"ann2","1777984417398zzbc0un1oi","(zero-shot) 'survivor' (NOUN_wn:10681194n) 'one who lives through affliction' —> After the devastating earthquake, every survivor slowly rebuilt their life with quiet determination.","YES","06/05/2026, 14:47:45"
"ann2","1777984417398tiv4dt61te","(zero-shot) 'master' (NOUN_wn:10164233n) 'presiding officer of a school' —> The master gathered the students in the hall to deliver the term's opening address.","YES","06/05/2026, 14:47:52"
"ann2","1777984417398n40ddxk3t1k","(zero-shot) 'swing' (NOUN_wn:04371774n) 'mechanical device used as a plaything to support someone swinging back and forth' —> The children took turns sitting on the creaky metal swing at the neighborhood playground.","YES","06/05/2026, 14:48:03"
"ann2","1777984417398zrq8pw8t9","(zero-shot) 'organize' (VERB_wn:00404642v) 'bring order and organization to' —> The event coordinator will organize the scattered decorations and supplies into designated stations before the conference begins.","YES","06/05/2026, 14:48:11"
"ann2","1777984417398wlw1zt9f2e","(zero-shot) 'shield' (NOUN_wn:01903756n) 'hard outer covering or case of certain organisms such as arthropods and turtles' —> The marine ecologist gently measured the juvenile sea turtle, noting how its rigid shield had already developed the distinctive olive patterning characteristic of the species.","YES","06/05/2026, 14:48:21"
"ann2","17779844173984og82m6mozt","(zero-shot) 'contribute' (VERB_wn:02308741v) 'contribute to some cause' —> She chose to contribute a portion of her salary to the animal welfare organization.","YES","06/05/2026, 14:48:39"
"ann2","17779844173982ckbho2nt31","(zero-shot) 'sac' (NOUN_wn:13092722n) 'a case or sheath especially a pollen sac or moss capsule' —> The pollen sacs within the flower's anther burst open, releasing a cloud of microscopic grains onto the waiting stigma.","YES","06/05/2026, 14:48:48"
"ann2","17779844173984v0vh72mumt","(zero-shot) 'seal' (NOUN_wn:02076196n) 'any of numerous marine mammals that come on shore to breed; chiefly of cold regions' —> A solitary seal hauled itself onto the frosted rocks to rest after a long dive in the churning waters.","YES","06/05/2026, 14:48:56"
"ann2","1777984417398jaqh7xm1wih","(zero-shot) 'pupil' (NOUN_wn:10559288n) 'a young person attending school (up through senior high school)' —> Each pupil in the fourth-grade class received a certificate for their hard work on the science project.","YES","06/05/2026, 14:49:05"
"ann2","17779844173985mznk942b46","(zero-shot) 'hunt' (NOUN_wn:05770257n) 'an instance of searching for something' —> The investigators launched a comprehensive hunt for the missing financial records before the deadline.","YES","06/05/2026, 14:49:16"
"ann2","1777984417398z8acqe372gk","(zero-shot) 'starter' (NOUN_wn:10355449n) 'any new participant in some activity' —> The club welcomed its latest batch of starters with a warm round of applause.","YES","06/05/2026, 14:49:25"
"ann2","1777984417398hv1vnlsd2oo","(zero-shot) 'dull' (ADJ_wn:00800248a) 'not having a sharp edge or point' —> The dull knife slipped off the carrot without making a mark.","YES","06/05/2026, 14:49:35"
"ann2","17779844173982v2kcu6aj3u","(zero-shot) 'line' (NOUN_wn:13905792n) 'a slight depression in the smoothness of a surface' —> The artisan polished the silver bowl until not a single line remained on its gleaming surface.","YES","06/05/2026, 14:49:44"
"ann2","1777984417398q09xirwtjj","(zero-shot) 'endorsement' (NOUN_wn:01215168n) 'the act of endorsing' —> The committee sought his endorsement before finalizing the proposal.","YES","06/05/2026, 14:49:52"
"ann2","1777984417398jheazd8szwe","(zero-shot) 'break' (VERB_wn:01369346v) 'go to pieces' —> The fragile glass vase will break into countless shards if it falls onto the hard floor.","YES","06/05/2026, 14:50:02"
"ann2","1777984417398cqtn6wdm0m5","(zero-shot) 'distribute' (VERB_wn:02201644v) 'give to several people' —> The festival organizers will distribute free passes among the morning crowd.","YES","06/05/2026, 14:50:14"
"ann2","1777984417398dcse4a7o7a9","(zero-shot) 'concession' (NOUN_wn:07176243n) 'the act of conceding or yielding' —> After weeks of stalemate, the government's unexpected concession on the tariff rate finally broke the deadlock and allowed trade negotiations to resume.","YES","06/05/2026, 14:50:24"
"ann2","177798441739880oynclstj6","(zero-shot) 'deep' (ADJ_wn:00149120a) 'exhibiting great cunning usually with secrecy' —> The scandal revealed a web of deep politics that had been orchestrating the election results from behind closed doors.","YES","06/05/2026, 14:50:37"
"ann2","1777984417398z5kdhlakr5","(zero-shot) 'sound' (VERB_wn:02134927v) 'appear in a certain way' —> The proposal sounds reasonable based on the current data.","YES","06/05/2026, 14:50:44"
"ann2","1777984417398m4vw9310bp","(zero-shot) 'ambiguity' (NOUN_wn:06604319n) 'an expression whose meaning cannot be determined from its context' —> The contract contained a glaring ambiguity that allowed both parties to interpret the terms differently.","YES","06/05/2026, 14:50:52"
"ann2","1777984417398h4dlqweg6mf","(zero-shot) 'welcome' (VERB_wn:02237206v) 'accept gladly' —> We welcome your feedback on the project.","YES","06/05/2026, 14:51:01"
"ann2","1777984417398vzgcq03ukkr","(zero-shot) 'circulation' (NOUN_wn:11439031n) 'movement through a circuit; especially the movement of blood through the heart and blood vessels' —> Regular exercise boosts circulation, ensuring that oxygen-rich blood reaches every part of the body efficiently.","YES","06/05/2026, 14:51:08"
"ann2","1777984417398vx8ishkvdub","(zero-shot) 'discharge' (VERB_wn:01134238v) 'go off or discharge' —> The guard shouted an order to cease fire after the rookie accidentally discharged his rifle.","YES","06/05/2026, 14:51:18"
"ann2","1777984417398rogstfaa9qr","(zero-shot) 'pass' (VERB_wn:02052476v) 'cause to pass' —> The legislature passed the bill with a unanimous vote.","YES","06/05/2026, 14:51:27"
"ann2","1777984417398tyab6hac69","(zero-shot) 'straighten' (VERB_wn:00275843v) 'put (things or places) in order' —> Please straighten the living room before the guests arrive.","YES","06/05/2026, 14:51:34"
"ann2","1777984417398wuayfdhr0xb","(zero-shot) 'acquaintance' (NOUN_wn:09763784n) 'a person with whom you are acquainted' —> Several old acquaintances from college stopped by to share some exciting news.","YES","06/05/2026, 14:51:43"
"ann2","1777984417398q08qo040z4","(zero-shot) 'indifferent' (ADJ_wn:01532454a) 'neither too great nor too little' —> The rainfall throughout the season proved indifferent, delivering a moderate amount of moisture that was neither a scarce trickle nor a devastating flood.","YES","06/05/2026, 14:51:54"
"ann2","1777984417398e3zh22rwmdw","(zero-shot) 'unite' (VERB_wn:00243124v) 'join or combine' —> The two clans decided to unite their forces against the common enemy.","YES","06/05/2026, 14:52:03"
"ann2","17779844173980cnhze1u3kin","(zero-shot) 'belt' (NOUN_wn:02828115n) 'ammunition (usually of small caliber) loaded in flexible linked strips for use in a machine gun' —> The gunner quickly fed a fresh belt into the machine gun before the squad advanced down the corridor.","YES","06/05/2026, 14:52:11"
"ann2","17779844173982bew1a4y1ur","(zero-shot) 'sound' (NOUN_wn:05718254n) 'the subjective sensation of hearing something' —> After the concert, the ringing sound lingered in his ears for minutes.","YES","06/05/2026, 14:52:22"
"ann2","1777984417398qoejsbuzfh","(zero-shot) 'anxious' (ADJ_wn:02456157a) 'causing or fraught with or showing anxiety' —> The anxious mother waited by the phone.","YES","06/05/2026, 14:52:31"
"ann2","17779844173981n12tbcghbhh","(zero-shot) 'flash' (VERB_wn:02138611v) 'expose or show briefly' —> The agent flashed his identification card to the border patrol.","YES","06/05/2026, 14:52:41"
"ann2","1777984417398pp4ltdpnl7i","(zero-shot) 'overwhelming' (ADJ_wn:01511152a) 'very intense' —> The overwhelming roar of the crowd shook the stadium walls during the championship final.","YES","06/05/2026, 14:52:49"
"ann2","1777984417398bleuhioxmiq","(zero-shot) 'diagnose' (VERB_wn:00645552v) 'determine or distinguish the nature of a problem or an illness through a diagnostic analysis' —> The specialist performed a series of tests to diagnose the root cause of the system's malfunction.","YES","06/05/2026, 14:52:59"
"ann2","1777984417398ciazz6452mc","(zero-shot) 'breadth' (NOUN_wn:05136150n) 'the extent of something from side to side' —> The architect measured the breadth of the ancient stone archway to determine if the sculpture would pass through without obstruction.","YES","06/05/2026, 14:53:09"
"ann2","1777984417398jw1vrnxkql","(zero-shot) 'rank' (NOUN_wn:08398179n) 'the ordinary members of an organization (such as the enlisted soldiers of an army)' —> The political party struggled to attract young volunteers to fill its dwindling ranks.","YES","06/05/2026, 14:53:19"
"ann2","1777984417398jp5y6a9upvi","(zero-shot) 'unhappiness' (NOUN_wn:07532440n) 'emotions experienced when not in a state of well-being' —> A profound sense of unhappiness settled over the village after the devastating flood destroyed their homes.","YES","06/05/2026, 14:53:27"
"ann2","1777984417398e5c977enk4","(zero-shot) 'invisible' (ADJ_wn:00581401a) 'not prominent or readily noticeable' —> The new employee remained invisible in the crowded office, blending seamlessly into the background while others took center stage.","YES","06/05/2026, 14:53:37"
"ann2","1777984417398cmpzdpbr9ml","(zero-shot) 'line' (NOUN_wn:03671668n) 'a particular kind of product or merchandise' —> Our new line of eco-friendly home goods has received excellent feedback from customers.","YES","06/05/2026, 14:53:47"
"ann2","1777984417398fqon8z53dj","(zero-shot) 'misfortune' (NOUN_wn:07304852n) 'unnecessary and unforeseen trouble resulting from an unfortunate event' —> The sudden storm brought misfortune to the hikers, damaging their gear.","YES","06/05/2026, 14:53:56"
"ann2","1777984417398omi093v1fos","(zero-shot) 'fissure' (NOUN_wn:05223370n) '(anatomy) a long narrow slit or groove that divides an organ into lobes' —> The deep longitudinal fissure runs down the midline of the brain, separating the left and right hemispheres.","YES","06/05/2026, 14:54:07"
"ann2","1777984417398urxfmccbtsj","(zero-shot) 'cheat' (VERB_wn:01104624v) 'defeat someone through trickery or deceit' —> The cunning gambler hoped to cheat his opponent by loading the dice before the final hand.","YES","06/05/2026, 14:54:17"
"ann2","17779844173989mgz6i8j52s","(zero-shot) 'tease' (VERB_wn:00040188v) 'ruffle (one's hair) by combing the ends towards the scalp, for a full effect' —> The stylist teased the model's hair at the roots to build volume for the retro bouffant style.","YES","06/05/2026, 14:54:27"