"Annotator","Item ID","Content","Annotation","Timestamp"
"ann1","1777802468459ql1m4ilk00a","(one-shot) 'perch' (NOUN_wn:02556846n) 'spiny-finned freshwater food and game fishes' —> The angler hoped to catch a perch in the clear lake.","YES","05/05/2026, 11:58:41"
"ann1","17778024684594c3z0szsvua","(one-shot) 'infest' (VERB_wn:02654585v) 'live on or in a host, as of parasites' —> The parasitic larvae began to infest the weak sheep.","YES","05/05/2026, 11:58:46"
"ann1","177780246845908l8s3a0lmba","(one-shot) 'output' (NOUN_wn:03860882n) 'what is produced in a given time period' —> The factory increased its output by ten percent this quarter.","YES","05/05/2026, 11:58:50"
"ann1","1777802468459u34xfwn479","(one-shot) 'crash' (VERB_wn:00434919v) 'stop operating' —> The computer suddenly crashed.","YES","05/05/2026, 11:58:56"
"ann1","1777802468459q4bg56e69rc","(one-shot) 'jack' (NOUN_wn:03589220n) 'small flag indicating a ship's nationality' —> The captain raised the jack to signal their nationality to the passing vessels.","YES","05/05/2026, 15:58:04"
"ann1","1777802468459fktmurtdorc","(one-shot) 'assembly' (NOUN_wn:01229938n) 'the social act of assembling' —> The annual assembly brings together alumni from all over the country.","YES","05/05/2026, 15:58:09"
"ann1","17778024684598cslee5so09","(one-shot) 'show' (VERB_wn:02137132v) 'make visible or noticeable' —> The bright lights show the dancer's graceful movements.","YES","05/05/2026, 15:58:14"
"ann1","1777802468459v54iz2sqjy","(one-shot) 'crash' (VERB_wn:01972570v) 'fall or come down violently' —> The old oak tree crashed down during the storm.","YES","05/05/2026, 15:58:19"
"ann1","1777802468459c7jjsye1opp","(one-shot) 'offensive' (ADJ_wn:01628302a) 'causing anger or annoyance' —> His offensive remarks during the meeting made everyone uncomfortable.","YES","05/05/2026, 15:58:27"
"ann1","1777802468459wy50p9ou7xh","(one-shot) 'curb' (NOUN_wn:03149135n) 'a horse's bit with an attached chain or strap to check the horse' —> The jockey carefully adjusted the curb to ensure the horse responded correctly to the rein pressure.","YES","05/05/2026, 15:58:36"
"ann1","17778024684590gunalkxzk7l","(one-shot) 'grant' (NOUN_wn:13266892n) 'any monetary aid' —> She applied for a government grant to fund her research project.","YES","05/05/2026, 15:58:41"
"ann1","1777802468459ai17y2e2i9v","(one-shot) 'necessarily' (ADV_wn:00408375r) 'as a highly likely consequence' —> Sudden economic collapse will necessarily lead to widespread unemployment.","YES","05/05/2026, 15:58:46"
"ann1","17778024684590te33rp8wfjj","(one-shot) 'polyp' (NOUN_wn:14234436n) 'a small vascular growth on the surface of a mucous membrane' —> The doctor identified a small polyp in the patient's colon and recommended its removal.","YES","05/05/2026, 15:58:54"
"ann1","17778024684594edufithuek","(one-shot) 'correct' (ADJ_wn:00631391a) 'free from error; especially conforming to fact or truth' —> The teacher confirmed that the student's answer was correct.","YES","05/05/2026, 16:13:41"
"ann1","1777802468459f4jwtoouadr","(one-shot) 'romance' (NOUN_wn:06963951n) 'the group of languages derived from Latin' —> Romance languages such as Italian and Spanish are widely spoken across Europe.","YES","05/05/2026, 16:13:48"
"ann1","1777802468459l9tus5hko6","(one-shot) 'performance' (NOUN_wn:00550771n) 'the act of presenting a play or a piece of music or other entertainment' —> The audience waited with bated breath for the band's final performance.","YES","05/05/2026, 16:13:54"
"ann1","1777802468459x6p5rx0ox2","(one-shot) 'recess' (NOUN_wn:01062997n) 'a pause from doing something (as work)' —> The teacher called for a brief recess to allow the students to stretch their legs.","YES","05/05/2026, 16:13:58"
"ann1","1777802468459titp224s8q","(one-shot) 'line' (NOUN_wn:05748786n) 'a conceptual separation or distinction' —> There is a clear line between constructive criticism and personal attack.","YES","05/05/2026, 16:14:06"
"ann1","1777802468459cq69luj5xbf","(one-shot) 'measure' (NOUN_wn:07260623n) 'a basis for comparison; a reference point against which other things can be evaluated' —> We need a reliable measure to judge the quality of our work.","YES","05/05/2026, 16:14:22"
"ann1","1777802468459jfsuiqkx2u","(one-shot) 'effective' (ADJ_wn:01660712a) 'ready for service' —> The new safety protocol will be effective immediately.","YES","05/05/2026, 16:14:25"
"ann1","1777802468459veix5py28l8","(one-shot) 'isolated' (ADJ_wn:00594267a) 'not close together in time' —> The severe storms in that region were isolated events, occurring only once every decade.","YES","05/05/2026, 16:14:30"
"ann1","1777802468459n4xsv83clzi","(one-shot) 'barrier' (NOUN_wn:05690916n) 'any condition that makes it difficult to make progress or to achieve an objective' —> Lack of funding was the main barrier to the project's completion.","YES","05/05/2026, 16:14:36"
"ann1","1777802468459zn6xxpealtq","(one-shot) 'recover' (VERB_wn:02247977v) 'get or find back; recover the use of' —> The athlete hoped to recover her strength after the long illness.","YES","05/05/2026, 16:15:23"
"ann1","1777802468459ojf1npv3ah","(one-shot) 'modest' (ADJ_wn:01851916a) 'free from pomp or affectation' —> He preferred a modest lifestyle that focused on simplicity rather than grand displays of wealth.","YES","05/05/2026, 16:16:18"
"ann1","1777802468459s7psrs4mjel","(one-shot) 'contract' (VERB_wn:00087736v) 'be stricken by an illness, fall victim to an illness' —> He contracted malaria during his expedition through the Amazon rainforest.","YES","05/05/2026, 16:16:22"
"ann1","1777802468459qkxfoxpl2s","(one-shot) 'interview' (VERB_wn:00809453v) 'go for an interview in the hope of being hired' —> She will interview at the tech company next Tuesday.","YES","05/05/2026, 16:16:38"
"ann1","1777802468459gcl5gkapc2","(one-shot) 'streak' (NOUN_wn:04920435n) 'a distinctive characteristic' —> She had a streak of rebellion in her personality that often clashed with her disciplined nature.","YES","05/05/2026, 16:16:51"
"ann1","1777802468459nafrcuihp4","(one-shot) 'graphic' (ADJ_wn:02736808a) 'relating to or presented by a graph' —> The consultant presented a graphic analysis of the quarterly sales trends.","YES","05/05/2026, 16:17:04"
"ann1","1777802468459t2epw32mmq","(one-shot) 'thong' (NOUN_wn:04426316n) 'a thin strip of leather; often used to lash things together' —> He used a thick leather thong to secure the bundle of sticks together.","YES","05/05/2026, 16:17:16"
"ann1","1777802468459end0iha162u","(one-shot) 'stick' (VERB_wn:01857392v) 'stay put (in a certain place)' —> Please stick to your seats until the plane has come to a complete stop.","YES","05/05/2026, 16:17:24"
"ann1","1777802468459fz348m391ot","(one-shot) 'invention' (NOUN_wn:05633385n) 'the creation of something in the mind' —> The sudden invention of a new strategy during the game changed everything.","YES","05/05/2026, 16:17:41"
"ann1","1777802468459n2bk6idzkwd","(one-shot) 'show' (NOUN_wn:00755277n) 'pretending that something is the case in order to make a good impression' —> His charm was nothing but a calculated show designed to win their favor.","YES","05/05/2026, 16:17:49"
"ann1","1777802468459uh4mqalr34s","(one-shot) 'bowl' (VERB_wn:01146507v) 'engage in the sport of bowling' —> We plan to bowl at the local alley this evening.","YES","05/05/2026, 16:17:56"
"ann1","1777802468459teq41mcou7m","(one-shot) 'grant' (VERB_wn:02255268v) 'allow to have' —> The committee decided to grant him access to the secure files.","YES","05/05/2026, 16:18:01"
"ann1","17778024684599442207325r","(one-shot) 'shroud' (NOUN_wn:04188368n) '(nautical) a line (rope or chain) that regulates the angle at which a sail is set in relation to the wind' —> The captain ordered the crew to tighten the shroud to adjust the sail's angle against the gusting wind.","YES","05/05/2026, 16:18:20"
"ann1","17778024684590k58qe9xadz5","(one-shot) 'address' (VERB_wn:00990655v) 'speak to someone' —> The speaker addressed the audience with a welcoming speech.","YES","05/05/2026, 16:18:28"
"ann1","1777802468459iv7k2858s6","(one-shot) 'smoothness' (NOUN_wn:07069210n) 'powerful and effective language' —> The essay was praised for its rhetorical smoothness rather than its complex vocabulary.","YES","05/05/2026, 16:19:31"
"ann1","177780246845925kdhh9yn6l","(one-shot) 'cut_short' (VERB_wn:00520602v) 'cause to end earlier than intended' —> The heavy rain forced us to cut short our hiking trip.","YES","05/05/2026, 16:19:37"
"ann1","1777802468459kwexn49vcf8","(one-shot) 'free' (VERB_wn:02422026v) 'free from obligations or duties' —> The weekend finally frees me from work responsibilities.","YES","05/05/2026, 16:19:41"
"ann1","1777802468459jnqsjphljq","(one-shot) 'enact' (VERB_wn:02427916v) 'order by virtue of superior authority; decree' —> The president plans to enact a new law on environmental protection.","YES","05/05/2026, 16:19:54"
"ann1","1777802468459nlmmeuyl5od","(one-shot) 'pick_up' (VERB_wn:02117955v) 'perceive with the senses quickly, suddenly, or momentarily' —> She could pick up the faint scent of lavender from a distance.","YES","05/05/2026, 16:20:02"
"ann1","177780246845907cz4nzuoqxl","(one-shot) 'stretch' (NOUN_wn:00341243n) 'the act of physically reaching or thrusting out' —> She made a sudden stretch to grab the top shelf.","YES","05/05/2026, 16:20:14"
"ann1","1777802468459wpy1q0gtv3f","(one-shot) 'isolate' (VERB_wn:00495808v) 'set apart from others' —> The infected patient needs to isolate in a separate room.","YES","05/05/2026, 16:20:38"
"ann1","1777802468459pbzjwzsye9i","(one-shot) 'carrier' (NOUN_wn:09897696n) 'someone whose employment involves carrying something' —> The porters worked as carriers, lifting heavy bags for travelers at the busy train station.","YES","05/05/2026, 16:20:55"
"ann1","177780246845991rrh8fu6v","(one-shot) 'pass' (NOUN_wn:15139552n) '(military) a written leave of absence' —> The soldier received a temporary pass to visit his family for the holidays.","YES","05/05/2026, 16:21:06"
"ann1","17778024684597p21jq5l5pq","(one-shot) 'ram' (NOUN_wn:04052757n) 'the most common computer memory which can be used by programs to perform necessary tasks while the computer is on; an integrated circuit memory chip allows information to be stored or accessed in any order and all storage locations are equally accessible' —> The new computer configuration included an upgrade to sixteen gigabytes of RAM.","YES","05/05/2026, 16:21:12"
"ann1","1777802468459uhkxsj2qxm","(one-shot) 'magnetic_pole' (NOUN_wn:03976960n) 'one of the two ends of a magnet where the magnetism seems to be concentrated' —> The compass needle aligns itself with the Earth's magnetic pole.","YES","05/05/2026, 16:21:18"
"ann1","1777802468459kdn4sugk1m","(one-shot) 'empty' (VERB_wn:01488313v) 'remove' —> Please empty the trash.","YES","05/05/2026, 16:21:20"
"ann1","177780246845908ypdc0ntbuk","(one-shot) 'correction' (NOUN_wn:01161821n) 'the act of punishing' —> The judge insisted that the swift correction of the offender would serve as a deterrent to others.","YES","05/05/2026, 16:21:37"
"ann1","1777802468459rt64lgg61sf","(one-shot) 'cabinet' (NOUN_wn:02933112n) 'a piece of furniture resembling a cupboard with doors and shelves and drawers; for storage or display' —> She opened the antique cabinet to reveal a collection of delicate porcelain vases.","YES","05/05/2026, 16:21:44"
"ann1","1777802468459pmz458rx6dd","(one-shot) 'scented' (ADJ_wn:01057103a) '(used in combination) having the odor of' —> She opened the scented candle to fill the room with a comforting aroma.","YES","05/05/2026, 16:21:49"
"ann1","17778024684590bsu2ai5d1mg","(one-shot) 'seal' (NOUN_wn:02076196n) 'any of numerous marine mammals that come on shore to breed; chiefly of cold regions' —> A curious seal barked at the fisherman while resting on the icy shore.","YES","05/05/2026, 16:22:06"
"ann1","1777802468459e2ovmja3azp","(one-shot) 'post' (VERB_wn:01031256v) 'cause to be directed or transmitted to another place' —> The technician will post the data to the central server.","YES","05/05/2026, 17:07:33"
"ann1","1777802468459msvjqxcvzym","(one-shot) 'reconcile' (VERB_wn:00482473v) 'bring into consonance or accord' —> The mediator tried to reconcile the opposing views of the two shareholders.","YES","05/05/2026, 17:07:39"
"ann1","1777802468459zpl714soo8e","(one-shot) 'blast' (NOUN_wn:06711159n) 'intense adverse criticism' —> The senator faced a severe blast from the opposition party during the televised debate.","YES","05/05/2026, 17:07:43"
"ann1","1777802468459v63faknewcq","(one-shot) 'glow' (VERB_wn:01829747v) 'experience a feeling of well-being or happiness, as from good health or an intense emotion' —> She began to glow with happiness after receiving the good news.","YES","05/05/2026, 17:07:50"
"ann1","17778024684590i9dbad57pzg","(one-shot) 'take' (VERB_wn:02599636v) 'carry out' —> The committee will take charge of the new project.","YES","05/05/2026, 17:07:55"
"ann1","1777802468459lpsknrsnvdn","(one-shot) 'garnish' (NOUN_wn:07621618n) 'something (such as parsley) added to a dish for flavor or decoration' —> The chef added a fresh garnish of parsley to brighten the presentation of the soup.","YES","05/05/2026, 17:07:59"
"ann1","1777802468459i8cvdo1bts9","(one-shot) 'fluorescent' (ADJ_wn:00403505a) 'brilliantly colored and apparently giving off light' —> The fluorescent highlighter made the important text stand out sharply against the white paper.","YES","05/05/2026, 17:08:07"
"ann1","1777802468459btlkf8rzqhk","(one-shot) 'submerged' (ADJ_wn:02472252a) 'beneath the surface of the water' —> The sunken ship lay submerged in the depths of the ocean.","YES","05/05/2026, 17:08:13"
"ann1","1777802468459huwqoy3avip","(one-shot) 'lead' (NOUN_wn:06651577n) 'an indication of potential opportunity' —> The detective followed the lead to discover the missing jewels.","NO","05/05/2026, 17:08:23"
"ann1","1777802468459qugjl35syd","(one-shot) 'sever' (VERB_wn:01560984v) 'set or keep apart' —> The lawyer used a clause to sever the two parties from further legal entanglement.","YES","05/05/2026, 17:08:36"
"ann1","1777802468459l9wssabeuco","(one-shot) 'problem' (NOUN_wn:06784003n) 'a question raised for consideration or solution' —> The committee gathered to discuss the problem of budget cuts.","YES","05/05/2026, 17:08:39"
"ann1","17778024684597tgxyjmq6b","(one-shot) 'bank' (VERB_wn:02343374v) 'do business with a bank or keep an account at a bank' —> I prefer to bank at a credit union rather than a large commercial institution.","YES","05/05/2026, 17:08:45"
"ann1","1777802468459gw8p1wqjg8","(one-shot) 'lay' (VERB_wn:00834259v) 'tell an untruth; pretend with intent to deceive' —> He was caught in a lie about the missing funds.","WRONG","05/05/2026, 17:08:57"
"ann1","17778024684590mn6jnvna3ti","(one-shot) 'interruption' (NOUN_wn:00383952n) 'an act of delaying or interrupting the continuity' —> The constant noise from the construction site caused a significant interruption to our morning meditation.","YES","05/05/2026, 17:09:08"
"ann1","1777802468459w2wthx6h0p","(one-shot) 'above' (ADV_wn:00079947r) 'at an earlier place' —> Please review the data presented above.","YES","05/05/2026, 17:09:14"
"ann1","17778024684594wo23eb3zc","(one-shot) 'off' (ADV_wn:00232936r) 'from a particular thing or place or position (`forth' is obsolete)' —> The diver swam off the platform.","YES","05/05/2026, 17:09:29"
"ann1","1777802468459vwqq2rwxz","(one-shot) 'pass' (VERB_wn:00803325v) 'grant authorization or clearance for' —> The committee voted to pass the new safety regulations.","YES","05/05/2026, 17:09:37"
"ann1","1777802468459zctgq2xcn7k","(one-shot) 'distributor' (NOUN_wn:09784707n) 'a person with authority to allot or deal out or apportion' —> The manager acted as a distributor of resources, carefully allotting funds to each department based on their specific needs.","YES","05/05/2026, 17:26:12"
"ann1","1777802468459febujk8tmyi","(one-shot) 'down' (ADJ_wn:02491961a) 'being or moving lower in position or less in some value' —> The stock price went down sharply.","YES","05/05/2026, 17:26:19"
"ann1","1777802468459r3wk53t6wvo","(one-shot) 'course' (NOUN_wn:08238463n) 'a body of students who are taught together' —> The summer course on marine biology was limited to only twenty students due to the small size of the boat.","YES","05/05/2026, 17:26:29"
"ann1","1777802468459nu4nzd20sy","(one-shot) 'naturally' (ADV_wn:00038625r) 'as might be expected' —> Naturally, she was disappointed when her flight was canceled.","YES","05/05/2026, 17:26:34"
"ann1","1777802468459a7p0cdyuryk","(one-shot) 'modest' (ADJ_wn:01415219a) 'limited in size or scope' —> The restaurant occupies only a modest corner of the building.","YES","05/05/2026, 17:26:37"
"ann1","1777802468459ixwnem8qntj","(one-shot) 'title' (NOUN_wn:05181199n) 'an established or recognized right' —> The historical documents confirmed his title to the ancestral estate.","YES","05/05/2026, 17:26:41"
"ann1","1777802468459hvsom6lc3ps","(one-shot) 'accommodate' (VERB_wn:02651424v) 'provide housing for' —> The new wing of the hospital will accommodate twenty additional patients.","YES","05/05/2026, 17:26:48"
"ann1","17778024684598n3wp85z5i3","(one-shot) 'settle' (VERB_wn:01986551v) 'cause to become clear by forming a sediment (of liquids)' —> Let the muddy water sit for a while so the particles can settle to the bottom.","YES","05/05/2026, 17:27:00"
"ann1","1777802468459ahy9cqih9x","(one-shot) 'fracture' (VERB_wn:00107943v) 'break (a bone)' —> The athlete fractured his ankle during the marathon.","YES","05/05/2026, 17:27:03"
"ann1","1777802468459ko36k8agmno","(one-shot) 'aid' (NOUN_wn:00654885n) 'the work of providing treatment for or attending to someone or something' —> The emergency crew provided immediate aid to the injured hiker.","YES","05/05/2026, 17:27:11"
"ann1","177780246845906hlqtvonn7u","(one-shot) 'essence' (NOUN_wn:06604066n) 'the central meaning or theme of a speech or literary work' —> The short film captured the essence of the novel without needing to include every plot detail.","YES","05/05/2026, 17:27:22"
"ann1","1777802468459zn8k1698jl","(one-shot) 'utility' (NOUN_wn:08185758n) 'a company that performs a public service; subject to government regulation' —> The local utility announced a rate increase to cover the costs of repairing aging infrastructure.","YES","05/05/2026, 17:27:37"
"ann1","1777802468459ui394z77ewa","(one-shot) 'shock' (NOUN_wn:07298982n) 'an unpleasant or disappointing surprise' —> The sudden announcement of his resignation came as a profound shock to everyone in the department.","YES","05/05/2026, 17:27:47"
"ann1","17778024684590zoy02ilpwy9","(one-shot) 'regenerate' (VERB_wn:00097621v) 'restore strength' —> She used the quiet afternoon to regenerate her energy.","YES","05/05/2026, 17:27:51"
"ann1","1777802468459t26c3ncrlmq","(one-shot) 'message' (NOUN_wn:06253690n) 'a communication (usually brief) that is written or spoken or signaled' —> Please leave a message after the beep.","YES","05/05/2026, 17:27:57"
"ann1","1777802468459pxqhr7r6ilp","(one-shot) 'Wilson' (NOUN_wn:11391759n) 'Canadian geophysicist who was a pioneer in the study of plate tectonics (1908-1993)' —> Wilson provided groundbreaking insights into the mechanisms of seafloor spreading.","YES","05/05/2026, 17:28:01"
"ann1","17778024684591uxjb354bbd","(one-shot) 'propagate' (VERB_wn:01436139v) 'transmit' —> The algorithm was designed to propagate data across the network.","YES","05/05/2026, 17:28:05"
"ann1","1777802468459t1tt837mihp","(one-shot) 'horn' (NOUN_wn:03537241n) 'a device having the shape of a horn' —> The truck driver sounded the horn to clear the intersection.","NO","05/05/2026, 17:28:24"
"ann1","1777802468459mpw5gne7rmp","(one-shot) 'excuse' (VERB_wn:00894738v) 'defend, explain, clear away, or make excuses for by reasoning' —> He tried to excuse his tardiness by blaming the traffic.","YES","05/05/2026, 17:28:33"
"ann1","17778024684592y22rts6a58","(one-shot) 'touch' (NOUN_wn:07188238n) 'the act of soliciting money (as a gift or loan)' —> She avoided making a touch for spare change on the street corner.","YES","05/05/2026, 17:28:40"
"ann1","1777802468459o6sb09lkkyo","(one-shot) 'find' (VERB_wn:00715239v) 'come to believe on the basis of emotion, intuitions, or indefinite grounds' —> She found the movie deeply unsettling.","YES","05/05/2026, 17:28:50"
"ann1","177780246845924mdhrnz7r2","(one-shot) 'jerk' (VERB_wn:01891817v) 'move with abrupt, seemingly uncontrolled motions' —> The car jerks forward every time the traffic light turns green.","YES","05/05/2026, 17:28:55"
"ann1","1777802468459sr8sjfrinur","(one-shot) 'lacquer' (NOUN_wn:03631811n) 'a hard glossy coating' —> The antique furniture was restored with a fresh coat of lacquer to restore its original shine.","YES","05/05/2026, 17:29:01"
"ann1","17778024684594rdyssaf4kg","(one-shot) 'commune' (NOUN_wn:08375369n) 'a body of people or families living together and sharing everything' —> The intentional commune practiced shared ownership of all resources and responsibilities among its members.","YES","05/05/2026, 17:29:08"
"ann1","1777802468459r1qan90itr","(one-shot) 'commotion' (NOUN_wn:07442068n) 'confused movement' —> The sudden commotion in the hallway caused the students to drop their books.","YES","05/05/2026, 17:29:18"
"ann1","17778024684595kibvuf3ltu","(one-shot) 'heighten' (VERB_wn:00227165v) 'make more intense, stronger, or more marked; ,' —> The dramatic lighting served to heighten the tension during the final act of the play.","YES","05/05/2026, 17:29:38"
"ann1","177780246845982guqvnhp0n","(one-shot) 'warm' (VERB_wn:00373250v) 'get warm or warmer' —> The room began to warm as the fireplace burned brightly.","YES","05/05/2026, 17:29:41"
"ann1","1777802468459fbmhcq7qyes","(one-shot) 'symbol' (NOUN_wn:05765415n) 'something visible that by association or convention represents something else that is invisible' —> The dove is a universal symbol of peace.","YES","05/05/2026, 17:29:47"
"ann1","1777802468459n1z6osl95b","(one-shot) 'expire' (VERB_wn:02684784v) 'lose validity' —> Your driver's license will expire at the end of the month.","YES","05/05/2026, 17:29:50"
"ann1","1777802468459zonb14sqa1p","(one-shot) 'virtue' (NOUN_wn:05138958n) 'any admirable quality or attribute' —> Her patience and kindness are virtues that everyone admires.","YES","05/05/2026, 17:29:53"
"ann1","1777802468459px6vzv09ix","(one-shot) 'mantle' (NOUN_wn:06883956n) 'the cloak as a symbol of authority' —> The emperor handed the golden mantle to his successor, signifying the transfer of royal power.","YES","05/05/2026, 17:29:57"
"ann1","1777802468459z4unpxycmx","(one-shot) 'unlock' (VERB_wn:01348705v) 'open the lock of' —> He used the key to unlock the door.","YES","05/05/2026, 17:30:01"
"ann1","1777802468459up1cc0njrr","(one-shot) 'shank' (NOUN_wn:00573945n) 'a poor golf stroke in which the heel of the club hits the ball' —> He groaned as the loud click of a shank sent the ball careening into the left bunker.","YES","05/05/2026, 17:30:08"
"ann1","1777802468459312relhak8p","(one-shot) 'occupy' (VERB_wn:02394183v) 'assume, as of positions or roles' —> She was asked to occupy the position of interim director until a permanent replacement was found.","YES","05/05/2026, 17:30:12"
"ann1","1777802468459q2j3ktlq4j","(one-shot) 'scale' (VERB_wn:01922466v) 'climb up by means of a ladder' —> The firefighters managed to scale the burning building using their extension ladders.","YES","05/05/2026, 17:30:17"
"ann1","17778024684591feimchv33l","(one-shot) 'label' (VERB_wn:00651480v) 'distinguish (as a compound or molecule) by introducing a labeled atom' —> The researchers decided to label the DNA sequence with a fluorescent marker to track its movement within the cell.","YES","05/05/2026, 17:30:24"
"ann1","1777802468459os544ni57y7","(one-shot) 'quantifier' (NOUN_wn:06302542n) '(logic) a word (such as `some' or `all' or `no') that binds the variables in a logical proposition' —> The philosopher explained how the universal quantifier transforms the scope of the argument.","YES","05/05/2026, 17:30:31"
"ann1","1777802468459k41wopsa5g","(one-shot) 'domestic' (ADJ_wn:02388921a) 'converted or adapted to domestic use' —> The barn was renovated into a spacious domestic residence.","YES","05/05/2026, 17:30:38"
"ann1","1777802468459qmyvdjkc60d","(one-shot) 'bid' (VERB_wn:02300060v) 'make a demand, as for a card or a suit or a show of hands' —> She bid hearts during the auction.","YES","05/05/2026, 17:30:56"
"ann1","1777802468459rwniy69g0po","(one-shot) 'make_out' (VERB_wn:01426153v) 'kiss, embrace, or fondle with sexual passion' —> They decided to make out on the beach after the fireworks display ended.","YES","05/05/2026, 17:31:00"
"ann1","1777802468459mt3zc2lopkc","(one-shot) 'heritage' (NOUN_wn:04921011n) 'any attribute or immaterial possession that is inherited from ancestors' —> Her rich cultural heritage was preserved through traditional storytelling.","YES","05/05/2026, 17:31:07"
"ann1","1777802468459cdj0bd7uzol","(one-shot) 'rouse' (VERB_wn:02056466v) 'force or drive out' —> The fire was used to rouse the snakes from their underground dens.","YES","05/05/2026, 17:31:14"
"ann1","17778024684594e437mfyqab","(one-shot) 'square' (VERB_wn:02253341v) 'pay someone and settle a debt' —> I went to the bank to square with the landlord.","YES","05/05/2026, 17:31:18"
"ann1","1777802468459vx998bqigj","(one-shot) 'still' (ADJ_wn:01565751a) 'used of pictures; of a single or static photograph not presented so as to create the illusion of motion; or representing objects not capable of motion' —> The gallery displayed a collection of still images from the photographer's recent trip.","YES","05/05/2026, 17:31:38"
"ann1","1777802468459mp2fgk7mafo","(one-shot) 'rack' (VERB_wn:02241107v) 'obtain by coercion or intimidation' —> The gang managed to rack information from the witness through threats.","YES","05/05/2026, 17:31:42"
"ann1","1777802468459mcutxpfyzgl","(one-shot) 'poise' (VERB_wn:01602665v) 'cause to be balanced or suspended' —> The artist carefully poise the scale to ensure the weights are perfectly balanced.","WRONG","05/05/2026, 17:31:50"
"ann1","1777802468459vs1bn4rcmgm","(one-shot) 'strain' (VERB_wn:01146051v) 'to exert much effort or energy' —> She strained to lift the heavy box onto the shelf.","YES","05/05/2026, 17:31:55"
"ann1","17778024684597vpag930k4g","(one-shot) 'suit' (VERB_wn:02699941v) 'accord or comport with' —> Her sharp wit suited the role perfectly.","YES","05/05/2026, 17:31:59"
"ann1","1777802468459m22a5u7vju","(one-shot) 'perch' (NOUN_wn:07780173n) 'any of numerous fishes of America and Europe' —> The lake is teeming with perch and other freshwater species.","YES","05/05/2026, 17:32:04"
"ann1","1777802468459616sevhoglt","(one-shot) 'cleavage' (NOUN_wn:13920012n) 'the state of being split or cleft' —> The geological cleavage of the rock layers revealed the immense pressure they had endured over millennia.","YES","05/05/2026, 17:32:11"
"ann1","17778024684591kv3tbimbdu","(one-shot) 'softly' (ADV_wn:00343660r) 'used as a direction in music; to be played relatively softly' —> The pianist marked the final movement of the concerto to be played softly, allowing the delicate notes to fade into silence.","YES","05/05/2026, 17:32:17"
"ann1","1777802468459i2kis5iuthe","(one-shot) 'get_up' (VERB_wn:00018405v) 'cause to rise' —> The coach helped get up the injured player from the ground.","YES","05/05/2026, 17:32:21"
"ann1","1777802468459v9zum9vebu","(one-shot) 'fury' (NOUN_wn:07516997n) 'a feeling of intense anger' —> The storm seemed to mirror the fury brewing inside him as he clenched his fists.","YES","05/05/2026, 17:32:26"
"ann1","1777802468459v0az8mqt049","(one-shot) 'hide' (NOUN_wn:14759275n) 'the dressed skin of an animal (especially a large animal)' —> The tanner carefully inspected the buffalo hide before beginning the curing process.","YES","06/05/2026, 10:50:58"
"ann1","1777802468459kzr4zlasi3p","(one-shot) 'realism' (NOUN_wn:05974564n) '(philosophy) the philosophical doctrine that abstract concepts exist independent of their names' —> The professor argued that Plato's theory of Forms is the most famous example of realism.","YES","06/05/2026, 10:51:08"
"ann1","17778024684597c5smktm1","(one-shot) 'cut' (NOUN_wn:00359238n) 'the act of shortening something by chopping off the ends' —> The gardener applied a sharp cut to the overgrown rose stems.","YES","06/05/2026, 10:51:16"
"ann1","1777802468459ff767hnt3q7","(one-shot) 'cabinet' (NOUN_wn:02933462n) 'a storage compartment for clothes and valuables; usually it has a lock' —> She locked the silverware inside the antique cabinet.","YES","06/05/2026, 10:59:27"
"ann1","1777802468459u5hht3mgn17","(one-shot) 'caste' (NOUN_wn:08306047n) 'a social class separated from others by distinctions of hereditary rank or profession or wealth' —> The rigid caste system in India historically dictated social interactions and marriage prospects based on hereditary status.","YES","06/05/2026, 10:59:33"
"ann1","17778024684597evqfxs8qka","(one-shot) 'break_away' (VERB_wn:02535457v) 'withdraw from an organization or communion' —> Several member states decided to break away from the trade bloc.","YES","06/05/2026, 10:59:38"
"ann1","1777802468459xcuvex4oy3","(one-shot) 'earn' (VERB_wn:02290196v) 'acquire or deserve by one's efforts or actions' —> Her honest hard work allowed her to earn the respect of her colleagues.","YES","06/05/2026, 10:59:45"
"ann1","17778024684597dh05gedmsk","(one-shot) 'lead' (VERB_wn:02440244v) 'be in charge of' —> She will lead the marketing team this quarter.","YES","06/05/2026, 10:59:56"
"ann1","1777802468459hg82qohna6v","(one-shot) 'scrape' (VERB_wn:01309143v) 'cut the surface of; wear away the surface of' —> The cat managed to scrape the paint off the door frame.","YES","06/05/2026, 11:00:13"
"ann1","1777802468459g7kddxaqgy","(one-shot) 'allied' (ADJ_wn:02612939a) 'of or relating to or denoting the Allies in World War II' —> The allied forces launched a coordinated attack on the enemy stronghold.","YES","06/05/2026, 13:32:43"
"ann1","1777802468459xf296iet6u","(one-shot) 'border' (NOUN_wn:13903387n) 'the boundary line or the area immediately inside the boundary' —> The soldiers increased their patrols along the border to prevent unauthorized crossings.","YES","06/05/2026, 13:32:49"
"ann1","1777802468459p5fh1af1rme","(one-shot) 'citrus' (NOUN_wn:07747055n) 'any of numerous fruits of the genus Citrus having thick rind and juicy pulp; grown in warm regions' —> She enjoyed the refreshing taste of fresh citrus juice on a hot summer day.","YES","06/05/2026, 13:32:59"
"ann1","1777802468459uqbm5ql2q3","(one-shot) 'through' (ADV_wn:00478730r) 'in diameter' —> The steel pipe was six inches through.","YES","06/05/2026, 13:33:03"
"ann1","1777802468459tybruujtmpp","(one-shot) 'interference' (NOUN_wn:00562643n) '(American football) blocking a player's path with your body' —> The wide receiver was called for illegal interference when he extended his arm to disrupt the defender's path.","YES","06/05/2026, 13:33:10"
"ann1","1777802468459pw465f1fptm","(one-shot) 'Wilson' (NOUN_wn:11391123n) 'United States literary critic (1895-1972)' —> Scholars often cite Wilson as one of the most influential literary critics of the twentieth century.","YES","06/05/2026, 13:33:14"
"ann1","1777802468459hcvxdsdc2g6","(one-shot) 'genre' (NOUN_wn:05845332n) 'a kind of literary or artistic work' —> She enjoys exploring every genre of music, from jazz to classical.","YES","06/05/2026, 13:33:18"
"ann1","1777802468459dbzqwiqwua5","(one-shot) 'scented' (ADJ_wn:01052611a) 'having a natural fragrance' —> The garden was filled with the gentle breeze carrying the scent of scented jasmine.","YES","06/05/2026, 13:33:26"
"ann1","1777802468459ukqzszdx93s","(one-shot) 'category' (NOUN_wn:07997703n) 'a collection of things sharing a common attribute' —> The new smartphone was placed in the electronics category at the store.","YES","06/05/2026, 13:33:39"
"ann1","1777802468459yzczcaplgc","(one-shot) 'suspension' (NOUN_wn:00209132n) 'a temporary debarment (from a privilege or position etc)' —> The coach placed the player on suspension for violating the team's code of conduct.","YES","06/05/2026, 13:33:44"
"ann1","1777802468459qdw7ypyzqnh","(one-shot) 'thicken' (VERB_wn:00431610v) 'make viscous or dense' —> Add cornstarch to the sauce to help it thicken.","YES","06/05/2026, 13:33:48"
"ann1","1777802468459jdpnlzuj8qo","(one-shot) 'supplement' (NOUN_wn:05110772n) 'a quantity added (e.g. to make up for a deficiency)' —> She takes a daily vitamin supplement to ensure her diet is nutritionally complete.","YES","06/05/2026, 14:14:33"
"ann1","1777802468459pk8u61jxarb","(one-shot) 'set_off' (VERB_wn:01643657v) 'put in motion or move to act' —> The alarm will set off the security system if an intruder is detected.","YES","06/05/2026, 14:14:46"
"ann1","1777802468459mcthbocm558","(one-shot) 'pea' (NOUN_wn:07725376n) 'seed of a pea plant used for food' —> The soup was filled with fresh peas.","YES","06/05/2026, 14:14:53"
"ann1","1777802468459h5neiwkfg3p","(one-shot) 'tension' (NOUN_wn:14376188n) '(psychology) a state of mental or emotional strain or suspense' —> The palpable tension in the room grew thicker as the clock ticked toward midnight.","YES","06/05/2026, 14:14:57"
"ann1","1777802468459fo2vmi67c7n","(one-shot) 'straight' (ADJ_wn:00632306a) 'following a correct or logical method' —> The engineer followed a straight line of reasoning to identify the flaw in the code.","YES","06/05/2026, 14:15:01"
"ann1","1777802468459a7xillu9t2r","(one-shot) 'pick_up' (VERB_wn:00598954v) 'get to know or become aware of, usually accidentally' —> She picked up the local accent after living in the village for a month.","YES","06/05/2026, 14:15:05"
"ann1","1777802468459rcwewgsf5a","(one-shot) 'flow' (NOUN_wn:14005892n) 'something that resembles a flowing stream in moving continuously' —> The steady flow of traffic on the highway never seemed to pause.","YES","06/05/2026, 14:15:09"
"ann1","1777802468459ky8659g1x7","(one-shot) 'richness' (NOUN_wn:05115804n) 'the property of being extremely abundant' —> The region is known for the richness of its mineral deposits.","YES","06/05/2026, 14:15:13"
"ann1","1777802468459aufesntblxq","(one-shot) 'pace' (NOUN_wn:00285889n) 'a step in walking or running' —> She quickened her pace to catch the bus.","YES","06/05/2026, 14:15:17"
"ann1","1777802468459tkxa5vafgj9","(one-shot) 'restriction' (NOUN_wn:05846355n) 'a principle that limits the extent of something' —> The new travel restriction limits the number of visitors allowed in the national park each day.","YES","06/05/2026, 14:15:26"
"ann1","1777802468459igujfkb8zn","(one-shot) 'deceptive' (ADJ_wn:01938975a) 'causing one to believe what is not true or fail to believe what is true' —> The calm surface of the lake was deceptive, hiding the dangerous undercurrents beneath.","YES","06/05/2026, 14:15:31"
"ann1","1777802468459xsvkw72wn8s","(one-shot) 'represent' (VERB_wn:01719302v) 'play a role or part' —> She will represent the lead character in the upcoming play.","YES","06/05/2026, 14:15:37"
"ann1","1777802468459gi63qdyvndj","(one-shot) 'vivid' (ADJ_wn:00393683a) '(of color) having the highest saturation' —> The artist used vivid red paint to highlight the rose.","YES","06/05/2026, 15:40:37"
"ann1","1777802468459xcrfx3c45o","(one-shot) 'purge' (VERB_wn:00905283v) 'clear of a charge' —> The jury voted to purge him of the charge.","YES","06/05/2026, 15:41:09"
"ann1","1777802468459tna7t12jrrh","(one-shot) 'subdue' (VERB_wn:02424128v) 'put down by force or intimidation' —> The soldiers worked to subdue the rebellious army.","YES","06/05/2026, 15:41:14"
"ann1","1777802468459faep2eomh4r","(one-shot) 'pastry' (NOUN_wn:07622708n) 'any of various baked foods made of dough or batter' —> She baked a delicate pastry for the afternoon tea.","YES","06/05/2026, 15:41:52"
"ann1","177780246845955wc1ksql9n","(one-shot) 'logic' (NOUN_wn:05664069n) 'a system of reasoning' —> The scientist applied rigorous logic to solve the complex mathematical problem.","YES","06/05/2026, 15:42:01"
"ann1","1777802468459mekn7l38vhh","(one-shot) 'gently' (ADV_wn:00502847r) 'in a gentle manner' —> She gently stroked the sleeping cat.","YES","06/05/2026, 15:42:04"
"ann1","1777802468459vzv6fna1lid","(one-shot) 'circle' (VERB_wn:02044278v) 'move in circles' —> The children circle around the maypole holding ribbons.","YES","06/05/2026, 15:42:10"
"ann1","1777802468459jk3rkfmcyg8","(one-shot) 'fulfill' (VERB_wn:01640855v) 'put in effect' —> The new law will be fulfilled next month.","YES","06/05/2026, 15:42:13"
"ann1","1777802468459wzwfnmh18mf","(one-shot) 'come_up' (VERB_wn:00339738v) 'result or issue' —> The solution came up during our discussion.","YES","06/05/2026, 15:42:27"
"ann1","1777802468459sh5drwhcgm","(one-shot) 'emulsion' (NOUN_wn:03284482n) 'a light-sensitive coating on paper or film; consists of fine grains of silver bromide suspended in a gelatin' —> The photographer carefully handled the rolls of film to prevent scratching the delicate emulsion.","YES","06/05/2026, 15:42:46"
"ann1","1777802468459xknoxyhmmae","(one-shot) 'carry_out' (VERB_wn:00486018v) 'pursue to a conclusion or bring to a successful issue' —> The team worked tirelessly to carry out the complex merger.","YES","06/05/2026, 15:42:56"
"ann1","1777802468459a0u4zu8janl","(one-shot) 'sphere' (NOUN_wn:08653570n) 'the geographical area in which one nation is very influential' —> The country seeks to protect its economic sphere of influence from foreign competition.","YES","06/05/2026, 15:43:03"
"ann1","17778024684590ml95tyq7fgr","(one-shot) 'accommodate' (VERB_wn:01184453v) 'provide with something desired or needed' —> The new conference room can accommodate up to fifty guests.","YES","06/05/2026, 15:43:11"
"ann1","17778024684591fbe61g4zy6","(one-shot) 'strain' (NOUN_wn:00546389n) 'the act of singing' —> She put every ounce of effort into the high strain.","YES","06/05/2026, 15:43:17"
"ann1","1777802468459397exzejuja","(one-shot) 'swing' (NOUN_wn:04992008n) 'a jaunty rhythm in music' —> The band played with a lively swing that made everyone want to dance.","YES","06/05/2026, 15:43:27"
"ann1","1777802468459igb9qpkhqt","(one-shot) 'equatorial' (ADJ_wn:02929637a) 'of or relating to conditions at the geographical equator' —> The equatorial region experienced heavy rainfall as the storm system moved in.","YES","06/05/2026, 15:43:33"
"ann1","1777802468459uo5auglnwyj","(one-shot) 'piece' (NOUN_wn:13286524n) 'a share of something' —> She received a fair piece of the inheritance.","YES","06/05/2026, 15:43:41"
"ann1","1777802468459ty0k2b8m1s","(one-shot) 'walk' (NOUN_wn:00127286n) '(baseball) an advance to first base by a batter who receives four balls' —> The count reached three balls and two strikes, so the batter held his breath hoping not to see another walk.","YES","06/05/2026, 15:43:49"
"ann1","17778024684591ey22ysa6od","(one-shot) 'toss' (VERB_wn:01890792v) 'move or stir about violently' —> The violent winds made the dry leaves toss across the courtyard.","YES","06/05/2026, 15:53:48"
"ann1","1777802468459xa9re2wb57","(one-shot) 'fixation' (NOUN_wn:14503354n) 'an abnormal state in which development has stopped prematurely' —> The psychologist noted that the patient's developmental fixation prevented him from processing complex emotional situations.","YES","06/05/2026, 15:53:57"
"ann1","1777802468459y375ud3ftsr","(one-shot) 'critical' (ADJ_wn:00656132a) 'forming or having the nature of a turning point or crisis' —> The team reached a critical moment when the server crashed right before the final launch.","YES","06/05/2026, 15:55:45"
"ann1","1777802468459f0io7zkq0yl","(one-shot) 'number' (VERB_wn:00235918v) 'place a limit on the number of' —> The authorities decided to number the attendees to ensure safety regulations were met.","YES","06/05/2026, 15:55:53"
"ann1","177780246845911dbjdb7k7dd","(one-shot) 'providence' (NOUN_wn:01132327n) 'the guardianship and control exercised by a deity' —> Many believers feel that the sudden recovery was a clear sign of divine providence.","YES","06/05/2026, 15:56:06"
"ann1","1777802468459cukdphbj9ka","(one-shot) 'picket' (NOUN_wn:03930087n) 'a vehicle performing sentinel duty' —> The armored truck served as a picket, guarding the perimeter of the convoy during the night.","YES","06/05/2026, 15:56:15"
"ann1","1777802468459197dbnqkbar","(one-shot) 'turn_away' (VERB_wn:02034511v) 'turn away or aside' —> He chose to turn away from the crying child.","YES","06/05/2026, 15:56:22"
"ann1","17778024684595fk0cdeo9oa","(one-shot) 'cult' (NOUN_wn:08151229n) 'followers of an unorthodox, extremist, or false religion or sect who often live outside of conventional society under the direction of a charismatic leader' —> The researchers studied the isolated cult that had severed all ties with mainstream society.","YES","06/05/2026, 15:56:36"
"ann1","1777802468459t9fhgwoww6p","(one-shot) 'living' (NOUN_wn:07945818n) 'people who are still living' —> The family gathered to honor both the deceased and the living.","YES","06/05/2026, 15:56:42"
"ann1","1777802468459du7zf4plvt8","(one-shot) 'hold_out' (VERB_wn:02705132v) 'last and be usable' —> The extra flashlight batteries should hold out for the rest of the week.","YES","06/05/2026, 15:56:49"
"ann1","1777802468459ovz9arkzg1e","(one-shot) 'realistically' (ADV_wn:00215517r) 'in a realistic manner' —> She realistically assessed the project's timeline to avoid overpromising to the client.","YES","06/05/2026, 15:56:55"
"ann1","1777802468459wumkdqhf75","(one-shot) 'focus' (NOUN_wn:11455695n) 'a point of convergence of light (or other radiation) or a point from which it diverges' —> The camera lens adjusted its focus to make the distant stars sharp and clear.","YES","06/05/2026, 15:57:02"
"ann1","1777802468459zy1s4nlypzb","(one-shot) 'developer' (NOUN_wn:03182912n) 'photographic equipment consisting of a chemical solution for developing film' —> The photographer carefully poured the fresh developer into the tray.","YES","06/05/2026, 15:57:53"
"ann1","1777802468459y01j8u9r00r","(one-shot) 'fulfil' (VERB_wn:02671880v) 'meet the requirements or expectations of' —> She worked hard to fulfil her duty to the team.","YES","06/05/2026, 15:57:57"
"ann1","1777802468459kgtgwiimvnj","(one-shot) 'specialize' (VERB_wn:00437449v) 'become more focus on an area of activity or field of study' —> Many medical students choose to specialize in pediatric cardiology after completing their general residency.","YES","06/05/2026, 15:58:02"
"ann1","17778024684594fz3503jmpf","(one-shot) 'temporal' (ADJ_wn:01757914a) 'not eternal; - F.D.Roosevelt' —> The temporal nature of our earthly lives reminds us to cherish every moment.","YES","06/05/2026, 15:58:05"
"ann1","1777802468459hh15jd63zn","(one-shot) 'wash' (NOUN_wn:04553245n) 'a watercolor made by applying a series of monochrome washes one over the other' —> The artist carefully layered each wash to create depth in the painting.","YES","06/05/2026, 15:58:13"
"ann1","17778024684591td5olujaxx","(one-shot) 'starter' (NOUN_wn:07581346n) 'food or drink to stimulate the appetite (usually served before a meal or as the first course)' —> The menu featured a fresh salad as the starter.","YES","06/05/2026, 15:58:19"
"ann1","1777802468459huqtjudembd","(one-shot) 'fade' (VERB_wn:00224651v) 'become less clearly visible or distinguishable; disappear gradually or seemingly' —> The afternoon light began to fade as the sun dipped below the horizon.","YES","06/05/2026, 15:58:30"
"ann1","1777802468459s4sv7i3bifi","(one-shot) 'ass' (NOUN_wn:08991878n) 'a United States territory on the eastern part of the island of Samoa' —> The United States began administering American Samoa in 1900.","WRONG","06/05/2026, 15:58:55"
"ann1","1777802468459l8d6qwvw0vn","(one-shot) 'advanced' (ADJ_wn:01211296a) 'at a higher level in training or knowledge or skill' —> The student demonstrated advanced proficiency in quantum mechanics during the final examination.","YES","06/05/2026, 16:03:38"
"ann1","17778024684590plpyhexwaq","(one-shot) 'reason' (VERB_wn:00632627v) 'think logically' —> She paused to reason through the complex mathematical problem step by step.","YES","06/05/2026, 16:03:43"
"ann1","1777802468459n4byebe5ppl","(one-shot) 'reproduction' (NOUN_wn:00849523n) 'the sexual activity of conceiving and bearing offspring' —> The biological study of reproduction focuses on the complex mechanisms by which species perpetuate their existence.","YES","06/05/2026, 16:14:53"
"ann1","1777802468459mtpbwt6nu8g","(one-shot) 'pitch' (VERB_wn:01509079v) 'throw or hurl from the mound to the batter, as in baseball' —> The pitcher winds up to pitch the ball to the catcher.","YES","06/05/2026, 16:15:10"
"ann1","1777802468459pjyrw9u28fc","(one-shot) 'grounds' (NOUN_wn:14842992n) 'the loose soft material that makes up a large part of the land surface' —> The heavy rains turned the dry grounds into a muddy mess.","YES","06/05/2026, 16:16:03"
"ann1","1777802468459dpnkfamz3ra","(one-shot) 'find' (VERB_wn:02247977v) 'get or find back; recover the use of' —> He managed to find his voice after a long period of silence.","YES","06/05/2026, 16:16:19"
"ann1","177780246845931yu84ua2in","(one-shot) 'serious' (ADJ_wn:00651039a) 'causing fear or anxiety by threatening great harm' —> The doctors warned that the infection could lead to serious complications if left untreated.","YES","06/05/2026, 16:16:29"
"ann1","1777802468459okm59mqijr","(one-shot) 'answer' (NOUN_wn:01234952n) 'a nonverbal reaction' —> His silence was his only answer to the difficult question.","YES","06/05/2026, 16:17:35"
"ann1","177780246845933lpfiflz2j","(one-shot) 'spur' (NOUN_wn:13089135n) 'tubular extension at the base of the corolla in some flowers' —> The botanist carefully measured the delicate spur at the base of the orchid's corolla.","YES","06/05/2026, 16:17:41"
"ann1","1777802468459jrokx0r2jpk","(one-shot) 'strip' (VERB_wn:00488617v) 'remove substances from by a percolating liquid' —> The acid bath will strip the varnish from the antique wood.","YES","06/05/2026, 16:17:45"
"ann1","1777802468459j7d1lawrkn","(one-shot) 'burst' (VERB_wn:00306017v) 'burst outward, usually with noise' —> The dam burst with a loud roar, sending water flooding into the valley.","YES","06/05/2026, 16:18:01"
"ann1","17778024684593sz3udtc3fl","(one-shot) 'knock' (NOUN_wn:07386370n) 'the sound of knocking (as on a door or in an engine or bearing)' —> There was a loud knock on the front door.","YES","06/05/2026, 16:18:05"
"ann1","17778024684598st8utqq51l","(one-shot) 'restriction' (NOUN_wn:01148614n) 'the act of keeping something within specified bounds (by force if necessary)' —> The government imposed a strict restriction on movement during the crisis.","YES","06/05/2026, 16:38:25"
"ann1","1777802468459bkybc0vfinm","(one-shot) 'cyclic' (ADJ_wn:02708232a) 'conforming to the Carnot cycle' —> The physicist analyzed the efficiency of the cyclic heat engine.","YES","06/05/2026, 16:38:45"
"ann1","1777802468459g9enkx2dz2k","(one-shot) 'separation' (NOUN_wn:00383606n) 'the act of dividing or disconnecting' —> The sudden separation of the tectonic plates caused a massive earthquake.","YES","06/05/2026, 16:38:50"
"ann1","17778024684593o5irblvete","(one-shot) 'tough' (ADJ_wn:02447344a) 'physically toughened' —> The blacksmith hammered the iron until it became tough and unbreakable.","YES","06/05/2026, 16:38:55"
"ann1","17778024684591xmrgrlvfjg","(one-shot) 'expand' (VERB_wn:00540946v) 'expand the influence of' —> The company aims to expand its market share in Asia.","YES","06/05/2026, 16:38:58"
"ann1","1777802468459htugalowspm","(one-shot) 'striker' (NOUN_wn:04337740n) 'the part of a mechanical device that strikes something' —> The technician carefully adjusted the striker to ensure it properly engaged the bolt latch.","YES","06/05/2026, 16:39:03"
"ann1","1777802468459zdgqjsbjaj","(one-shot) 'egg' (NOUN_wn:05524615n) 'one of the two male reproductive glands that produce spermatozoa and secrete androgens' —> The doctor explained that the pain in his testicles, often colloquially referred to as his egg, required immediate medical attention.","YES","06/05/2026, 16:39:13"
"ann1","1777802468459a6zesf7zgd9","(one-shot) 'straight' (ADJ_wn:01237754a) 'erect in posture' —> He stood straight during the entire ceremony.","YES","06/05/2026, 16:39:17"
"ann1","17778024684592lmglkjyu4b","(one-shot) 'water' (VERB_wn:00069570v) 'secrete or form water, as tears or saliva' —> Her eyes began to water as she cut the onion.","YES","06/05/2026, 16:39:22"
"ann1","1777802468459i7wha32jwed","(one-shot) 'stimulation' (NOUN_wn:00853835n) 'mutual sexual fondling prior to sexual intercourse' —> The couple engaged in gentle stimulation before moving on to the next stage of their intimacy.","YES","06/05/2026, 16:39:28"
"ann1","1777802468459r7ssjcht3o","(one-shot) 'darken' (VERB_wn:01537829v) 'tarnish or stain' —> The accusation served to darken his reputation.","YES","06/05/2026, 16:39:32"
"ann1","1777802468459xcly4qeova","(one-shot) 'plumbing' (NOUN_wn:00999089n) 'measuring the depths of the oceans' —> The captain checked the plumbing before setting sail.","YES","06/05/2026, 16:39:35"
"ann1","1777802468459reom6n9y79k","(one-shot) 'nutrition' (NOUN_wn:07570720n) 'a source of materials to nourish the body' —> The restaurant prides itself on providing meals that are rich in essential nutrition.","YES","06/05/2026, 16:40:37"
"ann1","1777802468459jvfoxvxp6qc","(one-shot) 'obstacle' (NOUN_wn:05690269n) 'something immaterial that stands in the way and must be circumvented or surmounted' —> Fear often serves as the greatest obstacle to achieving our full potential.","YES","06/05/2026, 16:41:05"
"ann1","177780246845956be2fimn67","(one-shot) 'spinach' (NOUN_wn:07736692n) 'dark green leaves; eaten cooked or raw in salads' —> She tossed the fresh spinach into the hot pan to make a quick sautéed side dish.","YES","06/05/2026, 16:41:09"
"ann1","1777802468459ywtdsq6mlqo","(one-shot) 'toothed' (ADJ_wn:02438346a) 'having teeth especially of a certain number or type; often used in combination' —> The sharp-toothed blade easily sliced through the thick rope.","YES","06/05/2026, 16:41:23"
"ann1","17778024684597z0xh3rw6hb","(one-shot) 'pleasantly' (ADV_wn:00219110r) 'in an enjoyable manner' —> She was pleasantly surprised by the unexpected gift.","YES","06/05/2026, 16:41:28"
"ann1","1777802468459vxs4xx2l92","(one-shot) 'bang' (VERB_wn:01236941v) 'leap, jerk, bang' —> The startled deer would bang into the tree trunks while fleeing.","YES","06/05/2026, 16:41:32"
"ann1","1777802468459zes1vby6iu","(one-shot) 'content' (NOUN_wn:14412882n) 'the state of being contented with your situation in life' —> She found true content after years of striving for material success.","YES","06/05/2026, 16:41:54"
"ann1","1777802468459s7rp2dyljun","(one-shot) 'release' (VERB_wn:02316304v) 'part with a possession or right' —> He decided to release the stolen documents to the authorities.","YES","06/05/2026, 16:42:04"
"ann1","1777802468459pkhm8js8a69","(one-shot) 'hunt' (NOUN_wn:11067047n) 'Englishman and Pre-Raphaelite painter (1827-1910)' —> The museum featured several vibrant works by John William Waterhouse and another renowned Pre-Raphaelite artist, Hunt.","YES","06/05/2026, 16:42:14"
"ann1","1777802468459g30xa7exemf","(one-shot) 'break_down' (VERB_wn:00030647v) 'collapse due to fatigue, an illness, or a sudden attack' —> The exhausted marathon runner finally broke down near the finish line.","YES","06/05/2026, 16:42:55"
"ann1","1777802468459flhbgzythf","(one-shot) 'pretense' (NOUN_wn:05769930n) 'imaginative intellectual play' —> She dismissed the rigid rules of etiquette as mere pretense, preferring to engage in genuine conversation instead.","YES","06/05/2026, 16:43:01"
"ann1","177780246845928f8kmgdkaxi","(one-shot) 'revision' (NOUN_wn:00399393n) 'the act of revising or altering (involving reconsideration and modification)' —> The editor requested a final revision of the manuscript before it went to print.","YES","06/05/2026, 16:43:40"
"ann1","1777802468459s67wwoq4n49","(one-shot) 'perceive' (VERB_wn:02106506v) 'to become aware of through the senses' —> She could perceive the faint scent of lavender drifting from the garden.","YES","06/05/2026, 16:43:46"
"ann1","17778024684598y7tarnls9y","(one-shot) 'chorus' (NOUN_wn:08187988n) 'a company of actors who comment (by speaking or singing in unison) on the action in a classical Greek play' —> The chorus stood on the stage, singing their observations of the tragic events unfolding before them.","YES","06/05/2026, 16:43:57"
"ann1","1777802468459sa8l82ddt8a","(one-shot) 'find' (VERB_wn:02213336v) 'get something or somebody for a specific purpose' —> The librarian tried to find a rare edition of the novel for the professor's research project.","YES","06/05/2026, 16:44:03"
"ann1","1777802468459qmo5ka3czve","(one-shot) 'confide' (VERB_wn:02349212v) 'confer a trust upon' —> The king confided the governance of the realm to his loyal general.","YES","06/05/2026, 16:44:19"
"ann1","1777802468459s9hrqnqwc1h","(one-shot) 'square' (VERB_wn:02659541v) 'be compatible with' —> His alibi does not square with the evidence presented at trial.","YES","06/05/2026, 16:44:30"
"ann1","1777802468459krek7icydg","(one-shot) 'oppressive' (ADJ_wn:00788474a) 'marked by unjust severity or arbitrary behavior' —> The regime's oppressive laws silenced any dissent within the country.","YES","06/05/2026, 16:44:37"
"ann1","1777802468459poikz4l4awg","(one-shot) 'contrary' (NOUN_wn:13858604n) 'a relation of direct opposition' —> The evidence is directly contrary to the defendant's claim of innocence.","YES","06/05/2026, 16:45:45"
"ann1","1777802468459h8zhfibjk36","(one-shot) 'whip' (VERB_wn:01102997v) 'defeat thoroughly' —> The experienced chess grandmaster was able to whip the novice player in under twenty minutes.","YES","06/05/2026, 16:45:51"
"ann1","177780246845999d9792rnw","(one-shot) 'sensory' (ADJ_wn:00333611a) 'of a nerve fiber or impulse originating outside and passing toward the central nervous system' —> The physician explained that the sensory fibers transmit impulses from the skin toward the spinal cord.","YES","06/05/2026, 16:47:47"
"ann1","1777802468459u9kjn6h24xr","(one-shot) 'fall' (NOUN_wn:07370270n) 'a movement downward' —> The steep fall from the cliff was terrifying to watch.","YES","06/05/2026, 16:47:55"
"ann1","1777802468459o4yotgx8t8","(one-shot) 'instal' (VERB_wn:01570108v) 'place' —> He will instal the new software on his computer.","YES","06/05/2026, 16:48:08"
"ann1","1777802468459ymsrnoys9nd","(one-shot) 'edit' (VERB_wn:00201722v) 'cut and assemble the components of' —> The director will edit the raw footage to create a cohesive narrative.","YES","06/05/2026, 16:48:23"
"ann1","177780246845981giiqs1qjm","(one-shot) 'bluff' (NOUN_wn:00756598n) 'the act of bluffing in poker; deception by a false show of confidence in the strength of your cards' —> The seasoned player executed a perfect bluff to win the entire pot.","YES","06/05/2026, 16:48:28"
"ann1","17778024684595ot8wkf2b2r","(one-shot) 'tenor' (NOUN_wn:06872676n) 'the adult male singing voice above baritone' —> The soaring tenor captivated the audience with his powerful performance.","YES","06/05/2026, 16:48:36"
"ann1","17778024684590zqvakk4vxz","(one-shot) 'shortened' (ADJ_wn:00004615a) 'with parts removed' —> The director presented a shortened version of the film for the festival.","YES","06/05/2026, 16:48:40"
"ann1","1777802468459nsalq6mv5wd","(one-shot) 'bank' (VERB_wn:01234793v) 'cover with ashes so to control the rate of burning' —> He decided to bank the fire with cold ashes before going to sleep.","YES","06/05/2026, 16:48:47"
"ann1","1777802468459y66snxu5c3d","(one-shot) 'burn' (VERB_wn:02121048v) 'feel hot or painful' —> The sauce was so spicy that my lips began to burn.","YES","06/05/2026, 16:48:54"
"ann1","1777802468459prbk6esx68","(one-shot) 'incorporate' (VERB_wn:00466651v) 'make into a whole or make part of a whole' —> The architect decided to incorporate sustainable materials into the new building design.","YES","06/05/2026, 16:49:01"
"ann1","1777802468459ipmrm9cyjbb","(one-shot) 'barrier' (NOUN_wn:09214581n) 'anything serving to maintain separation by obstructing vision or access' —> The high wooden fence served as a barrier between the two properties, preventing the children from seeing what was happening in the neighbor's yard.","YES","06/05/2026, 16:49:06"
"ann1","1777802468459m245fpjupog","(one-shot) 'vacuum' (NOUN_wn:13910116n) 'an empty area or space' —> She stared into the endless vacuum of space.","YES","06/05/2026, 16:49:12"
"ann1","177780246845926x95pjx7aej","(one-shot) 'utility' (NOUN_wn:04516874n) 'a facility composed of one or more pieces of equipment connected to or part of a structure and designed to provide a service such as heat or electricity or water or sewage disposal' —> The construction crew must connect the new building to the municipal utility lines to ensure a steady supply of water and power.","YES","06/05/2026, 16:49:22"
"ann1","1777802468459wwua8ezsvii","(one-shot) 'starve' (VERB_wn:01187740v) 'deprive of food' —> The cruel captors decided to starve the prisoners into submission.","YES","06/05/2026, 16:49:29"
"ann1","1777802468459wq09xjickb","(one-shot) 'ethical' (ADJ_wn:02723563a) 'of or relating to the philosophical study of ethics' —> The professor argued that the debate was not merely moral but strictly ethical.","YES","06/05/2026, 16:49:36"
"ann1","1777802468459hujwc5twtua","(one-shot) 'liability' (NOUN_wn:05161436n) 'the quality of being something that holds you back' —> His excessive caution became a liability that prevented him from seizing the sudden business opportunity.","YES","06/05/2026, 16:49:53"
"ann1","1777802468459lv22npu6gcg","(one-shot) 'unfortunate' (ADJ_wn:01049462a) 'not favored by fortune; marked or accompanied by or resulting in ill fortune' —> It was unfortunate that the sudden storm ruined their picnic plans.","YES","06/05/2026, 16:50:02"
"ann1","1777802468459ltgm12xcsi9","(one-shot) 'mission' (NOUN_wn:00730984n) 'the organized work of a religious missionary' —> The mission established a local church and a school in the remote village.","YES","06/05/2026, 16:50:10"
"ann1","1777802468459gy9cqcii9tm","(one-shot) 'caller' (NOUN_wn:09888017n) 'the person initiating a telephone call' —> The caller left a detailed message on the voicemail.","YES","06/05/2026, 16:57:06"
"ann1","1777802468459zgb1sdfgfoc","(one-shot) 'resolve' (VERB_wn:00447309v) 'cause to go into a solution' —> The committee worked together to resolve the complex dispute.","YES","06/05/2026, 16:57:19"
"ann1","1777802468459vssfhxdo5wr","(one-shot) 'adoption' (NOUN_wn:01185292n) 'a legal proceeding that creates a parent-child relation between persons not related by blood; the adopted child is entitled to all privileges belonging to a natural child of the adoptive parents (including the right to inherit)' —> The finalization of the adoption granted the child full inheritance rights from their new parents.","YES","06/05/2026, 16:57:24"
"ann1","1777802468459nxbe5of6qp","(one-shot) 'fade' (VERB_wn:00421691v) 'disappear gradually' —> The morning mist began to fade as the sun rose.","YES","06/05/2026, 16:57:29"
"ann1","1777802468459ffbzsyo9x5","(one-shot) 'request' (NOUN_wn:06513366n) 'a formal message requesting something that is submitted to an authority' —> The committee voted to approve the formal request for additional funding.","YES","06/05/2026, 16:57:39"
"ann1","1777802468459yw76t6nw57e","(one-shot) 'redeem' (VERB_wn:02256998v) 'exchange or buy back for money; under threat' —> The pirates paid a ransom to redeem the hostage.","YES","06/05/2026, 16:57:44"
"ann1","1777802468459tc382nvsu9m","(one-shot) 'limitation' (NOUN_wn:05846355n) 'a principle that limits the extent of something' —> The speed limit is a strict limitation imposed by the government to ensure road safety.","YES","06/05/2026, 16:57:56"
"ann1","1777802468459j8mqkrr9gz","(one-shot) 'screen' (NOUN_wn:04153025n) 'a door that consists of a frame holding metallic or plastic netting; used to allow ventilation and to keep insects from entering a building through the open door' —> We installed a sturdy screen on the back door to let in the cool evening breeze while keeping the mosquitoes out.","YES","06/05/2026, 16:58:06"
"ann1","177780246845907rxwdc0ho26","(one-shot) 'association' (NOUN_wn:13930385n) 'a social or business relationship' —> The trade association held its annual meeting to discuss new industry standards.","YES","06/05/2026, 16:58:26"
"ann1","1777802468459i68gpju7ddb","(one-shot) 'essential' (ADJ_wn:01276150a) 'of the greatest importance' —> Patience is essential for success in this project.","YES","06/05/2026, 16:58:37"
"ann1","1777802468459imjz61x1nf","(one-shot) 'disturb' (VERB_wn:00520019v) 'destroy the peace or tranquility of' —> Please do not disturb the sleeping baby.","YES","06/05/2026, 16:58:42"
"ann1","1777802468459plxfoa0sis","(one-shot) 'wield' (VERB_wn:01224415v) 'handle effectively' —> She wielded her arguments with impressive skill during the debate.","YES","06/05/2026, 16:58:45"
"ann1","1777802468459rngqtdmwbj","(one-shot) 'slice' (NOUN_wn:04237086n) 'a spatula for spreading paint or ink' —> The artist carefully cleaned the slice after applying the thick layers of oil paint to the canvas.","YES","06/05/2026, 16:58:50"
"ann1","1777802468459ial7e67bxsi","(one-shot) 'cross' (NOUN_wn:04681387n) 'a marking that consists of lines that cross each other' —> She used a black marker to draw a small cross on the map to indicate the hidden treasure location.","YES","06/05/2026, 16:59:04"
"ann1","17778024684596jezmk0qgf","(one-shot) 'deal' (VERB_wn:00734054v) 'take into consideration for exemplifying purposes' —> The lecture will deal with the concept of inflation to illustrate broader economic trends.","YES","06/05/2026, 16:59:09"
"ann1","1777802468459n6f4whzx4v9","(one-shot) 'concerned' (ADJ_wn:01515692a) 'involved in or affected by or having a claim to or share in' —> The parties concerned will meet to discuss the settlement.","YES","06/05/2026, 16:59:18"
"ann1","1777802468459vr4nfg5zpvp","(one-shot) 'influence' (VERB_wn:00701040v) 'shape or influence; give direction to' —> The mentor helped influence the student's career path.","YES","06/05/2026, 16:59:33"
"ann1","1777802468459n7ilrmkuzfl","(one-shot) 'maneuver' (VERB_wn:01931768v) 'direct the course; determine the direction of travelling' —> The captain had to maneuver the ship through the narrow channel.","YES","06/05/2026, 16:59:37"
"ann1","1777802468459fvvg19dhqr6","(one-shot) 'dissociation' (NOUN_wn:14416845n) 'a state in which some integrated part of a person's life becomes separated from the rest of the personality and functions independently' —> The patient's severe dissociation allowed her to function normally despite the overwhelming trauma.","YES","06/05/2026, 16:59:51"
"ann1","1777802468459ynnpuqbybs9","(one-shot) 'scale' (NOUN_wn:13816862n) 'the ratio between the size of something and a representation of it' —> The map's scale allows you to determine the actual distance between two cities.","YES","06/05/2026, 16:59:56"
"ann1","177780246845912ed86h5zjf","(one-shot) 'gentle' (ADJ_wn:01144571a) 'marked by moderate steepness' —> The gentle slope of the hill made it easy for hikers to ascend.","YES","06/05/2026, 17:00:35"
"ann1","1777802468459u68e8gxkfq","(one-shot) 'bid' (VERB_wn:02298632v) 'propose a payment' —> She decided to bid five hundred dollars for the antique vase.","YES","06/05/2026, 17:00:41"
"ann1","17778024684599gexhg68mq","(one-shot) 'carrier' (NOUN_wn:02970100n) 'a self-propelled wheeled vehicle designed specifically to carry something' —> The trucking company deployed a new carrier to transport the fragile glass shipment.","YES","06/05/2026, 17:00:53"
"ann1","1777802468459emj2naq5f0n","(one-shot) 'branching' (ADJ_wn:00613866a) 'having branches' —> The complex network of branching roots held the soil firmly in place.","YES","06/05/2026, 17:01:00"
"ann1","17778024684595qhemraig9t","(one-shot) 'smut' (NOUN_wn:14793533n) 'a black colloidal substance consisting wholly or principally of amorphous carbon and used to make pigments and ink' —> The artist carefully mixed the smut with a binding agent to create a rich, black ink for his calligraphy project.","YES","06/05/2026, 17:01:10"
"ann1","1777802468459cdxurfg5zqc","(one-shot) 'unrestricted' (ADJ_wn:01541258a) 'not restricted or modified in meaning' —> The new software update provides unrestricted access to all premium features.","YES","06/05/2026, 17:21:39"
"ann1","17778024684594udzwn35947","(one-shot) 'hesitate' (VERB_wn:02641035v) 'interrupt temporarily an activity before continuing' —> She hesitated for a moment before stepping onto the stage.","YES","06/05/2026, 17:21:43"
"ann1","1777802468459aqe0owvn87m","(one-shot) 'draw' (VERB_wn:01505254v) 'direct toward itself or oneself by means of some psychological power or physical attributes' —> The beautiful architecture of the city continues to draw tourists from all over the world.","YES","06/05/2026, 17:21:49"
"ann1","1777802468459upzlskd8zl","(one-shot) 'unskilled' (ADJ_wn:02228335a) 'not having or showing or requiring special skill or proficiency' —> The task required unskilled labor.","YES","06/05/2026, 17:22:51"
"ann1","1777802468459p1fi41jv01q","(one-shot) 'serve' (VERB_wn:02709107v) 'spend time in prison or in a labor camp' —> He will serve his sentence in a federal prison.","YES","06/05/2026, 17:22:55"
"ann1","177780246845987fv2vm2drn","(one-shot) 'suspension' (NOUN_wn:07368256n) 'an interruption in the intensity or amount of something' —> The sudden suspension of trade caused prices to skyrocket.","YES","06/05/2026, 17:23:05"
"ann1","17778024684598ncd1v9i67g","(one-shot) 'revive' (VERB_wn:00168910v) 'restore from a depressed, inactive, or unused state' —> The new marketing strategy helped revive the struggling business.","YES","06/05/2026, 17:23:09"
"ann1","1777802468459xaasssbs6g","(one-shot) 'interview' (NOUN_wn:07143624n) 'a conference (usually with someone important)' —> The CEO granted a rare interview to the leading business magazine.","YES","06/05/2026, 17:23:14"
"ann1","17778024684590ldee5ihxbvj","(one-shot) 'wash' (NOUN_wn:03648219n) 'garments or white goods that can be cleaned by laundering' —> She sorted the heavy cotton wash from the delicate silks before loading the washing machine.","YES","06/05/2026, 17:23:21"
"ann1","1777802468459fc7vpj6m8v4","(one-shot) 'equity' (NOUN_wn:13333420n) 'the ownership interest of shareholders in a corporation' —> The company issued new equity to raise capital for its expansion projects.","YES","06/05/2026, 17:23:26"
"ann1","1777802468459lmeejdpznn","(one-shot) 'deceive' (VERB_wn:00854420v) 'cause someone to believe an untruth' —> The magician used his sleight of hand to deceive the audience.","YES","06/05/2026, 17:23:31"
"ann1","1777802468459mbfq2iqfqy","(one-shot) 'joyful' (ADJ_wn:01367211a) 'full of high-spirited delight' —> The children ran through the park with a joyful laugh echoing in the crisp autumn air.","YES","06/05/2026, 17:23:40"
"ann1","1777802468459d3k9s0a8j1u","(one-shot) 'tie' (NOUN_wn:04433585n) 'one of the cross braces that support the rails on a railway track' —> The crew replaced the rotting wooden tie to ensure the stability of the railway track.","YES","06/05/2026, 17:23:48"
"ann1","1777802468459hqab1u01jmg","(one-shot) 'reserve' (VERB_wn:02498320v) 'arrange for and reserve (something for someone else) in advance' —> Please call ahead to reserve a table for four at the restaurant.","YES","06/05/2026, 17:23:52"
"ann1","1777802468459h1qftxm83rc","(one-shot) 'commitment' (NOUN_wn:01165692n) 'the official act of consigning a person to confinement (as in a prison or mental hospital)' —> The judge ordered the immediate commitment of the patient to a secure psychiatric facility.","YES","06/05/2026, 17:24:07"
"ann1","1777802468459z8cr6s7l8fm","(one-shot) 'unaffected' (ADJ_wn:00071992a) 'undergoing no change when acted upon' —> The pure gold remained unaffected by the harsh chemical solution.","YES","06/05/2026, 17:24:11"
"ann1","1777802468459eneqcvs1ixs","(one-shot) 'objection' (NOUN_wn:01177033n) 'the act of protesting; a public (often organized) manifestation of dissent' —> The large objection outside the city hall grew louder as more citizens joined the protest.","YES","06/05/2026, 17:24:17"
"ann1","1777802468459fe4jdqw6wgc","(one-shot) 'swear' (VERB_wn:00688377v) 'have confidence or faith in' —> I swear by this recipe.","YES","06/05/2026, 17:24:20"
"ann1","17778024684595z3zv3vriks","(one-shot) 'question' (VERB_wn:00788184v) 'pose a series of questions to' —> The detective decided to question the suspect.","YES","06/05/2026, 17:24:25"
"ann1","1777802468459mnpzubi6qw","(one-shot) 'release' (NOUN_wn:00213694n) 'a formal written statement of relinquishment' —> The lawyer signed the release to formally relinquish any future claims against the company.","YES","06/05/2026, 17:24:38"
"ann1","1777802468459g6emdoj2jjc","(one-shot) 'break' (VERB_wn:01298931v) 'break a piece from a whole' —> She tried to break a cookie.","YES","06/05/2026, 17:24:42"
"ann1","1777802468459h88p5bfppqs","(one-shot) 'expression' (NOUN_wn:06880249n) 'expression without words' —> Her facial expression conveyed deep sadness without a single word being spoken.","YES","06/05/2026, 17:24:47"
"ann1","1777802468459a6h7y1rlgfp","(one-shot) 'lay' (VERB_wn:01544692v) 'put in a horizontal position' —> She lay on the grass.","WRONG","06/05/2026, 17:24:50"
"ann1","1777802468459iqdm84tx4s","(one-shot) 'porter' (NOUN_wn:10455305n) 'a railroad employee who assists passengers (especially on sleeping cars)' —> The porter assisted the weary travelers by carrying their heavy luggage to their sleeping car compartments.","YES","06/05/2026, 17:25:49"
"ann1","1777802468459iautf9dn9w","(one-shot) 'pepper' (NOUN_wn:12900462n) 'any of various tropical plants of the genus Capsicum bearing peppers' —> The farmer harvested ripe peppers from the healthy pepper plants in his garden.","YES","06/05/2026, 17:25:56"
"ann1","1777802468459217v0j92mwl","(one-shot) 'measure' (VERB_wn:00647094v) 'determine the measurements of something or somebody, take measurements of' —> The tailor measured the fabric carefully before cutting it.","YES","06/05/2026, 17:28:46"
"ann1","1777802468459m1u15658opf","(one-shot) 'sacrifice' (NOUN_wn:13328073n) 'a loss entailed by giving up or selling something at less than its value' —> Selling the antique vase for a mere fraction of its worth was a financial sacrifice he deeply regretted.","YES","06/05/2026, 17:28:52"
"ann1","17778024684595jiwivi9gd","(one-shot) 'specimen' (NOUN_wn:05822239n) 'an example regarded as typical of its class' —> The cured rattlesnake on the museum shelf was a prized specimen of local wildlife.","YES","06/05/2026, 17:29:01"
"ann1","1777802468459i6pm7e0fva","(one-shot) 'inadequate' (ADJ_wn:02336904a) 'not sufficient to meet a need' —> The shelter's heating system was inadequate for the severe winter conditions.","YES","06/05/2026, 17:29:05"
"ann1","1777802468459god2cb7xrke","(one-shot) 'screen' (VERB_wn:01460785v) 'separate with a riddle, as grain from chaff' —> The farmers used a large sieve to screen the wheat from the dried husks.","YES","06/05/2026, 17:29:10"
"ann1","1777802468459q0emmqon3yo","(one-shot) 'believer' (NOUN_wn:09848489n) 'a supporter who accepts something as true' —> She was a steadfast believer in the power of education to change lives.","YES","06/05/2026, 17:29:13"
"ann1","17778024684594qeg7f2b4wd","(one-shot) 'paddle' (NOUN_wn:03873699n) 'a blade of a paddle wheel or water wheel' —> The wooden paddle became stuck in the debris, causing the ferry to halt its forward motion.","YES","06/05/2026, 17:29:21"
"ann1","17778024684590edvncjc99e","(one-shot) 'comfort' (NOUN_wn:04033995n) 'bedding made of two layers of cloth filled with stuffing and stitched together' —> She folded the warm quilt and placed it at the foot of the bed.","WRONG","06/05/2026, 17:30:15"
"ann1","177780246845986tg29zb5ic","(one-shot) 'reach' (NOUN_wn:05125377n) 'an area in which something acts or operates or has power or control:' —> The telescope's reach extends far beyond the boundaries of our solar system.","YES","06/05/2026, 17:31:03"
"ann1","1777802468459hvkxl213pwo","(one-shot) 'condensation' (NOUN_wn:06468123n) 'a shortened version of a written work' —> The author provided a concise condensation of the lengthy novel.","YES","06/05/2026, 17:31:09"
"ann1","1777802468459mf8iaghfi4r","(one-shot) 'commence' (VERB_wn:01650610v) 'get off the ground' —> The company plans to commence operations next month.","YES","06/05/2026, 17:31:12"
"ann1","1777802468459ivzu37a96fp","(one-shot) 'gender' (NOUN_wn:06328643n) 'a grammatical category in inflected languages governing the agreement between nouns and pronouns and adjectives; in some languages it is quite arbitrary but in Indo-European languages it is usually based on sex or animateness' —> French speakers must memorize the gender of every noun to ensure correct adjective agreement.","YES","06/05/2026, 17:31:20"
"ann1","17778024684598psac6m5c3q","(one-shot) 'snap' (VERB_wn:01893771v) 'move or strike with a noise' —> The dry twig snapped beneath his heavy boot.","YES","06/05/2026, 17:31:38"
"ann1","1777802468459fsirdnibvml","(one-shot) 'call' (NOUN_wn:00080743n) 'the option to buy a given stock (or stock index or commodity future) at a given price before a given date' —> He bought a call on tech stocks to hedge against potential price increases.","YES","06/05/2026, 17:31:49"
"ann1","1777802468459y85g0pchoym","(one-shot) 'confusion' (NOUN_wn:00379754n) 'an act causing a disorderly combination of elements with identities lost and distinctions blended' —> The editor's careless rearrangement of the chapters created a confusion of narrative voices that made the plot impossible to follow.","YES","06/05/2026, 17:31:58"
"ann1","1777802468459d0fcad0y7da","(one-shot) 'harm' (NOUN_wn:07420770n) 'the occurrence of a change for the worse' —> The new software update caused no harm to the existing database files.","YES","06/05/2026, 17:32:05"
"ann1","1777802468459oz5lkclzdxr","(one-shot) 'emergence' (NOUN_wn:00050693n) 'the act of emerging' —> The emergence of the butterfly from its chrysalis marked the beginning of a new stage in its life cycle.","YES","06/05/2026, 17:32:16"
"ann1","17778024684592f9xiqn7to","(one-shot) 'justice' (NOUN_wn:08135342n) 'the United States federal department responsible for enforcing federal laws (including the enforcement of all civil rights legislation); created in 1870' —> The attorney general serves as the head of the Department of Justice.","YES","06/05/2026, 17:32:22"
"ann1","1777802468459sjpsr151zos","(one-shot) 'capacity' (NOUN_wn:13755053n) '(computer science) the amount of information (in bytes) that can be stored on a disk drive' —> The new hard drive has a storage capacity of two terabytes.","YES","06/05/2026, 17:32:31"
"ann1","17778024684591iqmw69869c","(one-shot) 'cut_short' (VERB_wn:00317241v) 'make shorter as if by cutting off' —> The celebration was cut short when it started to rain heavily.","YES","06/05/2026, 17:32:36"
"ann1","1777802468459s5oy9ggl8d8","(one-shot) 'yoke' (NOUN_wn:04613158n) 'a connection (like a clamp or vise) between two things so they move together' —> The twin engines were locked into place by a sturdy yoke to ensure they moved in perfect synchronization.","YES","06/05/2026, 17:32:42"
"ann1","1777802468459fiuqq9ct1pk","(one-shot) 'pool' (NOUN_wn:09397391n) 'a small lake' —> The crystal-clear pool reflected the surrounding mountains.","YES","06/05/2026, 17:32:57"
"ann1","17778024684594cz8r8kv2pz","(one-shot) 'cortex' (NOUN_wn:05486510n) 'the layer of unmyelinated neurons (the grey matter) forming the cortex of the cerebrum' —> The neurosurgeon carefully avoided damaging the cerebral cortex during the delicate procedure.","YES","06/05/2026, 17:34:10"
"ann1","1777802468459dzuey08al8v","(one-shot) 'aside' (ADV_wn:00234052r) 'out of the way (especially away from one's thoughts)' —> She tried to put her fears aside and focus on the task at hand.","YES","06/05/2026, 17:34:15"
"ann1","1777802468459hz90jsx2ky6","(one-shot) 'spirit' (NOUN_wn:13985818n) 'the state of a person's emotions (especially with regard to pleasure or dejection)' —> The team's high spirits were infectious, lifting everyone in the room.","YES","06/05/2026, 17:34:19"
"ann1","1777802468459wc78l5hr3ws","(one-shot) 'introduce' (VERB_wn:00187526v) 'introduce' —> The manager will introduce the new policy to the staff.","YES","06/05/2026, 17:34:22"
"ann1","17778024684591wt0pgumwln","(one-shot) 'engagement' (NOUN_wn:01217859n) 'the act of giving someone a job' —> Her official engagement as the new department head began on Monday.","YES","06/05/2026, 17:34:26"
"ann1","1777802468459m4iuemggsc","(one-shot) 'protected' (ADJ_wn:01884930a) 'kept safe or defended from danger or injury or loss' —> The historic building remained protected from the storm by the newly installed shutters.","YES","06/05/2026, 17:34:34"
"ann1","1777802468459i6uo0ug1w5","(one-shot) 'truth' (NOUN_wn:11350705n) 'United States abolitionist and feminist who was freed from slavery and became a leading advocate of the abolition of slavery and for the rights of women (1797-1883)' —> The biography detailed the courageous journey of Sojourner Truth, highlighting her pivotal role in both the abolitionist and women's suffrage movements.","YES","06/05/2026, 17:34:46"
"ann1","1777802468459qkmtt48ocl","(one-shot) 'accounting' (NOUN_wn:13354985n) 'a statement of recent transactions and the resulting balance' —> The accountant handed over the accounting for review before the audit began.","YES","06/05/2026, 17:35:18"
"ann1","1777802468459aoexwb91tu9","(one-shot) 'unlikely' (ADJ_wn:01800169a) 'having a probability too low to inspire belief' —> It is unlikely that the lost artifact will ever be found again.","YES","06/05/2026, 17:35:28"
"ann1","1777802468459r7f3oqhl7nc","(one-shot) 'still' (ADJ_wn:01564315a) 'not in physical motion' —> The statue remained still for the entire hour.","YES","06/05/2026, 17:35:31"
"ann1","1777802468459454xd5vxkyi","(one-shot) 'philippines' (NOUN_wn:08981244n) 'a republic on the Philippine Islands; achieved independence from the United States in 1946' —> Many tourists flock to the Philippines to experience its stunning beaches and rich cultural heritage.","YES","06/05/2026, 17:35:35"
"ann1","1777802468459bv1m89czkam","(one-shot) 'brace' (NOUN_wn:02886907n) 'a carpenter's tool having a crank handle for turning and a socket to hold a bit for boring' —> The carpenter used a brace to drill the holes for the shelf brackets.","YES","06/05/2026, 17:35:39"
"ann1","1777802468459f4lxlzvdz7q","(one-shot) 'freeze' (VERB_wn:00012613v) 'suddenly behave coldly and formally' —> She froze toward him when he mentioned the accident.","YES","06/05/2026, 17:35:45"
"ann1","1777802468459dsypkhdvhtv","(one-shot) 'precious' (ADJ_wn:01462625a) 'characterized by feeling or showing fond affection for' —> She gazed at her newborn child with precious eyes.","YES","06/05/2026, 17:35:52"
"ann1","1777802468459kshr7uajhz","(one-shot) 'aged' (ADJ_wn:01493423a) 'of wines, fruit, cheeses; having reached a desired or final condition; (`aged' pronounced as one syllable)' —> The chef served a plate of aged cheddar cheese.","YES","06/05/2026, 17:36:00"
"ann1","1777802468459o4yqw8sigoi","(one-shot) 'radius' (NOUN_wn:08628578n) 'a circular region whose area is indicated by the length of its radius' —> The emergency protocol covers every building within a five-mile radius of the blast site.","YES","06/05/2026, 17:36:57"
"ann1","1777802468459dnbp1eabw8r","(one-shot) 'essential' (ADJ_wn:02722988a) 'being or relating to or containing the essence of a plant etc' —> The laboratory isolated the essential oil from the rose petals.","YES","06/05/2026, 17:37:10"
"ann1","1777802468459bk9y3x2ichp","(one-shot) 'resolve' (VERB_wn:00733044v) 'find the solution' —> The team managed to resolve the complex software bug after weeks of debugging.","YES","06/05/2026, 17:37:14"
"ann1","1777802468459nmz0j5gh8e9","(one-shot) 'exhaust' (VERB_wn:01157517v) 'use up (resources or materials)' —> The new mining project will exhaust the local water supply.","YES","06/05/2026, 17:37:18"
"ann1","1777802468459085ohncxkdhm","(one-shot) 'scandal' (NOUN_wn:07223811n) 'disgraceful gossip about the private lives of other people' —> The newspaper's front page was dominated by scandal regarding the politician's secret weekend getaway.","YES","06/05/2026, 17:37:22"
"ann1","17778024684597qlag8ohyhe","(one-shot) 'lobe' (NOUN_wn:13161506n) '(botany) a part into which a leaf is divided' —> The maple leaf displayed five distinct lobes along its jagged edge.","YES","06/05/2026, 17:37:28"
"ann1","1777802468459zd17z7vn5x9","(one-shot) 'drapery' (NOUN_wn:03151077n) 'hanging cloth used as a blind (especially for a window)' —> She pulled back the heavy drapery to let the morning sunlight flood into the room.","YES","06/05/2026, 17:37:40"
"ann1","1777802468459d1npky70dw","(one-shot) 'revolutionary' (ADJ_wn:01642657a) 'markedly new or introducing radical change' —> The company introduced a revolutionary software that transformed the way customers interact with digital banking services.","YES","06/05/2026, 17:37:45"
"ann1","1777802468459f9a2ojjl8ej","(one-shot) 'fade' (VERB_wn:00421917v) 'lose freshness, vigor, or vitality' —> The festive decorations began to fade after the holiday season ended.","YES","06/05/2026, 17:37:50"
"ann1","1777802468459h7oywn7ho9p","(one-shot) 'tease' (VERB_wn:01463792v) 'disentangle and raise the fibers of' —> She used a wire brush to tease the wool into a soft, fluffy halo.","YES","06/05/2026, 17:37:55"
"ann1","1777802468459ls468vhkctj","(one-shot) 'stump' (NOUN_wn:05560631n) 'the part of a limb or tooth that remains after the rest is removed' —> The dentist cleaned the remaining stump before placing the new crown.","YES","06/05/2026, 17:38:05"
"ann1","1777802468459i4sna6pamfl","(one-shot) 'pass' (VERB_wn:02523953v) 'accept or judge as acceptable' —> The committee passed the new safety regulations.","YES","06/05/2026, 17:38:24"
"ann1","1777802468459cl8v8dlbkx4","(one-shot) 'spice' (VERB_wn:00559919v) 'make more interesting or flavorful' —> A pinch of chili powder will spice up the bland soup.","YES","06/05/2026, 17:38:47"
"ann1","17778024684595hz9uinz18i","(one-shot) 'harness' (VERB_wn:01163495v) 'exploit the power of' —> The new technology allows us to harness the power of the sun.","YES","06/05/2026, 17:38:54"
"ann1","1777802468459l61wk45il7k","(one-shot) 'rig' (NOUN_wn:00780148n) 'the act of swindling by some fraudulent scheme' —> The fraudster's elaborate rig succeeded in stealing millions from the investors.","YES","06/05/2026, 17:39:05"
"ann1","1777802468459zcevmatu1rk","(one-shot) 'command' (VERB_wn:00751567v) 'make someone do something' —> The sergeant commanded the troops to hold their positions.","YES","06/05/2026, 17:39:09"
"ann1","1777802468459z8gfut1l06","(one-shot) 'shift' (VERB_wn:00548913v) 'move and exchange for another' —> He decided to shift his savings from stocks to bonds.","YES","06/05/2026, 17:39:14"
"ann1","1777802468459rmqmw8ad81o","(one-shot) 'drift' (VERB_wn:02662821v) 'vary or move from a fixed point or course' —> The ship began to drift off its intended course.","YES","06/05/2026, 17:39:18"
"ann1","1777802468459p2qc61axwf","(one-shot) 'slate' (NOUN_wn:14700162n) 'a fine-grained metamorphic rock that can be split into thin layers' —> The craftsmen selected a polished slate for the rustic kitchen countertop.","YES","06/05/2026, 17:39:22"
"ann1","1777802468459sufibragl9","(one-shot) 'follow' (VERB_wn:02720544v) 'be next' —> Spring follows winter.","YES","06/05/2026, 17:39:24"
"ann1","1777802468459au6i2noz8sn","(one-shot) 'Edward' (NOUN_wn:10950786n) 'King of England from 1461 to 1470 and from 1471 to 1483; was dethroned in 1470 but regained the throne in 1471 by his victory at the battle of Tewkesbury (1442-1483)' —> The historical drama focused heavily on the tragic reign of Edward, capturing the chaos of the Wars of the Roses.","YES","06/05/2026, 17:39:28"
"ann1","17778024684590h778o0ky0af","(one-shot) 'emotionally' (ADV_wn:00185670r) 'in an emotional manner' —> She reacted emotionally to the surprising news.","YES","06/05/2026, 17:39:31"
"ann1","1777802468459izn4qk5elud","(one-shot) 'discretion' (NOUN_wn:05198756n) 'the power of making free choices unconstrained by external agencies' —> Citizens in a democracy are granted the discretion to vote for their preferred candidates.","YES","06/05/2026, 17:39:40"
"ann1","177780246845971qk5mhbn2n","(one-shot) 'precipitate' (VERB_wn:01507596v) 'hurl or throw violently' —> The sudden gust of wind precipitated the loose rocks from the cliff face.","YES","06/05/2026, 17:39:46"
"ann1","17778024684595acx5rujegs","(one-shot) 'fluctuate' (VERB_wn:01876907v) 'move or sway in a rising and falling or wavelike pattern' —> The green leaves continued to fluctuate in the gentle breeze.","YES","06/05/2026, 17:39:50"
"ann1","1777802468459o94kmaaedv","(one-shot) 'arousal' (NOUN_wn:14023997n) 'a state of heightened physiological activity' —> The sudden noise caused a brief state of physiological arousal in the sleeping cat.","YES","06/05/2026, 17:39:58"
"ann1","1777802468459b1wnjv24a4n","(one-shot) 'trace' (NOUN_wn:04463273n) 'a drawing created by superimposing a semitransparent sheet of paper on the original image and copying on it the lines of the original image' —> The artist carefully made a trace of the complex botanical illustration to ensure accuracy in her final painting.","YES","06/05/2026, 17:40:10"
"ann1","1777802468459uuzqff3qguq","(one-shot) 'utter' (VERB_wn:00983824v) 'express audibly; utter sounds (not necessarily words)' —> The wounded animal would only utter a low, pained groan.","YES","06/05/2026, 17:40:14"
"ann1","1777802468459yjb7oek87g","(one-shot) 'glory' (NOUN_wn:04951716n) 'an indication of radiant light drawn around the head of a saint' —> The artist carefully painted a golden glory around the saint's head to signify her holiness.","YES","06/05/2026, 17:41:19"
"ann1","1777802468459789f70vhhna","(one-shot) 'pretentious' (ADJ_wn:01849288a) 'making claim to or creating an appearance of (often undeserved) importance or distinction' —> His pretentious monologue about obscure philosophy annoyed everyone at the dinner party.","YES","06/05/2026, 17:41:27"
"ann1","1777802468459x9g03xggyw","(one-shot) 'break' (VERB_wn:02746449v) 'vary or interrupt a uniformity or continuity' —> The sudden shout broke the silence of the library.","YES","06/05/2026, 17:41:37"
"ann1","1777802468459lgca892m0zi","(one-shot) 'oatmeal' (NOUN_wn:07874995n) 'porridge made of rolled oats' —> For a warm and comforting breakfast, she prepared a bowl of creamy oatmeal topped with fresh berries.","YES","06/05/2026, 17:41:41"
"ann1","1777802468459tk46fjfhq4","(one-shot) 'mechanical' (ADJ_wn:02890983a) 'relating to or governed by or in accordance with mechanics' —> The clock's movement is entirely mechanical.","YES","06/05/2026, 17:41:47"
"ann1","1777802468459u6eojydick8","(one-shot) 'accurately' (ADV_wn:00204798r) 'strictly correctly' —> The surveyor must measure the land boundaries accurately to avoid legal disputes.","YES","06/05/2026, 17:41:54"
"ann1","1777802468459fnsnr8n3upc","(one-shot) 'conjunction' (NOUN_wn:07415167n) '(astronomy) apparent meeting or passing of two or more celestial bodies in the same degree of the zodiac' —> The ancient astronomers carefully recorded the rare conjunction of Venus and Jupiter to predict future celestial events.","YES","06/05/2026, 17:43:21"
"ann1","177780246845953s0qz7ugds","(one-shot) 'alcohol' (NOUN_wn:14708720n) 'any of a series of volatile hydroxyl compounds that are made from hydrocarbons by distillation' —> The chemist explained how alcohol is produced through the distillation of fermented sugars.","YES","06/05/2026, 17:43:40"
"ann1","1777802468459j0t3v9gxwxl","(one-shot) 'responsiveness' (NOUN_wn:05653575n) 'responsive to stimulation' —> The system's responsiveness to user input was significantly improved after the software update.","YES","06/05/2026, 17:44:38"
"ann1","1777802468459b3sl140kseq","(one-shot) 'aged' (ADJ_wn:01644225a) 'advanced in years; (`aged' is pronounced as two syllables)' —> The aged professor slowly descended the stairs, his hands trembling slightly.","YES","06/05/2026, 17:44:44"
"ann1","1777802468459sdud24h2p7r","(one-shot) 'advanced' (ADJ_wn:01876261a) 'ahead of the times' —> His advanced theories on quantum mechanics were largely ignored by his contemporaries.","YES","06/05/2026, 17:44:51"
"ann1","17778024684591o06zzv37xc","(one-shot) 'base' (ADJ_wn:01589650a) 'having or showing an ignoble lack of honor or morality; - Edmund Burke; ; - Shakespeare' —> His base attempt to steal credit for the project revealed his true character.","YES","06/05/2026, 17:45:01"
"ann1","17778024684590ony41u40wh","(one-shot) 'self-conscious' (ADJ_wn:00570991a) 'aware of yourself as an individual or of your own being and actions and thoughts; ; - D.M.Potter' —> She felt self-conscious about her accent during the presentation.","YES","06/05/2026, 17:45:04"
"ann1","1777802468459yqazmmyf17c","(one-shot) 'unrestricted' (ADJ_wn:01064167a) 'free of restrictions on conduct' —> The members of the group operated with unrestricted freedom during the protest.","YES","06/05/2026, 17:45:10"
"ann1","177780246845903dr5rwdyibx","(one-shot) 'prominence' (NOUN_wn:05169507n) 'relative importance' —> The committee gave greater prominence to safety regulations during the review.","YES","06/05/2026, 17:45:14"
"ann1","1777802468459myv7xnwc3w","(one-shot) 'remind' (VERB_wn:00877848v) 'assist (somebody acting or reciting) by suggesting the next words of something forgotten or imperfectly learned' —> The director stepped in to remind the actor of his forgotten line during the rehearsal.","YES","06/05/2026, 17:45:18"
"ann1","1777802468459g0n1nmlvzzg","(one-shot) 'casual' (ADJ_wn:01044557a) 'appropriate for ordinary or routine occasions' —> She preferred casual clothes for the weekend picnic.","YES","06/05/2026, 17:45:21"
"ann1","1777802468459kc5e1zyexw","(one-shot) 'sentiment' (NOUN_wn:07481951n) 'tender, romantic, or nostalgic feeling or emotion' —> The old letter was filled with sentiment for their lost youth.","YES","06/05/2026, 17:45:25"
"ann1","17778024684593d3nmdi6i9e","(one-shot) 'mechanical' (ADJ_wn:01499686a) 'using (or as if using) mechanisms or tools or devices' —> The clock’s internal gears produced a steady mechanical ticking sound.","YES","06/05/2026, 17:45:29"
"ann1","1777802468459b3eqon434s","(one-shot) 'disapprove' (VERB_wn:00674340v) 'consider bad or wrong' —> She strongly disapproves of his reckless driving habits.","YES","06/05/2026, 17:45:40"
"ann1","1777802468459z4vtv6lcfub","(one-shot) 'cyclic' (ADJ_wn:00675701a) 'recurring in cycles' —> The moon goes through a cyclic pattern of phases.","YES","06/05/2026, 17:45:46"
"ann1","17778024684593tqdu95hzkw","(one-shot) 'conviction' (NOUN_wn:01189282n) '(criminal law) a final judgment of guilty in a criminal case and the punishment that is imposed' —> The jury returned a conviction, which resulted in the defendant receiving a ten-year sentence.","YES","06/05/2026, 17:45:59"
"ann1","17778024684595jzwqo0mooe","(one-shot) 'liberty' (NOUN_wn:15140080n) 'leave granted to a sailor or naval officer' —> The captain finally granted the anxious sailor his liberty after a month of relentless storms.","YES","06/05/2026, 17:46:13"
"ann1","1777802468459ei3pgflmh6r","(one-shot) 'hide' (NOUN_wn:01895735n) 'body covering of a living animal' —> The taxidermist carefully cleaned and stretched the bear's hide.","YES","06/05/2026, 17:46:19"
"ann1","1777802468459b18rm089rcc","(one-shot) 'sloping' (ADJ_wn:01234747a) 'having an oblique or slanted direction' —> The house sits on a sloping bank that leads down to the river.","YES","06/05/2026, 17:46:26"
"ann1","1777802468459jtq23l29kl","(one-shot) 'sac' (NOUN_wn:13092722n) 'a case or sheath especially a pollen sac or moss capsule' —> The mature spores are released when the delicate wall of the moss sac ruptures.","YES","06/05/2026, 17:46:39"
"ann1","1777802468459ygm5kzdutrm","(one-shot) 'exponent' (NOUN_wn:06812417n) 'a mathematical notation indicating the number of times a quantity is multiplied by itself' —> The exponent in the term $2^8$ indicates that the base number two is multiplied by itself eight times.","YES","06/05/2026, 17:46:43"
"ann1","177780246845922tones23cxi","(one-shot) 'deceit' (NOUN_wn:00752431n) 'the act of deceiving' —> The contract was voided due to deceit.","YES","06/05/2026, 17:46:46"
"ann1","1777802468459f9z21vi9tlw","(one-shot) 'ill' (ADJ_wn:01162267a) 'resulting in suffering or adversity' —> The ill effects of the polluted water were evident in the community.","YES","06/05/2026, 17:46:52"
"ann1","1777802468459byfh6q09n4r","(one-shot) 'improvement' (NOUN_wn:00248977n) 'the act of improving something' —> The steady improvement of her piano skills was evident in the final recital.","YES","06/05/2026, 17:46:59"
"ann1","177780246845996mgft8vxz","(one-shot) 'time' (VERB_wn:00702226v) 'set the speed, duration, or execution of' —> You must time your jumps to land safely on the moving platform.","YES","06/05/2026, 17:47:03"
"ann1","1777802468459psqpb4anb8a","(one-shot) 'school' (VERB_wn:02387910v) 'educate in or as if in a school' —> The mentor aimed to school the novice in proper etiquette.","YES","06/05/2026, 17:47:07"
"ann1","1777802468459nz580mzocqr","(one-shot) 'advise' (VERB_wn:00872886v) 'give advice to' —> The doctor advises patients to drink more water.","YES","06/05/2026, 17:47:14"
"ann1","1777802468459h9th8hqyyk","(one-shot) 'compound' (VERB_wn:00227165v) 'make more intense, stronger, or more marked; ,' —> The stress of the deadline compounded his existing anxiety.","YES","06/05/2026, 17:47:24"
"ann1","1777802468459ichur6axq2","(one-shot) 'spike' (NOUN_wn:13133438n) '(botany) an indeterminate inflorescence bearing sessile flowers on an unbranched axis' —> The yucca plant displayed a tall spike of creamy white flowers.","YES","06/05/2026, 17:47:36"
"ann1","17778024684591qctcakzf2f","(one-shot) 'charge' (VERB_wn:00750532v) 'impose a task upon, assign a responsibility to' —> The manager charged the new intern with compiling the quarterly sales report.","YES","06/05/2026, 17:47:41"
"ann1","1777802468459l0hmrti2zp","(one-shot) 'irregularly' (ADV_wn:00331697r) 'in an irregular manner' —> The patient's heartbeat was irregularly rapid during the examination.","YES","06/05/2026, 17:47:49"
"ann1","1777802468459siyhh8d9mn","(one-shot) 'hitch' (NOUN_wn:03522863n) 'a connection between a vehicle and the load that it pulls' —> The truck driver checked the hitch to ensure the trailer was securely attached.","YES","06/05/2026, 17:47:56"
"ann1","177780246845955ke9ciewgn","(one-shot) 'seriousness' (NOUN_wn:07512315n) 'an earnest and sincere feeling' —> The seriousness of her expression indicated that she was deeply concerned about the situation.","YES","06/05/2026, 17:48:03"
"ann1","17778024684597zddmuzy1ps","(one-shot) 'cabinetwork' (NOUN_wn:00607542n) 'the craft of making furniture (especially furniture of high quality)' —> The master's dedication to traditional cabinetwork was evident in every dovetail joint.","YES","06/05/2026, 17:48:14"
"ann1","1777802468459ukgtj3gr44","(one-shot) 'chatter' (VERB_wn:01038666v) 'talk socially without exchanging too much information' —> The passengers began to chatter excitedly about their upcoming vacation plans.","YES","06/05/2026, 17:48:19"
"ann1","1777802468459tvypz5sqf7l","(one-shot) 'lead' (NOUN_wn:03651265n) 'thin strip of metal used to separate lines of type in printing' —> The typesetter carefully placed a three-point lead between the paragraphs to create the desired vertical spacing.","YES","06/05/2026, 17:48:25"
"ann1","17778024684598lahbeo9nbu","(one-shot) 'warmth' (NOUN_wn:04628192n) 'the trait of being intensely emotional' —> The letter was written with such palpable warmth that it brought tears to her eyes.","YES","06/05/2026, 17:48:33"
"ann1","1777802468459ggqqthyi1rl","(one-shot) 'trick' (NOUN_wn:00099951n) 'an illusory feat; considered magical by naive observers' —> The magician performed a brilliant trick that left the audience amazed.","YES","06/05/2026, 17:48:40"
"ann1","1777802468459bzf36ua5fj6","(one-shot) 'exemplify' (VERB_wn:02723733v) 'be characteristic of' —> Her diligence exemplifies the dedication of the entire team.","YES","06/05/2026, 17:48:52"
"ann1","17778024684591e457vc485e","(one-shot) 'sophistication' (NOUN_wn:04880273n) 'the quality or character of being intellectually sophisticated and worldly through cultivation or experience or disillusionment' —> Years of traveling the globe instilled in her a quiet sophistication that belied her young age.","YES","06/05/2026, 17:48:59"
"ann1","177780246845926zc4r1tzh","(one-shot) 'disagreement' (NOUN_wn:04749709n) 'a difference between conflicting facts or claims or opinions' —> There was a significant disagreement between the two historians regarding the timeline of the ancient empire.","YES","06/05/2026, 17:49:05"
"ann1","17778024684592jgahla8loj","(one-shot) 'minority' (NOUN_wn:05122850n) 'being or relating to the smaller in number of two parts' —> The minority of the votes were cast against the proposal.","YES","06/05/2026, 17:49:09"
"ann1","1777802468459v5adse2guqe","(one-shot) 'appreciation' (NOUN_wn:01218593n) 'a favorable judgment' —> Her portrait received high appreciation from the gallery visitors.","YES","06/05/2026, 17:49:14"
"ann1","1777802468459gycq1a93b9f","(one-shot) 'liable' (ADJ_wn:02362178a) '(often followed by `to') likely to be affected with' —> People who consume excessive amounts of sugar are liable to develop type 2 diabetes.","YES","06/05/2026, 17:49:27"
"ann1","1777802468459wz63nmpuefj","(one-shot) 'refer' (VERB_wn:02676054v) 'be relevant to' —> These statistics do not refer to the current fiscal year.","YES","06/05/2026, 17:49:39"
"ann1","1777802468459aenqvammxkm","(one-shot) 'spell' (VERB_wn:00121387v) 'take turns working' —> We decided to spell each other in driving so neither of us would get too tired.","YES","06/05/2026, 17:51:21"
"ann1","1777802468459x327wtxg7zh","(one-shot) 'extinction' (NOUN_wn:13963032n) 'no longer in existence' —> The meteor impact accelerated the extinction of the dinosaurs.","YES","06/05/2026, 17:51:25"
"ann1","17778024684594zqlttior3r","(one-shot) 'die' (NOUN_wn:03191029n) 'a small cube with 1 to 6 spots on the six faces; used in gambling to generate random numbers' —> He rolled the die to determine his next move in the board game.","YES","06/05/2026, 17:51:29"
"ann1","177780246845925yr58df2in","(one-shot) 'auricle' (NOUN_wn:05323889n) 'the externally visible cartilaginous structure of the external ear' —> The doctor examined the patient's left auricle for signs of infection or trauma.","YES","06/05/2026, 17:51:34"
"ann1","1777802468459iniiun39o1h","(one-shot) 'flare' (NOUN_wn:03357893n) 'a device that produces a bright light for warning or illumination or identification' —> The stranded motorists ignited a flare to signal their position to passing trucks.","YES","06/05/2026, 17:51:42"
"ann1","1777802468459kvozchff65n","(one-shot) 'put_up' (VERB_wn:01570403v) 'place so as to be noticed' —> The museum decided to put up a large banner to announce the upcoming exhibition.","YES","06/05/2026, 17:51:47"
"ann1","177780246845935e9c1wjd38","(one-shot) 'comic' (ADJ_wn:02973392a) 'of or relating to or characteristic of comedy' —> The actor's comic timing in the farce was impeccable.","YES","06/05/2026, 17:52:00"
"ann1","17778024684595xpbohhfo6r","(one-shot) 'take' (VERB_wn:02109045v) 'experience or feel or submit to' —> She had to take the harsh criticism of her manager.","YES","06/05/2026, 17:52:05"
"ann1","17778024684596z77ev15wid","(one-shot) 'security' (NOUN_wn:06685754n) 'a guarantee that an obligation will be met' —> The bank demanded additional security for the substantial loan.","YES","06/05/2026, 17:52:32"
"ann1","1777802468459m66rnz0c2mi","(one-shot) 'physiology' (NOUN_wn:05005064n) 'processes and functions of an organism' —> The student's deep understanding of human physiology allowed her to explain how muscles contract during exercise.","YES","06/05/2026, 17:52:38"
"ann1","1777802468459vr7skrmplx","(one-shot) 'appreciation' (NOUN_wn:00364440n) 'an increase in price or value' —> The significant appreciation in the value of their real estate holdings made them very wealthy.","YES","06/05/2026, 17:52:46"
"ann1","17778024684593v9pfvd4pzb","(one-shot) 'flare' (NOUN_wn:13862644n) 'a shape that spreads outward' —> The skirt has a graceful flare at the hem.","YES","06/05/2026, 17:52:48"
"ann1","1777802468459uqfyhdvbavp","(one-shot) 'induction' (NOUN_wn:07453195n) 'a formal entry into an organization or position or office' —> The coach will host a formal induction for the five new team members tomorrow.","YES","06/05/2026, 17:52:57"
"ann1","1777802468459vfz00t4hpfc","(one-shot) 'rack' (VERB_wn:01960491v) 'go at a rack' —> The old wooden frame will rack if you leave it out in the rain.","YES","06/05/2026, 17:53:06"
"ann1","17778024684595vxhppp3rbg","(one-shot) 'dash' (NOUN_wn:04812871n) 'distinctive and stylish elegance' —> Her outfit had a touch of dash that made her stand out in the crowd.","YES","06/05/2026, 17:53:13"
"ann1","1777802468459ru1r0hn1m3","(one-shot) 'believer' (NOUN_wn:09847727n) 'a person who has religious faith' —> The devout believer knelt in the cathedral to pray.","YES","06/05/2026, 17:53:25"
"ann1","1777802468459dfhwvsjfqj9","(one-shot) 'vicious' (ADJ_wn:01263013a) '(of persons or their actions) able or disposed to inflict pain or suffering' —> The dog's vicious bark startled the postman.","NO","06/05/2026, 17:53:31"
"ann1","1777802468459u6xsm0fwqtd","(one-shot) 'toothed' (ADJ_wn:02247785a) 'notched like a saw with teeth pointing toward the apex' —> The meteorologist identified the air mass boundary as a cold front due to its distinctive toothed shape on the weather map.","YES","06/05/2026, 17:54:06"
"ann1","1777802468459svnym7deh8j","(one-shot) 'sugarcane' (NOUN_wn:12132754n) 'juicy canes whose sap is a source of molasses and commercial sugar; fresh canes are sometimes chewed for the juice' —> The plantation workers harvested the tall sugarcane stalks under the midday sun.","YES","06/05/2026, 17:54:12"
"ann1","1777802468459nrhxo48pzcd","(one-shot) 'consolidate' (VERB_wn:00242747v) 'bring together into a single whole or system' —> The company decided to consolidate its various branches into one central headquarters.","YES","06/05/2026, 17:54:19"
"ann1","1777802468459qhv9vbdpeze","(one-shot) 'choke' (VERB_wn:02423999v) 'check or slow down the action or effect of' —> The regulator will help choke inflation.","YES","06/05/2026, 17:54:22"
"ann1","1777802468459o4x9wu1pi4","(one-shot) 'earthy' (ADJ_wn:01317362a) 'hearty and lusty' —> The meal was an earthy feast of roasted roots and dark bread.","YES","06/05/2026, 17:54:28"
"ann1","1777802468459pi3vyx2ohks","(one-shot) 'detachment' (NOUN_wn:14415518n) 'the state of being isolated or detached' —> The remote village existed in a state of complete detachment from the rest of the world.","YES","06/05/2026, 17:54:33"
"ann1","177780246845966rg70sdyc7","(one-shot) 'ignorant' (ADJ_wn:00830981a) 'uneducated in the fundamentals of a given art or branch of learning; lacking knowledge of a specific field' —> Despite his PhD, he remained ignorant of basic gardening principles.","YES","06/05/2026, 17:54:40"
"ann1","1777802468459m1yy3ojaal","(one-shot) 'defy' (VERB_wn:00868097v) 'challenge' —> The rebels defy the government's unjust laws.","YES","06/05/2026, 17:54:47"
"ann1","1777802468459jzi9aueyxh","(one-shot) 'concern' (NOUN_wn:05832264n) 'something or someone that causes anxiety; a source of unhappiness' —> The new safety regulations are a major concern for the manufacturing team.","YES","06/05/2026, 17:55:57"
"ann1","1777802468459mtrw3lasczk","(one-shot) 'squad' (NOUN_wn:08208560n) 'a cooperative unit (especially in sports)' —> The entire squad gathered on the field to celebrate their hard-earned victory.","YES","06/05/2026, 17:57:16"
"ann1","1777802468459310xyue823j","(one-shot) 'radiate' (VERB_wn:00291163v) 'send out real or metaphoric rays' —> The fireplace began to radiate a comforting warmth into the chilly room.","YES","06/05/2026, 17:57:23"
"ann1","1777802468459im2qw12902","(one-shot) 'land' (NOUN_wn:08166552n) 'the people who live in a nation or country' —> The land voted to elect a new representative.","YES","06/05/2026, 17:57:28"
"ann1","1777802468459rq5kzz5ff","(one-shot) 'sprawl' (VERB_wn:02032227v) 'go, come, or spread in a rambling or irregular way' —> The old garden walls sprawl across the overgrown property.","YES","06/05/2026, 17:57:32"
"ann1","1777802468459h1ln5oa7f4","(one-shot) 'bosom' (NOUN_wn:02876084n) 'cloth that covers the chest or breasts' —> She adjusted the stiff bosom of her vintage corset to ensure it lay flat against her chest.","YES","06/05/2026, 17:57:37"
"ann1","1777802468459ghwmcsp1gcp","(one-shot) 'draw' (VERB_wn:01643297v) 'earn or achieve a base by being walked by the pitcher' —> The batter managed to draw a walk on four balls.","YES","06/05/2026, 17:57:44"
"ann1","177780246845925cbmy2sp49","(one-shot) 'take_up' (VERB_wn:01982395v) 'occupy or take on' —> The new sofa takes up most of the space in the living room.","YES","06/05/2026, 17:57:51"
"ann1","1777802468459g24687xjca","(one-shot) 'tolerant' (ADJ_wn:02436341a) 'showing respect for the rights or opinions or practices of others' —> She has always been tolerant of her neighbor's unconventional lifestyle choices.","YES","06/05/2026, 17:58:56"
"ann1","17778024684590ktsiprhik2","(one-shot) 'cause' (NOUN_wn:07326557n) 'events that provide the generative force that is the origin of something' —> Scientists are still investigating the underlying cause of the mysterious outbreak.","YES","06/05/2026, 17:59:00"
"ann1","1777802468459ksmvi04rr3","(one-shot) 'septum' (NOUN_wn:05222940n) '(anatomy) a dividing partition between two tissues or cavities' —> The surgeon carefully repaired the damaged nasal septum to restore proper airflow.","YES","06/05/2026, 17:59:05"
"ann1","177780246845952ca7mam1sm","(one-shot) 'invention' (NOUN_wn:03582658n) 'a creation (a new device or process) resulting from study and experimentation' —> The steam engine was a groundbreaking invention that revolutionized transportation.","YES","06/05/2026, 17:59:10"
"ann1","1777802468459i99r4yl4r7n","(one-shot) 'book' (VERB_wn:02599754v) 'register in a hotel booker' —> She plans to book a room at the downtown hotel for her business trip.","YES","06/05/2026, 17:59:16"
"ann1","1777802468459nbz8z6x51","(one-shot) 'course_of_study' (NOUN_wn:00884466n) 'education imparted in a series of lessons or meetings' —> She enrolled in a rigorous course of study to become a certified accountant.","YES","06/05/2026, 17:59:22"
"ann1","17778024684592w6jojxcc28","(one-shot) 'dim' (ADJ_wn:00440579a) 'slow to learn or understand; lacking intellectual acuity; ; ; - Thackeray' —> The dim student struggled to grasp the basic concepts of algebra despite the teacher's patient explanations.","YES","06/05/2026, 17:59:30"
"ann1","17778024684593rxu80x6t2l","(one-shot) 'draw' (VERB_wn:02628832v) 'require a specified depth for floating' —> The large vessel draws twenty feet of water.","YES","06/05/2026, 17:59:36"
"ann1","17778024684597fjfhceplrv","(one-shot) 'advance' (VERB_wn:01111028v) 'obtain advantages, such as points, etc.' —> The chess player managed to advance several pawns across the board.","YES","06/05/2026, 17:59:44"
"ann1","1777802468459qj6610qcorl","(one-shot) 'touch' (NOUN_wn:00046522n) 'the act of putting two things together with no space between them' —> The brush made barely a touch with the canvas.","YES","06/05/2026, 18:00:25"
"ann1","1777802468459s321517mry","(one-shot) 'crown' (NOUN_wn:03138856n) 'a wreath or garland worn on the head to signify victory' —> The ancient athlete was honored with a laurel crown for his victory in the games.","YES","06/05/2026, 18:00:32"
"ann1","17778024684596mcrfzdjtab","(one-shot) 'exact' (ADJ_wn:00914421a) 'marked by strict and particular and complete accordance with fact' —> The architect required the exact measurements to ensure the new wing fit perfectly.","YES","06/05/2026, 18:00:38"
"ann1","1777802468459dpkna07v7jq","(one-shot) 'energetic' (ADJ_wn:00885099a) 'working hard to promote an enterprise' —> The energetic board member spent every weekend promoting the new startup.","YES","06/05/2026, 18:00:43"
"ann1","1777802468459le2852nh9vb","(one-shot) 'orient' (NOUN_wn:08562620n) 'the countries of Asia' —> The crew looked toward the Orient, hoping to find clear skies for their voyage.","YES","06/05/2026, 18:00:49"
"ann1","1777802468459i3tq6n4ykyp","(one-shot) 'nova_scotia' (NOUN_wn:08826306n) 'the Canadian province in the Maritimes consisting of the Nova Scotia peninsula and Cape Breton Island; French settlers who called the area Acadia were exiled to Louisiana by the British in the 1750s and their descendants are know as Cajuns' —> My family moved from the bustling streets of Halifax to a quiet fishing village in Nova Scotia to enjoy the slower pace of coastal life.","YES","06/05/2026, 18:00:58"
"ann1","1777802468459ubquq0omuh","(one-shot) 'tap' (NOUN_wn:07410021n) 'a gentle blow' —> He gave his friend's shoulder a gentle tap to get his attention.","YES","06/05/2026, 18:01:18"
"ann1","177780246845944zkk82n791","(one-shot) 'show' (VERB_wn:00922867v) 'indicate a certain reading; of gauges and instruments' —> The pressure gauge is showing a dangerous level.","YES","06/05/2026, 18:01:27"
"ann1","17778024684590s3yxtknu05g","(one-shot) 'suffering' (NOUN_wn:14448910n) 'misery resulting from affliction' —> The refugees carried with them the deep suffering caused by years of war and displacement.","YES","06/05/2026, 18:03:10"
"ann1","1777802468459imhhjurs2gn","(one-shot) 'bless' (VERB_wn:02264075v) 'confer prosperity or happiness on' —> May the seasons bless your fields with abundance.","YES","06/05/2026, 18:03:14"
"ann1","17778024684591og9uxcx3n1","(one-shot) 'call' (NOUN_wn:01055493n) 'a visit in an official or professional capacity' —> The governor scheduled a call at the hospital to inspect the new wing.","YES","06/05/2026, 18:03:17"
"ann1","1777802468459ckybr7qz6x","(one-shot) 'slow' (VERB_wn:00439958v) 'lose velocity; move more slowly' —> The car began to slow as it approached the intersection.","YES","06/05/2026, 18:03:21"
"ann1","1777802468459fivzrp6mwwv","(one-shot) 'dubious' (ADJ_wn:00338013a) 'fraught with uncertainty or doubt' —> The company's financial projections were met with a dubious sense of caution by the board members.","YES","06/05/2026, 18:03:27"
"ann1","1777802468459zhbrp6ywmp","(one-shot) 'refer' (VERB_wn:01952898v) 'send or direct for treatment, information, or a decision' —> The doctor will refer the patient to a specialist for further evaluation.","YES","06/05/2026, 18:03:30"
"ann1","1777802468459sani53gn2yh","(one-shot) 'preserve' (VERB_wn:02682773v) 'keep undisturbed for personal or private use for hunting, shooting, or fishing' —> The wealthy landowner chose to preserve the forest for his own hunting expeditions.","YES","06/05/2026, 18:03:50"
"ann1","1777802468459nidzg4pod9e","(one-shot) 'access' (NOUN_wn:02671062n) 'a way of entering or leaving' —> The only access to the island was a narrow, winding path through the dense forest.","YES","06/05/2026, 18:03:53"
"ann1","1777802468459voz514lkl2i","(one-shot) 'thorax' (NOUN_wn:02665543n) 'part of an insect's body that bears the wings and legs' —> The beetle's thorax supports its six legs and two pairs of wings.","YES","06/05/2026, 18:03:57"
"ann1","17778024684599gzzsdcdro6","(one-shot) 'launch' (VERB_wn:01515196v) 'get going; give impetus to' —> The new project will launch next month.","YES","06/05/2026, 18:03:59"
"ann1","1777802468459dxk1xs6jkjh","(one-shot) 'break_up' (VERB_wn:01785579v) 'suffer a nervous breakdown' —> After months of relentless pressure and isolation, the brilliant mathematician finally broke up.","YES","06/05/2026, 18:04:03"
"ann1","17778024684592b8y9wha6hh","(one-shot) 'spark' (NOUN_wn:13773539n) 'a small but noticeable trace of some quality that might become stronger' —> There was a distinct spark of creativity in her latest design proposal.","YES","06/05/2026, 18:04:07"
"ann1","1777802468459vegdkubl8n","(one-shot) 'bead' (NOUN_wn:13901585n) 'a shape that is spherical and small' —> She carefully threaded the red bead onto the string.","YES","06/05/2026, 18:04:16"
"ann1","1777802468459s7gxy6z7t7d","(one-shot) 'unit' (NOUN_wn:09465459n) 'a single undivided natural thing occurring in the composition of something else' —> Air is composed of many small units called molecules.","YES","06/05/2026, 18:04:23"
"ann1","1777802468459y5t08zcxjid","(one-shot) 'charge' (VERB_wn:00869931v) 'file a formal charge against' —> The District Attorney decided to charge the defendant with grand theft.","YES","06/05/2026, 18:04:29"
"ann1","17778024684591otq7fwi27o","(one-shot) 'stick' (VERB_wn:01220885v) 'come or be in close contact with; stick or hold together and resist separation' —> The wet clay stuck to my fingers.","YES","06/05/2026, 18:05:05"
"ann1","1777802468459f9iy0vd4e1f","(one-shot) 'absolute' (ADJ_wn:00005205a) 'perfect or complete or pure' —> The silence in the room was absolute.","YES","06/05/2026, 18:05:09"
"ann1","1777802468459mopcg7c2a1s","(one-shot) 'diffuse' (VERB_wn:02060141v) 'move outward' —> The aroma of fresh coffee begins to diffuse through the hallway.","YES","06/05/2026, 18:05:14"
"ann1","1777802468459v1khwgiya","(one-shot) 'clear' (VERB_wn:02208409v) 'sell' —> The store managed to clear all the holiday inventory by December.","YES","06/05/2026, 18:05:20"
"ann1","1777802468459nddnjvlltxq","(one-shot) 'tap' (NOUN_wn:00654400n) 'the act of tapping a telephone or telegraph line to get information' —> The police discovered the illegal tap on the suspect's communication lines during their raid.","YES","06/05/2026, 18:05:30"
"ann1","17778024684591ggctmq4k2r","(one-shot) 'dip' (NOUN_wn:07582609n) 'tasty mixture or liquid into which bite-sized foods are dipped' —> The waiter brought a tray of warm, spicy dip to accompany the fresh tortilla chips.","YES","06/05/2026, 18:05:35"
"ann1","1777802468459wzty6on9rt","(one-shot) 'elimination' (NOUN_wn:00223720n) 'the murder of a competitor' —> The spy's sudden elimination from the race was suspected to be an act of corporate sabotage.","YES","06/05/2026, 18:05:43"
"ann1","17778024684594va3riooiom","(one-shot) 'streak' (NOUN_wn:08460585n) 'an unbroken series of events' —> The basketball player was on an impressive winning streak during the playoffs.","YES","06/05/2026, 18:05:58"
"ann1","1777802468459etwu1o3mphj","(one-shot) 'ground' (VERB_wn:02022359v) 'hit or reach the ground' —> The biplane ground on the runway.","WRONG","06/05/2026, 18:06:00"
"ann1","17778024684593yz8ycdtuwy","(one-shot) 'utter' (VERB_wn:00940384v) 'articulate; either verbally or with a cry, shout, or noise' —> She could not utter a single word during the interrogation.","YES","06/05/2026, 18:06:04"
"ann1","1777802468459aigzxx7et8","(one-shot) 'snap' (VERB_wn:01003249v) 'record on photographic film' —> He decided to snap a quick photo of the sunset.","YES","06/05/2026, 18:06:07"
"ann1","1777802468459tol30cjmhnh","(one-shot) 'disobedient' (ADJ_wn:02330762a) 'unwilling to submit to authority' —> The disobedient student refused to follow the teacher's instructions.","YES","06/05/2026, 18:06:30"
"ann1","1777802468459xrtdofmqrv8","(one-shot) 'suffocate' (VERB_wn:01569181v) 'deprive of oxygen and prevent from breathing' —> The thick smoke began to suffocate the people trapped inside the burning building.","YES","06/05/2026, 18:06:39"
"ann1","1777802468459fv3kjx5vbwr","(one-shot) 'inflate' (VERB_wn:00562523v) 'increase the amount or availability of, creating a rise in value' —> The central bank decided to inflate the money supply to stimulate economic activity.","YES","06/05/2026, 18:06:45"
"ann1","1777802468459j1bydzokz1","(one-shot) 'fault' (NOUN_wn:14464203n) 'an imperfection in an object or machine' —> The mechanic identified a small fault in the engine's timing belt.","YES","06/05/2026, 18:06:49"
"ann2","1777802468459ql1m4ilk00a","(one-shot) 'perch' (NOUN_wn:02556846n) 'spiny-finned freshwater food and game fishes' —> The angler hoped to catch a perch in the clear lake.","YES","03/05/2026, 12:02:02"
"ann2","17778024684594c3z0szsvua","(one-shot) 'infest' (VERB_wn:02654585v) 'live on or in a host, as of parasites' —> The parasitic larvae began to infest the weak sheep.","YES","03/05/2026, 12:02:11"
"ann2","177780246845908l8s3a0lmba","(one-shot) 'output' (NOUN_wn:03860882n) 'what is produced in a given time period' —> The factory increased its output by ten percent this quarter.","YES","03/05/2026, 12:02:20"
"ann2","1777802468459u34xfwn479","(one-shot) 'crash' (VERB_wn:00434919v) 'stop operating' —> The computer suddenly crashed.","YES","03/05/2026, 12:02:30"
"ann2","1777802468459q4bg56e69rc","(one-shot) 'jack' (NOUN_wn:03589220n) 'small flag indicating a ship's nationality' —> The captain raised the jack to signal their nationality to the passing vessels.","YES","03/05/2026, 12:02:38"
"ann2","1777802468459fktmurtdorc","(one-shot) 'assembly' (NOUN_wn:01229938n) 'the social act of assembling' —> The annual assembly brings together alumni from all over the country.","YES","03/05/2026, 12:02:56"
"ann2","17778024684598cslee5so09","(one-shot) 'show' (VERB_wn:02137132v) 'make visible or noticeable' —> The bright lights show the dancer's graceful movements.","YES","03/05/2026, 12:03:04"
"ann2","1777802468459v54iz2sqjy","(one-shot) 'crash' (VERB_wn:01972570v) 'fall or come down violently' —> The old oak tree crashed down during the storm.","YES","03/05/2026, 12:03:13"
"ann2","1777802468459c7jjsye1opp","(one-shot) 'offensive' (ADJ_wn:01628302a) 'causing anger or annoyance' —> His offensive remarks during the meeting made everyone uncomfortable.","YES","03/05/2026, 12:03:23"
"ann2","1777802468459wy50p9ou7xh","(one-shot) 'curb' (NOUN_wn:03149135n) 'a horse's bit with an attached chain or strap to check the horse' —> The jockey carefully adjusted the curb to ensure the horse responded correctly to the rein pressure.","YES","03/05/2026, 12:03:32"
"ann2","17778024684590gunalkxzk7l","(one-shot) 'grant' (NOUN_wn:13266892n) 'any monetary aid' —> She applied for a government grant to fund her research project.","YES","03/05/2026, 12:03:43"
"ann2","1777802468459ai17y2e2i9v","(one-shot) 'necessarily' (ADV_wn:00408375r) 'as a highly likely consequence' —> Sudden economic collapse will necessarily lead to widespread unemployment.","YES","03/05/2026, 12:04:28"
"ann2","17778024684590te33rp8wfjj","(one-shot) 'polyp' (NOUN_wn:14234436n) 'a small vascular growth on the surface of a mucous membrane' —> The doctor identified a small polyp in the patient's colon and recommended its removal.","YES","03/05/2026, 12:04:36"
"ann2","17778024684594edufithuek","(one-shot) 'correct' (ADJ_wn:00631391a) 'free from error; especially conforming to fact or truth' —> The teacher confirmed that the student's answer was correct.","YES","03/05/2026, 12:04:45"
"ann2","1777802468459f4jwtoouadr","(one-shot) 'romance' (NOUN_wn:06963951n) 'the group of languages derived from Latin' —> Romance languages such as Italian and Spanish are widely spoken across Europe.","YES","03/05/2026, 12:04:52"
"ann2","1777802468459l9tus5hko6","(one-shot) 'performance' (NOUN_wn:00550771n) 'the act of presenting a play or a piece of music or other entertainment' —> The audience waited with bated breath for the band's final performance.","YES","03/05/2026, 12:04:59"
"ann2","1777802468459x6p5rx0ox2","(one-shot) 'recess' (NOUN_wn:01062997n) 'a pause from doing something (as work)' —> The teacher called for a brief recess to allow the students to stretch their legs.","YES","03/05/2026, 12:05:07"
"ann2","1777802468459titp224s8q","(one-shot) 'line' (NOUN_wn:05748786n) 'a conceptual separation or distinction' —> There is a clear line between constructive criticism and personal attack.","YES","03/05/2026, 12:05:17"
"ann2","1777802468459cq69luj5xbf","(one-shot) 'measure' (NOUN_wn:07260623n) 'a basis for comparison; a reference point against which other things can be evaluated' —> We need a reliable measure to judge the quality of our work.","YES","03/05/2026, 12:05:25"
"ann2","1777802468459jfsuiqkx2u","(one-shot) 'effective' (ADJ_wn:01660712a) 'ready for service' —> The new safety protocol will be effective immediately.","YES","03/05/2026, 12:05:40"
"ann2","1777802468459veix5py28l8","(one-shot) 'isolated' (ADJ_wn:00594267a) 'not close together in time' —> The severe storms in that region were isolated events, occurring only once every decade.","YES","03/05/2026, 12:05:48"
"ann2","1777802468459n4xsv83clzi","(one-shot) 'barrier' (NOUN_wn:05690916n) 'any condition that makes it difficult to make progress or to achieve an objective' —> Lack of funding was the main barrier to the project's completion.","YES","03/05/2026, 12:05:58"
"ann2","1777802468459zn6xxpealtq","(one-shot) 'recover' (VERB_wn:02247977v) 'get or find back; recover the use of' —> The athlete hoped to recover her strength after the long illness.","YES","03/05/2026, 12:06:07"
"ann2","1777802468459ojf1npv3ah","(one-shot) 'modest' (ADJ_wn:01851916a) 'free from pomp or affectation' —> He preferred a modest lifestyle that focused on simplicity rather than grand displays of wealth.","YES","03/05/2026, 12:06:15"
"ann2","1777802468459s7psrs4mjel","(one-shot) 'contract' (VERB_wn:00087736v) 'be stricken by an illness, fall victim to an illness' —> He contracted malaria during his expedition through the Amazon rainforest.","YES","03/05/2026, 12:06:25"
"ann2","1777802468459qkxfoxpl2s","(one-shot) 'interview' (VERB_wn:00809453v) 'go for an interview in the hope of being hired' —> She will interview at the tech company next Tuesday.","YES","03/05/2026, 12:06:33"
"ann2","1777802468459gcl5gkapc2","(one-shot) 'streak' (NOUN_wn:04920435n) 'a distinctive characteristic' —> She had a streak of rebellion in her personality that often clashed with her disciplined nature.","YES","03/05/2026, 12:06:43"
"ann2","1777802468459nafrcuihp4","(one-shot) 'graphic' (ADJ_wn:02736808a) 'relating to or presented by a graph' —> The consultant presented a graphic analysis of the quarterly sales trends.","YES","03/05/2026, 12:06:52"
"ann2","1777802468459t2epw32mmq","(one-shot) 'thong' (NOUN_wn:04426316n) 'a thin strip of leather; often used to lash things together' —> He used a thick leather thong to secure the bundle of sticks together.","YES","03/05/2026, 12:07:00"
"ann2","1777802468459end0iha162u","(one-shot) 'stick' (VERB_wn:01857392v) 'stay put (in a certain place)' —> Please stick to your seats until the plane has come to a complete stop.","YES","03/05/2026, 12:07:10"
"ann2","1777802468459fz348m391ot","(one-shot) 'invention' (NOUN_wn:05633385n) 'the creation of something in the mind' —> The sudden invention of a new strategy during the game changed everything.","YES","03/05/2026, 12:07:21"
"ann2","1777802468459n2bk6idzkwd","(one-shot) 'show' (NOUN_wn:00755277n) 'pretending that something is the case in order to make a good impression' —> His charm was nothing but a calculated show designed to win their favor.","YES","03/05/2026, 12:07:31"
"ann2","1777802468459uh4mqalr34s","(one-shot) 'bowl' (VERB_wn:01146507v) 'engage in the sport of bowling' —> We plan to bowl at the local alley this evening.","YES","03/05/2026, 12:07:40"
"ann2","1777802468459teq41mcou7m","(one-shot) 'grant' (VERB_wn:02255268v) 'allow to have' —> The committee decided to grant him access to the secure files.","YES","03/05/2026, 12:07:48"
"ann2","17778024684599442207325r","(one-shot) 'shroud' (NOUN_wn:04188368n) '(nautical) a line (rope or chain) that regulates the angle at which a sail is set in relation to the wind' —> The captain ordered the crew to tighten the shroud to adjust the sail's angle against the gusting wind.","YES","03/05/2026, 12:08:05"
"ann2","17778024684590k58qe9xadz5","(one-shot) 'address' (VERB_wn:00990655v) 'speak to someone' —> The speaker addressed the audience with a welcoming speech.","YES","03/05/2026, 12:08:15"
"ann2","1777802468459iv7k2858s6","(one-shot) 'smoothness' (NOUN_wn:07069210n) 'powerful and effective language' —> The essay was praised for its rhetorical smoothness rather than its complex vocabulary.","YES","03/05/2026, 12:08:27"
"ann2","177780246845925kdhh9yn6l","(one-shot) 'cut_short' (VERB_wn:00520602v) 'cause to end earlier than intended' —> The heavy rain forced us to cut short our hiking trip.","YES","03/05/2026, 12:08:36"
"ann2","1777802468459kwexn49vcf8","(one-shot) 'free' (VERB_wn:02422026v) 'free from obligations or duties' —> The weekend finally frees me from work responsibilities.","YES","03/05/2026, 12:08:48"
"ann2","1777802468459jnqsjphljq","(one-shot) 'enact' (VERB_wn:02427916v) 'order by virtue of superior authority; decree' —> The president plans to enact a new law on environmental protection.","YES","03/05/2026, 12:09:06"
"ann2","1777802468459nlmmeuyl5od","(one-shot) 'pick_up' (VERB_wn:02117955v) 'perceive with the senses quickly, suddenly, or momentarily' —> She could pick up the faint scent of lavender from a distance.","YES","04/05/2026, 08:58:22"
"ann2","177780246845907cz4nzuoqxl","(one-shot) 'stretch' (NOUN_wn:00341243n) 'the act of physically reaching or thrusting out' —> She made a sudden stretch to grab the top shelf.","YES","04/05/2026, 08:58:30"
"ann2","1777802468459wpy1q0gtv3f","(one-shot) 'isolate' (VERB_wn:00495808v) 'set apart from others' —> The infected patient needs to isolate in a separate room.","YES","04/05/2026, 08:58:41"
"ann2","1777802468459pbzjwzsye9i","(one-shot) 'carrier' (NOUN_wn:09897696n) 'someone whose employment involves carrying something' —> The porters worked as carriers, lifting heavy bags for travelers at the busy train station.","YES","04/05/2026, 08:58:50"
"ann2","177780246845991rrh8fu6v","(one-shot) 'pass' (NOUN_wn:15139552n) '(military) a written leave of absence' —> The soldier received a temporary pass to visit his family for the holidays.","YES","04/05/2026, 08:58:58"
"ann2","17778024684597p21jq5l5pq","(one-shot) 'ram' (NOUN_wn:04052757n) 'the most common computer memory which can be used by programs to perform necessary tasks while the computer is on; an integrated circuit memory chip allows information to be stored or accessed in any order and all storage locations are equally accessible' —> The new computer configuration included an upgrade to sixteen gigabytes of RAM.","YES","04/05/2026, 08:59:08"
"ann2","1777802468459uhkxsj2qxm","(one-shot) 'magnetic_pole' (NOUN_wn:03976960n) 'one of the two ends of a magnet where the magnetism seems to be concentrated' —> The compass needle aligns itself with the Earth's magnetic pole.","YES","04/05/2026, 08:59:16"
"ann2","1777802468459kdn4sugk1m","(one-shot) 'empty' (VERB_wn:01488313v) 'remove' —> Please empty the trash.","YES","04/05/2026, 08:59:41"
"ann2","177780246845908ypdc0ntbuk","(one-shot) 'correction' (NOUN_wn:01161821n) 'the act of punishing' —> The judge insisted that the swift correction of the offender would serve as a deterrent to others.","YES","04/05/2026, 08:59:49"
"ann2","1777802468459rt64lgg61sf","(one-shot) 'cabinet' (NOUN_wn:02933112n) 'a piece of furniture resembling a cupboard with doors and shelves and drawers; for storage or display' —> She opened the antique cabinet to reveal a collection of delicate porcelain vases.","YES","04/05/2026, 08:59:57"
"ann2","1777802468459pmz458rx6dd","(one-shot) 'scented' (ADJ_wn:01057103a) '(used in combination) having the odor of' —> She opened the scented candle to fill the room with a comforting aroma.","NO","04/05/2026, 09:00:04"
"ann2","17778024684590bsu2ai5d1mg","(one-shot) 'seal' (NOUN_wn:02076196n) 'any of numerous marine mammals that come on shore to breed; chiefly of cold regions' —> A curious seal barked at the fisherman while resting on the icy shore.","YES","04/05/2026, 09:00:15"
"ann2","1777802468459e2ovmja3azp","(one-shot) 'post' (VERB_wn:01031256v) 'cause to be directed or transmitted to another place' —> The technician will post the data to the central server.","YES","04/05/2026, 09:00:26"
"ann2","1777802468459msvjqxcvzym","(one-shot) 'reconcile' (VERB_wn:00482473v) 'bring into consonance or accord' —> The mediator tried to reconcile the opposing views of the two shareholders.","YES","04/05/2026, 09:00:37"
"ann2","1777802468459zpl714soo8e","(one-shot) 'blast' (NOUN_wn:06711159n) 'intense adverse criticism' —> The senator faced a severe blast from the opposition party during the televised debate.","YES","04/05/2026, 09:00:44"
"ann2","1777802468459v63faknewcq","(one-shot) 'glow' (VERB_wn:01829747v) 'experience a feeling of well-being or happiness, as from good health or an intense emotion' —> She began to glow with happiness after receiving the good news.","YES","04/05/2026, 09:00:52"
"ann2","17778024684590i9dbad57pzg","(one-shot) 'take' (VERB_wn:02599636v) 'carry out' —> The committee will take charge of the new project.","NO","04/05/2026, 09:01:03"
"ann2","1777802468459lpsknrsnvdn","(one-shot) 'garnish' (NOUN_wn:07621618n) 'something (such as parsley) added to a dish for flavor or decoration' —> The chef added a fresh garnish of parsley to brighten the presentation of the soup.","YES","04/05/2026, 09:01:10"
"ann2","1777802468459i8cvdo1bts9","(one-shot) 'fluorescent' (ADJ_wn:00403505a) 'brilliantly colored and apparently giving off light' —> The fluorescent highlighter made the important text stand out sharply against the white paper.","YES","04/05/2026, 09:01:20"
"ann2","1777802468459btlkf8rzqhk","(one-shot) 'submerged' (ADJ_wn:02472252a) 'beneath the surface of the water' —> The sunken ship lay submerged in the depths of the ocean.","YES","04/05/2026, 09:01:30"
"ann2","1777802468459huwqoy3avip","(one-shot) 'lead' (NOUN_wn:06651577n) 'an indication of potential opportunity' —> The detective followed the lead to discover the missing jewels.","YES","04/05/2026, 09:01:43"
"ann2","1777802468459qugjl35syd","(one-shot) 'sever' (VERB_wn:01560984v) 'set or keep apart' —> The lawyer used a clause to sever the two parties from further legal entanglement.","YES","04/05/2026, 09:01:52"
"ann2","1777802468459l9wssabeuco","(one-shot) 'problem' (NOUN_wn:06784003n) 'a question raised for consideration or solution' —> The committee gathered to discuss the problem of budget cuts.","YES","04/05/2026, 09:02:00"
"ann2","17778024684597tgxyjmq6b","(one-shot) 'bank' (VERB_wn:02343374v) 'do business with a bank or keep an account at a bank' —> I prefer to bank at a credit union rather than a large commercial institution.","YES","04/05/2026, 09:02:09"
"ann2","1777802468459gw8p1wqjg8","(one-shot) 'lay' (VERB_wn:00834259v) 'tell an untruth; pretend with intent to deceive' —> He was caught in a lie about the missing funds.","WRONG","04/05/2026, 09:02:21"
"ann2","17778024684590mn6jnvna3ti","(one-shot) 'interruption' (NOUN_wn:00383952n) 'an act of delaying or interrupting the continuity' —> The constant noise from the construction site caused a significant interruption to our morning meditation.","YES","04/05/2026, 09:02:30"
"ann2","1777802468459w2wthx6h0p","(one-shot) 'above' (ADV_wn:00079947r) 'at an earlier place' —> Please review the data presented above.","YES","04/05/2026, 09:02:39"
"ann2","17778024684594wo23eb3zc","(one-shot) 'off' (ADV_wn:00232936r) 'from a particular thing or place or position (`forth' is obsolete)' —> The diver swam off the platform.","YES","04/05/2026, 09:03:14"
"ann2","1777802468459vwqq2rwxz","(one-shot) 'pass' (VERB_wn:00803325v) 'grant authorization or clearance for' —> The committee voted to pass the new safety regulations.","YES","04/05/2026, 09:03:24"
"ann2","1777802468459zctgq2xcn7k","(one-shot) 'distributor' (NOUN_wn:09784707n) 'a person with authority to allot or deal out or apportion' —> The manager acted as a distributor of resources, carefully allotting funds to each department based on their specific needs.","YES","04/05/2026, 09:03:33"
"ann2","1777802468459febujk8tmyi","(one-shot) 'down' (ADJ_wn:02491961a) 'being or moving lower in position or less in some value' —> The stock price went down sharply.","YES","04/05/2026, 09:03:43"
"ann2","1777802468459r3wk53t6wvo","(one-shot) 'course' (NOUN_wn:08238463n) 'a body of students who are taught together' —> The summer course on marine biology was limited to only twenty students due to the small size of the boat.","YES","04/05/2026, 09:03:56"
"ann2","1777802468459nu4nzd20sy","(one-shot) 'naturally' (ADV_wn:00038625r) 'as might be expected' —> Naturally, she was disappointed when her flight was canceled.","YES","04/05/2026, 09:04:06"
"ann2","1777802468459a7p0cdyuryk","(one-shot) 'modest' (ADJ_wn:01415219a) 'limited in size or scope' —> The restaurant occupies only a modest corner of the building.","YES","04/05/2026, 09:04:16"
"ann2","1777802468459ixwnem8qntj","(one-shot) 'title' (NOUN_wn:05181199n) 'an established or recognized right' —> The historical documents confirmed his title to the ancestral estate.","YES","04/05/2026, 09:04:26"
"ann2","1777802468459hvsom6lc3ps","(one-shot) 'accommodate' (VERB_wn:02651424v) 'provide housing for' —> The new wing of the hospital will accommodate twenty additional patients.","YES","04/05/2026, 09:04:46"
"ann2","17778024684598n3wp85z5i3","(one-shot) 'settle' (VERB_wn:01986551v) 'cause to become clear by forming a sediment (of liquids)' —> Let the muddy water sit for a while so the particles can settle to the bottom.","YES","04/05/2026, 09:04:58"
"ann2","1777802468459ahy9cqih9x","(one-shot) 'fracture' (VERB_wn:00107943v) 'break (a bone)' —> The athlete fractured his ankle during the marathon.","YES","04/05/2026, 09:05:06"
"ann2","1777802468459ko36k8agmno","(one-shot) 'aid' (NOUN_wn:00654885n) 'the work of providing treatment for or attending to someone or something' —> The emergency crew provided immediate aid to the injured hiker.","YES","04/05/2026, 09:05:17"
"ann2","177780246845906hlqtvonn7u","(one-shot) 'essence' (NOUN_wn:06604066n) 'the central meaning or theme of a speech or literary work' —> The short film captured the essence of the novel without needing to include every plot detail.","YES","04/05/2026, 09:05:27"
"ann2","1777802468459zn8k1698jl","(one-shot) 'utility' (NOUN_wn:08185758n) 'a company that performs a public service; subject to government regulation' —> The local utility announced a rate increase to cover the costs of repairing aging infrastructure.","YES","04/05/2026, 09:05:34"
"ann2","1777802468459ui394z77ewa","(one-shot) 'shock' (NOUN_wn:07298982n) 'an unpleasant or disappointing surprise' —> The sudden announcement of his resignation came as a profound shock to everyone in the department.","YES","04/05/2026, 09:05:43"
"ann2","17778024684590zoy02ilpwy9","(one-shot) 'regenerate' (VERB_wn:00097621v) 'restore strength' —> She used the quiet afternoon to regenerate her energy.","YES","04/05/2026, 09:05:53"
"ann2","1777802468459t26c3ncrlmq","(one-shot) 'message' (NOUN_wn:06253690n) 'a communication (usually brief) that is written or spoken or signaled' —> Please leave a message after the beep.","YES","04/05/2026, 09:06:02"
"ann2","1777802468459pxqhr7r6ilp","(one-shot) 'Wilson' (NOUN_wn:11391759n) 'Canadian geophysicist who was a pioneer in the study of plate tectonics (1908-1993)' —> Wilson provided groundbreaking insights into the mechanisms of seafloor spreading.","YES","04/05/2026, 09:06:12"
"ann2","17778024684591uxjb354bbd","(one-shot) 'propagate' (VERB_wn:01436139v) 'transmit' —> The algorithm was designed to propagate data across the network.","YES","04/05/2026, 09:06:55"
"ann2","1777802468459t1tt837mihp","(one-shot) 'horn' (NOUN_wn:03537241n) 'a device having the shape of a horn' —> The truck driver sounded the horn to clear the intersection.","NO","04/05/2026, 09:07:08"
"ann2","1777802468459mpw5gne7rmp","(one-shot) 'excuse' (VERB_wn:00894738v) 'defend, explain, clear away, or make excuses for by reasoning' —> He tried to excuse his tardiness by blaming the traffic.","YES","04/05/2026, 09:07:16"
"ann2","17778024684592y22rts6a58","(one-shot) 'touch' (NOUN_wn:07188238n) 'the act of soliciting money (as a gift or loan)' —> She avoided making a touch for spare change on the street corner.","YES","04/05/2026, 09:07:26"
"ann2","1777802468459o6sb09lkkyo","(one-shot) 'find' (VERB_wn:00715239v) 'come to believe on the basis of emotion, intuitions, or indefinite grounds' —> She found the movie deeply unsettling.","YES","04/05/2026, 09:07:36"
"ann2","177780246845924mdhrnz7r2","(one-shot) 'jerk' (VERB_wn:01891817v) 'move with abrupt, seemingly uncontrolled motions' —> The car jerks forward every time the traffic light turns green.","YES","04/05/2026, 09:07:43"
"ann2","1777802468459sr8sjfrinur","(one-shot) 'lacquer' (NOUN_wn:03631811n) 'a hard glossy coating' —> The antique furniture was restored with a fresh coat of lacquer to restore its original shine.","YES","04/05/2026, 09:07:50"
"ann2","17778024684594rdyssaf4kg","(one-shot) 'commune' (NOUN_wn:08375369n) 'a body of people or families living together and sharing everything' —> The intentional commune practiced shared ownership of all resources and responsibilities among its members.","YES","04/05/2026, 09:08:00"
"ann2","1777802468459r1qan90itr","(one-shot) 'commotion' (NOUN_wn:07442068n) 'confused movement' —> The sudden commotion in the hallway caused the students to drop their books.","YES","04/05/2026, 09:08:11"
"ann2","17778024684595kibvuf3ltu","(one-shot) 'heighten' (VERB_wn:00227165v) 'make more intense, stronger, or more marked; ,' —> The dramatic lighting served to heighten the tension during the final act of the play.","YES","04/05/2026, 09:08:21"
"ann2","177780246845982guqvnhp0n","(one-shot) 'warm' (VERB_wn:00373250v) 'get warm or warmer' —> The room began to warm as the fireplace burned brightly.","YES","04/05/2026, 09:08:28"
"ann2","1777802468459fbmhcq7qyes","(one-shot) 'symbol' (NOUN_wn:05765415n) 'something visible that by association or convention represents something else that is invisible' —> The dove is a universal symbol of peace.","YES","04/05/2026, 09:08:37"
"ann2","1777802468459n1z6osl95b","(one-shot) 'expire' (VERB_wn:02684784v) 'lose validity' —> Your driver's license will expire at the end of the month.","YES","04/05/2026, 09:08:47"
"ann2","1777802468459zonb14sqa1p","(one-shot) 'virtue' (NOUN_wn:05138958n) 'any admirable quality or attribute' —> Her patience and kindness are virtues that everyone admires.","YES","04/05/2026, 09:08:57"
"ann2","1777802468459px6vzv09ix","(one-shot) 'mantle' (NOUN_wn:06883956n) 'the cloak as a symbol of authority' —> The emperor handed the golden mantle to his successor, signifying the transfer of royal power.","YES","04/05/2026, 09:09:05"
"ann2","1777802468459z4unpxycmx","(one-shot) 'unlock' (VERB_wn:01348705v) 'open the lock of' —> He used the key to unlock the door.","YES","04/05/2026, 09:09:14"
"ann2","1777802468459up1cc0njrr","(one-shot) 'shank' (NOUN_wn:00573945n) 'a poor golf stroke in which the heel of the club hits the ball' —> He groaned as the loud click of a shank sent the ball careening into the left bunker.","YES","04/05/2026, 09:09:24"
"ann2","1777802468459312relhak8p","(one-shot) 'occupy' (VERB_wn:02394183v) 'assume, as of positions or roles' —> She was asked to occupy the position of interim director until a permanent replacement was found.","YES","04/05/2026, 09:09:34"
"ann2","1777802468459q2j3ktlq4j","(one-shot) 'scale' (VERB_wn:01922466v) 'climb up by means of a ladder' —> The firefighters managed to scale the burning building using their extension ladders.","YES","04/05/2026, 09:09:41"
"ann2","17778024684591feimchv33l","(one-shot) 'label' (VERB_wn:00651480v) 'distinguish (as a compound or molecule) by introducing a labeled atom' —> The researchers decided to label the DNA sequence with a fluorescent marker to track its movement within the cell.","YES","04/05/2026, 09:09:51"
"ann2","1777802468459os544ni57y7","(one-shot) 'quantifier' (NOUN_wn:06302542n) '(logic) a word (such as `some' or `all' or `no') that binds the variables in a logical proposition' —> The philosopher explained how the universal quantifier transforms the scope of the argument.","YES","04/05/2026, 09:10:02"
"ann2","1777802468459k41wopsa5g","(one-shot) 'domestic' (ADJ_wn:02388921a) 'converted or adapted to domestic use' —> The barn was renovated into a spacious domestic residence.","YES","04/05/2026, 09:10:16"
"ann2","1777802468459qmyvdjkc60d","(one-shot) 'bid' (VERB_wn:02300060v) 'make a demand, as for a card or a suit or a show of hands' —> She bid hearts during the auction.","YES","04/05/2026, 09:10:26"
"ann2","1777802468459rwniy69g0po","(one-shot) 'make_out' (VERB_wn:01426153v) 'kiss, embrace, or fondle with sexual passion' —> They decided to make out on the beach after the fireworks display ended.","YES","04/05/2026, 09:10:37"
"ann2","1777802468459mt3zc2lopkc","(one-shot) 'heritage' (NOUN_wn:04921011n) 'any attribute or immaterial possession that is inherited from ancestors' —> Her rich cultural heritage was preserved through traditional storytelling.","YES","04/05/2026, 09:10:47"
"ann2","1777802468459cdj0bd7uzol","(one-shot) 'rouse' (VERB_wn:02056466v) 'force or drive out' —> The fire was used to rouse the snakes from their underground dens.","YES","04/05/2026, 09:10:57"
"ann2","17778024684594e437mfyqab","(one-shot) 'square' (VERB_wn:02253341v) 'pay someone and settle a debt' —> I went to the bank to square with the landlord.","YES","04/05/2026, 09:11:09"
"ann2","1777802468459vx998bqigj","(one-shot) 'still' (ADJ_wn:01565751a) 'used of pictures; of a single or static photograph not presented so as to create the illusion of motion; or representing objects not capable of motion' —> The gallery displayed a collection of still images from the photographer's recent trip.","YES","04/05/2026, 09:11:20"
"ann2","1777802468459mp2fgk7mafo","(one-shot) 'rack' (VERB_wn:02241107v) 'obtain by coercion or intimidation' —> The gang managed to rack information from the witness through threats.","YES","04/05/2026, 09:11:29"
"ann2","1777802468459mcutxpfyzgl","(one-shot) 'poise' (VERB_wn:01602665v) 'cause to be balanced or suspended' —> The artist carefully poise the scale to ensure the weights are perfectly balanced.","WRONG","04/05/2026, 09:11:36"
"ann2","1777802468459vs1bn4rcmgm","(one-shot) 'strain' (VERB_wn:01146051v) 'to exert much effort or energy' —> She strained to lift the heavy box onto the shelf.","YES","04/05/2026, 09:11:45"
"ann2","17778024684597vpag930k4g","(one-shot) 'suit' (VERB_wn:02699941v) 'accord or comport with' —> Her sharp wit suited the role perfectly.","YES","04/05/2026, 09:11:54"
"ann2","1777802468459m22a5u7vju","(one-shot) 'perch' (NOUN_wn:07780173n) 'any of numerous fishes of America and Europe' —> The lake is teeming with perch and other freshwater species.","YES","04/05/2026, 09:12:03"
"ann2","1777802468459616sevhoglt","(one-shot) 'cleavage' (NOUN_wn:13920012n) 'the state of being split or cleft' —> The geological cleavage of the rock layers revealed the immense pressure they had endured over millennia.","YES","04/05/2026, 09:12:11"
"ann2","17778024684591kv3tbimbdu","(one-shot) 'softly' (ADV_wn:00343660r) 'used as a direction in music; to be played relatively softly' —> The pianist marked the final movement of the concerto to be played softly, allowing the delicate notes to fade into silence.","YES","04/05/2026, 09:12:20"
"ann2","1777802468459i2kis5iuthe","(one-shot) 'get_up' (VERB_wn:00018405v) 'cause to rise' —> The coach helped get up the injured player from the ground.","YES","04/05/2026, 09:12:31"
"ann2","1777802468459v9zum9vebu","(one-shot) 'fury' (NOUN_wn:07516997n) 'a feeling of intense anger' —> The storm seemed to mirror the fury brewing inside him as he clenched his fists.","YES","04/05/2026, 09:12:42"
"ann2","1777802468459v0az8mqt049","(one-shot) 'hide' (NOUN_wn:14759275n) 'the dressed skin of an animal (especially a large animal)' —> The tanner carefully inspected the buffalo hide before beginning the curing process.","YES","04/05/2026, 09:12:50"
"ann2","1777802468459kzr4zlasi3p","(one-shot) 'realism' (NOUN_wn:05974564n) '(philosophy) the philosophical doctrine that abstract concepts exist independent of their names' —> The professor argued that Plato's theory of Forms is the most famous example of realism.","YES","04/05/2026, 09:12:59"
"ann2","17778024684597c5smktm1","(one-shot) 'cut' (NOUN_wn:00359238n) 'the act of shortening something by chopping off the ends' —> The gardener applied a sharp cut to the overgrown rose stems.","YES","04/05/2026, 09:13:09"
"ann2","1777802468459ff767hnt3q7","(one-shot) 'cabinet' (NOUN_wn:02933462n) 'a storage compartment for clothes and valuables; usually it has a lock' —> She locked the silverware inside the antique cabinet.","YES","04/05/2026, 09:13:18"
"ann2","1777802468459u5hht3mgn17","(one-shot) 'caste' (NOUN_wn:08306047n) 'a social class separated from others by distinctions of hereditary rank or profession or wealth' —> The rigid caste system in India historically dictated social interactions and marriage prospects based on hereditary status.","YES","04/05/2026, 09:13:28"
"ann2","17778024684597evqfxs8qka","(one-shot) 'break_away' (VERB_wn:02535457v) 'withdraw from an organization or communion' —> Several member states decided to break away from the trade bloc.","YES","04/05/2026, 09:13:38"
"ann2","1777802468459xcuvex4oy3","(one-shot) 'earn' (VERB_wn:02290196v) 'acquire or deserve by one's efforts or actions' —> Her honest hard work allowed her to earn the respect of her colleagues.","YES","04/05/2026, 09:13:46"
"ann2","17778024684597dh05gedmsk","(one-shot) 'lead' (VERB_wn:02440244v) 'be in charge of' —> She will lead the marketing team this quarter.","YES","04/05/2026, 09:13:54"
"ann2","1777802468459hg82qohna6v","(one-shot) 'scrape' (VERB_wn:01309143v) 'cut the surface of; wear away the surface of' —> The cat managed to scrape the paint off the door frame.","YES","04/05/2026, 09:14:02"
"ann2","1777802468459g7kddxaqgy","(one-shot) 'allied' (ADJ_wn:02612939a) 'of or relating to or denoting the Allies in World War II' —> The allied forces launched a coordinated attack on the enemy stronghold.","NO","04/05/2026, 09:14:23"
"ann2","1777802468459xf296iet6u","(one-shot) 'border' (NOUN_wn:13903387n) 'the boundary line or the area immediately inside the boundary' —> The soldiers increased their patrols along the border to prevent unauthorized crossings.","YES","04/05/2026, 09:14:34"
"ann2","1777802468459p5fh1af1rme","(one-shot) 'citrus' (NOUN_wn:07747055n) 'any of numerous fruits of the genus Citrus having thick rind and juicy pulp; grown in warm regions' —> She enjoyed the refreshing taste of fresh citrus juice on a hot summer day.","YES","04/05/2026, 09:14:42"
"ann2","1777802468459uqbm5ql2q3","(one-shot) 'through' (ADV_wn:00478730r) 'in diameter' —> The steel pipe was six inches through.","YES","04/05/2026, 09:14:52"
"ann2","1777802468459tybruujtmpp","(one-shot) 'interference' (NOUN_wn:00562643n) '(American football) blocking a player's path with your body' —> The wide receiver was called for illegal interference when he extended his arm to disrupt the defender's path.","YES","04/05/2026, 09:15:03"
"ann2","1777802468459pw465f1fptm","(one-shot) 'Wilson' (NOUN_wn:11391123n) 'United States literary critic (1895-1972)' —> Scholars often cite Wilson as one of the most influential literary critics of the twentieth century.","YES","04/05/2026, 09:15:12"
"ann2","1777802468459hcvxdsdc2g6","(one-shot) 'genre' (NOUN_wn:05845332n) 'a kind of literary or artistic work' —> She enjoys exploring every genre of music, from jazz to classical.","YES","04/05/2026, 09:15:20"
"ann2","1777802468459dbzqwiqwua5","(one-shot) 'scented' (ADJ_wn:01052611a) 'having a natural fragrance' —> The garden was filled with the gentle breeze carrying the scent of scented jasmine.","YES","04/05/2026, 09:15:28"
"ann2","1777802468459ukqzszdx93s","(one-shot) 'category' (NOUN_wn:07997703n) 'a collection of things sharing a common attribute' —> The new smartphone was placed in the electronics category at the store.","YES","04/05/2026, 09:15:38"
"ann2","1777802468459yzczcaplgc","(one-shot) 'suspension' (NOUN_wn:00209132n) 'a temporary debarment (from a privilege or position etc)' —> The coach placed the player on suspension for violating the team's code of conduct.","YES","04/05/2026, 09:15:47"
"ann2","1777802468459qdw7ypyzqnh","(one-shot) 'thicken' (VERB_wn:00431610v) 'make viscous or dense' —> Add cornstarch to the sauce to help it thicken.","YES","04/05/2026, 11:00:14"
"ann2","1777802468459jdpnlzuj8qo","(one-shot) 'supplement' (NOUN_wn:05110772n) 'a quantity added (e.g. to make up for a deficiency)' —> She takes a daily vitamin supplement to ensure her diet is nutritionally complete.","YES","04/05/2026, 11:00:25"
"ann2","1777802468459pk8u61jxarb","(one-shot) 'set_off' (VERB_wn:01643657v) 'put in motion or move to act' —> The alarm will set off the security system if an intruder is detected.","YES","04/05/2026, 11:00:36"
"ann2","1777802468459mcthbocm558","(one-shot) 'pea' (NOUN_wn:07725376n) 'seed of a pea plant used for food' —> The soup was filled with fresh peas.","YES","04/05/2026, 11:00:46"
"ann2","1777802468459h5neiwkfg3p","(one-shot) 'tension' (NOUN_wn:14376188n) '(psychology) a state of mental or emotional strain or suspense' —> The palpable tension in the room grew thicker as the clock ticked toward midnight.","YES","04/05/2026, 11:00:55"
"ann2","1777802468459fo2vmi67c7n","(one-shot) 'straight' (ADJ_wn:00632306a) 'following a correct or logical method' —> The engineer followed a straight line of reasoning to identify the flaw in the code.","YES","04/05/2026, 11:01:02"
"ann2","1777802468459a7xillu9t2r","(one-shot) 'pick_up' (VERB_wn:00598954v) 'get to know or become aware of, usually accidentally' —> She picked up the local accent after living in the village for a month.","YES","04/05/2026, 11:01:18"
"ann2","1777802468459rcwewgsf5a","(one-shot) 'flow' (NOUN_wn:14005892n) 'something that resembles a flowing stream in moving continuously' —> The steady flow of traffic on the highway never seemed to pause.","YES","04/05/2026, 11:01:29"
"ann2","1777802468459ky8659g1x7","(one-shot) 'richness' (NOUN_wn:05115804n) 'the property of being extremely abundant' —> The region is known for the richness of its mineral deposits.","YES","04/05/2026, 11:01:37"
"ann2","1777802468459aufesntblxq","(one-shot) 'pace' (NOUN_wn:00285889n) 'a step in walking or running' —> She quickened her pace to catch the bus.","YES","04/05/2026, 11:01:48"
"ann2","1777802468459tkxa5vafgj9","(one-shot) 'restriction' (NOUN_wn:05846355n) 'a principle that limits the extent of something' —> The new travel restriction limits the number of visitors allowed in the national park each day.","YES","04/05/2026, 11:01:59"
"ann2","1777802468459igujfkb8zn","(one-shot) 'deceptive' (ADJ_wn:01938975a) 'causing one to believe what is not true or fail to believe what is true' —> The calm surface of the lake was deceptive, hiding the dangerous undercurrents beneath.","YES","04/05/2026, 11:02:07"
"ann2","1777802468459xsvkw72wn8s","(one-shot) 'represent' (VERB_wn:01719302v) 'play a role or part' —> She will represent the lead character in the upcoming play.","YES","04/05/2026, 11:02:17"
"ann2","1777802468459gi63qdyvndj","(one-shot) 'vivid' (ADJ_wn:00393683a) '(of color) having the highest saturation' —> The artist used vivid red paint to highlight the rose.","YES","04/05/2026, 11:02:25"
"ann2","1777802468459xcrfx3c45o","(one-shot) 'purge' (VERB_wn:00905283v) 'clear of a charge' —> The jury voted to purge him of the charge.","YES","04/05/2026, 11:02:34"
"ann2","1777802468459tna7t12jrrh","(one-shot) 'subdue' (VERB_wn:02424128v) 'put down by force or intimidation' —> The soldiers worked to subdue the rebellious army.","YES","04/05/2026, 11:02:41"
"ann2","1777802468459faep2eomh4r","(one-shot) 'pastry' (NOUN_wn:07622708n) 'any of various baked foods made of dough or batter' —> She baked a delicate pastry for the afternoon tea.","YES","04/05/2026, 11:02:50"
"ann2","177780246845955wc1ksql9n","(one-shot) 'logic' (NOUN_wn:05664069n) 'a system of reasoning' —> The scientist applied rigorous logic to solve the complex mathematical problem.","YES","04/05/2026, 11:02:59"
"ann2","1777802468459mekn7l38vhh","(one-shot) 'gently' (ADV_wn:00502847r) 'in a gentle manner' —> She gently stroked the sleeping cat.","YES","04/05/2026, 11:03:07"
"ann2","1777802468459vzv6fna1lid","(one-shot) 'circle' (VERB_wn:02044278v) 'move in circles' —> The children circle around the maypole holding ribbons.","YES","04/05/2026, 11:03:17"
"ann2","1777802468459jk3rkfmcyg8","(one-shot) 'fulfill' (VERB_wn:01640855v) 'put in effect' —> The new law will be fulfilled next month.","YES","04/05/2026, 11:03:33"
"ann2","1777802468459wzwfnmh18mf","(one-shot) 'come_up' (VERB_wn:00339738v) 'result or issue' —> The solution came up during our discussion.","NO","04/05/2026, 11:03:46"
"ann2","1777802468459sh5drwhcgm","(one-shot) 'emulsion' (NOUN_wn:03284482n) 'a light-sensitive coating on paper or film; consists of fine grains of silver bromide suspended in a gelatin' —> The photographer carefully handled the rolls of film to prevent scratching the delicate emulsion.","YES","04/05/2026, 11:03:54"
"ann2","1777802468459xknoxyhmmae","(one-shot) 'carry_out' (VERB_wn:00486018v) 'pursue to a conclusion or bring to a successful issue' —> The team worked tirelessly to carry out the complex merger.","YES","04/05/2026, 11:04:04"
"ann2","1777802468459a0u4zu8janl","(one-shot) 'sphere' (NOUN_wn:08653570n) 'the geographical area in which one nation is very influential' —> The country seeks to protect its economic sphere of influence from foreign competition.","YES","04/05/2026, 11:04:14"
"ann2","17778024684590ml95tyq7fgr","(one-shot) 'accommodate' (VERB_wn:01184453v) 'provide with something desired or needed' —> The new conference room can accommodate up to fifty guests.","NO","04/05/2026, 11:04:24"
"ann2","17778024684591fbe61g4zy6","(one-shot) 'strain' (NOUN_wn:00546389n) 'the act of singing' —> She put every ounce of effort into the high strain.","YES","04/05/2026, 11:04:37"
"ann2","1777802468459397exzejuja","(one-shot) 'swing' (NOUN_wn:04992008n) 'a jaunty rhythm in music' —> The band played with a lively swing that made everyone want to dance.","YES","04/05/2026, 11:04:47"
"ann2","1777802468459igb9qpkhqt","(one-shot) 'equatorial' (ADJ_wn:02929637a) 'of or relating to conditions at the geographical equator' —> The equatorial region experienced heavy rainfall as the storm system moved in.","YES","04/05/2026, 11:04:54"
"ann2","1777802468459uo5auglnwyj","(one-shot) 'piece' (NOUN_wn:13286524n) 'a share of something' —> She received a fair piece of the inheritance.","YES","04/05/2026, 11:05:03"
"ann2","1777802468459ty0k2b8m1s","(one-shot) 'walk' (NOUN_wn:00127286n) '(baseball) an advance to first base by a batter who receives four balls' —> The count reached three balls and two strikes, so the batter held his breath hoping not to see another walk.","YES","04/05/2026, 11:05:12"
"ann2","17778024684591ey22ysa6od","(one-shot) 'toss' (VERB_wn:01890792v) 'move or stir about violently' —> The violent winds made the dry leaves toss across the courtyard.","YES","04/05/2026, 11:05:24"
"ann2","1777802468459xa9re2wb57","(one-shot) 'fixation' (NOUN_wn:14503354n) 'an abnormal state in which development has stopped prematurely' —> The psychologist noted that the patient's developmental fixation prevented him from processing complex emotional situations.","YES","04/05/2026, 11:05:34"
"ann2","1777802468459y375ud3ftsr","(one-shot) 'critical' (ADJ_wn:00656132a) 'forming or having the nature of a turning point or crisis' —> The team reached a critical moment when the server crashed right before the final launch.","YES","04/05/2026, 11:05:43"
"ann2","1777802468459f0io7zkq0yl","(one-shot) 'number' (VERB_wn:00235918v) 'place a limit on the number of' —> The authorities decided to number the attendees to ensure safety regulations were met.","YES","04/05/2026, 11:05:53"
"ann2","177780246845911dbjdb7k7dd","(one-shot) 'providence' (NOUN_wn:01132327n) 'the guardianship and control exercised by a deity' —> Many believers feel that the sudden recovery was a clear sign of divine providence.","YES","04/05/2026, 11:06:04"
"ann2","1777802468459cukdphbj9ka","(one-shot) 'picket' (NOUN_wn:03930087n) 'a vehicle performing sentinel duty' —> The armored truck served as a picket, guarding the perimeter of the convoy during the night.","YES","04/05/2026, 11:06:14"
"ann2","1777802468459197dbnqkbar","(one-shot) 'turn_away' (VERB_wn:02034511v) 'turn away or aside' —> He chose to turn away from the crying child.","YES","04/05/2026, 11:06:25"
"ann2","17778024684595fk0cdeo9oa","(one-shot) 'cult' (NOUN_wn:08151229n) 'followers of an unorthodox, extremist, or false religion or sect who often live outside of conventional society under the direction of a charismatic leader' —> The researchers studied the isolated cult that had severed all ties with mainstream society.","YES","04/05/2026, 11:06:33"
"ann2","1777802468459t9fhgwoww6p","(one-shot) 'living' (NOUN_wn:07945818n) 'people who are still living' —> The family gathered to honor both the deceased and the living.","YES","04/05/2026, 11:06:42"
"ann2","1777802468459du7zf4plvt8","(one-shot) 'hold_out' (VERB_wn:02705132v) 'last and be usable' —> The extra flashlight batteries should hold out for the rest of the week.","YES","04/05/2026, 11:06:51"
"ann2","1777802468459ovz9arkzg1e","(one-shot) 'realistically' (ADV_wn:00215517r) 'in a realistic manner' —> She realistically assessed the project's timeline to avoid overpromising to the client.","YES","04/05/2026, 11:07:01"
"ann2","1777802468459wumkdqhf75","(one-shot) 'focus' (NOUN_wn:11455695n) 'a point of convergence of light (or other radiation) or a point from which it diverges' —> The camera lens adjusted its focus to make the distant stars sharp and clear.","YES","04/05/2026, 11:07:09"
"ann2","1777802468459zy1s4nlypzb","(one-shot) 'developer' (NOUN_wn:03182912n) 'photographic equipment consisting of a chemical solution for developing film' —> The photographer carefully poured the fresh developer into the tray.","YES","04/05/2026, 11:07:18"
"ann2","1777802468459y01j8u9r00r","(one-shot) 'fulfil' (VERB_wn:02671880v) 'meet the requirements or expectations of' —> She worked hard to fulfil her duty to the team.","YES","04/05/2026, 11:07:28"
"ann2","1777802468459kgtgwiimvnj","(one-shot) 'specialize' (VERB_wn:00437449v) 'become more focus on an area of activity or field of study' —> Many medical students choose to specialize in pediatric cardiology after completing their general residency.","YES","04/05/2026, 11:07:36"
"ann2","17778024684594fz3503jmpf","(one-shot) 'temporal' (ADJ_wn:01757914a) 'not eternal; - F.D.Roosevelt' —> The temporal nature of our earthly lives reminds us to cherish every moment.","YES","04/05/2026, 11:07:47"
"ann2","1777802468459hh15jd63zn","(one-shot) 'wash' (NOUN_wn:04553245n) 'a watercolor made by applying a series of monochrome washes one over the other' —> The artist carefully layered each wash to create depth in the painting.","YES","04/05/2026, 11:08:01"
"ann2","17778024684591td5olujaxx","(one-shot) 'starter' (NOUN_wn:07581346n) 'food or drink to stimulate the appetite (usually served before a meal or as the first course)' —> The menu featured a fresh salad as the starter.","YES","04/05/2026, 11:08:08"
"ann2","1777802468459huqtjudembd","(one-shot) 'fade' (VERB_wn:00224651v) 'become less clearly visible or distinguishable; disappear gradually or seemingly' —> The afternoon light began to fade as the sun dipped below the horizon.","YES","04/05/2026, 11:08:18"
"ann2","1777802468459s4sv7i3bifi","(one-shot) 'ass' (NOUN_wn:08991878n) 'a United States territory on the eastern part of the island of Samoa' —> The United States began administering American Samoa in 1900.","WRONG","04/05/2026, 11:08:36"
"ann2","1777802468459l8d6qwvw0vn","(one-shot) 'advanced' (ADJ_wn:01211296a) 'at a higher level in training or knowledge or skill' —> The student demonstrated advanced proficiency in quantum mechanics during the final examination.","YES","04/05/2026, 11:08:44"
"ann2","17778024684590plpyhexwaq","(one-shot) 'reason' (VERB_wn:00632627v) 'think logically' —> She paused to reason through the complex mathematical problem step by step.","YES","04/05/2026, 11:08:53"
"ann2","1777802468459n4byebe5ppl","(one-shot) 'reproduction' (NOUN_wn:00849523n) 'the sexual activity of conceiving and bearing offspring' —> The biological study of reproduction focuses on the complex mechanisms by which species perpetuate their existence.","YES","04/05/2026, 11:09:03"
"ann2","1777802468459mtpbwt6nu8g","(one-shot) 'pitch' (VERB_wn:01509079v) 'throw or hurl from the mound to the batter, as in baseball' —> The pitcher winds up to pitch the ball to the catcher.","YES","04/05/2026, 11:09:12"
"ann2","1777802468459pjyrw9u28fc","(one-shot) 'grounds' (NOUN_wn:14842992n) 'the loose soft material that makes up a large part of the land surface' —> The heavy rains turned the dry grounds into a muddy mess.","YES","04/05/2026, 11:09:31"
"ann2","1777802468459dpnkfamz3ra","(one-shot) 'find' (VERB_wn:02247977v) 'get or find back; recover the use of' —> He managed to find his voice after a long period of silence.","YES","04/05/2026, 11:09:42"
"ann2","177780246845931yu84ua2in","(one-shot) 'serious' (ADJ_wn:00651039a) 'causing fear or anxiety by threatening great harm' —> The doctors warned that the infection could lead to serious complications if left untreated.","YES","04/05/2026, 11:09:50"
"ann2","1777802468459okm59mqijr","(one-shot) 'answer' (NOUN_wn:01234952n) 'a nonverbal reaction' —> His silence was his only answer to the difficult question.","YES","04/05/2026, 11:10:00"
"ann2","177780246845933lpfiflz2j","(one-shot) 'spur' (NOUN_wn:13089135n) 'tubular extension at the base of the corolla in some flowers' —> The botanist carefully measured the delicate spur at the base of the orchid's corolla.","YES","04/05/2026, 11:10:10"
"ann2","1777802468459jrokx0r2jpk","(one-shot) 'strip' (VERB_wn:00488617v) 'remove substances from by a percolating liquid' —> The acid bath will strip the varnish from the antique wood.","YES","04/05/2026, 11:10:21"
"ann2","1777802468459j7d1lawrkn","(one-shot) 'burst' (VERB_wn:00306017v) 'burst outward, usually with noise' —> The dam burst with a loud roar, sending water flooding into the valley.","YES","04/05/2026, 11:10:31"
"ann2","17778024684593sz3udtc3fl","(one-shot) 'knock' (NOUN_wn:07386370n) 'the sound of knocking (as on a door or in an engine or bearing)' —> There was a loud knock on the front door.","YES","04/05/2026, 11:10:38"
"ann2","17778024684598st8utqq51l","(one-shot) 'restriction' (NOUN_wn:01148614n) 'the act of keeping something within specified bounds (by force if necessary)' —> The government imposed a strict restriction on movement during the crisis.","YES","04/05/2026, 11:11:11"
"ann2","1777802468459bkybc0vfinm","(one-shot) 'cyclic' (ADJ_wn:02708232a) 'conforming to the Carnot cycle' —> The physicist analyzed the efficiency of the cyclic heat engine.","YES","04/05/2026, 11:11:22"
"ann2","1777802468459g9enkx2dz2k","(one-shot) 'separation' (NOUN_wn:00383606n) 'the act of dividing or disconnecting' —> The sudden separation of the tectonic plates caused a massive earthquake.","YES","04/05/2026, 11:11:30"
"ann2","17778024684593o5irblvete","(one-shot) 'tough' (ADJ_wn:02447344a) 'physically toughened' —> The blacksmith hammered the iron until it became tough and unbreakable.","YES","04/05/2026, 11:11:39"
"ann2","17778024684591xmrgrlvfjg","(one-shot) 'expand' (VERB_wn:00540946v) 'expand the influence of' —> The company aims to expand its market share in Asia.","YES","04/05/2026, 11:11:48"
"ann2","1777802468459htugalowspm","(one-shot) 'striker' (NOUN_wn:04337740n) 'the part of a mechanical device that strikes something' —> The technician carefully adjusted the striker to ensure it properly engaged the bolt latch.","YES","04/05/2026, 11:41:11"
"ann2","1777802468459zdgqjsbjaj","(one-shot) 'egg' (NOUN_wn:05524615n) 'one of the two male reproductive glands that produce spermatozoa and secrete androgens' —> The doctor explained that the pain in his testicles, often colloquially referred to as his egg, required immediate medical attention.","YES","04/05/2026, 11:41:23"
"ann2","1777802468459a6zesf7zgd9","(one-shot) 'straight' (ADJ_wn:01237754a) 'erect in posture' —> He stood straight during the entire ceremony.","YES","04/05/2026, 11:41:31"
"ann2","17778024684592lmglkjyu4b","(one-shot) 'water' (VERB_wn:00069570v) 'secrete or form water, as tears or saliva' —> Her eyes began to water as she cut the onion.","YES","04/05/2026, 11:41:38"
"ann2","1777802468459i7wha32jwed","(one-shot) 'stimulation' (NOUN_wn:00853835n) 'mutual sexual fondling prior to sexual intercourse' —> The couple engaged in gentle stimulation before moving on to the next stage of their intimacy.","YES","04/05/2026, 11:41:47"
"ann2","1777802468459r7ssjcht3o","(one-shot) 'darken' (VERB_wn:01537829v) 'tarnish or stain' —> The accusation served to darken his reputation.","YES","04/05/2026, 11:41:58"
"ann2","1777802468459xcly4qeova","(one-shot) 'plumbing' (NOUN_wn:00999089n) 'measuring the depths of the oceans' —> The captain checked the plumbing before setting sail.","NO","04/05/2026, 11:42:10"
"ann2","1777802468459reom6n9y79k","(one-shot) 'nutrition' (NOUN_wn:07570720n) 'a source of materials to nourish the body' —> The restaurant prides itself on providing meals that are rich in essential nutrition.","YES","04/05/2026, 11:42:22"
"ann2","1777802468459jvfoxvxp6qc","(one-shot) 'obstacle' (NOUN_wn:05690269n) 'something immaterial that stands in the way and must be circumvented or surmounted' —> Fear often serves as the greatest obstacle to achieving our full potential.","YES","04/05/2026, 11:42:30"
"ann2","177780246845956be2fimn67","(one-shot) 'spinach' (NOUN_wn:07736692n) 'dark green leaves; eaten cooked or raw in salads' —> She tossed the fresh spinach into the hot pan to make a quick sautéed side dish.","YES","04/05/2026, 11:42:38"
"ann2","1777802468459ywtdsq6mlqo","(one-shot) 'toothed' (ADJ_wn:02438346a) 'having teeth especially of a certain number or type; often used in combination' —> The sharp-toothed blade easily sliced through the thick rope.","YES","04/05/2026, 11:42:47"
"ann2","17778024684597z0xh3rw6hb","(one-shot) 'pleasantly' (ADV_wn:00219110r) 'in an enjoyable manner' —> She was pleasantly surprised by the unexpected gift.","YES","04/05/2026, 11:42:55"
"ann2","1777802468459vxs4xx2l92","(one-shot) 'bang' (VERB_wn:01236941v) 'leap, jerk, bang' —> The startled deer would bang into the tree trunks while fleeing.","YES","04/05/2026, 11:43:05"
"ann2","1777802468459zes1vby6iu","(one-shot) 'content' (NOUN_wn:14412882n) 'the state of being contented with your situation in life' —> She found true content after years of striving for material success.","YES","04/05/2026, 11:43:15"
"ann2","1777802468459s7rp2dyljun","(one-shot) 'release' (VERB_wn:02316304v) 'part with a possession or right' —> He decided to release the stolen documents to the authorities.","YES","04/05/2026, 11:43:24"
"ann2","1777802468459pkhm8js8a69","(one-shot) 'hunt' (NOUN_wn:11067047n) 'Englishman and Pre-Raphaelite painter (1827-1910)' —> The museum featured several vibrant works by John William Waterhouse and another renowned Pre-Raphaelite artist, Hunt.","YES","04/05/2026, 11:43:34"
"ann2","1777802468459g30xa7exemf","(one-shot) 'break_down' (VERB_wn:00030647v) 'collapse due to fatigue, an illness, or a sudden attack' —> The exhausted marathon runner finally broke down near the finish line.","YES","04/05/2026, 11:43:43"
"ann2","1777802468459flhbgzythf","(one-shot) 'pretense' (NOUN_wn:05769930n) 'imaginative intellectual play' —> She dismissed the rigid rules of etiquette as mere pretense, preferring to engage in genuine conversation instead.","YES","04/05/2026, 11:43:53"
"ann2","177780246845928f8kmgdkaxi","(one-shot) 'revision' (NOUN_wn:00399393n) 'the act of revising or altering (involving reconsideration and modification)' —> The editor requested a final revision of the manuscript before it went to print.","YES","04/05/2026, 11:44:00"
"ann2","1777802468459s67wwoq4n49","(one-shot) 'perceive' (VERB_wn:02106506v) 'to become aware of through the senses' —> She could perceive the faint scent of lavender drifting from the garden.","YES","04/05/2026, 11:44:08"
"ann2","17778024684598y7tarnls9y","(one-shot) 'chorus' (NOUN_wn:08187988n) 'a company of actors who comment (by speaking or singing in unison) on the action in a classical Greek play' —> The chorus stood on the stage, singing their observations of the tragic events unfolding before them.","YES","04/05/2026, 11:44:19"
"ann2","1777802468459sa8l82ddt8a","(one-shot) 'find' (VERB_wn:02213336v) 'get something or somebody for a specific purpose' —> The librarian tried to find a rare edition of the novel for the professor's research project.","YES","04/05/2026, 11:44:27"
"ann2","1777802468459qmo5ka3czve","(one-shot) 'confide' (VERB_wn:02349212v) 'confer a trust upon' —> The king confided the governance of the realm to his loyal general.","YES","04/05/2026, 11:44:37"
"ann2","1777802468459s9hrqnqwc1h","(one-shot) 'square' (VERB_wn:02659541v) 'be compatible with' —> His alibi does not square with the evidence presented at trial.","YES","04/05/2026, 11:44:47"
"ann2","1777802468459krek7icydg","(one-shot) 'oppressive' (ADJ_wn:00788474a) 'marked by unjust severity or arbitrary behavior' —> The regime's oppressive laws silenced any dissent within the country.","YES","04/05/2026, 11:44:57"
"ann2","1777802468459poikz4l4awg","(one-shot) 'contrary' (NOUN_wn:13858604n) 'a relation of direct opposition' —> The evidence is directly contrary to the defendant's claim of innocence.","YES","04/05/2026, 11:45:07"
"ann2","1777802468459h8zhfibjk36","(one-shot) 'whip' (VERB_wn:01102997v) 'defeat thoroughly' —> The experienced chess grandmaster was able to whip the novice player in under twenty minutes.","YES","04/05/2026, 11:45:17"
"ann2","177780246845999d9792rnw","(one-shot) 'sensory' (ADJ_wn:00333611a) 'of a nerve fiber or impulse originating outside and passing toward the central nervous system' —> The physician explained that the sensory fibers transmit impulses from the skin toward the spinal cord.","YES","04/05/2026, 11:45:28"
"ann2","1777802468459u9kjn6h24xr","(one-shot) 'fall' (NOUN_wn:07370270n) 'a movement downward' —> The steep fall from the cliff was terrifying to watch.","YES","04/05/2026, 11:45:37"
"ann2","1777802468459o4yotgx8t8","(one-shot) 'instal' (VERB_wn:01570108v) 'place' —> He will instal the new software on his computer.","YES","04/05/2026, 11:45:47"
"ann2","1777802468459ymsrnoys9nd","(one-shot) 'edit' (VERB_wn:00201722v) 'cut and assemble the components of' —> The director will edit the raw footage to create a cohesive narrative.","YES","04/05/2026, 11:45:55"
"ann2","177780246845981giiqs1qjm","(one-shot) 'bluff' (NOUN_wn:00756598n) 'the act of bluffing in poker; deception by a false show of confidence in the strength of your cards' —> The seasoned player executed a perfect bluff to win the entire pot.","YES","04/05/2026, 11:46:02"
"ann2","17778024684595ot8wkf2b2r","(one-shot) 'tenor' (NOUN_wn:06872676n) 'the adult male singing voice above baritone' —> The soaring tenor captivated the audience with his powerful performance.","YES","04/05/2026, 11:46:13"
"ann2","17778024684590zqvakk4vxz","(one-shot) 'shortened' (ADJ_wn:00004615a) 'with parts removed' —> The director presented a shortened version of the film for the festival.","YES","04/05/2026, 11:46:22"
"ann2","1777802468459nsalq6mv5wd","(one-shot) 'bank' (VERB_wn:01234793v) 'cover with ashes so to control the rate of burning' —> He decided to bank the fire with cold ashes before going to sleep.","YES","04/05/2026, 11:46:31"
"ann2","1777802468459y66snxu5c3d","(one-shot) 'burn' (VERB_wn:02121048v) 'feel hot or painful' —> The sauce was so spicy that my lips began to burn.","YES","04/05/2026, 11:46:42"
"ann2","1777802468459prbk6esx68","(one-shot) 'incorporate' (VERB_wn:00466651v) 'make into a whole or make part of a whole' —> The architect decided to incorporate sustainable materials into the new building design.","YES","04/05/2026, 11:46:51"
"ann2","1777802468459ipmrm9cyjbb","(one-shot) 'barrier' (NOUN_wn:09214581n) 'anything serving to maintain separation by obstructing vision or access' —> The high wooden fence served as a barrier between the two properties, preventing the children from seeing what was happening in the neighbor's yard.","YES","04/05/2026, 11:46:58"
"ann2","1777802468459m245fpjupog","(one-shot) 'vacuum' (NOUN_wn:13910116n) 'an empty area or space' —> She stared into the endless vacuum of space.","YES","04/05/2026, 11:47:05"
"ann2","177780246845926x95pjx7aej","(one-shot) 'utility' (NOUN_wn:04516874n) 'a facility composed of one or more pieces of equipment connected to or part of a structure and designed to provide a service such as heat or electricity or water or sewage disposal' —> The construction crew must connect the new building to the municipal utility lines to ensure a steady supply of water and power.","YES","04/05/2026, 11:47:15"
"ann2","1777802468459wwua8ezsvii","(one-shot) 'starve' (VERB_wn:01187740v) 'deprive of food' —> The cruel captors decided to starve the prisoners into submission.","YES","04/05/2026, 11:47:25"
"ann2","1777802468459wq09xjickb","(one-shot) 'ethical' (ADJ_wn:02723563a) 'of or relating to the philosophical study of ethics' —> The professor argued that the debate was not merely moral but strictly ethical.","YES","04/05/2026, 11:47:35"
"ann2","1777802468459hujwc5twtua","(one-shot) 'liability' (NOUN_wn:05161436n) 'the quality of being something that holds you back' —> His excessive caution became a liability that prevented him from seizing the sudden business opportunity.","YES","04/05/2026, 11:47:44"
"ann2","1777802468459lv22npu6gcg","(one-shot) 'unfortunate' (ADJ_wn:01049462a) 'not favored by fortune; marked or accompanied by or resulting in ill fortune' —> It was unfortunate that the sudden storm ruined their picnic plans.","YES","04/05/2026, 11:47:52"
"ann2","1777802468459ltgm12xcsi9","(one-shot) 'mission' (NOUN_wn:00730984n) 'the organized work of a religious missionary' —> The mission established a local church and a school in the remote village.","NO","04/05/2026, 11:48:09"
"ann2","1777802468459gy9cqcii9tm","(one-shot) 'caller' (NOUN_wn:09888017n) 'the person initiating a telephone call' —> The caller left a detailed message on the voicemail.","YES","04/05/2026, 11:48:18"
"ann2","1777802468459zgb1sdfgfoc","(one-shot) 'resolve' (VERB_wn:00447309v) 'cause to go into a solution' —> The committee worked together to resolve the complex dispute.","YES","04/05/2026, 11:48:28"
"ann2","1777802468459vssfhxdo5wr","(one-shot) 'adoption' (NOUN_wn:01185292n) 'a legal proceeding that creates a parent-child relation between persons not related by blood; the adopted child is entitled to all privileges belonging to a natural child of the adoptive parents (including the right to inherit)' —> The finalization of the adoption granted the child full inheritance rights from their new parents.","YES","04/05/2026, 11:48:36"
"ann2","1777802468459nxbe5of6qp","(one-shot) 'fade' (VERB_wn:00421691v) 'disappear gradually' —> The morning mist began to fade as the sun rose.","YES","04/05/2026, 11:48:44"
"ann2","1777802468459ffbzsyo9x5","(one-shot) 'request' (NOUN_wn:06513366n) 'a formal message requesting something that is submitted to an authority' —> The committee voted to approve the formal request for additional funding.","YES","04/05/2026, 11:48:51"
"ann2","1777802468459yw76t6nw57e","(one-shot) 'redeem' (VERB_wn:02256998v) 'exchange or buy back for money; under threat' —> The pirates paid a ransom to redeem the hostage.","YES","04/05/2026, 11:49:04"
"ann2","1777802468459tc382nvsu9m","(one-shot) 'limitation' (NOUN_wn:05846355n) 'a principle that limits the extent of something' —> The speed limit is a strict limitation imposed by the government to ensure road safety.","YES","04/05/2026, 11:49:14"
"ann2","1777802468459j8mqkrr9gz","(one-shot) 'screen' (NOUN_wn:04153025n) 'a door that consists of a frame holding metallic or plastic netting; used to allow ventilation and to keep insects from entering a building through the open door' —> We installed a sturdy screen on the back door to let in the cool evening breeze while keeping the mosquitoes out.","YES","04/05/2026, 11:49:23"
"ann2","177780246845907rxwdc0ho26","(one-shot) 'association' (NOUN_wn:13930385n) 'a social or business relationship' —> The trade association held its annual meeting to discuss new industry standards.","YES","04/05/2026, 11:49:34"
"ann2","1777802468459i68gpju7ddb","(one-shot) 'essential' (ADJ_wn:01276150a) 'of the greatest importance' —> Patience is essential for success in this project.","YES","04/05/2026, 11:49:43"
"ann2","1777802468459imjz61x1nf","(one-shot) 'disturb' (VERB_wn:00520019v) 'destroy the peace or tranquility of' —> Please do not disturb the sleeping baby.","YES","04/05/2026, 11:49:50"
"ann2","1777802468459plxfoa0sis","(one-shot) 'wield' (VERB_wn:01224415v) 'handle effectively' —> She wielded her arguments with impressive skill during the debate.","YES","04/05/2026, 11:50:01"
"ann2","1777802468459rngqtdmwbj","(one-shot) 'slice' (NOUN_wn:04237086n) 'a spatula for spreading paint or ink' —> The artist carefully cleaned the slice after applying the thick layers of oil paint to the canvas.","YES","04/05/2026, 11:50:09"
"ann2","1777802468459ial7e67bxsi","(one-shot) 'cross' (NOUN_wn:04681387n) 'a marking that consists of lines that cross each other' —> She used a black marker to draw a small cross on the map to indicate the hidden treasure location.","YES","04/05/2026, 11:59:08"
"ann2","17778024684596jezmk0qgf","(one-shot) 'deal' (VERB_wn:00734054v) 'take into consideration for exemplifying purposes' —> The lecture will deal with the concept of inflation to illustrate broader economic trends.","YES","04/05/2026, 11:59:33"
"ann2","1777802468459n6f4whzx4v9","(one-shot) 'concerned' (ADJ_wn:01515692a) 'involved in or affected by or having a claim to or share in' —> The parties concerned will meet to discuss the settlement.","YES","04/05/2026, 11:59:42"
"ann2","1777802468459vr4nfg5zpvp","(one-shot) 'influence' (VERB_wn:00701040v) 'shape or influence; give direction to' —> The mentor helped influence the student's career path.","YES","04/05/2026, 11:59:50"
"ann2","1777802468459n7ilrmkuzfl","(one-shot) 'maneuver' (VERB_wn:01931768v) 'direct the course; determine the direction of travelling' —> The captain had to maneuver the ship through the narrow channel.","YES","04/05/2026, 11:59:59"
"ann2","1777802468459fvvg19dhqr6","(one-shot) 'dissociation' (NOUN_wn:14416845n) 'a state in which some integrated part of a person's life becomes separated from the rest of the personality and functions independently' —> The patient's severe dissociation allowed her to function normally despite the overwhelming trauma.","YES","04/05/2026, 12:00:07"
"ann2","1777802468459ynnpuqbybs9","(one-shot) 'scale' (NOUN_wn:13816862n) 'the ratio between the size of something and a representation of it' —> The map's scale allows you to determine the actual distance between two cities.","YES","04/05/2026, 12:00:17"
"ann2","177780246845912ed86h5zjf","(one-shot) 'gentle' (ADJ_wn:01144571a) 'marked by moderate steepness' —> The gentle slope of the hill made it easy for hikers to ascend.","YES","04/05/2026, 12:00:25"
"ann2","1777802468459u68e8gxkfq","(one-shot) 'bid' (VERB_wn:02298632v) 'propose a payment' —> She decided to bid five hundred dollars for the antique vase.","YES","04/05/2026, 12:00:36"
"ann2","17778024684599gexhg68mq","(one-shot) 'carrier' (NOUN_wn:02970100n) 'a self-propelled wheeled vehicle designed specifically to carry something' —> The trucking company deployed a new carrier to transport the fragile glass shipment.","YES","04/05/2026, 12:00:45"
"ann2","1777802468459emj2naq5f0n","(one-shot) 'branching' (ADJ_wn:00613866a) 'having branches' —> The complex network of branching roots held the soil firmly in place.","YES","04/05/2026, 12:00:53"
"ann2","17778024684595qhemraig9t","(one-shot) 'smut' (NOUN_wn:14793533n) 'a black colloidal substance consisting wholly or principally of amorphous carbon and used to make pigments and ink' —> The artist carefully mixed the smut with a binding agent to create a rich, black ink for his calligraphy project.","YES","04/05/2026, 12:01:01"
"ann2","1777802468459cdxurfg5zqc","(one-shot) 'unrestricted' (ADJ_wn:01541258a) 'not restricted or modified in meaning' —> The new software update provides unrestricted access to all premium features.","YES","04/05/2026, 12:01:12"
"ann2","17778024684594udzwn35947","(one-shot) 'hesitate' (VERB_wn:02641035v) 'interrupt temporarily an activity before continuing' —> She hesitated for a moment before stepping onto the stage.","YES","04/05/2026, 12:01:23"
"ann2","1777802468459aqe0owvn87m","(one-shot) 'draw' (VERB_wn:01505254v) 'direct toward itself or oneself by means of some psychological power or physical attributes' —> The beautiful architecture of the city continues to draw tourists from all over the world.","YES","04/05/2026, 12:01:30"
"ann2","1777802468459upzlskd8zl","(one-shot) 'unskilled' (ADJ_wn:02228335a) 'not having or showing or requiring special skill or proficiency' —> The task required unskilled labor.","YES","04/05/2026, 12:01:40"
"ann2","1777802468459p1fi41jv01q","(one-shot) 'serve' (VERB_wn:02709107v) 'spend time in prison or in a labor camp' —> He will serve his sentence in a federal prison.","YES","04/05/2026, 12:01:47"
"ann2","177780246845987fv2vm2drn","(one-shot) 'suspension' (NOUN_wn:07368256n) 'an interruption in the intensity or amount of something' —> The sudden suspension of trade caused prices to skyrocket.","YES","04/05/2026, 12:02:04"
"ann2","17778024684598ncd1v9i67g","(one-shot) 'revive' (VERB_wn:00168910v) 'restore from a depressed, inactive, or unused state' —> The new marketing strategy helped revive the struggling business.","YES","04/05/2026, 12:02:12"
"ann2","1777802468459xaasssbs6g","(one-shot) 'interview' (NOUN_wn:07143624n) 'a conference (usually with someone important)' —> The CEO granted a rare interview to the leading business magazine.","YES","04/05/2026, 12:02:23"
"ann2","17778024684590ldee5ihxbvj","(one-shot) 'wash' (NOUN_wn:03648219n) 'garments or white goods that can be cleaned by laundering' —> She sorted the heavy cotton wash from the delicate silks before loading the washing machine.","YES","04/05/2026, 12:02:31"
"ann2","1777802468459fc7vpj6m8v4","(one-shot) 'equity' (NOUN_wn:13333420n) 'the ownership interest of shareholders in a corporation' —> The company issued new equity to raise capital for its expansion projects.","YES","04/05/2026, 12:02:42"
"ann2","1777802468459lmeejdpznn","(one-shot) 'deceive' (VERB_wn:00854420v) 'cause someone to believe an untruth' —> The magician used his sleight of hand to deceive the audience.","YES","04/05/2026, 12:02:53"
"ann2","1777802468459mbfq2iqfqy","(one-shot) 'joyful' (ADJ_wn:01367211a) 'full of high-spirited delight' —> The children ran through the park with a joyful laugh echoing in the crisp autumn air.","YES","04/05/2026, 12:03:01"
"ann2","1777802468459d3k9s0a8j1u","(one-shot) 'tie' (NOUN_wn:04433585n) 'one of the cross braces that support the rails on a railway track' —> The crew replaced the rotting wooden tie to ensure the stability of the railway track.","YES","04/05/2026, 12:03:08"
"ann2","1777802468459hqab1u01jmg","(one-shot) 'reserve' (VERB_wn:02498320v) 'arrange for and reserve (something for someone else) in advance' —> Please call ahead to reserve a table for four at the restaurant.","YES","04/05/2026, 12:03:19"
"ann2","1777802468459h1qftxm83rc","(one-shot) 'commitment' (NOUN_wn:01165692n) 'the official act of consigning a person to confinement (as in a prison or mental hospital)' —> The judge ordered the immediate commitment of the patient to a secure psychiatric facility.","YES","04/05/2026, 12:03:30"
"ann2","1777802468459z8cr6s7l8fm","(one-shot) 'unaffected' (ADJ_wn:00071992a) 'undergoing no change when acted upon' —> The pure gold remained unaffected by the harsh chemical solution.","YES","04/05/2026, 12:03:37"
"ann2","1777802468459eneqcvs1ixs","(one-shot) 'objection' (NOUN_wn:01177033n) 'the act of protesting; a public (often organized) manifestation of dissent' —> The large objection outside the city hall grew louder as more citizens joined the protest.","YES","04/05/2026, 12:03:48"
"ann2","1777802468459fe4jdqw6wgc","(one-shot) 'swear' (VERB_wn:00688377v) 'have confidence or faith in' —> I swear by this recipe.","YES","04/05/2026, 12:03:57"
"ann2","17778024684595z3zv3vriks","(one-shot) 'question' (VERB_wn:00788184v) 'pose a series of questions to' —> The detective decided to question the suspect.","YES","04/05/2026, 12:04:05"
"ann2","1777802468459mnpzubi6qw","(one-shot) 'release' (NOUN_wn:00213694n) 'a formal written statement of relinquishment' —> The lawyer signed the release to formally relinquish any future claims against the company.","YES","04/05/2026, 12:04:12"
"ann2","1777802468459g6emdoj2jjc","(one-shot) 'break' (VERB_wn:01298931v) 'break a piece from a whole' —> She tried to break a cookie.","YES","04/05/2026, 12:04:21"
"ann2","1777802468459h88p5bfppqs","(one-shot) 'expression' (NOUN_wn:06880249n) 'expression without words' —> Her facial expression conveyed deep sadness without a single word being spoken.","YES","04/05/2026, 12:04:32"
"ann2","1777802468459a6h7y1rlgfp","(one-shot) 'lay' (VERB_wn:01544692v) 'put in a horizontal position' —> She lay on the grass.","WRONG","04/05/2026, 12:04:42"
"ann2","1777802468459iqdm84tx4s","(one-shot) 'porter' (NOUN_wn:10455305n) 'a railroad employee who assists passengers (especially on sleeping cars)' —> The porter assisted the weary travelers by carrying their heavy luggage to their sleeping car compartments.","YES","04/05/2026, 12:04:51"
"ann2","1777802468459iautf9dn9w","(one-shot) 'pepper' (NOUN_wn:12900462n) 'any of various tropical plants of the genus Capsicum bearing peppers' —> The farmer harvested ripe peppers from the healthy pepper plants in his garden.","YES","04/05/2026, 12:05:06"
"ann2","1777802468459217v0j92mwl","(one-shot) 'measure' (VERB_wn:00647094v) 'determine the measurements of something or somebody, take measurements of' —> The tailor measured the fabric carefully before cutting it.","YES","04/05/2026, 12:05:14"
"ann2","1777802468459m1u15658opf","(one-shot) 'sacrifice' (NOUN_wn:13328073n) 'a loss entailed by giving up or selling something at less than its value' —> Selling the antique vase for a mere fraction of its worth was a financial sacrifice he deeply regretted.","YES","04/05/2026, 12:05:21"
"ann2","17778024684595jiwivi9gd","(one-shot) 'specimen' (NOUN_wn:05822239n) 'an example regarded as typical of its class' —> The cured rattlesnake on the museum shelf was a prized specimen of local wildlife.","YES","04/05/2026, 12:05:29"
"ann2","1777802468459i6pm7e0fva","(one-shot) 'inadequate' (ADJ_wn:02336904a) 'not sufficient to meet a need' —> The shelter's heating system was inadequate for the severe winter conditions.","YES","04/05/2026, 12:05:38"
"ann2","1777802468459god2cb7xrke","(one-shot) 'screen' (VERB_wn:01460785v) 'separate with a riddle, as grain from chaff' —> The farmers used a large sieve to screen the wheat from the dried husks.","YES","04/05/2026, 12:05:49"
"ann2","1777802468459q0emmqon3yo","(one-shot) 'believer' (NOUN_wn:09848489n) 'a supporter who accepts something as true' —> She was a steadfast believer in the power of education to change lives.","YES","04/05/2026, 12:05:59"
"ann2","17778024684594qeg7f2b4wd","(one-shot) 'paddle' (NOUN_wn:03873699n) 'a blade of a paddle wheel or water wheel' —> The wooden paddle became stuck in the debris, causing the ferry to halt its forward motion.","YES","04/05/2026, 12:06:07"
"ann2","17778024684590edvncjc99e","(one-shot) 'comfort' (NOUN_wn:04033995n) 'bedding made of two layers of cloth filled with stuffing and stitched together' —> She folded the warm quilt and placed it at the foot of the bed.","WRONG","04/05/2026, 12:06:21"
"ann2","177780246845986tg29zb5ic","(one-shot) 'reach' (NOUN_wn:05125377n) 'an area in which something acts or operates or has power or control:' —> The telescope's reach extends far beyond the boundaries of our solar system.","YES","04/05/2026, 12:06:30"
"ann2","1777802468459hvkxl213pwo","(one-shot) 'condensation' (NOUN_wn:06468123n) 'a shortened version of a written work' —> The author provided a concise condensation of the lengthy novel.","YES","04/05/2026, 12:06:41"
"ann2","1777802468459mf8iaghfi4r","(one-shot) 'commence' (VERB_wn:01650610v) 'get off the ground' —> The company plans to commence operations next month.","YES","04/05/2026, 12:06:53"
"ann2","1777802468459ivzu37a96fp","(one-shot) 'gender' (NOUN_wn:06328643n) 'a grammatical category in inflected languages governing the agreement between nouns and pronouns and adjectives; in some languages it is quite arbitrary but in Indo-European languages it is usually based on sex or animateness' —> French speakers must memorize the gender of every noun to ensure correct adjective agreement.","YES","04/05/2026, 12:07:01"
"ann2","17778024684598psac6m5c3q","(one-shot) 'snap' (VERB_wn:01893771v) 'move or strike with a noise' —> The dry twig snapped beneath his heavy boot.","NO","04/05/2026, 12:07:13"
"ann2","1777802468459fsirdnibvml","(one-shot) 'call' (NOUN_wn:00080743n) 'the option to buy a given stock (or stock index or commodity future) at a given price before a given date' —> He bought a call on tech stocks to hedge against potential price increases.","YES","04/05/2026, 12:07:23"
"ann2","1777802468459y85g0pchoym","(one-shot) 'confusion' (NOUN_wn:00379754n) 'an act causing a disorderly combination of elements with identities lost and distinctions blended' —> The editor's careless rearrangement of the chapters created a confusion of narrative voices that made the plot impossible to follow.","YES","04/05/2026, 12:07:31"
"ann2","1777802468459d0fcad0y7da","(one-shot) 'harm' (NOUN_wn:07420770n) 'the occurrence of a change for the worse' —> The new software update caused no harm to the existing database files.","YES","04/05/2026, 12:07:42"
"ann2","1777802468459oz5lkclzdxr","(one-shot) 'emergence' (NOUN_wn:00050693n) 'the act of emerging' —> The emergence of the butterfly from its chrysalis marked the beginning of a new stage in its life cycle.","YES","04/05/2026, 12:07:52"
"ann2","17778024684592f9xiqn7to","(one-shot) 'justice' (NOUN_wn:08135342n) 'the United States federal department responsible for enforcing federal laws (including the enforcement of all civil rights legislation); created in 1870' —> The attorney general serves as the head of the Department of Justice.","YES","04/05/2026, 12:07:59"
"ann2","1777802468459sjpsr151zos","(one-shot) 'capacity' (NOUN_wn:13755053n) '(computer science) the amount of information (in bytes) that can be stored on a disk drive' —> The new hard drive has a storage capacity of two terabytes.","YES","04/05/2026, 12:08:07"
"ann2","17778024684591iqmw69869c","(one-shot) 'cut_short' (VERB_wn:00317241v) 'make shorter as if by cutting off' —> The celebration was cut short when it started to rain heavily.","YES","04/05/2026, 12:08:18"
"ann2","1777802468459s5oy9ggl8d8","(one-shot) 'yoke' (NOUN_wn:04613158n) 'a connection (like a clamp or vise) between two things so they move together' —> The twin engines were locked into place by a sturdy yoke to ensure they moved in perfect synchronization.","YES","04/05/2026, 12:08:28"
"ann2","1777802468459fiuqq9ct1pk","(one-shot) 'pool' (NOUN_wn:09397391n) 'a small lake' —> The crystal-clear pool reflected the surrounding mountains.","YES","04/05/2026, 12:08:40"
"ann2","17778024684594cz8r8kv2pz","(one-shot) 'cortex' (NOUN_wn:05486510n) 'the layer of unmyelinated neurons (the grey matter) forming the cortex of the cerebrum' —> The neurosurgeon carefully avoided damaging the cerebral cortex during the delicate procedure.","YES","04/05/2026, 12:08:49"
"ann2","1777802468459dzuey08al8v","(one-shot) 'aside' (ADV_wn:00234052r) 'out of the way (especially away from one's thoughts)' —> She tried to put her fears aside and focus on the task at hand.","YES","04/05/2026, 12:08:59"
"ann2","1777802468459hz90jsx2ky6","(one-shot) 'spirit' (NOUN_wn:13985818n) 'the state of a person's emotions (especially with regard to pleasure or dejection)' —> The team's high spirits were infectious, lifting everyone in the room.","YES","04/05/2026, 12:09:08"
"ann2","1777802468459wc78l5hr3ws","(one-shot) 'introduce' (VERB_wn:00187526v) 'introduce' —> The manager will introduce the new policy to the staff.","YES","04/05/2026, 12:09:24"
"ann2","17778024684591wt0pgumwln","(one-shot) 'engagement' (NOUN_wn:01217859n) 'the act of giving someone a job' —> Her official engagement as the new department head began on Monday.","YES","04/05/2026, 12:09:37"
"ann2","1777802468459m4iuemggsc","(one-shot) 'protected' (ADJ_wn:01884930a) 'kept safe or defended from danger or injury or loss' —> The historic building remained protected from the storm by the newly installed shutters.","YES","04/05/2026, 12:09:46"
"ann2","1777802468459i6uo0ug1w5","(one-shot) 'truth' (NOUN_wn:11350705n) 'United States abolitionist and feminist who was freed from slavery and became a leading advocate of the abolition of slavery and for the rights of women (1797-1883)' —> The biography detailed the courageous journey of Sojourner Truth, highlighting her pivotal role in both the abolitionist and women's suffrage movements.","YES","04/05/2026, 12:09:56"
"ann2","1777802468459qkmtt48ocl","(one-shot) 'accounting' (NOUN_wn:13354985n) 'a statement of recent transactions and the resulting balance' —> The accountant handed over the accounting for review before the audit began.","YES","04/05/2026, 12:10:05"
"ann2","1777802468459aoexwb91tu9","(one-shot) 'unlikely' (ADJ_wn:01800169a) 'having a probability too low to inspire belief' —> It is unlikely that the lost artifact will ever be found again.","YES","04/05/2026, 12:10:18"
"ann2","1777802468459r7f3oqhl7nc","(one-shot) 'still' (ADJ_wn:01564315a) 'not in physical motion' —> The statue remained still for the entire hour.","YES","04/05/2026, 12:10:29"
"ann2","1777802468459454xd5vxkyi","(one-shot) 'philippines' (NOUN_wn:08981244n) 'a republic on the Philippine Islands; achieved independence from the United States in 1946' —> Many tourists flock to the Philippines to experience its stunning beaches and rich cultural heritage.","YES","04/05/2026, 12:10:37"
"ann2","1777802468459bv1m89czkam","(one-shot) 'brace' (NOUN_wn:02886907n) 'a carpenter's tool having a crank handle for turning and a socket to hold a bit for boring' —> The carpenter used a brace to drill the holes for the shelf brackets.","YES","04/05/2026, 12:10:44"
"ann2","1777802468459f4lxlzvdz7q","(one-shot) 'freeze' (VERB_wn:00012613v) 'suddenly behave coldly and formally' —> She froze toward him when he mentioned the accident.","YES","04/05/2026, 12:10:52"
"ann2","1777802468459dsypkhdvhtv","(one-shot) 'precious' (ADJ_wn:01462625a) 'characterized by feeling or showing fond affection for' —> She gazed at her newborn child with precious eyes.","YES","04/05/2026, 12:11:08"
"ann2","1777802468459kshr7uajhz","(one-shot) 'aged' (ADJ_wn:01493423a) 'of wines, fruit, cheeses; having reached a desired or final condition; (`aged' pronounced as one syllable)' —> The chef served a plate of aged cheddar cheese.","YES","04/05/2026, 12:11:15"
"ann2","1777802468459o4yqw8sigoi","(one-shot) 'radius' (NOUN_wn:08628578n) 'a circular region whose area is indicated by the length of its radius' —> The emergency protocol covers every building within a five-mile radius of the blast site.","YES","04/05/2026, 12:11:25"
"ann2","1777802468459dnbp1eabw8r","(one-shot) 'essential' (ADJ_wn:02722988a) 'being or relating to or containing the essence of a plant etc' —> The laboratory isolated the essential oil from the rose petals.","YES","04/05/2026, 12:11:33"
"ann2","1777802468459bk9y3x2ichp","(one-shot) 'resolve' (VERB_wn:00733044v) 'find the solution' —> The team managed to resolve the complex software bug after weeks of debugging.","YES","04/05/2026, 12:11:43"
"ann2","1777802468459nmz0j5gh8e9","(one-shot) 'exhaust' (VERB_wn:01157517v) 'use up (resources or materials)' —> The new mining project will exhaust the local water supply.","YES","04/05/2026, 12:11:54"
"ann2","1777802468459085ohncxkdhm","(one-shot) 'scandal' (NOUN_wn:07223811n) 'disgraceful gossip about the private lives of other people' —> The newspaper's front page was dominated by scandal regarding the politician's secret weekend getaway.","YES","04/05/2026, 12:12:04"
"ann2","17778024684597qlag8ohyhe","(one-shot) 'lobe' (NOUN_wn:13161506n) '(botany) a part into which a leaf is divided' —> The maple leaf displayed five distinct lobes along its jagged edge.","YES","04/05/2026, 12:12:15"
"ann2","1777802468459zd17z7vn5x9","(one-shot) 'drapery' (NOUN_wn:03151077n) 'hanging cloth used as a blind (especially for a window)' —> She pulled back the heavy drapery to let the morning sunlight flood into the room.","YES","04/05/2026, 12:12:24"
"ann2","1777802468459d1npky70dw","(one-shot) 'revolutionary' (ADJ_wn:01642657a) 'markedly new or introducing radical change' —> The company introduced a revolutionary software that transformed the way customers interact with digital banking services.","YES","04/05/2026, 12:12:34"
"ann2","1777802468459f9a2ojjl8ej","(one-shot) 'fade' (VERB_wn:00421917v) 'lose freshness, vigor, or vitality' —> The festive decorations began to fade after the holiday season ended.","YES","04/05/2026, 12:12:51"
"ann2","1777802468459h7oywn7ho9p","(one-shot) 'tease' (VERB_wn:01463792v) 'disentangle and raise the fibers of' —> She used a wire brush to tease the wool into a soft, fluffy halo.","YES","04/05/2026, 12:13:01"
"ann2","1777802468459ls468vhkctj","(one-shot) 'stump' (NOUN_wn:05560631n) 'the part of a limb or tooth that remains after the rest is removed' —> The dentist cleaned the remaining stump before placing the new crown.","YES","04/05/2026, 12:13:09"
"ann2","1777802468459i4sna6pamfl","(one-shot) 'pass' (VERB_wn:02523953v) 'accept or judge as acceptable' —> The committee passed the new safety regulations.","YES","04/05/2026, 12:13:17"
"ann2","1777802468459cl8v8dlbkx4","(one-shot) 'spice' (VERB_wn:00559919v) 'make more interesting or flavorful' —> A pinch of chili powder will spice up the bland soup.","YES","04/05/2026, 12:13:25"
"ann2","17778024684595hz9uinz18i","(one-shot) 'harness' (VERB_wn:01163495v) 'exploit the power of' —> The new technology allows us to harness the power of the sun.","YES","04/05/2026, 12:13:35"
"ann2","1777802468459l61wk45il7k","(one-shot) 'rig' (NOUN_wn:00780148n) 'the act of swindling by some fraudulent scheme' —> The fraudster's elaborate rig succeeded in stealing millions from the investors.","YES","04/05/2026, 12:13:46"
"ann2","1777802468459zcevmatu1rk","(one-shot) 'command' (VERB_wn:00751567v) 'make someone do something' —> The sergeant commanded the troops to hold their positions.","YES","04/05/2026, 12:13:58"
"ann2","1777802468459z8gfut1l06","(one-shot) 'shift' (VERB_wn:00548913v) 'move and exchange for another' —> He decided to shift his savings from stocks to bonds.","YES","04/05/2026, 12:14:08"
"ann2","1777802468459rmqmw8ad81o","(one-shot) 'drift' (VERB_wn:02662821v) 'vary or move from a fixed point or course' —> The ship began to drift off its intended course.","YES","04/05/2026, 12:14:19"
"ann2","1777802468459p2qc61axwf","(one-shot) 'slate' (NOUN_wn:14700162n) 'a fine-grained metamorphic rock that can be split into thin layers' —> The craftsmen selected a polished slate for the rustic kitchen countertop.","YES","04/05/2026, 12:14:28"
"ann2","1777802468459sufibragl9","(one-shot) 'follow' (VERB_wn:02720544v) 'be next' —> Spring follows winter.","YES","04/05/2026, 12:14:35"
"ann2","1777802468459au6i2noz8sn","(one-shot) 'Edward' (NOUN_wn:10950786n) 'King of England from 1461 to 1470 and from 1471 to 1483; was dethroned in 1470 but regained the throne in 1471 by his victory at the battle of Tewkesbury (1442-1483)' —> The historical drama focused heavily on the tragic reign of Edward, capturing the chaos of the Wars of the Roses.","YES","04/05/2026, 12:14:46"
"ann2","17778024684590h778o0ky0af","(one-shot) 'emotionally' (ADV_wn:00185670r) 'in an emotional manner' —> She reacted emotionally to the surprising news.","YES","04/05/2026, 12:14:55"
"ann2","1777802468459izn4qk5elud","(one-shot) 'discretion' (NOUN_wn:05198756n) 'the power of making free choices unconstrained by external agencies' —> Citizens in a democracy are granted the discretion to vote for their preferred candidates.","YES","04/05/2026, 12:15:03"
"ann2","177780246845971qk5mhbn2n","(one-shot) 'precipitate' (VERB_wn:01507596v) 'hurl or throw violently' —> The sudden gust of wind precipitated the loose rocks from the cliff face.","YES","04/05/2026, 12:15:11"
"ann2","17778024684595acx5rujegs","(one-shot) 'fluctuate' (VERB_wn:01876907v) 'move or sway in a rising and falling or wavelike pattern' —> The green leaves continued to fluctuate in the gentle breeze.","YES","04/05/2026, 12:15:21"
"ann2","1777802468459o94kmaaedv","(one-shot) 'arousal' (NOUN_wn:14023997n) 'a state of heightened physiological activity' —> The sudden noise caused a brief state of physiological arousal in the sleeping cat.","YES","04/05/2026, 12:15:29"
"ann2","1777802468459b1wnjv24a4n","(one-shot) 'trace' (NOUN_wn:04463273n) 'a drawing created by superimposing a semitransparent sheet of paper on the original image and copying on it the lines of the original image' —> The artist carefully made a trace of the complex botanical illustration to ensure accuracy in her final painting.","YES","04/05/2026, 12:15:36"
"ann2","1777802468459uuzqff3qguq","(one-shot) 'utter' (VERB_wn:00983824v) 'express audibly; utter sounds (not necessarily words)' —> The wounded animal would only utter a low, pained groan.","YES","04/05/2026, 12:15:44"
"ann2","1777802468459yjb7oek87g","(one-shot) 'glory' (NOUN_wn:04951716n) 'an indication of radiant light drawn around the head of a saint' —> The artist carefully painted a golden glory around the saint's head to signify her holiness.","YES","04/05/2026, 12:15:53"
"ann2","1777802468459789f70vhhna","(one-shot) 'pretentious' (ADJ_wn:01849288a) 'making claim to or creating an appearance of (often undeserved) importance or distinction' —> His pretentious monologue about obscure philosophy annoyed everyone at the dinner party.","YES","04/05/2026, 12:16:02"
"ann2","1777802468459x9g03xggyw","(one-shot) 'break' (VERB_wn:02746449v) 'vary or interrupt a uniformity or continuity' —> The sudden shout broke the silence of the library.","YES","04/05/2026, 12:16:11"
"ann2","1777802468459lgca892m0zi","(one-shot) 'oatmeal' (NOUN_wn:07874995n) 'porridge made of rolled oats' —> For a warm and comforting breakfast, she prepared a bowl of creamy oatmeal topped with fresh berries.","YES","04/05/2026, 12:16:19"
"ann2","1777802468459tk46fjfhq4","(one-shot) 'mechanical' (ADJ_wn:02890983a) 'relating to or governed by or in accordance with mechanics' —> The clock's movement is entirely mechanical.","YES","04/05/2026, 12:16:29"
"ann2","1777802468459u6eojydick8","(one-shot) 'accurately' (ADV_wn:00204798r) 'strictly correctly' —> The surveyor must measure the land boundaries accurately to avoid legal disputes.","YES","04/05/2026, 12:16:39"
"ann2","1777802468459fnsnr8n3upc","(one-shot) 'conjunction' (NOUN_wn:07415167n) '(astronomy) apparent meeting or passing of two or more celestial bodies in the same degree of the zodiac' —> The ancient astronomers carefully recorded the rare conjunction of Venus and Jupiter to predict future celestial events.","YES","04/05/2026, 12:16:46"
"ann2","177780246845953s0qz7ugds","(one-shot) 'alcohol' (NOUN_wn:14708720n) 'any of a series of volatile hydroxyl compounds that are made from hydrocarbons by distillation' —> The chemist explained how alcohol is produced through the distillation of fermented sugars.","YES","04/05/2026, 12:16:59"
"ann2","1777802468459j0t3v9gxwxl","(one-shot) 'responsiveness' (NOUN_wn:05653575n) 'responsive to stimulation' —> The system's responsiveness to user input was significantly improved after the software update.","YES","04/05/2026, 12:17:08"
"ann2","1777802468459b3sl140kseq","(one-shot) 'aged' (ADJ_wn:01644225a) 'advanced in years; (`aged' is pronounced as two syllables)' —> The aged professor slowly descended the stairs, his hands trembling slightly.","YES","04/05/2026, 12:17:15"
"ann2","1777802468459sdud24h2p7r","(one-shot) 'advanced' (ADJ_wn:01876261a) 'ahead of the times' —> His advanced theories on quantum mechanics were largely ignored by his contemporaries.","YES","04/05/2026, 12:17:26"
"ann2","17778024684591o06zzv37xc","(one-shot) 'base' (ADJ_wn:01589650a) 'having or showing an ignoble lack of honor or morality; - Edmund Burke; ; - Shakespeare' —> His base attempt to steal credit for the project revealed his true character.","YES","04/05/2026, 12:17:37"
"ann2","17778024684590ony41u40wh","(one-shot) 'self-conscious' (ADJ_wn:00570991a) 'aware of yourself as an individual or of your own being and actions and thoughts; ; - D.M.Potter' —> She felt self-conscious about her accent during the presentation.","YES","04/05/2026, 12:17:46"
"ann2","1777802468459yqazmmyf17c","(one-shot) 'unrestricted' (ADJ_wn:01064167a) 'free of restrictions on conduct' —> The members of the group operated with unrestricted freedom during the protest.","YES","04/05/2026, 12:17:54"
"ann2","177780246845903dr5rwdyibx","(one-shot) 'prominence' (NOUN_wn:05169507n) 'relative importance' —> The committee gave greater prominence to safety regulations during the review.","YES","04/05/2026, 12:18:04"
"ann2","1777802468459myv7xnwc3w","(one-shot) 'remind' (VERB_wn:00877848v) 'assist (somebody acting or reciting) by suggesting the next words of something forgotten or imperfectly learned' —> The director stepped in to remind the actor of his forgotten line during the rehearsal.","YES","04/05/2026, 12:18:14"
"ann2","1777802468459g0n1nmlvzzg","(one-shot) 'casual' (ADJ_wn:01044557a) 'appropriate for ordinary or routine occasions' —> She preferred casual clothes for the weekend picnic.","YES","04/05/2026, 12:18:23"
"ann2","1777802468459kc5e1zyexw","(one-shot) 'sentiment' (NOUN_wn:07481951n) 'tender, romantic, or nostalgic feeling or emotion' —> The old letter was filled with sentiment for their lost youth.","YES","04/05/2026, 12:18:30"
"ann2","17778024684593d3nmdi6i9e","(one-shot) 'mechanical' (ADJ_wn:01499686a) 'using (or as if using) mechanisms or tools or devices' —> The clock’s internal gears produced a steady mechanical ticking sound.","YES","04/05/2026, 15:39:24"
"ann2","1777802468459b3eqon434s","(one-shot) 'disapprove' (VERB_wn:00674340v) 'consider bad or wrong' —> She strongly disapproves of his reckless driving habits.","YES","04/05/2026, 15:39:34"
"ann2","1777802468459z4vtv6lcfub","(one-shot) 'cyclic' (ADJ_wn:00675701a) 'recurring in cycles' —> The moon goes through a cyclic pattern of phases.","YES","04/05/2026, 15:39:43"
"ann2","17778024684593tqdu95hzkw","(one-shot) 'conviction' (NOUN_wn:01189282n) '(criminal law) a final judgment of guilty in a criminal case and the punishment that is imposed' —> The jury returned a conviction, which resulted in the defendant receiving a ten-year sentence.","YES","04/05/2026, 15:39:52"
"ann2","17778024684595jzwqo0mooe","(one-shot) 'liberty' (NOUN_wn:15140080n) 'leave granted to a sailor or naval officer' —> The captain finally granted the anxious sailor his liberty after a month of relentless storms.","YES","04/05/2026, 15:40:01"
"ann2","1777802468459ei3pgflmh6r","(one-shot) 'hide' (NOUN_wn:01895735n) 'body covering of a living animal' —> The taxidermist carefully cleaned and stretched the bear's hide.","YES","04/05/2026, 15:40:24"
"ann2","1777802468459b18rm089rcc","(one-shot) 'sloping' (ADJ_wn:01234747a) 'having an oblique or slanted direction' —> The house sits on a sloping bank that leads down to the river.","YES","04/05/2026, 15:40:34"
"ann2","1777802468459jtq23l29kl","(one-shot) 'sac' (NOUN_wn:13092722n) 'a case or sheath especially a pollen sac or moss capsule' —> The mature spores are released when the delicate wall of the moss sac ruptures.","YES","04/05/2026, 15:40:43"
"ann2","1777802468459ygm5kzdutrm","(one-shot) 'exponent' (NOUN_wn:06812417n) 'a mathematical notation indicating the number of times a quantity is multiplied by itself' —> The exponent in the term $2^8$ indicates that the base number two is multiplied by itself eight times.","YES","04/05/2026, 15:40:53"
"ann2","177780246845922tones23cxi","(one-shot) 'deceit' (NOUN_wn:00752431n) 'the act of deceiving' —> The contract was voided due to deceit.","YES","04/05/2026, 15:41:04"
"ann2","1777802468459f9z21vi9tlw","(one-shot) 'ill' (ADJ_wn:01162267a) 'resulting in suffering or adversity' —> The ill effects of the polluted water were evident in the community.","YES","04/05/2026, 15:41:15"
"ann2","1777802468459byfh6q09n4r","(one-shot) 'improvement' (NOUN_wn:00248977n) 'the act of improving something' —> The steady improvement of her piano skills was evident in the final recital.","YES","04/05/2026, 15:41:24"
"ann2","177780246845996mgft8vxz","(one-shot) 'time' (VERB_wn:00702226v) 'set the speed, duration, or execution of' —> You must time your jumps to land safely on the moving platform.","YES","04/05/2026, 15:41:35"
"ann2","1777802468459psqpb4anb8a","(one-shot) 'school' (VERB_wn:02387910v) 'educate in or as if in a school' —> The mentor aimed to school the novice in proper etiquette.","YES","04/05/2026, 15:41:45"
"ann2","1777802468459nz580mzocqr","(one-shot) 'advise' (VERB_wn:00872886v) 'give advice to' —> The doctor advises patients to drink more water.","YES","04/05/2026, 15:41:55"
"ann2","1777802468459h9th8hqyyk","(one-shot) 'compound' (VERB_wn:00227165v) 'make more intense, stronger, or more marked; ,' —> The stress of the deadline compounded his existing anxiety.","YES","04/05/2026, 15:42:04"
"ann2","1777802468459ichur6axq2","(one-shot) 'spike' (NOUN_wn:13133438n) '(botany) an indeterminate inflorescence bearing sessile flowers on an unbranched axis' —> The yucca plant displayed a tall spike of creamy white flowers.","YES","04/05/2026, 15:42:12"
"ann2","17778024684591qctcakzf2f","(one-shot) 'charge' (VERB_wn:00750532v) 'impose a task upon, assign a responsibility to' —> The manager charged the new intern with compiling the quarterly sales report.","YES","04/05/2026, 15:42:23"
"ann2","1777802468459l0hmrti2zp","(one-shot) 'irregularly' (ADV_wn:00331697r) 'in an irregular manner' —> The patient's heartbeat was irregularly rapid during the examination.","YES","04/05/2026, 15:42:33"
"ann2","1777802468459siyhh8d9mn","(one-shot) 'hitch' (NOUN_wn:03522863n) 'a connection between a vehicle and the load that it pulls' —> The truck driver checked the hitch to ensure the trailer was securely attached.","YES","04/05/2026, 15:42:41"
"ann2","177780246845955ke9ciewgn","(one-shot) 'seriousness' (NOUN_wn:07512315n) 'an earnest and sincere feeling' —> The seriousness of her expression indicated that she was deeply concerned about the situation.","YES","04/05/2026, 15:42:53"
"ann2","17778024684597zddmuzy1ps","(one-shot) 'cabinetwork' (NOUN_wn:00607542n) 'the craft of making furniture (especially furniture of high quality)' —> The master's dedication to traditional cabinetwork was evident in every dovetail joint.","YES","04/05/2026, 15:43:02"
"ann2","1777802468459ukgtj3gr44","(one-shot) 'chatter' (VERB_wn:01038666v) 'talk socially without exchanging too much information' —> The passengers began to chatter excitedly about their upcoming vacation plans.","YES","04/05/2026, 15:43:14"
"ann2","1777802468459tvypz5sqf7l","(one-shot) 'lead' (NOUN_wn:03651265n) 'thin strip of metal used to separate lines of type in printing' —> The typesetter carefully placed a three-point lead between the paragraphs to create the desired vertical spacing.","YES","04/05/2026, 15:43:22"
"ann2","17778024684598lahbeo9nbu","(one-shot) 'warmth' (NOUN_wn:04628192n) 'the trait of being intensely emotional' —> The letter was written with such palpable warmth that it brought tears to her eyes.","YES","04/05/2026, 15:43:37"
"ann2","1777802468459ggqqthyi1rl","(one-shot) 'trick' (NOUN_wn:00099951n) 'an illusory feat; considered magical by naive observers' —> The magician performed a brilliant trick that left the audience amazed.","YES","04/05/2026, 15:43:45"
"ann2","1777802468459bzf36ua5fj6","(one-shot) 'exemplify' (VERB_wn:02723733v) 'be characteristic of' —> Her diligence exemplifies the dedication of the entire team.","YES","04/05/2026, 15:43:56"
"ann2","17778024684591e457vc485e","(one-shot) 'sophistication' (NOUN_wn:04880273n) 'the quality or character of being intellectually sophisticated and worldly through cultivation or experience or disillusionment' —> Years of traveling the globe instilled in her a quiet sophistication that belied her young age.","YES","04/05/2026, 15:44:05"
"ann2","177780246845926zc4r1tzh","(one-shot) 'disagreement' (NOUN_wn:04749709n) 'a difference between conflicting facts or claims or opinions' —> There was a significant disagreement between the two historians regarding the timeline of the ancient empire.","YES","04/05/2026, 15:44:16"
"ann2","17778024684592jgahla8loj","(one-shot) 'minority' (NOUN_wn:05122850n) 'being or relating to the smaller in number of two parts' —> The minority of the votes were cast against the proposal.","YES","04/05/2026, 15:44:28"
"ann2","1777802468459v5adse2guqe","(one-shot) 'appreciation' (NOUN_wn:01218593n) 'a favorable judgment' —> Her portrait received high appreciation from the gallery visitors.","YES","04/05/2026, 15:44:37"
"ann2","1777802468459gycq1a93b9f","(one-shot) 'liable' (ADJ_wn:02362178a) '(often followed by `to') likely to be affected with' —> People who consume excessive amounts of sugar are liable to develop type 2 diabetes.","YES","04/05/2026, 15:44:47"
"ann2","1777802468459wz63nmpuefj","(one-shot) 'refer' (VERB_wn:02676054v) 'be relevant to' —> These statistics do not refer to the current fiscal year.","YES","04/05/2026, 15:45:00"
"ann2","1777802468459aenqvammxkm","(one-shot) 'spell' (VERB_wn:00121387v) 'take turns working' —> We decided to spell each other in driving so neither of us would get too tired.","YES","04/05/2026, 15:45:08"
"ann2","1777802468459x327wtxg7zh","(one-shot) 'extinction' (NOUN_wn:13963032n) 'no longer in existence' —> The meteor impact accelerated the extinction of the dinosaurs.","YES","04/05/2026, 15:45:17"
"ann2","17778024684594zqlttior3r","(one-shot) 'die' (NOUN_wn:03191029n) 'a small cube with 1 to 6 spots on the six faces; used in gambling to generate random numbers' —> He rolled the die to determine his next move in the board game.","YES","04/05/2026, 15:45:27"
"ann2","177780246845925yr58df2in","(one-shot) 'auricle' (NOUN_wn:05323889n) 'the externally visible cartilaginous structure of the external ear' —> The doctor examined the patient's left auricle for signs of infection or trauma.","YES","04/05/2026, 15:45:36"
"ann2","1777802468459iniiun39o1h","(one-shot) 'flare' (NOUN_wn:03357893n) 'a device that produces a bright light for warning or illumination or identification' —> The stranded motorists ignited a flare to signal their position to passing trucks.","YES","04/05/2026, 15:45:43"
"ann2","1777802468459kvozchff65n","(one-shot) 'put_up' (VERB_wn:01570403v) 'place so as to be noticed' —> The museum decided to put up a large banner to announce the upcoming exhibition.","YES","04/05/2026, 15:45:50"
"ann2","177780246845935e9c1wjd38","(one-shot) 'comic' (ADJ_wn:02973392a) 'of or relating to or characteristic of comedy' —> The actor's comic timing in the farce was impeccable.","YES","04/05/2026, 15:45:59"
"ann2","17778024684595xpbohhfo6r","(one-shot) 'take' (VERB_wn:02109045v) 'experience or feel or submit to' —> She had to take the harsh criticism of her manager.","YES","04/05/2026, 15:46:07"
"ann2","17778024684596z77ev15wid","(one-shot) 'security' (NOUN_wn:06685754n) 'a guarantee that an obligation will be met' —> The bank demanded additional security for the substantial loan.","YES","04/05/2026, 15:46:18"
"ann2","1777802468459m66rnz0c2mi","(one-shot) 'physiology' (NOUN_wn:05005064n) 'processes and functions of an organism' —> The student's deep understanding of human physiology allowed her to explain how muscles contract during exercise.","YES","04/05/2026, 15:46:26"
"ann2","1777802468459vr7skrmplx","(one-shot) 'appreciation' (NOUN_wn:00364440n) 'an increase in price or value' —> The significant appreciation in the value of their real estate holdings made them very wealthy.","YES","04/05/2026, 15:46:37"
"ann2","17778024684593v9pfvd4pzb","(one-shot) 'flare' (NOUN_wn:13862644n) 'a shape that spreads outward' —> The skirt has a graceful flare at the hem.","YES","04/05/2026, 15:46:46"
"ann2","1777802468459uqfyhdvbavp","(one-shot) 'induction' (NOUN_wn:07453195n) 'a formal entry into an organization or position or office' —> The coach will host a formal induction for the five new team members tomorrow.","YES","04/05/2026, 15:46:54"
"ann2","1777802468459vfz00t4hpfc","(one-shot) 'rack' (VERB_wn:01960491v) 'go at a rack' —> The old wooden frame will rack if you leave it out in the rain.","YES","04/05/2026, 15:47:04"
"ann2","17778024684595vxhppp3rbg","(one-shot) 'dash' (NOUN_wn:04812871n) 'distinctive and stylish elegance' —> Her outfit had a touch of dash that made her stand out in the crowd.","YES","04/05/2026, 16:33:33"
"ann2","1777802468459ru1r0hn1m3","(one-shot) 'believer' (NOUN_wn:09847727n) 'a person who has religious faith' —> The devout believer knelt in the cathedral to pray.","YES","04/05/2026, 16:33:41"
"ann2","1777802468459dfhwvsjfqj9","(one-shot) 'vicious' (ADJ_wn:01263013a) '(of persons or their actions) able or disposed to inflict pain or suffering' —> The dog's vicious bark startled the postman.","NO","04/05/2026, 16:34:29"
"ann2","1777802468459u6xsm0fwqtd","(one-shot) 'toothed' (ADJ_wn:02247785a) 'notched like a saw with teeth pointing toward the apex' —> The meteorologist identified the air mass boundary as a cold front due to its distinctive toothed shape on the weather map.","YES","04/05/2026, 16:34:40"
"ann2","1777802468459svnym7deh8j","(one-shot) 'sugarcane' (NOUN_wn:12132754n) 'juicy canes whose sap is a source of molasses and commercial sugar; fresh canes are sometimes chewed for the juice' —> The plantation workers harvested the tall sugarcane stalks under the midday sun.","YES","04/05/2026, 16:34:48"
"ann2","1777802468459nrhxo48pzcd","(one-shot) 'consolidate' (VERB_wn:00242747v) 'bring together into a single whole or system' —> The company decided to consolidate its various branches into one central headquarters.","YES","04/05/2026, 16:35:00"
"ann2","1777802468459qhv9vbdpeze","(one-shot) 'choke' (VERB_wn:02423999v) 'check or slow down the action or effect of' —> The regulator will help choke inflation.","YES","04/05/2026, 16:35:07"
"ann2","1777802468459o4x9wu1pi4","(one-shot) 'earthy' (ADJ_wn:01317362a) 'hearty and lusty' —> The meal was an earthy feast of roasted roots and dark bread.","YES","04/05/2026, 16:35:25"
"ann2","1777802468459pi3vyx2ohks","(one-shot) 'detachment' (NOUN_wn:14415518n) 'the state of being isolated or detached' —> The remote village existed in a state of complete detachment from the rest of the world.","YES","04/05/2026, 16:35:36"
"ann2","177780246845966rg70sdyc7","(one-shot) 'ignorant' (ADJ_wn:00830981a) 'uneducated in the fundamentals of a given art or branch of learning; lacking knowledge of a specific field' —> Despite his PhD, he remained ignorant of basic gardening principles.","YES","04/05/2026, 16:35:45"
"ann2","1777802468459m1yy3ojaal","(one-shot) 'defy' (VERB_wn:00868097v) 'challenge' —> The rebels defy the government's unjust laws.","YES","04/05/2026, 16:35:57"
"ann2","1777802468459jzi9aueyxh","(one-shot) 'concern' (NOUN_wn:05832264n) 'something or someone that causes anxiety; a source of unhappiness' —> The new safety regulations are a major concern for the manufacturing team.","YES","04/05/2026, 16:36:05"
"ann2","1777802468459mtrw3lasczk","(one-shot) 'squad' (NOUN_wn:08208560n) 'a cooperative unit (especially in sports)' —> The entire squad gathered on the field to celebrate their hard-earned victory.","YES","04/05/2026, 16:36:13"
"ann2","1777802468459310xyue823j","(one-shot) 'radiate' (VERB_wn:00291163v) 'send out real or metaphoric rays' —> The fireplace began to radiate a comforting warmth into the chilly room.","YES","04/05/2026, 16:36:23"
"ann2","1777802468459im2qw12902","(one-shot) 'land' (NOUN_wn:08166552n) 'the people who live in a nation or country' —> The land voted to elect a new representative.","YES","04/05/2026, 16:36:34"
"ann2","1777802468459rq5kzz5ff","(one-shot) 'sprawl' (VERB_wn:02032227v) 'go, come, or spread in a rambling or irregular way' —> The old garden walls sprawl across the overgrown property.","YES","04/05/2026, 16:36:41"
"ann2","1777802468459h1ln5oa7f4","(one-shot) 'bosom' (NOUN_wn:02876084n) 'cloth that covers the chest or breasts' —> She adjusted the stiff bosom of her vintage corset to ensure it lay flat against her chest.","YES","04/05/2026, 16:36:52"
"ann2","1777802468459ghwmcsp1gcp","(one-shot) 'draw' (VERB_wn:01643297v) 'earn or achieve a base by being walked by the pitcher' —> The batter managed to draw a walk on four balls.","YES","04/05/2026, 16:37:00"
"ann2","177780246845925cbmy2sp49","(one-shot) 'take_up' (VERB_wn:01982395v) 'occupy or take on' —> The new sofa takes up most of the space in the living room.","YES","04/05/2026, 16:37:10"
"ann2","1777802468459g24687xjca","(one-shot) 'tolerant' (ADJ_wn:02436341a) 'showing respect for the rights or opinions or practices of others' —> She has always been tolerant of her neighbor's unconventional lifestyle choices.","YES","04/05/2026, 16:37:19"
"ann2","17778024684590ktsiprhik2","(one-shot) 'cause' (NOUN_wn:07326557n) 'events that provide the generative force that is the origin of something' —> Scientists are still investigating the underlying cause of the mysterious outbreak.","YES","04/05/2026, 16:37:28"
"ann2","1777802468459ksmvi04rr3","(one-shot) 'septum' (NOUN_wn:05222940n) '(anatomy) a dividing partition between two tissues or cavities' —> The surgeon carefully repaired the damaged nasal septum to restore proper airflow.","YES","04/05/2026, 16:37:38"
"ann2","177780246845952ca7mam1sm","(one-shot) 'invention' (NOUN_wn:03582658n) 'a creation (a new device or process) resulting from study and experimentation' —> The steam engine was a groundbreaking invention that revolutionized transportation.","YES","04/05/2026, 16:37:47"
"ann2","1777802468459i99r4yl4r7n","(one-shot) 'book' (VERB_wn:02599754v) 'register in a hotel booker' —> She plans to book a room at the downtown hotel for her business trip.","YES","04/05/2026, 16:37:58"
"ann2","1777802468459nbz8z6x51","(one-shot) 'course_of_study' (NOUN_wn:00884466n) 'education imparted in a series of lessons or meetings' —> She enrolled in a rigorous course of study to become a certified accountant.","YES","04/05/2026, 16:38:08"
"ann2","17778024684592w6jojxcc28","(one-shot) 'dim' (ADJ_wn:00440579a) 'slow to learn or understand; lacking intellectual acuity; ; ; - Thackeray' —> The dim student struggled to grasp the basic concepts of algebra despite the teacher's patient explanations.","YES","04/05/2026, 16:38:15"
"ann2","17778024684593rxu80x6t2l","(one-shot) 'draw' (VERB_wn:02628832v) 'require a specified depth for floating' —> The large vessel draws twenty feet of water.","YES","04/05/2026, 16:38:23"
"ann2","17778024684597fjfhceplrv","(one-shot) 'advance' (VERB_wn:01111028v) 'obtain advantages, such as points, etc.' —> The chess player managed to advance several pawns across the board.","NO","04/05/2026, 16:38:36"
"ann2","1777802468459qj6610qcorl","(one-shot) 'touch' (NOUN_wn:00046522n) 'the act of putting two things together with no space between them' —> The brush made barely a touch with the canvas.","YES","04/05/2026, 16:38:45"
"ann2","1777802468459s321517mry","(one-shot) 'crown' (NOUN_wn:03138856n) 'a wreath or garland worn on the head to signify victory' —> The ancient athlete was honored with a laurel crown for his victory in the games.","YES","04/05/2026, 16:38:54"
"ann2","17778024684596mcrfzdjtab","(one-shot) 'exact' (ADJ_wn:00914421a) 'marked by strict and particular and complete accordance with fact' —> The architect required the exact measurements to ensure the new wing fit perfectly.","YES","04/05/2026, 16:39:03"
"ann2","1777802468459dpkna07v7jq","(one-shot) 'energetic' (ADJ_wn:00885099a) 'working hard to promote an enterprise' —> The energetic board member spent every weekend promoting the new startup.","YES","04/05/2026, 16:39:13"
"ann2","1777802468459le2852nh9vb","(one-shot) 'orient' (NOUN_wn:08562620n) 'the countries of Asia' —> The crew looked toward the Orient, hoping to find clear skies for their voyage.","YES","04/05/2026, 16:39:24"
"ann2","1777802468459i3tq6n4ykyp","(one-shot) 'nova_scotia' (NOUN_wn:08826306n) 'the Canadian province in the Maritimes consisting of the Nova Scotia peninsula and Cape Breton Island; French settlers who called the area Acadia were exiled to Louisiana by the British in the 1750s and their descendants are know as Cajuns' —> My family moved from the bustling streets of Halifax to a quiet fishing village in Nova Scotia to enjoy the slower pace of coastal life.","YES","04/05/2026, 16:39:34"
"ann2","1777802468459ubquq0omuh","(one-shot) 'tap' (NOUN_wn:07410021n) 'a gentle blow' —> He gave his friend's shoulder a gentle tap to get his attention.","YES","04/05/2026, 16:39:44"
"ann2","177780246845944zkk82n791","(one-shot) 'show' (VERB_wn:00922867v) 'indicate a certain reading; of gauges and instruments' —> The pressure gauge is showing a dangerous level.","YES","04/05/2026, 16:39:52"
"ann2","17778024684590s3yxtknu05g","(one-shot) 'suffering' (NOUN_wn:14448910n) 'misery resulting from affliction' —> The refugees carried with them the deep suffering caused by years of war and displacement.","YES","04/05/2026, 16:40:01"
"ann2","1777802468459imhhjurs2gn","(one-shot) 'bless' (VERB_wn:02264075v) 'confer prosperity or happiness on' —> May the seasons bless your fields with abundance.","YES","04/05/2026, 16:40:10"
"ann2","17778024684591og9uxcx3n1","(one-shot) 'call' (NOUN_wn:01055493n) 'a visit in an official or professional capacity' —> The governor scheduled a call at the hospital to inspect the new wing.","YES","04/05/2026, 16:40:21"
"ann2","1777802468459ckybr7qz6x","(one-shot) 'slow' (VERB_wn:00439958v) 'lose velocity; move more slowly' —> The car began to slow as it approached the intersection.","YES","04/05/2026, 16:40:31"
"ann2","1777802468459fivzrp6mwwv","(one-shot) 'dubious' (ADJ_wn:00338013a) 'fraught with uncertainty or doubt' —> The company's financial projections were met with a dubious sense of caution by the board members.","YES","04/05/2026, 16:40:49"
"ann2","1777802468459zhbrp6ywmp","(one-shot) 'refer' (VERB_wn:01952898v) 'send or direct for treatment, information, or a decision' —> The doctor will refer the patient to a specialist for further evaluation.","YES","04/05/2026, 16:40:57"
"ann2","1777802468459sani53gn2yh","(one-shot) 'preserve' (VERB_wn:02682773v) 'keep undisturbed for personal or private use for hunting, shooting, or fishing' —> The wealthy landowner chose to preserve the forest for his own hunting expeditions.","YES","04/05/2026, 16:41:04"
"ann2","1777802468459nidzg4pod9e","(one-shot) 'access' (NOUN_wn:02671062n) 'a way of entering or leaving' —> The only access to the island was a narrow, winding path through the dense forest.","YES","04/05/2026, 16:41:15"
"ann2","1777802468459voz514lkl2i","(one-shot) 'thorax' (NOUN_wn:02665543n) 'part of an insect's body that bears the wings and legs' —> The beetle's thorax supports its six legs and two pairs of wings.","YES","04/05/2026, 16:41:24"
"ann2","17778024684599gzzsdcdro6","(one-shot) 'launch' (VERB_wn:01515196v) 'get going; give impetus to' —> The new project will launch next month.","YES","04/05/2026, 16:41:35"
"ann2","1777802468459dxk1xs6jkjh","(one-shot) 'break_up' (VERB_wn:01785579v) 'suffer a nervous breakdown' —> After months of relentless pressure and isolation, the brilliant mathematician finally broke up.","YES","04/05/2026, 16:41:51"
"ann2","17778024684592b8y9wha6hh","(one-shot) 'spark' (NOUN_wn:13773539n) 'a small but noticeable trace of some quality that might become stronger' —> There was a distinct spark of creativity in her latest design proposal.","YES","04/05/2026, 16:41:58"
"ann2","1777802468459vegdkubl8n","(one-shot) 'bead' (NOUN_wn:13901585n) 'a shape that is spherical and small' —> She carefully threaded the red bead onto the string.","YES","04/05/2026, 16:42:10"
"ann2","1777802468459s7gxy6z7t7d","(one-shot) 'unit' (NOUN_wn:09465459n) 'a single undivided natural thing occurring in the composition of something else' —> Air is composed of many small units called molecules.","YES","04/05/2026, 16:42:19"
"ann2","1777802468459y5t08zcxjid","(one-shot) 'charge' (VERB_wn:00869931v) 'file a formal charge against' —> The District Attorney decided to charge the defendant with grand theft.","YES","04/05/2026, 16:42:29"
"ann2","17778024684591otq7fwi27o","(one-shot) 'stick' (VERB_wn:01220885v) 'come or be in close contact with; stick or hold together and resist separation' —> The wet clay stuck to my fingers.","YES","04/05/2026, 16:42:38"
"ann2","1777802468459f9iy0vd4e1f","(one-shot) 'absolute' (ADJ_wn:00005205a) 'perfect or complete or pure' —> The silence in the room was absolute.","YES","04/05/2026, 16:42:46"
"ann2","1777802468459mopcg7c2a1s","(one-shot) 'diffuse' (VERB_wn:02060141v) 'move outward' —> The aroma of fresh coffee begins to diffuse through the hallway.","YES","04/05/2026, 16:42:57"
"ann2","1777802468459v1khwgiya","(one-shot) 'clear' (VERB_wn:02208409v) 'sell' —> The store managed to clear all the holiday inventory by December.","YES","04/05/2026, 16:43:07"
"ann2","1777802468459nddnjvlltxq","(one-shot) 'tap' (NOUN_wn:00654400n) 'the act of tapping a telephone or telegraph line to get information' —> The police discovered the illegal tap on the suspect's communication lines during their raid.","YES","04/05/2026, 16:43:17"
"ann2","17778024684591ggctmq4k2r","(one-shot) 'dip' (NOUN_wn:07582609n) 'tasty mixture or liquid into which bite-sized foods are dipped' —> The waiter brought a tray of warm, spicy dip to accompany the fresh tortilla chips.","YES","04/05/2026, 16:43:25"
"ann2","1777802468459wzty6on9rt","(one-shot) 'elimination' (NOUN_wn:00223720n) 'the murder of a competitor' —> The spy's sudden elimination from the race was suspected to be an act of corporate sabotage.","YES","04/05/2026, 16:43:36"
"ann2","17778024684594va3riooiom","(one-shot) 'streak' (NOUN_wn:08460585n) 'an unbroken series of events' —> The basketball player was on an impressive winning streak during the playoffs.","YES","04/05/2026, 16:43:46"
"ann2","1777802468459etwu1o3mphj","(one-shot) 'ground' (VERB_wn:02022359v) 'hit or reach the ground' —> The biplane ground on the runway.","WRONG","04/05/2026, 16:44:00"
"ann2","17778024684593yz8ycdtuwy","(one-shot) 'utter' (VERB_wn:00940384v) 'articulate; either verbally or with a cry, shout, or noise' —> She could not utter a single word during the interrogation.","YES","04/05/2026, 16:44:11"
"ann2","1777802468459aigzxx7et8","(one-shot) 'snap' (VERB_wn:01003249v) 'record on photographic film' —> He decided to snap a quick photo of the sunset.","YES","04/05/2026, 16:44:19"
"ann2","1777802468459tol30cjmhnh","(one-shot) 'disobedient' (ADJ_wn:02330762a) 'unwilling to submit to authority' —> The disobedient student refused to follow the teacher's instructions.","YES","04/05/2026, 16:44:27"
"ann2","1777802468459xrtdofmqrv8","(one-shot) 'suffocate' (VERB_wn:01569181v) 'deprive of oxygen and prevent from breathing' —> The thick smoke began to suffocate the people trapped inside the burning building.","YES","04/05/2026, 16:44:37"
"ann2","1777802468459fv3kjx5vbwr","(one-shot) 'inflate' (VERB_wn:00562523v) 'increase the amount or availability of, creating a rise in value' —> The central bank decided to inflate the money supply to stimulate economic activity.","YES","04/05/2026, 16:44:54"
"ann2","1777802468459j1bydzokz1","(one-shot) 'fault' (NOUN_wn:14464203n) 'an imperfection in an object or machine' —> The mechanic identified a small fault in the engine's timing belt.","YES","04/05/2026, 16:45:02"