"Annotator","Item ID","Content","Annotation","Timestamp"
"ann1","177756464655836415y1fpnx","(one-shot) 'advance' (VERB_wn:01992503v) 'move forward, also in the metaphorical sense' —> The soldiers advanced cautiously toward the enemy fortifications.","YES","07/05/2026, 16:56:14"
"ann1","1777564646558aguxkze2fpl","(one-shot) 'take_away' (VERB_wn:00173338v) 'remove something concrete, as by lifting, pushing, or taking off, or remove something abstract' —> The waiter took away the empty plates once the guests had finished their meal.","YES","07/05/2026, 16:56:20"
"ann1","17775646465580uyrfesb04ub","(one-shot) 'pay_off' (VERB_wn:02292004v) 'yield a profit or result' —> All those long hours of studying finally paid off when she received her doctorate.","YES","07/05/2026, 16:56:23"
"ann1","1777564646558v49chn3exwj","(one-shot) 'specify' (VERB_wn:00709379v) 'design or destine' —> The architect specified the layout of the new library to ensure maximum accessibility.","YES","07/05/2026, 16:56:27"
"ann1","1777564646558v50p7qx5hwp","(one-shot) 'charge' (NOUN_wn:13400798n) 'financial liabilities (such as a tax)' —> The government decided to implement a new service charge on all international transactions.","YES","07/05/2026, 16:56:31"
"ann1","1777564646558tujwtpp3wxc","(one-shot) 'romantic' (ADJ_wn:02789151a) 'belonging to or characteristic of Romanticism or the Romantic Movement in the arts' —> The museum's new exhibition showcases several romantic landscape paintings from the early nineteenth century.","YES","07/05/2026, 16:56:44"
"ann1","1777564646558o755x8iqv1h","(one-shot) 'singular' (ADJ_wn:02182862a) 'grammatical number category referring to a single item or unit' —> The noun 'apple' is used in the singular form when referring to one piece of fruit.","YES","07/05/2026, 16:56:48"
"ann1","17775646465586d7fcw1te0d","(one-shot) 'suggest' (VERB_wn:00928232v) 'suggest the necessity of an intervention; in medicine' —> The patient's abnormal blood test results suggest immediate surgical intervention.","YES","07/05/2026, 16:56:52"
"ann1","1777564646558t4kd8d3s1z","(one-shot) 'wish' (NOUN_wn:07486229n) 'a specific feeling of desire' —> She expressed a heartfelt wish to travel the world after graduation.","YES","07/05/2026, 16:56:58"
"ann1","1777564646558wap83rgmzr","(one-shot) 'dial' (NOUN_wn:03186696n) 'the face of a timepiece; graduated to show the hours' —> The dust had settled so thickly on the antique clock's dial that the Roman numerals were barely visible.","YES","07/05/2026, 16:57:05"
"ann1","1777564646558337wrtenw7","(one-shot) 'will' (NOUN_wn:06544142n) 'a legal document declaring a person's wishes regarding the disposal of their property when they die' —> The lawyer advised the elderly man to update his will to include his grandchildren.","YES","07/05/2026, 16:57:16"
"ann1","17775646465587sqbr8qgnku","(one-shot) 'orientation' (NOUN_wn:06208021n) 'an integrated set of attitudes and beliefs' —> The political orientation of the candidate appealed to a wide range of voters.","YES","07/05/2026, 16:57:29"
"ann1","1777564646558ttyfvajdxa","(one-shot) 'recession' (NOUN_wn:01249991n) 'the act of ceding back' —> The recession of the occupied territory occurred after the peace treaty was signed.","YES","07/05/2026, 16:57:34"
"ann1","1777564646558rtxcwuj4fi","(one-shot) 'get_on' (VERB_wn:01849983v) 'grow late or (of time) elapse' —> We should head home since it's getting on.","YES","07/05/2026, 16:57:43"
"ann1","1777564646558zc0gj6lho8r","(one-shot) 'carrier' (NOUN_wn:09897350n) '(medicine) a person (or animal) who has some pathogen to which he is immune but who can pass it on to others' —> The healthy-looking patient was a silent carrier of the bacteria, unknowingly infecting everyone in the clinic.","YES","07/05/2026, 16:57:48"
"ann1","1777564646558qx1qe17ag5","(one-shot) 'hut' (NOUN_wn:03547054n) 'small crude shelter used as a dwelling' —> The hikers spent the rainy night huddled inside a small bamboo hut on the mountainside.","YES","07/05/2026, 16:57:53"
"ann1","17775646465580dvu58r3w3p6","(one-shot) 'observation' (NOUN_wn:05703429n) 'the act of noticing or paying attention' —> Her careful observation of the bird's behavior revealed a unique mating ritual.","YES","07/05/2026, 16:57:58"
"ann1","177756464655855o27sxvup","(one-shot) 'dimensional' (ADJ_wn:00660313a) 'having dimension--the quality or character or stature proper to a person; - Norman Cousins' —> The veteran statesman possessed a dimensional presence that commanded immediate respect from everyone in the room.","YES","07/05/2026, 16:58:08"
"ann1","1777564646558kjrmsvkwbkn","(one-shot) 'shower' (VERB_wn:02757651v) 'rain abundantly' —> Heavy clouds gathered over the valley before the skies began to shower the parched earth.","YES","07/05/2026, 16:58:13"
"ann1","17775646465584h31p8yk32i","(one-shot) 'put_down' (VERB_wn:01981036v) 'cause to come to the ground' —> The exhausted hiker finally put down his heavy backpack.","YES","07/05/2026, 16:58:18"
"ann1","17775646465585b78wyzpgxe","(one-shot) 'passage' (NOUN_wn:00865600n) 'a bodily reaction of changing from one place or stage to another' —> The baby's passage through the birth canal was long and arduous.","YES","07/05/2026, 16:58:39"
"ann1","17775646465588pqbzf5nf4c","(one-shot) 'dull' (ADJ_wn:00036998a) '(of business) not active or brisk' —> Trade remained dull throughout the holiday weekend.","YES","07/05/2026, 16:58:46"
"ann1","1777564646558xoovygcl3yp","(one-shot) 'keep_up' (VERB_wn:01113975v) 'maintain a required pace or level' —> The young athlete struggled to keep up with the lead runners during the final lap.","YES","07/05/2026, 16:58:50"
"ann1","1777564646558rkasomrp58b","(one-shot) 'interior' (ADJ_wn:00952867a) 'situated within or suitable for inside a building' —> The designer selected a soft cream paint for the interior walls of the living room.","YES","07/05/2026, 16:58:54"
"ann1","1777564646558mlxthqejk8s","(one-shot) 'interpreter' (NOUN_wn:10638385n) 'an advocate who represents someone else's policy or purpose' —> The diplomat acted as a skilled interpreter of the president's foreign policy during the summit.","YES","07/05/2026, 16:58:58"
"ann1","177756464655833ih986naqh","(one-shot) 'contradictory' (ADJ_wn:02356579a) 'that confounds or contradicts or confuses' —> The witness provided contradictory testimony that left the jury perplexed.","YES","07/05/2026, 16:59:13"
"ann1","1777564646558w0gl9i3syql","(one-shot) 'pupil' (NOUN_wn:10665698n) 'a learner who is enrolled in an educational institution' —> The dedicated teacher spent her afternoon grading essays submitted by every pupil in the classroom.","YES","07/05/2026, 16:59:26"
"ann1","17775646465580e7dpyi6sab","(one-shot) 'suffer' (VERB_wn:02719807v) 'be given to' —> He suffers from frequent bouts of inexplicable melancholy.","YES","07/05/2026, 16:59:37"
"ann1","1777564646558sdghyu8a4l9","(one-shot) 'balcony' (NOUN_wn:02777734n) 'a platform projecting from the wall of a building and surrounded by a balustrade or railing or parapet' —> She sipped her morning coffee while watching the sunrise from the small balcony of her apartment.","YES","07/05/2026, 16:59:53"
"ann1","1777564646558so75llawzgl","(one-shot) 'runner' (NOUN_wn:10542888n) 'a trained athlete who competes in foot races' —> The professional runner sprinted toward the finish line to secure the gold medal.","YES","07/05/2026, 16:59:59"
"ann1","1777564646558aw4pncm2s0s","(one-shot) 'split' (NOUN_wn:04282664n) '(tenpin bowling) a divided formation of pins left standing after the first bowl' —> The bowler groaned in frustration after leaving a difficult split on his final frame.","YES","07/05/2026, 17:00:04"
"ann1","1777564646558cx8hf38avr7","(one-shot) 'interruption' (NOUN_wn:00383952n) 'an act of delaying or interrupting the continuity' —> The sudden power outage caused a frustrating interruption to the live broadcast.","YES","07/05/2026, 17:00:10"
"ann1","17775646465581rrr7luwtmqj","(one-shot) 'aid' (NOUN_wn:00654885n) 'the work of providing treatment for or attending to someone or something' —> The lifeguard rushed to the beach to provide first aid to the injured swimmer.","YES","07/05/2026, 17:00:14"
"ann1","1777564646558pa94xw0lbgc","(one-shot) 'sheer' (ADJ_wn:01145422a) 'very steep; having a prominent and almost vertical front' —> The hikers paused in awe before the sheer cliff face that towered above the valley.","YES","07/05/2026, 17:00:24"
"ann1","1777564646558246m1x6mj0si","(one-shot) 'enclose' (VERB_wn:01587062v) 'surround completely' —> A high stone wall encloses the private garden.","YES","07/05/2026, 17:00:32"
"ann1","1777564646558i3turxkx9x","(one-shot) 'dip' (NOUN_wn:13892897n) '(physics) the angle that a magnetic needle makes with the plane of the horizon' —> The navigator carefully measured the magnetic dip to determine the vessel's current latitude.","YES","07/05/2026, 17:00:46"
"ann1","1777564646558cl5hlu9y2as","(one-shot) 'slash' (VERB_wn:01322675v) 'cut with sweeping strokes; as with an ax or machete' —> The hiker had to slash through the dense jungle vines to clear a path.","YES","07/05/2026, 17:01:06"
"ann1","17775646465587lxkshs6p2d","(one-shot) 'choice' (NOUN_wn:05790242n) 'the person or thing chosen or selected' —> After reviewing all the candidates, the committee decided that she was the best choice for the position.","YES","07/05/2026, 17:01:23"
"ann1","1777564646558j78vzzg1evl","(one-shot) 'business' (NOUN_wn:01096245n) 'the volume of commercial activity' —> The company reported a significant increase in business during the holiday season.","YES","07/05/2026, 17:01:27"
"ann1","1777564646558qw7ozbpvs1","(one-shot) 'view' (NOUN_wn:05127782n) 'the range of interest or activity that can be anticipated' —> The new project expanded the team's professional view to include sustainable energy solutions.","YES","07/05/2026, 17:01:33"
"ann1","177756464655805nu0lmem5lr","(one-shot) 'spur' (NOUN_wn:13089135n) 'tubular extension at the base of the corolla in some flowers' —> The hummingbird hovered steadily, inserting its long beak into the nectar-filled spur of the columbine flower.","YES","07/05/2026, 17:01:43"
"ann1","1777564646558omnaq0k5gln","(one-shot) 'wicked' (ADJ_wn:01513050a) 'intensely or extremely bad or unpleasant in degree or quality' —> The villagers suffered through a wicked winter that froze the river solid.","YES","07/05/2026, 17:01:54"
"ann1","1777564646558kx9lgs4ppah","(one-shot) 'award' (NOUN_wn:06696483n) 'a tangible symbol signifying approval or distinction' —> The actress proudly displayed the gold award on her mantelpiece.","YES","07/05/2026, 17:02:06"
"ann1","1777564646558zglhvbcecad","(one-shot) 'program' (VERB_wn:01747717v) 'write a computer program' —> She spent the entire weekend programming a new mobile application.","YES","07/05/2026, 17:02:12"
"ann1","1777564646558g4v62spl4xp","(one-shot) 'conform' (VERB_wn:02662979v) 'be similar, be in line with' —> The new building's architecture does not conform to the traditional style of the neighborhood.","YES","07/05/2026, 17:02:20"
"ann1","1777564646558f8dzsbeqdy5","(one-shot) 'bend' (VERB_wn:01280014v) 'cause (a plastic object) to assume a crooked or angular form' —> The technician used a heat gun to bend the PVC pipe into a right angle.","YES","07/05/2026, 17:02:31"
"ann1","1777564646558k8ab9y4oat","(one-shot) 'represent' (VERB_wn:02620587v) 'form or compose' —> Women represent half of the company's workforce.","YES","07/05/2026, 17:02:35"
"ann1","1777564646558suc9hm3jrc","(one-shot) 'tone' (NOUN_wn:04986883n) '(linguistics) a pitch or change in pitch of the voice that serves to distinguish words in tonal languages' —> In Mandarin Chinese, a change in tone can completely alter the meaning of a word.","YES","07/05/2026, 17:02:41"
"ann1","17775646465584epxs6ojg7r","(one-shot) 'jack' (NOUN_wn:03589672n) 'a small ball at which players aim in lawn bowling' —> The bowler carefully rolled his weighted ball toward the small white jack.","YES","07/05/2026, 17:02:51"
"ann1","1777564646558tci1tgpexf9","(one-shot) 'hours' (NOUN_wn:05131023n) 'distance measured by the time taken to cover it' —> The remote village is several hours from the nearest city.","YES","07/05/2026, 17:04:23"
"ann1","17775646465583i51sumynj8","(one-shot) 'replacement' (NOUN_wn:10671736n) 'a person who follows next in order' —> The retiring CEO spent several weeks training his replacement to ensure a smooth transition of power.","YES","07/05/2026, 17:04:30"
"ann1","1777564646558ao5cj3l7ock","(one-shot) 'band' (NOUN_wn:02785365n) 'a thin flat strip or loop of flexible material that goes around or over something else, typically to hold it together or as a decoration' —> She tightened the rubber band around the stack of envelopes to keep them from sliding apart.","YES","07/05/2026, 17:04:48"
"ann1","1777564646558xdlil7e4s7","(one-shot) 'flare' (NOUN_wn:00150097n) '(baseball) a fly ball hit a short distance into the outfield' —> The shortstop scrambled backward to catch the shallow flare before it could hit the grass.","YES","07/05/2026, 17:11:52"
"ann1","1777564646558lhrxxib1o3","(one-shot) 'prescription' (NOUN_wn:03999280n) 'a drug that is available only with written instructions from a doctor or dentist to a pharmacist' —> The pharmacist told me that my prescription would be ready for pickup in twenty minutes.","YES","07/05/2026, 17:11:57"
"ann1","1777564646558lzzgaxfq99","(one-shot) 'allied' (ADJ_wn:02612787a) 'of or relating to or denoting the Allies in World War I' —> The allied forces coordinated a massive offensive during the final months of the conflict.","YES","07/05/2026, 17:12:01"
"ann1","1777564646558oviga2bns0h","(one-shot) 'adjacent' (ADJ_wn:00447472a) 'nearest in space or position; immediately adjoining without intervening space' —> The bookstore is located in the building adjacent to the post office.","YES","07/05/2026, 17:12:05"
"ann1","17775646465585bewls320m2","(one-shot) 'parsley' (NOUN_wn:12942395n) 'annual or perennial herb with aromatic leaves' —> The chef sprinkled freshly chopped parsley over the grilled salmon to add a burst of color and flavor.","YES","07/05/2026, 17:12:10"
"ann1","177756464655807ehq1emucu","(one-shot) 'settle' (VERB_wn:00342164v) 'come as if by falling' —> Thick dust settled on the old bookshelves.","YES","07/05/2026, 17:12:14"
"ann1","17775646465586qnwfpydk5g","(one-shot) 'association' (NOUN_wn:13930385n) 'a social or business relationship' —> The company's strong association with luxury brands has helped them attract a wealthier clientele.","YES","07/05/2026, 17:12:23"
"ann1","1777564646558slb6y5irub","(one-shot) 'wedge' (NOUN_wn:04569983n) 'a heel that is an extension of the sole of the shoe' —> She decided to wear a pair of stylish wedges to the garden party for extra stability on the grass.","YES","07/05/2026, 17:12:39"
"ann1","1777564646558nno8iez524","(one-shot) 'cyprus' (NOUN_wn:08756884n) 'a country on the island of Cyprus; 80% of the people are of Greek origin and 20% or Turkish origin' —> Cyprus is known for its stunning beaches and rich Mediterranean heritage.","YES","07/05/2026, 17:12:44"
"ann1","1777564646558rw19tz1v94e","(one-shot) 'hitch' (NOUN_wn:03520811n) 'any obstruction that impedes or is burdensome' —> The relocation process went smoothly, without a single hitch.","YES","07/05/2026, 17:12:49"
"ann1","1777564646558rv9391xir3","(one-shot) 'flare' (NOUN_wn:03357893n) 'a device that produces a bright light for warning or illumination or identification' —> The stranded sailors ignited a red flare to signal the passing ship for rescue.","YES","07/05/2026, 17:12:54"
"ann1","177756464655839z5u9yfx45","(one-shot) 'charge' (VERB_wn:02348568v) 'cause to be admitted; of persons to an institution' —> The judge decided to charge the defendant to a psychiatric facility for evaluation.","YES","07/05/2026, 17:12:59"
"ann1","1777564646558kj8ppz8k5qs","(one-shot) 'title' (NOUN_wn:05175904n) 'an informal right to something' —> Although he had no legal paperwork, he claimed a title to the ancestral land based on generations of family occupation.","YES","07/05/2026, 17:13:14"
"ann1","1777564646558yy3hq4w3iis","(one-shot) 'adolescent' (ADJ_wn:01490061a) 'in the state of development between puberty and maturity' —> The adolescent boy struggled with the sudden emotional changes brought on by his growth spurt.","YES","07/05/2026, 17:13:36"
"ann1","1777564646558tgldvtora1e","(one-shot) 'carnivore' (NOUN_wn:01324431n) 'any animal that feeds on flesh' —> The lion is a powerful carnivore that hunts zebra and wildebeest on the African savanna.","YES","07/05/2026, 17:13:50"
"ann1","1777564646558m5fze8b0yb","(one-shot) 'lonely' (ADJ_wn:02251212a) 'lacking companions or companionship' —> The lonely old man spent his evenings reading by the fireplace.","YES","07/05/2026, 17:13:55"
"ann1","17775646465581bzo9d9m02","(one-shot) 'reinforcement' (NOUN_wn:01219551n) 'an act performed to strengthen approved behavior' —> The teacher used gold stars as positive reinforcement to encourage the students to stay on task.","YES","07/05/2026, 17:14:02"
"ann1","1777564646558l87k1x730ir","(one-shot) 'curse' (NOUN_wn:07160424n) 'an evil spell' —> The ancient sorceress cast a powerful curse upon the kingdom to ensure its eternal slumber.","YES","07/05/2026, 17:14:09"
"ann1","17775646465583bhclbxotzh","(one-shot) 'spread_out' (VERB_wn:02077148v) 'extend in one or more directions' —> The picnic blanket spread out across the green grass.","YES","07/05/2026, 17:14:16"
"ann1","1777564646558huu1uk6vjsk","(one-shot) 'error' (NOUN_wn:07299569n) '(computer science) the occurrence of an incorrect result produced by a computer' —> The software developer spent the entire afternoon debugging a critical runtime error that caused the application to crash.","YES","07/05/2026, 17:14:31"
"ann1","1777564646558nflanfv9af","(one-shot) 'arch' (NOUN_wn:02734217n) 'a passageway under a curved masonry construction' —> The carriage rattled loudly as it passed beneath the stone arch of the ancient city gate.","YES","07/05/2026, 17:14:50"
"ann1","1777564646558n0bu3f5zkb","(one-shot) 'rewrite' (VERB_wn:01700934v) 'rewrite so as to make fit to suit a new or different purpose' —> The editor asked the author to rewrite the academic paper into a blog post for a general audience.","YES","07/05/2026, 17:14:58"
"ann1","1777564646558joxw0nal6u","(one-shot) 'screen' (NOUN_wn:04151940n) 'a covering that serves to conceal or shelter something' —> She pulled the folding screen across the room to create a private dressing area.","YES","07/05/2026, 17:15:04"
"ann1","1777564646558qmkbip7onyn","(one-shot) 'deliberation' (NOUN_wn:05785067n) 'careful consideration' —> After hours of intense deliberation, the jury finally reached a unanimous verdict.","YES","07/05/2026, 17:15:11"
"ann1","17775646465580ulsz0fqh6dg","(one-shot) 'every' (ADJ_wn:02270186a) 'each and all of a series of entities or intervals as specified' —> Every student in the classroom passed the final exam.","YES","07/05/2026, 17:15:17"
"ann1","1777564646558gvqubm23178","(one-shot) 'digit' (NOUN_wn:13741022n) 'one of the elements that collectively form a system of numeration' —> The binary system represents every number using only two possible digits, zero and one.","YES","07/05/2026, 17:15:23"
"ann1","1777564646558k3jd6yfr7dj","(one-shot) 'lead' (VERB_wn:02440244v) 'be in charge of' —> She was chosen to lead the research team for the new project.","YES","07/05/2026, 17:15:26"
"ann1","1777564646558rivk8fejzy","(one-shot) 'amorous' (ADJ_wn:01465061a) 'inclined toward or displaying love' —> The amorous couple spent the entire evening gazing into each other's eyes.","YES","07/05/2026, 17:15:29"
"ann1","1777564646558deaof05c35c","(one-shot) 'fall' (NOUN_wn:07478531n) 'the lapse of mankind into sinfulness because of the sin of Adam and Eve' —> Many theologians argue that the fall brought about an inherent corruption of human nature.","YES","07/05/2026, 17:15:36"
"ann1","1777564646558go84qksu2mo","(one-shot) 'jerk' (VERB_wn:00009631v) 'make an uncontrolled, short, jerky motion' —> The startled horse jerked its head away from the loud noise.","YES","07/05/2026, 17:15:44"
"ann1","17775646465585d0scsawuf7","(one-shot) 'dialogue' (NOUN_wn:07136206n) 'a conversation between two persons' —> The diplomatic dialogue between the two leaders lasted for several hours before an agreement was reached.","YES","07/05/2026, 17:15:59"
"ann1","1777564646558ppfeq7ox739","(one-shot) 'dash' (NOUN_wn:00294452n) 'a quick run' —> The athlete made a final dash toward the finish line to secure the gold medal.","YES","07/05/2026, 17:16:05"
"ann1","17775646465582axiblf9awt","(one-shot) 'opposite' (ADJ_wn:02070887a) 'being directly across from each other; facing; - Longfellow' —> The bakery is located on the opposite side of the street from the library.","YES","07/05/2026, 17:16:09"
"ann1","1777564646558tbyxmino2qf","(one-shot) 'wind' (VERB_wn:01882814v) 'to move or cause to move in a sinuous, spiral, or circular course' —> The narrow road winds through the mountain pass.","YES","07/05/2026, 17:16:19"
"ann1","17775646465581uwxoef4s2h","(one-shot) 'annul' (VERB_wn:02478059v) 'declare invalid' —> The judge decided to annul the marriage after discovering the fraud.","YES","07/05/2026, 17:16:23"
"ann1","1777564646558m3ch20gllzj","(one-shot) 'operational' (ADJ_wn:03014288a) 'pertaining to a process or series of actions for achieving a result' —> The company is developing a new operational strategy to increase quarterly production.","YES","07/05/2026, 17:16:32"
"ann1","1777564646558zhcsnlu3fu","(one-shot) 'swing' (NOUN_wn:07066042n) 'a style of jazz played by big bands popular in the 1930s; flowing rhythms but less complex than later styles of jazz' —> The dance hall was filled with people leaping to the upbeat sounds of swing.","YES","07/05/2026, 17:16:37"
"ann1","1777564646558d9td1cpx8","(one-shot) 'get_on' (VERB_wn:00424337v) 'appear in a show, on T.V. or radio' —> The aspiring comedian hopes to get on a late-night talk show to promote his new special.","YES","07/05/2026, 17:16:53"
"ann1","1777564646558rjaxakgyseb","(one-shot) 'run_down' (VERB_wn:02068223v) 'move downward' —> Tears ran down her cheeks as she read the letter.","YES","07/05/2026, 17:16:57"
"ann1","1777564646558imi59qp9q5","(one-shot) 'introduction' (NOUN_wn:07162975n) 'a new proposal' —> The committee is currently reviewing the introduction of a four-day workweek to improve employee well-being.","YES","07/05/2026, 17:17:01"
"ann1","1777564646558krglmi0pwwd","(one-shot) 'detergent' (NOUN_wn:15097017n) 'a surface-active chemical widely used in industry and laundering' —> She poured the liquid detergent into the washing machine to clean her stained clothes.","YES","07/05/2026, 17:17:06"
"ann1","1777564646558l7m4gse65s","(one-shot) 'get_into' (VERB_wn:02016523v) 'to come or go into' —> The children scrambled to get into the swimming pool.","YES","07/05/2026, 17:17:17"
"ann1","1777564646558mbzridyxv6e","(one-shot) 'outside' (ADJ_wn:01037885a) 'from or between other countries' —> The company relies heavily on outside investment to fund its global expansion.","YES","07/05/2026, 17:17:32"
"ann1","1777564646558r9m2sx8gad8","(one-shot) 'royal' (ADJ_wn:01592509a) 'being of the rank of a monarch' —> The royal family gathered for the annual banquet at the palace.","YES","07/05/2026, 17:17:37"
"ann1","1777564646558nlyasfowper","(one-shot) 'extinction' (NOUN_wn:05758692n) 'a conditioning process in which the reinforcer is removed and a conditioned response becomes independent of the conditioned stimulus' —> The psychologist observed that the dog's salivation ceased after several trials of extinction.","YES","07/05/2026, 17:17:52"
"ann1","1777564646558lyn6whc84t","(one-shot) 'shift' (VERB_wn:00555447v) 'move from one setting or context to another' —> The conversation shifted from politics to sports once the game started.","YES","07/05/2026, 17:18:00"
"ann1","17775646465585oucovekyeq","(one-shot) 'shower' (VERB_wn:01372994v) 'spray or sprinkle with' —> The gardener showered the delicate seedlings with a fine mist of water.","YES","07/05/2026, 17:18:04"
"ann1","1777564646558aq3p4kyasng","(one-shot) 'expression' (NOUN_wn:06880249n) 'expression without words' —> The subtle expression on her face conveyed more sadness than any spoken words could.","YES","07/05/2026, 17:18:11"
"ann1","17775646465588um5egdr0u","(one-shot) 'reward' (NOUN_wn:07166281n) 'the offer of money for helping to find a criminal or for returning lost property' —> The police posted a generous reward for any information leading to the arrest of the suspect.","YES","07/05/2026, 17:18:14"
"ann1","1777564646558619v92ubfoa","(one-shot) 'glow' (VERB_wn:02160944v) 'emit a steady even light without flames' —> The radioactive minerals glowed faintly in the darkness of the cave.","YES","07/05/2026, 17:18:18"
"ann1","1777564646558fr50b1bkiik","(one-shot) 'worry' (NOUN_wn:07524242n) 'a strong feeling of anxiety' —> Her constant worry about the upcoming exam kept her awake for three nights.","YES","07/05/2026, 17:18:21"
"ann1","1777564646558jdqef1v0nsp","(one-shot) 'break_away' (VERB_wn:02535457v) 'withdraw from an organization or communion' —> The dissident faction decided to break away from the main political party to form their own coalition.","YES","07/05/2026, 17:18:29"
"ann1","1777564646558j26ybbmdf6e","(one-shot) 'greek' (NOUN_wn:06976392n) 'the Hellenic branch of the Indo-European family of languages' —> She spent three years in Athens studying Ancient Greek to better understand Homer's epics.","YES","07/05/2026, 17:18:37"
"ann1","17775646465587mvbfgclen","(one-shot) 'confused' (ADJ_wn:01684133a) 'having lost your bearings; confused as to time or place or personal identity' —> The elderly man woke up in the hospital feeling utterly confused about where he was.","YES","07/05/2026, 17:18:43"
"ann1","1777564646558je5qy5gvkrl","(one-shot) 'concern' (NOUN_wn:05832264n) 'something or someone that causes anxiety; a source of unhappiness' —> The sudden drop in the company's stock price became a major concern for the investors.","YES","07/05/2026, 17:18:55"
"ann1","1777564646558izs7uh2t29","(one-shot) 'blind' (NOUN_wn:06760508n) 'something intended to misrepresent the true nature of an activity' —> The charitable foundation was merely a blind used by the cartel to wash their illicit funds.","YES","07/05/2026, 17:19:02"
"ann1","1777564646558xbrxcv8bttn","(one-shot) 'submit' (VERB_wn:02310328v) 'make over as a return' —> The contractor must submit the remaining funds to the city council.","YES","07/05/2026, 17:19:08"
"ann1","1777564646558xww8i17n5vb","(one-shot) 'cotton' (NOUN_wn:03115180n) 'fabric woven from cotton fibers' —> She preferred wearing a light cotton shirt during the humid summer months.","YES","07/05/2026, 17:19:12"
"ann1","17775646465582dvwj7gucsd","(one-shot) 'academy' (NOUN_wn:08279298n) 'a secondary school (usually private)' —> She decided to enroll her daughter in a prestigious music academy to nurture her talent.","YES","07/05/2026, 17:19:17"
"ann1","1777564646558jdi8323iko","(one-shot) 'anticipation' (NOUN_wn:07511080n) 'an expectation' —> The children waited by the window with breathless anticipation for their father to arrive home.","YES","07/05/2026, 17:19:21"
"ann1","17775646465581s2x52o9i27","(one-shot) 'antecedent' (NOUN_wn:09792555n) 'someone from whom you are descended (but usually more remote than a grandparent)' —> The genealogist spent years tracing her royal antecedents back to the fourteenth century.","YES","07/05/2026, 17:19:26"
"ann1","17775646465584xvufylvh53","(one-shot) 'destruction' (NOUN_wn:14562960n) 'a final state' —> The abandoned city had finally reached a state of total destruction.","YES","07/05/2026, 17:19:39"
"ann1","1777564646558maagu5bxzv","(one-shot) 'rebel' (VERB_wn:02583379v) 'break with established customs' —> The young artist chose to rebel against the traditional styles of her mentors.","YES","07/05/2026, 17:19:47"
"ann1","1777564646558g18u6hjkmbh","(one-shot) 'stain' (VERB_wn:00286008v) 'color with a liquid dye or tint' —> The carpenter decided to stain the oak table a deep mahogany hue.","YES","07/05/2026, 17:19:52"
"ann1","17775646465584klzh3cqmd4","(one-shot) 'administration' (NOUN_wn:01124794n) 'the act of governing; exercising authority' —> The colonial administration struggled to maintain order across the distant territories.","YES","07/05/2026, 17:19:56"
"ann1","1777564646558rklf34ai53n","(one-shot) 'gender' (NOUN_wn:05006898n) 'the properties that distinguish organisms on the basis of their reproductive roles' —> Biologists study how gender varies across different species of birds to understand mating rituals.","YES","07/05/2026, 17:20:02"
"ann1","1777564646558n1rhoskoqr","(one-shot) 'permission' (NOUN_wn:01139194n) 'the act of giving a formal (usually written) authorization' —> The employees were required to obtain written permission from the director before accessing the secure archives.","YES","07/05/2026, 17:23:15"
"ann1","1777564646558f5vhr6kxxd","(one-shot) 'capitalize' (VERB_wn:00162167v) 'convert (a company's reserve funds) into capital' —> The board of directors voted to capitalize the company's accumulated reserves to strengthen the balance sheet.","YES","07/05/2026, 17:23:24"
"ann1","17775646465582xoqg7yen6r","(one-shot) 'appeal' (VERB_wn:00755447v) 'request earnestly (something from somebody); ask for aid or protection' —> The refugees appealed to the international community for urgent medical supplies.","YES","07/05/2026, 17:23:37"
"ann1","1777564646558jep32wpf8ql","(one-shot) 'wheel' (VERB_wn:02046075v) 'change directions as if revolving on a pivot' —> The startled falcon wheeled sharply to the left to pursue its prey.","YES","07/05/2026, 17:23:42"
"ann1","1777564646558j4eifamunb9","(one-shot) 'refine' (VERB_wn:00401906v) 'attenuate or reduce in vigor, strength, or validity by polishing or purifying' —> The alchemist attempted to refine the raw ore to remove all impurities.","YES","07/05/2026, 17:24:02"
"ann1","1777564646558cuupoxn0g0q","(one-shot) 'landmark' (NOUN_wn:07417851n) 'an event marking a unique or important historical change of course or one on which important developments depend' —> The discovery of penicillin was a landmark in the field of medicine that saved countless lives.","YES","07/05/2026, 17:24:09"
"ann1","177756464655857bqygujwun","(one-shot) 'shock' (NOUN_wn:07510625n) 'the feeling of distress and disbelief that you have when something bad happens accidentally' —> The sudden news of the accident left the entire family in a state of profound shock.","YES","07/05/2026, 17:24:15"
"ann1","17775646465581adc14i788c","(one-shot) 'serve' (VERB_wn:02670578v) 'promote, benefit, or be useful or beneficial to' —> The new highway will serve the local economy by increasing tourism.","YES","07/05/2026, 17:24:18"
"ann1","1777564646558xiulohii6jf","(one-shot) 'originality' (NOUN_wn:05634613n) 'the ability to think and act independently' —> Her bold approach to problem-solving demonstrated a level of originality that impressed her professors.","YES","07/05/2026, 17:24:23"
"ann1","17775646465586a7o7me42b8","(one-shot) 'sloping' (ADJ_wn:01234747a) 'having an oblique or slanted direction' —> The hikers struggled to climb the sloping terrain as the rain began to fall.","YES","07/05/2026, 17:24:30"
"ann1","1777564646558ts2tcflqhyi","(one-shot) 'royalty' (NOUN_wn:13257982n) 'payment to the holder of a patent or copyright or resource for the right to use their property' —> The author received a substantial royalty every time a new copy of her novel was sold.","YES","07/05/2026, 17:24:36"
"ann1","17775646465586u104xckeyv","(one-shot) 'boil' (VERB_wn:00374668v) 'bring to, or maintain at, the boiling point' —> Please boil the water before adding the pasta.","YES","07/05/2026, 17:24:41"
"ann1","1777564646558naw0ooaqkn","(one-shot) 'romance' (NOUN_wn:06963951n) 'the group of languages derived from Latin' —> Spanish, French, and Italian are all prominent examples of the Romance languages.","YES","07/05/2026, 17:24:46"
"ann1","1777564646558q97jozv329","(one-shot) 'hop' (VERB_wn:02094788v) 'make a jump forward or upward' —> The small frog hopped across the garden path.","YES","07/05/2026, 17:24:50"
"ann1","1777564646558fer7yzzs02","(one-shot) 'branching' (ADJ_wn:00612891a) 'resembling the branches of a tree' —> The river split into several branching streams as it flowed toward the coast.","YES","07/05/2026, 17:25:01"
"ann1","1777564646558wiq5emg06z","(one-shot) 'heroic' (ADJ_wn:01284544a) 'of behavior that is impressive and ambitious in scale or scope' —> The architect proposed a heroic design for the new city library, featuring soaring glass arches and a vast underground archive.","YES","07/05/2026, 17:47:14"
"ann1","1777564646558nqujxmve1zb","(one-shot) 'circle' (VERB_wn:01522716v) 'form a circle around' —> The hungry hawks circled the field in search of prey.","YES","07/05/2026, 17:47:22"
"ann1","1777564646558lod78x7yz7","(one-shot) 'then' (ADV_wn:00118032r) 'in that case or as a consequence' —> If you cannot find a taxi, then we will have to walk to the station.","YES","07/05/2026, 17:47:25"
"ann1","1777564646558obovda4qmqk","(one-shot) 'call_in' (VERB_wn:02487573v) 'pay a brief visit' —> I will call in on my grandmother on my way home from work.","YES","07/05/2026, 17:47:30"
"ann1","1777564646558oor13akyu2c","(one-shot) 'bless' (VERB_wn:02264075v) 'confer prosperity or happiness on' —> May the coming year bless your family with endless joy and success.","YES","07/05/2026, 17:47:35"
"ann1","1777564646558m782trsscd","(one-shot) 'recruit' (NOUN_wn:10512372n) 'a recently enlisted soldier' —> The drill sergeant shouted orders at the nervous recruit during the first day of basic training.","YES","07/05/2026, 17:47:43"
"ann1","1777564646558k2ieftwe9u","(one-shot) 'crown' (NOUN_wn:03138981n) 'the center of a cambered road' —> Rainwater naturally drains away from the crown of the highway toward the gutters.","YES","07/05/2026, 17:47:53"
"ann1","177756464655882z9fsmubpq","(one-shot) 'progress' (VERB_wn:00252990v) 'form or accumulate steadily' —> A thick layer of ice began to progress across the windshield during the storm.","YES","07/05/2026, 17:48:00"
"ann1","17775646465581qubdpr0i7","(one-shot) 'mask' (NOUN_wn:03724870n) 'a covering to disguise or conceal the face' —> The mysterious figure wore a velvet mask to hide his identity during the masquerade ball.","YES","07/05/2026, 17:48:22"
"ann1","1777564646558mf344247cb","(one-shot) 'courtesy' (NOUN_wn:06714874n) 'a courteous or respectful or considerate remark' —> She thanked him for the small courtesy of holding the door open during the rain.","YES","07/05/2026, 17:54:48"
"ann1","1777564646558l38pnkosyg","(one-shot) 'transition' (NOUN_wn:07087641n) 'a musical passage moving from one key to another' —> The composer wrote a seamless transition to lead the orchestra from the somber C minor theme into a triumphant G major finale.","YES","07/05/2026, 17:54:53"
"ann1","17775646465581c070o2xizx","(one-shot) 'distribution' (NOUN_wn:05087297n) 'the spatial or geographic property of being scattered about over a range, area, or volume' —> The uneven distribution of rainfall across the continent creates vast deserts in some regions and lush rainforests in others.","YES","07/05/2026, 17:54:58"
"ann1","1777564646558blsqhebfjp8","(one-shot) 'stick' (VERB_wn:02638845v) 'be a devoted follower or supporter' —> Despite the team's losing streak, the loyal fans continued to stick by them.","YES","07/05/2026, 17:55:05"
"ann1","1777564646558h6o1nzvfacv","(one-shot) 'slip' (VERB_wn:00617748v) 'to make a mistake or be incorrect' —> I apologize, but I slipped up on the final calculation of the report.","YES","07/05/2026, 18:08:51"
"ann1","1777564646558mgq8g4p012s","(one-shot) 'potential' (ADJ_wn:00044353a) 'existing in possibility' —> The young athlete showed potential for a professional career in tennis.","YES","07/05/2026, 18:08:54"
"ann1","17775646465589tod3qyo7kt","(one-shot) 'tunnel' (NOUN_wn:09230041n) 'a hole made by an animal, usually for shelter' —> The rabbit quickly disappeared into a deep tunnel to hide from the hawk.","YES","07/05/2026, 18:09:00"
"ann1","17775646465585z21nc8htqi","(one-shot) 'proceed' (VERB_wn:02372605v) 'follow a procedure or take a course' —> Please proceed with the registration process as instructed.","YES","07/05/2026, 18:09:05"
"ann1","17775646465581lh2u80432o","(one-shot) 'bare' (ADJ_wn:01714157a) 'lacking a surface finish such as paint' —> The carpenter left the bare pine planks to show off the natural grain of the wood.","YES","07/05/2026, 18:09:14"
"ann1","1777564646558pb8616dw77b","(one-shot) 'exhibit' (VERB_wn:01924712v) 'walk ostentatiously' —> The peacock exhibited across the garden to attract a mate.","YES","07/05/2026, 18:11:03"
"ann1","177756464655822mvsisoila","(one-shot) 'starter' (NOUN_wn:07581346n) 'food or drink to stimulate the appetite (usually served before a meal or as the first course)' —> We ordered a platter of garlic prawns as a starter while we waited for the main course.","YES","07/05/2026, 18:11:16"
"ann1","1777564646558vqqmh0fygd","(one-shot) 'work_out' (VERB_wn:00638585v) 'be calculated' —> The total cost of the renovation worked out to be much higher than expected.","YES","07/05/2026, 18:11:18"
"ann1","1777564646558nce1nlxfjyh","(one-shot) 'cock' (NOUN_wn:01514668n) 'adult male bird' —> The proud cock strutted across the farmyard, crowing loudly to announce the dawn.","YES","07/05/2026, 18:11:30"
"ann1","177756464655826riri96pan","(one-shot) 'seed' (VERB_wn:00658913v) 'distribute (players or teams) so that outstanding teams or players will not meet in the early rounds' —> The tournament organizers carefully seeded the top four tennis players to ensure they wouldn't face each other until the semifinals.","YES","07/05/2026, 18:11:39"
"ann1","17775646465583boglpgrrbm","(one-shot) 'take_in' (VERB_wn:02765464v) 'suck or take up or in' —> The vacuum cleaner quickly took in all the dust from the carpet.","YES","07/05/2026, 18:11:47"
"ann1","1777564646558fd5ooq4vivp","(one-shot) 'control' (NOUN_wn:09504790n) 'a spiritual agency that is assumed to assist the medium during a seance' —> The medium claimed that a powerful control was guiding the table's movements during the midnight seance.","YES","07/05/2026, 18:11:57"
"ann1","1777564646558hizkd10rgj","(one-shot) 'think_of' (VERB_wn:00730052v) 'intend to refer to' —> When I mentioned the most talented artist in the city, I was thinking of Sarah.","YES","07/05/2026, 18:15:02"
"ann1","1777564646559iif7gtbubo8","(one-shot) 'interface' (NOUN_wn:03578435n) '(chemistry) a surface forming a common boundary between two things (two objects or liquids or chemical phases)' —> The surfactant molecules migrate to the interface between the oil and water to reduce surface tension.","YES","07/05/2026, 18:16:10"
"ann1","177756464655960c4sxxjho","(one-shot) 'sloping' (ADJ_wn:01144730a) 'having a slanting form or direction' —> The hikers carefully navigated the sloping terrain to reach the mountain summit.","YES","07/05/2026, 18:16:15"
"ann1","1777564646559i80dhcvtmpd","(one-shot) 'crook' (NOUN_wn:13869327n) 'a circular segment of a curve' —> The designer carefully measured each crook in the ornate wrought-iron railing.","YES","07/05/2026, 18:16:21"
"ann1","17775646465596bg83nlhukd","(one-shot) 'engagement' (NOUN_wn:01239064n) 'the act of sharing in the activities of a group' —> The teacher implemented new interactive games to increase student engagement during the science lesson.","YES","07/05/2026, 18:16:25"
"ann1","17775646465596oaxcsoa8bc","(one-shot) 'stretch' (VERB_wn:00027268v) 'extend one's limbs or muscles, or the entire body' —> After waking from a long nap, the cat stood up to stretch its paws.","YES","07/05/2026, 18:16:29"
"ann1","1777564646559akrk0pk242g","(one-shot) 'commotion' (NOUN_wn:07442068n) 'confused movement' —> The sudden loud crash in the kitchen caused a great commotion among the guests.","YES","07/05/2026, 18:16:34"
"ann1","1777564646559jvbjwf7w38","(one-shot) 'crucifixion' (NOUN_wn:07332864n) 'the death of Jesus by crucifixion' —> The crucifixion is a central event in the New Testament of the Bible.","YES","07/05/2026, 18:16:36"
"ann1","1777564646559ndw95ggeayh","(one-shot) 'optimism' (NOUN_wn:07541558n) 'the optimistic feeling that all is going to turn out well' —> Despite the setbacks of the first quarter, the team maintained a sense of unwavering optimism about the project's success.","YES","07/05/2026, 18:16:42"
"ann1","1777564646559i3vtrg40obl","(one-shot) 'minister' (NOUN_wn:09983572n) 'a person authorized to conduct religious worship' —> The minister delivered a heartfelt sermon to the congregation on Sunday morning.","YES","07/05/2026, 18:16:52"
"ann1","1777564646559nvadvusnw9","(one-shot) 'sound' (ADJ_wn:00693020a) '(of sleep) deep and complete' —> After a long day of hiking, the exhausted traveler fell into a sound sleep.","YES","07/05/2026, 18:17:02"
"ann1","1777564646559rq9gwlb59lr","(one-shot) 'penetration' (NOUN_wn:05201452n) 'the ability to make way into or through something' —> The new armor was designed specifically to resist the penetration of high-velocity projectiles.","YES","07/05/2026, 18:17:07"
"ann1","1777564646559wvcmkjbdt8","(one-shot) 'assembly' (NOUN_wn:03386420n) 'a public facility to meet for open discussion' —> The town's ancient stone assembly serves as the primary venue for citizens to debate local ordinances.","YES","07/05/2026, 18:17:13"
"ann1","17775646465593w4n2lgtw05","(one-shot) 'column' (NOUN_wn:08433575n) 'a vertical array of numbers or other information' —> Please enter the total cost in the far right column of the spreadsheet.","YES","07/05/2026, 18:17:19"
"ann1","1777564646559t0avtk1m18h","(one-shot) 'stroke' (NOUN_wn:00349369n) 'a single complete movement' —> The painter added a final, delicate stroke of gold to the canvas.","YES","07/05/2026, 18:17:22"
"ann1","1777564646559gcgzql38lbm","(one-shot) 'force' (NOUN_wn:00965404n) 'an act of aggression (as one against a person who resists)' —> The security guards were strictly forbidden from using force to remove the protesters from the lobby.","YES","07/05/2026, 18:17:31"
"ann1","177756464655942wiex2vsf3","(one-shot) 'distinctly' (ADV_wn:00307479r) 'to a distinct degree' —> The mountain peak was distinctly visible through the clearing mist.","YES","07/05/2026, 18:17:37"
"ann1","177756464655966cxxj2p8o9","(one-shot) 'laterally' (ADV_wn:00386587r) 'in a lateral direction or location' —> The crab scuttled laterally across the sandy beach to avoid the incoming wave.","YES","07/05/2026, 18:17:50"
"ann1","1777564646559aipoebeq4kr","(one-shot) 'damned' (ADJ_wn:00669942a) 'expletives used informally as intensifiers' —> I cannot find my damned keys anywhere in this house.","YES","07/05/2026, 18:17:55"
"ann1","17775646465590fb6eoiphuw8","(one-shot) 'ban' (VERB_wn:02504280v) 'ban from a place of residence, as for punishment' —> The rebellious prince was banned from the royal palace for his defiance.","YES","07/05/2026, 18:18:07"
"ann1","1777564646559jh19d2q2sx","(one-shot) 'subject' (NOUN_wn:05814291n) 'some situation or event that is thought about' —> The committee spent hours debating the subject of climate change during the conference.","YES","07/05/2026, 18:18:13"
"ann1","1777564646559jk6ujdnnnmh","(one-shot) 'inevitable' (ADJ_wn:01841834a) 'invariably occurring or appearing' —> Death is an inevitable part of the human experience.","YES","07/05/2026, 18:18:17"
"ann1","17775646465598xrhs5d0rtk","(one-shot) 'tone' (NOUN_wn:05719605n) 'a steady sound without overtones' —> The oscilloscope displayed a perfectly smooth sine wave as the generator emitted a pure tone.","YES","07/05/2026, 18:18:25"
"ann1","1777564646559v9uyrohv3p","(one-shot) 'alteration' (NOUN_wn:07296428n) 'an event that occurs when something passes from one state or phase to another' —> The sudden alteration of the liquid into a solid state occurred as the temperature dropped below freezing.","YES","07/05/2026, 18:18:32"
"ann1","1777564646559nn7rw3dl5xm","(one-shot) 'increase' (NOUN_wn:13497135n) 'a process of becoming larger or longer or more numerous or more important' —> The company reported a significant increase in annual sales after launching the new product line.","YES","07/05/2026, 18:18:39"
"ann1","1777564646559l3vkp66fufm","(one-shot) 'finally' (ADV_wn:00065822r) 'the item at the end' —> The chef added a pinch of salt finally to the sauce.","YES","07/05/2026, 18:18:43"
"ann1","1777564646559z5tyqjvan8","(one-shot) 'special' (ADJ_wn:01104026a) 'unique or specific to a person or thing or category' —> The rare orchid requires a special blend of soil to bloom.","YES","07/05/2026, 18:18:55"
"ann1","1777564646559dknrw7avji","(one-shot) 'calendar' (NOUN_wn:15173479n) 'a system of timekeeping that defines the beginning and length and divisions of the year' —> The Mayan calendar is renowned for its intricate cycles and precise astronomical observations.","YES","07/05/2026, 18:19:02"
"ann1","1777564646559k5211yhs7k","(one-shot) 'investigator' (NOUN_wn:10215623n) 'someone who investigates' —> The lead investigator carefully combed through the crime scene for any overlooked evidence.","YES","07/05/2026, 18:19:06"
"ann1","1777564646559d0darmxh5s","(one-shot) 'excessive' (ADJ_wn:01533974a) 'beyond normal limits' —> The athlete was penalized for using excessive force during the game.","YES","07/05/2026, 18:19:09"
"ann1","1777564646559xh5z1rbyuk","(one-shot) 'catch' (NOUN_wn:07067760n) 'a break or check in the voice (usually a sign of strong emotion)' —> There was a noticeable catch in her throat as she began to deliver the eulogy.","YES","07/05/2026, 18:19:14"
"ann1","17775646465591fi3djeuqrc","(one-shot) 'gentle' (ADJ_wn:01455412a) 'quiet and soothing' —> The baby fell fast asleep as soon as she heard the gentle melody of the lullaby.","YES","07/05/2026, 18:19:18"
"ann1","1777564646559lnnz5h26qkq","(one-shot) 'unify' (VERB_wn:01462005v) 'to bring or combine together or with something else' —> The new leader sought to unify the fractured political parties to form a stable coalition.","YES","07/05/2026, 18:19:23"
"ann1","1777564646559ph1sauo0vn","(one-shot) 'bean' (NOUN_wn:12556307n) 'any of various leguminous plants grown for their edible seeds and pods' —> The gardener planted a row of green beans along the sunny fence.","YES","07/05/2026, 18:19:27"
"ann1","1777564646559ue1f1ajil8","(one-shot) 'cult' (NOUN_wn:08151229n) 'followers of an unorthodox, extremist, or false religion or sect who often live outside of conventional society under the direction of a charismatic leader' —> The authorities intervened after discovering that the isolated cult had been manipulating its members for years.","YES","07/05/2026, 18:19:32"
"ann1","1777564646559qmx75f3dk9","(one-shot) 'chain' (NOUN_wn:09240621n) '(chemistry) a series of linked atoms (generally in an organic molecule)' —> The catalyst was designed to break the carbon chain within the hydrocarbon molecule.","YES","07/05/2026, 18:19:37"
"ann1","1777564646559lv6c3jr8kh","(one-shot) 'aged' (ADJ_wn:01644541a) 'having attained a specific age; (`aged' is pronounced as one syllable)' —> The museum displayed a rare manuscript aged five hundred years.","YES","07/05/2026, 18:19:41"
"ann1","1777564646559baswauh9j1t","(one-shot) 'investigate' (VERB_wn:00789138v) 'investigate scientifically' —> The researchers will investigate the effects of the new catalyst on the reaction rate.","YES","07/05/2026, 18:19:45"
"ann1","1777564646559saaeue0hlh","(one-shot) 'roll' (NOUN_wn:13875970n) 'a round shape formed by a series of concentric circles (as formed by leaves or flower petals)' —> The delicate roll of petals in the center of the rose was a marvel of nature.","YES","07/05/2026, 18:19:57"
"ann1","1777564646559jed9jx9haag","(one-shot) 'concession' (NOUN_wn:07176243n) 'the act of conceding or yielding' —> After hours of intense negotiation, the company finally made a significant concession regarding the employees' salary demands.","YES","07/05/2026, 18:20:02"
"ann1","1777564646559kwt8dw2xgze","(one-shot) 'illicit' (ADJ_wn:01550572a) 'contrary to accepted morality (especially sexual morality) or convention' —> The couple attempted to keep their illicit affair a secret from the rest of the town.","YES","07/05/2026, 18:20:10"
"ann1","1777564646559iojcctnoeih","(one-shot) 'scale' (NOUN_wn:13816862n) 'the ratio between the size of something and a representation of it' —> The architect presented a detailed model of the skyscraper, built to a scale of one to one hundred.","YES","07/05/2026, 18:20:15"
"ann1","1777564646559dfdyhr4usrn","(one-shot) 'apparent' (ADJ_wn:01873985a) 'appearing as such but not necessarily so' —> Their apparent friendship was merely a strategic alliance for political gain.","YES","07/05/2026, 18:20:26"
"ann1","1777564646559pse2fhput6","(one-shot) 'pair' (NOUN_wn:07958407n) 'a poker hand with 2 cards of the same value' —> He managed to win the final pot after drawing a pair of aces on the river.","YES","07/05/2026, 18:20:37"
"ann1","1777564646559cd438g19n65","(one-shot) 'responsible' (ADJ_wn:00324878a) 'being the agent or cause' —> The heavy rainfall was responsible for the flash floods that swept through the valley.","YES","07/05/2026, 18:20:44"
"ann1","1777564646559xry8bsp8bf9","(one-shot) 'hood' (NOUN_wn:03530910n) 'protective covering consisting of a metal part that covers the engine' —> He popped the hood of the car to check the oil level.","YES","07/05/2026, 18:20:54"
"ann1","1777564646559oip70037bim","(one-shot) 'indicator' (NOUN_wn:07262579n) 'a signal for attracting attention' —> The flashing neon sign served as a bright indicator to draw customers into the diner.","YES","07/05/2026, 18:21:01"
"ann1","1777564646559mkanj6j4q5c","(one-shot) 'crack' (VERB_wn:00238372v) 'break into simpler molecules by means of heat' —> The refinery uses a catalyst to crack heavy hydrocarbons into lighter fuels.","YES","07/05/2026, 18:21:29"
"ann1","1777564646559up0asgq1hpe","(one-shot) 'title' (NOUN_wn:06343117n) 'an appellation signifying nobility' —> The duke inherited a prestigious title that had remained in his family for centuries.","YES","07/05/2026, 18:21:41"
"ann1","17775646465593tz39732p18","(one-shot) 'cover' (NOUN_wn:04453910n) 'covering for a hole (especially a hole in the top of a container)' —> She carefully replaced the heavy metal cover on the manhole before the street reopened to traffic.","YES","07/05/2026, 18:21:46"
"ann1","17775646465596cuspayj2jp","(one-shot) 'topic' (NOUN_wn:05814291n) 'some situation or event that is thought about' —> The committee spent hours debating the controversial topic of urban redevelopment.","YES","07/05/2026, 18:21:53"
"ann1","1777564646559in4jpskv8h","(one-shot) 'farther' (ADV_wn:00101323r) 'to a considerable degree; very much' —> The court's ruling will only serve to complicate the legal proceedings farther.","YES","07/05/2026, 18:21:58"
"ann1","17775646465596yi3e9q0ucx","(one-shot) 'stuff' (VERB_wn:02094569v) 'press or force' —> She stuffed the remaining clothes into the overflowing suitcase.","YES","07/05/2026, 18:22:08"
"ann1","1777564646559217fq7n5al4","(one-shot) 'show' (VERB_wn:02139544v) 'be or become visible or noticeable' —> The red flags began to show as the project deadline approached.","YES","07/05/2026, 18:22:20"
"ann1","1777564646559hsn6kjfw0wm","(one-shot) 'rise' (VERB_wn:02583139v) 'take part in a rebellion; renounce a former allegiance' —> The oppressed peasants decided to rise against the tyrannical regime.","YES","07/05/2026, 18:22:26"
"ann1","1777564646559elld2wb8fdo","(one-shot) 'accounting' (NOUN_wn:00618734n) 'the occupation of maintaining and auditing records and preparing financial reports for a business' —> She decided to pursue a degree in accounting to help her parents manage their family store.","YES","07/05/2026, 18:22:36"
"ann1","1777564646559sziscquf38k","(one-shot) 'hoist' (VERB_wn:01455754v) 'raise' —> The sailors worked together to hoist the heavy sails as the wind picked up.","YES","07/05/2026, 18:22:46"
"ann1","1777564646559uva32rb4xd","(one-shot) 'abuse' (VERB_wn:00203556v) 'use wrongly or improperly or excessively' —> Some people abuse prescription painkillers to cope with stress.","YES","07/05/2026, 18:22:53"
"ann1","1777564646559nrftcqrz06p","(one-shot) 'scale' (VERB_wn:00490428v) 'measure with or as if with scales' —> The pharmacist carefully scaled the medicinal powder before adding it to the mixture.","YES","07/05/2026, 18:22:56"
"ann1","1777564646559ne5l2sze51","(one-shot) 'stretch' (NOUN_wn:00628692n) 'exercise designed to extend the limbs and muscles to their full extent' —> She always performs a gentle stretch before starting her morning run to prevent injury.","YES","07/05/2026, 18:23:00"
"ann1","17775646465599arv3ws2axs","(one-shot) 'stick' (VERB_wn:01220885v) 'come or be in close contact with; stick or hold together and resist separation' —> The wet pages of the old notebook stuck together.","YES","07/05/2026, 18:23:04"
"ann1","1777564646559v0fzl9fqu6f","(one-shot) 'formula' (NOUN_wn:07845087n) 'a liquid food for infants' —> The new parents carefully warmed a bottle of formula for their hungry baby.","YES","07/05/2026, 18:23:10"
"ann1","177756464655969fzm8jjbyr","(one-shot) 'amusement' (NOUN_wn:00429048n) 'an activity that is diverting and that holds the attention' —> Solving complex jigsaw puzzles provides a quiet amusement for her during the rainy weekends.","YES","07/05/2026, 18:23:16"
"ann1","1777564646559jhejwt3zi4i","(one-shot) 'pool' (NOUN_wn:08481369n) 'an organization of people or resources that can be shared' —> The company maintains a talent pool of qualified candidates to fill vacant positions quickly.","YES","07/05/2026, 18:23:20"
"ann1","17775646465597f5ycsonlip","(one-shot) 'reputation' (NOUN_wn:14438125n) 'the state of being held in high esteem and honor' —> The legendary surgeon maintained a flawless reputation for her precision and dedication to patient care.","YES","07/05/2026, 18:23:24"
"ann1","17775646465593xpo24huhc7","(one-shot) 'formula' (NOUN_wn:06732013n) 'a conventionalized statement expressing some fundamental principle' —> The politician relied on a tired formula of promises and platitudes to win over the undecided voters.","YES","07/05/2026, 18:23:30"
"ann1","177756464655972sdgs93l6d","(one-shot) 'announcement' (NOUN_wn:06726158n) 'a formal public statement' —> The company's official announcement regarding the merger was broadcast across all major news networks.","YES","07/05/2026, 18:23:39"
"ann1","1777564646559bndb94m8rhj","(one-shot) 'wealth' (NOUN_wn:13250398n) 'property that has economic utility: a monetary value or an exchange value' —> The sudden increase in the family's wealth allowed them to purchase a sprawling estate in the countryside.","YES","07/05/2026, 18:23:44"
"ann1","1777564646559zlouwkervjk","(one-shot) 'aviation' (NOUN_wn:05635188n) 'the art of operating aircraft' —> The rapid advancements in aviation have significantly reduced the time required for international travel.","YES","07/05/2026, 18:23:48"
"ann1","1777564646559xsly3n7gtej","(one-shot) 'surmount' (VERB_wn:02694548v) 'be on top of' —> A golden spire surmounts the cathedral's central tower.","YES","07/05/2026, 18:23:55"
"ann1","1777564646559q0lgp02slc","(one-shot) 'roar' (VERB_wn:01048718v) 'make a loud noise, as of animal' —> The hungry lion let out a thunderous roar that echoed through the savanna.","WRONG","07/05/2026, 18:24:03"
"ann1","1777564646559alsjdi748ro","(one-shot) 'bureaucracy' (NOUN_wn:08051565n) 'a government that is administered primarily by bureaus that are staffed with nonelective officials' —> The citizens grew frustrated with the slow pace of the state bureaucracy when trying to renew their passports.","YES","07/05/2026, 18:24:08"
"ann1","1777564646559rouozpxfvde","(one-shot) 'strain' (NOUN_wn:11515325n) '(physics) deformation of a physical body under the action of applied forces' —> The engineer measured the mechanical strain on the steel beam to ensure the bridge could support the heavy load.","YES","07/05/2026, 18:24:21"
"ann1","1777564646559iirj86lg88o","(one-shot) 'emergence' (NOUN_wn:00050693n) 'the act of emerging' —> The sudden emergence of the butterfly from its chrysalis fascinated the young children.","YES","07/05/2026, 18:24:28"
"ann1","1777564646559dxivyynd32u","(one-shot) 'pop' (VERB_wn:01499510v) 'put or thrust suddenly and forcefully' —> She popped the cork into the bottle with a quick motion.","YES","07/05/2026, 18:25:30"
"ann1","17775646465598wtb7uyiwoo","(one-shot) 'recording' (NOUN_wn:04063661n) 'a signal that encodes something (e.g., picture or sound) that has been recorded' —> The studio engineer carefully reviewed the audio recording to ensure there was no background noise.","YES","07/05/2026, 18:25:40"
"ann1","1777564646559hfn041w9qpk","(one-shot) 'emit' (VERB_wn:02767308v) 'give off, send forth, or discharge; as of light, heat, or radiation, vapor, etc.' —> The old chimney continued to emit thick black smoke into the morning air.","YES","07/05/2026, 18:25:47"
"ann1","17775646465594l2uj1iqywp","(one-shot) 'intangible' (ADJ_wn:00627643a) 'lacking substance or reality; incapable of being touched or seen' —> The company's brand reputation is an intangible asset that provides significant value.","YES","07/05/2026, 18:25:53"
"ann1","177756464655950ngk9gjn03","(one-shot) 'smash' (VERB_wn:00334649v) 'break suddenly into pieces, as from a violent blow' —> The clumsy waiter accidentally smashed the crystal vase against the marble floor.","YES","07/05/2026, 18:26:04"
"ann1","1777564646559eh5ew90ktx","(one-shot) 'hearty' (ADJ_wn:01171746a) 'endowed with or exhibiting great bodily or mental health' —> The retired sailor remained hearty and spirited well into his nineties.","YES","07/05/2026, 18:26:15"
"ann1","1777564646559rfsbz56pji","(one-shot) 'thoroughly' (ADV_wn:00057257r) 'in an exhaustive manner' —> The detective searched the entire crime scene thoroughly to ensure no piece of evidence was overlooked.","YES","07/05/2026, 18:26:19"
"ann1","1777564646559zc63hok0iil","(one-shot) 'moderate' (VERB_wn:00933566v) 'make less strong or intense; soften' —> The government hopes that the new policy will moderate the rising cost of living.","YES","07/05/2026, 18:26:24"
"ann1","177756464655980rtass58sb","(one-shot) 'fitting' (ADJ_wn:01879667a) 'in harmony with the spirit of particular persons or occasion' —> A moment of silence was a fitting tribute to the fallen soldiers.","YES","07/05/2026, 18:26:31"
"ann1","1777564646559qozv0jxgyop","(one-shot) 'trough' (NOUN_wn:13357891n) 'a treasury for government funds' —> The disgraced politicians were accused of treating the public trough as their own personal bank account.","YES","07/05/2026, 18:26:41"
"ann1","1777564646559csdxw25l16s","(one-shot) 'borrow' (VERB_wn:02324026v) 'get temporarily' —> I had to borrow a pen from my classmate to finish the exam.","YES","07/05/2026, 18:26:44"
"ann1","1777564646559qi4xrjakguq","(one-shot) 'distort' (VERB_wn:00835903v) 'make false by mutilation or addition; as of a message or story' —> The witness attempted to distort the facts of the case during his testimony.","YES","07/05/2026, 18:26:49"
"ann1","17775646465591lxz8fhl1ap","(one-shot) 'neutralize' (VERB_wn:02543874v) 'oppose and mitigate the effects of by contrary actions' —> The diplomatic mission aimed to neutralize the tension between the two warring nations.","YES","07/05/2026, 18:26:53"
"ann1","1777564646559hbdes90alx","(one-shot) 'rail' (NOUN_wn:04463679n) 'a bar or pair of parallel bars of rolled steel making the railway along which railroad cars or other vehicles can roll' —> The heavy freight train derailed when a section of the rail snapped under the extreme pressure.","YES","07/05/2026, 18:27:01"
"ann1","1777564646559fkg4gtek5u5","(one-shot) 'fit' (VERB_wn:02667900v) 'satisfy a condition or restriction' —> The candidate does not fit the requirements for the position.","YES","07/05/2026, 18:27:06"
"ann1","1777564646559rn14jxo5ftl","(one-shot) 'draw' (VERB_wn:02311387v) 'remove (a commodity) from (a supply source)' —> The thirsty hikers drew water from the deep well.","YES","07/05/2026, 18:27:15"
"ann1","1777564646559alm5fk7doyw","(one-shot) 'loom' (VERB_wn:01672384v) 'weave on a loom' —> The artisan carefully loomed a vibrant tapestry for the palace.","YES","07/05/2026, 18:27:22"
"ann1","1777564646559n3yl4gb5ezq","(one-shot) 'lapse' (VERB_wn:02072849v) 'pass by' —> Several hours lapsed before the rescue team finally arrived at the scene.","YES","07/05/2026, 18:27:25"
"ann1","1777564646559hwnb9qax0se","(one-shot) 'take' (VERB_wn:02109045v) 'experience or feel or submit to' —> The patient had to take a great deal of pain during the procedure.","YES","07/05/2026, 18:27:31"
"ann1","17775646465596ypzmgc2a0m","(one-shot) 'yield' (VERB_wn:01449796v) 'be flexible under stress of physical force' —> The old wooden beam began to yield under the weight of the heavy snowfall.","YES","07/05/2026, 18:27:44"
"ann1","1777564646559kvgyyxlgwje","(one-shot) 'appointed' (ADJ_wn:02129718a) 'fixed or established especially by order or command; )' —> The soldiers gathered at the appointed hour to begin the mission.","YES","07/05/2026, 18:32:45"
"ann1","1777564646559pzuk1f7mipn","(one-shot) 'ancestry' (NOUN_wn:08101937n) 'the descendants of one individual' —> The royal line continued for centuries through the diverse ancestry of the founding king.","YES","07/05/2026, 18:32:53"
"ann1","1777564646559ga28bpk312","(one-shot) 'master' (NOUN_wn:03896984n) 'key that secures entrance everywhere' —> The hotel manager carries a master to ensure quick access to every room in the building.","YES","07/05/2026, 18:32:59"
"ann1","1777564646559wcx95e9yqni","(one-shot) 'works' (NOUN_wn:04602840n) 'the internal mechanism of a device' —> The watchmaker carefully cleaned the intricate works of the vintage timepiece to ensure it kept perfect time.","YES","07/05/2026, 18:33:04"
"ann1","17775646465598syacfmsxqq","(one-shot) 'rudder' (NOUN_wn:04117464n) 'a hinged vertical airfoil mounted at the tail of an aircraft and used to make horizontal course changes' —> The pilot adjusted the rudder to compensate for the strong crosswind during the final approach to the runway.","YES","07/05/2026, 18:54:40"
"ann1","177756464655944y9vo0y0p8","(one-shot) 'oppose' (VERB_wn:01091427v) 'fight against or resist strongly' —> The local community continues to oppose the construction of the new highway through the forest.","YES","07/05/2026, 18:54:46"
"ann1","1777564646559xo34ogm0ydp","(one-shot) 'reproduction' (NOUN_wn:00849523n) 'the sexual activity of conceiving and bearing offspring' —> Many biologists study the complex patterns of reproduction in deep-sea creatures.","YES","07/05/2026, 18:54:49"
"ann1","1777564646559v78lhhavzh","(one-shot) 'cuba' (NOUN_wn:08750151n) 'the largest island in the West Indies' —> The vibrant culture and colonial architecture of Cuba attract millions of tourists every year.","YES","07/05/2026, 18:54:55"
"ann1","17775646465595owrh2vas8l","(one-shot) 'friendliness' (NOUN_wn:07499615n) 'a feeling of liking for another person; enjoyment in their company' —> The genuine friendliness shared between the two neighbors made every conversation a delight.","YES","07/05/2026, 18:55:02"
"ann1","1777564646559eeo31hbkpr7","(one-shot) 'node' (NOUN_wn:13911045n) 'a connecting point at which several lines come together' —> The technician carefully soldered each single node on the circuit board to ensure a stable connection.","YES","07/05/2026, 18:56:39"
"ann1","1777564646559etyokbln708","(one-shot) 'tease' (VERB_wn:00850501v) 'harass with persistent criticism or carping' —> The cruel supervisors continued to tease the new interns about their lack of experience throughout the entire shift.","YES","07/05/2026, 18:56:44"
"ann1","17775646465598cmndrphhmh","(one-shot) 'rack' (VERB_wn:01802689v) 'torment emotionally or mentally' —> Guilt continued to rack his conscience for years after the accident.","YES","07/05/2026, 18:56:48"
"ann1","17775646465590rpoyff16wbq","(one-shot) 'forth' (ADV_wn:00232936r) 'from a particular thing or place or position (`forth' is obsolete)' —> The brave knight stepped forth from the darkness of the cave.","YES","07/05/2026, 18:56:54"
"ann1","1777564646559x7f7wmsltd","(one-shot) 'pick' (NOUN_wn:00563665n) 'a basketball maneuver; obstructing an opponent with one's body' —> The point guard waited for his teammate to set a solid pick before driving toward the hoop.","YES","07/05/2026, 18:57:23"
"ann1","17775646465596x46nnkfurl","(one-shot) 'freeze' (VERB_wn:00021997v) 'anesthetize by cold' —> The dentist used a cryo-spray to freeze the gum tissue before the procedure.","YES","07/05/2026, 18:57:29"
"ann1","1777564646559przudvxyj8q","(one-shot) 'life' (NOUN_wn:11473291n) 'the organic phenomenon that distinguishes living organisms from nonliving ones' —> The deep ocean trenches are home to strange forms of life that survive in complete darkness.","YES","07/05/2026, 18:57:42"
"ann1","1777564646559pnelmmz2iah","(one-shot) 'rural' (ADJ_wn:02790726a) 'of or relating to the countryside as opposed to the city' —> The family decided to move to a rural area to enjoy the peace and quiet.","YES","07/05/2026, 18:57:46"
"ann1","1777564646559v7qxbtwq3ag","(one-shot) 'post' (VERB_wn:02473331v) 'enter on a public list' —> She decided to post her travel photos on social media.","YES","07/05/2026, 18:57:52"
"ann1","1777564646559hptzt4d9lra","(one-shot) 'employ' (VERB_wn:01158872v) 'put into service; make work or employ for a particular purpose or for its inherent or natural purpose' —> The detective decided to employ a variety of forensic techniques to solve the mystery.","YES","07/05/2026, 18:58:06"
"ann1","1777564646559ejbsztle499","(one-shot) 'settlement' (NOUN_wn:01252280n) 'the act of colonizing; the establishment of colonies' —> The early settlement of the coast led to the rapid growth of several thriving port towns.","YES","07/05/2026, 18:59:56"
"ann1","1777564646559jccg55wn5qj","(one-shot) 'take_away' (VERB_wn:00179311v) 'take out or remove' —> Please take away the empty plates from the dining table.","YES","07/05/2026, 19:00:01"
"ann1","1777564646559os89t6qjzec","(one-shot) 'repayment' (NOUN_wn:13299651n) 'payment of a debt or obligation' —> The bank agreed to a flexible schedule for the repayment of the loan.","YES","07/05/2026, 19:00:05"
"ann1","1777564646559fo92l8nb7ci","(one-shot) 'given' (ADJ_wn:01292411a) '(usually followed by `to') naturally disposed toward' —> She has always been given to bouts of melancholy during the winter months.","YES","07/05/2026, 19:00:09"
"ann1","177756464655931kkgxkj62s","(one-shot) 'wicked' (ADJ_wn:02122715a) 'naughtily or annoyingly playful' —> The puppy gave me a wicked grin before stealing my favorite slipper.","YES","07/05/2026, 19:00:13"
"ann1","1777564646559wokjyv2rcij","(one-shot) 'flight' (NOUN_wn:00058743n) 'the act of escaping physically' —> The prisoners plotted their daring flight from the fortress under the cover of darkness.","YES","07/05/2026, 19:00:16"
"ann1","17775646465590s5w15qcp2r","(one-shot) 'pastoral' (ADJ_wn:02860564a) 'of or relating to a pastor' —> The bishop provided thoughtful pastoral guidance to the grieving family.","YES","07/05/2026, 19:00:20"
"ann1","1777564646559xt9vyr76q2h","(one-shot) 'uncertainty' (NOUN_wn:04756887n) 'being unsettled or in doubt or dependent on chance' —> The political uncertainty surrounding the upcoming election has caused a sharp decline in the stock market.","YES","07/05/2026, 19:00:24"
"ann1","177756464655932pf7n1y3m6","(one-shot) 'contrast' (VERB_wn:00661213v) 'put in opposition to show or emphasize differences' —> The author contrasted the gritty reality of the slums with the opulent luxury of the palace.","YES","07/05/2026, 19:00:32"
"ann1","1777564646559kftb9xs61t","(one-shot) 'flat' (NOUN_wn:02726305n) 'a suite of rooms usually on one floor of an apartment house' —> She decided to rent a small flat in the center of London to be closer to her office.","YES","07/05/2026, 19:00:37"
"ann1","1777564646559n0qpjvybwne","(one-shot) 'settlement' (NOUN_wn:08374049n) 'a body of people who settle far from home but maintain ties with their homeland; inhabitants remain nationals of their home state but are not literally under the home state's system of government' —> The coastal settlement maintained strong cultural and commercial links with the distant empire while managing its own local affairs.","YES","07/05/2026, 19:00:42"
"ann1","1777564646559hz6bfmqtss6","(one-shot) 'bleach' (VERB_wn:00279822v) 'remove color from' —> The strong sunlight will bleach the fabric of the curtains over time.","YES","07/05/2026, 19:00:51"
"ann1","1777564646559qnicrlbhgv","(one-shot) 'hood' (NOUN_wn:03531281n) 'a headdress that protects the head and face' —> She pulled the wool hood over her head to shield herself from the biting winter wind.","YES","07/05/2026, 19:00:57"
"ann1","1777564646559emttcmbb6y","(one-shot) 'grant' (VERB_wn:02255942v) 'transfer by deed' —> The city council granted the plot of land to the nonprofit organization through a formal deed.","YES","07/05/2026, 19:03:32"
"ann1","1777564646559jmlh9yl95hm","(one-shot) 'lime' (NOUN_wn:14936010n) 'a caustic substance produced by heating limestone' —> The construction workers spread a layer of quicklime over the site to stabilize the soil before pouring the concrete.","YES","07/05/2026, 19:03:55"
"ann1","1777564646559t1qh7sk6ru8","(one-shot) 'fidelity' (NOUN_wn:04876985n) 'the quality of being faithful' —> The soldier was honored for his unwavering fidelity to the crown.","YES","07/05/2026, 19:04:00"
"ann1","17775646465596ubcmugraj","(one-shot) 'water' (VERB_wn:00069570v) 'secrete or form water, as tears or saliva' —> The mouth began to water at the scent of fresh cinnamon rolls.","YES","07/05/2026, 19:04:06"
"ann1","1777564646559mzijui8qcso","(one-shot) 'concern' (NOUN_wn:05670710n) 'something that interests you because it is important or affects you' —> The safety of the passengers is the primary concern of the flight crew.","YES","07/05/2026, 19:04:17"
"ann1","1777564646559s1kut2o131","(one-shot) 'ache' (VERB_wn:02122164v) 'be the source of pain' —> My joints always ache when the weather turns cold.","YES","07/05/2026, 19:04:19"
"ann1","1777564646559ihw39yspar","(one-shot) 'preoccupied' (ADJ_wn:00544478a) 'having or showing excessive or compulsive concern with something' —> She was so preoccupied with her upcoming exam that she forgot to eat lunch.","YES","07/05/2026, 19:04:25"
"ann1","1777564646559e50zc86be5","(one-shot) 'emotionally' (ADV_wn:00185567r) 'with regard to emotions' —> The therapist helped the patient process the trauma emotionally.","YES","07/05/2026, 19:04:32"
"ann1","1777564646559b7dd4owh2ij","(one-shot) 'pony' (NOUN_wn:04206225n) 'a small glass adequate to hold a single swallow of whiskey' —> The bartender poured a pony of rye for the weary traveler.","YES","07/05/2026, 19:04:41"
"ann1","17775646465595nmqt1eyfum","(one-shot) 'converge' (VERB_wn:02732401v) 'approach a limit as the number of terms increases without limit' —> The infinite series converges to pi.","YES","07/05/2026, 19:04:45"
"ann1","1777564646559t50pkrwhg7","(one-shot) 'recover' (VERB_wn:02249438v) 'regain or make up for' —> The company hopes to recover its losses by launching a new product line.","YES","07/05/2026, 19:04:55"
"ann1","1777564646559x4rid477yc","(one-shot) 'perception' (NOUN_wn:05930136n) 'the representation of what is perceived; basic component in the formation of a concept' —> Our initial perception of the strange object shifted as we gathered more information about its origin.","YES","07/05/2026, 19:05:15"
"ann1","1777564646559933d9gl4puc","(one-shot) 'tenure' (NOUN_wn:13242719n) 'the right to hold property; part of an ancient hierarchical system of holding lands' —> The knight's tenure of the manor was granted by the baron in exchange for military service.","YES","07/05/2026, 19:05:23"
"ann1","17775646465590gfh1vgpcaxk","(one-shot) 'personally' (ADV_wn:00132158r) 'in the flesh; without involving anyone else' —> The CEO decided to deliver the bad news personally to every employee.","YES","07/05/2026, 19:05:27"
"ann1","177756464655996izn3513em","(one-shot) 'ample' (ADJ_wn:01383394a) 'fairly large' —> The kitchen provides ample space for all the guests to gather.","YES","07/05/2026, 19:05:32"
"ann1","1777564646559trp1wpmwi7","(one-shot) 'flood' (NOUN_wn:13775706n) 'an overwhelming number or amount' —> After the celebrity's announcement, a flood of messages poured into her inbox.","YES","07/05/2026, 19:05:35"
"ann1","1777564646559nuzbh943rvp","(one-shot) 'relationship' (NOUN_wn:13928388n) 'a state of connectedness between people (especially an emotional connection)' —> Their long-distance relationship flourished despite the thousands of miles between them.","YES","07/05/2026, 19:05:39"
"ann1","1777564646559ti8sb4qme3c","(one-shot) 'tan' (NOUN_wn:13788035n) 'ratio of the opposite to the adjacent side of a right-angled triangle' —> The student used the tan of the angle to calculate the height of the building.","YES","07/05/2026, 19:05:43"
"ann1","1777564646559etzq00zvxlm","(one-shot) 'unrestricted' (ADJ_wn:01862296a) 'accessible to all' —> The city council decided to keep the public park unrestricted for every citizen.","YES","07/05/2026, 19:05:48"
"ann1","1777564646559jdg2mz1oukh","(one-shot) 'inactive' (ADJ_wn:00039592a) 'lacking in energy or will; - George Meredith' —> After months of depression, he felt too inactive to even leave his bed.","YES","07/05/2026, 19:05:51"
"ann1","1777564646559v2nx1sdd38i","(one-shot) 'take_away' (VERB_wn:01166940v) 'buy and consume food from a restaurant or establishment that sells prepared food' —> Since we were too tired to cook, we decided to take away some Chinese food for dinner.","YES","07/05/2026, 19:05:55"
"ann1","1777564646559h1jfls9nv5","(one-shot) 'remote' (ADJ_wn:00443075a) 'separate or apart in time' —> The prospect of a peaceful resolution seemed remote in those turbulent years.","YES","07/05/2026, 19:05:59"
"ann1","17775646465597pi6ya3or7n","(one-shot) 'sturdy' (ADJ_wn:00707795a) 'substantially made or constructed' —> The hikers relied on a sturdy bridge to cross the rushing river safely.","YES","07/05/2026, 19:06:06"
"ann1","1777564646559r5rqtyv3zsl","(one-shot) 'suspect' (VERB_wn:00921072v) 'imagine to be the case or true or probable' —> I suspect that it will rain before the game ends.","YES","07/05/2026, 19:06:09"
"ann1","177756464655971cxt7d9y1b","(one-shot) 'artificial' (ADJ_wn:00073465a) 'artificially formal' —> Their conversation was stiff and artificial, lacking any genuine warmth or spontaneity.","YES","07/05/2026, 19:06:13"
"ann1","1777564646559amy9btrcgci","(one-shot) 'subdue' (VERB_wn:01108627v) 'get on top of; deal with successfully' —> The firefighters worked tirelessly to subdue the raging forest fire.","YES","07/05/2026, 19:06:18"
"ann1","1777564646559col99f2m6u","(one-shot) 'question' (VERB_wn:00867409v) 'challenge the accuracy, probity, or propriety of' —> The defense attorney began to question the witness's testimony during the cross-examination.","YES","07/05/2026, 19:06:20"
"ann1","1777564646559c7zo7bilh0k","(one-shot) 'below' (ADV_wn:00486067r) 'further down' —> Please refer to the diagram provided below.","YES","07/05/2026, 19:06:22"
"ann1","1777564646559j6rfetc732j","(one-shot) 'impress' (VERB_wn:01471547v) 'take (someone) against his will for compulsory service, especially on board a ship' —> The royal navy used to impress young men from the coastal villages to fill the crews of their warships.","YES","07/05/2026, 19:06:27"
"ann1","1777564646559y3mahtpidu","(one-shot) 'hold_up' (VERB_wn:01217043v) 'be the physical support of; carry the weight of' —> The ancient stone pillars hold up the vaulted ceiling of the cathedral.","YES","07/05/2026, 19:06:30"
"ann1","1777564646559pkivbdbpbb8","(one-shot) 'urge' (NOUN_wn:09180431n) 'an instinctive motive' —> She felt a sudden, uncontrollable urge to jump into the cold lake.","YES","07/05/2026, 19:06:33"
"ann1","1777564646559xrjqs1njev","(one-shot) 'tenure' (NOUN_wn:15291498n) 'the term during which some position is held' —> During her tenure as CEO, the company expanded its operations into three new continents.","YES","07/05/2026, 19:06:37"
"ann1","1777564646559q5iw5ikk66m","(one-shot) 'break' (VERB_wn:00339464v) 'happen' —> The storm broke just as we reached the summit.","YES","07/05/2026, 19:06:39"
"ann1","1777564646559dwly9ui0b6f","(one-shot) 'put_down' (VERB_wn:01020356v) 'put down in writing; of texts, musical compositions, etc.' —> The poet quickly put down her thoughts before the inspiration vanished.","YES","07/05/2026, 19:06:45"
"ann1","1777564646559xhoe0r1p79","(one-shot) 'concern' (NOUN_wn:08061042n) 'a commercial or industrial enterprise and the people who constitute it' —> The family-owned textile concern has operated in this valley for over three generations.","YES","07/05/2026, 19:06:50"
"ann1","1777564646559436y9qlh3ez","(one-shot) 'commitment' (NOUN_wn:01206153n) 'the act of binding yourself (intellectually or emotionally) to a course of action' —> Her lifelong commitment to medical research required years of grueling study and sacrifice.","YES","07/05/2026, 19:06:55"
"ann1","177756464655998pp6bmg66h","(one-shot) 'bearing' (NOUN_wn:13795695n) 'relevant relation or interconnection' —> The witness's testimony had no bearing on the final verdict of the case.","YES","07/05/2026, 19:06:59"
"ann1","1777564646559phnyrkigtjd","(one-shot) 'destruction' (NOUN_wn:07334490n) 'an event (or the result of an event) that completely destroys something' —> The sudden eruption of the volcano led to the total destruction of the coastal village.","YES","07/05/2026, 19:07:05"
"ann1","1777564646559z4fnrjytuyl","(one-shot) 'lonely' (ADJ_wn:02250430a) 'characterized by or preferring solitude' —> The lonely scholar spent his entire weekend reading ancient manuscripts in the quiet archives.","YES","07/05/2026, 19:07:11"
"ann1","177756464655984cfxge9j7x","(one-shot) 'choke' (VERB_wn:00358431v) 'pass from physical life and lose all bodily attributes and functions necessary to sustain life' —> The victim choked to death after a piece of food became lodged in his throat.","YES","07/05/2026, 19:07:16"
"ann1","17775646465593d63c2k28zv","(one-shot) 'settle' (VERB_wn:00481941v) 'make final; put the last touches on; put into final form' —> The lawyers spent the entire afternoon trying to settle the terms of the contract.","YES","07/05/2026, 19:07:21"
"ann1","1777564646559nauaytu9jy9","(one-shot) 'raspberry' (NOUN_wn:07123870n) 'a cry or noise made to express displeasure or contempt' —> The crowd let out a loud raspberry when the arrogant politician began his speech.","YES","07/05/2026, 19:07:32"
"ann1","17775646465590fs07b5swku","(one-shot) 'confine' (VERB_wn:00235368v) 'restrict or confine,' —> The guards decided to confine the prisoner to a small cell.","YES","07/05/2026, 19:07:35"
"ann1","1777564646559b86t06cs6jn","(one-shot) 'look' (NOUN_wn:04674715n) 'physical appearance' —> She decided to update her look by dyeing her hair a bright shade of red.","YES","07/05/2026, 19:07:40"
"ann1","17775646465593n0fgv3n4g6","(one-shot) 'allied' (ADJ_wn:02476485a) 'united in a confederacy or league' —> The allied forces coordinated their strategy to ensure a decisive victory.","YES","07/05/2026, 19:07:45"
"ann1","17775646465598f3x5ozfe9x","(one-shot) 'scene' (NOUN_wn:07360841n) 'an incident (real or imaginary)' —> The witness provided a vivid description of the scene that unfolded during the robbery.","YES","07/05/2026, 19:07:50"
"ann1","1777564646559o6e0kc9sls7","(one-shot) 'reverse' (NOUN_wn:13858604n) 'a relation of direct opposition' —> The unexpected outcome of the trial was the complete reverse of what the lawyers had predicted.","YES","07/05/2026, 19:07:55"
"ann1","17775646465595wlzlxdxx9","(one-shot) 'dominate' (VERB_wn:02644234v) 'be larger in number, quantity, power, status or importance' —> Tech giants continue to dominate the global electronics market.","YES","07/05/2026, 19:08:00"
"ann1","1777564646559urzqcwq7r6p","(one-shot) 'take' (VERB_wn:02206619v) 'take by force' —> The rebel army attempted to take the fortress by storm.","YES","07/05/2026, 19:08:04"
"ann1","1777564646559msanfrkab8","(one-shot) 'undue' (ADJ_wn:00137943a) 'not appropriate or proper (or even legal) in the circumstances' —> The court ruled that the contract was signed under undue influence.","YES","07/05/2026, 19:08:21"
"ann1","1777564646559vq1nzw4rx0m","(one-shot) 'colonial' (ADJ_wn:02700199a) 'of animals who live in colonies, such as ants' —> The biologists studied the complex colonial behavior of honeybees.","YES","07/05/2026, 19:10:15"
"ann1","1777564646559tgwri1y12hb","(one-shot) 'impulse' (NOUN_wn:07308042n) 'the electrical discharge that travels along a nerve fiber' —> The scientist measured the speed of the nerve impulse as it traveled from the receptor to the brain.","YES","07/05/2026, 19:10:21"
"ann1","1777564646559m2v70wbvzhc","(one-shot) 'mosaic' (NOUN_wn:03787759n) 'art consisting of a design made of small pieces of colored stone or glass' —> The museum curator carefully restored the ancient Byzantine mosaic found on the floor of the chapel.","YES","07/05/2026, 19:12:07"
"ann1","1777564646559zy35yxuac","(one-shot) 'impulse' (NOUN_wn:07490579n) 'a sudden desire' —> She felt a sudden impulse to quit her job and travel the world.","YES","07/05/2026, 19:12:10"
"ann1","17775646465592mgx5gyhebd","(one-shot) 'aroused' (ADJ_wn:02405677a) 'brought to a state of great tension' —> The sudden crash of the alarm aroused a feeling of panic in the sleeping crowd.","WRONG","07/05/2026, 19:12:16"
"ann1","1777564646559dwir360yeub","(one-shot) 'starve' (VERB_wn:01187948v) 'deprive of a necessity and cause suffering' —> The oppressive regime continued to starve the population of basic medical supplies.","YES","07/05/2026, 19:12:19"
"ann1","1777564646559wri9qk558wf","(one-shot) 'spur' (VERB_wn:01241490v) 'strike with a spur' —> The rider spurred his horse to gallop across the field.","YES","07/05/2026, 19:12:25"
"ann1","177756464655964gfnw3jhos","(one-shot) 'canon' (NOUN_wn:09233446n) 'a ravine formed by a river in an area with little rainfall' —> The hikers marveled at the towering red walls of the deep canon as they trekked toward the river.","YES","07/05/2026, 19:12:38"
"ann1","1777564646559768w9ka1ur3","(one-shot) 'partner' (NOUN_wn:10402417n) 'a person who is a member of a partnership' —> The senior partner at the law firm decided to retire after forty years of practice.","YES","07/05/2026, 19:12:42"
"ann1","17775646465594pdutgbq2ei","(one-shot) 'ounce' (NOUN_wn:02128757n) 'large feline of upland central Asia having long thick whitish fur' —> The elusive ounce is perfectly adapted for survival in the freezing heights of the Himalayas.","YES","07/05/2026, 19:12:47"
"ann1","1777564646559wqdxupegb","(one-shot) 'task' (NOUN_wn:00719705n) 'a specific piece of work required to be done as a duty or for a specific fee' —> She completed the tedious task of filing the documents before the deadline.","YES","07/05/2026, 19:12:57"
"ann1","17775646465597exl8xftnki","(one-shot) 'pick_up' (VERB_wn:00598954v) 'get to know or become aware of, usually accidentally' —> While traveling through Italy, he picked up a few basic phrases in Italian.","YES","07/05/2026, 19:13:01"
"ann1","177756464655938ivw04iyvv","(one-shot) 'capture' (VERB_wn:01686626v) 'succeed in representing or expressing something intangible' —> The poet's verses perfectly captured the essence of longing.","YES","07/05/2026, 19:13:37"
"ann1","1777564646559ftue9foi36r","(one-shot) 'perch' (NOUN_wn:02556846n) 'spiny-finned freshwater food and game fishes' —> The fisherman spent the entire afternoon casting his line into the lake, hoping to catch several large perch.","YES","07/05/2026, 19:13:43"
"ann1","1777564646559zok9r4438ba","(one-shot) 'feast' (NOUN_wn:08253640n) 'a ceremonial dinner party for many people' —> The village organized a magnificent feast to celebrate the autumn harvest.","YES","07/05/2026, 19:13:47"
"ann1","17775646465599x4f9cnhmia","(one-shot) 'abstract' (VERB_wn:01008288v) 'give an abstract (of)' —> The graduate student was asked to abstract the main findings of her thesis for the conference program.","YES","07/05/2026, 19:13:51"
"ann1","1777564646559q7c1eucyetk","(one-shot) 'moderator' (NOUN_wn:10326257n) 'someone who presides over a forum or debate' —> The moderator carefully ensured that each candidate had an equal amount of time to speak during the televised debate.","YES","07/05/2026, 19:13:56"
"ann1","1777564646559d1tk6j19fxh","(one-shot) 'exciting' (ADJ_wn:00921014a) 'creating or arousing excitement' —> The children were thrilled to start their exciting journey to the amusement park.","YES","07/05/2026, 19:13:59"
"ann1","1777564646559nxjo525xt5s","(one-shot) 'guess' (VERB_wn:00916909v) 'put forward, of a guess, in spite of possible refutation' —> I would guess that the culprit left through the back door, although there are no footprints in the mud.","YES","07/05/2026, 19:14:04"
"ann1","17775646465596b63u31brjy","(one-shot) 'priest' (NOUN_wn:10471250n) 'a person who performs religious duties and ceremonies in a non-Christian religion' —> The Shinto priest carefully offered a prayer for the prosperity of the community.","YES","07/05/2026, 19:14:08"
"ann1","17775646465593uufuyrynh8","(one-shot) 'charge' (NOUN_wn:03008565n) 'heraldry consisting of a design or image depicted on a shield' —> The knight's coat of arms featured a golden lion as the central charge.","YES","07/05/2026, 19:14:14"
"ann1","1777564646559wbjcrocmphd","(one-shot) 'occupy' (VERB_wn:02649042v) 'occupy the whole of' —> The sprawling city ruins occupy the entire valley.","YES","07/05/2026, 19:14:17"
"ann1","1777564646559782cewrb3nc","(one-shot) 'pool' (NOUN_wn:08236438n) 'an association of companies for some definite purpose' —> The major airlines formed a pool to coordinate their flight schedules and share operating costs.","YES","07/05/2026, 19:14:20"
"ann1","1777564646559ht0rs8qp8wt","(one-shot) 'laughter' (NOUN_wn:07127006n) 'the sound of laughing' —> The sound of children's laughter echoed through the quiet hallways of the school.","YES","07/05/2026, 19:14:23"
"ann1","1777564646559q5pamljuv3","(one-shot) 'caution' (NOUN_wn:04891184n) 'the trait of being circumspect and prudent' —> The experienced mountain climber approached the crumbling ledge with extreme caution.","YES","07/05/2026, 19:14:28"
"ann1","17775646465592ul26w1e5er","(one-shot) 'overboard' (ADV_wn:00173131r) 'from on board a vessel into the water' —> The panicked passenger accidentally tumbled overboard during the storm.","YES","07/05/2026, 19:14:34"
"ann1","17775646465594bopxq7wijn","(one-shot) 'run_out' (VERB_wn:00561714v) 'exhaust the supply of' —> We will run out of coffee if we don't go to the store today.","YES","07/05/2026, 19:14:36"
"ann1","1777564646559808v02tt9d","(one-shot) 'harm' (NOUN_wn:00403092n) 'the act of damaging something or someone' —> The lawyer argued that the defendant's negligence had caused significant harm to the victim's health.","YES","07/05/2026, 19:14:45"
"ann1","1777564646559py7aiut3fhk","(one-shot) 'spiral' (NOUN_wn:13876561n) 'a curve that lies on the surface of a cylinder or cone and cuts the element at a constant angle' —> The engineer carefully measured the pitch of the metal spiral winding around the conical tower.","YES","07/05/2026, 19:14:50"
"ann1","1777564646559wmzq83ho2nh","(one-shot) 'adoption' (NOUN_wn:00180413n) 'the act of accepting with approval; favorable reception' —> The new safety protocols met with wide adoption among the staff after the first successful trial.","YES","07/05/2026, 19:14:56"
"ann1","1777564646559qbo2xrelt9e","(one-shot) 'search' (VERB_wn:00648224v) 'inquire into' —> The detective began to search into the suspect's mysterious past.","YES","07/05/2026, 19:14:58"
"ann1","1777564646559f58qd5tn5au","(one-shot) 'wattle' (NOUN_wn:05471427n) 'a fleshy wrinkled and often brightly colored fold of skin hanging from the neck or throat of certain birds (chickens and turkeys) or lizards' —> The rooster strutted across the farmyard, proudly displaying his bright red wattle.","YES","07/05/2026, 19:15:06"
"ann1","1777564646559h3dyzhkenk4","(one-shot) 'release' (VERB_wn:00104868v) 'eliminate (a substance)' —> The athlete's muscles released lactic acid after the intense sprint.","YES","07/05/2026, 19:15:12"
"ann1","1777564646559fk6w691w4ii","(one-shot) 'superior' (NOUN_wn:09333171n) 'the largest freshwater lake in the world; the deepest of the Great Lakes' —> We spent the entire summer sailing across the vast waters of Lake Superior.","YES","07/05/2026, 19:15:19"
"ann1","1777564646559ubuld4xv5dc","(one-shot) 'command' (VERB_wn:00751567v) 'make someone do something' —> The general commanded the soldiers to advance toward the enemy line.","YES","07/05/2026, 19:15:24"
"ann1","1777564646559b242gnn1ktn","(one-shot) 'contradict' (VERB_wn:00776059v) 'be resistant to' —> The stubborn material contradicted the chemical treatment, remaining completely unchanged.","YES","07/05/2026, 19:15:31"
"ann1","1777564646559obell1w3v3","(one-shot) 'manchester' (NOUN_wn:08876975n) 'a city in northwestern England (30 miles to the east of Liverpool); heart of the most densely populated area of England' —> Many tourists visit Manchester to explore its world-famous museums and vibrant music scene.","YES","07/05/2026, 19:15:34"
"ann1","1777564646559urkq2ked1hd","(one-shot) 'convertible' (ADJ_wn:00916706a) 'capable of being exchanged for or replaced by something of equal value' —> The investor held several convertible bonds that could be swapped for shares of company stock.","YES","07/05/2026, 19:15:39"
"ann1","1777564646559dpxhn6ow05","(one-shot) 'economical' (ADJ_wn:00840212a) 'using the minimum of time or resources necessary for effectiveness' —> The chef used an economical amount of butter to flavor the sauce without overpowering the vegetables.","YES","07/05/2026, 19:15:43"
"ann1","17775646465592n7phiiq9wn","(one-shot) 'reality' (NOUN_wn:13956097n) 'the state of the world as it really is rather than as you might want it to be' —> She struggled to accept the harsh reality of her financial situation after losing her job.","YES","07/05/2026, 19:15:47"
"ann1","1777564646559fslrp2m2ni5","(one-shot) 'affected' (ADJ_wn:00070939a) 'acted upon; influenced' —> The coastal towns were severely affected by the rising sea levels.","YES","07/05/2026, 19:15:50"
"ann1","1777564646559ybs37gu385","(one-shot) 'leak' (VERB_wn:00258109v) 'have an opening that allows light or substances to enter or go out' —> The old rusty pipe began to leak water all over the basement floor.","YES","07/05/2026, 19:15:54"
"ann1","1777564646559bnro9139m8l","(one-shot) 'block' (VERB_wn:00609100v) 'be unable to remember' —> I tried to recall his name, but my mind completely blocked it.","YES","07/05/2026, 19:15:58"
"ann1","17775646465594ro3hi4102a","(one-shot) 'invade' (VERB_wn:01227488v) 'penetrate or assault, in a harmful or injurious way' —> The enemy troops attempted to invade the coastal city under the cover of darkness.","YES","07/05/2026, 19:16:04"
"ann1","1777564646559bfvacb7cw0u","(one-shot) 'fertilize' (VERB_wn:00504270v) 'make fertile or productive' —> The farmer used organic compost to fertilize the depleted soil.","YES","07/05/2026, 19:16:08"
"ann1","1777564646559sihd5az9th","(one-shot) 'revive' (VERB_wn:00169298v) 'be brought back to life, consciousness, or strength' —> The paramedics worked quickly to revive the unconscious swimmer.","YES","07/05/2026, 19:16:11"
"ann1","17775646465594tu49fr1h63","(one-shot) 'tease' (VERB_wn:01531635v) 'raise the nap of (fabrics)' —> The artisan used a metal comb to tease the wool before spinning it into yarn.","YES","07/05/2026, 19:16:15"
"ann1","1777564646559ojnjjj4z5oa","(one-shot) 'navigation' (NOUN_wn:00314469n) 'the work of a sailor' —> The captain spent decades mastering the art of navigation across the Atlantic.","YES","07/05/2026, 19:16:20"
"ann1","1777564646559139sbz08qoap","(one-shot) 'reference' (NOUN_wn:07258664n) 'a publication (or a passage from a publication) that is referred to' —> The student carefully listed every reference used in her research paper to avoid plagiarism.","YES","07/05/2026, 19:16:33"
"ann1","17775646465595t9firpdtae","(one-shot) 'enclose' (VERB_wn:02711114v) 'close in; darkness enclosed him'' —> The thick fog enclosed the small village in a ghostly shroud.","YES","07/05/2026, 19:16:40"
"ann1","177756464655950qt74gf00a","(one-shot) 'stage' (VERB_wn:01711445v) 'perform (a play), especially on a stage' —> The local drama club decided to stage a revival of the classic Shakespearean comedy.","YES","07/05/2026, 19:16:47"
"ann1","1777564646559xlaufh1ro08","(one-shot) 'ragged' (ADJ_wn:00913131a) 'having an irregular outline' —> The coastline was marked by ragged cliffs that plunged sharply into the sea.","YES","07/05/2026, 19:31:39"
"ann1","1777564646559pl3pdubcqw","(one-shot) 'ward' (NOUN_wn:11374085n) 'English writer of novels who was an active opponent of the women's suffrage movement (1851-1920)' —> The literary circles of the era were often divided by the staunch anti-suffrage views held by Ward.","YES","07/05/2026, 19:31:54"
"ann1","1777564646559l1fzcm4dyah","(one-shot) 'victimize' (VERB_wn:02500619v) 'punish unjustly' —> The corrupt regime continued to victimize political dissidents through staged trials.","YES","07/05/2026, 19:32:27"
"ann1","1777564646559sluiek62uns","(one-shot) 'come_up' (VERB_wn:01384752v) 'gather (money or other resources) together over time' —> It took the community several months to come up with enough funds to build the new playground.","YES","07/05/2026, 19:32:35"
"ann1","17775646465591mzq8193n11","(one-shot) 'secrecy' (NOUN_wn:04652177n) 'the trait of keeping things secret' —> The intelligence agency operated in absolute secrecy to avoid detection by the enemy.","YES","07/05/2026, 19:33:00"
"ann1","17775646465596ngmkp2rdwb","(one-shot) 'affirmation' (NOUN_wn:06732350n) 'a statement asserting the existence or the truth of something' —> The judge's nod served as a silent affirmation that the evidence provided was credible.","YES","07/05/2026, 19:33:08"
"ann1","1777564646559yvru4uvwvlr","(one-shot) 'speed' (VERB_wn:00439343v) 'cause to move faster' —> The driver pressed the pedal to speed the car up.","YES","07/05/2026, 19:33:12"
"ann1","17775646465599iawghhpdgt","(one-shot) 'excuse' (VERB_wn:00893167v) 'excuse, overlook, or make allowances for; be lenient with' —> Please excuse my tardiness, as the traffic was unexpectedly heavy this morning.","YES","07/05/2026, 19:33:40"
"ann1","1777564646559vnlykl7wrs9","(one-shot) 'prime_minister' (NOUN_wn:09907196n) 'the person who holds the position of head of the government in the United Kingdom' —> The prime minister addressed the House of Commons regarding the new economic policy.","YES","07/05/2026, 19:33:42"
"ann1","1777564646559vikrsnxwyab","(one-shot) 'contribution' (NOUN_wn:01102712n) 'a writing for publication especially one of a collection of writings as an article or story' —> The literary journal is currently accepting submissions for a special contribution on modern poetry.","YES","07/05/2026, 19:33:46"
"ann1","1777564646559opamkj04hmh","(one-shot) 'land' (NOUN_wn:11115558n) 'United States inventor who incorporated Polaroid film into lenses and invented the one step photographic process (1909-1991)' —> The revolutionary camera technology developed by Land transformed how people captured instant memories.","YES","07/05/2026, 19:33:54"
"ann1","17775646465592abs7q38jk","(one-shot) 'settle' (VERB_wn:00764032v) 'end a legal dispute by arriving at a settlement' —> The two companies decided to settle their lawsuit out of court to avoid a lengthy trial.","YES","07/05/2026, 19:34:01"
"ann1","17775646465594swi6ry172","(one-shot) 'appointed' (ADJ_wn:00846462a) 'subject to appointment' —> The committee consists of several elected members and three appointed officials.","YES","07/05/2026, 19:34:05"
"ann1","17775646465592ode9uxjsmo","(one-shot) 'grounds' (NOUN_wn:03462747n) 'a connection between an electrical device and a large conducting body, such as the earth (which is taken to be at zero voltage)' —> The electrician carefully checked the equipment's grounds to ensure the safety of the laboratory.","YES","07/05/2026, 19:34:10"
"ann1","1777564646559o4gehqhaupf","(one-shot) 'invisible' (ADJ_wn:02517265a) 'impossible or nearly impossible to see; imperceptible by the eye' —> The magician made the rabbit vanish, leaving it completely invisible to the amazed audience.","YES","07/05/2026, 19:34:16"
"ann1","1777564646559whbghj70dei","(one-shot) 'embrace' (VERB_wn:02629793v) 'include in scope; include as part of something broader; have as one's sphere or territory' —> The new urban planning initiative embraces the entire metropolitan area, including the surrounding suburbs.","YES","07/05/2026, 19:34:21"
"ann1","1777564646559p9qxwclkg39","(one-shot) 'represent' (VERB_wn:02541921v) 'be representative or typical for' —> These quiet suburbs represent the typical lifestyle of the middle class in this region.","YES","07/05/2026, 19:34:23"
"ann1","1777564646559tarbk7tt7ya","(one-shot) 'withdraw' (VERB_wn:00799383v) 'make a retreat from an earlier commitment or activity' —> The candidate decided to withdraw from the mayoral race after the scandal broke.","YES","07/05/2026, 19:34:27"
"ann1","1777564646559aw2j6nplpg8","(one-shot) 'starter' (NOUN_wn:03127024n) 'a hand tool consisting of a rotating shaft with parallel handle' —> The mechanic reached for the starter to manually rotate the engine's crankshaft.","YES","07/05/2026, 19:34:33"
"ann1","1777564646559sh8ral4j6uq","(one-shot) 'refine' (VERB_wn:00401688v) 'make more precise or increase the discriminatory powers of' —> The scientists used a new algorithm to refine the measurements of the cosmic background radiation.","YES","07/05/2026, 19:34:44"
"ann1","17775646465591m8gu6rc6qv","(one-shot) 'set_out' (VERB_wn:01474209v) 'lay out orderly or logically in a line or as if in a line' —> She set out the dining silverware precisely before the guests arrived.","YES","07/05/2026, 19:34:49"
"ann1","17775646465596623mg0fi9n","(one-shot) 'misfortune' (NOUN_wn:14475405n) 'an unfortunate state resulting from unfavorable outcomes' —> Despite her sudden misfortune, she remained optimistic about the future.","YES","07/05/2026, 19:34:52"
"ann1","1777564646559ocs9qafst8s","(one-shot) 'hum' (VERB_wn:02706605v) 'be noisy with activity' —> The city center hums with the energy of the morning commute.","YES","07/05/2026, 19:34:55"
"ann1","1777564646559rbtkbvyytd","(one-shot) 'conventional' (ADJ_wn:00605516a) 'following accepted customs and proprieties' —> The wedding ceremony followed a conventional format, complete with a white dress and a tiered cake.","YES","07/05/2026, 19:35:00"
"ann1","1777564646559w5kusxlzvlg","(one-shot) 'tug' (VERB_wn:02406916v) 'strive and make an effort to reach a goal' —> Despite the setbacks, the young artist continued to tug toward her dream of opening a gallery.","YES","07/05/2026, 19:35:04"
"ann1","17775646465596cv2x3tewy8","(one-shot) 'endorsement' (NOUN_wn:06687358n) 'formal and explicit approval' —> The candidate's campaign gained significant momentum after receiving a public endorsement from the governor.","YES","07/05/2026, 19:35:09"
"ann1","1777564646559agfc17y6igb","(one-shot) 'out' (ADJ_wn:02061487a) 'not allowed to continue to bat or run' —> The umpire signaled that the batsman was out.","YES","07/05/2026, 19:35:13"
"ann1","1777564646559wm0a1iee1qh","(one-shot) 'organize' (VERB_wn:01651444v) 'arrange by systematic planning and united effort' —> The community worked together to organize a massive food drive for the shelter.","YES","07/05/2026, 19:35:17"
"ann1","1777564646559illn99397di","(one-shot) 'club' (NOUN_wn:03053788n) 'a playing card in the minor suit that has one or more black trefoils on it' —> The magician asked the spectator to pick a card, and he revealed that it was the ace of clubs.","YES","07/05/2026, 19:35:22"
"ann1","1777564646559wh3th3wj82k","(one-shot) 'casing' (NOUN_wn:02977619n) 'the enclosing frame around a door or window opening' —> The carpenter carefully sanded the oak casing around the living room window to ensure a smooth finish.","YES","07/05/2026, 19:35:25"
"ann1","1777564646559gzwh96ktvij","(one-shot) 'reversal' (NOUN_wn:01185981n) 'a judgment by a higher court that the judgment of a lower court was incorrect and should be set aside' —> The defense attorney filed a petition for a reversal after discovering new evidence that proved her client's innocence.","YES","07/05/2026, 19:35:40"
"ann1","1777564646559u1zmpb3u7ld","(one-shot) 'mold' (VERB_wn:01662771v) 'form by pouring (e.g., wax or hot metal) into a cast or mold' —> The artisan molded the molten gold into a delicate ring.","YES","07/05/2026, 19:35:43"
"ann1","17775646465590jqjcv80t6dc","(one-shot) 'tapestry' (NOUN_wn:04393404n) 'a wall hanging of heavy handwoven fabric with pictorial designs' —> The museum curator carefully restored the ancient tapestry that depicted a royal hunting scene.","YES","07/05/2026, 19:35:46"
"ann1","1777564646559kfsl25tamyn","(one-shot) 'control' (NOUN_wn:13827205n) 'a relation of constraint of one entity (thing or person or group) by another' —> The dictator maintained strict control over every aspect of the citizens' daily lives.","YES","07/05/2026, 19:35:49"
"ann1","177756464655915mvk88oj4b","(one-shot) 'memorial' (NOUN_wn:03743902n) 'a structure erected to commemorate persons or events' —> The city council voted to build a granite memorial in the center of the park to honor the fallen soldiers.","YES","07/05/2026, 19:35:56"
"ann1","1777564646559lv369obruvq","(one-shot) 'debate' (VERB_wn:00812580v) 'discuss the pros and cons of an issue' —> The committee will debate the new policy during tomorrow's meeting.","YES","07/05/2026, 19:36:32"
"ann1","1777564646559chlhucj4z7d","(one-shot) 'slice' (NOUN_wn:00572043n) 'a golf shot that curves to the right for a right-handed golfer' —> The amateur golfer groaned in frustration as his drive became a massive slice that landed deep in the rough.","YES","07/05/2026, 19:36:42"
"ann1","1777564646559da7gj78j85c","(one-shot) 'discipline' (NOUN_wn:00893836n) 'training to improve strength or self-control' —> The athlete's rigorous daily discipline allowed her to maintain focus during the final stretch of the marathon.","YES","07/05/2026, 19:36:50"
"ann1","1777564646559fieyb3d9ced","(one-shot) 'yield' (VERB_wn:01116447v) 'cease opposition; stop fighting' —> The defeated army finally yielded after the fortress walls were breached.","YES","07/05/2026, 19:36:58"
"ann1","1777564646559eyrnsxjq5f4","(one-shot) 'trust' (NOUN_wn:05943066n) 'complete confidence in a person or plan etc' —> Maintaining a deep sense of trust between teammates is essential for the success of the project.","YES","07/05/2026, 19:37:12"
"ann1","177756464655969fbjrad4kv","(one-shot) 'sum' (NOUN_wn:04353803n) 'the whole amount' —> The total sum of the donations exceeded the charity's expectations.","YES","07/05/2026, 19:37:18"
"ann1","177756464655965xy0gd1hjv","(one-shot) 'extend' (VERB_wn:02690093v) 'reach outward in space' —> The long pier extends far into the turquoise water.","YES","07/05/2026, 19:37:20"
"ann1","1777564646559co6t7c29w4l","(one-shot) 'trickery' (NOUN_wn:06760722n) 'verbal misrepresentation intended to take advantage of you in some way' —> The crooked salesman relied on clever trickery to convince the elderly couple to sign the predatory contract.","YES","07/05/2026, 19:37:28"
"ann1","177756464655917u3nit6oi2","(one-shot) 'whiting' (NOUN_wn:02637977n) 'a small fish of the genus Sillago; excellent food fish' —> The chef prepared a platter of pan-seared whiting served with a lemon butter sauce.","YES","07/05/2026, 19:37:32"
"ann1","1777564646559pysyu3itozr","(one-shot) 'suggest' (VERB_wn:00927430v) 'drop a hint; intimate by a hint' —> She subtly suggested that it was time for the guests to leave.","YES","07/05/2026, 19:37:36"
"ann1","17775646465593pz1xssb84c","(one-shot) 'fowl' (NOUN_wn:01789740n) 'a domesticated gallinaceous bird thought to be descended from the red jungle fowl' —> The farmer spent his morning gathering fresh eggs from the coop full of fowl.","YES","07/05/2026, 19:37:42"
"ann1","177756464655991z123l8uub","(one-shot) 'contribute' (VERB_wn:02308741v) 'contribute to some cause' —> She decided to contribute a portion of her monthly salary to the local children's hospital.","YES","07/05/2026, 19:37:49"
"ann1","17775646465595f67hn0oowg","(one-shot) 'sight' (NOUN_wn:05623818n) 'the range of vision' —> The distant lighthouse slowly faded from her sight as the ship sailed further into the fog.","YES","07/05/2026, 19:37:56"
"ann1","1777564646559alwsrdrf4if","(one-shot) 'clear' (VERB_wn:00450565v) 'remove the occupants of' —> The police officer ordered the crowd to clear the building immediately.","YES","07/05/2026, 19:38:00"
"ann1","177756464655932g7u4khw7v","(one-shot) 'discover' (VERB_wn:00598954v) 'get to know or become aware of, usually accidentally' —> While cleaning the attic, she discovered an old collection of handwritten letters.","YES","07/05/2026, 19:38:04"
"ann1","1777564646559sdt006b0mqb","(one-shot) 'ache' (VERB_wn:01805684v) 'have a desire for something or someone who is not present' —> After months of traveling abroad, I ache for the comfort of my own bed.","YES","07/05/2026, 19:38:07"
"ann1","1777564646559iz1v5rtjyij","(one-shot) 'serve' (VERB_wn:01428011v) 'mate with' —> The farmer decided to serve the prize sow this spring.","YES","07/05/2026, 19:38:13"
"ann1","1777564646559gju0zpflpj","(one-shot) 'pace' (VERB_wn:00702601v) 'regulate or set the pace of' —> The experienced marathoner paced herself carefully to ensure she had enough energy for the final sprint.","YES","07/05/2026, 19:38:18"
"ann1","1777564646559ee8dlx3feeg","(one-shot) 'suffer' (VERB_wn:00204872v) 'be set at a disadvantage' —> The small independent bookstore suffered from the arrival of a giant retail chain in town.","YES","07/05/2026, 19:38:22"
"ann1","1777564646559mf8q97gddom","(one-shot) 'exclusion' (NOUN_wn:14413993n) 'the state of being excommunicated' —> The priest warned the parishioner that continued heresy would lead to his permanent exclusion from the church.","YES","07/05/2026, 19:38:27"
"ann1","1777564646559y6rn3ley5g","(one-shot) 'attraction' (NOUN_wn:11426530n) 'the force by which one object attracts another' —> The gravitational attraction between the Earth and the Moon stabilizes the planet's axial tilt.","YES","07/05/2026, 19:38:33"
"ann1","17775646465590j1dd6itar9q","(one-shot) 'immediate' (ADJ_wn:00978754a) 'performed with little or no delay' —> The patient required immediate medical attention after the accident.","YES","07/05/2026, 19:38:43"
"ann1","1777564646559hsw3bn09z3c","(one-shot) 'proceed' (VERB_wn:00341560v) 'follow a certain course' —> The hikers proceeded along the narrow mountain trail toward the summit.","YES","07/05/2026, 19:38:47"
"ann1","1777564646559pf4wfnwmkvl","(one-shot) 'detonate' (VERB_wn:00306298v) 'burst and release energy as through a violent chemical or physical reaction' —> The engineers carefully detonated the explosives to clear the rocky path.","YES","07/05/2026, 19:38:56"
"ann1","1777564646559805tes71xjm","(one-shot) 'break' (VERB_wn:02399331v) 'assign to a lower position; reduce in rank' —> The general was broken to a colonel after the failed campaign.","YES","07/05/2026, 19:39:03"
"ann1","1777564646559azv86ltr3el","(one-shot) 'structural' (ADJ_wn:00586060a) 'concerned with systematic structure in a particular field of study' —> The linguist argued that the differences between the two dialects were primarily structural rather than lexical.","YES","07/05/2026, 19:39:14"
"ann1","1777564646559kdd7vxqe2wo","(one-shot) 'legendary' (ADJ_wn:01935744a) 'celebrated in fable or legend' —> The knights embarked on a quest to find the legendary sword of Excalibur.","YES","07/05/2026, 19:39:23"
"ann1","17775646465596r4nfdwpr4p","(one-shot) 'sporting' (ADJ_wn:01297946a) 'preoccupied with the pursuit of pleasure and especially games of chance' —> The wealthy aristocrat lived a sporting life, spending his afternoons at the racecourse and his evenings at the baccarat table.","YES","07/05/2026, 19:39:36"
"ann1","1777564646559e7qbuvhkff","(one-shot) 'bite' (NOUN_wn:06776986n) 'wit having a sharp and caustic quality' —> The lawyer's cross-examination was delivered with a rhythmic precision and a caustic bite that left the witness speechless.","YES","07/05/2026, 19:40:25"
"ann1","1777564646559lph5s4bsna","(one-shot) 'welcome' (VERB_wn:02237206v) 'accept gladly' —> The community will welcome the new laws regarding environmental protection.","YES","07/05/2026, 19:40:32"
"ann1","17775646465594s1oyyydsx","(one-shot) 'deal' (VERB_wn:01033527v) 'act on verbally or in some form of artistic expression' —> The latest novel deals with the complexities of grief.","YES","07/05/2026, 19:40:35"
"ann1","1777564646559mbcap65574","(one-shot) 'open' (ADJ_wn:00185509a) 'not having been filled' —> The company is currently advertising several open positions in the marketing department.","YES","07/05/2026, 19:40:39"
"ann1","1777564646559b606wvc6yvo","(one-shot) 'formally' (ADV_wn:00186366r) 'in a formal manner' —> The diplomat addressed the assembly formally to ensure all protocols were observed.","YES","07/05/2026, 19:40:41"
"ann1","1777564646559l7mx159r2wa","(one-shot) 'display' (NOUN_wn:07213717n) 'behavior that makes your feelings public' —> The athlete's sudden display of anger after the loss shocked the spectators.","YES","07/05/2026, 19:40:44"
"ann1","1777564646559yjl93h8rpi","(one-shot) 'inventory' (NOUN_wn:13412533n) '(accounting) the value of a firm's current assets including raw materials and work in progress and finished goods' —> The company reported a significant loss after a sudden drop in the market value of its inventory.","YES","07/05/2026, 19:40:52"
"ann1","1777564646559gebmanbv348","(one-shot) 'penalty' (NOUN_wn:05164845n) 'the disadvantage or painful consequences of an action or condition' —> Skipping the warm-up exercises often results in the penalty of a sudden muscle strain.","YES","07/05/2026, 19:40:57"
"ann1","1777564646559pvazuehczj","(one-shot) 'charge' (NOUN_wn:07169480n) 'a formal statement of a command or injunction to do something' —> The captain gave a final charge to his soldiers to hold the line at all costs.","YES","07/05/2026, 19:41:03"
"ann1","1777564646559mmewbdxi5c","(one-shot) 'twitch' (VERB_wn:01893601v) 'toss with a sharp movement so as to cause to turn over in the air' —> The fisherman twitched the lure to attract the hungry bass.","YES","07/05/2026, 19:41:08"
"ann1","17775646465596m48wmb3r5k","(one-shot) 'bury' (VERB_wn:01582409v) 'enclose or envelop completely, as if by swallowing' —> The thick fog buried the small coastal village in a blanket of gray.","YES","07/05/2026, 19:41:14"
"ann1","1777564646559csi5w96b9j9","(one-shot) 'expectation' (NOUN_wn:07510923n) 'the feeling that something is about to happen' —> The crowd waited in breathless expectation as the curtain slowly rose on the first act.","YES","07/05/2026, 19:41:23"
"ann1","17775646465594cq6i9p0c8p","(one-shot) 'rigging' (NOUN_wn:04091693n) 'gear consisting of ropes etc. supporting a ship's masts and sails' —> The sailors spent the entire afternoon inspecting the rigging to ensure the vessel was ready for the storm.","YES","07/05/2026, 19:41:27"
"ann1","1777564646559vrxfqmpzkx","(one-shot) 'inside' (ADV_wn:00104099r) 'in reality' —> He appeared confident during the presentation, but inside he was terrified of failing.","YES","07/05/2026, 19:41:32"
"ann1","1777564646559i6m1tej2yz","(one-shot) 'nominate' (VERB_wn:00879540v) 'propose as a candidate for some honor' —> The committee decided to nominate her for the Nobel Peace Prize.","YES","07/05/2026, 19:41:36"
"ann1","1777564646559mnfmjnf8kqt","(one-shot) 'draw' (VERB_wn:01760300v) 'elicit responses, such as objections, criticism, applause, etc.' —> The controversial decision by the committee drew sharp criticism from the public.","YES","07/05/2026, 19:41:42"
"ann1","1777564646559orq0cexf6wd","(one-shot) 'intuitive' (ADJ_wn:02282843a) 'spontaneously derived from or prompted by a natural tendency' —> The new software interface is so intuitive that beginners can navigate it without any training.","YES","07/05/2026, 19:41:45"
"ann1","1777564646559xmi7t0htypc","(one-shot) 'appliance' (NOUN_wn:02729837n) 'durable goods for home or office use' —> The modern kitchen is equipped with every energy-efficient appliance imaginable.","YES","07/05/2026, 19:41:49"
"ann1","177756464655992cz913fdlm","(one-shot) 'shift' (VERB_wn:00584410v) 'change phonetically as part of a systematic historical change' —> The Great Vowel Shift fundamentally altered the pronunciation of Middle English.","YES","07/05/2026, 19:42:00"
"ann1","1777564646559u8653rs4wgh","(one-shot) 'hitch' (NOUN_wn:05691144n) 'an unforeseen obstacle' —> The event went off without a single hitch, much to the relief of the organizers.","YES","07/05/2026, 19:42:06"
"ann1","1777564646559kacr690mcnq","(one-shot) 'emergence' (NOUN_wn:00044455n) 'the act of coming (or going) out; becoming apparent' —> The sudden emergence of the bear from the thicket startled the hikers.","YES","07/05/2026, 19:42:13"
"ann1","1777564646559n11ep34t4jj","(one-shot) 'pass' (VERB_wn:02523351v) 'go unchallenged; be approved' —> The new legislation passed with a majority vote in the senate.","YES","07/05/2026, 19:42:16"
"ann1","17775646465598jwpaqepbwe","(one-shot) 'direction' (NOUN_wn:08679972n) 'a line leading to a place or point' —> The hiker checked the map to ensure they were heading in the right direction toward the summit.","YES","07/05/2026, 19:42:21"
"ann1","1777564646559xr0me7lsypd","(one-shot) 'desert' (VERB_wn:00614057v) 'leave someone who needs or counts on you; leave in the lurch' —> The soldier vowed that he would never desert his comrades on the battlefield.","YES","07/05/2026, 21:59:01"
"ann1","1777564646559zi1esehzff","(one-shot) 'life' (NOUN_wn:13961642n) 'the condition of living or the state of being alive' —> The doctors worked tirelessly to save the patient's life after the accident.","YES","07/05/2026, 21:59:05"
"ann1","17775646465595l92k4p3diq","(one-shot) 'cut' (NOUN_wn:06721461n) 'a remark capable of wounding mentally' —> Her subtle cuts during the debate left him feeling humiliated in front of the entire committee.","YES","07/05/2026, 21:59:17"
"ann1","1777564646559yvgjhao1ibl","(one-shot) 'cast' (VERB_wn:00981276v) 'formulate in a particular style or language' —> The lawyer cast the argument in a way that would appeal to the jury's emotions.","YES","07/05/2026, 22:00:18"
"ann1","1777564646559oc2jcrk9zf","(one-shot) 'bathe' (VERB_wn:01582070v) 'suffuse with or as if with light' —> The golden rays of the setting sun bathed the valley in a warm glow.","YES","07/05/2026, 22:00:26"
"ann1","1777564646559phsrdeson9b","(one-shot) 'gentle' (ADJ_wn:01373314a) 'having or showing a kindly or tender nature' —> The nurse provided gentle care to the frightened child.","YES","07/05/2026, 22:00:31"
"ann1","1777564646559pgpd4svtol","(one-shot) 'litter' (NOUN_wn:02820432n) 'material used to provide a bed for animals' —> The farmer spread a fresh layer of straw litter in the pigpen to keep the animals warm.","YES","07/05/2026, 22:00:39"
"ann1","1777564646559zd8gbjs8us","(one-shot) 'carrier' (NOUN_wn:01314145n) '(genetics) an organism that possesses a recessive gene whose effect is masked by a dominant allele; the associated trait is not apparent but can be passed on to offspring' —> Although she showed no symptoms of the condition, the genetic test confirmed she was a carrier of cystic fibrosis.","YES","07/05/2026, 22:00:49"
"ann1","17775646465590pnor0rjn4pi","(one-shot) 'stuffing' (NOUN_wn:07678729n) 'a mixture of seasoned ingredients used to stuff meats and vegetables' —> The chef prepared a savory stuffing made of breadcrumbs and herbs for the roast turkey.","YES","07/05/2026, 22:00:56"
"ann1","1777564646559vr8gx3mrbem","(one-shot) 'hostility' (NOUN_wn:07547805n) 'the feeling of a hostile person' —> The long-standing hostility between the two neighboring families made the town hall meeting incredibly tense.","YES","07/05/2026, 22:00:59"
"ann1","177756464655933dq61l3vxz","(one-shot) 'compound' (VERB_wn:01461328v) 'combine so as to form a whole; mix' —> The chemist carefully compounded the various ingredients to create the new ointment.","YES","07/05/2026, 22:01:05"
"ann1","1777564646559hsotcwzmlca","(one-shot) 'suit' (VERB_wn:02724258v) 'enhance the appearance of' —> That deep shade of blue really suits you.","YES","07/05/2026, 22:01:08"
"ann1","17775646465590u6ke3fw0rmf","(one-shot) 'shield' (NOUN_wn:04192698n) 'armor carried on the arm to intercept blows' —> The brave knight raised his heavy shield to block the incoming sword strike.","YES","07/05/2026, 22:01:13"
"ann1","1777564646559zoqknl8vtif","(one-shot) 'doubt' (VERB_wn:00687523v) 'lack confidence in or have doubts about' —> I doubt that the team will finish the project by Friday.","YES","07/05/2026, 22:01:16"
"ann1","1777564646559yqg8n52i4z","(one-shot) 'bloom' (NOUN_wn:13439390n) 'the organic process of bearing flowers' —> The spring rains encouraged a sudden and vibrant bloom across the entire valley.","YES","07/05/2026, 22:01:20"
"ann1","17775646465592k42fcdop4y","(one-shot) 'depression' (NOUN_wn:09366017n) 'a sunken or depressed geological formation' —> The explorers discovered a small depression in the valley floor that had collected rainwater over several centuries.","YES","07/05/2026, 22:01:27"
"ann1","1777564646559ax3yghfhgcp","(one-shot) 'lead' (NOUN_wn:13893129n) 'the angle between the direction a gun is aimed and the position of a moving target (correcting for the flight time of the missile)' —> The experienced hunter carefully adjusted his lead to ensure the bullet would intersect with the flying duck's path.","YES","07/05/2026, 22:01:33"
"ann1","1777564646559t6ik6mmi17","(one-shot) 'innovation' (NOUN_wn:03582658n) 'a creation (a new device or process) resulting from study and experimentation' —> The company's latest technological innovation has significantly reduced production costs and energy consumption.","YES","07/05/2026, 22:01:37"
"ann1","1777564646559qcwlspgk6s","(one-shot) 'column' (NOUN_wn:03074380n) 'a vertical cylindrical structure standing alone and not supporting anything (such as a monument)' —> The tourists paused to take photographs of the ancient marble column standing solitary in the center of the plaza.","YES","07/05/2026, 22:01:41"
"ann1","1777564646559iyzvchb256","(one-shot) 'annul' (VERB_wn:00799798v) 'cancel officially' —> The judge decided to annul the marriage after discovering the fraud.","YES","07/05/2026, 22:01:46"
"ann1","1777564646559bbau1z061pa","(one-shot) 'propagate' (VERB_wn:00055539v) 'multiply sexually or asexually' —> Certain species of succulents can propagate easily from a single leaf cutting.","YES","07/05/2026, 22:01:49"
"ann1","1777564646559og4o6j4l3ld","(one-shot) 'excite' (VERB_wn:00558963v) 'produce a magnetic field in' —> The physicist used a high-frequency current to excite the ferrite core.","YES","07/05/2026, 22:01:53"
"ann1","1777564646559ab53x9s0jrf","(one-shot) 'overtake' (VERB_wn:01809321v) 'overcome, as with emotions or perceptual stimuli' —> A wave of sudden grief overtook her when she saw the old photograph.","YES","07/05/2026, 22:01:59"
"ann1","17775646465593b6owxgcym","(one-shot) 'bring_up' (VERB_wn:01859854v) 'cause to come to a sudden stop' —> The driver slammed on the brakes to bring up the car before the intersection.","YES","07/05/2026, 22:02:03"
"ann1","17775646465597lxky2q8ci6","(one-shot) 'squad' (NOUN_wn:08080947n) 'a small squad of policemen trained to deal with a particular kind of crime' —> The city's elite narcotics squad conducted a midnight raid on the warehouse to seize the illegal shipment.","YES","07/05/2026, 22:02:08"
"ann1","1777564646559nbyxwxdy2ea","(one-shot) 'accelerator' (NOUN_wn:02670382n) 'a scientific instrument that increases the kinetic energy of charged particles' —> Physicists at CERN utilize a massive particle accelerator to study the fundamental building blocks of the universe.","YES","07/05/2026, 22:02:13"
"ann1","177756464655923hovbw117f","(one-shot) 'brilliant' (ADJ_wn:01285376a) 'characterized by grandeur' —> The royal coronation was a brilliant display of opulence and prestige.","YES","07/05/2026, 22:02:16"
"ann1","1777564646559m7qqu3892w","(one-shot) 'angular' (ADJ_wn:02930616a) 'measured by an angle or by the rate of change of an angle' —> The physicist calculated the angular velocity of the rotating turbine to determine its stability.","YES","07/05/2026, 22:02:19"
"ann1","1777564646559nm1356ef67","(one-shot) 'projection' (NOUN_wn:13919685n) 'any solid convex shape that juts out from something' —> The rock climber gripped a small limestone projection to pull himself up the cliff face.","YES","07/05/2026, 22:02:23"
"ann2","177756464655836415y1fpnx","(one-shot) 'advance' (VERB_wn:01992503v) 'move forward, also in the metaphorical sense' —> The soldiers advanced cautiously toward the enemy fortifications.","YES","30/04/2026, 18:10:37"
"ann2","1777564646558aguxkze2fpl","(one-shot) 'take_away' (VERB_wn:00173338v) 'remove something concrete, as by lifting, pushing, or taking off, or remove something abstract' —> The waiter took away the empty plates once the guests had finished their meal.","YES","30/04/2026, 18:10:46"
"ann2","17775646465580uyrfesb04ub","(one-shot) 'pay_off' (VERB_wn:02292004v) 'yield a profit or result' —> All those long hours of studying finally paid off when she received her doctorate.","YES","30/04/2026, 18:10:53"
"ann2","1777564646558v49chn3exwj","(one-shot) 'specify' (VERB_wn:00709379v) 'design or destine' —> The architect specified the layout of the new library to ensure maximum accessibility.","YES","30/04/2026, 18:11:19"
"ann2","1777564646558v50p7qx5hwp","(one-shot) 'charge' (NOUN_wn:13400798n) 'financial liabilities (such as a tax)' —> The government decided to implement a new service charge on all international transactions.","YES","30/04/2026, 18:11:29"
"ann2","1777564646558tujwtpp3wxc","(one-shot) 'romantic' (ADJ_wn:02789151a) 'belonging to or characteristic of Romanticism or the Romantic Movement in the arts' —> The museum's new exhibition showcases several romantic landscape paintings from the early nineteenth century.","YES","30/04/2026, 18:11:39"
"ann2","1777564646558o755x8iqv1h","(one-shot) 'singular' (ADJ_wn:02182862a) 'grammatical number category referring to a single item or unit' —> The noun 'apple' is used in the singular form when referring to one piece of fruit.","YES","30/04/2026, 18:11:47"
"ann2","17775646465586d7fcw1te0d","(one-shot) 'suggest' (VERB_wn:00928232v) 'suggest the necessity of an intervention; in medicine' —> The patient's abnormal blood test results suggest immediate surgical intervention.","YES","30/04/2026, 18:11:54"
"ann2","1777564646558t4kd8d3s1z","(one-shot) 'wish' (NOUN_wn:07486229n) 'a specific feeling of desire' —> She expressed a heartfelt wish to travel the world after graduation.","YES","30/04/2026, 18:12:03"
"ann2","1777564646558wap83rgmzr","(one-shot) 'dial' (NOUN_wn:03186696n) 'the face of a timepiece; graduated to show the hours' —> The dust had settled so thickly on the antique clock's dial that the Roman numerals were barely visible.","YES","30/04/2026, 18:12:11"
"ann2","1777564646558337wrtenw7","(one-shot) 'will' (NOUN_wn:06544142n) 'a legal document declaring a person's wishes regarding the disposal of their property when they die' —> The lawyer advised the elderly man to update his will to include his grandchildren.","YES","30/04/2026, 18:12:20"
"ann2","17775646465587sqbr8qgnku","(one-shot) 'orientation' (NOUN_wn:06208021n) 'an integrated set of attitudes and beliefs' —> The political orientation of the candidate appealed to a wide range of voters.","YES","30/04/2026, 18:12:28"
"ann2","1777564646558ttyfvajdxa","(one-shot) 'recession' (NOUN_wn:01249991n) 'the act of ceding back' —> The recession of the occupied territory occurred after the peace treaty was signed.","YES","30/04/2026, 18:12:37"
"ann2","1777564646558rtxcwuj4fi","(one-shot) 'get_on' (VERB_wn:01849983v) 'grow late or (of time) elapse' —> We should head home since it's getting on.","YES","30/04/2026, 18:12:46"
"ann2","1777564646558zc0gj6lho8r","(one-shot) 'carrier' (NOUN_wn:09897350n) '(medicine) a person (or animal) who has some pathogen to which he is immune but who can pass it on to others' —> The healthy-looking patient was a silent carrier of the bacteria, unknowingly infecting everyone in the clinic.","YES","30/04/2026, 18:12:54"
"ann2","1777564646558qx1qe17ag5","(one-shot) 'hut' (NOUN_wn:03547054n) 'small crude shelter used as a dwelling' —> The hikers spent the rainy night huddled inside a small bamboo hut on the mountainside.","YES","30/04/2026, 18:13:02"
"ann2","17775646465580dvu58r3w3p6","(one-shot) 'observation' (NOUN_wn:05703429n) 'the act of noticing or paying attention' —> Her careful observation of the bird's behavior revealed a unique mating ritual.","YES","30/04/2026, 18:13:12"
"ann2","177756464655855o27sxvup","(one-shot) 'dimensional' (ADJ_wn:00660313a) 'having dimension--the quality or character or stature proper to a person; - Norman Cousins' —> The veteran statesman possessed a dimensional presence that commanded immediate respect from everyone in the room.","YES","30/04/2026, 18:13:22"
"ann2","1777564646558kjrmsvkwbkn","(one-shot) 'shower' (VERB_wn:02757651v) 'rain abundantly' —> Heavy clouds gathered over the valley before the skies began to shower the parched earth.","YES","30/04/2026, 18:13:30"
"ann2","17775646465584h31p8yk32i","(one-shot) 'put_down' (VERB_wn:01981036v) 'cause to come to the ground' —> The exhausted hiker finally put down his heavy backpack.","YES","30/04/2026, 18:13:40"
"ann2","17775646465585b78wyzpgxe","(one-shot) 'passage' (NOUN_wn:00865600n) 'a bodily reaction of changing from one place or stage to another' —> The baby's passage through the birth canal was long and arduous.","YES","30/04/2026, 18:13:54"
"ann2","17775646465588pqbzf5nf4c","(one-shot) 'dull' (ADJ_wn:00036998a) '(of business) not active or brisk' —> Trade remained dull throughout the holiday weekend.","YES","30/04/2026, 18:14:03"
"ann2","1777564646558xoovygcl3yp","(one-shot) 'keep_up' (VERB_wn:01113975v) 'maintain a required pace or level' —> The young athlete struggled to keep up with the lead runners during the final lap.","YES","30/04/2026, 18:14:11"
"ann2","1777564646558rkasomrp58b","(one-shot) 'interior' (ADJ_wn:00952867a) 'situated within or suitable for inside a building' —> The designer selected a soft cream paint for the interior walls of the living room.","YES","30/04/2026, 18:14:19"
"ann2","1777564646558mlxthqejk8s","(one-shot) 'interpreter' (NOUN_wn:10638385n) 'an advocate who represents someone else's policy or purpose' —> The diplomat acted as a skilled interpreter of the president's foreign policy during the summit.","YES","30/04/2026, 18:14:28"
"ann2","177756464655833ih986naqh","(one-shot) 'contradictory' (ADJ_wn:02356579a) 'that confounds or contradicts or confuses' —> The witness provided contradictory testimony that left the jury perplexed.","YES","30/04/2026, 18:14:39"
"ann2","1777564646558w0gl9i3syql","(one-shot) 'pupil' (NOUN_wn:10665698n) 'a learner who is enrolled in an educational institution' —> The dedicated teacher spent her afternoon grading essays submitted by every pupil in the classroom.","YES","30/04/2026, 18:14:48"
"ann2","17775646465580e7dpyi6sab","(one-shot) 'suffer' (VERB_wn:02719807v) 'be given to' —> He suffers from frequent bouts of inexplicable melancholy.","YES","30/04/2026, 18:14:58"
"ann2","1777564646558sdghyu8a4l9","(one-shot) 'balcony' (NOUN_wn:02777734n) 'a platform projecting from the wall of a building and surrounded by a balustrade or railing or parapet' —> She sipped her morning coffee while watching the sunrise from the small balcony of her apartment.","YES","30/04/2026, 18:15:08"
"ann2","1777564646558so75llawzgl","(one-shot) 'runner' (NOUN_wn:10542888n) 'a trained athlete who competes in foot races' —> The professional runner sprinted toward the finish line to secure the gold medal.","YES","30/04/2026, 18:15:19"
"ann2","1777564646558aw4pncm2s0s","(one-shot) 'split' (NOUN_wn:04282664n) '(tenpin bowling) a divided formation of pins left standing after the first bowl' —> The bowler groaned in frustration after leaving a difficult split on his final frame.","YES","30/04/2026, 18:15:27"
"ann2","1777564646558cx8hf38avr7","(one-shot) 'interruption' (NOUN_wn:00383952n) 'an act of delaying or interrupting the continuity' —> The sudden power outage caused a frustrating interruption to the live broadcast.","YES","30/04/2026, 18:15:36"
"ann2","17775646465581rrr7luwtmqj","(one-shot) 'aid' (NOUN_wn:00654885n) 'the work of providing treatment for or attending to someone or something' —> The lifeguard rushed to the beach to provide first aid to the injured swimmer.","YES","30/04/2026, 18:15:46"
"ann2","1777564646558pa94xw0lbgc","(one-shot) 'sheer' (ADJ_wn:01145422a) 'very steep; having a prominent and almost vertical front' —> The hikers paused in awe before the sheer cliff face that towered above the valley.","YES","30/04/2026, 18:15:56"
"ann2","1777564646558246m1x6mj0si","(one-shot) 'enclose' (VERB_wn:01587062v) 'surround completely' —> A high stone wall encloses the private garden.","YES","30/04/2026, 18:16:04"
"ann2","1777564646558i3turxkx9x","(one-shot) 'dip' (NOUN_wn:13892897n) '(physics) the angle that a magnetic needle makes with the plane of the horizon' —> The navigator carefully measured the magnetic dip to determine the vessel's current latitude.","YES","30/04/2026, 18:16:13"
"ann2","1777564646558cl5hlu9y2as","(one-shot) 'slash' (VERB_wn:01322675v) 'cut with sweeping strokes; as with an ax or machete' —> The hiker had to slash through the dense jungle vines to clear a path.","YES","30/04/2026, 18:16:24"
"ann2","17775646465587lxkshs6p2d","(one-shot) 'choice' (NOUN_wn:05790242n) 'the person or thing chosen or selected' —> After reviewing all the candidates, the committee decided that she was the best choice for the position.","YES","30/04/2026, 18:16:32"
"ann2","1777564646558j78vzzg1evl","(one-shot) 'business' (NOUN_wn:01096245n) 'the volume of commercial activity' —> The company reported a significant increase in business during the holiday season.","YES","30/04/2026, 18:16:40"
"ann2","1777564646558qw7ozbpvs1","(one-shot) 'view' (NOUN_wn:05127782n) 'the range of interest or activity that can be anticipated' —> The new project expanded the team's professional view to include sustainable energy solutions.","YES","30/04/2026, 18:16:50"
"ann2","177756464655805nu0lmem5lr","(one-shot) 'spur' (NOUN_wn:13089135n) 'tubular extension at the base of the corolla in some flowers' —> The hummingbird hovered steadily, inserting its long beak into the nectar-filled spur of the columbine flower.","YES","30/04/2026, 18:17:01"
"ann2","1777564646558omnaq0k5gln","(one-shot) 'wicked' (ADJ_wn:01513050a) 'intensely or extremely bad or unpleasant in degree or quality' —> The villagers suffered through a wicked winter that froze the river solid.","YES","30/04/2026, 18:17:09"
"ann2","1777564646558kx9lgs4ppah","(one-shot) 'award' (NOUN_wn:06696483n) 'a tangible symbol signifying approval or distinction' —> The actress proudly displayed the gold award on her mantelpiece.","YES","30/04/2026, 18:17:17"
"ann2","1777564646558zglhvbcecad","(one-shot) 'program' (VERB_wn:01747717v) 'write a computer program' —> She spent the entire weekend programming a new mobile application.","YES","30/04/2026, 18:17:24"
"ann2","1777564646558g4v62spl4xp","(one-shot) 'conform' (VERB_wn:02662979v) 'be similar, be in line with' —> The new building's architecture does not conform to the traditional style of the neighborhood.","YES","30/04/2026, 18:17:32"
"ann2","1777564646558f8dzsbeqdy5","(one-shot) 'bend' (VERB_wn:01280014v) 'cause (a plastic object) to assume a crooked or angular form' —> The technician used a heat gun to bend the PVC pipe into a right angle.","YES","30/04/2026, 18:17:41"
"ann2","1777564646558k8ab9y4oat","(one-shot) 'represent' (VERB_wn:02620587v) 'form or compose' —> Women represent half of the company's workforce.","YES","30/04/2026, 18:17:49"
"ann2","1777564646558suc9hm3jrc","(one-shot) 'tone' (NOUN_wn:04986883n) '(linguistics) a pitch or change in pitch of the voice that serves to distinguish words in tonal languages' —> In Mandarin Chinese, a change in tone can completely alter the meaning of a word.","YES","30/04/2026, 18:17:59"
"ann2","17775646465584epxs6ojg7r","(one-shot) 'jack' (NOUN_wn:03589672n) 'a small ball at which players aim in lawn bowling' —> The bowler carefully rolled his weighted ball toward the small white jack.","YES","30/04/2026, 18:18:06"
"ann2","1777564646558tci1tgpexf9","(one-shot) 'hours' (NOUN_wn:05131023n) 'distance measured by the time taken to cover it' —> The remote village is several hours from the nearest city.","YES","30/04/2026, 18:18:16"
"ann2","17775646465583i51sumynj8","(one-shot) 'replacement' (NOUN_wn:10671736n) 'a person who follows next in order' —> The retiring CEO spent several weeks training his replacement to ensure a smooth transition of power.","YES","30/04/2026, 18:18:25"
"ann2","1777564646558ao5cj3l7ock","(one-shot) 'band' (NOUN_wn:02785365n) 'a thin flat strip or loop of flexible material that goes around or over something else, typically to hold it together or as a decoration' —> She tightened the rubber band around the stack of envelopes to keep them from sliding apart.","YES","30/04/2026, 18:18:35"
"ann2","1777564646558xdlil7e4s7","(one-shot) 'flare' (NOUN_wn:00150097n) '(baseball) a fly ball hit a short distance into the outfield' —> The shortstop scrambled backward to catch the shallow flare before it could hit the grass.","YES","30/04/2026, 18:18:44"
"ann2","1777564646558lhrxxib1o3","(one-shot) 'prescription' (NOUN_wn:03999280n) 'a drug that is available only with written instructions from a doctor or dentist to a pharmacist' —> The pharmacist told me that my prescription would be ready for pickup in twenty minutes.","YES","30/04/2026, 18:18:53"
"ann2","1777564646558lzzgaxfq99","(one-shot) 'allied' (ADJ_wn:02612787a) 'of or relating to or denoting the Allies in World War I' —> The allied forces coordinated a massive offensive during the final months of the conflict.","YES","30/04/2026, 18:19:07"
"ann2","1777564646558oviga2bns0h","(one-shot) 'adjacent' (ADJ_wn:00447472a) 'nearest in space or position; immediately adjoining without intervening space' —> The bookstore is located in the building adjacent to the post office.","YES","30/04/2026, 18:19:18"
"ann2","17775646465585bewls320m2","(one-shot) 'parsley' (NOUN_wn:12942395n) 'annual or perennial herb with aromatic leaves' —> The chef sprinkled freshly chopped parsley over the grilled salmon to add a burst of color and flavor.","YES","30/04/2026, 18:19:27"
"ann2","177756464655807ehq1emucu","(one-shot) 'settle' (VERB_wn:00342164v) 'come as if by falling' —> Thick dust settled on the old bookshelves.","YES","30/04/2026, 18:19:37"
"ann2","17775646465586qnwfpydk5g","(one-shot) 'association' (NOUN_wn:13930385n) 'a social or business relationship' —> The company's strong association with luxury brands has helped them attract a wealthier clientele.","YES","30/04/2026, 18:19:47"
"ann2","1777564646558slb6y5irub","(one-shot) 'wedge' (NOUN_wn:04569983n) 'a heel that is an extension of the sole of the shoe' —> She decided to wear a pair of stylish wedges to the garden party for extra stability on the grass.","YES","30/04/2026, 21:03:38"
"ann2","1777564646558nno8iez524","(one-shot) 'cyprus' (NOUN_wn:08756884n) 'a country on the island of Cyprus; 80% of the people are of Greek origin and 20% or Turkish origin' —> Cyprus is known for its stunning beaches and rich Mediterranean heritage.","YES","30/04/2026, 21:03:46"
"ann2","1777564646558rw19tz1v94e","(one-shot) 'hitch' (NOUN_wn:03520811n) 'any obstruction that impedes or is burdensome' —> The relocation process went smoothly, without a single hitch.","YES","30/04/2026, 21:03:53"
"ann2","1777564646558rv9391xir3","(one-shot) 'flare' (NOUN_wn:03357893n) 'a device that produces a bright light for warning or illumination or identification' —> The stranded sailors ignited a red flare to signal the passing ship for rescue.","YES","30/04/2026, 21:04:03"
"ann2","177756464655839z5u9yfx45","(one-shot) 'charge' (VERB_wn:02348568v) 'cause to be admitted; of persons to an institution' —> The judge decided to charge the defendant to a psychiatric facility for evaluation.","YES","30/04/2026, 21:05:11"
"ann2","1777564646558kj8ppz8k5qs","(one-shot) 'title' (NOUN_wn:05175904n) 'an informal right to something' —> Although he had no legal paperwork, he claimed a title to the ancestral land based on generations of family occupation.","YES","30/04/2026, 21:05:22"
"ann2","1777564646558yy3hq4w3iis","(one-shot) 'adolescent' (ADJ_wn:01490061a) 'in the state of development between puberty and maturity' —> The adolescent boy struggled with the sudden emotional changes brought on by his growth spurt.","YES","30/04/2026, 21:05:33"
"ann2","1777564646558tgldvtora1e","(one-shot) 'carnivore' (NOUN_wn:01324431n) 'any animal that feeds on flesh' —> The lion is a powerful carnivore that hunts zebra and wildebeest on the African savanna.","YES","30/04/2026, 21:05:43"
"ann2","1777564646558m5fze8b0yb","(one-shot) 'lonely' (ADJ_wn:02251212a) 'lacking companions or companionship' —> The lonely old man spent his evenings reading by the fireplace.","YES","30/04/2026, 21:05:53"
"ann2","17775646465581bzo9d9m02","(one-shot) 'reinforcement' (NOUN_wn:01219551n) 'an act performed to strengthen approved behavior' —> The teacher used gold stars as positive reinforcement to encourage the students to stay on task.","YES","30/04/2026, 21:06:01"
"ann2","1777564646558l87k1x730ir","(one-shot) 'curse' (NOUN_wn:07160424n) 'an evil spell' —> The ancient sorceress cast a powerful curse upon the kingdom to ensure its eternal slumber.","YES","30/04/2026, 21:06:11"
"ann2","17775646465583bhclbxotzh","(one-shot) 'spread_out' (VERB_wn:02077148v) 'extend in one or more directions' —> The picnic blanket spread out across the green grass.","YES","30/04/2026, 21:06:20"
"ann2","1777564646558huu1uk6vjsk","(one-shot) 'error' (NOUN_wn:07299569n) '(computer science) the occurrence of an incorrect result produced by a computer' —> The software developer spent the entire afternoon debugging a critical runtime error that caused the application to crash.","YES","30/04/2026, 21:06:29"
"ann2","1777564646558nflanfv9af","(one-shot) 'arch' (NOUN_wn:02734217n) 'a passageway under a curved masonry construction' —> The carriage rattled loudly as it passed beneath the stone arch of the ancient city gate.","YES","30/04/2026, 21:06:38"
"ann2","1777564646558n0bu3f5zkb","(one-shot) 'rewrite' (VERB_wn:01700934v) 'rewrite so as to make fit to suit a new or different purpose' —> The editor asked the author to rewrite the academic paper into a blog post for a general audience.","YES","30/04/2026, 21:06:48"
"ann2","1777564646558joxw0nal6u","(one-shot) 'screen' (NOUN_wn:04151940n) 'a covering that serves to conceal or shelter something' —> She pulled the folding screen across the room to create a private dressing area.","YES","30/04/2026, 21:06:59"
"ann2","1777564646558qmkbip7onyn","(one-shot) 'deliberation' (NOUN_wn:05785067n) 'careful consideration' —> After hours of intense deliberation, the jury finally reached a unanimous verdict.","YES","30/04/2026, 21:07:08"
"ann2","17775646465580ulsz0fqh6dg","(one-shot) 'every' (ADJ_wn:02270186a) 'each and all of a series of entities or intervals as specified' —> Every student in the classroom passed the final exam.","YES","30/04/2026, 21:07:16"
"ann2","1777564646558gvqubm23178","(one-shot) 'digit' (NOUN_wn:13741022n) 'one of the elements that collectively form a system of numeration' —> The binary system represents every number using only two possible digits, zero and one.","YES","30/04/2026, 21:07:26"
"ann2","1777564646558k3jd6yfr7dj","(one-shot) 'lead' (VERB_wn:02440244v) 'be in charge of' —> She was chosen to lead the research team for the new project.","YES","30/04/2026, 21:07:37"
"ann2","1777564646558rivk8fejzy","(one-shot) 'amorous' (ADJ_wn:01465061a) 'inclined toward or displaying love' —> The amorous couple spent the entire evening gazing into each other's eyes.","YES","30/04/2026, 21:07:48"
"ann2","1777564646558deaof05c35c","(one-shot) 'fall' (NOUN_wn:07478531n) 'the lapse of mankind into sinfulness because of the sin of Adam and Eve' —> Many theologians argue that the fall brought about an inherent corruption of human nature.","YES","30/04/2026, 21:07:55"
"ann2","1777564646558go84qksu2mo","(one-shot) 'jerk' (VERB_wn:00009631v) 'make an uncontrolled, short, jerky motion' —> The startled horse jerked its head away from the loud noise.","YES","30/04/2026, 21:08:06"
"ann2","17775646465585d0scsawuf7","(one-shot) 'dialogue' (NOUN_wn:07136206n) 'a conversation between two persons' —> The diplomatic dialogue between the two leaders lasted for several hours before an agreement was reached.","YES","30/04/2026, 21:08:16"
"ann2","1777564646558ppfeq7ox739","(one-shot) 'dash' (NOUN_wn:00294452n) 'a quick run' —> The athlete made a final dash toward the finish line to secure the gold medal.","YES","30/04/2026, 21:08:26"
"ann2","17775646465582axiblf9awt","(one-shot) 'opposite' (ADJ_wn:02070887a) 'being directly across from each other; facing; - Longfellow' —> The bakery is located on the opposite side of the street from the library.","YES","30/04/2026, 21:08:36"
"ann2","1777564646558tbyxmino2qf","(one-shot) 'wind' (VERB_wn:01882814v) 'to move or cause to move in a sinuous, spiral, or circular course' —> The narrow road winds through the mountain pass.","YES","30/04/2026, 21:08:45"
"ann2","17775646465581uwxoef4s2h","(one-shot) 'annul' (VERB_wn:02478059v) 'declare invalid' —> The judge decided to annul the marriage after discovering the fraud.","YES","30/04/2026, 21:08:53"
"ann2","1777564646558m3ch20gllzj","(one-shot) 'operational' (ADJ_wn:03014288a) 'pertaining to a process or series of actions for achieving a result' —> The company is developing a new operational strategy to increase quarterly production.","YES","30/04/2026, 21:09:02"
"ann2","1777564646558zhcsnlu3fu","(one-shot) 'swing' (NOUN_wn:07066042n) 'a style of jazz played by big bands popular in the 1930s; flowing rhythms but less complex than later styles of jazz' —> The dance hall was filled with people leaping to the upbeat sounds of swing.","YES","30/04/2026, 21:09:11"
"ann2","1777564646558d9td1cpx8","(one-shot) 'get_on' (VERB_wn:00424337v) 'appear in a show, on T.V. or radio' —> The aspiring comedian hopes to get on a late-night talk show to promote his new special.","YES","30/04/2026, 21:09:21"
"ann2","1777564646558rjaxakgyseb","(one-shot) 'run_down' (VERB_wn:02068223v) 'move downward' —> Tears ran down her cheeks as she read the letter.","YES","30/04/2026, 21:09:31"
"ann2","1777564646558imi59qp9q5","(one-shot) 'introduction' (NOUN_wn:07162975n) 'a new proposal' —> The committee is currently reviewing the introduction of a four-day workweek to improve employee well-being.","YES","30/04/2026, 21:09:44"
"ann2","1777564646558krglmi0pwwd","(one-shot) 'detergent' (NOUN_wn:15097017n) 'a surface-active chemical widely used in industry and laundering' —> She poured the liquid detergent into the washing machine to clean her stained clothes.","YES","30/04/2026, 21:09:53"
"ann2","1777564646558l7m4gse65s","(one-shot) 'get_into' (VERB_wn:02016523v) 'to come or go into' —> The children scrambled to get into the swimming pool.","YES","30/04/2026, 21:10:02"
"ann2","1777564646558mbzridyxv6e","(one-shot) 'outside' (ADJ_wn:01037885a) 'from or between other countries' —> The company relies heavily on outside investment to fund its global expansion.","YES","30/04/2026, 21:10:21"
"ann2","1777564646558r9m2sx8gad8","(one-shot) 'royal' (ADJ_wn:01592509a) 'being of the rank of a monarch' —> The royal family gathered for the annual banquet at the palace.","YES","30/04/2026, 21:10:30"
"ann2","1777564646558nlyasfowper","(one-shot) 'extinction' (NOUN_wn:05758692n) 'a conditioning process in which the reinforcer is removed and a conditioned response becomes independent of the conditioned stimulus' —> The psychologist observed that the dog's salivation ceased after several trials of extinction.","YES","30/04/2026, 21:10:40"
"ann2","1777564646558lyn6whc84t","(one-shot) 'shift' (VERB_wn:00555447v) 'move from one setting or context to another' —> The conversation shifted from politics to sports once the game started.","YES","30/04/2026, 21:10:50"
"ann2","17775646465585oucovekyeq","(one-shot) 'shower' (VERB_wn:01372994v) 'spray or sprinkle with' —> The gardener showered the delicate seedlings with a fine mist of water.","YES","30/04/2026, 21:10:59"
"ann2","1777564646558aq3p4kyasng","(one-shot) 'expression' (NOUN_wn:06880249n) 'expression without words' —> The subtle expression on her face conveyed more sadness than any spoken words could.","YES","30/04/2026, 21:11:08"
"ann2","17775646465588um5egdr0u","(one-shot) 'reward' (NOUN_wn:07166281n) 'the offer of money for helping to find a criminal or for returning lost property' —> The police posted a generous reward for any information leading to the arrest of the suspect.","YES","30/04/2026, 21:11:18"
"ann2","1777564646558619v92ubfoa","(one-shot) 'glow' (VERB_wn:02160944v) 'emit a steady even light without flames' —> The radioactive minerals glowed faintly in the darkness of the cave.","YES","30/04/2026, 21:11:25"
"ann2","1777564646558fr50b1bkiik","(one-shot) 'worry' (NOUN_wn:07524242n) 'a strong feeling of anxiety' —> Her constant worry about the upcoming exam kept her awake for three nights.","YES","30/04/2026, 21:11:34"
"ann2","1777564646558jdqef1v0nsp","(one-shot) 'break_away' (VERB_wn:02535457v) 'withdraw from an organization or communion' —> The dissident faction decided to break away from the main political party to form their own coalition.","YES","30/04/2026, 21:11:43"
"ann2","1777564646558j26ybbmdf6e","(one-shot) 'greek' (NOUN_wn:06976392n) 'the Hellenic branch of the Indo-European family of languages' —> She spent three years in Athens studying Ancient Greek to better understand Homer's epics.","YES","30/04/2026, 21:11:52"
"ann2","17775646465587mvbfgclen","(one-shot) 'confused' (ADJ_wn:01684133a) 'having lost your bearings; confused as to time or place or personal identity' —> The elderly man woke up in the hospital feeling utterly confused about where he was.","YES","30/04/2026, 21:12:02"
"ann2","1777564646558je5qy5gvkrl","(one-shot) 'concern' (NOUN_wn:05832264n) 'something or someone that causes anxiety; a source of unhappiness' —> The sudden drop in the company's stock price became a major concern for the investors.","YES","30/04/2026, 21:12:12"
"ann2","1777564646558izs7uh2t29","(one-shot) 'blind' (NOUN_wn:06760508n) 'something intended to misrepresent the true nature of an activity' —> The charitable foundation was merely a blind used by the cartel to wash their illicit funds.","YES","30/04/2026, 21:12:21"
"ann2","1777564646558xbrxcv8bttn","(one-shot) 'submit' (VERB_wn:02310328v) 'make over as a return' —> The contractor must submit the remaining funds to the city council.","YES","30/04/2026, 21:12:40"
"ann2","1777564646558xww8i17n5vb","(one-shot) 'cotton' (NOUN_wn:03115180n) 'fabric woven from cotton fibers' —> She preferred wearing a light cotton shirt during the humid summer months.","YES","30/04/2026, 21:12:50"
"ann2","17775646465582dvwj7gucsd","(one-shot) 'academy' (NOUN_wn:08279298n) 'a secondary school (usually private)' —> She decided to enroll her daughter in a prestigious music academy to nurture her talent.","YES","30/04/2026, 21:13:01"
"ann2","1777564646558jdi8323iko","(one-shot) 'anticipation' (NOUN_wn:07511080n) 'an expectation' —> The children waited by the window with breathless anticipation for their father to arrive home.","YES","30/04/2026, 21:13:10"
"ann2","17775646465581s2x52o9i27","(one-shot) 'antecedent' (NOUN_wn:09792555n) 'someone from whom you are descended (but usually more remote than a grandparent)' —> The genealogist spent years tracing her royal antecedents back to the fourteenth century.","YES","30/04/2026, 21:13:19"
"ann2","17775646465584xvufylvh53","(one-shot) 'destruction' (NOUN_wn:14562960n) 'a final state' —> The abandoned city had finally reached a state of total destruction.","YES","30/04/2026, 21:13:27"
"ann2","1777564646558maagu5bxzv","(one-shot) 'rebel' (VERB_wn:02583379v) 'break with established customs' —> The young artist chose to rebel against the traditional styles of her mentors.","YES","30/04/2026, 21:13:36"
"ann2","1777564646558g18u6hjkmbh","(one-shot) 'stain' (VERB_wn:00286008v) 'color with a liquid dye or tint' —> The carpenter decided to stain the oak table a deep mahogany hue.","YES","30/04/2026, 21:13:47"
"ann2","17775646465584klzh3cqmd4","(one-shot) 'administration' (NOUN_wn:01124794n) 'the act of governing; exercising authority' —> The colonial administration struggled to maintain order across the distant territories.","YES","30/04/2026, 21:13:58"
"ann2","1777564646558rklf34ai53n","(one-shot) 'gender' (NOUN_wn:05006898n) 'the properties that distinguish organisms on the basis of their reproductive roles' —> Biologists study how gender varies across different species of birds to understand mating rituals.","YES","30/04/2026, 21:14:08"
"ann2","1777564646558n1rhoskoqr","(one-shot) 'permission' (NOUN_wn:01139194n) 'the act of giving a formal (usually written) authorization' —> The employees were required to obtain written permission from the director before accessing the secure archives.","YES","30/04/2026, 21:14:18"
"ann2","1777564646558f5vhr6kxxd","(one-shot) 'capitalize' (VERB_wn:00162167v) 'convert (a company's reserve funds) into capital' —> The board of directors voted to capitalize the company's accumulated reserves to strengthen the balance sheet.","YES","30/04/2026, 21:14:26"
"ann2","17775646465582xoqg7yen6r","(one-shot) 'appeal' (VERB_wn:00755447v) 'request earnestly (something from somebody); ask for aid or protection' —> The refugees appealed to the international community for urgent medical supplies.","YES","30/04/2026, 21:14:36"
"ann2","1777564646558jep32wpf8ql","(one-shot) 'wheel' (VERB_wn:02046075v) 'change directions as if revolving on a pivot' —> The startled falcon wheeled sharply to the left to pursue its prey.","YES","30/04/2026, 21:14:47"
"ann2","1777564646558j4eifamunb9","(one-shot) 'refine' (VERB_wn:00401906v) 'attenuate or reduce in vigor, strength, or validity by polishing or purifying' —> The alchemist attempted to refine the raw ore to remove all impurities.","YES","30/04/2026, 21:14:56"
"ann2","1777564646558cuupoxn0g0q","(one-shot) 'landmark' (NOUN_wn:07417851n) 'an event marking a unique or important historical change of course or one on which important developments depend' —> The discovery of penicillin was a landmark in the field of medicine that saved countless lives.","YES","30/04/2026, 21:15:05"
"ann2","177756464655857bqygujwun","(one-shot) 'shock' (NOUN_wn:07510625n) 'the feeling of distress and disbelief that you have when something bad happens accidentally' —> The sudden news of the accident left the entire family in a state of profound shock.","YES","30/04/2026, 21:15:16"
"ann2","17775646465581adc14i788c","(one-shot) 'serve' (VERB_wn:02670578v) 'promote, benefit, or be useful or beneficial to' —> The new highway will serve the local economy by increasing tourism.","YES","30/04/2026, 21:15:23"
"ann2","1777564646558xiulohii6jf","(one-shot) 'originality' (NOUN_wn:05634613n) 'the ability to think and act independently' —> Her bold approach to problem-solving demonstrated a level of originality that impressed her professors.","YES","30/04/2026, 21:15:32"
"ann2","17775646465586a7o7me42b8","(one-shot) 'sloping' (ADJ_wn:01234747a) 'having an oblique or slanted direction' —> The hikers struggled to climb the sloping terrain as the rain began to fall.","YES","30/04/2026, 21:15:42"
"ann2","1777564646558ts2tcflqhyi","(one-shot) 'royalty' (NOUN_wn:13257982n) 'payment to the holder of a patent or copyright or resource for the right to use their property' —> The author received a substantial royalty every time a new copy of her novel was sold.","YES","30/04/2026, 21:15:50"
"ann2","17775646465586u104xckeyv","(one-shot) 'boil' (VERB_wn:00374668v) 'bring to, or maintain at, the boiling point' —> Please boil the water before adding the pasta.","YES","30/04/2026, 21:15:58"
"ann2","1777564646558naw0ooaqkn","(one-shot) 'romance' (NOUN_wn:06963951n) 'the group of languages derived from Latin' —> Spanish, French, and Italian are all prominent examples of the Romance languages.","YES","30/04/2026, 21:16:08"
"ann2","1777564646558q97jozv329","(one-shot) 'hop' (VERB_wn:02094788v) 'make a jump forward or upward' —> The small frog hopped across the garden path.","YES","30/04/2026, 21:16:16"
"ann2","1777564646558fer7yzzs02","(one-shot) 'branching' (ADJ_wn:00612891a) 'resembling the branches of a tree' —> The river split into several branching streams as it flowed toward the coast.","YES","30/04/2026, 21:16:25"
"ann2","1777564646558wiq5emg06z","(one-shot) 'heroic' (ADJ_wn:01284544a) 'of behavior that is impressive and ambitious in scale or scope' —> The architect proposed a heroic design for the new city library, featuring soaring glass arches and a vast underground archive.","YES","30/04/2026, 21:16:36"
"ann2","1777564646558nqujxmve1zb","(one-shot) 'circle' (VERB_wn:01522716v) 'form a circle around' —> The hungry hawks circled the field in search of prey.","YES","30/04/2026, 21:16:44"
"ann2","1777564646558lod78x7yz7","(one-shot) 'then' (ADV_wn:00118032r) 'in that case or as a consequence' —> If you cannot find a taxi, then we will have to walk to the station.","YES","30/04/2026, 21:16:52"
"ann2","1777564646558obovda4qmqk","(one-shot) 'call_in' (VERB_wn:02487573v) 'pay a brief visit' —> I will call in on my grandmother on my way home from work.","YES","30/04/2026, 21:17:01"
"ann2","1777564646558oor13akyu2c","(one-shot) 'bless' (VERB_wn:02264075v) 'confer prosperity or happiness on' —> May the coming year bless your family with endless joy and success.","YES","30/04/2026, 21:17:10"
"ann2","1777564646558m782trsscd","(one-shot) 'recruit' (NOUN_wn:10512372n) 'a recently enlisted soldier' —> The drill sergeant shouted orders at the nervous recruit during the first day of basic training.","YES","30/04/2026, 21:17:18"
"ann2","1777564646558k2ieftwe9u","(one-shot) 'crown' (NOUN_wn:03138981n) 'the center of a cambered road' —> Rainwater naturally drains away from the crown of the highway toward the gutters.","YES","30/04/2026, 21:17:27"
"ann2","177756464655882z9fsmubpq","(one-shot) 'progress' (VERB_wn:00252990v) 'form or accumulate steadily' —> A thick layer of ice began to progress across the windshield during the storm.","YES","30/04/2026, 21:17:43"
"ann2","17775646465581qubdpr0i7","(one-shot) 'mask' (NOUN_wn:03724870n) 'a covering to disguise or conceal the face' —> The mysterious figure wore a velvet mask to hide his identity during the masquerade ball.","YES","30/04/2026, 21:17:53"
"ann2","1777564646558mf344247cb","(one-shot) 'courtesy' (NOUN_wn:06714874n) 'a courteous or respectful or considerate remark' —> She thanked him for the small courtesy of holding the door open during the rain.","YES","30/04/2026, 21:18:04"
"ann2","1777564646558l38pnkosyg","(one-shot) 'transition' (NOUN_wn:07087641n) 'a musical passage moving from one key to another' —> The composer wrote a seamless transition to lead the orchestra from the somber C minor theme into a triumphant G major finale.","YES","30/04/2026, 21:18:13"
"ann2","17775646465581c070o2xizx","(one-shot) 'distribution' (NOUN_wn:05087297n) 'the spatial or geographic property of being scattered about over a range, area, or volume' —> The uneven distribution of rainfall across the continent creates vast deserts in some regions and lush rainforests in others.","YES","30/04/2026, 21:18:21"
"ann2","1777564646558blsqhebfjp8","(one-shot) 'stick' (VERB_wn:02638845v) 'be a devoted follower or supporter' —> Despite the team's losing streak, the loyal fans continued to stick by them.","YES","30/04/2026, 21:18:29"
"ann2","1777564646558h6o1nzvfacv","(one-shot) 'slip' (VERB_wn:00617748v) 'to make a mistake or be incorrect' —> I apologize, but I slipped up on the final calculation of the report.","YES","30/04/2026, 21:18:40"
"ann2","1777564646558mgq8g4p012s","(one-shot) 'potential' (ADJ_wn:00044353a) 'existing in possibility' —> The young athlete showed potential for a professional career in tennis.","NO","30/04/2026, 21:18:55"
"ann2","17775646465589tod3qyo7kt","(one-shot) 'tunnel' (NOUN_wn:09230041n) 'a hole made by an animal, usually for shelter' —> The rabbit quickly disappeared into a deep tunnel to hide from the hawk.","YES","30/04/2026, 21:19:03"
"ann2","17775646465585z21nc8htqi","(one-shot) 'proceed' (VERB_wn:02372605v) 'follow a procedure or take a course' —> Please proceed with the registration process as instructed.","YES","30/04/2026, 21:19:12"
"ann2","17775646465581lh2u80432o","(one-shot) 'bare' (ADJ_wn:01714157a) 'lacking a surface finish such as paint' —> The carpenter left the bare pine planks to show off the natural grain of the wood.","YES","30/04/2026, 21:19:20"
"ann2","1777564646558pb8616dw77b","(one-shot) 'exhibit' (VERB_wn:01924712v) 'walk ostentatiously' —> The peacock exhibited across the garden to attract a mate.","YES","30/04/2026, 21:19:35"
"ann2","177756464655822mvsisoila","(one-shot) 'starter' (NOUN_wn:07581346n) 'food or drink to stimulate the appetite (usually served before a meal or as the first course)' —> We ordered a platter of garlic prawns as a starter while we waited for the main course.","YES","30/04/2026, 21:19:43"
"ann2","1777564646558vqqmh0fygd","(one-shot) 'work_out' (VERB_wn:00638585v) 'be calculated' —> The total cost of the renovation worked out to be much higher than expected.","YES","30/04/2026, 21:19:51"
"ann2","1777564646558nce1nlxfjyh","(one-shot) 'cock' (NOUN_wn:01514668n) 'adult male bird' —> The proud cock strutted across the farmyard, crowing loudly to announce the dawn.","YES","30/04/2026, 21:20:01"
"ann2","177756464655826riri96pan","(one-shot) 'seed' (VERB_wn:00658913v) 'distribute (players or teams) so that outstanding teams or players will not meet in the early rounds' —> The tournament organizers carefully seeded the top four tennis players to ensure they wouldn't face each other until the semifinals.","YES","30/04/2026, 21:20:11"
"ann2","17775646465583boglpgrrbm","(one-shot) 'take_in' (VERB_wn:02765464v) 'suck or take up or in' —> The vacuum cleaner quickly took in all the dust from the carpet.","YES","30/04/2026, 21:20:20"
"ann2","1777564646558fd5ooq4vivp","(one-shot) 'control' (NOUN_wn:09504790n) 'a spiritual agency that is assumed to assist the medium during a seance' —> The medium claimed that a powerful control was guiding the table's movements during the midnight seance.","YES","30/04/2026, 21:20:30"
"ann2","1777564646558hizkd10rgj","(one-shot) 'think_of' (VERB_wn:00730052v) 'intend to refer to' —> When I mentioned the most talented artist in the city, I was thinking of Sarah.","YES","30/04/2026, 21:20:41"
"ann2","1777564646559iif7gtbubo8","(one-shot) 'interface' (NOUN_wn:03578435n) '(chemistry) a surface forming a common boundary between two things (two objects or liquids or chemical phases)' —> The surfactant molecules migrate to the interface between the oil and water to reduce surface tension.","YES","30/04/2026, 21:20:49"
"ann2","177756464655960c4sxxjho","(one-shot) 'sloping' (ADJ_wn:01144730a) 'having a slanting form or direction' —> The hikers carefully navigated the sloping terrain to reach the mountain summit.","YES","30/04/2026, 21:21:00"
"ann2","1777564646559i80dhcvtmpd","(one-shot) 'crook' (NOUN_wn:13869327n) 'a circular segment of a curve' —> The designer carefully measured each crook in the ornate wrought-iron railing.","YES","30/04/2026, 21:21:11"
"ann2","17775646465596bg83nlhukd","(one-shot) 'engagement' (NOUN_wn:01239064n) 'the act of sharing in the activities of a group' —> The teacher implemented new interactive games to increase student engagement during the science lesson.","YES","30/04/2026, 21:21:20"
"ann2","17775646465596oaxcsoa8bc","(one-shot) 'stretch' (VERB_wn:00027268v) 'extend one's limbs or muscles, or the entire body' —> After waking from a long nap, the cat stood up to stretch its paws.","YES","30/04/2026, 21:21:29"
"ann2","1777564646559akrk0pk242g","(one-shot) 'commotion' (NOUN_wn:07442068n) 'confused movement' —> The sudden loud crash in the kitchen caused a great commotion among the guests.","YES","30/04/2026, 21:21:38"
"ann2","1777564646559jvbjwf7w38","(one-shot) 'crucifixion' (NOUN_wn:07332864n) 'the death of Jesus by crucifixion' —> The crucifixion is a central event in the New Testament of the Bible.","YES","30/04/2026, 21:21:46"
"ann2","1777564646559ndw95ggeayh","(one-shot) 'optimism' (NOUN_wn:07541558n) 'the optimistic feeling that all is going to turn out well' —> Despite the setbacks of the first quarter, the team maintained a sense of unwavering optimism about the project's success.","YES","30/04/2026, 21:21:53"
"ann2","1777564646559i3vtrg40obl","(one-shot) 'minister' (NOUN_wn:09983572n) 'a person authorized to conduct religious worship' —> The minister delivered a heartfelt sermon to the congregation on Sunday morning.","YES","30/04/2026, 21:22:03"
"ann2","1777564646559nvadvusnw9","(one-shot) 'sound' (ADJ_wn:00693020a) '(of sleep) deep and complete' —> After a long day of hiking, the exhausted traveler fell into a sound sleep.","YES","30/04/2026, 21:22:12"
"ann2","1777564646559rq9gwlb59lr","(one-shot) 'penetration' (NOUN_wn:05201452n) 'the ability to make way into or through something' —> The new armor was designed specifically to resist the penetration of high-velocity projectiles.","YES","30/04/2026, 21:22:20"
"ann2","1777564646559wvcmkjbdt8","(one-shot) 'assembly' (NOUN_wn:03386420n) 'a public facility to meet for open discussion' —> The town's ancient stone assembly serves as the primary venue for citizens to debate local ordinances.","YES","30/04/2026, 21:22:28"
"ann2","17775646465593w4n2lgtw05","(one-shot) 'column' (NOUN_wn:08433575n) 'a vertical array of numbers or other information' —> Please enter the total cost in the far right column of the spreadsheet.","YES","30/04/2026, 21:22:37"
"ann2","1777564646559t0avtk1m18h","(one-shot) 'stroke' (NOUN_wn:00349369n) 'a single complete movement' —> The painter added a final, delicate stroke of gold to the canvas.","YES","30/04/2026, 21:22:47"
"ann2","1777564646559gcgzql38lbm","(one-shot) 'force' (NOUN_wn:00965404n) 'an act of aggression (as one against a person who resists)' —> The security guards were strictly forbidden from using force to remove the protesters from the lobby.","YES","30/04/2026, 21:22:55"
"ann2","177756464655942wiex2vsf3","(one-shot) 'distinctly' (ADV_wn:00307479r) 'to a distinct degree' —> The mountain peak was distinctly visible through the clearing mist.","YES","30/04/2026, 21:23:05"
"ann2","177756464655966cxxj2p8o9","(one-shot) 'laterally' (ADV_wn:00386587r) 'in a lateral direction or location' —> The crab scuttled laterally across the sandy beach to avoid the incoming wave.","YES","30/04/2026, 21:24:15"
"ann2","1777564646559aipoebeq4kr","(one-shot) 'damned' (ADJ_wn:00669942a) 'expletives used informally as intensifiers' —> I cannot find my damned keys anywhere in this house.","YES","30/04/2026, 21:24:25"
"ann2","17775646465590fb6eoiphuw8","(one-shot) 'ban' (VERB_wn:02504280v) 'ban from a place of residence, as for punishment' —> The rebellious prince was banned from the royal palace for his defiance.","YES","30/04/2026, 21:24:33"
"ann2","1777564646559jh19d2q2sx","(one-shot) 'subject' (NOUN_wn:05814291n) 'some situation or event that is thought about' —> The committee spent hours debating the subject of climate change during the conference.","YES","30/04/2026, 21:25:15"
"ann2","1777564646559jk6ujdnnnmh","(one-shot) 'inevitable' (ADJ_wn:01841834a) 'invariably occurring or appearing' —> Death is an inevitable part of the human experience.","YES","30/04/2026, 21:26:09"
"ann2","17775646465598xrhs5d0rtk","(one-shot) 'tone' (NOUN_wn:05719605n) 'a steady sound without overtones' —> The oscilloscope displayed a perfectly smooth sine wave as the generator emitted a pure tone.","YES","30/04/2026, 21:26:16"
"ann2","1777564646559v9uyrohv3p","(one-shot) 'alteration' (NOUN_wn:07296428n) 'an event that occurs when something passes from one state or phase to another' —> The sudden alteration of the liquid into a solid state occurred as the temperature dropped below freezing.","YES","30/04/2026, 21:26:27"
"ann2","1777564646559nn7rw3dl5xm","(one-shot) 'increase' (NOUN_wn:13497135n) 'a process of becoming larger or longer or more numerous or more important' —> The company reported a significant increase in annual sales after launching the new product line.","YES","30/04/2026, 21:26:37"
"ann2","1777564646559l3vkp66fufm","(one-shot) 'finally' (ADV_wn:00065822r) 'the item at the end' —> The chef added a pinch of salt finally to the sauce.","YES","30/04/2026, 21:27:23"
"ann2","1777564646559z5tyqjvan8","(one-shot) 'special' (ADJ_wn:01104026a) 'unique or specific to a person or thing or category' —> The rare orchid requires a special blend of soil to bloom.","YES","30/04/2026, 21:27:30"
"ann2","1777564646559dknrw7avji","(one-shot) 'calendar' (NOUN_wn:15173479n) 'a system of timekeeping that defines the beginning and length and divisions of the year' —> The Mayan calendar is renowned for its intricate cycles and precise astronomical observations.","YES","30/04/2026, 21:27:38"
"ann2","1777564646559k5211yhs7k","(one-shot) 'investigator' (NOUN_wn:10215623n) 'someone who investigates' —> The lead investigator carefully combed through the crime scene for any overlooked evidence.","YES","30/04/2026, 21:27:47"
"ann2","1777564646559d0darmxh5s","(one-shot) 'excessive' (ADJ_wn:01533974a) 'beyond normal limits' —> The athlete was penalized for using excessive force during the game.","YES","30/04/2026, 21:27:57"
"ann2","1777564646559xh5z1rbyuk","(one-shot) 'catch' (NOUN_wn:07067760n) 'a break or check in the voice (usually a sign of strong emotion)' —> There was a noticeable catch in her throat as she began to deliver the eulogy.","YES","30/04/2026, 21:28:41"
"ann2","17775646465591fi3djeuqrc","(one-shot) 'gentle' (ADJ_wn:01455412a) 'quiet and soothing' —> The baby fell fast asleep as soon as she heard the gentle melody of the lullaby.","YES","30/04/2026, 21:28:51"
"ann2","1777564646559lnnz5h26qkq","(one-shot) 'unify' (VERB_wn:01462005v) 'to bring or combine together or with something else' —> The new leader sought to unify the fractured political parties to form a stable coalition.","YES","30/04/2026, 21:30:09"
"ann2","1777564646559ph1sauo0vn","(one-shot) 'bean' (NOUN_wn:12556307n) 'any of various leguminous plants grown for their edible seeds and pods' —> The gardener planted a row of green beans along the sunny fence.","YES","30/04/2026, 21:31:28"
"ann2","1777564646559ue1f1ajil8","(one-shot) 'cult' (NOUN_wn:08151229n) 'followers of an unorthodox, extremist, or false religion or sect who often live outside of conventional society under the direction of a charismatic leader' —> The authorities intervened after discovering that the isolated cult had been manipulating its members for years.","YES","30/04/2026, 21:31:39"
"ann2","1777564646559qmx75f3dk9","(one-shot) 'chain' (NOUN_wn:09240621n) '(chemistry) a series of linked atoms (generally in an organic molecule)' —> The catalyst was designed to break the carbon chain within the hydrocarbon molecule.","YES","30/04/2026, 21:31:48"
"ann2","1777564646559lv6c3jr8kh","(one-shot) 'aged' (ADJ_wn:01644541a) 'having attained a specific age; (`aged' is pronounced as one syllable)' —> The museum displayed a rare manuscript aged five hundred years.","YES","30/04/2026, 21:31:59"
"ann2","1777564646559baswauh9j1t","(one-shot) 'investigate' (VERB_wn:00789138v) 'investigate scientifically' —> The researchers will investigate the effects of the new catalyst on the reaction rate.","YES","30/04/2026, 21:32:09"
"ann2","1777564646559saaeue0hlh","(one-shot) 'roll' (NOUN_wn:13875970n) 'a round shape formed by a series of concentric circles (as formed by leaves or flower petals)' —> The delicate roll of petals in the center of the rose was a marvel of nature.","YES","30/04/2026, 21:32:17"
"ann2","1777564646559jed9jx9haag","(one-shot) 'concession' (NOUN_wn:07176243n) 'the act of conceding or yielding' —> After hours of intense negotiation, the company finally made a significant concession regarding the employees' salary demands.","YES","30/04/2026, 21:32:25"
"ann2","1777564646559kwt8dw2xgze","(one-shot) 'illicit' (ADJ_wn:01550572a) 'contrary to accepted morality (especially sexual morality) or convention' —> The couple attempted to keep their illicit affair a secret from the rest of the town.","YES","30/04/2026, 21:32:33"
"ann2","1777564646559iojcctnoeih","(one-shot) 'scale' (NOUN_wn:13816862n) 'the ratio between the size of something and a representation of it' —> The architect presented a detailed model of the skyscraper, built to a scale of one to one hundred.","YES","01/05/2026, 09:31:32"
"ann2","1777564646559dfdyhr4usrn","(one-shot) 'apparent' (ADJ_wn:01873985a) 'appearing as such but not necessarily so' —> Their apparent friendship was merely a strategic alliance for political gain.","YES","01/05/2026, 09:31:41"
"ann2","1777564646559pse2fhput6","(one-shot) 'pair' (NOUN_wn:07958407n) 'a poker hand with 2 cards of the same value' —> He managed to win the final pot after drawing a pair of aces on the river.","YES","01/05/2026, 09:31:50"
"ann2","1777564646559cd438g19n65","(one-shot) 'responsible' (ADJ_wn:00324878a) 'being the agent or cause' —> The heavy rainfall was responsible for the flash floods that swept through the valley.","YES","01/05/2026, 09:32:00"
"ann2","1777564646559xry8bsp8bf9","(one-shot) 'hood' (NOUN_wn:03530910n) 'protective covering consisting of a metal part that covers the engine' —> He popped the hood of the car to check the oil level.","YES","01/05/2026, 09:32:08"
"ann2","1777564646559oip70037bim","(one-shot) 'indicator' (NOUN_wn:07262579n) 'a signal for attracting attention' —> The flashing neon sign served as a bright indicator to draw customers into the diner.","YES","01/05/2026, 09:32:19"
"ann2","1777564646559mkanj6j4q5c","(one-shot) 'crack' (VERB_wn:00238372v) 'break into simpler molecules by means of heat' —> The refinery uses a catalyst to crack heavy hydrocarbons into lighter fuels.","YES","01/05/2026, 09:32:30"
"ann2","1777564646559up0asgq1hpe","(one-shot) 'title' (NOUN_wn:06343117n) 'an appellation signifying nobility' —> The duke inherited a prestigious title that had remained in his family for centuries.","YES","01/05/2026, 09:32:40"
"ann2","17775646465593tz39732p18","(one-shot) 'cover' (NOUN_wn:04453910n) 'covering for a hole (especially a hole in the top of a container)' —> She carefully replaced the heavy metal cover on the manhole before the street reopened to traffic.","YES","01/05/2026, 09:32:50"
"ann2","17775646465596cuspayj2jp","(one-shot) 'topic' (NOUN_wn:05814291n) 'some situation or event that is thought about' —> The committee spent hours debating the controversial topic of urban redevelopment.","YES","01/05/2026, 09:32:58"
"ann2","1777564646559in4jpskv8h","(one-shot) 'farther' (ADV_wn:00101323r) 'to a considerable degree; very much' —> The court's ruling will only serve to complicate the legal proceedings farther.","YES","01/05/2026, 09:33:08"
"ann2","17775646465596yi3e9q0ucx","(one-shot) 'stuff' (VERB_wn:02094569v) 'press or force' —> She stuffed the remaining clothes into the overflowing suitcase.","YES","01/05/2026, 09:33:15"
"ann2","1777564646559217fq7n5al4","(one-shot) 'show' (VERB_wn:02139544v) 'be or become visible or noticeable' —> The red flags began to show as the project deadline approached.","YES","01/05/2026, 09:33:24"
"ann2","1777564646559hsn6kjfw0wm","(one-shot) 'rise' (VERB_wn:02583139v) 'take part in a rebellion; renounce a former allegiance' —> The oppressed peasants decided to rise against the tyrannical regime.","YES","01/05/2026, 09:33:32"
"ann2","1777564646559elld2wb8fdo","(one-shot) 'accounting' (NOUN_wn:00618734n) 'the occupation of maintaining and auditing records and preparing financial reports for a business' —> She decided to pursue a degree in accounting to help her parents manage their family store.","YES","01/05/2026, 09:33:42"
"ann2","1777564646559sziscquf38k","(one-shot) 'hoist' (VERB_wn:01455754v) 'raise' —> The sailors worked together to hoist the heavy sails as the wind picked up.","YES","01/05/2026, 09:33:51"
"ann2","1777564646559uva32rb4xd","(one-shot) 'abuse' (VERB_wn:00203556v) 'use wrongly or improperly or excessively' —> Some people abuse prescription painkillers to cope with stress.","YES","01/05/2026, 09:34:02"
"ann2","1777564646559nrftcqrz06p","(one-shot) 'scale' (VERB_wn:00490428v) 'measure with or as if with scales' —> The pharmacist carefully scaled the medicinal powder before adding it to the mixture.","YES","01/05/2026, 09:34:11"
"ann2","1777564646559ne5l2sze51","(one-shot) 'stretch' (NOUN_wn:00628692n) 'exercise designed to extend the limbs and muscles to their full extent' —> She always performs a gentle stretch before starting her morning run to prevent injury.","YES","01/05/2026, 09:34:20"
"ann2","17775646465599arv3ws2axs","(one-shot) 'stick' (VERB_wn:01220885v) 'come or be in close contact with; stick or hold together and resist separation' —> The wet pages of the old notebook stuck together.","YES","01/05/2026, 09:34:30"
"ann2","1777564646559v0fzl9fqu6f","(one-shot) 'formula' (NOUN_wn:07845087n) 'a liquid food for infants' —> The new parents carefully warmed a bottle of formula for their hungry baby.","YES","01/05/2026, 09:34:39"
"ann2","177756464655969fzm8jjbyr","(one-shot) 'amusement' (NOUN_wn:00429048n) 'an activity that is diverting and that holds the attention' —> Solving complex jigsaw puzzles provides a quiet amusement for her during the rainy weekends.","YES","01/05/2026, 09:34:50"
"ann2","1777564646559jhejwt3zi4i","(one-shot) 'pool' (NOUN_wn:08481369n) 'an organization of people or resources that can be shared' —> The company maintains a talent pool of qualified candidates to fill vacant positions quickly.","YES","01/05/2026, 09:34:58"
"ann2","17775646465597f5ycsonlip","(one-shot) 'reputation' (NOUN_wn:14438125n) 'the state of being held in high esteem and honor' —> The legendary surgeon maintained a flawless reputation for her precision and dedication to patient care.","YES","01/05/2026, 09:35:07"
"ann2","17775646465593xpo24huhc7","(one-shot) 'formula' (NOUN_wn:06732013n) 'a conventionalized statement expressing some fundamental principle' —> The politician relied on a tired formula of promises and platitudes to win over the undecided voters.","YES","01/05/2026, 09:35:18"
"ann2","177756464655972sdgs93l6d","(one-shot) 'announcement' (NOUN_wn:06726158n) 'a formal public statement' —> The company's official announcement regarding the merger was broadcast across all major news networks.","YES","01/05/2026, 09:35:25"
"ann2","1777564646559bndb94m8rhj","(one-shot) 'wealth' (NOUN_wn:13250398n) 'property that has economic utility: a monetary value or an exchange value' —> The sudden increase in the family's wealth allowed them to purchase a sprawling estate in the countryside.","YES","01/05/2026, 09:35:36"
"ann2","1777564646559zlouwkervjk","(one-shot) 'aviation' (NOUN_wn:05635188n) 'the art of operating aircraft' —> The rapid advancements in aviation have significantly reduced the time required for international travel.","YES","01/05/2026, 09:35:45"
"ann2","1777564646559xsly3n7gtej","(one-shot) 'surmount' (VERB_wn:02694548v) 'be on top of' —> A golden spire surmounts the cathedral's central tower.","YES","01/05/2026, 09:35:54"
"ann2","1777564646559q0lgp02slc","(one-shot) 'roar' (VERB_wn:01048718v) 'make a loud noise, as of animal' —> The hungry lion let out a thunderous roar that echoed through the savanna.","WRONG","01/05/2026, 09:36:06"
"ann2","1777564646559alsjdi748ro","(one-shot) 'bureaucracy' (NOUN_wn:08051565n) 'a government that is administered primarily by bureaus that are staffed with nonelective officials' —> The citizens grew frustrated with the slow pace of the state bureaucracy when trying to renew their passports.","YES","01/05/2026, 09:36:17"
"ann2","1777564646559rouozpxfvde","(one-shot) 'strain' (NOUN_wn:11515325n) '(physics) deformation of a physical body under the action of applied forces' —> The engineer measured the mechanical strain on the steel beam to ensure the bridge could support the heavy load.","YES","01/05/2026, 09:36:24"
"ann2","1777564646559iirj86lg88o","(one-shot) 'emergence' (NOUN_wn:00050693n) 'the act of emerging' —> The sudden emergence of the butterfly from its chrysalis fascinated the young children.","YES","01/05/2026, 09:36:33"
"ann2","1777564646559dxivyynd32u","(one-shot) 'pop' (VERB_wn:01499510v) 'put or thrust suddenly and forcefully' —> She popped the cork into the bottle with a quick motion.","YES","01/05/2026, 09:36:43"
"ann2","17775646465598wtb7uyiwoo","(one-shot) 'recording' (NOUN_wn:04063661n) 'a signal that encodes something (e.g., picture or sound) that has been recorded' —> The studio engineer carefully reviewed the audio recording to ensure there was no background noise.","YES","01/05/2026, 09:36:54"
"ann2","1777564646559hfn041w9qpk","(one-shot) 'emit' (VERB_wn:02767308v) 'give off, send forth, or discharge; as of light, heat, or radiation, vapor, etc.' —> The old chimney continued to emit thick black smoke into the morning air.","YES","01/05/2026, 09:37:03"
"ann2","17775646465594l2uj1iqywp","(one-shot) 'intangible' (ADJ_wn:00627643a) 'lacking substance or reality; incapable of being touched or seen' —> The company's brand reputation is an intangible asset that provides significant value.","YES","01/05/2026, 09:37:14"
"ann2","177756464655950ngk9gjn03","(one-shot) 'smash' (VERB_wn:00334649v) 'break suddenly into pieces, as from a violent blow' —> The clumsy waiter accidentally smashed the crystal vase against the marble floor.","YES","01/05/2026, 09:37:24"
"ann2","1777564646559eh5ew90ktx","(one-shot) 'hearty' (ADJ_wn:01171746a) 'endowed with or exhibiting great bodily or mental health' —> The retired sailor remained hearty and spirited well into his nineties.","YES","01/05/2026, 09:37:34"
"ann2","1777564646559rfsbz56pji","(one-shot) 'thoroughly' (ADV_wn:00057257r) 'in an exhaustive manner' —> The detective searched the entire crime scene thoroughly to ensure no piece of evidence was overlooked.","YES","01/05/2026, 09:37:44"
"ann2","1777564646559zc63hok0iil","(one-shot) 'moderate' (VERB_wn:00933566v) 'make less strong or intense; soften' —> The government hopes that the new policy will moderate the rising cost of living.","YES","01/05/2026, 09:37:52"
"ann2","177756464655980rtass58sb","(one-shot) 'fitting' (ADJ_wn:01879667a) 'in harmony with the spirit of particular persons or occasion' —> A moment of silence was a fitting tribute to the fallen soldiers.","YES","01/05/2026, 09:38:02"
"ann2","1777564646559qozv0jxgyop","(one-shot) 'trough' (NOUN_wn:13357891n) 'a treasury for government funds' —> The disgraced politicians were accused of treating the public trough as their own personal bank account.","YES","01/05/2026, 09:38:12"
"ann2","1777564646559csdxw25l16s","(one-shot) 'borrow' (VERB_wn:02324026v) 'get temporarily' —> I had to borrow a pen from my classmate to finish the exam.","YES","01/05/2026, 09:38:23"
"ann2","1777564646559qi4xrjakguq","(one-shot) 'distort' (VERB_wn:00835903v) 'make false by mutilation or addition; as of a message or story' —> The witness attempted to distort the facts of the case during his testimony.","YES","01/05/2026, 09:38:33"
"ann2","17775646465591lxz8fhl1ap","(one-shot) 'neutralize' (VERB_wn:02543874v) 'oppose and mitigate the effects of by contrary actions' —> The diplomatic mission aimed to neutralize the tension between the two warring nations.","YES","01/05/2026, 09:38:41"
"ann2","1777564646559hbdes90alx","(one-shot) 'rail' (NOUN_wn:04463679n) 'a bar or pair of parallel bars of rolled steel making the railway along which railroad cars or other vehicles can roll' —> The heavy freight train derailed when a section of the rail snapped under the extreme pressure.","YES","01/05/2026, 09:38:51"
"ann2","1777564646559fkg4gtek5u5","(one-shot) 'fit' (VERB_wn:02667900v) 'satisfy a condition or restriction' —> The candidate does not fit the requirements for the position.","YES","01/05/2026, 09:39:00"
"ann2","1777564646559rn14jxo5ftl","(one-shot) 'draw' (VERB_wn:02311387v) 'remove (a commodity) from (a supply source)' —> The thirsty hikers drew water from the deep well.","YES","01/05/2026, 09:39:08"
"ann2","1777564646559alm5fk7doyw","(one-shot) 'loom' (VERB_wn:01672384v) 'weave on a loom' —> The artisan carefully loomed a vibrant tapestry for the palace.","YES","01/05/2026, 09:39:19"
"ann2","1777564646559n3yl4gb5ezq","(one-shot) 'lapse' (VERB_wn:02072849v) 'pass by' —> Several hours lapsed before the rescue team finally arrived at the scene.","YES","01/05/2026, 09:39:27"
"ann2","1777564646559hwnb9qax0se","(one-shot) 'take' (VERB_wn:02109045v) 'experience or feel or submit to' —> The patient had to take a great deal of pain during the procedure.","YES","01/05/2026, 09:39:37"
"ann2","17775646465596ypzmgc2a0m","(one-shot) 'yield' (VERB_wn:01449796v) 'be flexible under stress of physical force' —> The old wooden beam began to yield under the weight of the heavy snowfall.","YES","01/05/2026, 09:39:46"
"ann2","1777564646559kvgyyxlgwje","(one-shot) 'appointed' (ADJ_wn:02129718a) 'fixed or established especially by order or command; )' —> The soldiers gathered at the appointed hour to begin the mission.","YES","01/05/2026, 09:39:53"
"ann2","1777564646559pzuk1f7mipn","(one-shot) 'ancestry' (NOUN_wn:08101937n) 'the descendants of one individual' —> The royal line continued for centuries through the diverse ancestry of the founding king.","YES","01/05/2026, 09:40:06"
"ann2","1777564646559ga28bpk312","(one-shot) 'master' (NOUN_wn:03896984n) 'key that secures entrance everywhere' —> The hotel manager carries a master to ensure quick access to every room in the building.","YES","01/05/2026, 09:40:16"
"ann2","1777564646559wcx95e9yqni","(one-shot) 'works' (NOUN_wn:04602840n) 'the internal mechanism of a device' —> The watchmaker carefully cleaned the intricate works of the vintage timepiece to ensure it kept perfect time.","YES","01/05/2026, 09:40:26"
"ann2","17775646465598syacfmsxqq","(one-shot) 'rudder' (NOUN_wn:04117464n) 'a hinged vertical airfoil mounted at the tail of an aircraft and used to make horizontal course changes' —> The pilot adjusted the rudder to compensate for the strong crosswind during the final approach to the runway.","YES","01/05/2026, 09:40:36"
"ann2","177756464655944y9vo0y0p8","(one-shot) 'oppose' (VERB_wn:01091427v) 'fight against or resist strongly' —> The local community continues to oppose the construction of the new highway through the forest.","YES","01/05/2026, 09:40:43"
"ann2","1777564646559xo34ogm0ydp","(one-shot) 'reproduction' (NOUN_wn:00849523n) 'the sexual activity of conceiving and bearing offspring' —> Many biologists study the complex patterns of reproduction in deep-sea creatures.","YES","01/05/2026, 09:40:54"
"ann2","1777564646559v78lhhavzh","(one-shot) 'cuba' (NOUN_wn:08750151n) 'the largest island in the West Indies' —> The vibrant culture and colonial architecture of Cuba attract millions of tourists every year.","YES","01/05/2026, 09:41:05"
"ann2","17775646465595owrh2vas8l","(one-shot) 'friendliness' (NOUN_wn:07499615n) 'a feeling of liking for another person; enjoyment in their company' —> The genuine friendliness shared between the two neighbors made every conversation a delight.","YES","01/05/2026, 09:41:16"
"ann2","1777564646559eeo31hbkpr7","(one-shot) 'node' (NOUN_wn:13911045n) 'a connecting point at which several lines come together' —> The technician carefully soldered each single node on the circuit board to ensure a stable connection.","YES","01/05/2026, 09:41:25"
"ann2","1777564646559etyokbln708","(one-shot) 'tease' (VERB_wn:00850501v) 'harass with persistent criticism or carping' —> The cruel supervisors continued to tease the new interns about their lack of experience throughout the entire shift.","YES","01/05/2026, 09:41:33"
"ann2","17775646465598cmndrphhmh","(one-shot) 'rack' (VERB_wn:01802689v) 'torment emotionally or mentally' —> Guilt continued to rack his conscience for years after the accident.","YES","01/05/2026, 09:41:41"
"ann2","17775646465590rpoyff16wbq","(one-shot) 'forth' (ADV_wn:00232936r) 'from a particular thing or place or position (`forth' is obsolete)' —> The brave knight stepped forth from the darkness of the cave.","YES","01/05/2026, 09:41:56"
"ann2","1777564646559x7f7wmsltd","(one-shot) 'pick' (NOUN_wn:00563665n) 'a basketball maneuver; obstructing an opponent with one's body' —> The point guard waited for his teammate to set a solid pick before driving toward the hoop.","YES","01/05/2026, 09:42:06"
"ann2","17775646465596x46nnkfurl","(one-shot) 'freeze' (VERB_wn:00021997v) 'anesthetize by cold' —> The dentist used a cryo-spray to freeze the gum tissue before the procedure.","YES","01/05/2026, 09:42:15"
"ann2","1777564646559przudvxyj8q","(one-shot) 'life' (NOUN_wn:11473291n) 'the organic phenomenon that distinguishes living organisms from nonliving ones' —> The deep ocean trenches are home to strange forms of life that survive in complete darkness.","YES","01/05/2026, 09:42:31"
"ann2","1777564646559pnelmmz2iah","(one-shot) 'rural' (ADJ_wn:02790726a) 'of or relating to the countryside as opposed to the city' —> The family decided to move to a rural area to enjoy the peace and quiet.","YES","01/05/2026, 09:42:40"
"ann2","1777564646559v7qxbtwq3ag","(one-shot) 'post' (VERB_wn:02473331v) 'enter on a public list' —> She decided to post her travel photos on social media.","NO","01/05/2026, 09:42:56"
"ann2","1777564646559hptzt4d9lra","(one-shot) 'employ' (VERB_wn:01158872v) 'put into service; make work or employ for a particular purpose or for its inherent or natural purpose' —> The detective decided to employ a variety of forensic techniques to solve the mystery.","YES","01/05/2026, 09:43:04"
"ann2","1777564646559ejbsztle499","(one-shot) 'settlement' (NOUN_wn:01252280n) 'the act of colonizing; the establishment of colonies' —> The early settlement of the coast led to the rapid growth of several thriving port towns.","YES","01/05/2026, 09:43:13"
"ann2","1777564646559jccg55wn5qj","(one-shot) 'take_away' (VERB_wn:00179311v) 'take out or remove' —> Please take away the empty plates from the dining table.","YES","01/05/2026, 09:43:23"
"ann2","1777564646559os89t6qjzec","(one-shot) 'repayment' (NOUN_wn:13299651n) 'payment of a debt or obligation' —> The bank agreed to a flexible schedule for the repayment of the loan.","YES","01/05/2026, 09:43:30"
"ann2","1777564646559fo92l8nb7ci","(one-shot) 'given' (ADJ_wn:01292411a) '(usually followed by `to') naturally disposed toward' —> She has always been given to bouts of melancholy during the winter months.","YES","01/05/2026, 09:43:38"
"ann2","177756464655931kkgxkj62s","(one-shot) 'wicked' (ADJ_wn:02122715a) 'naughtily or annoyingly playful' —> The puppy gave me a wicked grin before stealing my favorite slipper.","YES","01/05/2026, 09:43:47"
"ann2","1777564646559wokjyv2rcij","(one-shot) 'flight' (NOUN_wn:00058743n) 'the act of escaping physically' —> The prisoners plotted their daring flight from the fortress under the cover of darkness.","YES","01/05/2026, 09:43:57"
"ann2","17775646465590s5w15qcp2r","(one-shot) 'pastoral' (ADJ_wn:02860564a) 'of or relating to a pastor' —> The bishop provided thoughtful pastoral guidance to the grieving family.","YES","01/05/2026, 09:44:08"
"ann2","1777564646559xt9vyr76q2h","(one-shot) 'uncertainty' (NOUN_wn:04756887n) 'being unsettled or in doubt or dependent on chance' —> The political uncertainty surrounding the upcoming election has caused a sharp decline in the stock market.","YES","01/05/2026, 09:44:18"
"ann2","177756464655932pf7n1y3m6","(one-shot) 'contrast' (VERB_wn:00661213v) 'put in opposition to show or emphasize differences' —> The author contrasted the gritty reality of the slums with the opulent luxury of the palace.","YES","01/05/2026, 09:44:30"
"ann2","1777564646559kftb9xs61t","(one-shot) 'flat' (NOUN_wn:02726305n) 'a suite of rooms usually on one floor of an apartment house' —> She decided to rent a small flat in the center of London to be closer to her office.","YES","01/05/2026, 09:44:38"
"ann2","1777564646559n0qpjvybwne","(one-shot) 'settlement' (NOUN_wn:08374049n) 'a body of people who settle far from home but maintain ties with their homeland; inhabitants remain nationals of their home state but are not literally under the home state's system of government' —> The coastal settlement maintained strong cultural and commercial links with the distant empire while managing its own local affairs.","YES","01/05/2026, 09:44:47"
"ann2","1777564646559hz6bfmqtss6","(one-shot) 'bleach' (VERB_wn:00279822v) 'remove color from' —> The strong sunlight will bleach the fabric of the curtains over time.","YES","01/05/2026, 09:44:56"
"ann2","1777564646559qnicrlbhgv","(one-shot) 'hood' (NOUN_wn:03531281n) 'a headdress that protects the head and face' —> She pulled the wool hood over her head to shield herself from the biting winter wind.","YES","01/05/2026, 09:45:06"
"ann2","1777564646559emttcmbb6y","(one-shot) 'grant' (VERB_wn:02255942v) 'transfer by deed' —> The city council granted the plot of land to the nonprofit organization through a formal deed.","YES","01/05/2026, 09:45:15"
"ann2","1777564646559jmlh9yl95hm","(one-shot) 'lime' (NOUN_wn:14936010n) 'a caustic substance produced by heating limestone' —> The construction workers spread a layer of quicklime over the site to stabilize the soil before pouring the concrete.","YES","01/05/2026, 09:45:59"
"ann2","1777564646559t1qh7sk6ru8","(one-shot) 'fidelity' (NOUN_wn:04876985n) 'the quality of being faithful' —> The soldier was honored for his unwavering fidelity to the crown.","YES","01/05/2026, 09:46:06"
"ann2","17775646465596ubcmugraj","(one-shot) 'water' (VERB_wn:00069570v) 'secrete or form water, as tears or saliva' —> The mouth began to water at the scent of fresh cinnamon rolls.","YES","01/05/2026, 09:46:14"
"ann2","1777564646559mzijui8qcso","(one-shot) 'concern' (NOUN_wn:05670710n) 'something that interests you because it is important or affects you' —> The safety of the passengers is the primary concern of the flight crew.","YES","01/05/2026, 09:46:22"
"ann2","1777564646559s1kut2o131","(one-shot) 'ache' (VERB_wn:02122164v) 'be the source of pain' —> My joints always ache when the weather turns cold.","YES","01/05/2026, 09:46:30"
"ann2","1777564646559ihw39yspar","(one-shot) 'preoccupied' (ADJ_wn:00544478a) 'having or showing excessive or compulsive concern with something' —> She was so preoccupied with her upcoming exam that she forgot to eat lunch.","YES","01/05/2026, 09:46:36"
"ann2","1777564646559e50zc86be5","(one-shot) 'emotionally' (ADV_wn:00185567r) 'with regard to emotions' —> The therapist helped the patient process the trauma emotionally.","YES","01/05/2026, 09:46:44"
"ann2","1777564646559b7dd4owh2ij","(one-shot) 'pony' (NOUN_wn:04206225n) 'a small glass adequate to hold a single swallow of whiskey' —> The bartender poured a pony of rye for the weary traveler.","YES","01/05/2026, 09:46:52"
"ann2","17775646465595nmqt1eyfum","(one-shot) 'converge' (VERB_wn:02732401v) 'approach a limit as the number of terms increases without limit' —> The infinite series converges to pi.","YES","01/05/2026, 09:47:02"
"ann2","1777564646559t50pkrwhg7","(one-shot) 'recover' (VERB_wn:02249438v) 'regain or make up for' —> The company hopes to recover its losses by launching a new product line.","YES","01/05/2026, 09:47:13"
"ann2","1777564646559x4rid477yc","(one-shot) 'perception' (NOUN_wn:05930136n) 'the representation of what is perceived; basic component in the formation of a concept' —> Our initial perception of the strange object shifted as we gathered more information about its origin.","YES","01/05/2026, 09:47:23"
"ann2","1777564646559933d9gl4puc","(one-shot) 'tenure' (NOUN_wn:13242719n) 'the right to hold property; part of an ancient hierarchical system of holding lands' —> The knight's tenure of the manor was granted by the baron in exchange for military service.","YES","01/05/2026, 09:47:31"
"ann2","17775646465590gfh1vgpcaxk","(one-shot) 'personally' (ADV_wn:00132158r) 'in the flesh; without involving anyone else' —> The CEO decided to deliver the bad news personally to every employee.","YES","01/05/2026, 09:47:38"
"ann2","177756464655996izn3513em","(one-shot) 'ample' (ADJ_wn:01383394a) 'fairly large' —> The kitchen provides ample space for all the guests to gather.","YES","01/05/2026, 09:47:48"
"ann2","1777564646559trp1wpmwi7","(one-shot) 'flood' (NOUN_wn:13775706n) 'an overwhelming number or amount' —> After the celebrity's announcement, a flood of messages poured into her inbox.","YES","02/05/2026, 12:53:46"
"ann2","1777564646559nuzbh943rvp","(one-shot) 'relationship' (NOUN_wn:13928388n) 'a state of connectedness between people (especially an emotional connection)' —> Their long-distance relationship flourished despite the thousands of miles between them.","YES","02/05/2026, 12:53:54"
"ann2","1777564646559ti8sb4qme3c","(one-shot) 'tan' (NOUN_wn:13788035n) 'ratio of the opposite to the adjacent side of a right-angled triangle' —> The student used the tan of the angle to calculate the height of the building.","YES","02/05/2026, 12:54:03"
"ann2","1777564646559etzq00zvxlm","(one-shot) 'unrestricted' (ADJ_wn:01862296a) 'accessible to all' —> The city council decided to keep the public park unrestricted for every citizen.","YES","02/05/2026, 12:54:13"
"ann2","1777564646559jdg2mz1oukh","(one-shot) 'inactive' (ADJ_wn:00039592a) 'lacking in energy or will; - George Meredith' —> After months of depression, he felt too inactive to even leave his bed.","YES","02/05/2026, 12:54:24"
"ann2","1777564646559v2nx1sdd38i","(one-shot) 'take_away' (VERB_wn:01166940v) 'buy and consume food from a restaurant or establishment that sells prepared food' —> Since we were too tired to cook, we decided to take away some Chinese food for dinner.","YES","02/05/2026, 12:54:35"
"ann2","1777564646559h1jfls9nv5","(one-shot) 'remote' (ADJ_wn:00443075a) 'separate or apart in time' —> The prospect of a peaceful resolution seemed remote in those turbulent years.","YES","02/05/2026, 12:54:45"
"ann2","17775646465597pi6ya3or7n","(one-shot) 'sturdy' (ADJ_wn:00707795a) 'substantially made or constructed' —> The hikers relied on a sturdy bridge to cross the rushing river safely.","YES","02/05/2026, 12:54:52"
"ann2","1777564646559r5rqtyv3zsl","(one-shot) 'suspect' (VERB_wn:00921072v) 'imagine to be the case or true or probable' —> I suspect that it will rain before the game ends.","YES","02/05/2026, 12:55:03"
"ann2","177756464655971cxt7d9y1b","(one-shot) 'artificial' (ADJ_wn:00073465a) 'artificially formal' —> Their conversation was stiff and artificial, lacking any genuine warmth or spontaneity.","YES","02/05/2026, 12:55:13"
"ann2","1777564646559amy9btrcgci","(one-shot) 'subdue' (VERB_wn:01108627v) 'get on top of; deal with successfully' —> The firefighters worked tirelessly to subdue the raging forest fire.","YES","02/05/2026, 12:55:24"
"ann2","1777564646559col99f2m6u","(one-shot) 'question' (VERB_wn:00867409v) 'challenge the accuracy, probity, or propriety of' —> The defense attorney began to question the witness's testimony during the cross-examination.","YES","02/05/2026, 12:55:32"
"ann2","1777564646559c7zo7bilh0k","(one-shot) 'below' (ADV_wn:00486067r) 'further down' —> Please refer to the diagram provided below.","YES","02/05/2026, 12:55:42"
"ann2","1777564646559j6rfetc732j","(one-shot) 'impress' (VERB_wn:01471547v) 'take (someone) against his will for compulsory service, especially on board a ship' —> The royal navy used to impress young men from the coastal villages to fill the crews of their warships.","YES","02/05/2026, 12:55:49"
"ann2","1777564646559y3mahtpidu","(one-shot) 'hold_up' (VERB_wn:01217043v) 'be the physical support of; carry the weight of' —> The ancient stone pillars hold up the vaulted ceiling of the cathedral.","YES","02/05/2026, 12:55:56"
"ann2","1777564646559pkivbdbpbb8","(one-shot) 'urge' (NOUN_wn:09180431n) 'an instinctive motive' —> She felt a sudden, uncontrollable urge to jump into the cold lake.","YES","02/05/2026, 12:56:05"
"ann2","1777564646559xrjqs1njev","(one-shot) 'tenure' (NOUN_wn:15291498n) 'the term during which some position is held' —> During her tenure as CEO, the company expanded its operations into three new continents.","YES","02/05/2026, 12:56:14"
"ann2","1777564646559q5iw5ikk66m","(one-shot) 'break' (VERB_wn:00339464v) 'happen' —> The storm broke just as we reached the summit.","YES","02/05/2026, 12:56:27"
"ann2","1777564646559dwly9ui0b6f","(one-shot) 'put_down' (VERB_wn:01020356v) 'put down in writing; of texts, musical compositions, etc.' —> The poet quickly put down her thoughts before the inspiration vanished.","YES","02/05/2026, 12:56:37"
"ann2","1777564646559xhoe0r1p79","(one-shot) 'concern' (NOUN_wn:08061042n) 'a commercial or industrial enterprise and the people who constitute it' —> The family-owned textile concern has operated in this valley for over three generations.","YES","02/05/2026, 12:56:46"
"ann2","1777564646559436y9qlh3ez","(one-shot) 'commitment' (NOUN_wn:01206153n) 'the act of binding yourself (intellectually or emotionally) to a course of action' —> Her lifelong commitment to medical research required years of grueling study and sacrifice.","YES","02/05/2026, 12:56:55"
"ann2","177756464655998pp6bmg66h","(one-shot) 'bearing' (NOUN_wn:13795695n) 'relevant relation or interconnection' —> The witness's testimony had no bearing on the final verdict of the case.","YES","02/05/2026, 12:57:03"
"ann2","1777564646559phnyrkigtjd","(one-shot) 'destruction' (NOUN_wn:07334490n) 'an event (or the result of an event) that completely destroys something' —> The sudden eruption of the volcano led to the total destruction of the coastal village.","YES","02/05/2026, 12:57:10"
"ann2","1777564646559z4fnrjytuyl","(one-shot) 'lonely' (ADJ_wn:02250430a) 'characterized by or preferring solitude' —> The lonely scholar spent his entire weekend reading ancient manuscripts in the quiet archives.","YES","02/05/2026, 12:57:19"
"ann2","177756464655984cfxge9j7x","(one-shot) 'choke' (VERB_wn:00358431v) 'pass from physical life and lose all bodily attributes and functions necessary to sustain life' —> The victim choked to death after a piece of food became lodged in his throat.","NO","02/05/2026, 12:57:35"
"ann2","17775646465593d63c2k28zv","(one-shot) 'settle' (VERB_wn:00481941v) 'make final; put the last touches on; put into final form' —> The lawyers spent the entire afternoon trying to settle the terms of the contract.","YES","02/05/2026, 12:57:43"
"ann2","1777564646559nauaytu9jy9","(one-shot) 'raspberry' (NOUN_wn:07123870n) 'a cry or noise made to express displeasure or contempt' —> The crowd let out a loud raspberry when the arrogant politician began his speech.","YES","02/05/2026, 12:57:54"
"ann2","17775646465590fs07b5swku","(one-shot) 'confine' (VERB_wn:00235368v) 'restrict or confine,' —> The guards decided to confine the prisoner to a small cell.","YES","02/05/2026, 12:58:02"
"ann2","1777564646559b86t06cs6jn","(one-shot) 'look' (NOUN_wn:04674715n) 'physical appearance' —> She decided to update her look by dyeing her hair a bright shade of red.","YES","02/05/2026, 12:58:12"
"ann2","17775646465593n0fgv3n4g6","(one-shot) 'allied' (ADJ_wn:02476485a) 'united in a confederacy or league' —> The allied forces coordinated their strategy to ensure a decisive victory.","YES","02/05/2026, 12:58:22"
"ann2","17775646465598f3x5ozfe9x","(one-shot) 'scene' (NOUN_wn:07360841n) 'an incident (real or imaginary)' —> The witness provided a vivid description of the scene that unfolded during the robbery.","YES","02/05/2026, 12:58:31"
"ann2","1777564646559o6e0kc9sls7","(one-shot) 'reverse' (NOUN_wn:13858604n) 'a relation of direct opposition' —> The unexpected outcome of the trial was the complete reverse of what the lawyers had predicted.","YES","02/05/2026, 12:58:40"
"ann2","17775646465595wlzlxdxx9","(one-shot) 'dominate' (VERB_wn:02644234v) 'be larger in number, quantity, power, status or importance' —> Tech giants continue to dominate the global electronics market.","YES","02/05/2026, 12:58:48"
"ann2","1777564646559urzqcwq7r6p","(one-shot) 'take' (VERB_wn:02206619v) 'take by force' —> The rebel army attempted to take the fortress by storm.","YES","02/05/2026, 12:58:55"
"ann2","1777564646559msanfrkab8","(one-shot) 'undue' (ADJ_wn:00137943a) 'not appropriate or proper (or even legal) in the circumstances' —> The court ruled that the contract was signed under undue influence.","YES","02/05/2026, 12:59:04"
"ann2","1777564646559vq1nzw4rx0m","(one-shot) 'colonial' (ADJ_wn:02700199a) 'of animals who live in colonies, such as ants' —> The biologists studied the complex colonial behavior of honeybees.","YES","02/05/2026, 12:59:14"
"ann2","1777564646559tgwri1y12hb","(one-shot) 'impulse' (NOUN_wn:07308042n) 'the electrical discharge that travels along a nerve fiber' —> The scientist measured the speed of the nerve impulse as it traveled from the receptor to the brain.","YES","02/05/2026, 12:59:23"
"ann2","1777564646559m2v70wbvzhc","(one-shot) 'mosaic' (NOUN_wn:03787759n) 'art consisting of a design made of small pieces of colored stone or glass' —> The museum curator carefully restored the ancient Byzantine mosaic found on the floor of the chapel.","YES","02/05/2026, 12:59:33"
"ann2","1777564646559zy35yxuac","(one-shot) 'impulse' (NOUN_wn:07490579n) 'a sudden desire' —> She felt a sudden impulse to quit her job and travel the world.","YES","02/05/2026, 12:59:44"
"ann2","17775646465592mgx5gyhebd","(one-shot) 'aroused' (ADJ_wn:02405677a) 'brought to a state of great tension' —> The sudden crash of the alarm aroused a feeling of panic in the sleeping crowd.","WRONG","02/05/2026, 12:59:56"
"ann2","1777564646559dwir360yeub","(one-shot) 'starve' (VERB_wn:01187948v) 'deprive of a necessity and cause suffering' —> The oppressive regime continued to starve the population of basic medical supplies.","YES","02/05/2026, 13:00:06"
"ann2","1777564646559wri9qk558wf","(one-shot) 'spur' (VERB_wn:01241490v) 'strike with a spur' —> The rider spurred his horse to gallop across the field.","YES","02/05/2026, 13:00:17"
"ann2","177756464655964gfnw3jhos","(one-shot) 'canon' (NOUN_wn:09233446n) 'a ravine formed by a river in an area with little rainfall' —> The hikers marveled at the towering red walls of the deep canon as they trekked toward the river.","YES","02/05/2026, 13:00:30"
"ann2","1777564646559768w9ka1ur3","(one-shot) 'partner' (NOUN_wn:10402417n) 'a person who is a member of a partnership' —> The senior partner at the law firm decided to retire after forty years of practice.","YES","02/05/2026, 13:00:41"
"ann2","17775646465594pdutgbq2ei","(one-shot) 'ounce' (NOUN_wn:02128757n) 'large feline of upland central Asia having long thick whitish fur' —> The elusive ounce is perfectly adapted for survival in the freezing heights of the Himalayas.","YES","02/05/2026, 13:00:50"
"ann2","1777564646559wqdxupegb","(one-shot) 'task' (NOUN_wn:00719705n) 'a specific piece of work required to be done as a duty or for a specific fee' —> She completed the tedious task of filing the documents before the deadline.","YES","02/05/2026, 13:00:59"
"ann2","17775646465597exl8xftnki","(one-shot) 'pick_up' (VERB_wn:00598954v) 'get to know or become aware of, usually accidentally' —> While traveling through Italy, he picked up a few basic phrases in Italian.","YES","02/05/2026, 13:01:10"
"ann2","177756464655938ivw04iyvv","(one-shot) 'capture' (VERB_wn:01686626v) 'succeed in representing or expressing something intangible' —> The poet's verses perfectly captured the essence of longing.","YES","02/05/2026, 13:01:18"
"ann2","1777564646559ftue9foi36r","(one-shot) 'perch' (NOUN_wn:02556846n) 'spiny-finned freshwater food and game fishes' —> The fisherman spent the entire afternoon casting his line into the lake, hoping to catch several large perch.","YES","02/05/2026, 13:01:27"
"ann2","1777564646559zok9r4438ba","(one-shot) 'feast' (NOUN_wn:08253640n) 'a ceremonial dinner party for many people' —> The village organized a magnificent feast to celebrate the autumn harvest.","YES","02/05/2026, 13:01:37"
"ann2","17775646465599x4f9cnhmia","(one-shot) 'abstract' (VERB_wn:01008288v) 'give an abstract (of)' —> The graduate student was asked to abstract the main findings of her thesis for the conference program.","YES","02/05/2026, 13:01:46"
"ann2","1777564646559q7c1eucyetk","(one-shot) 'moderator' (NOUN_wn:10326257n) 'someone who presides over a forum or debate' —> The moderator carefully ensured that each candidate had an equal amount of time to speak during the televised debate.","YES","02/05/2026, 13:01:54"
"ann2","1777564646559d1tk6j19fxh","(one-shot) 'exciting' (ADJ_wn:00921014a) 'creating or arousing excitement' —> The children were thrilled to start their exciting journey to the amusement park.","YES","02/05/2026, 13:02:04"
"ann2","1777564646559nxjo525xt5s","(one-shot) 'guess' (VERB_wn:00916909v) 'put forward, of a guess, in spite of possible refutation' —> I would guess that the culprit left through the back door, although there are no footprints in the mud.","YES","02/05/2026, 13:02:14"
"ann2","17775646465596b63u31brjy","(one-shot) 'priest' (NOUN_wn:10471250n) 'a person who performs religious duties and ceremonies in a non-Christian religion' —> The Shinto priest carefully offered a prayer for the prosperity of the community.","YES","02/05/2026, 13:02:21"
"ann2","17775646465593uufuyrynh8","(one-shot) 'charge' (NOUN_wn:03008565n) 'heraldry consisting of a design or image depicted on a shield' —> The knight's coat of arms featured a golden lion as the central charge.","YES","02/05/2026, 13:02:31"
"ann2","1777564646559wbjcrocmphd","(one-shot) 'occupy' (VERB_wn:02649042v) 'occupy the whole of' —> The sprawling city ruins occupy the entire valley.","YES","02/05/2026, 13:02:41"
"ann2","1777564646559782cewrb3nc","(one-shot) 'pool' (NOUN_wn:08236438n) 'an association of companies for some definite purpose' —> The major airlines formed a pool to coordinate their flight schedules and share operating costs.","YES","02/05/2026, 13:02:52"
"ann2","1777564646559ht0rs8qp8wt","(one-shot) 'laughter' (NOUN_wn:07127006n) 'the sound of laughing' —> The sound of children's laughter echoed through the quiet hallways of the school.","YES","02/05/2026, 13:03:00"
"ann2","1777564646559q5pamljuv3","(one-shot) 'caution' (NOUN_wn:04891184n) 'the trait of being circumspect and prudent' —> The experienced mountain climber approached the crumbling ledge with extreme caution.","YES","02/05/2026, 13:03:08"
"ann2","17775646465592ul26w1e5er","(one-shot) 'overboard' (ADV_wn:00173131r) 'from on board a vessel into the water' —> The panicked passenger accidentally tumbled overboard during the storm.","YES","02/05/2026, 13:03:15"
"ann2","17775646465594bopxq7wijn","(one-shot) 'run_out' (VERB_wn:00561714v) 'exhaust the supply of' —> We will run out of coffee if we don't go to the store today.","YES","02/05/2026, 13:03:25"
"ann2","1777564646559808v02tt9d","(one-shot) 'harm' (NOUN_wn:00403092n) 'the act of damaging something or someone' —> The lawyer argued that the defendant's negligence had caused significant harm to the victim's health.","YES","02/05/2026, 13:03:43"
"ann2","1777564646559py7aiut3fhk","(one-shot) 'spiral' (NOUN_wn:13876561n) 'a curve that lies on the surface of a cylinder or cone and cuts the element at a constant angle' —> The engineer carefully measured the pitch of the metal spiral winding around the conical tower.","YES","02/05/2026, 13:03:54"
"ann2","1777564646559wmzq83ho2nh","(one-shot) 'adoption' (NOUN_wn:00180413n) 'the act of accepting with approval; favorable reception' —> The new safety protocols met with wide adoption among the staff after the first successful trial.","YES","02/05/2026, 13:04:02"
"ann2","1777564646559qbo2xrelt9e","(one-shot) 'search' (VERB_wn:00648224v) 'inquire into' —> The detective began to search into the suspect's mysterious past.","YES","02/05/2026, 13:04:12"
"ann2","1777564646559f58qd5tn5au","(one-shot) 'wattle' (NOUN_wn:05471427n) 'a fleshy wrinkled and often brightly colored fold of skin hanging from the neck or throat of certain birds (chickens and turkeys) or lizards' —> The rooster strutted across the farmyard, proudly displaying his bright red wattle.","YES","02/05/2026, 13:04:19"
"ann2","1777564646559h3dyzhkenk4","(one-shot) 'release' (VERB_wn:00104868v) 'eliminate (a substance)' —> The athlete's muscles released lactic acid after the intense sprint.","YES","02/05/2026, 13:04:31"
"ann2","1777564646559fk6w691w4ii","(one-shot) 'superior' (NOUN_wn:09333171n) 'the largest freshwater lake in the world; the deepest of the Great Lakes' —> We spent the entire summer sailing across the vast waters of Lake Superior.","YES","02/05/2026, 13:04:40"
"ann2","1777564646559ubuld4xv5dc","(one-shot) 'command' (VERB_wn:00751567v) 'make someone do something' —> The general commanded the soldiers to advance toward the enemy line.","YES","02/05/2026, 13:04:53"
"ann2","1777564646559b242gnn1ktn","(one-shot) 'contradict' (VERB_wn:00776059v) 'be resistant to' —> The stubborn material contradicted the chemical treatment, remaining completely unchanged.","YES","02/05/2026, 13:05:16"
"ann2","1777564646559obell1w3v3","(one-shot) 'manchester' (NOUN_wn:08876975n) 'a city in northwestern England (30 miles to the east of Liverpool); heart of the most densely populated area of England' —> Many tourists visit Manchester to explore its world-famous museums and vibrant music scene.","YES","02/05/2026, 13:05:24"
"ann2","1777564646559urkq2ked1hd","(one-shot) 'convertible' (ADJ_wn:00916706a) 'capable of being exchanged for or replaced by something of equal value' —> The investor held several convertible bonds that could be swapped for shares of company stock.","YES","02/05/2026, 13:05:33"
"ann2","1777564646559dpxhn6ow05","(one-shot) 'economical' (ADJ_wn:00840212a) 'using the minimum of time or resources necessary for effectiveness' —> The chef used an economical amount of butter to flavor the sauce without overpowering the vegetables.","YES","02/05/2026, 13:05:41"
"ann2","17775646465592n7phiiq9wn","(one-shot) 'reality' (NOUN_wn:13956097n) 'the state of the world as it really is rather than as you might want it to be' —> She struggled to accept the harsh reality of her financial situation after losing her job.","YES","02/05/2026, 13:05:48"
"ann2","1777564646559fslrp2m2ni5","(one-shot) 'affected' (ADJ_wn:00070939a) 'acted upon; influenced' —> The coastal towns were severely affected by the rising sea levels.","YES","02/05/2026, 13:05:57"
"ann2","1777564646559ybs37gu385","(one-shot) 'leak' (VERB_wn:00258109v) 'have an opening that allows light or substances to enter or go out' —> The old rusty pipe began to leak water all over the basement floor.","YES","02/05/2026, 13:06:08"
"ann2","1777564646559bnro9139m8l","(one-shot) 'block' (VERB_wn:00609100v) 'be unable to remember' —> I tried to recall his name, but my mind completely blocked it.","YES","02/05/2026, 13:06:18"
"ann2","17775646465594ro3hi4102a","(one-shot) 'invade' (VERB_wn:01227488v) 'penetrate or assault, in a harmful or injurious way' —> The enemy troops attempted to invade the coastal city under the cover of darkness.","YES","02/05/2026, 13:06:29"
"ann2","1777564646559bfvacb7cw0u","(one-shot) 'fertilize' (VERB_wn:00504270v) 'make fertile or productive' —> The farmer used organic compost to fertilize the depleted soil.","YES","02/05/2026, 13:06:39"
"ann2","1777564646559sihd5az9th","(one-shot) 'revive' (VERB_wn:00169298v) 'be brought back to life, consciousness, or strength' —> The paramedics worked quickly to revive the unconscious swimmer.","YES","02/05/2026, 13:06:54"
"ann2","17775646465594tu49fr1h63","(one-shot) 'tease' (VERB_wn:01531635v) 'raise the nap of (fabrics)' —> The artisan used a metal comb to tease the wool before spinning it into yarn.","YES","02/05/2026, 13:07:07"
"ann2","1777564646559ojnjjj4z5oa","(one-shot) 'navigation' (NOUN_wn:00314469n) 'the work of a sailor' —> The captain spent decades mastering the art of navigation across the Atlantic.","YES","02/05/2026, 13:07:21"
"ann2","1777564646559139sbz08qoap","(one-shot) 'reference' (NOUN_wn:07258664n) 'a publication (or a passage from a publication) that is referred to' —> The student carefully listed every reference used in her research paper to avoid plagiarism.","YES","02/05/2026, 13:07:32"
"ann2","17775646465595t9firpdtae","(one-shot) 'enclose' (VERB_wn:02711114v) 'close in; darkness enclosed him'' —> The thick fog enclosed the small village in a ghostly shroud.","YES","02/05/2026, 13:07:42"
"ann2","177756464655950qt74gf00a","(one-shot) 'stage' (VERB_wn:01711445v) 'perform (a play), especially on a stage' —> The local drama club decided to stage a revival of the classic Shakespearean comedy.","YES","02/05/2026, 13:07:50"
"ann2","1777564646559xlaufh1ro08","(one-shot) 'ragged' (ADJ_wn:00913131a) 'having an irregular outline' —> The coastline was marked by ragged cliffs that plunged sharply into the sea.","YES","02/05/2026, 13:08:00"
"ann2","1777564646559pl3pdubcqw","(one-shot) 'ward' (NOUN_wn:11374085n) 'English writer of novels who was an active opponent of the women's suffrage movement (1851-1920)' —> The literary circles of the era were often divided by the staunch anti-suffrage views held by Ward.","YES","02/05/2026, 13:08:08"
"ann2","1777564646559l1fzcm4dyah","(one-shot) 'victimize' (VERB_wn:02500619v) 'punish unjustly' —> The corrupt regime continued to victimize political dissidents through staged trials.","YES","02/05/2026, 13:08:19"
"ann2","1777564646559sluiek62uns","(one-shot) 'come_up' (VERB_wn:01384752v) 'gather (money or other resources) together over time' —> It took the community several months to come up with enough funds to build the new playground.","YES","02/05/2026, 13:08:27"
"ann2","17775646465591mzq8193n11","(one-shot) 'secrecy' (NOUN_wn:04652177n) 'the trait of keeping things secret' —> The intelligence agency operated in absolute secrecy to avoid detection by the enemy.","YES","02/05/2026, 13:08:56"
"ann2","17775646465596ngmkp2rdwb","(one-shot) 'affirmation' (NOUN_wn:06732350n) 'a statement asserting the existence or the truth of something' —> The judge's nod served as a silent affirmation that the evidence provided was credible.","YES","02/05/2026, 13:09:06"
"ann2","1777564646559yvru4uvwvlr","(one-shot) 'speed' (VERB_wn:00439343v) 'cause to move faster' —> The driver pressed the pedal to speed the car up.","YES","02/05/2026, 13:09:14"
"ann2","17775646465599iawghhpdgt","(one-shot) 'excuse' (VERB_wn:00893167v) 'excuse, overlook, or make allowances for; be lenient with' —> Please excuse my tardiness, as the traffic was unexpectedly heavy this morning.","YES","02/05/2026, 13:09:23"
"ann2","1777564646559vnlykl7wrs9","(one-shot) 'prime_minister' (NOUN_wn:09907196n) 'the person who holds the position of head of the government in the United Kingdom' —> The prime minister addressed the House of Commons regarding the new economic policy.","YES","02/05/2026, 13:09:34"
"ann2","1777564646559vikrsnxwyab","(one-shot) 'contribution' (NOUN_wn:01102712n) 'a writing for publication especially one of a collection of writings as an article or story' —> The literary journal is currently accepting submissions for a special contribution on modern poetry.","YES","02/05/2026, 13:09:42"
"ann2","1777564646559opamkj04hmh","(one-shot) 'land' (NOUN_wn:11115558n) 'United States inventor who incorporated Polaroid film into lenses and invented the one step photographic process (1909-1991)' —> The revolutionary camera technology developed by Land transformed how people captured instant memories.","YES","02/05/2026, 13:09:51"
"ann2","17775646465592abs7q38jk","(one-shot) 'settle' (VERB_wn:00764032v) 'end a legal dispute by arriving at a settlement' —> The two companies decided to settle their lawsuit out of court to avoid a lengthy trial.","YES","02/05/2026, 13:10:00"
"ann2","17775646465594swi6ry172","(one-shot) 'appointed' (ADJ_wn:00846462a) 'subject to appointment' —> The committee consists of several elected members and three appointed officials.","YES","02/05/2026, 13:10:08"
"ann2","17775646465592ode9uxjsmo","(one-shot) 'grounds' (NOUN_wn:03462747n) 'a connection between an electrical device and a large conducting body, such as the earth (which is taken to be at zero voltage)' —> The electrician carefully checked the equipment's grounds to ensure the safety of the laboratory.","YES","02/05/2026, 13:10:18"
"ann2","1777564646559o4gehqhaupf","(one-shot) 'invisible' (ADJ_wn:02517265a) 'impossible or nearly impossible to see; imperceptible by the eye' —> The magician made the rabbit vanish, leaving it completely invisible to the amazed audience.","YES","02/05/2026, 13:10:27"
"ann2","1777564646559whbghj70dei","(one-shot) 'embrace' (VERB_wn:02629793v) 'include in scope; include as part of something broader; have as one's sphere or territory' —> The new urban planning initiative embraces the entire metropolitan area, including the surrounding suburbs.","YES","02/05/2026, 13:10:36"
"ann2","1777564646559p9qxwclkg39","(one-shot) 'represent' (VERB_wn:02541921v) 'be representative or typical for' —> These quiet suburbs represent the typical lifestyle of the middle class in this region.","YES","02/05/2026, 13:10:46"
"ann2","1777564646559tarbk7tt7ya","(one-shot) 'withdraw' (VERB_wn:00799383v) 'make a retreat from an earlier commitment or activity' —> The candidate decided to withdraw from the mayoral race after the scandal broke.","YES","02/05/2026, 13:10:54"
"ann2","1777564646559aw2j6nplpg8","(one-shot) 'starter' (NOUN_wn:03127024n) 'a hand tool consisting of a rotating shaft with parallel handle' —> The mechanic reached for the starter to manually rotate the engine's crankshaft.","YES","02/05/2026, 13:11:04"
"ann2","1777564646559sh8ral4j6uq","(one-shot) 'refine' (VERB_wn:00401688v) 'make more precise or increase the discriminatory powers of' —> The scientists used a new algorithm to refine the measurements of the cosmic background radiation.","YES","02/05/2026, 13:11:15"
"ann2","17775646465591m8gu6rc6qv","(one-shot) 'set_out' (VERB_wn:01474209v) 'lay out orderly or logically in a line or as if in a line' —> She set out the dining silverware precisely before the guests arrived.","YES","02/05/2026, 13:11:26"
"ann2","17775646465596623mg0fi9n","(one-shot) 'misfortune' (NOUN_wn:14475405n) 'an unfortunate state resulting from unfavorable outcomes' —> Despite her sudden misfortune, she remained optimistic about the future.","YES","02/05/2026, 13:11:37"
"ann2","1777564646559ocs9qafst8s","(one-shot) 'hum' (VERB_wn:02706605v) 'be noisy with activity' —> The city center hums with the energy of the morning commute.","YES","02/05/2026, 13:11:47"
"ann2","1777564646559rbtkbvyytd","(one-shot) 'conventional' (ADJ_wn:00605516a) 'following accepted customs and proprieties' —> The wedding ceremony followed a conventional format, complete with a white dress and a tiered cake.","YES","02/05/2026, 13:11:58"
"ann2","1777564646559w5kusxlzvlg","(one-shot) 'tug' (VERB_wn:02406916v) 'strive and make an effort to reach a goal' —> Despite the setbacks, the young artist continued to tug toward her dream of opening a gallery.","YES","02/05/2026, 13:12:09"
"ann2","17775646465596cv2x3tewy8","(one-shot) 'endorsement' (NOUN_wn:06687358n) 'formal and explicit approval' —> The candidate's campaign gained significant momentum after receiving a public endorsement from the governor.","YES","02/05/2026, 13:12:18"
"ann2","1777564646559agfc17y6igb","(one-shot) 'out' (ADJ_wn:02061487a) 'not allowed to continue to bat or run' —> The umpire signaled that the batsman was out.","YES","02/05/2026, 13:12:28"
"ann2","1777564646559wm0a1iee1qh","(one-shot) 'organize' (VERB_wn:01651444v) 'arrange by systematic planning and united effort' —> The community worked together to organize a massive food drive for the shelter.","YES","02/05/2026, 13:12:35"
"ann2","1777564646559illn99397di","(one-shot) 'club' (NOUN_wn:03053788n) 'a playing card in the minor suit that has one or more black trefoils on it' —> The magician asked the spectator to pick a card, and he revealed that it was the ace of clubs.","YES","02/05/2026, 13:12:44"
"ann2","1777564646559wh3th3wj82k","(one-shot) 'casing' (NOUN_wn:02977619n) 'the enclosing frame around a door or window opening' —> The carpenter carefully sanded the oak casing around the living room window to ensure a smooth finish.","YES","02/05/2026, 13:12:52"
"ann2","1777564646559gzwh96ktvij","(one-shot) 'reversal' (NOUN_wn:01185981n) 'a judgment by a higher court that the judgment of a lower court was incorrect and should be set aside' —> The defense attorney filed a petition for a reversal after discovering new evidence that proved her client's innocence.","YES","02/05/2026, 13:13:00"
"ann2","1777564646559u1zmpb3u7ld","(one-shot) 'mold' (VERB_wn:01662771v) 'form by pouring (e.g., wax or hot metal) into a cast or mold' —> The artisan molded the molten gold into a delicate ring.","YES","02/05/2026, 13:13:11"
"ann2","17775646465590jqjcv80t6dc","(one-shot) 'tapestry' (NOUN_wn:04393404n) 'a wall hanging of heavy handwoven fabric with pictorial designs' —> The museum curator carefully restored the ancient tapestry that depicted a royal hunting scene.","YES","02/05/2026, 13:13:22"
"ann2","1777564646559kfsl25tamyn","(one-shot) 'control' (NOUN_wn:13827205n) 'a relation of constraint of one entity (thing or person or group) by another' —> The dictator maintained strict control over every aspect of the citizens' daily lives.","YES","03/05/2026, 11:23:43"
"ann2","177756464655915mvk88oj4b","(one-shot) 'memorial' (NOUN_wn:03743902n) 'a structure erected to commemorate persons or events' —> The city council voted to build a granite memorial in the center of the park to honor the fallen soldiers.","YES","03/05/2026, 11:23:51"
"ann2","1777564646559lv369obruvq","(one-shot) 'debate' (VERB_wn:00812580v) 'discuss the pros and cons of an issue' —> The committee will debate the new policy during tomorrow's meeting.","YES","03/05/2026, 11:24:01"
"ann2","1777564646559chlhucj4z7d","(one-shot) 'slice' (NOUN_wn:00572043n) 'a golf shot that curves to the right for a right-handed golfer' —> The amateur golfer groaned in frustration as his drive became a massive slice that landed deep in the rough.","YES","03/05/2026, 11:24:09"
"ann2","1777564646559da7gj78j85c","(one-shot) 'discipline' (NOUN_wn:00893836n) 'training to improve strength or self-control' —> The athlete's rigorous daily discipline allowed her to maintain focus during the final stretch of the marathon.","YES","03/05/2026, 11:24:17"
"ann2","1777564646559fieyb3d9ced","(one-shot) 'yield' (VERB_wn:01116447v) 'cease opposition; stop fighting' —> The defeated army finally yielded after the fortress walls were breached.","YES","03/05/2026, 11:24:28"
"ann2","1777564646559eyrnsxjq5f4","(one-shot) 'trust' (NOUN_wn:05943066n) 'complete confidence in a person or plan etc' —> Maintaining a deep sense of trust between teammates is essential for the success of the project.","YES","03/05/2026, 11:24:37"
"ann2","177756464655969fbjrad4kv","(one-shot) 'sum' (NOUN_wn:04353803n) 'the whole amount' —> The total sum of the donations exceeded the charity's expectations.","YES","03/05/2026, 11:24:45"
"ann2","177756464655965xy0gd1hjv","(one-shot) 'extend' (VERB_wn:02690093v) 'reach outward in space' —> The long pier extends far into the turquoise water.","YES","03/05/2026, 11:24:55"
"ann2","1777564646559co6t7c29w4l","(one-shot) 'trickery' (NOUN_wn:06760722n) 'verbal misrepresentation intended to take advantage of you in some way' —> The crooked salesman relied on clever trickery to convince the elderly couple to sign the predatory contract.","YES","03/05/2026, 11:25:05"
"ann2","177756464655917u3nit6oi2","(one-shot) 'whiting' (NOUN_wn:02637977n) 'a small fish of the genus Sillago; excellent food fish' —> The chef prepared a platter of pan-seared whiting served with a lemon butter sauce.","YES","03/05/2026, 11:25:14"
"ann2","1777564646559pysyu3itozr","(one-shot) 'suggest' (VERB_wn:00927430v) 'drop a hint; intimate by a hint' —> She subtly suggested that it was time for the guests to leave.","YES","03/05/2026, 11:25:24"
"ann2","17775646465593pz1xssb84c","(one-shot) 'fowl' (NOUN_wn:01789740n) 'a domesticated gallinaceous bird thought to be descended from the red jungle fowl' —> The farmer spent his morning gathering fresh eggs from the coop full of fowl.","YES","03/05/2026, 11:25:33"
"ann2","177756464655991z123l8uub","(one-shot) 'contribute' (VERB_wn:02308741v) 'contribute to some cause' —> She decided to contribute a portion of her monthly salary to the local children's hospital.","YES","03/05/2026, 11:25:44"
"ann2","17775646465595f67hn0oowg","(one-shot) 'sight' (NOUN_wn:05623818n) 'the range of vision' —> The distant lighthouse slowly faded from her sight as the ship sailed further into the fog.","YES","03/05/2026, 11:25:51"
"ann2","1777564646559alwsrdrf4if","(one-shot) 'clear' (VERB_wn:00450565v) 'remove the occupants of' —> The police officer ordered the crowd to clear the building immediately.","YES","03/05/2026, 11:26:03"
"ann2","177756464655932g7u4khw7v","(one-shot) 'discover' (VERB_wn:00598954v) 'get to know or become aware of, usually accidentally' —> While cleaning the attic, she discovered an old collection of handwritten letters.","YES","03/05/2026, 11:26:13"
"ann2","1777564646559sdt006b0mqb","(one-shot) 'ache' (VERB_wn:01805684v) 'have a desire for something or someone who is not present' —> After months of traveling abroad, I ache for the comfort of my own bed.","YES","03/05/2026, 11:26:20"
"ann2","1777564646559iz1v5rtjyij","(one-shot) 'serve' (VERB_wn:01428011v) 'mate with' —> The farmer decided to serve the prize sow this spring.","YES","03/05/2026, 11:26:29"
"ann2","1777564646559gju0zpflpj","(one-shot) 'pace' (VERB_wn:00702601v) 'regulate or set the pace of' —> The experienced marathoner paced herself carefully to ensure she had enough energy for the final sprint.","YES","03/05/2026, 11:26:37"
"ann2","1777564646559ee8dlx3feeg","(one-shot) 'suffer' (VERB_wn:00204872v) 'be set at a disadvantage' —> The small independent bookstore suffered from the arrival of a giant retail chain in town.","YES","03/05/2026, 11:26:46"
"ann2","1777564646559mf8q97gddom","(one-shot) 'exclusion' (NOUN_wn:14413993n) 'the state of being excommunicated' —> The priest warned the parishioner that continued heresy would lead to his permanent exclusion from the church.","YES","03/05/2026, 11:26:56"
"ann2","1777564646559y6rn3ley5g","(one-shot) 'attraction' (NOUN_wn:11426530n) 'the force by which one object attracts another' —> The gravitational attraction between the Earth and the Moon stabilizes the planet's axial tilt.","YES","03/05/2026, 11:27:04"
"ann2","17775646465590j1dd6itar9q","(one-shot) 'immediate' (ADJ_wn:00978754a) 'performed with little or no delay' —> The patient required immediate medical attention after the accident.","YES","03/05/2026, 11:27:12"
"ann2","1777564646559hsw3bn09z3c","(one-shot) 'proceed' (VERB_wn:00341560v) 'follow a certain course' —> The hikers proceeded along the narrow mountain trail toward the summit.","YES","03/05/2026, 11:27:21"
"ann2","1777564646559pf4wfnwmkvl","(one-shot) 'detonate' (VERB_wn:00306298v) 'burst and release energy as through a violent chemical or physical reaction' —> The engineers carefully detonated the explosives to clear the rocky path.","YES","03/05/2026, 11:27:30"
"ann2","1777564646559805tes71xjm","(one-shot) 'break' (VERB_wn:02399331v) 'assign to a lower position; reduce in rank' —> The general was broken to a colonel after the failed campaign.","YES","03/05/2026, 11:27:39"
"ann2","1777564646559azv86ltr3el","(one-shot) 'structural' (ADJ_wn:00586060a) 'concerned with systematic structure in a particular field of study' —> The linguist argued that the differences between the two dialects were primarily structural rather than lexical.","YES","03/05/2026, 11:27:46"
"ann2","1777564646559kdd7vxqe2wo","(one-shot) 'legendary' (ADJ_wn:01935744a) 'celebrated in fable or legend' —> The knights embarked on a quest to find the legendary sword of Excalibur.","YES","03/05/2026, 11:27:54"
"ann2","17775646465596r4nfdwpr4p","(one-shot) 'sporting' (ADJ_wn:01297946a) 'preoccupied with the pursuit of pleasure and especially games of chance' —> The wealthy aristocrat lived a sporting life, spending his afternoons at the racecourse and his evenings at the baccarat table.","YES","03/05/2026, 11:28:01"
"ann2","1777564646559e7qbuvhkff","(one-shot) 'bite' (NOUN_wn:06776986n) 'wit having a sharp and caustic quality' —> The lawyer's cross-examination was delivered with a rhythmic precision and a caustic bite that left the witness speechless.","YES","03/05/2026, 11:28:10"
"ann2","1777564646559lph5s4bsna","(one-shot) 'welcome' (VERB_wn:02237206v) 'accept gladly' —> The community will welcome the new laws regarding environmental protection.","YES","03/05/2026, 11:28:19"
"ann2","17775646465594s1oyyydsx","(one-shot) 'deal' (VERB_wn:01033527v) 'act on verbally or in some form of artistic expression' —> The latest novel deals with the complexities of grief.","YES","03/05/2026, 11:28:29"
"ann2","1777564646559mbcap65574","(one-shot) 'open' (ADJ_wn:00185509a) 'not having been filled' —> The company is currently advertising several open positions in the marketing department.","YES","03/05/2026, 11:28:38"
"ann2","1777564646559b606wvc6yvo","(one-shot) 'formally' (ADV_wn:00186366r) 'in a formal manner' —> The diplomat addressed the assembly formally to ensure all protocols were observed.","YES","03/05/2026, 11:28:48"
"ann2","1777564646559l7mx159r2wa","(one-shot) 'display' (NOUN_wn:07213717n) 'behavior that makes your feelings public' —> The athlete's sudden display of anger after the loss shocked the spectators.","YES","03/05/2026, 11:28:57"
"ann2","1777564646559yjl93h8rpi","(one-shot) 'inventory' (NOUN_wn:13412533n) '(accounting) the value of a firm's current assets including raw materials and work in progress and finished goods' —> The company reported a significant loss after a sudden drop in the market value of its inventory.","YES","03/05/2026, 11:29:06"
"ann2","1777564646559gebmanbv348","(one-shot) 'penalty' (NOUN_wn:05164845n) 'the disadvantage or painful consequences of an action or condition' —> Skipping the warm-up exercises often results in the penalty of a sudden muscle strain.","YES","03/05/2026, 11:29:15"
"ann2","1777564646559pvazuehczj","(one-shot) 'charge' (NOUN_wn:07169480n) 'a formal statement of a command or injunction to do something' —> The captain gave a final charge to his soldiers to hold the line at all costs.","YES","03/05/2026, 11:29:25"
"ann2","1777564646559mmewbdxi5c","(one-shot) 'twitch' (VERB_wn:01893601v) 'toss with a sharp movement so as to cause to turn over in the air' —> The fisherman twitched the lure to attract the hungry bass.","YES","03/05/2026, 11:29:39"
"ann2","17775646465596m48wmb3r5k","(one-shot) 'bury' (VERB_wn:01582409v) 'enclose or envelop completely, as if by swallowing' —> The thick fog buried the small coastal village in a blanket of gray.","YES","03/05/2026, 11:29:49"
"ann2","1777564646559csi5w96b9j9","(one-shot) 'expectation' (NOUN_wn:07510923n) 'the feeling that something is about to happen' —> The crowd waited in breathless expectation as the curtain slowly rose on the first act.","YES","03/05/2026, 11:29:58"
"ann2","17775646465594cq6i9p0c8p","(one-shot) 'rigging' (NOUN_wn:04091693n) 'gear consisting of ropes etc. supporting a ship's masts and sails' —> The sailors spent the entire afternoon inspecting the rigging to ensure the vessel was ready for the storm.","YES","03/05/2026, 11:30:06"
"ann2","1777564646559vrxfqmpzkx","(one-shot) 'inside' (ADV_wn:00104099r) 'in reality' —> He appeared confident during the presentation, but inside he was terrified of failing.","YES","03/05/2026, 11:30:17"
"ann2","1777564646559i6m1tej2yz","(one-shot) 'nominate' (VERB_wn:00879540v) 'propose as a candidate for some honor' —> The committee decided to nominate her for the Nobel Peace Prize.","YES","03/05/2026, 11:30:23"
"ann2","1777564646559mnfmjnf8kqt","(one-shot) 'draw' (VERB_wn:01760300v) 'elicit responses, such as objections, criticism, applause, etc.' —> The controversial decision by the committee drew sharp criticism from the public.","YES","03/05/2026, 11:30:33"
"ann2","1777564646559orq0cexf6wd","(one-shot) 'intuitive' (ADJ_wn:02282843a) 'spontaneously derived from or prompted by a natural tendency' —> The new software interface is so intuitive that beginners can navigate it without any training.","NO","03/05/2026, 11:30:51"
"ann2","1777564646559xmi7t0htypc","(one-shot) 'appliance' (NOUN_wn:02729837n) 'durable goods for home or office use' —> The modern kitchen is equipped with every energy-efficient appliance imaginable.","YES","03/05/2026, 11:31:01"
"ann2","177756464655992cz913fdlm","(one-shot) 'shift' (VERB_wn:00584410v) 'change phonetically as part of a systematic historical change' —> The Great Vowel Shift fundamentally altered the pronunciation of Middle English.","YES","03/05/2026, 11:31:18"
"ann2","1777564646559u8653rs4wgh","(one-shot) 'hitch' (NOUN_wn:05691144n) 'an unforeseen obstacle' —> The event went off without a single hitch, much to the relief of the organizers.","YES","03/05/2026, 11:31:25"
"ann2","1777564646559kacr690mcnq","(one-shot) 'emergence' (NOUN_wn:00044455n) 'the act of coming (or going) out; becoming apparent' —> The sudden emergence of the bear from the thicket startled the hikers.","YES","03/05/2026, 11:31:31"
"ann2","1777564646559n11ep34t4jj","(one-shot) 'pass' (VERB_wn:02523351v) 'go unchallenged; be approved' —> The new legislation passed with a majority vote in the senate.","YES","03/05/2026, 11:31:41"
"ann2","17775646465598jwpaqepbwe","(one-shot) 'direction' (NOUN_wn:08679972n) 'a line leading to a place or point' —> The hiker checked the map to ensure they were heading in the right direction toward the summit.","YES","03/05/2026, 11:31:48"
"ann2","1777564646559xr0me7lsypd","(one-shot) 'desert' (VERB_wn:00614057v) 'leave someone who needs or counts on you; leave in the lurch' —> The soldier vowed that he would never desert his comrades on the battlefield.","YES","03/05/2026, 11:31:57"
"ann2","1777564646559zi1esehzff","(one-shot) 'life' (NOUN_wn:13961642n) 'the condition of living or the state of being alive' —> The doctors worked tirelessly to save the patient's life after the accident.","YES","03/05/2026, 11:32:07"
"ann2","17775646465595l92k4p3diq","(one-shot) 'cut' (NOUN_wn:06721461n) 'a remark capable of wounding mentally' —> Her subtle cuts during the debate left him feeling humiliated in front of the entire committee.","YES","03/05/2026, 11:32:17"
"ann2","1777564646559yvgjhao1ibl","(one-shot) 'cast' (VERB_wn:00981276v) 'formulate in a particular style or language' —> The lawyer cast the argument in a way that would appeal to the jury's emotions.","YES","03/05/2026, 11:32:24"
"ann2","1777564646559oc2jcrk9zf","(one-shot) 'bathe' (VERB_wn:01582070v) 'suffuse with or as if with light' —> The golden rays of the setting sun bathed the valley in a warm glow.","YES","03/05/2026, 11:32:32"
"ann2","1777564646559phsrdeson9b","(one-shot) 'gentle' (ADJ_wn:01373314a) 'having or showing a kindly or tender nature' —> The nurse provided gentle care to the frightened child.","YES","03/05/2026, 11:32:39"
"ann2","1777564646559pgpd4svtol","(one-shot) 'litter' (NOUN_wn:02820432n) 'material used to provide a bed for animals' —> The farmer spread a fresh layer of straw litter in the pigpen to keep the animals warm.","YES","03/05/2026, 11:32:46"
"ann2","1777564646559zd8gbjs8us","(one-shot) 'carrier' (NOUN_wn:01314145n) '(genetics) an organism that possesses a recessive gene whose effect is masked by a dominant allele; the associated trait is not apparent but can be passed on to offspring' —> Although she showed no symptoms of the condition, the genetic test confirmed she was a carrier of cystic fibrosis.","YES","03/05/2026, 11:32:55"
"ann2","17775646465590pnor0rjn4pi","(one-shot) 'stuffing' (NOUN_wn:07678729n) 'a mixture of seasoned ingredients used to stuff meats and vegetables' —> The chef prepared a savory stuffing made of breadcrumbs and herbs for the roast turkey.","YES","03/05/2026, 11:33:05"
"ann2","1777564646559vr8gx3mrbem","(one-shot) 'hostility' (NOUN_wn:07547805n) 'the feeling of a hostile person' —> The long-standing hostility between the two neighboring families made the town hall meeting incredibly tense.","YES","03/05/2026, 11:33:14"
"ann2","177756464655933dq61l3vxz","(one-shot) 'compound' (VERB_wn:01461328v) 'combine so as to form a whole; mix' —> The chemist carefully compounded the various ingredients to create the new ointment.","YES","03/05/2026, 11:33:25"
"ann2","1777564646559hsotcwzmlca","(one-shot) 'suit' (VERB_wn:02724258v) 'enhance the appearance of' —> That deep shade of blue really suits you.","YES","03/05/2026, 11:33:34"
"ann2","17775646465590u6ke3fw0rmf","(one-shot) 'shield' (NOUN_wn:04192698n) 'armor carried on the arm to intercept blows' —> The brave knight raised his heavy shield to block the incoming sword strike.","YES","03/05/2026, 11:33:43"
"ann2","1777564646559zoqknl8vtif","(one-shot) 'doubt' (VERB_wn:00687523v) 'lack confidence in or have doubts about' —> I doubt that the team will finish the project by Friday.","YES","03/05/2026, 11:34:01"
"ann2","1777564646559yqg8n52i4z","(one-shot) 'bloom' (NOUN_wn:13439390n) 'the organic process of bearing flowers' —> The spring rains encouraged a sudden and vibrant bloom across the entire valley.","YES","03/05/2026, 11:34:11"
"ann2","17775646465592k42fcdop4y","(one-shot) 'depression' (NOUN_wn:09366017n) 'a sunken or depressed geological formation' —> The explorers discovered a small depression in the valley floor that had collected rainwater over several centuries.","YES","03/05/2026, 11:34:22"
"ann2","1777564646559ax3yghfhgcp","(one-shot) 'lead' (NOUN_wn:13893129n) 'the angle between the direction a gun is aimed and the position of a moving target (correcting for the flight time of the missile)' —> The experienced hunter carefully adjusted his lead to ensure the bullet would intersect with the flying duck's path.","YES","03/05/2026, 11:34:29"
"ann2","1777564646559t6ik6mmi17","(one-shot) 'innovation' (NOUN_wn:03582658n) 'a creation (a new device or process) resulting from study and experimentation' —> The company's latest technological innovation has significantly reduced production costs and energy consumption.","YES","03/05/2026, 11:34:36"
"ann2","1777564646559qcwlspgk6s","(one-shot) 'column' (NOUN_wn:03074380n) 'a vertical cylindrical structure standing alone and not supporting anything (such as a monument)' —> The tourists paused to take photographs of the ancient marble column standing solitary in the center of the plaza.","YES","03/05/2026, 11:34:45"
"ann2","1777564646559iyzvchb256","(one-shot) 'annul' (VERB_wn:00799798v) 'cancel officially' —> The judge decided to annul the marriage after discovering the fraud.","YES","03/05/2026, 11:34:54"
"ann2","1777564646559bbau1z061pa","(one-shot) 'propagate' (VERB_wn:00055539v) 'multiply sexually or asexually' —> Certain species of succulents can propagate easily from a single leaf cutting.","YES","03/05/2026, 11:35:03"
"ann2","1777564646559og4o6j4l3ld","(one-shot) 'excite' (VERB_wn:00558963v) 'produce a magnetic field in' —> The physicist used a high-frequency current to excite the ferrite core.","YES","03/05/2026, 11:35:11"
"ann2","1777564646559ab53x9s0jrf","(one-shot) 'overtake' (VERB_wn:01809321v) 'overcome, as with emotions or perceptual stimuli' —> A wave of sudden grief overtook her when she saw the old photograph.","YES","03/05/2026, 11:35:21"
"ann2","17775646465593b6owxgcym","(one-shot) 'bring_up' (VERB_wn:01859854v) 'cause to come to a sudden stop' —> The driver slammed on the brakes to bring up the car before the intersection.","YES","03/05/2026, 11:35:33"
"ann2","17775646465597lxky2q8ci6","(one-shot) 'squad' (NOUN_wn:08080947n) 'a small squad of policemen trained to deal with a particular kind of crime' —> The city's elite narcotics squad conducted a midnight raid on the warehouse to seize the illegal shipment.","YES","03/05/2026, 11:35:41"
"ann2","1777564646559nbyxwxdy2ea","(one-shot) 'accelerator' (NOUN_wn:02670382n) 'a scientific instrument that increases the kinetic energy of charged particles' —> Physicists at CERN utilize a massive particle accelerator to study the fundamental building blocks of the universe.","YES","03/05/2026, 11:35:48"
"ann2","177756464655923hovbw117f","(one-shot) 'brilliant' (ADJ_wn:01285376a) 'characterized by grandeur' —> The royal coronation was a brilliant display of opulence and prestige.","YES","03/05/2026, 11:35:58"
"ann2","1777564646559m7qqu3892w","(one-shot) 'angular' (ADJ_wn:02930616a) 'measured by an angle or by the rate of change of an angle' —> The physicist calculated the angular velocity of the rotating turbine to determine its stability.","YES","03/05/2026, 11:36:09"
"ann2","1777564646559nm1356ef67","(one-shot) 'projection' (NOUN_wn:13919685n) 'any solid convex shape that juts out from something' —> The rock climber gripped a small limestone projection to pull himself up the cliff face.","YES","03/05/2026, 11:36:19"