"Annotator","Item ID","Content","Annotation","Timestamp"
"ann1","1777471135060cajo3rkgwe","(zero-shot) 'core' (NOUN_wn:09256895n) 'a cylindrical sample of soil or rock obtained with a hollow drill' —> The geologist carefully extracted the core from the drilling rig to analyze the mineral composition.","YES","30/04/2026, 16:09:59"
"ann1","1777471135060chs0bpwlrm","(zero-shot) 'passing' (NOUN_wn:00560529n) '(American football) a play that involves one player throwing the ball to a teammate' —> The quarterback completed a crucial passing play to secure the victory.","YES","30/04/2026, 16:10:07"
"ann1","1777471135060fue1sl7f84w","(zero-shot) 'noble' (ADJ_wn:01590115a) 'of or belonging to or constituting the hereditary aristocracy especially as derived from feudal times' —> The duke wore his noble lineage with quiet dignity.","YES","30/04/2026, 16:10:39"
"ann1","1777471135060df6uc5nxe44","(zero-shot) 'appointed' (ADJ_wn:00847196a) 'selected for a job' —> The newly appointed CEO delivered an inspiring speech to the shareholders.","YES","30/04/2026, 16:10:55"
"ann1","1777471135060dhqqvyhbws","(zero-shot) 'distribute' (VERB_wn:01504130v) 'to arrange in a systematic order' —> The archivist will distribute the scattered photographs into chronological folders.","YES","30/04/2026, 16:11:02"
"ann1","1777471135060inxdo714f3p","(zero-shot) 'impress' (VERB_wn:00728393v) 'produce or try to produce a vivid impression of' —> The bright colors of the sunset served to impress a vivid impression of beauty upon the young artist's mind.","WRONG","04/05/2026, 10:48:00"
"ann1","1777471135060hpv33tx1ldm","(zero-shot) 'sound' (NOUN_wn:04981139n) 'the particular auditory effect produced by a given cause' —> The distinct sound of the cello resonated through the concert hall.","YES","04/05/2026, 10:48:40"
"ann1","1777471135060mblobl4l5k","(zero-shot) 'gnaw' (VERB_wn:00275253v) 'become ground down or deteriorate' —> The constant stress began to gnaw at her resolve.","YES","04/05/2026, 10:48:47"
"ann1","1777471135060as1r4yqlm7","(zero-shot) 'resignation' (NOUN_wn:07542433n) 'acceptance of despair' —> After years of battling the illness, she finally accepted her fate with a quiet resignation.","YES","04/05/2026, 10:48:55"
"ann1","1777471135060wmmw1594fb","(zero-shot) 'shaggy' (ADJ_wn:02428610a) 'used of hair; thick and poorly groomed' —> The shaggy dog shook vigorously to dry its thick fur.","YES","04/05/2026, 10:49:14"
"ann1","1777471135060trpswhea0co","(zero-shot) 'cultural' (ADJ_wn:02898922a) 'of or relating to the arts and manners that a group favors' —> The museum showcased the rich cultural heritage of the ancient civilization.","YES","04/05/2026, 10:49:24"
"ann1","1777471135060105r6esx1hn","(zero-shot) 'unrelated' (ADJ_wn:01974740a) 'lacking a logical or causal relation' —> The sudden drop in stock prices was caused by unrelated market speculation rather than the company's earnings report.","YES","04/05/2026, 10:49:34"
"ann1","1777471135060af7ooghoxan","(zero-shot) 'sever' (VERB_wn:01560731v) 'cut off from a whole' —> The surgeon had to sever the diseased tissue from the healthy organ.","YES","04/05/2026, 11:03:54"
"ann1","1777471135060laj34hrddsi","(zero-shot) 'jack' (NOUN_wn:02576575n) 'any of several fast-swimming predacious fishes of tropical to warm temperate seas' —> The angler watched intently as a jack darted through the coral reef.","YES","04/05/2026, 11:04:04"
"ann1","1777471135060vmjzdoq6p1s","(zero-shot) 'spirit' (NOUN_wn:09545324n) 'any incorporeal supernatural being that can become visible (or audible) to human beings' —> The old sailor claimed he saw a spirit walking on the moonlit waves.","YES","04/05/2026, 11:04:13"
"ann1","177747113506080wxq73h686","(zero-shot) 'pass' (NOUN_wn:00560529n) '(American football) a play that involves one player throwing the ball to a teammate' —> The quarterback threw a perfect pass to the wide receiver.","YES","04/05/2026, 11:04:17"
"ann1","177747113506019un6nzv6bq","(zero-shot) 'permit' (VERB_wn:00802946v) 'allow the presence of or allow (an activity) without opposing or prohibiting' —> The school administration will not permit loud music during study hours.","YES","04/05/2026, 11:04:29"
"ann1","17774711350600ssmu7ngn9v","(zero-shot) 'aroused' (ADJ_wn:02014514a) 'aroused to action' —> The shocking news aroused the community to action.","YES","04/05/2026, 11:04:40"
"ann1","1777471135060hwvaizhmr99","(zero-shot) 'tough' (ADJ_wn:02445636a) 'resistant to cutting or chewing' —> The gristle in the steak was so tough that it was nearly impossible to chew through.","YES","04/05/2026, 11:05:00"
"ann1","177747113506037rviamzl2o","(zero-shot) 'reserve' (VERB_wn:02498320v) 'arrange for and reserve (something for someone else) in advance' —> Please book a table for two at seven o'clock.","WRONG","04/05/2026, 11:05:13"
"ann1","1777471135060mzn2ya2oik","(zero-shot) 'sexually' (ADV_wn:00136469r) 'by sexual means' —> The bacteria were sexually transmitted from one partner to the other.","YES","04/05/2026, 11:05:21"
"ann1","1777471135060knje9938xmn","(zero-shot) 'nutrition' (NOUN_wn:07570720n) 'a source of materials to nourish the body' —> The athlete carefully planned his meals to ensure optimal nutrition for the upcoming marathon.","YES","04/05/2026, 11:59:36"
"ann1","1777471135060un7v32dsa79","(zero-shot) 'trouble' (NOUN_wn:00623862n) 'an effort that is inconvenient' —> She made no trouble to find the rare book in the library.","YES","04/05/2026, 11:59:45"
"ann1","17774711350604gz49qrd7mo","(zero-shot) 'prohibition' (NOUN_wn:06541820n) 'a law forbidding the sale of alcoholic beverages' —> The historical era known as Prohibition lasted from 1920 to 1933 in the United States.","YES","04/05/2026, 11:59:51"
"ann1","1777471135060ynisdjfn6nc","(zero-shot) 'liability' (NOUN_wn:05161436n) 'the quality of being something that holds you back' —> His perfectionism was a significant liability that slowed down the project's progress.","YES","04/05/2026, 12:00:01"
"ann1","17774711350600pkmydlfnlbd","(zero-shot) 'negative' (NOUN_wn:03817191n) 'a piece of photographic film showing an image with light and shade or colors reversed' —> The photographer carefully developed the negative to ensure the final print would have proper contrast.","YES","04/05/2026, 12:00:13"
"ann1","1777471135060ei7xh4pzqb","(zero-shot) 'animated' (ADJ_wn:00118567a) 'having life or vigor or spirit' —> The spirited group made the dull meeting animated with their enthusiastic discussion.","YES","04/05/2026, 12:00:20"
"ann1","1777471135060nmyhpqj34","(zero-shot) 'contract' (VERB_wn:00243900v) 'reduce in scope while retaining essential elements' —> The editor asked the author to contract the sprawling manuscript while retaining its essential elements.","YES","04/05/2026, 12:06:29"
"ann1","1777471135060g1p1uger6vp","(zero-shot) 'crown' (NOUN_wn:05539595n) 'the top of the head' —> She gently wiped the sweat from the crown of her forehead.","YES","04/05/2026, 12:06:36"
"ann1","1777471135060ebiav0ru2xc","(zero-shot) 'lengthen' (VERB_wn:00316631v) 'become long or longer' —> The afternoon shadows began to lengthen across the quiet valley.","YES","04/05/2026, 12:06:40"
"ann1","1777471135060nonsar7ttvi","(zero-shot) 'settlement' (NOUN_wn:08672562n) 'an area where a group of families live together' —> The remote settlement in the mountains consisted of only a handful of families living in harmony.","YES","04/05/2026, 12:06:49"
"ann1","1777471135060ddcw8rjbyev","(zero-shot) 'exciting' (ADJ_wn:00921014a) 'creating or arousing excitement' —> The thrilling rollercoaster ride was truly exciting for everyone on board.","YES","04/05/2026, 12:06:55"
"ann1","1777471135060z5h30zj4i","(zero-shot) 'detonate' (VERB_wn:00306723v) 'cause to burst with a violent release of energy' —> The technician decided to detonate the old firecracker in the backyard.","YES","04/05/2026, 12:07:05"
"ann1","1777471135060des1ce8dfln","(zero-shot) 'quietly' (ADV_wn:00229399r) 'with little or no sound' —> The cat quietly crept across the floor to catch the mouse.","YES","04/05/2026, 12:07:16"
"ann1","1777471135060vo03ofza3h","(zero-shot) 'contamination' (NOUN_wn:14487731n) 'the state of being contaminated' —> The factory was shut down after testing revealed severe chemical contamination in the local water supply.","YES","04/05/2026, 12:07:22"
"ann1","1777471135060uo2zqz0qxx","(zero-shot) 'concentrated' (ADJ_wn:00757923a) 'being the most concentrated solution possible at a given temperature; unable to dissolve still more of a substance' —> The chemist ensured the acid was concentrated before beginning the experiment.","YES","04/05/2026, 12:07:42"
"ann1","1777471135060wag0y83bucn","(zero-shot) 'dubious' (ADJ_wn:00338013a) 'fraught with uncertainty or doubt' —> The project's long-term viability remains dubious given the recent shift in market trends.","YES","04/05/2026, 12:07:52"
"ann1","17774711350601il8e5996pq","(zero-shot) 'faculty' (NOUN_wn:05650329n) 'one of the inherent cognitive or perceptual powers of the mind' —> The artist's creative faculty allowed her to visualize the sculpture before she even touched the clay.","YES","04/05/2026, 12:08:11"
"ann1","1777471135060fdpkazkcqbd","(zero-shot) 'royalty' (NOUN_wn:08153437n) 'royal persons collectively' —> The nobles bowed their heads in deep respect as the royalty entered the grand hall.","YES","04/05/2026, 12:08:22"
"ann1","1777471135060zxlhl7iuhu","(zero-shot) 'arrangement' (NOUN_wn:07038400n) 'a piece of music that has been adapted for performance by a particular set of voices or instruments' —> The jazz trio performed a captivating arrangement of the classic pop song.","YES","04/05/2026, 15:24:48"
"ann1","1777471135060xoqt12abxvk","(zero-shot) 'fill_out' (VERB_wn:00172381v) 'make bigger or better or more complete' —> She used extra batting to fill out her jacket.","YES","04/05/2026, 15:24:57"
"ann1","1777471135060fr7beamdk5a","(zero-shot) 'join' (VERB_wn:02598765v) 'come into the company of' —> She decided to join her friends at the cafe.","YES","04/05/2026, 15:25:01"
"ann1","1777471135060bxdt78x9p6a","(zero-shot) 'migrate' (VERB_wn:01857093v) 'move periodically or seasonally' —> The arctic terns migrate thousands of miles between the poles every year.","YES","04/05/2026, 15:25:06"
"ann1","1777471135060pi925xhd949","(zero-shot) 'suffocate' (VERB_wn:00077698v) 'struggle for breath; have insufficient oxygen intake' —> The thick smoke made it difficult for the trapped family to breathe.","WRONG","04/05/2026, 15:59:56"
"ann1","1777471135060ti5ossbab2e","(zero-shot) 'annoyance' (NOUN_wn:07518261n) 'anger produced by some annoying irritation' —> The constant ticking of the clock was a source of pure annoyance for the student trying to sleep.","YES","04/05/2026, 16:00:07"
"ann1","1777471135060pnuy5hdp1b","(zero-shot) 'exemplify' (VERB_wn:02723733v) 'be characteristic of' —> Her boundless optimism exemplifies the spirit of the new movement.","YES","04/05/2026, 16:00:17"
"ann1","1777471135060v0tocc7ktff","(zero-shot) 'flip' (VERB_wn:00584810v) 'go mad, go crazy' —> He is going to flip when he sees the mess you made.","YES","04/05/2026, 16:00:24"
"ann1","1777471135060j39f4m6f7m","(zero-shot) 'responsible' (ADJ_wn:01996377a) 'worthy of or requiring responsibility or trust; or held accountable' —> The manager deemed him responsible for overseeing the new project.","YES","04/05/2026, 16:00:39"
"ann1","1777471135060df1et1hk45","(zero-shot) 'pineapple' (NOUN_wn:07753275n) 'large sweet fleshy tropical fruit with a terminal tuft of stiff leaves; widely cultivated' —> He topped his pizza with slices of fresh pineapple.","YES","04/05/2026, 16:24:22"
"ann1","1777471135060xjfc5pxhhio","(zero-shot) 'deal' (VERB_wn:02245993v) 'sell' —> The market vendor deals fresh produce every morning.","YES","04/05/2026, 16:24:25"
"ann1","1777471135060c8t4b7v2s8g","(zero-shot) 'knock_out' (VERB_wn:00451153v) 'empty (as of tobacco) by knocking out' —> Please knock out the ashes from your pipe.","YES","04/05/2026, 16:24:30"
"ann1","177747113506002twtxtvpfdv","(zero-shot) 'utility' (NOUN_wn:08185758n) 'a company that performs a public service; subject to government regulation' —> The local utility raised its rates after filing for approval with the state commission.","YES","04/05/2026, 16:24:44"
"ann1","1777471135060ovmpd1eub2d","(zero-shot) 'restrict' (VERB_wn:00236592v) 'place restrictions on' —> The government decided to restrict access to the sensitive data.","YES","04/05/2026, 16:24:50"
"ann1","1777471135060qgkw89ohpf8","(zero-shot) 'fork' (NOUN_wn:13914265n) 'the region of the angle formed by the junction of two branches' —> The hikers stopped at the fork to decide which path to take.","YES","04/05/2026, 16:24:56"
"ann1","1777471135060307sdygcug8","(zero-shot) 'smut' (NOUN_wn:14793533n) 'a black colloidal substance consisting wholly or principally of amorphous carbon and used to make pigments and ink' —> The artist carefully mixed the lamp smut with oil to create a rich, jet-black pigment for his landscape painting.","YES","04/05/2026, 16:25:13"
"ann1","17774711350608g6p0it6gk","(zero-shot) 'transmit' (VERB_wn:02231661v) 'transfer to another' —> The antenna will transmit the signal to the satellite.","YES","04/05/2026, 16:26:22"
"ann1","1777471135060h8blyi2w4r8","(zero-shot) 'lime' (NOUN_wn:14702703n) 'a sticky adhesive that is smeared on small branches to capture small birds' —> The hunter applied a layer of sticky lime to the twigs in hopes of trapping the sparrows.","YES","04/05/2026, 16:41:39"
"ann1","1777471135060wmktlhl6ajo","(zero-shot) 'open' (ADJ_wn:02474876a) 'not requiring union membership' —> The company decided to maintain an open shop policy where workers were not required to join the labor union.","YES","04/05/2026, 16:41:55"
"ann1","1777471135060fyxwlssize","(zero-shot) 'transcribe' (VERB_wn:00994895v) 'make a phonetic transcription of' —> The linguist used the software to transcribe the recorded speech into the International Phonetic Alphabet.","YES","04/05/2026, 16:42:00"
"ann1","1777471135060ml0f09qp0p","(zero-shot) 'take_off' (VERB_wn:01326323v) 'prove fatal' —> The experimental drug proved fatal to the patient within hours of administration.","WRONG","04/05/2026, 16:42:10"
"ann1","177747113506064ub7q418xk","(zero-shot) 'medium' (NOUN_wn:14899152n) 'an intervening substance through which something is achieved' —> The artist used watercolor as her preferred medium to capture the fleeting light of dawn.","YES","04/05/2026, 16:42:21"
"ann1","1777471135060ez4hdyb7mj","(zero-shot) 'relative' (NOUN_wn:10235549n) 'a person related by blood or marriage' —> My aunt is a close relative.","YES","04/05/2026, 16:42:26"
"ann1","17774711350605jm1t6v3xie","(zero-shot) 'conduct' (NOUN_wn:01220984n) 'manner of acting or controlling yourself' —> Her impeccable conduct during the crisis impressed everyone.","YES","04/05/2026, 16:42:36"
"ann1","1777471135060yq2if4o8njr","(zero-shot) 'secrecy' (NOUN_wn:04652177n) 'the trait of keeping things secret' —> The committee operated in strict secrecy to protect the details of the merger.","YES","04/05/2026, 17:19:32"
"ann1","1777471135060av3le4nd60v","(zero-shot) 'discretion' (NOUN_wn:05198756n) 'the power of making free choices unconstrained by external agencies' —> The mayor exercised her discretion to allocate the emergency funds where she saw fit, ignoring the advice of her subordinates.","YES","04/05/2026, 17:19:43"
"ann1","1777471135060xyn53a35g6q","(zero-shot) 'advocate' (VERB_wn:00827730v) 'speak, plead, or argue in favor of' —> The senator continues to advocate for stricter environmental regulations.","YES","04/05/2026, 17:19:47"
"ann1","177747113506022x3pf3svwz","(zero-shot) 'consider' (VERB_wn:00950431v) 'show consideration for; take into account' —> The manager asked us to consider the employees' feedback before finalizing the schedule.","YES","04/05/2026, 17:19:52"
"ann1","17774711350603nmr0q1ges6","(zero-shot) 'irregularly' (ADV_wn:00195185r) 'in an irregular manner' —> The factory operates irregularly due to unpredictable power outages.","YES","04/05/2026, 17:19:54"
"ann1","1777471135060ezmk9l6haq","(zero-shot) 'thebes' (NOUN_wn:08899776n) 'an ancient Egyptian city on the Nile River that flourished from the 22nd century BC to the 18th century BC; today the archeological remains include many splendid temples and tombs' —> The ancient capital of Thebes served as the religious and political heart of Egypt for centuries.","YES","04/05/2026, 17:20:00"
"ann1","1777471135060u0prtktrrwl","(zero-shot) 'cabinet' (NOUN_wn:08381820n) 'persons appointed by a head of state to head executive departments of government and act as official advisers' —> The president consulted his cabinet before announcing the new foreign policy initiative.","YES","04/05/2026, 17:20:07"
"ann1","1777471135060ic6r8ek9ry","(zero-shot) 'trade' (VERB_wn:02259005v) 'exchange or give (something) in exchange for' —> I decided to trade my old smartphone for the latest model.","YES","04/05/2026, 17:20:11"
"ann1","1777471135060usfkk9ybzo","(zero-shot) 'broadcasting' (NOUN_wn:06276697n) 'taking part in a radio or tv program' —> Her latest broadcasting was a sensation among the morning commuters.","YES","04/05/2026, 17:20:16"
"ann1","1777471135060rtg0asv4g3","(zero-shot) 'distribute' (VERB_wn:02754696v) 'be distributed or spread, as in statistical analyses' —> The test scores are normally distributed.","YES","04/05/2026, 17:20:25"
"ann1","1777471135060yhep6nixl2","(zero-shot) 'formula' (NOUN_wn:06731802n) 'a group of symbols that make a mathematical statement' —> The physicist wrote down the formula for kinetic energy on the whiteboard.","YES","04/05/2026, 17:20:30"
"ann1","1777471135060tu2wc8kmjm","(zero-shot) 'search' (VERB_wn:01315613v) 'try to locate or discover, or try to establish the existence of' —> Detectives began to search the abandoned warehouse for clues.","YES","04/05/2026, 17:20:34"
"ann1","1777471135060waxkhq77tr","(zero-shot) 'bind' (VERB_wn:01356750v) 'stick to firmly' —> The wet clay began to bind to the surface of the potter's wheel.","YES","04/05/2026, 17:20:43"
"ann1","17774711350601c0lr8svkgl","(zero-shot) 'medium' (NOUN_wn:14899888n) 'a liquid with which pigment is mixed by a painter' —> The artist carefully selected the appropriate medium to ensure the oil paint adhered smoothly to the canvas.","YES","04/05/2026, 17:22:08"
"ann1","1777471135060vcefgw8pg5","(zero-shot) 'balance' (VERB_wn:02743020v) 'be in equilibrium' —> The tightrope walker must balance carefully to avoid falling.","YES","04/05/2026, 17:22:17"
"ann1","1777471135060vu14febp5bn","(zero-shot) 'grounds' (NOUN_wn:13790912n) 'a relation that provides the foundation for something' —> The committee rejected the proposal because the applicant failed to provide adequate grounds for the request.","YES","04/05/2026, 17:22:22"
"ann1","1777471135060rhh4lex2oi","(zero-shot) 'closed' (ADJ_wn:01657760a) 'blocked against entry' —> The gate was closed to keep the stray dogs from entering the yard.","YES","04/05/2026, 17:22:26"
"ann1","1777471135060e0ofszmarkr","(zero-shot) 'make_out' (VERB_wn:02617567v) 'proceed or get along' —> How are you making out with your new job?","YES","04/05/2026, 17:22:32"
"ann1","17774711350600catuyx9vu8","(zero-shot) 'composite' (ADJ_wn:02177755a) 'consisting of separate interconnected parts' —> The bridge's composite structure relied on steel cables and concrete pillars working in tandem.","YES","04/05/2026, 17:22:43"
"ann1","1777471135060iv9fvplgr0g","(zero-shot) 'minority' (NOUN_wn:15152261n) 'any age prior to the legal age' —> Parents retained legal custody of the property until the child reached his majority.","WRONG","04/05/2026, 17:22:59"
"ann1","1777471135060wfcf0xpqx1h","(zero-shot) 'grounds' (NOUN_wn:05823932n) 'your basis for belief or disbelief; knowledge on which to base belief' —> You have no grounds for accusing him of theft without any concrete evidence.","YES","04/05/2026, 17:27:14"
"ann1","1777471135060mcepks5pby8","(zero-shot) 'catch' (NOUN_wn:13755822n) 'the quantity that was caught' —> The fishermen celebrated their record-breaking catch.","YES","04/05/2026, 17:27:18"
"ann1","1777471135060qu6hu6lmks","(zero-shot) 'forest' (NOUN_wn:08438533n) 'the trees and other plants in a large densely wooded area' —> The dense forest blocked out the sun, creating a cool and shadowy environment for the wildlife beneath its canopy.","YES","04/05/2026, 17:27:33"
"ann1","1777471135060c1aa036b08n","(zero-shot) 'convey' (VERB_wn:02079933v) 'transmit or serve as the medium for transmission' —> Radio waves convey sound across the air.","YES","04/05/2026, 17:27:40"
"ann1","17774711350605ic77em8dh3","(zero-shot) 'exit' (NOUN_wn:03303965n) 'an opening that permits escape or release' —> The firefighters found a narrow exit between the burning beams.","YES","04/05/2026, 17:27:57"
"ann1","17774711350602wgaqn8cq2o","(zero-shot) 'column' (NOUN_wn:03073977n) '(architecture) a tall vertical cylindrical structure standing upright and used to support a structure' —> The ancient temple stood proud on massive stone columns.","YES","04/05/2026, 17:28:04"
"ann1","1777471135060j49bd918io","(zero-shot) 'ruin' (NOUN_wn:13466312n) 'the process of becoming dilapidated' —> The slow ruin of the ancient cathedral was evident in the crumbling mortar and shattered stained glass.","YES","04/05/2026, 17:29:03"
"ann1","17774711350609fi8tuyrj0d","(zero-shot) 'assure' (VERB_wn:00776268v) 'assure somebody of the truth of something with the intention of giving the listener confidence' —> The manager tried to assure the team that the project deadlines would be met.","YES","04/05/2026, 17:29:10"
"ann1","1777471135060fyuj0yl7xpw","(zero-shot) 'pride' (NOUN_wn:00758175n) 'unreasonable and inordinate self-esteem (personified as one of the deadly sins)' —> His bloated pride eventually led to his downfall, proving that such arrogance is indeed a deadly sin.","YES","04/05/2026, 17:29:28"
"ann1","1777471135060y3j12e90e08","(zero-shot) 'count' (NOUN_wn:09969218n) 'a nobleman (in various countries) having rank equal to a British earl' —> The visiting count bowed respectfully to the queen before entering the grand hall.","YES","04/05/2026, 17:29:36"
"ann1","1777471135060xv21m8c6ffi","(zero-shot) 'break_down' (VERB_wn:00643473v) 'make a mathematical, chemical, or grammatical analysis of; break down into components or essential features' —> The chemist will break down the complex organic compound to identify its constituent elements.","YES","04/05/2026, 17:29:40"
"ann1","1777471135060fzq0fmk6ru","(zero-shot) 'equity' (NOUN_wn:04839154n) 'conformity with rules or standards' —> The audit team verified that every financial transaction maintained strict equity with the company's established accounting standards.","YES","04/05/2026, 17:29:45"
"ann1","17774711350605xwj6uvb1tx","(zero-shot) 'redemption' (NOUN_wn:13299804n) 'repayment of the principal amount of a debt or security at or before maturity (as when a corporation repurchases its own stock)' —> The company announced the early redemption of its convertible bonds to avoid paying higher interest rates in the coming fiscal year.","YES","04/05/2026, 17:29:55"
"ann1","1777471135060jw5r3sleevk","(zero-shot) 'piece' (NOUN_wn:15246353n) 'a period of indeterminate length (usually short) marked by some action or condition' —> He took a piece to recover from the shock.","YES","04/05/2026, 17:30:02"
"ann1","1777471135060wf2rg8wg5d","(zero-shot) 'capitalize' (VERB_wn:01692266v) 'write in capital letters' —> Please capitalize the first letter of each word in the title.","YES","04/05/2026, 17:30:09"
"ann1","17774711350604jbr71spo0d","(zero-shot) 'surroundings' (NOUN_wn:08567235n) 'the area in which something exists or lives' —> The rare orchid thrives only in the humid surroundings of the tropical rainforest.","YES","04/05/2026, 17:30:19"
"ann1","1777471135060lhkhf8vfqtg","(zero-shot) 'brace' (NOUN_wn:02886599n) 'a structural member used to stiffen a framework' —> The engineer installed a steel brace to reinforce the arch of the bridge.","YES","04/05/2026, 17:30:47"
"ann1","17774711350609rym2ylc8p","(zero-shot) 'mobile' (ADJ_wn:00345694a) 'affording change (especially in social status)' —> In a mobile society, individuals have the opportunity to rise or fall in their social standing based on their achievements and efforts.","YES","04/05/2026, 17:30:54"
"ann1","1777471135060ql0c2k2mvkm","(zero-shot) 'break' (VERB_wn:01785395v) 'force out or release suddenly and often violently something pent up' —> The dam finally burst, releasing the pent-up water with devastating force.","WRONG","04/05/2026, 17:31:12"
"ann1","177747113506001gf7uryamzs","(zero-shot) 'carrot' (NOUN_wn:12937388n) 'perennial plant widely cultivated as an annual in many varieties for its long conical orange edible roots; temperate and tropical regions' —> The rabbits eagerly gnawed on the fresh carrot pulled from the garden.","YES","04/05/2026, 17:31:30"
"ann1","17774711350609zpfs7uhtp","(zero-shot) 'insure' (VERB_wn:02251065v) 'take out insurance for' —> You should insure your new motorcycle against theft and accidental damage.","YES","04/05/2026, 17:31:35"
"ann1","1777471135060brbpz3v0tp7","(zero-shot) 'avail' (VERB_wn:02549048v) 'be of use to, be useful to' —> The outdated software does not avail us in modern computing tasks.","YES","04/05/2026, 17:31:39"
"ann1","1777471135060xodj6wf49e","(zero-shot) 'disturbance' (NOUN_wn:01176335n) 'a noisy fight' —> The loud disturbance in the hallway caused everyone to stop talking.","YES","04/05/2026, 17:31:46"
"ann1","1777471135060ppmt1vjx7k8","(zero-shot) 'cricket' (NOUN_wn:00476389n) 'a game played with a ball and bat by two teams of 11 players; teams take turns trying to score runs' —> The children spent the entire afternoon practicing cricket in the local park.","YES","04/05/2026, 17:31:52"
"ann1","17774711350600arqzy2lph2k","(zero-shot) 'track' (NOUN_wn:05826914n) 'evidence pointing to a possible solution' —> The detective found a crucial track that led directly to the missing heirloom.","YES","04/05/2026, 17:32:02"
"ann1","17774711350608jb8zw0eow","(zero-shot) 'physiology' (NOUN_wn:06080522n) 'the branch of the biological sciences dealing with the functioning of organisms' —> The graduate student dedicated her thesis to human physiology, focusing on how the body regulates temperature during intense physical exertion.","YES","04/05/2026, 17:32:20"
"ann1","1777471135060oxia7wlwww","(zero-shot) 'reinforcement' (NOUN_wn:04336034n) 'a device designed to provide additional strength' —> The steel reinforcement within the concrete beams significantly increased the structure's load-bearing capacity.","YES","04/05/2026, 17:32:33"
"ann1","17774711350606f05fftjg7","(zero-shot) 'trough' (NOUN_wn:03717131n) 'a container (usually in a barn or stable) from which cattle or horses feed' —> The farmer filled the wooden trough with fresh hay for the horses.","YES","04/05/2026, 17:32:42"
"ann1","1777471135060s9cbqny3vz","(zero-shot) 'suite' (NOUN_wn:08007534n) 'a matching set of furniture' —> They bought an elegant suite of mahogany furniture for the guest bedroom.","YES","04/05/2026, 17:32:47"
"ann1","17774711350605f78msjd6cg","(zero-shot) 'peak' (NOUN_wn:02838728n) 'a brim that projects to the front to shade the eyes' —> He adjusted the peak of his cap to block the harsh sunlight.","YES","04/05/2026, 17:33:02"
"ann1","17774711350605pzu9lkigs4","(zero-shot) 'cast' (VERB_wn:01513430v) 'get rid of' —> She decided to cast aside her old habits.","YES","04/05/2026, 17:33:09"
"ann1","17774711350608qll41kdf46","(zero-shot) 'potential' (ADJ_wn:00044353a) 'existing in possibility' —> The mountain range holds potential for rich mineral deposits.","WRONG","04/05/2026, 17:33:26"
"ann1","1777471135060i0xcodgu2i","(zero-shot) 'stroke' (NOUN_wn:07300960n) 'anything that happens suddenly or by chance without an apparent cause' —> The sudden stroke of luck allowed her to win the lottery.","YES","04/05/2026, 17:33:52"
"ann1","1777471135060wkt705834ig","(zero-shot) 'hinder' (VERB_wn:02451370v) 'be a hindrance or obstacle to' —> The heavy rain did not hinder the runners from completing the marathon.","YES","04/05/2026, 17:34:05"
"ann1","1777471135060q47bht3fmqi","(zero-shot) 'field' (NOUN_wn:08506641n) 'a region where a battle is being (or has been) fought' —> The wounded soldiers were evacuated from the bloody field after the conflict had ended.","YES","04/05/2026, 17:34:16"
"ann1","1777471135060yhz8iiex0g","(zero-shot) 'loin' (NOUN_wn:07658678n) 'a cut of meat taken from the side and back of an animal between the ribs and the rump' —> The chef expertly sliced the tender beef loin for the dinner special.","YES","04/05/2026, 17:34:22"
"ann1","1777471135060bcywsrxzam","(zero-shot) 'pavement' (NOUN_wn:14977504n) 'material used to pave an area' —> The crew laid fresh pavement across the driveway to provide a smooth surface for the cars.","YES","04/05/2026, 17:34:30"
"ann1","1777471135060zpiz1d1b94s","(zero-shot) 'verb' (NOUN_wn:06318062n) 'the word class that serves as the predicate of a sentence' —> The instructor emphasized that the verb is essential for completing the thought in every grammatical sentence.","YES","04/05/2026, 17:34:42"
"ann1","1777471135060weshhn9mv6c","(zero-shot) 'attachment' (NOUN_wn:02755244n) 'a supplementary part or accessory' —> The new software update includes an attachment that allows users to compress files directly within the application.","YES","04/05/2026, 17:34:51"
"ann1","1777471135060bobe2gqt2t7","(zero-shot) 'sweet' (ADJ_wn:02368336a) 'having or denoting the characteristic taste of sugar' —> The ripe strawberry had a sweet taste.","YES","04/05/2026, 17:34:56"
"ann1","1777471135060u8slyf4bbq","(zero-shot) 'recording' (NOUN_wn:00910203n) 'the act of making a record (especially an audio record)' —> The studio engineer spent hours perfecting the recording of the new album.","YES","04/05/2026, 17:35:04"
"ann1","1777471135060fqgcbvntp9","(zero-shot) 'pillar' (NOUN_wn:03074380n) 'a vertical cylindrical structure standing alone and not supporting anything (such as a monument)' —> A marble pillar stood solitary in the center of the courtyard.","YES","04/05/2026, 17:35:38"
"ann1","1777471135060towc9nzsiw","(zero-shot) 'reverse' (NOUN_wn:07475870n) 'an unfortunate happening that hinders or impedes; something that is thwarting or frustrating' —> The project faced a significant reverse when the funding was abruptly cut.","YES","04/05/2026, 17:35:46"
"ann1","1777471135060r7qp5276xfr","(zero-shot) 'bless' (VERB_wn:02264075v) 'confer prosperity or happiness on' —> May the sun bless your fields with abundant harvests.","YES","04/05/2026, 17:35:51"
"ann1","1777471135060vbzu4w7t4cg","(zero-shot) 'stick' (VERB_wn:01220885v) 'come or be in close contact with; stick or hold together and resist separation' —> The chewing gum stuck firmly to the bottom of my shoe.","YES","04/05/2026, 17:36:06"
"ann1","1777471135060gkraj3ucft6","(zero-shot) 'endorsement' (NOUN_wn:07180372n) 'a speech seconding a motion' —> The treasurer provided a formal endorsement during the board meeting to support the proposed budget increase.","YES","04/05/2026, 17:36:17"
"ann1","17774711350601u0fz7jvj4uh","(zero-shot) 'belt' (NOUN_wn:02828115n) 'ammunition (usually of small caliber) loaded in flexible linked strips for use in a machine gun' —> The soldier quickly fed a fresh belt of .50 caliber rounds into the heavy machine gun.","YES","04/05/2026, 17:36:24"
"ann1","1777471135060aj0la95zvdv","(zero-shot) 'offset' (VERB_wn:02717831v) 'make up for' —> His exceptional leadership skills helped offset his lack of technical experience.","YES","04/05/2026, 17:36:31"
"ann1","1777471135060ulivf4ep2fd","(zero-shot) 'inactive' (ADJ_wn:01660857a) '(military) not involved in military operations' —> The reserve unit remained inactive during the border skirmish.","YES","04/05/2026, 17:36:36"
"ann1","1777471135060lflf2fkco4","(zero-shot) 'fulfil' (VERB_wn:01183573v) 'fill or meet a want or need' —> The new policy aims to fulfil the community's growing demand for affordable housing.","YES","04/05/2026, 17:36:44"
"ann1","177747113506059epzvri69h","(zero-shot) 'dip' (NOUN_wn:03203089n) 'a candle that is made by repeated dipping in a pool of wax or tallow' —> The craftsperson carefully crafted each traditional dip by repeatedly lowering the cotton wick into the warm tallow until a sturdy candle was formed.","YES","04/05/2026, 17:37:00"
"ann1","1777471135060oiw22hi4da","(zero-shot) 'mantle' (NOUN_wn:03719343n) 'shelf that projects from wall above fireplace' —> She placed a vintage clock on the ornate marble mantle above the fireplace.","YES","04/05/2026, 17:37:09"
"ann1","1777471135060nk0lqs17su","(zero-shot) 'unrestricted' (ADJ_wn:01064167a) 'free of restrictions on conduct' —> The open-plan office allowed for unrestricted communication among the team members.","YES","04/05/2026, 17:37:15"
"ann1","1777471135060vj0z19qxw39","(zero-shot) 'sparkling' (ADJ_wn:02299748a) 'shining with brilliant points of light like stars' —> The diamond necklace was sparkling on her neck.","YES","04/05/2026, 17:37:19"
"ann1","1777471135060csyw8h5p3ki","(zero-shot) 'subject' (NOUN_wn:05996646n) 'a branch of knowledge' —> She decided to double major in two different subjects at the university.","YES","04/05/2026, 17:43:47"
"ann1","1777471135060f7ev5fbyuce","(zero-shot) 'stabilize' (VERB_wn:00271946v) 'become stable or more stable' —> The doctor prescribed medication to help her heart rate stabilize after the intense workout.","YES","04/05/2026, 17:43:55"
"ann1","17774711350605yg6uyko6nh","(zero-shot) 'concerned' (ADJ_wn:00543603a) 'feeling or showing worry or solicitude' —> The concerned parent called the teacher immediately after missing three days of school.","YES","04/05/2026, 17:44:46"
"ann1","1777471135060ubpvl87uu6","(zero-shot) 'soften' (VERB_wn:00255389v) 'make soft or softer' —> Soak the leather in water to soften it.","YES","04/05/2026, 17:44:52"
"ann1","1777471135060yztpdi2ddb","(zero-shot) 'assessment' (NOUN_wn:05733583n) 'the classification of someone or something with respect to its worth' —> The committee conducted a thorough assessment of the new software's worth before approving its purchase.","YES","04/05/2026, 17:45:00"
"ann1","1777471135060yigppdhzxx","(zero-shot) 'base' (NOUN_wn:06658118n) 'a lower limit' —> The analyst calculated the base of the temperature readings to ensure accurate comparisons.","YES","04/05/2026, 17:45:04"
"ann1","1777471135060vvaflcv6o3r","(zero-shot) 'critic' (NOUN_wn:09979321n) 'anyone who expresses a reasoned judgment of something' —> The theater critic praised the lead actor's nuanced performance.","YES","04/05/2026, 17:45:10"
"ann1","1777471135060wkp9ixi961d","(zero-shot) 'identify' (VERB_wn:00618451v) 'consider to be equal or the same' —> I tend to identify the current situation with the previous crisis, despite their superficial similarities.","YES","04/05/2026, 17:45:17"
"ann1","1777471135060ugic4sbftt","(zero-shot) 'cut' (NOUN_wn:00067254n) 'an unexcused absence from class' —> The student was forced to make up the test because he had taken an unexcused cut from the lecture yesterday.","YES","04/05/2026, 17:45:34"
"ann1","1777471135060w13h3i2itk","(zero-shot) 'broom' (NOUN_wn:02906734n) 'a cleaning implement for sweeping; bundle of straws or twigs attached to a long handle' —> She grabbed the broom to sweep the fallen leaves from the patio.","YES","04/05/2026, 17:45:39"
"ann1","1777471135060ww8mwmpsld","(zero-shot) 'spray' (NOUN_wn:04287610n) 'flower arrangement consisting of a single branch or shoot bearing flowers and foliage' —> She carefully trimmed the spray of roses to fit inside the narrow vase.","YES","04/05/2026, 17:45:48"
"ann1","1777471135060osght2emt1","(zero-shot) 'snap' (VERB_wn:00337065v) 'break suddenly and abruptly, as under tension' —> The rope snapped under the weight of the heavy crate.","YES","04/05/2026, 17:45:54"
"ann1","1777471135060latupf73lq","(zero-shot) 'season' (NOUN_wn:15239292n) 'a recurrent time marked by major holidays' —> The holiday season brings families together for festive meals and gifts.","YES","04/05/2026, 17:46:00"
"ann1","1777471135060dk500nypud","(zero-shot) 'depress' (VERB_wn:01574923v) 'cause to drop or sink' —> The heavy rain caused the local river levels to depress significantly.","NO","04/05/2026, 17:46:27"
"ann1","1777471135060dnikp0gaevr","(zero-shot) 'changeable' (ADJ_wn:00403072a) 'varying in color when seen in different lights or from different angles' —> The opalescent pearl displayed a changeable hue as she rotated it against the window.","YES","04/05/2026, 17:46:43"
"ann1","1777471135060m4y1qy5dar9","(zero-shot) 'slope' (NOUN_wn:09437454n) 'an elevated geological formation' —> The helicopter landed on the steep slope of the mountain.","YES","04/05/2026, 17:46:48"
"ann1","1777471135060gaxozwjt5wl","(zero-shot) 'pay_off' (VERB_wn:02284803v) 'pay someone with influence in order to receive a favor' —> The senator was accused of trying to pay off the inspector to ignore the code violations.","YES","04/05/2026, 17:46:57"
"ann1","1777471135060m20tp38xgd","(zero-shot) 'awkward' (ADJ_wn:01140514a) 'lacking grace or skill in manner or movement or performance' —> The dancer's awkward stumble during the pirouette caused the audience to chuckle.","YES","04/05/2026, 17:47:11"
"ann1","1777471135060xkltw60t5","(zero-shot) 'executive' (NOUN_wn:08165455n) 'persons who administer the law' —> The executive branch is responsible for enforcing the laws passed by the legislature.","YES","04/05/2026, 17:47:15"
"ann1","1777471135060wmi1j54z717","(zero-shot) 'intimately' (ADV_wn:00015007r) 'with great or especially intimate knowledge' —> The historian knew the city's hidden alleys intimately.","YES","04/05/2026, 17:47:21"
"ann1","1777471135060v2jk6vt1cz","(zero-shot) 'comfort' (NOUN_wn:01211185n) 'assistance, such as that provided to an enemy or to a known criminal' —> Providing shelter or food to a fugitive is considered giving aid and comfort to the enemy.","YES","04/05/2026, 17:47:37"
"ann1","17774711350604z28k237yiw","(zero-shot) 'humor' (NOUN_wn:06776138n) 'a message whose ingenuity or verbal skill or incongruity has the power to evoke laughter' —> The comedian delivered a bit of humor that had the entire audience in stitches.","YES","04/05/2026, 17:47:44"
"ann1","1777471135060e52uk7fnne4","(zero-shot) 'block' (VERB_wn:02198423v) 'interrupt the normal function of by means of anesthesia' —> The surgeon will block the nerve to prevent pain during the minor procedure.","YES","04/05/2026, 17:47:53"
"ann1","1777471135060cs86r0d8tjf","(zero-shot) 'historical' (ADJ_wn:02920121a) 'of or relating to the study of history' —> The professor specializes in the historical analysis of ancient Mediterranean civilizations.","YES","04/05/2026, 17:48:16"
"ann1","1777471135060crkj8derl7","(zero-shot) 'whistle' (NOUN_wn:06806098n) 'the act of signalling (e.g., summoning) by whistling or blowing a whistle' —> The referee's sharp whistle ended the match immediately.","YES","04/05/2026, 17:48:21"
"ann1","1777471135060qrys06zgwj","(zero-shot) 'work_out' (VERB_wn:00634906v) 'find the solution to (a problem or question) or understand the meaning of' —> It took the detective weeks to work out how the jewels were stolen.","YES","04/05/2026, 17:48:26"
"ann1","1777471135060eoz27n02yik","(zero-shot) 'distribute' (VERB_wn:02043190v) 'cause be distributed' —> The company plans to distribute the surplus funds among its stakeholders.","YES","04/05/2026, 17:48:29"
"ann1","1777471135060k2moddrduqn","(zero-shot) 'infusion' (NOUN_wn:14848785n) 'a solution obtained by steeping or soaking a substance (usually in water)' —> The herbalist prepared a soothing infusion of chamomile flowers for her restless patient.","YES","04/05/2026, 17:48:37"
"ann1","1777471135060fqdwvef43zu","(zero-shot) 'cram' (VERB_wn:01524298v) 'crowd or pack to capacity' —> Fans began to cram into the narrow alleyway before the concert doors opened.","YES","04/05/2026, 17:48:44"
"ann1","1777471135060efpv7hkym78","(zero-shot) 'break_off' (VERB_wn:00362348v) 'prevent completion' —> The sudden noise caused the negotiations to break off before any agreement was reached.","YES","04/05/2026, 17:48:48"
"ann1","1777471135060ivs9dfmnzip","(zero-shot) 'reference' (NOUN_wn:06694796n) 'a formal recommendation by a former employer to a potential future employer describing the person's qualifications and dependability' —> She provided a glowing reference from her previous manager to support her job application.","YES","04/05/2026, 17:49:01"
"ann1","1777471135060r76ccycv53g","(zero-shot) 'mask' (VERB_wn:01358328v) 'put a mask on or cover with a mask' —> The surgeon carefully masked his face before entering the sterile operating room.","YES","04/05/2026, 17:49:09"
"ann1","17774711350605an3kol2usg","(zero-shot) 'stretch' (VERB_wn:01985271v) 'lie down comfortably' —> After a long day at the office, I decided to stretch out on the couch and relax.","YES","04/05/2026, 17:49:16"
"ann1","1777471135060kg99binpmfc","(zero-shot) 'initiative' (NOUN_wn:00239230n) 'the first of a series of actions' —> The initiative to launch the new product line was met with great enthusiasm by the marketing team.","YES","04/05/2026, 17:49:23"
"ann1","1777471135060ge4ft294fsu","(zero-shot) 'bite' (NOUN_wn:14287408n) 'a wound resulting from biting by an animal or a person' —> The doctor stitched the deep bite on her arm.","YES","04/05/2026, 17:49:31"
"ann1","1777471135060a970g1fog2f","(zero-shot) 'rest_on' (VERB_wn:01590007v) 'rest on for support' —> The tired hiker leaned against the large boulder to rest on it for support.","YES","04/05/2026, 17:49:39"
"ann1","1777471135060w1o7cb8tcf","(zero-shot) 'absolutely' (ADV_wn:00008997r) 'completely and without qualification; used informally as intensifiers' —> She was absolutely thrilled by the surprise party.","YES","04/05/2026, 17:49:46"
"ann1","1777471135060kb8fbawzz7","(zero-shot) 'wool' (NOUN_wn:15104217n) 'fiber sheared from animals (such as sheep) and twisted into yarn for weaving' —> The grandmother spun the raw wool into soft yarn to knit a warm scarf.","YES","04/05/2026, 17:49:52"
"ann1","1777471135060q1oz8m0ux1","(zero-shot) 'learned' (ADJ_wn:00830051a) 'highly educated; having extensive information or understanding' —> The professor was a learned scholar who had spent decades researching ancient manuscripts.","YES","04/05/2026, 17:49:59"
"ann1","1777471135060swy7z06v7w9","(zero-shot) 'medicine' (NOUN_wn:03740161n) '(medicine) something that treats or prevents or alleviates the symptoms of disease' —> The doctor prescribed a new medicine to help reduce the fever.","YES","04/05/2026, 17:50:05"
"ann1","1777471135060m8i3aci2hee","(zero-shot) 'warm_up' (VERB_wn:00100905v) 'cause to do preliminary exercises so as to stretch the muscles' —> She needed to warm up before attempting the heavy lift.","YES","04/05/2026, 17:50:12"
"ann1","1777471135060z8lxs6jfiif","(zero-shot) 'lay' (VERB_wn:01545079v) 'lay eggs' —> The frog lay her eggs in the pond.","YES","04/05/2026, 17:50:15"
"ann1","177747113506020gzebwfe97","(zero-shot) 'dust' (VERB_wn:01252216v) 'rub the dust over a surface so as to blur the outlines of a shape' —> The artist carefully dusted charcoal over the canvas to soften the harsh edges of the portrait.","YES","04/05/2026, 17:50:28"
"ann1","1777471135060bjun0b4afbs","(zero-shot) 'stir_up' (VERB_wn:02585050v) 'try to stir up public opinion' —> The politician attempted to stir up public opinion against the new tax proposal.","YES","04/05/2026, 17:50:32"
"ann1","1777471135060tjpmz3mvyoo","(zero-shot) 'cock' (NOUN_wn:05526713n) 'obscene terms for penis' —> The comedian's use of the slang term for the male reproductive organ caused an uproar at the family-friendly event.","WRONG","04/05/2026, 17:50:44"
"ann1","1777471135060nzmlomy63bs","(zero-shot) 'ordinary' (NOUN_wn:10382380n) 'a judge of a probate court' —> The local ordinary was responsible for settling the estate according to state law.","YES","04/05/2026, 17:51:23"
"ann1","1777471135060b3sgvs5u0zk","(zero-shot) 'open_up' (VERB_wn:00539936v) 'make available' —> The museum decided to open up its archives to the public.","YES","04/05/2026, 17:51:27"
"ann1","177747113506003je3u750vmv","(zero-shot) 'irritate' (VERB_wn:00503715v) 'excite to some characteristic action or condition, such as motion, contraction, or nervous impulse, by the application of a stimulus' —> The scratching stimulus seemed to irritate the nerves, causing an involuntary twitch in the muscle.","YES","04/05/2026, 17:51:33"
"ann1","17774711350600akbza5qytl4","(zero-shot) 'condensation' (NOUN_wn:11446242n) 'atmospheric moisture that has condensed because of cold' —> Drops of condensation formed on the outside of the iced tea glass.","YES","04/05/2026, 17:51:41"
"ann1","17774711350600vh9lrbaiwtq","(zero-shot) 'take' (VERB_wn:00557404v) 'be seized or affected in a specified way' —> The news of the scandal was taken by the public with a mixture of shock and disbelief.","YES","04/05/2026, 17:56:46"
"ann1","17774711350609iadvplkc2i","(zero-shot) 'acceptance' (NOUN_wn:13381602n) 'banking: a time draft drawn on and accepted by a bank' —> The exporter received payment once the bank issued its acceptance on the six-month time draft.","YES","04/05/2026, 17:57:54"
"ann1","1777471135060njcwfv0nars","(zero-shot) 'blast' (NOUN_wn:00128867n) 'a very long fly ball' —> The rookie batter crushed a blast over the center field fence.","YES","04/05/2026, 17:58:05"
"ann1","1777471135060or3ou8go1o","(zero-shot) 'trace' (NOUN_wn:07164163n) 'a suggestion of some quality' —> There was a faint trace of arrogance in his polite demeanor.","YES","04/05/2026, 17:58:10"
"ann1","177747113506058l019qu7wv","(zero-shot) 'jurisdiction' (NOUN_wn:05198427n) '(law) the right and power to interpret and apply the law' —> The two states engaged in a prolonged legal battle to determine which court had jurisdiction over the interstate water dispute.","YES","04/05/2026, 17:58:18"
"ann1","1777471135060fpu0w35tyy9","(zero-shot) 'lay' (VERB_wn:02690708v) 'be located or situated somewhere; occupy a certain position' —> The book lay on the table.","YES","04/05/2026, 17:58:23"
"ann1","1777471135060rs5tgv66zva","(zero-shot) 'bore' (VERB_wn:02630871v) 'have' —> She bore a sword in her hand.","YES","04/05/2026, 17:58:27"
"ann1","1777471135060wsvfzm1cam","(zero-shot) 'interlock' (VERB_wn:00405079v) 'coordinate in such a way that all parts work together effectively' —> The various departments need to interlock their strategies to ensure the project succeeds.","YES","04/05/2026, 17:59:32"
"ann1","1777471135060em1re7mhw6d","(zero-shot) 'curse' (NOUN_wn:07420354n) 'a severe affliction' —> The famine was a terrible curse for the village.","YES","04/05/2026, 17:59:36"
"ann1","1777471135060lq77lc9l5za","(zero-shot) 'pass_on' (VERB_wn:01992503v) 'move forward, also in the metaphorical sense' —> The project needs to pass on to the next stage of development.","YES","04/05/2026, 17:59:39"
"ann1","1777471135060exd6trsa2r","(zero-shot) 'date' (VERB_wn:02486232v) 'date regularly; have a steady relationship with' —> She has been dating him for three years.","YES","04/05/2026, 17:59:44"
"ann1","1777471135060av7bq40x8dl","(zero-shot) 'spread' (NOUN_wn:05101512n) 'the expansion of a person's girth (especially at middle age)' —> His sudden spread made it difficult for him to fit through the narrow doorway of the old library.","YES","04/05/2026, 17:59:56"
"ann1","1777471135060in5orys12vj","(zero-shot) 'blast' (VERB_wn:02182479v) 'make a strident sound' —> The loudspeakers began to blast a deafening roar through the stadium.","YES","04/05/2026, 18:00:28"
"ann1","1777471135060q87b2jv8nlk","(zero-shot) 'allegory' (NOUN_wn:06366581n) 'an expressive style that uses fictional characters and events to describe some subject by suggestive resemblances; an extended metaphor' —> The novel serves as a complex allegory for the corruption of power within modern governments.","YES","04/05/2026, 18:00:39"
"ann1","1777471135060a1k50fvx84n","(zero-shot) 'ascend' (VERB_wn:01969779v) 'move to a better position in life or to a better job; 'She ascended from a life of poverty to one of great' —> Through relentless hard work and innovation, she managed to ascend from humble beginnings to become one of the most respected leaders in the tech industry.","YES","04/05/2026, 18:00:46"
"ann1","1777471135060lfuvuktpa8b","(zero-shot) 'affinity' (NOUN_wn:04688648n) 'a natural attraction or feeling of kinship' —> She felt an immediate affinity with the stranger, as if they had known each other for years.","YES","04/05/2026, 18:00:50"
"ann1","1777471135060rg3gewa6i5","(zero-shot) 'moral_principle' (NOUN_wn:05956019n) 'the principles of right and wrong that are accepted by an individual or a social group' —> The company's refusal to engage in bribery demonstrated a firm commitment to a core moral principle.","YES","04/05/2026, 18:01:44"
"ann1","1777471135060fcp8r1aw5vg","(zero-shot) 'take' (VERB_wn:00756076v) 'take as an undesirable consequence of some event or state of affairs' —> She had to take the stress of the deadline.","YES","04/05/2026, 18:01:56"
"ann1","1777471135060n2jj85f0nk7","(zero-shot) 'variable' (ADJ_wn:01028796a) '(used of a device) designed so that a property (as e.g. light) can be varied' —> The photographer switched to a variable aperture lens to adjust the depth of field quickly.","YES","04/05/2026, 18:02:14"
"ann1","1777471135060k2t04k69ljs","(zero-shot) 'assignment' (NOUN_wn:00796586n) 'an undertaking that you have been assigned to do (as by an instructor)' —> She stayed up late to finish her history assignment.","YES","04/05/2026, 18:02:20"
"ann1","1777471135060oc1d6e9jub","(zero-shot) 'distinctly' (ADV_wn:00307479r) 'to a distinct degree' —> The music was distinctly audible over the crowd's chatter.","YES","04/05/2026, 18:02:27"
"ann1","1777471135060whh3zzwr198","(zero-shot) 'shift' (VERB_wn:01005049v) 'use a shift key on a keyboard' —> You must shift to capitalize the letter.","YES","04/05/2026, 18:02:33"
"ann1","17774711350604bg412043ua","(zero-shot) 'snarl' (VERB_wn:01462928v) 'twist together or entwine into a confusing mass' —> The tangled roots of the old oak tree snarled beneath the soil.","YES","04/05/2026, 18:02:56"
"ann1","17774711350603kv9ccg2eiw","(zero-shot) 'anticipation' (NOUN_wn:05775081n) 'the act of predicting (as by reasoning about the future)' —> The weatherman's anticipation of the storm allowed residents to secure their homes in advance.","YES","04/05/2026, 18:03:14"
"ann1","177747113506089vxvolhmdf","(zero-shot) 'program' (VERB_wn:00795264v) 'arrange a program of or for' —> The committee will program the annual music festival.","YES","04/05/2026, 18:07:16"
"ann1","17774711350603d8xmjeed42","(zero-shot) 'square' (VERB_wn:02253341v) 'pay someone and settle a debt' —> He went to the cashier to square his tab before leaving the restaurant.","YES","04/05/2026, 18:07:20"
"ann1","1777471135060jvmuvjkdcn8","(zero-shot) 'break' (VERB_wn:01369758v) 'ruin completely' —> The sudden scandal broke his reputation.","YES","04/05/2026, 18:07:23"
"ann1","1777471135060ovoz7v6ik1","(zero-shot) 'reform' (VERB_wn:00384620v) 'bring, lead, or force to abandon a wrong or evil course of life, conduct, and adopt a right one' —> The harsh mentor hoped to reform the rebellious youth.","YES","04/05/2026, 18:07:30"
"ann1","1777471135060nexwnbwzg","(zero-shot) 'terrible' (ADJ_wn:00193799a) 'causing fear or dread or terror' —> The terrible storm left the survivors trembling in fear.","YES","04/05/2026, 18:07:36"
"ann1","1777471135060htao3dtzvt","(zero-shot) 'witness' (VERB_wn:02128873v) 'perceive or be contemporaneous with' —> The old oak tree witnessed centuries of history.","YES","04/05/2026, 18:07:43"
"ann1","17774711350601qtu89izg4m","(zero-shot) 'heredity' (NOUN_wn:13493399n) 'the biological process whereby genetic factors are transmitted from one generation to the next' —> The scientist argued that heredity plays a crucial role in determining eye color.","YES","04/05/2026, 18:07:54"
"ann1","1777471135060kemuu91zqi8","(zero-shot) 'release' (NOUN_wn:00216174n) 'the termination of someone's employment (leaving them free to depart)' —> His release from the company came as a sudden shock to his colleagues.","YES","04/05/2026, 18:08:00"
"ann1","1777471135060b7f4jbqzcr6","(zero-shot) 'rotor' (NOUN_wn:04111962n) 'the rotating armature of a motor or generator' —> The engineer carefully inspected the rotor to ensure it was not warped.","YES","04/05/2026, 18:08:05"
"ann1","1777471135060l765wlz3zc","(zero-shot) 'meanwhile' (ADV_wn:00065184r) 'at the same time but in another place' —> While the team celebrated their victory in the locker room, meanwhile, the local newspaper was already drafting headlines for the front page.","YES","04/05/2026, 18:08:11"
"ann1","1777471135060qmjmmi6trtt","(zero-shot) 'persist' (VERB_wn:02731024v) 'stay behind' —> The few remaining soldiers decided to persist in the ruined fort while the rest of the army retreated to safer grounds.","NO","04/05/2026, 18:08:55"
"ann1","1777471135060l2043q1pqj","(zero-shot) 'draw' (VERB_wn:01690816v) 'write a legal document or paper' —> The attorney will draw the lease agreement by tomorrow morning.","YES","04/05/2026, 18:09:05"
"ann1","177747113506021xnvxw8486","(zero-shot) 'celebrate' (VERB_wn:02578510v) 'behave as expected during of holidays or rites' —> We decided to celebrate the anniversary with a quiet dinner rather than a loud party.","YES","04/05/2026, 18:09:12"
"ann1","177747113506041d4xa6blcz","(zero-shot) 'blister' (VERB_wn:00863906v) 'subject to harsh criticism' —> The media blistered the politician for his inconsistent statements regarding the budget.","YES","04/05/2026, 18:09:17"
"ann1","1777471135060t353opsv5v","(zero-shot) 'get_off' (VERB_wn:01923732v) 'get out of quickly' —> We need to get off this sinking ship immediately.","YES","04/05/2026, 18:09:25"
"ann1","1777471135060m9jjfexv9g","(zero-shot) 'cost' (VERB_wn:02702508v) 'be priced at' —> This antique vase costs over five hundred dollars.","YES","04/05/2026, 18:09:29"
"ann1","1777471135060zyh7xuo1d4k","(zero-shot) 'cross' (NOUN_wn:03135152n) 'a representation of the structure on which Jesus was crucified; used as an emblem of Christianity or in heraldry' —> The parishioner wore a silver cross around her neck as a symbol of her faith.","YES","04/05/2026, 18:09:38"
"ann1","1777471135060min9p28z7o","(zero-shot) 'run_out' (VERB_wn:02069888v) 'flow, run or fall out and become lost' —> Time seemed to slip away unnoticed as the minutes ran out without a trace.","YES","04/05/2026, 18:09:49"
"ann1","1777471135060prk2gvx9vss","(zero-shot) 'dirt' (NOUN_wn:14498096n) 'the state of being covered with unclean things' —> He tried to wipe the dirt off his knees after falling into the mud.","YES","04/05/2026, 18:09:54"
"ann1","17774711350600qdpshquw5y","(zero-shot) 'recover' (VERB_wn:01336541v) 'cover anew' —> The painter decided to recover the canvas with a fresh layer of white primer before starting the new portrait.","YES","04/05/2026, 18:09:59"
"ann1","1777471135060bv731h6302f","(zero-shot) 'lead' (VERB_wn:01999798v) 'take somebody somewhere' —> The tour guide will lead the visitors through the ancient ruins.","YES","04/05/2026, 18:10:05"
"ann1","1777471135060qtquy2lxz3i","(zero-shot) 'support' (NOUN_wn:04359589n) 'any device that bears the weight of another thing' —> The statue required a sturdy metal support to keep it from falling over.","YES","04/05/2026, 18:10:09"
"ann1","1777471135060gx7zwmn489","(zero-shot) 'sac' (NOUN_wn:13914473n) 'an enclosed space' —> The embryo developed safely within the protective sac.","YES","04/05/2026, 18:10:15"
"ann1","1777471135060mq5fjn1lxmm","(zero-shot) 'wind' (VERB_wn:01522276v) 'arrange or or coil around' —> The gardener used to wind the thick ivy around the trellis.","YES","04/05/2026, 18:10:22"
"ann1","1777471135060qyh3sx53bw","(zero-shot) 'open_up' (VERB_wn:00540101v) 'become available' —> New job opportunities are beginning to open up in the tech sector.","YES","04/05/2026, 18:10:25"
"ann1","1777471135060ocwqw348tgb","(zero-shot) 'alpine' (ADJ_wn:03025590a) 'relating to the Alps and their inhabitants' —> The ski resort featured traditional alpine chalets nestled among the snow-capped peaks.","YES","04/05/2026, 18:10:29"
"ann1","1777471135060ps7ircai9jc","(zero-shot) 'secondary' (ADJ_wn:01473558a) 'not of major importance' —> The parking lot serves a secondary purpose to the main shopping center.","YES","04/05/2026, 18:10:34"
"ann1","1777471135060tx1rb1gqzuq","(zero-shot) 'prevail' (VERB_wn:01101734v) 'prove superior' —> Experience and skill prevailed over brute strength.","YES","04/05/2026, 18:10:36"
"ann1","177747113506069tsi1k4059","(zero-shot) 'allied' (ADJ_wn:02612939a) 'of or relating to or denoting the Allies in World War II' —> The museum exhibit showcased various pieces of allied military equipment from the European theater.","YES","04/05/2026, 18:10:43"
"ann1","1777471135060sv1u9sysfgl","(zero-shot) 'reservoir' (NOUN_wn:04078747n) 'lake used to store water for community use' —> The city council approved the construction of a new reservoir to ensure a steady supply of drinking water during the drought.","YES","04/05/2026, 18:10:49"
"ann1","1777471135060ym3iqimiij","(zero-shot) 'dullness' (NOUN_wn:04844891n) 'lack of sensibility' —> His response to the tragedy was marked by a complete dullness that left everyone in the room feeling deeply uncomfortable.","YES","04/05/2026, 18:10:55"
"ann1","17774711350605vks9j6iizt","(zero-shot) 'failure' (NOUN_wn:00066636n) 'an act that fails' —> His refusal to study for the exam was a clear example of failure.","YES","04/05/2026, 18:10:59"
"ann1","1777471135060eeacmtpqxx9","(zero-shot) 'puff' (VERB_wn:00797303v) 'speak in a blustering or scornful manner' —> He began to puff out threats when the committee refused to approve his budget request.","YES","04/05/2026, 18:11:13"
"ann1","1777471135060dtk10rp8fn","(zero-shot) 'tap' (VERB_wn:01247804v) 'strike lightly' —> She decided to tap the glass gently to get his attention.","YES","04/05/2026, 18:11:18"
"ann1","1777471135060i33wukp2a3e","(zero-shot) 'elevate' (VERB_wn:00544549v) 'raise in rank or condition' —> The new policy aims to elevate the status of junior employees.","YES","04/05/2026, 18:11:24"
"ann1","1777471135060obyfx6o8nd","(zero-shot) 'exposition' (NOUN_wn:06742173n) 'an account that sets forth the meaning or intent of a writing or discourse' —> The scholar's detailed exposition clarified the poet's hidden motives.","YES","04/05/2026, 18:19:28"
"ann1","1777471135060ww4cb7pto0e","(zero-shot) 'wiry' (ADJ_wn:00216560a) 'of hair that resembles wire in stiffness' —> The old man stroked his wiry beard, which bristled like steel wool against his cheek.","YES","04/05/2026, 18:19:36"
"ann1","1777471135060bb0prnzrvhe","(zero-shot) 'track' (VERB_wn:02001858v) 'go after with the intent to catch' —> The police officer began to track the suspect through the dense forest.","YES","04/05/2026, 18:19:41"
"ann1","1777471135060v0ztmj8og8","(zero-shot) 'run_down' (VERB_wn:02004227v) 'pursue until captured' —> The police managed to run down the fugitive after a lengthy chase.","YES","04/05/2026, 18:19:50"
"ann1","1777471135060vocdkbcgwec","(zero-shot) 'fix' (VERB_wn:01664172v) 'prepare for eating by applying heat' —> She will fix dinner for the guests tonight.","YES","04/05/2026, 18:20:03"
"ann1","1777471135060nu6o7frv2f","(zero-shot) 'visit' (NOUN_wn:01233156n) 'the act of going to see some person or place or thing for a short time' —> We planned a short visit to the museum before heading home.","YES","04/05/2026, 18:20:12"
"ann1","17774711350602pnuf9b69r8","(zero-shot) 'decay' (NOUN_wn:14560612n) 'an inferior state resulting from the process of decaying' —> The forgotten mansion stood as a testament to time, its crumbling walls embodying the physical decay that decades of neglect had wrought.","YES","04/05/2026, 18:20:49"
"ann1","177747113506039bkga48w2","(zero-shot) 'requirement' (NOUN_wn:05892427n) 'something that is required in advance' —> Completing the safety course is a mandatory requirement before you are allowed to operate the machinery.","YES","04/05/2026, 18:20:57"
"ann1","1777471135060f9hi3udod24","(zero-shot) 'pass' (VERB_wn:02051694v) 'move past' —> The car swerved to pass the bicycle on the narrow road.","YES","04/05/2026, 18:21:04"
"ann1","1777471135060bhzu59p9s6s","(zero-shot) 'slip' (NOUN_wn:13127473n) 'a part (sometimes a root or leaf or bud) removed from a plant to propagate a new plant through rooting or grafting' —> She carefully inserted the woody slip into the moist potting soil, hoping it would take root and eventually grow into a full-sized rose bush.","YES","04/05/2026, 18:21:13"
"ann1","1777471135060rl9zoaai32","(zero-shot) 'trust' (NOUN_wn:04895246n) 'the trait of believing in the honesty and reliability of others' —> She earned their trust through years of consistent and honest behavior.","YES","04/05/2026, 18:21:18"
"ann1","1777471135060u6rbz1r9qy","(zero-shot) 'exponent' (NOUN_wn:06812417n) 'a mathematical notation indicating the number of times a quantity is multiplied by itself' —> In the expression $2^3$, the number 3 serves as the exponent.","YES","04/05/2026, 18:21:25"
"ann1","1777471135060s33832q574","(zero-shot) 'spectacle' (NOUN_wn:04271891n) 'an elaborate and remarkable display on a lavish scale' —> The fireworks finale was a dazzling spectacle that left the entire crowd breathless.","YES","04/05/2026, 18:21:36"
"ann1","1777471135060u87wiig6h6","(zero-shot) 'coat' (NOUN_wn:03058107n) 'a thin layer covering something' —> A thin coat of dust covered the antique mirror.","YES","04/05/2026, 18:21:41"
"ann1","1777471135060ig2ivhg1y9a","(zero-shot) 'treason' (NOUN_wn:00749767n) 'an act of deliberate betrayal' —> The general was executed for treason after secretly communicating with the enemy.","YES","04/05/2026, 18:21:46"
"ann1","1777471135060rva7phlivw","(zero-shot) 'swing' (NOUN_wn:01173660n) 'a sweeping blow or stroke' —> The boxer landed a powerful swing that knocked his opponent unconscious.","YES","04/05/2026, 18:21:50"
"ann1","1777471135060yi0mgf80rha","(zero-shot) 'observe' (VERB_wn:02169352v) 'watch attentively' —> The astronomer used the telescope to observe the distant galaxy.","YES","04/05/2026, 18:21:54"
"ann1","177747113506037bxtqspasa","(zero-shot) 'lodge' (VERB_wn:02651424v) 'provide housing for' —> The university will lodge the visiting scholars in the historic west wing.","YES","04/05/2026, 18:21:57"
"ann1","1777471135060pzc01dy58i","(zero-shot) 'circulation' (NOUN_wn:13592598n) '(library science) the count of books that are loaned by a library over a specified period' —> The librarian was thrilled to see a significant increase in the library's circulation during the school's reading week.","YES","04/05/2026, 18:22:04"
"ann1","1777471135060mxvken4lr8i","(zero-shot) 'protrusion' (NOUN_wn:13894434n) 'something that bulges out or is protuberant or projects from its surroundings' —> The surgeon carefully removed the small, painful protrusion from the patient's skin.","YES","04/05/2026, 18:22:12"
"ann1","1777471135060rah4ailf8kb","(zero-shot) 'introduction' (NOUN_wn:00238022n) 'the act of beginning something new' —> The introduction of renewable energy sources has transformed the local power grid.","YES","04/05/2026, 18:22:31"
"ann1","1777471135060ay46yh1ome","(zero-shot) 'ridge' (NOUN_wn:04089152n) 'a beam laid along the edge where two sloping sides of a roof meet at the top; provides an attachment for the upper ends of rafters' —> The carpenter carefully secured the wooden ridge to support the newly installed rafters.","YES","04/05/2026, 18:22:45"
"ann1","1777471135060u4gdfp4uwap","(zero-shot) 'provoke' (VERB_wn:01646866v) 'evoke or provoke to appear or occur' —> The spicy sauce was designed to provoke a strong reaction from the taste buds.","YES","04/05/2026, 18:22:49"
"ann1","1777471135060qo6irk8ga7o","(zero-shot) 'turn_over' (VERB_wn:01866192v) 'move by turning over or rotating' —> The chef gently turned over the steak to ensure it cooked evenly on both sides.","YES","04/05/2026, 18:22:54"
"ann1","1777471135060vlp906pp9x","(zero-shot) 'silk' (NOUN_wn:15041911n) 'animal fibers produced by silkworms and other larvae that spin cocoons and by most spiders' —> The ancient emperor favored robes woven from soft silk to display his immense wealth.","YES","04/05/2026, 18:23:02"
"ann1","1777471135060tf5gibs5biq","(zero-shot) 'unlawful' (ADJ_wn:01408421a) 'having no legally established claim' —> The defendant's attempt to seize the property was deemed unlawful because he lacked any valid legal title to the land.","YES","04/05/2026, 18:23:10"
"ann1","1777471135060t0gmq3ht1p","(zero-shot) 'heroine' (NOUN_wn:10173410n) 'a woman possessing heroic qualities or a woman who has performed heroic deeds' —> Maria was the undisputed heroine of the day, rescuing three children from the raging flood with incredible bravery.","YES","04/05/2026, 18:23:15"
"ann1","177747113506013pm8edos5ug","(zero-shot) 'richness' (NOUN_wn:04958460n) 'a strong deep vividness of hue' —> The artist marveled at the richness of the crimson pigment in her oil paints.","YES","04/05/2026, 18:26:59"
"ann1","1777471135060ezi0yr10ahi","(zero-shot) 'piece' (NOUN_wn:07309457n) 'an instance of some kind' —> That moment was a piece of bad luck.","YES","04/05/2026, 18:27:05"
"ann1","17774711350609s7p0in5hvg","(zero-shot) 'referent' (NOUN_wn:06603494n) 'something referred to; the object of a reference' —> In the study of semantics, scholars analyze the intricate relationship between a specific word and its external referent to understand how language conveys meaning about the world.","YES","04/05/2026, 18:27:18"
"ann1","177747113506045ypuzdr5hf","(zero-shot) 'strain' (VERB_wn:01250474v) 'rub through a strainer or process in an electric blender' —> She strained the tomato sauce to remove the seeds and skin.","YES","04/05/2026, 18:27:41"
"ann1","17774711350609jymmz22g7i","(zero-shot) 'sight' (NOUN_wn:05933054n) 'an instance of visual perception' —> The sudden glimpse of the unicorn took my breath away.","WRONG","04/05/2026, 18:27:50"
"ann1","1777471135060sgxjboomge","(zero-shot) 'experimental' (ADJ_wn:02940392a) 'relating to or based on experiment' —> The scientist published her experimental findings in a leading journal.","YES","04/05/2026, 18:39:48"
"ann1","1777471135060caklc1yvyk","(zero-shot) 'defective' (ADJ_wn:01092572a) 'not working properly' —> The defective toaster failed to brown the bread.","YES","04/05/2026, 18:39:51"
"ann1","17774711350603smfe7k9nyc","(zero-shot) 'pint' (NOUN_wn:13619307n) 'a United States liquid unit equal to 16 fluid ounces; two pints equal one quart' —> She poured a cold pint of root beer into the glass.","YES","04/05/2026, 18:39:55"
"ann1","1777471135060o10frnepgw","(zero-shot) 'separation' (NOUN_wn:05089947n) 'the distance between things' —> The surveyor measured the precise separation between the two boundary markers.","YES","04/05/2026, 18:40:02"
"ann1","1777471135060rri3ftiom6","(zero-shot) 'take_out' (VERB_wn:02486693v) 'make a date' —> He decided to take out Sarah to dinner on Friday night.","YES","04/05/2026, 18:40:06"
"ann1","177747113506074evackf1h8","(zero-shot) 'adjustment' (NOUN_wn:13427078n) 'the process of adapting to something (such as environmental conditions)' —> The team required a period of adjustment to thrive in the high-altitude environment.","YES","04/05/2026, 18:40:17"
"ann1","1777471135060o1rudosre3h","(zero-shot) 'foam' (NOUN_wn:09282724n) 'a mass of small bubbles formed in or on a liquid' —> The dish soap created a thick layer of white foam in the sink.","YES","04/05/2026, 18:40:36"
"ann1","1777471135060cp5gk3dhqtp","(zero-shot) 'strike_out' (VERB_wn:02528833v) 'be unsuccessful in an endeavor' —> The startup struck out in its attempt to secure venture capital funding.","YES","04/05/2026, 18:40:57"
"ann1","1777471135060ql4fhuq4ajd","(zero-shot) 'base' (NOUN_wn:13597794n) '(numeration system) the positive integer that is equivalent to one in the next higher counting place' —> The decimal system uses ten as its base.","YES","04/05/2026, 18:41:03"
"ann1","1777471135060k9jxvp96r6","(zero-shot) 'corner' (NOUN_wn:03109486n) 'the intersection of two streets' —> She waited for her friend at the corner of Fifth Avenue and 42nd Street.","YES","04/05/2026, 18:41:07"
"ann1","1777471135060h0fsrithslo","(zero-shot) 'essential' (ADJ_wn:01580306a) 'absolutely necessary; vitally necessary' —> Water is essential for human survival.","YES","04/05/2026, 18:41:10"
"ann1","17774711350608fsz0xvajap","(zero-shot) 'lieutenant' (NOUN_wn:10259348n) 'a commissioned military officer' —> The lieutenant led the squad through the dense forest.","YES","04/05/2026, 18:41:14"
"ann1","17774711350601ylmch8ytzk","(zero-shot) 'violet' (NOUN_wn:04970758n) 'a variable color that lies beyond blue in the spectrum' —> The artist mixed blue and red pigments to capture the deep hue of violet.","YES","04/05/2026, 18:41:21"
"ann1","1777471135060yirc82dacdh","(zero-shot) 'zero' (ADJ_wn:03145851a) 'of or relating to the null set (a set with no members)' —> The intersection of two disjoint sets results in a zero set containing no elements.","YES","04/05/2026, 18:41:29"
"ann1","177747113506042g417asoon","(zero-shot) 'find' (VERB_wn:00971999v) 'decide on and make a declaration about' —> The jury found the defendant guilty.","YES","04/05/2026, 18:41:37"
"ann1","17774711350605ujg5bkw1f6","(zero-shot) 'long-range' (ADJ_wn:01435060a) 'suitable for or reaching long distances' —> The military deployed new long-range missiles to extend their strategic reach across the Pacific.","YES","04/05/2026, 18:42:01"
"ann1","1777471135060675ct4h9i3q","(zero-shot) 'clear' (VERB_wn:00178235v) 'free (the throat) by making a rasping sound' —> She had to clear her throat before giving the speech.","YES","04/05/2026, 18:42:10"
"ann1","1777471135060444hysdt4um","(zero-shot) 'debate' (NOUN_wn:07140978n) 'a discussion in which reasons are advanced for and against some proposition or proposal' —> The heated debate lasted for hours as both sides presented compelling arguments regarding the new policy.","YES","04/05/2026, 18:42:20"
"ann1","1777471135060k39lxy9d89","(zero-shot) 'insight' (NOUN_wn:07513247n) 'a feeling of understanding' —> Her intuition offered a sudden insight into the situation.","YES","04/05/2026, 18:42:34"
"ann1","1777471135060f40ozkzj859","(zero-shot) 'sanction' (VERB_wn:00806891v) 'give religious sanction to, such as through on oath' —> The ancient priest sought to sanctify the vow by having the witnesses swear an oath before the gods.","WRONG","04/05/2026, 18:42:45"
"ann1","1777471135060zf2lzhz6j9m","(zero-shot) 'expectation' (NOUN_wn:07510923n) 'the feeling that something is about to happen' —> A palpable expectation filled the room as the audience waited for the curtain to rise.","YES","04/05/2026, 18:44:35"
"ann1","1777471135060sjnl3msc2ch","(zero-shot) 'take' (VERB_wn:02599636v) 'carry out' —> The committee decided to take the proposal under consideration.","YES","04/05/2026, 18:44:44"
"ann1","17774711350600819dr9opjy","(zero-shot) 'blindly' (ADV_wn:00064189r) 'without preparation or reflection; without a rational basis' —> He acted blindly by signing the contract without reading the fine print.","YES","04/05/2026, 18:44:50"
"ann1","1777471135060a0w4b5jttbo","(zero-shot) 'settlement' (NOUN_wn:00228535n) 'termination of a business operation by using its assets to discharge its liabilities' —> The company initiated the settlement of the failing division to pay off its outstanding debts.","YES","04/05/2026, 18:44:56"
"ann1","1777471135060nvpf52nv0wb","(zero-shot) 'lecturer' (NOUN_wn:10252222n) 'a public lecturer at certain universities' —> The distinguished lecturer delivered an engaging speech on quantum mechanics to the packed auditorium.","YES","04/05/2026, 18:45:04"
"ann1","1777471135060p7chtjsgvp9","(zero-shot) 'falsify' (VERB_wn:00667942v) 'prove false' —> The defendant sought to falsify the prosecutor's assertion by presenting irrefutable alibi evidence.","YES","04/05/2026, 18:45:08"
"ann1","1777471135060b1uymbsnynl","(zero-shot) 'oppose' (VERB_wn:00775831v) 'be against; express opposition to' —> The community rallied to oppose the new zoning regulations.","YES","04/05/2026, 18:45:18"
"ann1","1777471135060gr82ttu8326","(zero-shot) 'spread' (VERB_wn:00968211v) 'cause to become widely known' —> The rumor quickly spread through the office, causing confusion among the staff.","YES","04/05/2026, 18:45:30"
"ann1","17774711350601jystv5flvt","(zero-shot) 'quart' (NOUN_wn:13622035n) 'a British imperial capacity measure (liquid or dry) equal to 2 pints or 1.136 liters' —> The recipe called for one quart of the rich, homemade apple cider.","YES","04/05/2026, 18:45:46"
"ann1","1777471135060k9bza6vfdxg","(zero-shot) 'blur' (VERB_wn:02161758v) 'to make less distinct or clear' —> The heavy rain began to blur the view through the windshield.","YES","04/05/2026, 18:45:52"
"ann1","1777471135060kxel33ewfb9","(zero-shot) 'lost' (ADJ_wn:02419159a) 'deeply absorbed in thought' —> She was lost in a reverie about her childhood summers.","YES","04/05/2026, 18:45:56"
"ann1","17774711350601zgno4picv8","(zero-shot) 'valuable' (ADJ_wn:02500884a) 'having great material or monetary value especially for use or exchange' —> He sold his valuable coins to a rare dealer.","YES","04/05/2026, 18:46:03"
"ann1","1777471135060i7oy8ly3tka","(zero-shot) 'draw' (VERB_wn:00556593v) 'bring or lead someone to a certain action or condition' —> The sheer chaos of the situation served to draw him into a state of complete panic.","YES","04/05/2026, 18:55:05"
"ann1","17774711350605e0ruvescm4","(zero-shot) 'suffocate' (VERB_wn:00359511v) 'be asphyxiated; die from lack of oxygen' —> The trapped miners began to suffocate as the air supply dwindled.","YES","04/05/2026, 18:55:12"
"ann1","1777471135060m29nsq0obw8","(zero-shot) 'offset' (VERB_wn:02718015v) 'compensate for or counterbalance' —> The warm spices will offset the bitterness of the dark chocolate.","YES","04/05/2026, 18:55:22"
"ann1","1777471135060pjiychxml69","(zero-shot) 'fog' (NOUN_wn:14521648n) 'an atmosphere in which visibility is reduced because of a cloud of some substance' —> The thick fog blanketed the city, obscuring streetlights and reducing visibility to just a few feet.","YES","04/05/2026, 18:55:33"
"ann1","17774711350605lr4w785hpw","(zero-shot) 'assault' (NOUN_wn:00974444n) 'close fighting during the culmination of a military attack' —> The soldiers prepared for the final assault on the fortified hill.","YES","04/05/2026, 18:55:37"
"ann1","1777471135060jyghioa7o0l","(zero-shot) 'ventricle' (NOUN_wn:05391763n) 'a chamber of the heart that receives blood from an atrium and pumps it to the arteries' —> The physician explained that the right ventricle pumps deoxygenated blood to the lungs for oxygenation.","YES","04/05/2026, 18:55:44"
"ann1","17774711350606tw7i1fv4bm","(zero-shot) 'focus' (NOUN_wn:14435187n) 'special emphasis attached to something' —> The documentary's main focus was on the resilience of the local community during the economic crisis.","YES","04/05/2026, 18:55:52"
"ann1","1777471135060zsiijalwfl7","(zero-shot) 'transcribe' (VERB_wn:00995103v) 'write out from speech, notes, etc.' —> The assistant was tasked with transcribing the professor's lecture into a digital document.","YES","04/05/2026, 18:56:01"
"ann1","1777471135060b5hsdm568iu","(zero-shot) 'shift' (VERB_wn:01884974v) 'move sideways or in an unsteady way' —> The loose floorboard shifted under her weight as she walked across the old attic.","YES","04/05/2026, 18:56:06"
"ann1","177747113506046jwmti7xaq","(zero-shot) 'propagation' (NOUN_wn:06253518n) 'the spreading of something (a belief or practice) into new regions' —> The rapid propagation of the new software protocol across global networks surprised the engineering team.","YES","04/05/2026, 18:56:17"
"ann1","1777471135060eecstqxc9zt","(zero-shot) 'alcohol' (NOUN_wn:07884567n) 'a liquor or brew containing alcohol as the active agent' —> The bartender poured two shots of alcohol into the glasses.","YES","04/05/2026, 18:56:23"
"ann1","1777471135060cvoal62aeam","(zero-shot) 'snap' (VERB_wn:01003249v) 'record on photographic film' —> She used her vintage camera to snap a photo of the sunset.","YES","04/05/2026, 18:56:26"
"ann1","1777471135060i9acvesqfg","(zero-shot) 'spike' (NOUN_wn:04276404n) 'a sharp-pointed projection along the top of a fence or wall (or a dinosaur)' —> The gardener carefully inspected the perimeter fence to ensure every metal spike was intact and secure.","YES","04/05/2026, 18:56:37"
"ann1","1777471135060loqlqk3zyx","(zero-shot) 'theater' (NOUN_wn:07006119n) 'the art of writing and producing plays' —> She dedicated her career to the theater, studying both the craft of acting and the nuances of scriptwriting.","YES","04/05/2026, 18:56:45"
"ann1","1777471135060jb7dwyovvq","(zero-shot) 'model' (NOUN_wn:00898804n) 'the act of representing something (usually on a smaller scale)' —> The architect used a clay model to visualize the building's complex geometry.","YES","04/05/2026, 18:56:54"
"ann1","1777471135060tdkculbi9c9","(zero-shot) 'mongolia' (NOUN_wn:08968677n) 'a vast region in Asia including the Mongolian People's Republic and China's Inner Mongolia' —> Nomadic tribes have traditionally roamed across the grasslands of Mongolia.","YES","04/05/2026, 18:56:58"
"ann1","1777471135060vi0rv1g4m4n","(zero-shot) 'core' (NOUN_wn:05921123n) 'the choicest or most essential or most vital part of some idea or experience' —> Trust is the core of any lasting friendship.","YES","04/05/2026, 18:57:06"
"ann1","1777471135060zz3o3kkdafa","(zero-shot) 'post' (VERB_wn:01088923v) 'assign to a station' —> The commander decided to post the guard at the main entrance.","YES","04/05/2026, 19:15:29"
"ann1","1777471135060tc5ho4foxe","(zero-shot) 'board' (NOUN_wn:07565259n) 'food or meals in general' —> The charity provides daily room and board for the displaced families.","YES","04/05/2026, 19:15:35"
"ann1","1777471135060hfg1w8h3nc4","(zero-shot) 'separated' (ADJ_wn:00568304a) 'no longer connected or joined' —> The two halves of the broken plate were separated by a wide gap.","YES","04/05/2026, 19:15:40"
"ann1","1777471135060noaq0urmxbh","(zero-shot) 'topic' (NOUN_wn:06599788n) 'the subject matter of a conversation or discussion' —> The professor selected an intriguing topic for the seminar to stimulate debate among the students.","YES","04/05/2026, 19:15:44"
"ann1","1777471135060fjhnvdt3szj","(zero-shot) 'along' (ADV_wn:00068986r) 'to a more advanced state' —> We rolled along on our skates down the driveway.","YES","04/05/2026, 19:15:53"
"ann1","1777471135060k5w6xgq5jwr","(zero-shot) 'fighter' (NOUN_wn:09939313n) 'someone who fights (or is fighting)' —> The seasoned fighter dodged the punch and countered with a swift kick.","YES","04/05/2026, 19:15:57"
"ann1","1777471135060yfhsmrb89b","(zero-shot) 'sensory' (ADJ_wn:02108665a) 'involving or derived from the senses' —> The museum designed a sensory experience that engaged visitors through sight, sound, and touch.","YES","04/05/2026, 19:16:02"
"ann1","1777471135060hsu5q21xve8","(zero-shot) 'discover' (VERB_wn:02128066v) 'see for the first time; make a discovery' —> Scientists hope to discover new species in the unexplored rainforest.","YES","04/05/2026, 19:16:05"
"ann1","1777471135060zg9s9ym8hdo","(zero-shot) 'filling' (NOUN_wn:13480541n) 'flow into something (as a container)' —> The water filling of the pool took longer than expected.","YES","04/05/2026, 19:16:11"
"ann1","1777471135060qvdupioothd","(zero-shot) 'bass' (NOUN_wn:02565573n) 'nontechnical name for any of numerous edible marine and freshwater spiny-finned fishes' —> We grilled the fresh bass for our dinner party last night.","YES","04/05/2026, 19:16:21"
"ann1","177747113506070y1yb9bi5u","(zero-shot) 'scoop' (NOUN_wn:13894306n) 'a hollow concave shape made by removing something' —> The ice cream truck driver served a generous scoop of vanilla to the waiting children.","NO","04/05/2026, 19:16:41"
"ann1","1777471135060x093bkp4hpf","(zero-shot) 'sway' (VERB_wn:01875295v) 'move back and forth or sideways' —> The tall palm trees began to sway in the strong ocean breeze.","YES","04/05/2026, 19:16:49"
"ann1","17774711350609w2qzwt8yx","(zero-shot) 'splendid' (ADJ_wn:00219389a) 'having great beauty and splendor' —> The ancient palace stood in splendid isolation, its golden domes reflecting the afternoon sun.","YES","04/05/2026, 19:16:59"
"ann1","1777471135060xwytsgchc8c","(zero-shot) 'border' (NOUN_wn:03780247n) 'a decorative recessed or relieved surface on an edge' —> The antique frame featured an intricate carved border around the mirror.","YES","04/05/2026, 19:17:42"
"ann1","1777471135060mwjgvw8lx3r","(zero-shot) 'passion' (NOUN_wn:05813229n) 'any object of warm affection or devotion' —> Her lifelong passion was restoring antique violins.","YES","04/05/2026, 19:17:48"
"ann1","177747113506032mpsgqj4m8","(zero-shot) 'rigorous' (ADJ_wn:00915556a) 'rigidly accurate; allowing no deviation from a standard' —> The professor insisted on a rigorous standard for all student research papers, ensuring every citation was verified and every argument supported by data.","YES","04/05/2026, 19:17:58"
"ann1","1777471135060o4eaipbmgb","(zero-shot) 'show' (NOUN_wn:00520257n) 'the act of publicly exhibiting or entertaining' —> The evening's main show featured a breathtaking magic performance.","YES","04/05/2026, 19:18:05"
"ann1","17774711350609xdiq0lkjwe","(zero-shot) 'append' (VERB_wn:01328513v) 'fix to; attach' —> The editor decided to append the missing photographs to the end of the chapter.","YES","04/05/2026, 19:18:10"
"ann1","1777471135060zb9yziohlgl","(zero-shot) 'semiconductor' (NOUN_wn:04171831n) 'a conductor made with semiconducting material' —> The engineer carefully soldered the silicon semiconductor onto the circuit board to complete the electronic device.","YES","04/05/2026, 19:18:14"
"ann1","1777471135060r33fbk4uafb","(zero-shot) 'come_on' (VERB_wn:00348103v) 'occur or become available' —> The new season of the show comes on this Friday.","YES","04/05/2026, 19:18:19"
"ann1","1777471135060wmqxxo1zp9l","(zero-shot) 'yield' (VERB_wn:02316649v) 'give over; surrender or relinquish to the physical control of another' —> The defeated general was forced to yield the fortress to the advancing enemy troops.","YES","04/05/2026, 19:18:25"
"ann1","1777471135060nukbar1ev1p","(zero-shot) 'ordinary' (NOUN_wn:03853734n) '(heraldry) any of several conventional figures used on shields' —> The coat of arms displayed a unique arrangement of ordinary figures rather than the more common charges.","YES","04/05/2026, 19:18:35"
"ann1","1777471135060xbzgwb1fgh","(zero-shot) 'tie' (NOUN_wn:04433377n) 'a horizontal beam used to prevent two other structural members from spreading apart or separating' —> The masons installed a stone tie across the arch to keep the sides from pushing outward.","YES","04/05/2026, 19:18:45"
"ann1","1777471135060utnocl21i1","(zero-shot) 'work_out' (VERB_wn:00251463v) 'work out in detail' —> We need to work out the specific details of the contract before signing.","YES","04/05/2026, 19:19:08"
"ann1","177747113506047m187i9btu","(zero-shot) 'chain' (NOUN_wn:08057816n) '(business) a number of similar establishments (stores or restaurants or banks or hotels or theaters) under one ownership' —> The company expanded its retail chain by opening three new locations in the southern region.","YES","04/05/2026, 19:19:19"
"ann1","1777471135060bg0e178rf","(zero-shot) 'hearty' (ADJ_wn:01171746a) 'endowed with or exhibiting great bodily or mental health' —> The elderly hiker climbed the mountain with hearty vigor.","YES","04/05/2026, 19:19:27"
"ann1","1777471135060wafc38qkynk","(zero-shot) 'bass' (NOUN_wn:06872354n) 'the lowest adult male singing voice' —> The opera's deep bass provided a rich foundation for the ensemble's performance.","YES","04/05/2026, 19:19:32"
"ann1","1777471135060fd2y4ir9g3d","(zero-shot) 'tremor' (NOUN_wn:07429484n) 'a small earthquake' —> The residents felt a slight tremor beneath their feet during the dinner party.","YES","04/05/2026, 19:19:36"
"ann1","1777471135060sde2jpjbde","(zero-shot) 'advocate' (VERB_wn:00875141v) 'push for something' —> Many experts advocate for stricter environmental regulations to combat climate change.","YES","04/05/2026, 19:19:45"
"ann1","1777471135060m9zl52b15t","(zero-shot) 'melon' (NOUN_wn:07755411n) 'any of numerous fruits of the gourd family having a hard rind and sweet juicy flesh' —> She sliced a watermelon for the summer picnic.","YES","04/05/2026, 19:19:58"
"ann1","1777471135060wh5z1iz1tcq","(zero-shot) 'transport' (NOUN_wn:01105259n) 'the commercial enterprise of moving goods and materials' —> The global supply chain relies heavily on efficient transport to deliver raw materials to manufacturing hubs.","YES","04/05/2026, 19:20:05"
"ann1","1777471135060ipgt33pv9q","(zero-shot) 'minority' (NOUN_wn:05122850n) 'being or relating to the smaller in number of two parts' —> The vote was decided by a narrow margin, with the minority holding only forty percent of the total ballots.","YES","04/05/2026, 19:20:35"
"ann1","1777471135060k12dez7irsm","(zero-shot) 'lateral' (ADJ_wn:02441469a) 'situated at or extending to the side; ; - Tennyson' —> The surgeon carefully incised the lateral tissue to avoid damaging the central nerve cluster.","YES","04/05/2026, 19:20:41"
"ann1","1777471135060sqethbljqj","(zero-shot) 'aesthetic' (ADJ_wn:00069531a) 'concerning or characterized by an appreciation of beauty or good taste' —> The gallery curator possessed a keen aesthetic sense that allowed her to curate exhibitions with striking visual harmony.","YES","04/05/2026, 19:20:45"
"ann1","177747113506057l0n54q3wf","(zero-shot) 'realism' (NOUN_wn:05974564n) '(philosophy) the philosophical doctrine that abstract concepts exist independent of their names' —> The medieval debate between nominalism and realism centered on whether universals have an objective existence.","YES","04/05/2026, 19:20:53"
"ann1","1777471135060qcnk5m9q4r","(zero-shot) 'laterally' (ADV_wn:00386587r) 'in a lateral direction or location' —> The tumor extended laterally into the surrounding tissue.","YES","04/05/2026, 19:20:57"
"ann1","1777471135060edi26mtm8xw","(zero-shot) 'dimension' (NOUN_wn:05091194n) 'magnitude or extent' —> The third dimension of the hologram created a stunning illusion of depth.","NO","04/05/2026, 19:21:18"
"ann1","1777471135060x12gy184jx","(zero-shot) 'appeal' (NOUN_wn:07186828n) 'earnest or urgent request' —> The committee made a desperate appeal for volunteers to help rebuild the neighborhood after the storm.","YES","04/05/2026, 19:21:24"
"ann1","1777471135060m2ln4uzcf8d","(zero-shot) 'urinary' (ADJ_wn:03008345a) 'of or relating to the urinary system of the body' —> The patient visited the specialist for a thorough evaluation of their urinary tract.","YES","04/05/2026, 19:21:30"
"ann1","1777471135060xm4ptwjyqyr","(zero-shot) 'light' (VERB_wn:01978700v) 'to come to rest, settle' —> The dust motes began to light on the windowsill.","YES","04/05/2026, 19:21:54"
"ann1","1777471135060tz4smnbbv5","(zero-shot) 'wheel' (VERB_wn:02046075v) 'change directions as if revolving on a pivot' —> The crane operator decided to wheel the boom toward the north face of the cliff.","YES","04/05/2026, 19:22:05"
"ann1","1777471135060x5rzhb44u4","(zero-shot) 'digit' (NOUN_wn:05566097n) 'a finger or toe in human beings or corresponding body part in other vertebrates' —> The baby's tiny foot has five distinct digits.","YES","04/05/2026, 19:22:14"
"ann1","1777471135060vrcy53rfvb","(zero-shot) 'rise' (VERB_wn:00432436v) 'become more extreme' —> Tensions continued to rise during the heated negotiation.","YES","04/05/2026, 19:22:18"
"ann1","1777471135060yw0xdbo036","(zero-shot) 'peak' (NOUN_wn:13653902n) 'the most extreme possible amount or value' —> The company experienced its peak sales during the holiday season.","YES","04/05/2026, 19:22:26"
"ann1","1777471135060qnj11vg99y","(zero-shot) 'split' (NOUN_wn:04282664n) '(tenpin bowling) a divided formation of pins left standing after the first bowl' —> Even though he left a split, he managed to pick up the spare with a precise shot.","YES","04/05/2026, 19:22:40"
"ann1","1777471135060zo1fz29chbk","(zero-shot) 'result' (NOUN_wn:06333285n) 'the semantic role of the noun phrase whose referent exists only by virtue of the activity denoted by the verb in the clause' —> The collective joy of the crowd was the direct result of the team's victory.","NO","04/05/2026, 19:22:52"
"ann1","1777471135060bzeiruil12w","(zero-shot) 'corresponding' (ADJ_wn:01974451a) 'accompanying' —> The blueprint included a map showing the corresponding terrain features.","NO","04/05/2026, 19:23:22"
"ann1","17774711350600k2zw1uyw4rq","(zero-shot) 'prevail' (VERB_wn:00777793v) 'use persuasion successfully' —> She managed to prevail upon her hesitant colleagues to adopt the new strategy.","YES","04/05/2026, 19:23:34"
"ann1","1777471135060sx1wpfgb38f","(zero-shot) 'channel' (NOUN_wn:13893786n) 'a long narrow furrow cut either by a natural process (such as erosion) or by a tool (as e.g. a groove in a phonograph record)' —> The stylus vibrated within the tiny channel of the vinyl record.","YES","04/05/2026, 19:23:48"
"ann1","17774711350608fwharzi0h4","(zero-shot) 'suffering' (NOUN_wn:14448910n) 'misery resulting from affliction' —> The refugees sought sanctuary from the suffering caused by the relentless conflict.","YES","04/05/2026, 19:24:01"
"ann1","17774711350604ueq3au2fsm","(zero-shot) 'rack' (VERB_wn:01798678v) 'stretch to the limits' —> She would rack her brain to remember the name of the actor from that obscure film.","YES","04/05/2026, 19:24:10"
"ann1","1777471135060evib1o5qlkj","(zero-shot) 'unskilled' (ADJ_wn:01870636a) 'lacking professional skill or expertise' —> The contractor hired unskilled laborers to clear the debris from the construction site.","YES","04/05/2026, 19:24:15"
"ann1","17774711350606a9zbnumyat","(zero-shot) 'fortunate' (ADJ_wn:00670938a) 'supremely favored' —> The fortunate winner found himself supremely favored by the unexpected inheritance.","YES","04/05/2026, 19:24:18"
"ann1","17774711350605etcu74c4g5","(zero-shot) 'unused' (ADJ_wn:00418198a) 'not yet used or soiled' —> She kept a stash of unused stamps in her desk drawer for future correspondence.","YES","04/05/2026, 19:24:33"
"ann1","1777471135060bf7yk8crkvn","(zero-shot) 'protest' (NOUN_wn:01177033n) 'the act of protesting; a public (often organized) manifestation of dissent' —> The crowd gathered peacefully in the town square to hold a protest against the new legislation.","YES","04/05/2026, 19:24:52"
"ann1","1777471135060hl2bxd02b6j","(zero-shot) 'trouble' (VERB_wn:02507736v) 'to cause inconvenience or discomfort to' —> The noisy construction work is troubling the residents of the apartment building.","YES","04/05/2026, 19:25:13"
"ann1","1777471135060el3sianj69u","(zero-shot) 'tapestry' (NOUN_wn:04767023n) 'something that resembles a tapestry in its complex pictorial designs' —> The night sky was a magnificent tapestry of stars and nebulae.","YES","04/05/2026, 19:25:22"
"ann1","17774711350609plf2zyzdnd","(zero-shot) 'breadth' (NOUN_wn:05136150n) 'the extent of something from side to side' —> The breadth of the river made it impossible for the swimmers to reach the other side quickly.","YES","04/05/2026, 19:25:36"
"ann1","1777471135060dyt0vgn5bkc","(zero-shot) 'alcohol' (NOUN_wn:14708720n) 'any of a series of volatile hydroxyl compounds that are made from hydrocarbons by distillation' —> The chemist explained that methanol and ethanol are common examples of alcohol.","YES","04/05/2026, 19:25:41"
"ann1","177747113506028ytn0t1otd","(zero-shot) 'settlement' (NOUN_wn:07177924n) 'a conclusive resolution of a matter and disposition of it' —> The legal dispute reached a final settlement after years of litigation.","YES","04/05/2026, 19:25:46"
"ann1","1777471135060uyq77tewzaq","(zero-shot) 'promptly' (ADV_wn:00105603r) 'with little or no delay' —> The server responded promptly to the incoming request.","YES","04/05/2026, 19:25:50"
"ann1","1777471135060emndl8pyf4k","(zero-shot) 'hades' (NOUN_wn:05629381n) '(religion) the world of the dead; -Theognis' —> The poet Theognis warned that the unjust would suffer greatly in Hades.","YES","04/05/2026, 19:25:58"
"ann1","1777471135060zb2kjbm0aka","(zero-shot) 'go_down' (VERB_wn:01970826v) 'move downward and lower, but not necessarily all the way' —> The sun began to go down behind the distant mountains.","YES","04/05/2026, 19:26:05"
"ann1","17774711350607cuvmaqb2xf","(zero-shot) 'gem' (NOUN_wn:10221656n) 'a person who is as brilliant and precious as a piece of jewelry' —> My daughter is a real gem.","YES","04/05/2026, 19:26:54"
"ann1","1777471135060kk70gvs2q38","(zero-shot) 'solid' (ADJ_wn:02263680a) 'entirely of one substance with no holes inside' —> The sculptor carved a solid block of marble to ensure the statue had no internal voids.","YES","04/05/2026, 19:27:00"
"ann1","1777471135060mefk1bh9xmj","(zero-shot) 'round' (NOUN_wn:03032811n) 'any circular or rotating mechanism' —> The machine operator carefully aligned the rotating round to ensure precise gear engagement.","YES","04/05/2026, 19:27:06"
"ann1","1777471135060c0njx08wy9k","(zero-shot) 'sentiment' (NOUN_wn:07481951n) 'tender, romantic, or nostalgic feeling or emotion' —> The old photograph evoked a deep sense of sentiment for her childhood summers by the lake.","YES","04/05/2026, 19:27:15"
"ann1","1777471135060za7wgv3gbu","(zero-shot) 'fair' (NOUN_wn:00519333n) 'a traveling show; having sideshows and rides and games of skill etc.' —> The children eagerly awaited the annual county fair, hoping to win prizes at the ring-toss games.","YES","04/05/2026, 19:27:24"
"ann1","1777471135060a6r2r0r9r9n","(zero-shot) 'lead' (NOUN_wn:05157143n) 'an advantage held by a competitor in a race' —> The runner built a significant lead over her rivals in the final lap.","YES","04/05/2026, 19:27:31"
"ann1","1777471135060klat3688gb9","(zero-shot) 'climax' (NOUN_wn:07417043n) 'the highest point of anything conceived of as growing or developing or unfolding' —> The film builds tension for hours before reaching its dramatic climax.","YES","04/05/2026, 19:27:36"
"ann1","1777471135060hzul73xu5dl","(zero-shot) 'accomplish' (VERB_wn:01640855v) 'put in effect' —> The government worked tirelessly to accomplish the new legislative reforms.","YES","04/05/2026, 19:27:41"
"ann1","1777471135060eoq2jzjh01a","(zero-shot) 'prevail' (VERB_wn:02644234v) 'be larger in number, quantity, power, status or importance' —> Democracy eventually prevailed in the nation's political landscape.","YES","04/05/2026, 19:27:52"
"ann1","1777471135060cscm7e8j0l7","(zero-shot) 'regard' (VERB_wn:02677097v) 'connect closely and often incriminatingly' —> Investigators began to regard the shattered window with the muddy footprints found directly behind it.","NO","04/05/2026, 19:29:18"
"ann1","1777471135060c7b7fk3ylce","(zero-shot) 'manage' (VERB_wn:02436349v) 'be in charge of, act on, or dispose of' —> She will manage the funds according to the donor's wishes.","YES","04/05/2026, 19:29:26"
"ann1","1777471135060qnp3yt3tge","(zero-shot) 'operational' (ADJ_wn:03014288a) 'pertaining to a process or series of actions for achieving a result' —> The team reviewed the operational guidelines to ensure the new software deployment would proceed smoothly.","YES","04/05/2026, 19:29:50"
"ann1","1777471135060g2qjqo65a4b","(zero-shot) 'radius' (NOUN_wn:08628578n) 'a circular region whose area is indicated by the length of its radius' —> The campsite was located within a radius of two miles from the main trail.","YES","04/05/2026, 19:30:00"
"ann1","17774711350604xe9e29ofe","(zero-shot) 'reversible' (ADJ_wn:01760488a) 'capable of being reversed' —> The jacket features a reversible design, allowing you to wear it in two different colors.","YES","04/05/2026, 19:30:10"
"ann1","1777471135060o651p8zzy5","(zero-shot) 'hours' (NOUN_wn:15117516n) 'an indefinite period of time' —> She waited for hours in the cold rain.","YES","04/05/2026, 19:30:13"
"ann1","1777471135060vexlkhqruqd","(zero-shot) 'keep_up' (VERB_wn:00020449v) 'prevent from going to bed at night' —> The loud party next door kept us up until dawn.","YES","04/05/2026, 19:30:19"
"ann1","1777471135060y8xtrtmfoyp","(zero-shot) 'by-product' (NOUN_wn:02930492n) 'a product made during the manufacture of something else' —> The soft wax used to polish shoes is a by-product of the soap-making process.","YES","04/05/2026, 19:30:29"
"ann1","1777471135060wn388vc6ozo","(zero-shot) 'horseradish' (NOUN_wn:07824383n) 'grated horseradish root' —> She added a sharp kick to the aioli by mixing in freshly grated horseradish.","YES","04/05/2026, 19:30:39"
"ann1","1777471135060u1rk7zgfvv","(zero-shot) 'stick' (VERB_wn:01614426v) 'fasten with or as with pins or nails' —> She used small nails to stick the notice to the board.","YES","04/05/2026, 19:30:56"
"ann1","1777471135060sbwoe646jaf","(zero-shot) 'stuffing' (NOUN_wn:04345458n) 'padding put in mattresses and cushions and upholstered furniture' —> The old sofa needed new stuffing to restore its comfort.","YES","04/05/2026, 19:31:15"
"ann1","17774711350604mqccqh7owj","(zero-shot) 'gnaw' (VERB_wn:01445597v) 'bite or chew on with the teeth' —> The beaver continued to gnaw through the thick wooden branch.","YES","04/05/2026, 19:31:18"
"ann1","1777471135060oxtcjlz9m6o","(zero-shot) 'composition' (NOUN_wn:00929718n) 'the act of creating written works' —> Her dedication to the composition of the novel kept her working late into the night.","YES","04/05/2026, 19:31:22"
"ann1","177747113506026wk8hl2tqc","(zero-shot) 'engraving' (NOUN_wn:00938791n) 'making engraved or etched plates and printing designs from them' —> The artist spent decades mastering the intricate craft of engraving to produce highly detailed prints.","YES","04/05/2026, 19:31:31"
"ann1","17774711350603ak86mozuhx","(zero-shot) 'shorten' (VERB_wn:00201034v) 'edit by omitting or modifying parts considered indelicate' —> The editor decided to shorten the controversial interview by removing the most offensive remarks.","YES","04/05/2026, 19:31:51"
"ann1","17774711350608uba8amzyro","(zero-shot) 'heath' (NOUN_wn:12226932n) 'a low evergreen shrub of the family Ericaceae; has small bell-shaped pink or purple flowers' —> The garden path was bordered by a dense row of fragrant heath, its tiny pink blossoms contrasting beautifully with the dark green foliage.","YES","04/05/2026, 19:32:09"
"ann1","17774711350606fbfio0kawn","(zero-shot) 'inspiration' (NOUN_wn:00836788n) 'the act of inhaling; the drawing in of air (or other gases) as in breathing' —> The therapist instructed the patient to monitor their rate of inspiration during the breathing exercise.","YES","04/05/2026, 19:32:20"
"ann1","17774711350603kv7xw4bzxa","(zero-shot) 'disperse' (VERB_wn:02030424v) 'to cause to separate and go in different directions' —> The sudden arrival of law enforcement caused the protestors to disperse.","YES","04/05/2026, 19:32:25"
"ann1","1777471135060dvxp9jyr14g","(zero-shot) 'thread' (VERB_wn:01359432v) 'thread on or as if on a string' —> The cook carefully threaded the vegetables onto the wooden skewer.","YES","04/05/2026, 19:33:09"
"ann1","1777471135060ka59ijxg3eq","(zero-shot) 'accessible' (ADJ_wn:00134251a) 'easy to get along with or talk to; friendly' —> Her warm smile made the new intern feel immediately welcome and accessible.","YES","04/05/2026, 19:33:17"
"ann1","1777471135060wh8zjywv1t","(zero-shot) 'mantle' (NOUN_wn:11155196n) 'United States baseball player (1931-1997)' —> Joe Mantle was a skilled shortstop who played his entire Major League Baseball career for the Kansas City Athletics.","YES","04/05/2026, 19:33:25"
"ann1","1777471135060xny99fvc3u9","(zero-shot) 'charge' (VERB_wn:00843468v) 'blame for, make a claim of wrongdoing or misbehavior against' —> The prosecutor decided to charge the suspect with burglary after finding his fingerprints at the scene.","YES","04/05/2026, 19:33:35"
"ann1","1777471135060uzkzj5xl2k9","(zero-shot) 'reality' (NOUN_wn:13955461n) 'the state of being actual or real' —> He struggled to distinguish the vivid dream from the harsh reality.","YES","04/05/2026, 19:33:40"
"ann1","1777471135060pqoi3ikalq8","(zero-shot) 'presentation' (NOUN_wn:01048697n) 'the activity of formally presenting something (as a prize or reward)' —> The presentation of the trophy was delayed until the halftime show concluded.","YES","04/05/2026, 19:33:51"
"ann1","1777471135060v76arxub5ws","(zero-shot) 'irritating' (ADJ_wn:00089550a) 'causing irritation or annoyance' —> The high-pitched buzzing of the fly was incredibly irritating.","YES","04/05/2026, 19:33:56"
"ann1","1777471135060eu2xc3urr09","(zero-shot) 'proximity' (NOUN_wn:06250771n) 'a Gestalt principle of organization holding that (other things being equal) objects or events that are near to one another (in space or time) are perceived as belonging together as a unit' —> The designer arranged the menu items with careful attention to proximity, ensuring that related options were visually grouped to aid user navigation.","YES","04/05/2026, 19:34:03"
"ann1","1777471135060s31joorm3w","(zero-shot) 'tangle' (NOUN_wn:05685879n) 'something jumbled or confused' —> She struggled to make sense of the tangle of conflicting instructions.","YES","04/05/2026, 19:34:17"
"ann1","177747113506073m0yunum26","(zero-shot) 'motor' (ADJ_wn:00324481a) 'causing or able to cause motion' —> The powerful engine provided the motor force that propelled the heavy vehicle up the steep hill.","YES","04/05/2026, 19:34:43"
"ann1","1777471135060dosh3u0o1oj","(zero-shot) 'distill' (VERB_wn:00229026v) 'undergo the process of distillation' —> The crude oil distills in the refinery tower to separate its various components.","YES","04/05/2026, 19:34:48"
"ann1","1777471135060hhvcqhn6yku","(zero-shot) 'crowd' (VERB_wn:02054864v) 'approach a certain age or speed' —> The old sedan began to crowd eighty miles per hour as we hit the straightaway.","YES","04/05/2026, 19:34:54"
"ann1","17774711350600ybndy961nra","(zero-shot) 'applaud' (VERB_wn:00861929v) 'clap one's hands or shout after performances to indicate approval' —> The audience began to applaud as the curtains slowly closed.","YES","04/05/2026, 19:35:00"
"ann1","1777471135060lw7dwicjtt","(zero-shot) 'fit' (VERB_wn:00300537v) 'make fit' —> The tailor will fit the suit to your measurements.","YES","04/05/2026, 19:35:07"
"ann1","1777471135060h5jdpf6dpe8","(zero-shot) 'order' (NOUN_wn:13950812n) '(usually plural) the status or rank or office of a Christian clergyman in an ecclesiastical hierarchy' —> The bishop celebrated the liturgy with priests and deacons, who together represent the various orders of the clergy.","YES","04/05/2026, 19:35:21"
"ann1","177747113506008tqg86dxoio","(zero-shot) 'lawful' (ADJ_wn:01401224a) 'authorized, sanctioned by, or in accordance with law' —> The prosecutor insisted that the surveillance operations were entirely lawful under the new privacy regulations.","YES","04/05/2026, 21:21:42"
"ann1","1777471135060z2af1f2oyy","(zero-shot) 'take' (VERB_wn:02201138v) 'to get into a position of having, e.g., safety, comfort' —> The weary hikers decided to take refuge in the sturdy cabin.","YES","04/05/2026, 21:21:48"
"ann1","1777471135060vm3b7osstvk","(zero-shot) 'hold' (NOUN_wn:05197232n) 'power by which something or someone is affected or dominated' —> The propaganda campaign gave the regime a tight hold on the public's imagination.","YES","04/05/2026, 22:03:26"
"ann1","1777471135060sql0ngdykl","(zero-shot) 'self-conscious' (ADJ_wn:00480965a) 'excessively and uncomfortably conscious of your appearance or behavior' —> She felt too self-conscious to dance at the party.","YES","04/05/2026, 22:16:52"
"ann1","17774711350603t5qjw6p48v","(zero-shot) 'depression' (NOUN_wn:00112674n) 'pushing down' —> The sudden depression of the piston created a vacuum inside the cylinder.","YES","04/05/2026, 22:16:59"
"ann1","1777471135060i8d9viyrvob","(zero-shot) 'observe' (VERB_wn:02457233v) 'show respect towards' —> The congregation silently observed the sacred traditions.","YES","04/05/2026, 22:17:04"
"ann1","17774711350601mnct4ka80nj","(zero-shot) 'poison' (VERB_wn:00532429v) 'add poison to' —> The villain decided to poison the king's wine.","YES","04/05/2026, 22:17:07"
"ann1","1777471135060ilb4quzg1pp","(zero-shot) 'shock' (NOUN_wn:07298982n) 'an unpleasant or disappointing surprise' —> The team was in shock after their beloved coach resigned unexpectedly.","YES","04/05/2026, 22:17:15"
"ann1","1777471135060xv0crkwkmre","(zero-shot) 'aside' (ADV_wn:00233687r) 'in reserve; not for immediate use' —> He kept a small amount of money aside for emergencies.","YES","04/05/2026, 22:17:20"
"ann1","1777471135060qp654ogfmqd","(zero-shot) 'cut_off' (VERB_wn:01299268v) 'remove by or as if by cutting' —> The gardener carefully cut off the dead branches from the rose bush.","YES","04/05/2026, 22:17:24"
"ann1","1777471135060ncr02tzz5j","(zero-shot) 'pass' (VERB_wn:02523953v) 'accept or judge as acceptable' —> The committee decided to pass the proposal after reviewing the final budget.","YES","04/05/2026, 22:17:31"
"ann1","1777471135060jkk5atk619p","(zero-shot) 'identify' (VERB_wn:00691944v) 'consider (oneself) as similar to somebody else' —> She tended to identify with the protagonist because they shared a similar struggle for independence.","YES","04/05/2026, 22:17:38"
"ann1","1777471135060hm4n7utdptl","(zero-shot) 'tragic' (ADJ_wn:02973241a) 'of or relating to or characteristic of tragedy' —> The tragic loss of his childhood home left an indelible mark on his psyche.","YES","04/05/2026, 22:17:56"
"ann1","1777471135060iocg3kkj7jh","(zero-shot) 'adoption' (NOUN_wn:00084371n) 'the appropriation (of ideas or words etc) from another source' —> The poet's vocabulary showed a clear adoption of archaic terms from regional folklore.","YES","04/05/2026, 23:00:48"
"ann1","1777471135060gxvr713kno9","(zero-shot) 'bore' (VERB_wn:02302220v) 'have rightfully; of rights, titles, and offices' —> She does not bore the title of CEO by virtue of her family name, but through her own hard work and leadership.","YES","04/05/2026, 23:00:57"
"ann1","17774711350609707s20axq","(zero-shot) 'bound' (NOUN_wn:05124057n) 'the greatest possible degree of something' —> The artist pushed her creativity to the absolute bound.","YES","04/05/2026, 23:01:02"
"ann1","1777471135060yvogap42won","(zero-shot) 'twist' (NOUN_wn:00534631n) 'social dancing in which couples vigorously twist their hips and arms in time to the music; was popular in the 1960s' —> The band played an upbeat tune that got everyone on the floor to do the twist.","YES","04/05/2026, 23:01:16"
"ann1","1777471135060nntqc4ildbc","(zero-shot) 'bloom' (NOUN_wn:11669335n) 'reproductive organ of angiosperm plants especially one having showy or colorful parts' —> The delicate bloom of the rose added a splash of vibrant color to the garden.","NO","04/05/2026, 23:01:30"
"ann1","1777471135060rwokqrudh5","(zero-shot) 'sordid' (ADJ_wn:00031384a) 'meanly avaricious and mercenary' —> The sordid landlady counted every copper penny with a greedy gleam in her eye.","YES","04/05/2026, 23:01:41"
"ann1","17774711350608lbdcok5ikc","(zero-shot) 'striker' (NOUN_wn:10663745n) 'an employee on strike against an employer' —> The picket line was led by a determined striker holding a handmade sign.","YES","04/05/2026, 23:01:52"
"ann1","1777471135060vodhmkbqt7h","(zero-shot) 'evidence' (NOUN_wn:05823932n) 'your basis for belief or disbelief; knowledge on which to base belief' —> The detective carefully gathered physical evidence to support his theory about the crime.","YES","04/05/2026, 23:02:04"
"ann1","17774711350600su5izem1q4","(zero-shot) 'fit' (VERB_wn:02667900v) 'satisfy a condition or restriction' —> The proposed budget does not fit within the strict financial limitations set by the board.","YES","04/05/2026, 23:02:09"
"ann1","17774711350604ctcm6t27w3","(zero-shot) 'refined' (ADJ_wn:01142069a) 'suggesting taste, ease, and wealth' —> The guest in the tuxedo moved through the marble foyer with a refined grace that silenced the crowded room.","YES","04/05/2026, 23:02:19"
"ann1","17774711350606jbgp9sxl9a","(zero-shot) 'core' (NOUN_wn:08242223n) 'a small group of indispensable persons or things' —> The core of the team remained loyal even after the restructuring.","YES","04/05/2026, 23:02:26"
"ann1","17774711350607cu432xjevx","(zero-shot) 'notable' (ADJ_wn:02586957a) 'worthy of notice' —> The scientist made a notable discovery that changed our understanding of genetics.","YES","04/05/2026, 23:02:30"
"ann1","17774711350602dxhynpixmh","(zero-shot) 'opposite' (ADJ_wn:02067913a) 'altogether different in nature or quality or significance; ; - Charles Reade' —> The two candidates held opposite views on the proposed tax reform.","YES","04/05/2026, 23:02:39"
"ann1","17774711350606np3u1glljb","(zero-shot) 'sturdy' (ADJ_wn:01025913a) 'not making concessions' —> She remained sturdy in her commitment to the original budget despite mounting pressure to increase spending.","YES","04/05/2026, 23:02:48"
"ann1","1777471135060amvri7f9xc5","(zero-shot) 'alliance' (NOUN_wn:14418822n) 'the state of being allied or confederated' —> The strategic alliance between the two corporations strengthened their position in the global market.","YES","04/05/2026, 23:02:53"
"ann1","1777471135060963y5owxngn","(zero-shot) 'pass' (VERB_wn:00803325v) 'grant authorization or clearance for' —> The committee voted to pass the new security protocols.","YES","04/05/2026, 23:02:57"
"ann1","1777471135060yuyeem53pmg","(zero-shot) 'accomplish' (VERB_wn:02526085v) 'to gain with effort' —> It took years of diligent practice for her to finally accomplish her goal of playing the sonata flawlessly.","YES","04/05/2026, 23:03:04"
"ann1","1777471135060k1o0g6xuxp","(zero-shot) 'take' (VERB_wn:01930482v) 'proceed along in a vehicle' —> We decided to take the scenic route along the coast.","YES","04/05/2026, 23:03:11"
"ann1","17774711350609r34a12s8g","(zero-shot) 'sacred' (ADJ_wn:02055062a) 'concerned with religion or religious purposes' —> The monks entered the sacred temple to begin their morning prayers.","YES","04/05/2026, 23:03:18"
"ann1","17774711350602b6dndl8ii1","(zero-shot) 'decay' (NOUN_wn:11444643n) 'the organic phenomenon of rotting' —> The sweet smell of decay rose from the pile of fallen leaves in the autumn garden.","YES","04/05/2026, 23:03:24"
"ann1","1777471135060udyrhu78ess","(zero-shot) 'extend' (VERB_wn:02054989v) 'extend or stretch out to a greater or the full length' —> The vine will extend across the garden wall.","YES","04/05/2026, 23:03:40"
"ann1","177747113506041z3e9uduq8","(zero-shot) 'provoke' (VERB_wn:01789514v) 'annoy continually or chronically' —> Her constant complaining seemed to provoke his irritation.","YES","04/05/2026, 23:04:01"
"ann1","1777471135060z1l6wy6c1h","(zero-shot) 'boss' (NOUN_wn:10403162n) 'a leader in a political party who controls votes and dictates appointments' —> The political boss didled the nominations to ensure his allies secured the most influential seats in the legislature.","YES","04/05/2026, 23:04:18"
"ann1","17774711350606w2bclg8i1p","(zero-shot) 'bark' (VERB_wn:00511763v) 'tan (a skin) with bark tannins' —> The artisan used oak bark to bark the raw leather hides.","YES","04/05/2026, 23:04:39"
"ann1","1777471135060xu67sm0edle","(zero-shot) 'attack' (VERB_wn:01118449v) 'take the initiative and go on the offensive' —> The cavalry decided to attack at dawn.","YES","04/05/2026, 23:04:47"
"ann1","1777471135060homp8e15qpa","(zero-shot) 'extension' (NOUN_wn:05922949n) 'the most direct or specific meaning of a word or expression; the class of objects that an expression refers to' —> Logicians distinguish between the intension of a term, which includes its defining properties, and its extension, which consists of the actual entities in the universe that the term designates.","YES","04/05/2026, 23:05:09"
"ann1","1777471135060jb4t3kwa0nh","(zero-shot) 'diffuse' (VERB_wn:00968211v) 'cause to become widely known' —> The tabloid reporters worked tirelessly to diffuse the scandal across every major news outlet.","YES","04/05/2026, 23:06:04"
"ann1","177747113506097jqsdsg9qu","(zero-shot) 'lightness' (NOUN_wn:05028700n) 'the property of being comparatively small in weight' —> The architectural design relied on the structural lightness of the new composite materials to achieve its soaring height.","YES","04/05/2026, 23:06:09"
"ann1","1777471135060820k849n6q","(zero-shot) 'alternating' (ADJ_wn:00675928a) 'occurring by turns; first one and then the other' —> The lighthouse emitted alternating beams of red and white light to warn approaching ships.","YES","04/05/2026, 23:06:17"
"ann1","17774711350608kjamxx8gw4","(zero-shot) 'empty' (VERB_wn:01488313v) 'remove' —> She decided to empty the garbage bin.","YES","04/05/2026, 23:06:20"
"ann1","17774711350601on5u5ibapm","(zero-shot) 'stick' (VERB_wn:01356750v) 'stick to firmly' —> The tape stuck firmly to the wall.","YES","04/05/2026, 23:06:23"
"ann1","1777471135060zxxr4mpe3n","(zero-shot) 'cripple' (VERB_wn:00091647v) 'deprive of the use of a limb, especially a leg' —> The accident did not kill him, but it did cripple his left leg, leaving him unable to walk without assistance.","YES","04/05/2026, 23:06:27"
"ann1","17774711350603bmy8zbjy7k","(zero-shot) 'take_up' (VERB_wn:00602112v) 'adopt' —> She decided to take up yoga to improve her flexibility.","YES","04/05/2026, 23:06:36"
"ann1","1777471135060i3oy2te0ugg","(zero-shot) 'disbelief' (NOUN_wn:05979909n) 'a rejection of belief' —> His staunch disbelief in the theory prevented him from accepting the scientific evidence.","YES","04/05/2026, 23:20:58"
"ann1","17774711350600w3uep00wd2","(zero-shot) 'rare' (ADJ_wn:00488561a) 'not widely known; especially valued for its uncommonness' —> The antique dealer discovered a rare manuscript that had been lost to history for centuries.","YES","04/05/2026, 23:21:04"
"ann1","1777471135060h50xpiwu35","(zero-shot) 'break_away' (VERB_wn:02075049v) 'flee; take to one's heels; cut and run' —> The startled deer broke away from the group and dashed into the dense thicket.","YES","04/05/2026, 23:21:09"
"ann1","1777471135060dyqwaijmjio","(zero-shot) 'magician' (NOUN_wn:10280674n) 'someone who performs magic tricks to amuse an audience' —> The children gasped in wonder as the magician pulled a rabbit out of his hat.","YES","04/05/2026, 23:21:12"
"ann1","1777471135060hu03d5zm6ng","(zero-shot) 'identity' (NOUN_wn:13786748n) 'an operator that leaves unchanged the element on which it operates' —> The identity matrix serves as the multiplicative identity for square matrices of the same dimension.","YES","04/05/2026, 23:21:23"
"ann1","1777471135060vz9xp2laoo7","(zero-shot) 'conduct' (NOUN_wn:04897762n) '(behavioral attributes) the way a person behaves toward other people' —> Her professional conduct during the merger negotiations was exemplary.","YES","04/05/2026, 23:21:27"
"ann1","1777471135060gpe8vzdhb84","(zero-shot) 'stop' (NOUN_wn:08656893n) 'a spot where something halts or pauses' —> The train came to a stop at the station.","YES","04/05/2026, 23:21:31"
"ann1","1777471135060crss4t79kmq","(zero-shot) 'advise' (VERB_wn:00875394v) 'make a proposal, declare a plan for something' —> The committee decided to advise a strategic merger with the rival firm.","YES","04/05/2026, 23:21:55"
"ann1","1777471135060i9drn7a1tea","(zero-shot) 'club' (NOUN_wn:08079613n) 'a team of professional baseball players who play and travel together' —> The local baseball club traveled to Chicago for their weekend series against the Cubs.","YES","04/05/2026, 23:22:01"
"ann1","1777471135060uulzgxawpi","(zero-shot) 'gem' (NOUN_wn:03432972n) 'art highly prized for its beauty or perfection' —> The meticulously crafted tapestry was considered a true gem of medieval artistry.","YES","04/05/2026, 23:22:06"
"ann1","1777471135060yylbniw89te","(zero-shot) 'hereditary' (ADJ_wn:01314537a) 'occurring among members of a family usually by heredity' —> The doctor confirmed that the rare blood disorder was hereditary.","YES","04/05/2026, 23:22:11"
"ann1","1777471135060limge4ofdq","(zero-shot) 'ridge' (NOUN_wn:13902048n) 'any long raised strip' —> The dog chased its tail along the ridge of the roof.","YES","04/05/2026, 23:22:19"
"ann1","1777471135060s6vlky2pdn","(zero-shot) 'legitimate' (ADJ_wn:02499301a) 'based on known statements or events or conditions' —> The detective concluded that the suspect's alibi was legitimate because multiple video recordings placed him at the office during the time of the crime.","YES","04/05/2026, 23:22:28"
"ann1","1777471135060i56oldc1if","(zero-shot) 'intimately' (ADV_wn:00160659r) 'in a close manner' —> She knew the local folklore intimately.","YES","04/05/2026, 23:22:32"
"ann1","1777471135060m1x04356vzi","(zero-shot) 'ignorant' (ADJ_wn:00830981a) 'uneducated in the fundamentals of a given art or branch of learning; lacking knowledge of a specific field' —> He was completely ignorant of the intricacies of quantum physics despite his background in classical mechanics.","YES","04/05/2026, 23:22:38"
"ann1","1777471135060vm1nd8n3ajd","(zero-shot) 'diffuse' (VERB_wn:02060141v) 'move outward' —> The aroma of fresh coffee began to diffuse through the quiet morning air.","YES","04/05/2026, 23:22:42"
"ann1","1777471135060f9m1lp15b8t","(zero-shot) 'weird' (ADJ_wn:01575424a) 'suggesting the operation of supernatural influences; ; ; - John Galsworthy; ; - Henry Kingsley' —> The old mansion had a weird atmosphere that made everyone feel uneasy.","YES","04/05/2026, 23:22:49"
"ann1","1777471135060clrx947e8rg","(zero-shot) 'swing' (NOUN_wn:07066042n) 'a style of jazz played by big bands popular in the 1930s; flowing rhythms but less complex than later styles of jazz' —> The radio station dedicated its entire afternoon playlist to classic swing.","YES","04/05/2026, 23:22:55"
"ann1","1777471135060vnf59y330y","(zero-shot) 'incite' (VERB_wn:01230710v) 'urge on; cause to act' —> The fiery speech served to incite the crowd into action.","YES","04/05/2026, 23:22:59"
"ann1","1777471135060rmikrgytdu","(zero-shot) 'momentum' (NOUN_wn:05035820n) 'an impelling force or strength' —> The startup gained significant momentum after securing venture capital funding.","YES","04/05/2026, 23:23:03"
"ann1","1777471135060ytuq0b5qhv8","(zero-shot) 'ease' (VERB_wn:01815185v) 'lessen the intensity of or calm' —> The warm bath helped to ease her anxiety.","YES","04/05/2026, 23:23:06"
"ann1","17774711350600mbhv2qgq3aq","(zero-shot) 'think_of' (VERB_wn:01634142v) 'devise or invent' —> I need to think of a clever solution to this puzzle.","YES","04/05/2026, 23:23:13"
"ann1","1777471135060r1paqqt384","(zero-shot) 'trough' (NOUN_wn:04488427n) 'a long narrow shallow receptacle' —> The farmer filled the wooden trough with fresh water for the thirsty cattle.","YES","04/05/2026, 23:23:21"
"ann2","1777471135060cajo3rkgwe","(zero-shot) 'core' (NOUN_wn:09256895n) 'a cylindrical sample of soil or rock obtained with a hollow drill' —> The geologist carefully extracted the core from the drilling rig to analyze the mineral composition.","YES","29/04/2026, 16:04:45"
"ann2","1777471135060chs0bpwlrm","(zero-shot) 'passing' (NOUN_wn:00560529n) '(American football) a play that involves one player throwing the ball to a teammate' —> The quarterback completed a crucial passing play to secure the victory.","YES","29/04/2026, 16:04:54"
"ann2","1777471135060fue1sl7f84w","(zero-shot) 'noble' (ADJ_wn:01590115a) 'of or belonging to or constituting the hereditary aristocracy especially as derived from feudal times' —> The duke wore his noble lineage with quiet dignity.","YES","29/04/2026, 16:05:02"
"ann2","1777471135060df6uc5nxe44","(zero-shot) 'appointed' (ADJ_wn:00847196a) 'selected for a job' —> The newly appointed CEO delivered an inspiring speech to the shareholders.","YES","29/04/2026, 16:05:12"
"ann2","1777471135060dhqqvyhbws","(zero-shot) 'distribute' (VERB_wn:01504130v) 'to arrange in a systematic order' —> The archivist will distribute the scattered photographs into chronological folders.","YES","29/04/2026, 16:05:26"
"ann2","1777471135060inxdo714f3p","(zero-shot) 'impress' (VERB_wn:00728393v) 'produce or try to produce a vivid impression of' —> The bright colors of the sunset served to impress a vivid impression of beauty upon the young artist's mind.","YES","29/04/2026, 16:05:41"
"ann2","1777471135060hpv33tx1ldm","(zero-shot) 'sound' (NOUN_wn:04981139n) 'the particular auditory effect produced by a given cause' —> The distinct sound of the cello resonated through the concert hall.","YES","29/04/2026, 16:05:50"
"ann2","1777471135060mblobl4l5k","(zero-shot) 'gnaw' (VERB_wn:00275253v) 'become ground down or deteriorate' —> The constant stress began to gnaw at her resolve.","YES","29/04/2026, 16:06:00"
"ann2","1777471135060as1r4yqlm7","(zero-shot) 'resignation' (NOUN_wn:07542433n) 'acceptance of despair' —> After years of battling the illness, she finally accepted her fate with a quiet resignation.","YES","29/04/2026, 16:06:14"
"ann2","1777471135060wmmw1594fb","(zero-shot) 'shaggy' (ADJ_wn:02428610a) 'used of hair; thick and poorly groomed' —> The shaggy dog shook vigorously to dry its thick fur.","YES","29/04/2026, 16:06:23"
"ann2","1777471135060trpswhea0co","(zero-shot) 'cultural' (ADJ_wn:02898922a) 'of or relating to the arts and manners that a group favors' —> The museum showcased the rich cultural heritage of the ancient civilization.","YES","29/04/2026, 16:06:33"
"ann2","1777471135060105r6esx1hn","(zero-shot) 'unrelated' (ADJ_wn:01974740a) 'lacking a logical or causal relation' —> The sudden drop in stock prices was caused by unrelated market speculation rather than the company's earnings report.","YES","29/04/2026, 16:06:42"
"ann2","1777471135060af7ooghoxan","(zero-shot) 'sever' (VERB_wn:01560731v) 'cut off from a whole' —> The surgeon had to sever the diseased tissue from the healthy organ.","YES","29/04/2026, 16:06:50"
"ann2","1777471135060laj34hrddsi","(zero-shot) 'jack' (NOUN_wn:02576575n) 'any of several fast-swimming predacious fishes of tropical to warm temperate seas' —> The angler watched intently as a jack darted through the coral reef.","YES","29/04/2026, 16:07:00"
"ann2","1777471135060vmjzdoq6p1s","(zero-shot) 'spirit' (NOUN_wn:09545324n) 'any incorporeal supernatural being that can become visible (or audible) to human beings' —> The old sailor claimed he saw a spirit walking on the moonlit waves.","YES","29/04/2026, 16:07:10"
"ann2","177747113506080wxq73h686","(zero-shot) 'pass' (NOUN_wn:00560529n) '(American football) a play that involves one player throwing the ball to a teammate' —> The quarterback threw a perfect pass to the wide receiver.","YES","29/04/2026, 16:07:18"
"ann2","177747113506019un6nzv6bq","(zero-shot) 'permit' (VERB_wn:00802946v) 'allow the presence of or allow (an activity) without opposing or prohibiting' —> The school administration will not permit loud music during study hours.","YES","29/04/2026, 16:07:29"
"ann2","17774711350600ssmu7ngn9v","(zero-shot) 'aroused' (ADJ_wn:02014514a) 'aroused to action' —> The shocking news aroused the community to action.","YES","29/04/2026, 16:08:11"
"ann2","1777471135060hwvaizhmr99","(zero-shot) 'tough' (ADJ_wn:02445636a) 'resistant to cutting or chewing' —> The gristle in the steak was so tough that it was nearly impossible to chew through.","YES","29/04/2026, 16:08:28"
"ann2","177747113506037rviamzl2o","(zero-shot) 'reserve' (VERB_wn:02498320v) 'arrange for and reserve (something for someone else) in advance' —> Please book a table for two at seven o'clock.","WRONG","29/04/2026, 16:08:45"
"ann2","1777471135060mzn2ya2oik","(zero-shot) 'sexually' (ADV_wn:00136469r) 'by sexual means' —> The bacteria were sexually transmitted from one partner to the other.","YES","29/04/2026, 16:08:52"
"ann2","1777471135060knje9938xmn","(zero-shot) 'nutrition' (NOUN_wn:07570720n) 'a source of materials to nourish the body' —> The athlete carefully planned his meals to ensure optimal nutrition for the upcoming marathon.","YES","29/04/2026, 16:09:02"
"ann2","1777471135060un7v32dsa79","(zero-shot) 'trouble' (NOUN_wn:00623862n) 'an effort that is inconvenient' —> She made no trouble to find the rare book in the library.","YES","29/04/2026, 16:09:30"
"ann2","17774711350604gz49qrd7mo","(zero-shot) 'prohibition' (NOUN_wn:06541820n) 'a law forbidding the sale of alcoholic beverages' —> The historical era known as Prohibition lasted from 1920 to 1933 in the United States.","YES","29/04/2026, 16:09:43"
"ann2","1777471135060ynisdjfn6nc","(zero-shot) 'liability' (NOUN_wn:05161436n) 'the quality of being something that holds you back' —> His perfectionism was a significant liability that slowed down the project's progress.","YES","29/04/2026, 16:09:51"
"ann2","17774711350600pkmydlfnlbd","(zero-shot) 'negative' (NOUN_wn:03817191n) 'a piece of photographic film showing an image with light and shade or colors reversed' —> The photographer carefully developed the negative to ensure the final print would have proper contrast.","YES","29/04/2026, 16:10:00"
"ann2","1777471135060ei7xh4pzqb","(zero-shot) 'animated' (ADJ_wn:00118567a) 'having life or vigor or spirit' —> The spirited group made the dull meeting animated with their enthusiastic discussion.","YES","29/04/2026, 16:10:07"
"ann2","1777471135060nmyhpqj34","(zero-shot) 'contract' (VERB_wn:00243900v) 'reduce in scope while retaining essential elements' —> The editor asked the author to contract the sprawling manuscript while retaining its essential elements.","YES","29/04/2026, 16:10:15"
"ann2","1777471135060g1p1uger6vp","(zero-shot) 'crown' (NOUN_wn:05539595n) 'the top of the head' —> She gently wiped the sweat from the crown of her forehead.","YES","29/04/2026, 16:10:27"
"ann2","1777471135060ebiav0ru2xc","(zero-shot) 'lengthen' (VERB_wn:00316631v) 'become long or longer' —> The afternoon shadows began to lengthen across the quiet valley.","YES","29/04/2026, 16:10:35"
"ann2","1777471135060nonsar7ttvi","(zero-shot) 'settlement' (NOUN_wn:08672562n) 'an area where a group of families live together' —> The remote settlement in the mountains consisted of only a handful of families living in harmony.","YES","29/04/2026, 16:10:44"
"ann2","1777471135060ddcw8rjbyev","(zero-shot) 'exciting' (ADJ_wn:00921014a) 'creating or arousing excitement' —> The thrilling rollercoaster ride was truly exciting for everyone on board.","YES","29/04/2026, 16:10:55"
"ann2","1777471135060z5h30zj4i","(zero-shot) 'detonate' (VERB_wn:00306723v) 'cause to burst with a violent release of energy' —> The technician decided to detonate the old firecracker in the backyard.","YES","29/04/2026, 16:11:03"
"ann2","1777471135060des1ce8dfln","(zero-shot) 'quietly' (ADV_wn:00229399r) 'with little or no sound' —> The cat quietly crept across the floor to catch the mouse.","YES","29/04/2026, 16:11:13"
"ann2","1777471135060vo03ofza3h","(zero-shot) 'contamination' (NOUN_wn:14487731n) 'the state of being contaminated' —> The factory was shut down after testing revealed severe chemical contamination in the local water supply.","YES","29/04/2026, 16:11:22"
"ann2","1777471135060uo2zqz0qxx","(zero-shot) 'concentrated' (ADJ_wn:00757923a) 'being the most concentrated solution possible at a given temperature; unable to dissolve still more of a substance' —> The chemist ensured the acid was concentrated before beginning the experiment.","YES","29/04/2026, 16:11:35"
"ann2","1777471135060wag0y83bucn","(zero-shot) 'dubious' (ADJ_wn:00338013a) 'fraught with uncertainty or doubt' —> The project's long-term viability remains dubious given the recent shift in market trends.","YES","29/04/2026, 16:11:42"
"ann2","17774711350601il8e5996pq","(zero-shot) 'faculty' (NOUN_wn:05650329n) 'one of the inherent cognitive or perceptual powers of the mind' —> The artist's creative faculty allowed her to visualize the sculpture before she even touched the clay.","YES","29/04/2026, 16:11:52"
"ann2","1777471135060fdpkazkcqbd","(zero-shot) 'royalty' (NOUN_wn:08153437n) 'royal persons collectively' —> The nobles bowed their heads in deep respect as the royalty entered the grand hall.","YES","29/04/2026, 16:12:02"
"ann2","1777471135060zxlhl7iuhu","(zero-shot) 'arrangement' (NOUN_wn:07038400n) 'a piece of music that has been adapted for performance by a particular set of voices or instruments' —> The jazz trio performed a captivating arrangement of the classic pop song.","YES","29/04/2026, 16:12:11"
"ann2","1777471135060xoqt12abxvk","(zero-shot) 'fill_out' (VERB_wn:00172381v) 'make bigger or better or more complete' —> She used extra batting to fill out her jacket.","YES","29/04/2026, 16:12:19"
"ann2","1777471135060fr7beamdk5a","(zero-shot) 'join' (VERB_wn:02598765v) 'come into the company of' —> She decided to join her friends at the cafe.","YES","29/04/2026, 16:12:28"
"ann2","1777471135060bxdt78x9p6a","(zero-shot) 'migrate' (VERB_wn:01857093v) 'move periodically or seasonally' —> The arctic terns migrate thousands of miles between the poles every year.","YES","29/04/2026, 16:12:36"
"ann2","1777471135060pi925xhd949","(zero-shot) 'suffocate' (VERB_wn:00077698v) 'struggle for breath; have insufficient oxygen intake' —> The thick smoke made it difficult for the trapped family to breathe.","WRONG","29/04/2026, 16:12:45"
"ann2","1777471135060ti5ossbab2e","(zero-shot) 'annoyance' (NOUN_wn:07518261n) 'anger produced by some annoying irritation' —> The constant ticking of the clock was a source of pure annoyance for the student trying to sleep.","YES","29/04/2026, 16:12:57"
"ann2","1777471135060pnuy5hdp1b","(zero-shot) 'exemplify' (VERB_wn:02723733v) 'be characteristic of' —> Her boundless optimism exemplifies the spirit of the new movement.","YES","29/04/2026, 16:13:06"
"ann2","1777471135060v0tocc7ktff","(zero-shot) 'flip' (VERB_wn:00584810v) 'go mad, go crazy' —> He is going to flip when he sees the mess you made.","YES","29/04/2026, 16:13:15"
"ann2","1777471135060j39f4m6f7m","(zero-shot) 'responsible' (ADJ_wn:01996377a) 'worthy of or requiring responsibility or trust; or held accountable' —> The manager deemed him responsible for overseeing the new project.","YES","29/04/2026, 16:13:23"
"ann2","1777471135060df1et1hk45","(zero-shot) 'pineapple' (NOUN_wn:07753275n) 'large sweet fleshy tropical fruit with a terminal tuft of stiff leaves; widely cultivated' —> He topped his pizza with slices of fresh pineapple.","YES","29/04/2026, 16:13:34"
"ann2","1777471135060xjfc5pxhhio","(zero-shot) 'deal' (VERB_wn:02245993v) 'sell' —> The market vendor deals fresh produce every morning.","YES","29/04/2026, 16:13:49"
"ann2","1777471135060c8t4b7v2s8g","(zero-shot) 'knock_out' (VERB_wn:00451153v) 'empty (as of tobacco) by knocking out' —> Please knock out the ashes from your pipe.","YES","29/04/2026, 16:14:01"
"ann2","177747113506002twtxtvpfdv","(zero-shot) 'utility' (NOUN_wn:08185758n) 'a company that performs a public service; subject to government regulation' —> The local utility raised its rates after filing for approval with the state commission.","YES","29/04/2026, 16:14:09"
"ann2","1777471135060ovmpd1eub2d","(zero-shot) 'restrict' (VERB_wn:00236592v) 'place restrictions on' —> The government decided to restrict access to the sensitive data.","YES","29/04/2026, 16:14:19"
"ann2","1777471135060qgkw89ohpf8","(zero-shot) 'fork' (NOUN_wn:13914265n) 'the region of the angle formed by the junction of two branches' —> The hikers stopped at the fork to decide which path to take.","YES","29/04/2026, 16:14:27"
"ann2","1777471135060307sdygcug8","(zero-shot) 'smut' (NOUN_wn:14793533n) 'a black colloidal substance consisting wholly or principally of amorphous carbon and used to make pigments and ink' —> The artist carefully mixed the lamp smut with oil to create a rich, jet-black pigment for his landscape painting.","YES","29/04/2026, 16:14:35"
"ann2","17774711350608g6p0it6gk","(zero-shot) 'transmit' (VERB_wn:02231661v) 'transfer to another' —> The antenna will transmit the signal to the satellite.","YES","29/04/2026, 16:14:44"
"ann2","1777471135060h8blyi2w4r8","(zero-shot) 'lime' (NOUN_wn:14702703n) 'a sticky adhesive that is smeared on small branches to capture small birds' —> The hunter applied a layer of sticky lime to the twigs in hopes of trapping the sparrows.","YES","29/04/2026, 16:14:53"
"ann2","1777471135060wmktlhl6ajo","(zero-shot) 'open' (ADJ_wn:02474876a) 'not requiring union membership' —> The company decided to maintain an open shop policy where workers were not required to join the labor union.","YES","29/04/2026, 16:15:03"
"ann2","1777471135060fyxwlssize","(zero-shot) 'transcribe' (VERB_wn:00994895v) 'make a phonetic transcription of' —> The linguist used the software to transcribe the recorded speech into the International Phonetic Alphabet.","YES","29/04/2026, 16:15:12"
"ann2","1777471135060ml0f09qp0p","(zero-shot) 'take_off' (VERB_wn:01326323v) 'prove fatal' —> The experimental drug proved fatal to the patient within hours of administration.","WRONG","29/04/2026, 16:15:23"
"ann2","177747113506064ub7q418xk","(zero-shot) 'medium' (NOUN_wn:14899152n) 'an intervening substance through which something is achieved' —> The artist used watercolor as her preferred medium to capture the fleeting light of dawn.","YES","29/04/2026, 16:15:35"
"ann2","1777471135060ez4hdyb7mj","(zero-shot) 'relative' (NOUN_wn:10235549n) 'a person related by blood or marriage' —> My aunt is a close relative.","YES","29/04/2026, 16:15:44"
"ann2","17774711350605jm1t6v3xie","(zero-shot) 'conduct' (NOUN_wn:01220984n) 'manner of acting or controlling yourself' —> Her impeccable conduct during the crisis impressed everyone.","YES","29/04/2026, 16:15:52"
"ann2","1777471135060yq2if4o8njr","(zero-shot) 'secrecy' (NOUN_wn:04652177n) 'the trait of keeping things secret' —> The committee operated in strict secrecy to protect the details of the merger.","YES","29/04/2026, 16:16:13"
"ann2","1777471135060av3le4nd60v","(zero-shot) 'discretion' (NOUN_wn:05198756n) 'the power of making free choices unconstrained by external agencies' —> The mayor exercised her discretion to allocate the emergency funds where she saw fit, ignoring the advice of her subordinates.","YES","29/04/2026, 16:16:21"
"ann2","1777471135060xyn53a35g6q","(zero-shot) 'advocate' (VERB_wn:00827730v) 'speak, plead, or argue in favor of' —> The senator continues to advocate for stricter environmental regulations.","YES","29/04/2026, 16:16:29"
"ann2","177747113506022x3pf3svwz","(zero-shot) 'consider' (VERB_wn:00950431v) 'show consideration for; take into account' —> The manager asked us to consider the employees' feedback before finalizing the schedule.","YES","29/04/2026, 16:16:38"
"ann2","17774711350603nmr0q1ges6","(zero-shot) 'irregularly' (ADV_wn:00195185r) 'in an irregular manner' —> The factory operates irregularly due to unpredictable power outages.","YES","29/04/2026, 16:16:47"
"ann2","1777471135060ezmk9l6haq","(zero-shot) 'thebes' (NOUN_wn:08899776n) 'an ancient Egyptian city on the Nile River that flourished from the 22nd century BC to the 18th century BC; today the archeological remains include many splendid temples and tombs' —> The ancient capital of Thebes served as the religious and political heart of Egypt for centuries.","YES","29/04/2026, 16:16:58"
"ann2","1777471135060u0prtktrrwl","(zero-shot) 'cabinet' (NOUN_wn:08381820n) 'persons appointed by a head of state to head executive departments of government and act as official advisers' —> The president consulted his cabinet before announcing the new foreign policy initiative.","YES","29/04/2026, 16:17:07"
"ann2","1777471135060ic6r8ek9ry","(zero-shot) 'trade' (VERB_wn:02259005v) 'exchange or give (something) in exchange for' —> I decided to trade my old smartphone for the latest model.","YES","29/04/2026, 16:17:17"
"ann2","1777471135060usfkk9ybzo","(zero-shot) 'broadcasting' (NOUN_wn:06276697n) 'taking part in a radio or tv program' —> Her latest broadcasting was a sensation among the morning commuters.","YES","29/04/2026, 16:17:33"
"ann2","1777471135060rtg0asv4g3","(zero-shot) 'distribute' (VERB_wn:02754696v) 'be distributed or spread, as in statistical analyses' —> The test scores are normally distributed.","YES","29/04/2026, 16:17:41"
"ann2","1777471135060yhep6nixl2","(zero-shot) 'formula' (NOUN_wn:06731802n) 'a group of symbols that make a mathematical statement' —> The physicist wrote down the formula for kinetic energy on the whiteboard.","YES","29/04/2026, 16:17:49"
"ann2","1777471135060tu2wc8kmjm","(zero-shot) 'search' (VERB_wn:01315613v) 'try to locate or discover, or try to establish the existence of' —> Detectives began to search the abandoned warehouse for clues.","YES","29/04/2026, 16:17:56"
"ann2","1777471135060waxkhq77tr","(zero-shot) 'bind' (VERB_wn:01356750v) 'stick to firmly' —> The wet clay began to bind to the surface of the potter's wheel.","YES","29/04/2026, 16:18:07"
"ann2","17774711350601c0lr8svkgl","(zero-shot) 'medium' (NOUN_wn:14899888n) 'a liquid with which pigment is mixed by a painter' —> The artist carefully selected the appropriate medium to ensure the oil paint adhered smoothly to the canvas.","YES","29/04/2026, 16:18:15"
"ann2","1777471135060vcefgw8pg5","(zero-shot) 'balance' (VERB_wn:02743020v) 'be in equilibrium' —> The tightrope walker must balance carefully to avoid falling.","YES","29/04/2026, 16:18:25"
"ann2","1777471135060vu14febp5bn","(zero-shot) 'grounds' (NOUN_wn:13790912n) 'a relation that provides the foundation for something' —> The committee rejected the proposal because the applicant failed to provide adequate grounds for the request.","YES","29/04/2026, 16:18:32"
"ann2","1777471135060rhh4lex2oi","(zero-shot) 'closed' (ADJ_wn:01657760a) 'blocked against entry' —> The gate was closed to keep the stray dogs from entering the yard.","YES","29/04/2026, 16:18:42"
"ann2","1777471135060e0ofszmarkr","(zero-shot) 'make_out' (VERB_wn:02617567v) 'proceed or get along' —> How are you making out with your new job?","YES","29/04/2026, 16:18:50"
"ann2","17774711350600catuyx9vu8","(zero-shot) 'composite' (ADJ_wn:02177755a) 'consisting of separate interconnected parts' —> The bridge's composite structure relied on steel cables and concrete pillars working in tandem.","YES","29/04/2026, 16:19:00"
"ann2","1777471135060iv9fvplgr0g","(zero-shot) 'minority' (NOUN_wn:15152261n) 'any age prior to the legal age' —> Parents retained legal custody of the property until the child reached his majority.","WRONG","29/04/2026, 16:19:08"
"ann2","1777471135060wfcf0xpqx1h","(zero-shot) 'grounds' (NOUN_wn:05823932n) 'your basis for belief or disbelief; knowledge on which to base belief' —> You have no grounds for accusing him of theft without any concrete evidence.","YES","29/04/2026, 16:19:15"
"ann2","1777471135060mcepks5pby8","(zero-shot) 'catch' (NOUN_wn:13755822n) 'the quantity that was caught' —> The fishermen celebrated their record-breaking catch.","YES","29/04/2026, 16:19:25"
"ann2","1777471135060qu6hu6lmks","(zero-shot) 'forest' (NOUN_wn:08438533n) 'the trees and other plants in a large densely wooded area' —> The dense forest blocked out the sun, creating a cool and shadowy environment for the wildlife beneath its canopy.","YES","29/04/2026, 16:19:34"
"ann2","1777471135060c1aa036b08n","(zero-shot) 'convey' (VERB_wn:02079933v) 'transmit or serve as the medium for transmission' —> Radio waves convey sound across the air.","YES","29/04/2026, 16:19:41"
"ann2","17774711350605ic77em8dh3","(zero-shot) 'exit' (NOUN_wn:03303965n) 'an opening that permits escape or release' —> The firefighters found a narrow exit between the burning beams.","YES","29/04/2026, 16:19:49"
"ann2","17774711350602wgaqn8cq2o","(zero-shot) 'column' (NOUN_wn:03073977n) '(architecture) a tall vertical cylindrical structure standing upright and used to support a structure' —> The ancient temple stood proud on massive stone columns.","YES","29/04/2026, 16:19:58"
"ann2","1777471135060j49bd918io","(zero-shot) 'ruin' (NOUN_wn:13466312n) 'the process of becoming dilapidated' —> The slow ruin of the ancient cathedral was evident in the crumbling mortar and shattered stained glass.","YES","29/04/2026, 16:20:09"
"ann2","17774711350609fi8tuyrj0d","(zero-shot) 'assure' (VERB_wn:00776268v) 'assure somebody of the truth of something with the intention of giving the listener confidence' —> The manager tried to assure the team that the project deadlines would be met.","YES","29/04/2026, 16:20:16"
"ann2","1777471135060fyuj0yl7xpw","(zero-shot) 'pride' (NOUN_wn:00758175n) 'unreasonable and inordinate self-esteem (personified as one of the deadly sins)' —> His bloated pride eventually led to his downfall, proving that such arrogance is indeed a deadly sin.","YES","29/04/2026, 16:20:27"
"ann2","1777471135060y3j12e90e08","(zero-shot) 'count' (NOUN_wn:09969218n) 'a nobleman (in various countries) having rank equal to a British earl' —> The visiting count bowed respectfully to the queen before entering the grand hall.","YES","29/04/2026, 16:20:34"
"ann2","1777471135060xv21m8c6ffi","(zero-shot) 'break_down' (VERB_wn:00643473v) 'make a mathematical, chemical, or grammatical analysis of; break down into components or essential features' —> The chemist will break down the complex organic compound to identify its constituent elements.","YES","29/04/2026, 16:20:41"
"ann2","1777471135060fzq0fmk6ru","(zero-shot) 'equity' (NOUN_wn:04839154n) 'conformity with rules or standards' —> The audit team verified that every financial transaction maintained strict equity with the company's established accounting standards.","YES","29/04/2026, 16:20:53"
"ann2","17774711350605xwj6uvb1tx","(zero-shot) 'redemption' (NOUN_wn:13299804n) 'repayment of the principal amount of a debt or security at or before maturity (as when a corporation repurchases its own stock)' —> The company announced the early redemption of its convertible bonds to avoid paying higher interest rates in the coming fiscal year.","YES","29/04/2026, 16:21:01"
"ann2","1777471135060jw5r3sleevk","(zero-shot) 'piece' (NOUN_wn:15246353n) 'a period of indeterminate length (usually short) marked by some action or condition' —> He took a piece to recover from the shock.","YES","29/04/2026, 16:21:16"
"ann2","1777471135060wf2rg8wg5d","(zero-shot) 'capitalize' (VERB_wn:01692266v) 'write in capital letters' —> Please capitalize the first letter of each word in the title.","YES","29/04/2026, 16:21:26"
"ann2","17774711350604jbr71spo0d","(zero-shot) 'surroundings' (NOUN_wn:08567235n) 'the area in which something exists or lives' —> The rare orchid thrives only in the humid surroundings of the tropical rainforest.","YES","29/04/2026, 16:21:34"
"ann2","1777471135060lhkhf8vfqtg","(zero-shot) 'brace' (NOUN_wn:02886599n) 'a structural member used to stiffen a framework' —> The engineer installed a steel brace to reinforce the arch of the bridge.","YES","29/04/2026, 17:03:20"
"ann2","17774711350609rym2ylc8p","(zero-shot) 'mobile' (ADJ_wn:00345694a) 'affording change (especially in social status)' —> In a mobile society, individuals have the opportunity to rise or fall in their social standing based on their achievements and efforts.","YES","29/04/2026, 17:03:28"
"ann2","1777471135060ql0c2k2mvkm","(zero-shot) 'break' (VERB_wn:01785395v) 'force out or release suddenly and often violently something pent up' —> The dam finally burst, releasing the pent-up water with devastating force.","WRONG","29/04/2026, 17:03:36"
"ann2","177747113506001gf7uryamzs","(zero-shot) 'carrot' (NOUN_wn:12937388n) 'perennial plant widely cultivated as an annual in many varieties for its long conical orange edible roots; temperate and tropical regions' —> The rabbits eagerly gnawed on the fresh carrot pulled from the garden.","YES","29/04/2026, 17:03:45"
"ann2","17774711350609zpfs7uhtp","(zero-shot) 'insure' (VERB_wn:02251065v) 'take out insurance for' —> You should insure your new motorcycle against theft and accidental damage.","YES","29/04/2026, 17:03:55"
"ann2","1777471135060brbpz3v0tp7","(zero-shot) 'avail' (VERB_wn:02549048v) 'be of use to, be useful to' —> The outdated software does not avail us in modern computing tasks.","YES","29/04/2026, 17:04:03"
"ann2","1777471135060xodj6wf49e","(zero-shot) 'disturbance' (NOUN_wn:01176335n) 'a noisy fight' —> The loud disturbance in the hallway caused everyone to stop talking.","YES","29/04/2026, 17:04:15"
"ann2","1777471135060ppmt1vjx7k8","(zero-shot) 'cricket' (NOUN_wn:00476389n) 'a game played with a ball and bat by two teams of 11 players; teams take turns trying to score runs' —> The children spent the entire afternoon practicing cricket in the local park.","YES","29/04/2026, 17:04:22"
"ann2","17774711350600arqzy2lph2k","(zero-shot) 'track' (NOUN_wn:05826914n) 'evidence pointing to a possible solution' —> The detective found a crucial track that led directly to the missing heirloom.","YES","29/04/2026, 17:04:31"
"ann2","17774711350608jb8zw0eow","(zero-shot) 'physiology' (NOUN_wn:06080522n) 'the branch of the biological sciences dealing with the functioning of organisms' —> The graduate student dedicated her thesis to human physiology, focusing on how the body regulates temperature during intense physical exertion.","YES","29/04/2026, 17:04:39"
"ann2","1777471135060oxia7wlwww","(zero-shot) 'reinforcement' (NOUN_wn:04336034n) 'a device designed to provide additional strength' —> The steel reinforcement within the concrete beams significantly increased the structure's load-bearing capacity.","YES","29/04/2026, 17:04:50"
"ann2","17774711350606f05fftjg7","(zero-shot) 'trough' (NOUN_wn:03717131n) 'a container (usually in a barn or stable) from which cattle or horses feed' —> The farmer filled the wooden trough with fresh hay for the horses.","YES","29/04/2026, 17:05:00"
"ann2","1777471135060s9cbqny3vz","(zero-shot) 'suite' (NOUN_wn:08007534n) 'a matching set of furniture' —> They bought an elegant suite of mahogany furniture for the guest bedroom.","YES","29/04/2026, 17:05:10"
"ann2","17774711350605f78msjd6cg","(zero-shot) 'peak' (NOUN_wn:02838728n) 'a brim that projects to the front to shade the eyes' —> He adjusted the peak of his cap to block the harsh sunlight.","YES","29/04/2026, 17:05:17"
"ann2","17774711350605pzu9lkigs4","(zero-shot) 'cast' (VERB_wn:01513430v) 'get rid of' —> She decided to cast aside her old habits.","YES","29/04/2026, 17:05:28"
"ann2","17774711350608qll41kdf46","(zero-shot) 'potential' (ADJ_wn:00044353a) 'existing in possibility' —> The mountain range holds potential for rich mineral deposits.","WRONG","29/04/2026, 17:05:39"
"ann2","1777471135060i0xcodgu2i","(zero-shot) 'stroke' (NOUN_wn:07300960n) 'anything that happens suddenly or by chance without an apparent cause' —> The sudden stroke of luck allowed her to win the lottery.","YES","29/04/2026, 17:05:47"
"ann2","1777471135060wkt705834ig","(zero-shot) 'hinder' (VERB_wn:02451370v) 'be a hindrance or obstacle to' —> The heavy rain did not hinder the runners from completing the marathon.","YES","29/04/2026, 17:05:55"
"ann2","1777471135060q47bht3fmqi","(zero-shot) 'field' (NOUN_wn:08506641n) 'a region where a battle is being (or has been) fought' —> The wounded soldiers were evacuated from the bloody field after the conflict had ended.","YES","29/04/2026, 17:06:35"
"ann2","1777471135060yhz8iiex0g","(zero-shot) 'loin' (NOUN_wn:07658678n) 'a cut of meat taken from the side and back of an animal between the ribs and the rump' —> The chef expertly sliced the tender beef loin for the dinner special.","YES","29/04/2026, 17:06:45"
"ann2","1777471135060bcywsrxzam","(zero-shot) 'pavement' (NOUN_wn:14977504n) 'material used to pave an area' —> The crew laid fresh pavement across the driveway to provide a smooth surface for the cars.","YES","29/04/2026, 17:06:57"
"ann2","1777471135060zpiz1d1b94s","(zero-shot) 'verb' (NOUN_wn:06318062n) 'the word class that serves as the predicate of a sentence' —> The instructor emphasized that the verb is essential for completing the thought in every grammatical sentence.","YES","29/04/2026, 17:07:06"
"ann2","1777471135060weshhn9mv6c","(zero-shot) 'attachment' (NOUN_wn:02755244n) 'a supplementary part or accessory' —> The new software update includes an attachment that allows users to compress files directly within the application.","YES","29/04/2026, 17:07:17"
"ann2","1777471135060bobe2gqt2t7","(zero-shot) 'sweet' (ADJ_wn:02368336a) 'having or denoting the characteristic taste of sugar' —> The ripe strawberry had a sweet taste.","YES","29/04/2026, 17:07:28"
"ann2","1777471135060u8slyf4bbq","(zero-shot) 'recording' (NOUN_wn:00910203n) 'the act of making a record (especially an audio record)' —> The studio engineer spent hours perfecting the recording of the new album.","YES","29/04/2026, 17:07:39"
"ann2","1777471135060fqgcbvntp9","(zero-shot) 'pillar' (NOUN_wn:03074380n) 'a vertical cylindrical structure standing alone and not supporting anything (such as a monument)' —> A marble pillar stood solitary in the center of the courtyard.","YES","29/04/2026, 17:07:49"
"ann2","1777471135060towc9nzsiw","(zero-shot) 'reverse' (NOUN_wn:07475870n) 'an unfortunate happening that hinders or impedes; something that is thwarting or frustrating' —> The project faced a significant reverse when the funding was abruptly cut.","YES","29/04/2026, 17:07:59"
"ann2","1777471135060r7qp5276xfr","(zero-shot) 'bless' (VERB_wn:02264075v) 'confer prosperity or happiness on' —> May the sun bless your fields with abundant harvests.","YES","29/04/2026, 17:08:10"
"ann2","1777471135060vbzu4w7t4cg","(zero-shot) 'stick' (VERB_wn:01220885v) 'come or be in close contact with; stick or hold together and resist separation' —> The chewing gum stuck firmly to the bottom of my shoe.","YES","29/04/2026, 17:08:20"
"ann2","1777471135060gkraj3ucft6","(zero-shot) 'endorsement' (NOUN_wn:07180372n) 'a speech seconding a motion' —> The treasurer provided a formal endorsement during the board meeting to support the proposed budget increase.","YES","29/04/2026, 17:08:30"
"ann2","17774711350601u0fz7jvj4uh","(zero-shot) 'belt' (NOUN_wn:02828115n) 'ammunition (usually of small caliber) loaded in flexible linked strips for use in a machine gun' —> The soldier quickly fed a fresh belt of .50 caliber rounds into the heavy machine gun.","YES","29/04/2026, 17:08:41"
"ann2","1777471135060aj0la95zvdv","(zero-shot) 'offset' (VERB_wn:02717831v) 'make up for' —> His exceptional leadership skills helped offset his lack of technical experience.","YES","29/04/2026, 17:08:49"
"ann2","1777471135060ulivf4ep2fd","(zero-shot) 'inactive' (ADJ_wn:01660857a) '(military) not involved in military operations' —> The reserve unit remained inactive during the border skirmish.","YES","29/04/2026, 17:08:57"
"ann2","1777471135060lflf2fkco4","(zero-shot) 'fulfil' (VERB_wn:01183573v) 'fill or meet a want or need' —> The new policy aims to fulfil the community's growing demand for affordable housing.","YES","29/04/2026, 17:09:08"
"ann2","177747113506059epzvri69h","(zero-shot) 'dip' (NOUN_wn:03203089n) 'a candle that is made by repeated dipping in a pool of wax or tallow' —> The craftsperson carefully crafted each traditional dip by repeatedly lowering the cotton wick into the warm tallow until a sturdy candle was formed.","YES","29/04/2026, 17:09:16"
"ann2","1777471135060oiw22hi4da","(zero-shot) 'mantle' (NOUN_wn:03719343n) 'shelf that projects from wall above fireplace' —> She placed a vintage clock on the ornate marble mantle above the fireplace.","YES","29/04/2026, 17:09:23"
"ann2","1777471135060nk0lqs17su","(zero-shot) 'unrestricted' (ADJ_wn:01064167a) 'free of restrictions on conduct' —> The open-plan office allowed for unrestricted communication among the team members.","YES","29/04/2026, 17:09:33"
"ann2","1777471135060vj0z19qxw39","(zero-shot) 'sparkling' (ADJ_wn:02299748a) 'shining with brilliant points of light like stars' —> The diamond necklace was sparkling on her neck.","YES","29/04/2026, 17:09:42"
"ann2","1777471135060csyw8h5p3ki","(zero-shot) 'subject' (NOUN_wn:05996646n) 'a branch of knowledge' —> She decided to double major in two different subjects at the university.","YES","29/04/2026, 17:09:51"
"ann2","1777471135060f7ev5fbyuce","(zero-shot) 'stabilize' (VERB_wn:00271946v) 'become stable or more stable' —> The doctor prescribed medication to help her heart rate stabilize after the intense workout.","YES","29/04/2026, 17:10:01"
"ann2","17774711350605yg6uyko6nh","(zero-shot) 'concerned' (ADJ_wn:00543603a) 'feeling or showing worry or solicitude' —> The concerned parent called the teacher immediately after missing three days of school.","YES","29/04/2026, 17:10:10"
"ann2","1777471135060ubpvl87uu6","(zero-shot) 'soften' (VERB_wn:00255389v) 'make soft or softer' —> Soak the leather in water to soften it.","YES","29/04/2026, 17:10:20"
"ann2","1777471135060yztpdi2ddb","(zero-shot) 'assessment' (NOUN_wn:05733583n) 'the classification of someone or something with respect to its worth' —> The committee conducted a thorough assessment of the new software's worth before approving its purchase.","YES","29/04/2026, 17:10:29"
"ann2","1777471135060yigppdhzxx","(zero-shot) 'base' (NOUN_wn:06658118n) 'a lower limit' —> The analyst calculated the base of the temperature readings to ensure accurate comparisons.","YES","29/04/2026, 17:10:38"
"ann2","1777471135060vvaflcv6o3r","(zero-shot) 'critic' (NOUN_wn:09979321n) 'anyone who expresses a reasoned judgment of something' —> The theater critic praised the lead actor's nuanced performance.","YES","29/04/2026, 17:11:01"
"ann2","1777471135060wkp9ixi961d","(zero-shot) 'identify' (VERB_wn:00618451v) 'consider to be equal or the same' —> I tend to identify the current situation with the previous crisis, despite their superficial similarities.","YES","29/04/2026, 17:11:12"
"ann2","1777471135060ugic4sbftt","(zero-shot) 'cut' (NOUN_wn:00067254n) 'an unexcused absence from class' —> The student was forced to make up the test because he had taken an unexcused cut from the lecture yesterday.","YES","29/04/2026, 17:11:19"
"ann2","1777471135060w13h3i2itk","(zero-shot) 'broom' (NOUN_wn:02906734n) 'a cleaning implement for sweeping; bundle of straws or twigs attached to a long handle' —> She grabbed the broom to sweep the fallen leaves from the patio.","YES","29/04/2026, 17:11:26"
"ann2","1777471135060ww8mwmpsld","(zero-shot) 'spray' (NOUN_wn:04287610n) 'flower arrangement consisting of a single branch or shoot bearing flowers and foliage' —> She carefully trimmed the spray of roses to fit inside the narrow vase.","YES","29/04/2026, 17:11:35"
"ann2","1777471135060osght2emt1","(zero-shot) 'snap' (VERB_wn:00337065v) 'break suddenly and abruptly, as under tension' —> The rope snapped under the weight of the heavy crate.","YES","29/04/2026, 17:11:44"
"ann2","1777471135060latupf73lq","(zero-shot) 'season' (NOUN_wn:15239292n) 'a recurrent time marked by major holidays' —> The holiday season brings families together for festive meals and gifts.","YES","29/04/2026, 17:11:55"
"ann2","1777471135060dk500nypud","(zero-shot) 'depress' (VERB_wn:01574923v) 'cause to drop or sink' —> The heavy rain caused the local river levels to depress significantly.","YES","29/04/2026, 17:12:11"
"ann2","1777471135060dnikp0gaevr","(zero-shot) 'changeable' (ADJ_wn:00403072a) 'varying in color when seen in different lights or from different angles' —> The opalescent pearl displayed a changeable hue as she rotated it against the window.","YES","29/04/2026, 17:12:20"
"ann2","1777471135060m4y1qy5dar9","(zero-shot) 'slope' (NOUN_wn:09437454n) 'an elevated geological formation' —> The helicopter landed on the steep slope of the mountain.","YES","29/04/2026, 17:12:29"
"ann2","1777471135060gaxozwjt5wl","(zero-shot) 'pay_off' (VERB_wn:02284803v) 'pay someone with influence in order to receive a favor' —> The senator was accused of trying to pay off the inspector to ignore the code violations.","YES","29/04/2026, 17:12:40"
"ann2","1777471135060m20tp38xgd","(zero-shot) 'awkward' (ADJ_wn:01140514a) 'lacking grace or skill in manner or movement or performance' —> The dancer's awkward stumble during the pirouette caused the audience to chuckle.","YES","29/04/2026, 17:12:50"
"ann2","1777471135060xkltw60t5","(zero-shot) 'executive' (NOUN_wn:08165455n) 'persons who administer the law' —> The executive branch is responsible for enforcing the laws passed by the legislature.","YES","29/04/2026, 17:13:04"
"ann2","1777471135060wmi1j54z717","(zero-shot) 'intimately' (ADV_wn:00015007r) 'with great or especially intimate knowledge' —> The historian knew the city's hidden alleys intimately.","YES","29/04/2026, 17:13:12"
"ann2","1777471135060v2jk6vt1cz","(zero-shot) 'comfort' (NOUN_wn:01211185n) 'assistance, such as that provided to an enemy or to a known criminal' —> Providing shelter or food to a fugitive is considered giving aid and comfort to the enemy.","YES","29/04/2026, 17:13:21"
"ann2","17774711350604z28k237yiw","(zero-shot) 'humor' (NOUN_wn:06776138n) 'a message whose ingenuity or verbal skill or incongruity has the power to evoke laughter' —> The comedian delivered a bit of humor that had the entire audience in stitches.","YES","29/04/2026, 17:13:31"
"ann2","1777471135060e52uk7fnne4","(zero-shot) 'block' (VERB_wn:02198423v) 'interrupt the normal function of by means of anesthesia' —> The surgeon will block the nerve to prevent pain during the minor procedure.","YES","29/04/2026, 17:13:39"
"ann2","1777471135060cs86r0d8tjf","(zero-shot) 'historical' (ADJ_wn:02920121a) 'of or relating to the study of history' —> The professor specializes in the historical analysis of ancient Mediterranean civilizations.","YES","29/04/2026, 17:13:48"
"ann2","1777471135060crkj8derl7","(zero-shot) 'whistle' (NOUN_wn:06806098n) 'the act of signalling (e.g., summoning) by whistling or blowing a whistle' —> The referee's sharp whistle ended the match immediately.","YES","29/04/2026, 17:13:59"
"ann2","1777471135060qrys06zgwj","(zero-shot) 'work_out' (VERB_wn:00634906v) 'find the solution to (a problem or question) or understand the meaning of' —> It took the detective weeks to work out how the jewels were stolen.","YES","29/04/2026, 17:14:08"
"ann2","1777471135060eoz27n02yik","(zero-shot) 'distribute' (VERB_wn:02043190v) 'cause be distributed' —> The company plans to distribute the surplus funds among its stakeholders.","YES","29/04/2026, 17:14:21"
"ann2","1777471135060k2moddrduqn","(zero-shot) 'infusion' (NOUN_wn:14848785n) 'a solution obtained by steeping or soaking a substance (usually in water)' —> The herbalist prepared a soothing infusion of chamomile flowers for her restless patient.","YES","29/04/2026, 17:14:28"
"ann2","1777471135060fqdwvef43zu","(zero-shot) 'cram' (VERB_wn:01524298v) 'crowd or pack to capacity' —> Fans began to cram into the narrow alleyway before the concert doors opened.","YES","29/04/2026, 17:14:38"
"ann2","1777471135060efpv7hkym78","(zero-shot) 'break_off' (VERB_wn:00362348v) 'prevent completion' —> The sudden noise caused the negotiations to break off before any agreement was reached.","YES","29/04/2026, 17:14:55"
"ann2","1777471135060ivs9dfmnzip","(zero-shot) 'reference' (NOUN_wn:06694796n) 'a formal recommendation by a former employer to a potential future employer describing the person's qualifications and dependability' —> She provided a glowing reference from her previous manager to support her job application.","YES","29/04/2026, 17:15:04"
"ann2","1777471135060r76ccycv53g","(zero-shot) 'mask' (VERB_wn:01358328v) 'put a mask on or cover with a mask' —> The surgeon carefully masked his face before entering the sterile operating room.","YES","29/04/2026, 17:15:15"
"ann2","17774711350605an3kol2usg","(zero-shot) 'stretch' (VERB_wn:01985271v) 'lie down comfortably' —> After a long day at the office, I decided to stretch out on the couch and relax.","YES","29/04/2026, 17:15:24"
"ann2","1777471135060kg99binpmfc","(zero-shot) 'initiative' (NOUN_wn:00239230n) 'the first of a series of actions' —> The initiative to launch the new product line was met with great enthusiasm by the marketing team.","YES","29/04/2026, 17:15:37"
"ann2","1777471135060ge4ft294fsu","(zero-shot) 'bite' (NOUN_wn:14287408n) 'a wound resulting from biting by an animal or a person' —> The doctor stitched the deep bite on her arm.","YES","29/04/2026, 17:15:47"
"ann2","1777471135060a970g1fog2f","(zero-shot) 'rest_on' (VERB_wn:01590007v) 'rest on for support' —> The tired hiker leaned against the large boulder to rest on it for support.","YES","29/04/2026, 17:15:57"
"ann2","1777471135060w1o7cb8tcf","(zero-shot) 'absolutely' (ADV_wn:00008997r) 'completely and without qualification; used informally as intensifiers' —> She was absolutely thrilled by the surprise party.","YES","29/04/2026, 17:16:06"
"ann2","1777471135060kb8fbawzz7","(zero-shot) 'wool' (NOUN_wn:15104217n) 'fiber sheared from animals (such as sheep) and twisted into yarn for weaving' —> The grandmother spun the raw wool into soft yarn to knit a warm scarf.","YES","29/04/2026, 17:16:14"
"ann2","1777471135060q1oz8m0ux1","(zero-shot) 'learned' (ADJ_wn:00830051a) 'highly educated; having extensive information or understanding' —> The professor was a learned scholar who had spent decades researching ancient manuscripts.","YES","29/04/2026, 17:16:22"
"ann2","1777471135060swy7z06v7w9","(zero-shot) 'medicine' (NOUN_wn:03740161n) '(medicine) something that treats or prevents or alleviates the symptoms of disease' —> The doctor prescribed a new medicine to help reduce the fever.","YES","29/04/2026, 17:16:30"
"ann2","1777471135060m8i3aci2hee","(zero-shot) 'warm_up' (VERB_wn:00100905v) 'cause to do preliminary exercises so as to stretch the muscles' —> She needed to warm up before attempting the heavy lift.","YES","29/04/2026, 17:16:48"
"ann2","1777471135060z8lxs6jfiif","(zero-shot) 'lay' (VERB_wn:01545079v) 'lay eggs' —> The frog lay her eggs in the pond.","WRONG","29/04/2026, 17:17:02"
"ann2","177747113506020gzebwfe97","(zero-shot) 'dust' (VERB_wn:01252216v) 'rub the dust over a surface so as to blur the outlines of a shape' —> The artist carefully dusted charcoal over the canvas to soften the harsh edges of the portrait.","YES","29/04/2026, 17:17:13"
"ann2","1777471135060bjun0b4afbs","(zero-shot) 'stir_up' (VERB_wn:02585050v) 'try to stir up public opinion' —> The politician attempted to stir up public opinion against the new tax proposal.","YES","29/04/2026, 17:17:25"
"ann2","1777471135060tjpmz3mvyoo","(zero-shot) 'cock' (NOUN_wn:05526713n) 'obscene terms for penis' —> The comedian's use of the slang term for the male reproductive organ caused an uproar at the family-friendly event.","WRONG","29/04/2026, 17:17:33"
"ann2","1777471135060nzmlomy63bs","(zero-shot) 'ordinary' (NOUN_wn:10382380n) 'a judge of a probate court' —> The local ordinary was responsible for settling the estate according to state law.","YES","29/04/2026, 17:17:41"
"ann2","1777471135060b3sgvs5u0zk","(zero-shot) 'open_up' (VERB_wn:00539936v) 'make available' —> The museum decided to open up its archives to the public.","YES","29/04/2026, 17:17:48"
"ann2","177747113506003je3u750vmv","(zero-shot) 'irritate' (VERB_wn:00503715v) 'excite to some characteristic action or condition, such as motion, contraction, or nervous impulse, by the application of a stimulus' —> The scratching stimulus seemed to irritate the nerves, causing an involuntary twitch in the muscle.","YES","29/04/2026, 17:17:55"
"ann2","17774711350600akbza5qytl4","(zero-shot) 'condensation' (NOUN_wn:11446242n) 'atmospheric moisture that has condensed because of cold' —> Drops of condensation formed on the outside of the iced tea glass.","YES","29/04/2026, 17:18:05"
"ann2","17774711350600vh9lrbaiwtq","(zero-shot) 'take' (VERB_wn:00557404v) 'be seized or affected in a specified way' —> The news of the scandal was taken by the public with a mixture of shock and disbelief.","YES","29/04/2026, 17:18:19"
"ann2","17774711350609iadvplkc2i","(zero-shot) 'acceptance' (NOUN_wn:13381602n) 'banking: a time draft drawn on and accepted by a bank' —> The exporter received payment once the bank issued its acceptance on the six-month time draft.","YES","29/04/2026, 17:18:29"
"ann2","1777471135060njcwfv0nars","(zero-shot) 'blast' (NOUN_wn:00128867n) 'a very long fly ball' —> The rookie batter crushed a blast over the center field fence.","YES","29/04/2026, 17:18:38"
"ann2","1777471135060or3ou8go1o","(zero-shot) 'trace' (NOUN_wn:07164163n) 'a suggestion of some quality' —> There was a faint trace of arrogance in his polite demeanor.","YES","29/04/2026, 17:18:46"
"ann2","177747113506058l019qu7wv","(zero-shot) 'jurisdiction' (NOUN_wn:05198427n) '(law) the right and power to interpret and apply the law' —> The two states engaged in a prolonged legal battle to determine which court had jurisdiction over the interstate water dispute.","YES","29/04/2026, 17:18:56"
"ann2","1777471135060fpu0w35tyy9","(zero-shot) 'lay' (VERB_wn:02690708v) 'be located or situated somewhere; occupy a certain position' —> The book lay on the table.","YES","29/04/2026, 17:19:09"
"ann2","1777471135060rs5tgv66zva","(zero-shot) 'bore' (VERB_wn:02630871v) 'have' —> She bore a sword in her hand.","YES","29/04/2026, 17:19:17"
"ann2","1777471135060wsvfzm1cam","(zero-shot) 'interlock' (VERB_wn:00405079v) 'coordinate in such a way that all parts work together effectively' —> The various departments need to interlock their strategies to ensure the project succeeds.","YES","29/04/2026, 17:19:28"
"ann2","1777471135060em1re7mhw6d","(zero-shot) 'curse' (NOUN_wn:07420354n) 'a severe affliction' —> The famine was a terrible curse for the village.","YES","29/04/2026, 17:19:38"
"ann2","1777471135060lq77lc9l5za","(zero-shot) 'pass_on' (VERB_wn:01992503v) 'move forward, also in the metaphorical sense' —> The project needs to pass on to the next stage of development.","YES","29/04/2026, 17:19:49"
"ann2","1777471135060exd6trsa2r","(zero-shot) 'date' (VERB_wn:02486232v) 'date regularly; have a steady relationship with' —> She has been dating him for three years.","YES","29/04/2026, 17:19:59"
"ann2","1777471135060av7bq40x8dl","(zero-shot) 'spread' (NOUN_wn:05101512n) 'the expansion of a person's girth (especially at middle age)' —> His sudden spread made it difficult for him to fit through the narrow doorway of the old library.","YES","29/04/2026, 17:20:07"
"ann2","1777471135060in5orys12vj","(zero-shot) 'blast' (VERB_wn:02182479v) 'make a strident sound' —> The loudspeakers began to blast a deafening roar through the stadium.","YES","29/04/2026, 17:20:18"
"ann2","1777471135060q87b2jv8nlk","(zero-shot) 'allegory' (NOUN_wn:06366581n) 'an expressive style that uses fictional characters and events to describe some subject by suggestive resemblances; an extended metaphor' —> The novel serves as a complex allegory for the corruption of power within modern governments.","YES","29/04/2026, 17:20:26"
"ann2","1777471135060a1k50fvx84n","(zero-shot) 'ascend' (VERB_wn:01969779v) 'move to a better position in life or to a better job; 'She ascended from a life of poverty to one of great' —> Through relentless hard work and innovation, she managed to ascend from humble beginnings to become one of the most respected leaders in the tech industry.","YES","29/04/2026, 17:20:37"
"ann2","1777471135060lfuvuktpa8b","(zero-shot) 'affinity' (NOUN_wn:04688648n) 'a natural attraction or feeling of kinship' —> She felt an immediate affinity with the stranger, as if they had known each other for years.","YES","29/04/2026, 17:20:44"
"ann2","1777471135060rg3gewa6i5","(zero-shot) 'moral_principle' (NOUN_wn:05956019n) 'the principles of right and wrong that are accepted by an individual or a social group' —> The company's refusal to engage in bribery demonstrated a firm commitment to a core moral principle.","YES","29/04/2026, 17:20:53"
"ann2","1777471135060fcp8r1aw5vg","(zero-shot) 'take' (VERB_wn:00756076v) 'take as an undesirable consequence of some event or state of affairs' —> She had to take the stress of the deadline.","YES","29/04/2026, 17:21:01"
"ann2","1777471135060n2jj85f0nk7","(zero-shot) 'variable' (ADJ_wn:01028796a) '(used of a device) designed so that a property (as e.g. light) can be varied' —> The photographer switched to a variable aperture lens to adjust the depth of field quickly.","YES","29/04/2026, 17:21:10"
"ann2","1777471135060k2t04k69ljs","(zero-shot) 'assignment' (NOUN_wn:00796586n) 'an undertaking that you have been assigned to do (as by an instructor)' —> She stayed up late to finish her history assignment.","YES","29/04/2026, 17:21:17"
"ann2","1777471135060oc1d6e9jub","(zero-shot) 'distinctly' (ADV_wn:00307479r) 'to a distinct degree' —> The music was distinctly audible over the crowd's chatter.","YES","29/04/2026, 17:21:25"
"ann2","1777471135060whh3zzwr198","(zero-shot) 'shift' (VERB_wn:01005049v) 'use a shift key on a keyboard' —> You must shift to capitalize the letter.","YES","29/04/2026, 17:21:33"
"ann2","17774711350604bg412043ua","(zero-shot) 'snarl' (VERB_wn:01462928v) 'twist together or entwine into a confusing mass' —> The tangled roots of the old oak tree snarled beneath the soil.","YES","29/04/2026, 17:21:41"
"ann2","17774711350603kv9ccg2eiw","(zero-shot) 'anticipation' (NOUN_wn:05775081n) 'the act of predicting (as by reasoning about the future)' —> The weatherman's anticipation of the storm allowed residents to secure their homes in advance.","YES","29/04/2026, 17:21:51"
"ann2","177747113506089vxvolhmdf","(zero-shot) 'program' (VERB_wn:00795264v) 'arrange a program of or for' —> The committee will program the annual music festival.","YES","29/04/2026, 17:22:02"
"ann2","17774711350603d8xmjeed42","(zero-shot) 'square' (VERB_wn:02253341v) 'pay someone and settle a debt' —> He went to the cashier to square his tab before leaving the restaurant.","YES","29/04/2026, 17:22:12"
"ann2","1777471135060jvmuvjkdcn8","(zero-shot) 'break' (VERB_wn:01369758v) 'ruin completely' —> The sudden scandal broke his reputation.","YES","29/04/2026, 17:22:20"
"ann2","1777471135060ovoz7v6ik1","(zero-shot) 'reform' (VERB_wn:00384620v) 'bring, lead, or force to abandon a wrong or evil course of life, conduct, and adopt a right one' —> The harsh mentor hoped to reform the rebellious youth.","YES","29/04/2026, 17:22:28"
"ann2","1777471135060nexwnbwzg","(zero-shot) 'terrible' (ADJ_wn:00193799a) 'causing fear or dread or terror' —> The terrible storm left the survivors trembling in fear.","YES","29/04/2026, 17:22:36"
"ann2","1777471135060htao3dtzvt","(zero-shot) 'witness' (VERB_wn:02128873v) 'perceive or be contemporaneous with' —> The old oak tree witnessed centuries of history.","YES","29/04/2026, 17:22:46"
"ann2","17774711350601qtu89izg4m","(zero-shot) 'heredity' (NOUN_wn:13493399n) 'the biological process whereby genetic factors are transmitted from one generation to the next' —> The scientist argued that heredity plays a crucial role in determining eye color.","YES","29/04/2026, 17:22:55"
"ann2","1777471135060kemuu91zqi8","(zero-shot) 'release' (NOUN_wn:00216174n) 'the termination of someone's employment (leaving them free to depart)' —> His release from the company came as a sudden shock to his colleagues.","YES","29/04/2026, 17:23:03"
"ann2","1777471135060b7f4jbqzcr6","(zero-shot) 'rotor' (NOUN_wn:04111962n) 'the rotating armature of a motor or generator' —> The engineer carefully inspected the rotor to ensure it was not warped.","YES","29/04/2026, 17:23:14"
"ann2","1777471135060l765wlz3zc","(zero-shot) 'meanwhile' (ADV_wn:00065184r) 'at the same time but in another place' —> While the team celebrated their victory in the locker room, meanwhile, the local newspaper was already drafting headlines for the front page.","YES","29/04/2026, 17:23:26"
"ann2","1777471135060qmjmmi6trtt","(zero-shot) 'persist' (VERB_wn:02731024v) 'stay behind' —> The few remaining soldiers decided to persist in the ruined fort while the rest of the army retreated to safer grounds.","YES","29/04/2026, 17:23:36"
"ann2","1777471135060l2043q1pqj","(zero-shot) 'draw' (VERB_wn:01690816v) 'write a legal document or paper' —> The attorney will draw the lease agreement by tomorrow morning.","YES","29/04/2026, 17:23:45"
"ann2","177747113506021xnvxw8486","(zero-shot) 'celebrate' (VERB_wn:02578510v) 'behave as expected during of holidays or rites' —> We decided to celebrate the anniversary with a quiet dinner rather than a loud party.","YES","29/04/2026, 17:23:54"
"ann2","177747113506041d4xa6blcz","(zero-shot) 'blister' (VERB_wn:00863906v) 'subject to harsh criticism' —> The media blistered the politician for his inconsistent statements regarding the budget.","YES","29/04/2026, 17:24:02"
"ann2","1777471135060t353opsv5v","(zero-shot) 'get_off' (VERB_wn:01923732v) 'get out of quickly' —> We need to get off this sinking ship immediately.","YES","29/04/2026, 17:24:13"
"ann2","1777471135060m9jjfexv9g","(zero-shot) 'cost' (VERB_wn:02702508v) 'be priced at' —> This antique vase costs over five hundred dollars.","YES","29/04/2026, 17:24:23"
"ann2","1777471135060zyh7xuo1d4k","(zero-shot) 'cross' (NOUN_wn:03135152n) 'a representation of the structure on which Jesus was crucified; used as an emblem of Christianity or in heraldry' —> The parishioner wore a silver cross around her neck as a symbol of her faith.","YES","29/04/2026, 17:24:34"
"ann2","1777471135060min9p28z7o","(zero-shot) 'run_out' (VERB_wn:02069888v) 'flow, run or fall out and become lost' —> Time seemed to slip away unnoticed as the minutes ran out without a trace.","YES","29/04/2026, 17:24:45"
"ann2","1777471135060prk2gvx9vss","(zero-shot) 'dirt' (NOUN_wn:14498096n) 'the state of being covered with unclean things' —> He tried to wipe the dirt off his knees after falling into the mud.","NO","29/04/2026, 17:25:03"
"ann2","17774711350600qdpshquw5y","(zero-shot) 'recover' (VERB_wn:01336541v) 'cover anew' —> The painter decided to recover the canvas with a fresh layer of white primer before starting the new portrait.","YES","29/04/2026, 17:25:12"
"ann2","1777471135060bv731h6302f","(zero-shot) 'lead' (VERB_wn:01999798v) 'take somebody somewhere' —> The tour guide will lead the visitors through the ancient ruins.","YES","29/04/2026, 17:25:22"
"ann2","1777471135060qtquy2lxz3i","(zero-shot) 'support' (NOUN_wn:04359589n) 'any device that bears the weight of another thing' —> The statue required a sturdy metal support to keep it from falling over.","YES","29/04/2026, 17:25:30"
"ann2","1777471135060gx7zwmn489","(zero-shot) 'sac' (NOUN_wn:13914473n) 'an enclosed space' —> The embryo developed safely within the protective sac.","YES","29/04/2026, 17:25:39"
"ann2","1777471135060mq5fjn1lxmm","(zero-shot) 'wind' (VERB_wn:01522276v) 'arrange or or coil around' —> The gardener used to wind the thick ivy around the trellis.","YES","29/04/2026, 17:25:48"
"ann2","1777471135060qyh3sx53bw","(zero-shot) 'open_up' (VERB_wn:00540101v) 'become available' —> New job opportunities are beginning to open up in the tech sector.","YES","29/04/2026, 17:25:57"
"ann2","1777471135060ocwqw348tgb","(zero-shot) 'alpine' (ADJ_wn:03025590a) 'relating to the Alps and their inhabitants' —> The ski resort featured traditional alpine chalets nestled among the snow-capped peaks.","YES","29/04/2026, 17:26:06"
"ann2","1777471135060ps7ircai9jc","(zero-shot) 'secondary' (ADJ_wn:01473558a) 'not of major importance' —> The parking lot serves a secondary purpose to the main shopping center.","YES","29/04/2026, 17:26:18"
"ann2","1777471135060tx1rb1gqzuq","(zero-shot) 'prevail' (VERB_wn:01101734v) 'prove superior' —> Experience and skill prevailed over brute strength.","YES","29/04/2026, 17:26:29"
"ann2","177747113506069tsi1k4059","(zero-shot) 'allied' (ADJ_wn:02612939a) 'of or relating to or denoting the Allies in World War II' —> The museum exhibit showcased various pieces of allied military equipment from the European theater.","YES","29/04/2026, 17:26:39"
"ann2","1777471135060sv1u9sysfgl","(zero-shot) 'reservoir' (NOUN_wn:04078747n) 'lake used to store water for community use' —> The city council approved the construction of a new reservoir to ensure a steady supply of drinking water during the drought.","YES","29/04/2026, 17:26:49"
"ann2","1777471135060ym3iqimiij","(zero-shot) 'dullness' (NOUN_wn:04844891n) 'lack of sensibility' —> His response to the tragedy was marked by a complete dullness that left everyone in the room feeling deeply uncomfortable.","YES","29/04/2026, 17:26:58"
"ann2","17774711350605vks9j6iizt","(zero-shot) 'failure' (NOUN_wn:00066636n) 'an act that fails' —> His refusal to study for the exam was a clear example of failure.","YES","29/04/2026, 17:27:13"
"ann2","1777471135060eeacmtpqxx9","(zero-shot) 'puff' (VERB_wn:00797303v) 'speak in a blustering or scornful manner' —> He began to puff out threats when the committee refused to approve his budget request.","YES","29/04/2026, 17:27:22"
"ann2","1777471135060dtk10rp8fn","(zero-shot) 'tap' (VERB_wn:01247804v) 'strike lightly' —> She decided to tap the glass gently to get his attention.","YES","29/04/2026, 17:27:31"
"ann2","1777471135060i33wukp2a3e","(zero-shot) 'elevate' (VERB_wn:00544549v) 'raise in rank or condition' —> The new policy aims to elevate the status of junior employees.","YES","29/04/2026, 17:27:38"
"ann2","1777471135060obyfx6o8nd","(zero-shot) 'exposition' (NOUN_wn:06742173n) 'an account that sets forth the meaning or intent of a writing or discourse' —> The scholar's detailed exposition clarified the poet's hidden motives.","YES","29/04/2026, 17:27:46"
"ann2","1777471135060ww4cb7pto0e","(zero-shot) 'wiry' (ADJ_wn:00216560a) 'of hair that resembles wire in stiffness' —> The old man stroked his wiry beard, which bristled like steel wool against his cheek.","YES","29/04/2026, 17:27:56"
"ann2","1777471135060bb0prnzrvhe","(zero-shot) 'track' (VERB_wn:02001858v) 'go after with the intent to catch' —> The police officer began to track the suspect through the dense forest.","YES","29/04/2026, 17:28:04"
"ann2","1777471135060v0ztmj8og8","(zero-shot) 'run_down' (VERB_wn:02004227v) 'pursue until captured' —> The police managed to run down the fugitive after a lengthy chase.","YES","29/04/2026, 18:03:11"
"ann2","1777471135060vocdkbcgwec","(zero-shot) 'fix' (VERB_wn:01664172v) 'prepare for eating by applying heat' —> She will fix dinner for the guests tonight.","YES","29/04/2026, 18:03:21"
"ann2","1777471135060nu6o7frv2f","(zero-shot) 'visit' (NOUN_wn:01233156n) 'the act of going to see some person or place or thing for a short time' —> We planned a short visit to the museum before heading home.","YES","29/04/2026, 18:03:28"
"ann2","17774711350602pnuf9b69r8","(zero-shot) 'decay' (NOUN_wn:14560612n) 'an inferior state resulting from the process of decaying' —> The forgotten mansion stood as a testament to time, its crumbling walls embodying the physical decay that decades of neglect had wrought.","YES","29/04/2026, 18:03:39"
"ann2","177747113506039bkga48w2","(zero-shot) 'requirement' (NOUN_wn:05892427n) 'something that is required in advance' —> Completing the safety course is a mandatory requirement before you are allowed to operate the machinery.","YES","29/04/2026, 18:03:46"
"ann2","1777471135060f9hi3udod24","(zero-shot) 'pass' (VERB_wn:02051694v) 'move past' —> The car swerved to pass the bicycle on the narrow road.","YES","29/04/2026, 18:03:56"
"ann2","1777471135060bhzu59p9s6s","(zero-shot) 'slip' (NOUN_wn:13127473n) 'a part (sometimes a root or leaf or bud) removed from a plant to propagate a new plant through rooting or grafting' —> She carefully inserted the woody slip into the moist potting soil, hoping it would take root and eventually grow into a full-sized rose bush.","YES","29/04/2026, 18:04:03"
"ann2","1777471135060rl9zoaai32","(zero-shot) 'trust' (NOUN_wn:04895246n) 'the trait of believing in the honesty and reliability of others' —> She earned their trust through years of consistent and honest behavior.","YES","29/04/2026, 18:04:13"
"ann2","1777471135060u6rbz1r9qy","(zero-shot) 'exponent' (NOUN_wn:06812417n) 'a mathematical notation indicating the number of times a quantity is multiplied by itself' —> In the expression $2^3$, the number 3 serves as the exponent.","YES","29/04/2026, 18:04:20"
"ann2","1777471135060s33832q574","(zero-shot) 'spectacle' (NOUN_wn:04271891n) 'an elaborate and remarkable display on a lavish scale' —> The fireworks finale was a dazzling spectacle that left the entire crowd breathless.","YES","29/04/2026, 18:04:27"
"ann2","1777471135060u87wiig6h6","(zero-shot) 'coat' (NOUN_wn:03058107n) 'a thin layer covering something' —> A thin coat of dust covered the antique mirror.","YES","29/04/2026, 18:04:35"
"ann2","1777471135060ig2ivhg1y9a","(zero-shot) 'treason' (NOUN_wn:00749767n) 'an act of deliberate betrayal' —> The general was executed for treason after secretly communicating with the enemy.","YES","29/04/2026, 18:04:44"
"ann2","1777471135060rva7phlivw","(zero-shot) 'swing' (NOUN_wn:01173660n) 'a sweeping blow or stroke' —> The boxer landed a powerful swing that knocked his opponent unconscious.","YES","29/04/2026, 18:04:52"
"ann2","1777471135060yi0mgf80rha","(zero-shot) 'observe' (VERB_wn:02169352v) 'watch attentively' —> The astronomer used the telescope to observe the distant galaxy.","YES","29/04/2026, 18:05:00"
"ann2","177747113506037bxtqspasa","(zero-shot) 'lodge' (VERB_wn:02651424v) 'provide housing for' —> The university will lodge the visiting scholars in the historic west wing.","YES","29/04/2026, 18:05:08"
"ann2","1777471135060pzc01dy58i","(zero-shot) 'circulation' (NOUN_wn:13592598n) '(library science) the count of books that are loaned by a library over a specified period' —> The librarian was thrilled to see a significant increase in the library's circulation during the school's reading week.","YES","29/04/2026, 18:05:16"
"ann2","1777471135060mxvken4lr8i","(zero-shot) 'protrusion' (NOUN_wn:13894434n) 'something that bulges out or is protuberant or projects from its surroundings' —> The surgeon carefully removed the small, painful protrusion from the patient's skin.","YES","29/04/2026, 18:05:23"
"ann2","1777471135060rah4ailf8kb","(zero-shot) 'introduction' (NOUN_wn:00238022n) 'the act of beginning something new' —> The introduction of renewable energy sources has transformed the local power grid.","YES","29/04/2026, 18:05:34"
"ann2","1777471135060ay46yh1ome","(zero-shot) 'ridge' (NOUN_wn:04089152n) 'a beam laid along the edge where two sloping sides of a roof meet at the top; provides an attachment for the upper ends of rafters' —> The carpenter carefully secured the wooden ridge to support the newly installed rafters.","YES","29/04/2026, 18:05:42"
"ann2","1777471135060u4gdfp4uwap","(zero-shot) 'provoke' (VERB_wn:01646866v) 'evoke or provoke to appear or occur' —> The spicy sauce was designed to provoke a strong reaction from the taste buds.","YES","29/04/2026, 18:05:50"
"ann2","1777471135060qo6irk8ga7o","(zero-shot) 'turn_over' (VERB_wn:01866192v) 'move by turning over or rotating' —> The chef gently turned over the steak to ensure it cooked evenly on both sides.","YES","29/04/2026, 18:05:59"
"ann2","1777471135060vlp906pp9x","(zero-shot) 'silk' (NOUN_wn:15041911n) 'animal fibers produced by silkworms and other larvae that spin cocoons and by most spiders' —> The ancient emperor favored robes woven from soft silk to display his immense wealth.","YES","29/04/2026, 18:06:10"
"ann2","1777471135060tf5gibs5biq","(zero-shot) 'unlawful' (ADJ_wn:01408421a) 'having no legally established claim' —> The defendant's attempt to seize the property was deemed unlawful because he lacked any valid legal title to the land.","YES","29/04/2026, 18:06:17"
"ann2","1777471135060t0gmq3ht1p","(zero-shot) 'heroine' (NOUN_wn:10173410n) 'a woman possessing heroic qualities or a woman who has performed heroic deeds' —> Maria was the undisputed heroine of the day, rescuing three children from the raging flood with incredible bravery.","YES","29/04/2026, 18:06:26"
"ann2","177747113506013pm8edos5ug","(zero-shot) 'richness' (NOUN_wn:04958460n) 'a strong deep vividness of hue' —> The artist marveled at the richness of the crimson pigment in her oil paints.","YES","29/04/2026, 18:06:35"
"ann2","1777471135060ezi0yr10ahi","(zero-shot) 'piece' (NOUN_wn:07309457n) 'an instance of some kind' —> That moment was a piece of bad luck.","YES","29/04/2026, 18:06:42"
"ann2","17774711350609s7p0in5hvg","(zero-shot) 'referent' (NOUN_wn:06603494n) 'something referred to; the object of a reference' —> In the study of semantics, scholars analyze the intricate relationship between a specific word and its external referent to understand how language conveys meaning about the world.","YES","29/04/2026, 18:06:49"
"ann2","177747113506045ypuzdr5hf","(zero-shot) 'strain' (VERB_wn:01250474v) 'rub through a strainer or process in an electric blender' —> She strained the tomato sauce to remove the seeds and skin.","YES","29/04/2026, 18:06:56"
"ann2","17774711350609jymmz22g7i","(zero-shot) 'sight' (NOUN_wn:05933054n) 'an instance of visual perception' —> The sudden glimpse of the unicorn took my breath away.","WRONG","29/04/2026, 18:07:09"
"ann2","1777471135060sgxjboomge","(zero-shot) 'experimental' (ADJ_wn:02940392a) 'relating to or based on experiment' —> The scientist published her experimental findings in a leading journal.","YES","29/04/2026, 18:07:18"
"ann2","1777471135060caklc1yvyk","(zero-shot) 'defective' (ADJ_wn:01092572a) 'not working properly' —> The defective toaster failed to brown the bread.","YES","29/04/2026, 18:07:25"
"ann2","17774711350603smfe7k9nyc","(zero-shot) 'pint' (NOUN_wn:13619307n) 'a United States liquid unit equal to 16 fluid ounces; two pints equal one quart' —> She poured a cold pint of root beer into the glass.","YES","29/04/2026, 18:07:36"
"ann2","1777471135060o10frnepgw","(zero-shot) 'separation' (NOUN_wn:05089947n) 'the distance between things' —> The surveyor measured the precise separation between the two boundary markers.","YES","29/04/2026, 18:07:46"
"ann2","1777471135060rri3ftiom6","(zero-shot) 'take_out' (VERB_wn:02486693v) 'make a date' —> He decided to take out Sarah to dinner on Friday night.","YES","29/04/2026, 18:07:56"
"ann2","177747113506074evackf1h8","(zero-shot) 'adjustment' (NOUN_wn:13427078n) 'the process of adapting to something (such as environmental conditions)' —> The team required a period of adjustment to thrive in the high-altitude environment.","YES","29/04/2026, 18:08:04"
"ann2","1777471135060o1rudosre3h","(zero-shot) 'foam' (NOUN_wn:09282724n) 'a mass of small bubbles formed in or on a liquid' —> The dish soap created a thick layer of white foam in the sink.","YES","29/04/2026, 18:08:14"
"ann2","1777471135060cp5gk3dhqtp","(zero-shot) 'strike_out' (VERB_wn:02528833v) 'be unsuccessful in an endeavor' —> The startup struck out in its attempt to secure venture capital funding.","YES","29/04/2026, 18:08:24"
"ann2","1777471135060ql4fhuq4ajd","(zero-shot) 'base' (NOUN_wn:13597794n) '(numeration system) the positive integer that is equivalent to one in the next higher counting place' —> The decimal system uses ten as its base.","YES","29/04/2026, 18:08:35"
"ann2","1777471135060k9jxvp96r6","(zero-shot) 'corner' (NOUN_wn:03109486n) 'the intersection of two streets' —> She waited for her friend at the corner of Fifth Avenue and 42nd Street.","YES","29/04/2026, 18:08:45"
"ann2","1777471135060h0fsrithslo","(zero-shot) 'essential' (ADJ_wn:01580306a) 'absolutely necessary; vitally necessary' —> Water is essential for human survival.","YES","29/04/2026, 18:08:53"
"ann2","17774711350608fsz0xvajap","(zero-shot) 'lieutenant' (NOUN_wn:10259348n) 'a commissioned military officer' —> The lieutenant led the squad through the dense forest.","YES","29/04/2026, 18:09:02"
"ann2","17774711350601ylmch8ytzk","(zero-shot) 'violet' (NOUN_wn:04970758n) 'a variable color that lies beyond blue in the spectrum' —> The artist mixed blue and red pigments to capture the deep hue of violet.","YES","29/04/2026, 18:09:13"
"ann2","1777471135060yirc82dacdh","(zero-shot) 'zero' (ADJ_wn:03145851a) 'of or relating to the null set (a set with no members)' —> The intersection of two disjoint sets results in a zero set containing no elements.","YES","30/04/2026, 10:56:01"
"ann2","177747113506042g417asoon","(zero-shot) 'find' (VERB_wn:00971999v) 'decide on and make a declaration about' —> The jury found the defendant guilty.","YES","30/04/2026, 10:56:10"
"ann2","17774711350605ujg5bkw1f6","(zero-shot) 'long-range' (ADJ_wn:01435060a) 'suitable for or reaching long distances' —> The military deployed new long-range missiles to extend their strategic reach across the Pacific.","YES","30/04/2026, 10:56:18"
"ann2","1777471135060675ct4h9i3q","(zero-shot) 'clear' (VERB_wn:00178235v) 'free (the throat) by making a rasping sound' —> She had to clear her throat before giving the speech.","YES","30/04/2026, 10:56:29"
"ann2","1777471135060444hysdt4um","(zero-shot) 'debate' (NOUN_wn:07140978n) 'a discussion in which reasons are advanced for and against some proposition or proposal' —> The heated debate lasted for hours as both sides presented compelling arguments regarding the new policy.","YES","30/04/2026, 10:56:38"
"ann2","1777471135060k39lxy9d89","(zero-shot) 'insight' (NOUN_wn:07513247n) 'a feeling of understanding' —> Her intuition offered a sudden insight into the situation.","YES","30/04/2026, 10:56:47"
"ann2","1777471135060f40ozkzj859","(zero-shot) 'sanction' (VERB_wn:00806891v) 'give religious sanction to, such as through on oath' —> The ancient priest sought to sanctify the vow by having the witnesses swear an oath before the gods.","WRONG","30/04/2026, 10:56:58"
"ann2","1777471135060zf2lzhz6j9m","(zero-shot) 'expectation' (NOUN_wn:07510923n) 'the feeling that something is about to happen' —> A palpable expectation filled the room as the audience waited for the curtain to rise.","YES","30/04/2026, 10:57:07"
"ann2","1777471135060sjnl3msc2ch","(zero-shot) 'take' (VERB_wn:02599636v) 'carry out' —> The committee decided to take the proposal under consideration.","YES","30/04/2026, 10:57:18"
"ann2","17774711350600819dr9opjy","(zero-shot) 'blindly' (ADV_wn:00064189r) 'without preparation or reflection; without a rational basis' —> He acted blindly by signing the contract without reading the fine print.","YES","30/04/2026, 10:57:26"
"ann2","1777471135060a0w4b5jttbo","(zero-shot) 'settlement' (NOUN_wn:00228535n) 'termination of a business operation by using its assets to discharge its liabilities' —> The company initiated the settlement of the failing division to pay off its outstanding debts.","YES","30/04/2026, 10:57:34"
"ann2","1777471135060nvpf52nv0wb","(zero-shot) 'lecturer' (NOUN_wn:10252222n) 'a public lecturer at certain universities' —> The distinguished lecturer delivered an engaging speech on quantum mechanics to the packed auditorium.","YES","30/04/2026, 10:57:44"
"ann2","1777471135060p7chtjsgvp9","(zero-shot) 'falsify' (VERB_wn:00667942v) 'prove false' —> The defendant sought to falsify the prosecutor's assertion by presenting irrefutable alibi evidence.","YES","30/04/2026, 10:57:54"
"ann2","1777471135060b1uymbsnynl","(zero-shot) 'oppose' (VERB_wn:00775831v) 'be against; express opposition to' —> The community rallied to oppose the new zoning regulations.","YES","30/04/2026, 10:58:04"
"ann2","1777471135060gr82ttu8326","(zero-shot) 'spread' (VERB_wn:00968211v) 'cause to become widely known' —> The rumor quickly spread through the office, causing confusion among the staff.","YES","30/04/2026, 10:58:23"
"ann2","17774711350601jystv5flvt","(zero-shot) 'quart' (NOUN_wn:13622035n) 'a British imperial capacity measure (liquid or dry) equal to 2 pints or 1.136 liters' —> The recipe called for one quart of the rich, homemade apple cider.","YES","30/04/2026, 10:58:34"
"ann2","1777471135060k9bza6vfdxg","(zero-shot) 'blur' (VERB_wn:02161758v) 'to make less distinct or clear' —> The heavy rain began to blur the view through the windshield.","YES","30/04/2026, 10:58:45"
"ann2","1777471135060kxel33ewfb9","(zero-shot) 'lost' (ADJ_wn:02419159a) 'deeply absorbed in thought' —> She was lost in a reverie about her childhood summers.","YES","30/04/2026, 10:58:53"
"ann2","17774711350601zgno4picv8","(zero-shot) 'valuable' (ADJ_wn:02500884a) 'having great material or monetary value especially for use or exchange' —> He sold his valuable coins to a rare dealer.","YES","30/04/2026, 10:59:03"
"ann2","1777471135060i7oy8ly3tka","(zero-shot) 'draw' (VERB_wn:00556593v) 'bring or lead someone to a certain action or condition' —> The sheer chaos of the situation served to draw him into a state of complete panic.","YES","30/04/2026, 10:59:13"
"ann2","17774711350605e0ruvescm4","(zero-shot) 'suffocate' (VERB_wn:00359511v) 'be asphyxiated; die from lack of oxygen' —> The trapped miners began to suffocate as the air supply dwindled.","YES","30/04/2026, 10:59:20"
"ann2","1777471135060m29nsq0obw8","(zero-shot) 'offset' (VERB_wn:02718015v) 'compensate for or counterbalance' —> The warm spices will offset the bitterness of the dark chocolate.","YES","30/04/2026, 10:59:27"
"ann2","1777471135060pjiychxml69","(zero-shot) 'fog' (NOUN_wn:14521648n) 'an atmosphere in which visibility is reduced because of a cloud of some substance' —> The thick fog blanketed the city, obscuring streetlights and reducing visibility to just a few feet.","YES","30/04/2026, 10:59:35"
"ann2","17774711350605lr4w785hpw","(zero-shot) 'assault' (NOUN_wn:00974444n) 'close fighting during the culmination of a military attack' —> The soldiers prepared for the final assault on the fortified hill.","YES","30/04/2026, 10:59:45"
"ann2","1777471135060jyghioa7o0l","(zero-shot) 'ventricle' (NOUN_wn:05391763n) 'a chamber of the heart that receives blood from an atrium and pumps it to the arteries' —> The physician explained that the right ventricle pumps deoxygenated blood to the lungs for oxygenation.","YES","30/04/2026, 10:59:53"
"ann2","17774711350606tw7i1fv4bm","(zero-shot) 'focus' (NOUN_wn:14435187n) 'special emphasis attached to something' —> The documentary's main focus was on the resilience of the local community during the economic crisis.","YES","30/04/2026, 11:00:01"
"ann2","1777471135060zsiijalwfl7","(zero-shot) 'transcribe' (VERB_wn:00995103v) 'write out from speech, notes, etc.' —> The assistant was tasked with transcribing the professor's lecture into a digital document.","YES","30/04/2026, 11:00:09"
"ann2","1777471135060b5hsdm568iu","(zero-shot) 'shift' (VERB_wn:01884974v) 'move sideways or in an unsteady way' —> The loose floorboard shifted under her weight as she walked across the old attic.","YES","30/04/2026, 11:00:17"
"ann2","177747113506046jwmti7xaq","(zero-shot) 'propagation' (NOUN_wn:06253518n) 'the spreading of something (a belief or practice) into new regions' —> The rapid propagation of the new software protocol across global networks surprised the engineering team.","YES","30/04/2026, 11:00:30"
"ann2","1777471135060eecstqxc9zt","(zero-shot) 'alcohol' (NOUN_wn:07884567n) 'a liquor or brew containing alcohol as the active agent' —> The bartender poured two shots of alcohol into the glasses.","YES","30/04/2026, 11:00:38"
"ann2","1777471135060cvoal62aeam","(zero-shot) 'snap' (VERB_wn:01003249v) 'record on photographic film' —> She used her vintage camera to snap a photo of the sunset.","YES","30/04/2026, 11:00:46"
"ann2","1777471135060i9acvesqfg","(zero-shot) 'spike' (NOUN_wn:04276404n) 'a sharp-pointed projection along the top of a fence or wall (or a dinosaur)' —> The gardener carefully inspected the perimeter fence to ensure every metal spike was intact and secure.","YES","30/04/2026, 11:00:54"
"ann2","1777471135060loqlqk3zyx","(zero-shot) 'theater' (NOUN_wn:07006119n) 'the art of writing and producing plays' —> She dedicated her career to the theater, studying both the craft of acting and the nuances of scriptwriting.","YES","30/04/2026, 11:01:01"
"ann2","1777471135060jb7dwyovvq","(zero-shot) 'model' (NOUN_wn:00898804n) 'the act of representing something (usually on a smaller scale)' —> The architect used a clay model to visualize the building's complex geometry.","YES","30/04/2026, 11:01:11"
"ann2","1777471135060tdkculbi9c9","(zero-shot) 'mongolia' (NOUN_wn:08968677n) 'a vast region in Asia including the Mongolian People's Republic and China's Inner Mongolia' —> Nomadic tribes have traditionally roamed across the grasslands of Mongolia.","YES","30/04/2026, 11:01:22"
"ann2","1777471135060vi0rv1g4m4n","(zero-shot) 'core' (NOUN_wn:05921123n) 'the choicest or most essential or most vital part of some idea or experience' —> Trust is the core of any lasting friendship.","YES","30/04/2026, 11:01:33"
"ann2","1777471135060zz3o3kkdafa","(zero-shot) 'post' (VERB_wn:01088923v) 'assign to a station' —> The commander decided to post the guard at the main entrance.","YES","30/04/2026, 11:01:43"
"ann2","1777471135060tc5ho4foxe","(zero-shot) 'board' (NOUN_wn:07565259n) 'food or meals in general' —> The charity provides daily room and board for the displaced families.","YES","30/04/2026, 11:01:53"
"ann2","1777471135060hfg1w8h3nc4","(zero-shot) 'separated' (ADJ_wn:00568304a) 'no longer connected or joined' —> The two halves of the broken plate were separated by a wide gap.","YES","30/04/2026, 11:02:00"
"ann2","1777471135060noaq0urmxbh","(zero-shot) 'topic' (NOUN_wn:06599788n) 'the subject matter of a conversation or discussion' —> The professor selected an intriguing topic for the seminar to stimulate debate among the students.","YES","30/04/2026, 11:02:08"
"ann2","1777471135060fjhnvdt3szj","(zero-shot) 'along' (ADV_wn:00068986r) 'to a more advanced state' —> We rolled along on our skates down the driveway.","NO","30/04/2026, 11:02:16"
"ann2","1777471135060k5w6xgq5jwr","(zero-shot) 'fighter' (NOUN_wn:09939313n) 'someone who fights (or is fighting)' —> The seasoned fighter dodged the punch and countered with a swift kick.","YES","30/04/2026, 11:02:26"
"ann2","1777471135060yfhsmrb89b","(zero-shot) 'sensory' (ADJ_wn:02108665a) 'involving or derived from the senses' —> The museum designed a sensory experience that engaged visitors through sight, sound, and touch.","YES","30/04/2026, 11:02:35"
"ann2","1777471135060hsu5q21xve8","(zero-shot) 'discover' (VERB_wn:02128066v) 'see for the first time; make a discovery' —> Scientists hope to discover new species in the unexplored rainforest.","YES","30/04/2026, 11:02:45"
"ann2","1777471135060zg9s9ym8hdo","(zero-shot) 'filling' (NOUN_wn:13480541n) 'flow into something (as a container)' —> The water filling of the pool took longer than expected.","YES","30/04/2026, 11:02:54"
"ann2","1777471135060qvdupioothd","(zero-shot) 'bass' (NOUN_wn:02565573n) 'nontechnical name for any of numerous edible marine and freshwater spiny-finned fishes' —> We grilled the fresh bass for our dinner party last night.","YES","30/04/2026, 11:03:03"
"ann2","177747113506070y1yb9bi5u","(zero-shot) 'scoop' (NOUN_wn:13894306n) 'a hollow concave shape made by removing something' —> The ice cream truck driver served a generous scoop of vanilla to the waiting children.","NO","30/04/2026, 11:03:12"
"ann2","1777471135060x093bkp4hpf","(zero-shot) 'sway' (VERB_wn:01875295v) 'move back and forth or sideways' —> The tall palm trees began to sway in the strong ocean breeze.","YES","30/04/2026, 11:03:22"
"ann2","17774711350609w2qzwt8yx","(zero-shot) 'splendid' (ADJ_wn:00219389a) 'having great beauty and splendor' —> The ancient palace stood in splendid isolation, its golden domes reflecting the afternoon sun.","YES","30/04/2026, 11:03:32"
"ann2","1777471135060xwytsgchc8c","(zero-shot) 'border' (NOUN_wn:03780247n) 'a decorative recessed or relieved surface on an edge' —> The antique frame featured an intricate carved border around the mirror.","YES","30/04/2026, 11:03:42"
"ann2","1777471135060mwjgvw8lx3r","(zero-shot) 'passion' (NOUN_wn:05813229n) 'any object of warm affection or devotion' —> Her lifelong passion was restoring antique violins.","YES","30/04/2026, 11:03:51"
"ann2","177747113506032mpsgqj4m8","(zero-shot) 'rigorous' (ADJ_wn:00915556a) 'rigidly accurate; allowing no deviation from a standard' —> The professor insisted on a rigorous standard for all student research papers, ensuring every citation was verified and every argument supported by data.","YES","30/04/2026, 11:03:59"
"ann2","1777471135060o4eaipbmgb","(zero-shot) 'show' (NOUN_wn:00520257n) 'the act of publicly exhibiting or entertaining' —> The evening's main show featured a breathtaking magic performance.","YES","30/04/2026, 11:04:09"
"ann2","17774711350609xdiq0lkjwe","(zero-shot) 'append' (VERB_wn:01328513v) 'fix to; attach' —> The editor decided to append the missing photographs to the end of the chapter.","YES","30/04/2026, 11:04:19"
"ann2","1777471135060zb9yziohlgl","(zero-shot) 'semiconductor' (NOUN_wn:04171831n) 'a conductor made with semiconducting material' —> The engineer carefully soldered the silicon semiconductor onto the circuit board to complete the electronic device.","YES","30/04/2026, 11:04:29"
"ann2","1777471135060r33fbk4uafb","(zero-shot) 'come_on' (VERB_wn:00348103v) 'occur or become available' —> The new season of the show comes on this Friday.","YES","30/04/2026, 11:04:41"
"ann2","1777471135060wmqxxo1zp9l","(zero-shot) 'yield' (VERB_wn:02316649v) 'give over; surrender or relinquish to the physical control of another' —> The defeated general was forced to yield the fortress to the advancing enemy troops.","YES","30/04/2026, 11:04:51"
"ann2","1777471135060nukbar1ev1p","(zero-shot) 'ordinary' (NOUN_wn:03853734n) '(heraldry) any of several conventional figures used on shields' —> The coat of arms displayed a unique arrangement of ordinary figures rather than the more common charges.","YES","30/04/2026, 11:05:02"
"ann2","1777471135060xbzgwb1fgh","(zero-shot) 'tie' (NOUN_wn:04433377n) 'a horizontal beam used to prevent two other structural members from spreading apart or separating' —> The masons installed a stone tie across the arch to keep the sides from pushing outward.","YES","30/04/2026, 11:05:12"
"ann2","1777471135060utnocl21i1","(zero-shot) 'work_out' (VERB_wn:00251463v) 'work out in detail' —> We need to work out the specific details of the contract before signing.","YES","30/04/2026, 11:05:20"
"ann2","177747113506047m187i9btu","(zero-shot) 'chain' (NOUN_wn:08057816n) '(business) a number of similar establishments (stores or restaurants or banks or hotels or theaters) under one ownership' —> The company expanded its retail chain by opening three new locations in the southern region.","YES","30/04/2026, 11:05:30"
"ann2","1777471135060bg0e178rf","(zero-shot) 'hearty' (ADJ_wn:01171746a) 'endowed with or exhibiting great bodily or mental health' —> The elderly hiker climbed the mountain with hearty vigor.","YES","30/04/2026, 11:05:39"
"ann2","1777471135060wafc38qkynk","(zero-shot) 'bass' (NOUN_wn:06872354n) 'the lowest adult male singing voice' —> The opera's deep bass provided a rich foundation for the ensemble's performance.","YES","30/04/2026, 11:05:49"
"ann2","1777471135060fd2y4ir9g3d","(zero-shot) 'tremor' (NOUN_wn:07429484n) 'a small earthquake' —> The residents felt a slight tremor beneath their feet during the dinner party.","YES","30/04/2026, 11:05:59"
"ann2","1777471135060sde2jpjbde","(zero-shot) 'advocate' (VERB_wn:00875141v) 'push for something' —> Many experts advocate for stricter environmental regulations to combat climate change.","YES","30/04/2026, 11:06:08"
"ann2","1777471135060m9zl52b15t","(zero-shot) 'melon' (NOUN_wn:07755411n) 'any of numerous fruits of the gourd family having a hard rind and sweet juicy flesh' —> She sliced a watermelon for the summer picnic.","YES","30/04/2026, 11:07:04"
"ann2","1777471135060wh5z1iz1tcq","(zero-shot) 'transport' (NOUN_wn:01105259n) 'the commercial enterprise of moving goods and materials' —> The global supply chain relies heavily on efficient transport to deliver raw materials to manufacturing hubs.","YES","30/04/2026, 11:07:16"
"ann2","1777471135060ipgt33pv9q","(zero-shot) 'minority' (NOUN_wn:05122850n) 'being or relating to the smaller in number of two parts' —> The vote was decided by a narrow margin, with the minority holding only forty percent of the total ballots.","YES","30/04/2026, 11:07:25"
"ann2","1777471135060k12dez7irsm","(zero-shot) 'lateral' (ADJ_wn:02441469a) 'situated at or extending to the side; ; - Tennyson' —> The surgeon carefully incised the lateral tissue to avoid damaging the central nerve cluster.","YES","30/04/2026, 11:07:36"
"ann2","1777471135060sqethbljqj","(zero-shot) 'aesthetic' (ADJ_wn:00069531a) 'concerning or characterized by an appreciation of beauty or good taste' —> The gallery curator possessed a keen aesthetic sense that allowed her to curate exhibitions with striking visual harmony.","YES","30/04/2026, 11:07:46"
"ann2","177747113506057l0n54q3wf","(zero-shot) 'realism' (NOUN_wn:05974564n) '(philosophy) the philosophical doctrine that abstract concepts exist independent of their names' —> The medieval debate between nominalism and realism centered on whether universals have an objective existence.","YES","30/04/2026, 11:07:55"
"ann2","1777471135060qcnk5m9q4r","(zero-shot) 'laterally' (ADV_wn:00386587r) 'in a lateral direction or location' —> The tumor extended laterally into the surrounding tissue.","YES","30/04/2026, 11:08:02"
"ann2","1777471135060edi26mtm8xw","(zero-shot) 'dimension' (NOUN_wn:05091194n) 'magnitude or extent' —> The third dimension of the hologram created a stunning illusion of depth.","NO","30/04/2026, 11:08:12"
"ann2","1777471135060x12gy184jx","(zero-shot) 'appeal' (NOUN_wn:07186828n) 'earnest or urgent request' —> The committee made a desperate appeal for volunteers to help rebuild the neighborhood after the storm.","YES","30/04/2026, 11:08:23"
"ann2","1777471135060m2ln4uzcf8d","(zero-shot) 'urinary' (ADJ_wn:03008345a) 'of or relating to the urinary system of the body' —> The patient visited the specialist for a thorough evaluation of their urinary tract.","YES","30/04/2026, 11:08:33"
"ann2","1777471135060xm4ptwjyqyr","(zero-shot) 'light' (VERB_wn:01978700v) 'to come to rest, settle' —> The dust motes began to light on the windowsill.","YES","30/04/2026, 11:08:42"
"ann2","1777471135060tz4smnbbv5","(zero-shot) 'wheel' (VERB_wn:02046075v) 'change directions as if revolving on a pivot' —> The crane operator decided to wheel the boom toward the north face of the cliff.","YES","30/04/2026, 11:08:53"
"ann2","1777471135060x5rzhb44u4","(zero-shot) 'digit' (NOUN_wn:05566097n) 'a finger or toe in human beings or corresponding body part in other vertebrates' —> The baby's tiny foot has five distinct digits.","YES","30/04/2026, 11:09:03"
"ann2","1777471135060vrcy53rfvb","(zero-shot) 'rise' (VERB_wn:00432436v) 'become more extreme' —> Tensions continued to rise during the heated negotiation.","YES","30/04/2026, 11:09:16"
"ann2","1777471135060yw0xdbo036","(zero-shot) 'peak' (NOUN_wn:13653902n) 'the most extreme possible amount or value' —> The company experienced its peak sales during the holiday season.","YES","30/04/2026, 11:09:26"
"ann2","1777471135060qnj11vg99y","(zero-shot) 'split' (NOUN_wn:04282664n) '(tenpin bowling) a divided formation of pins left standing after the first bowl' —> Even though he left a split, he managed to pick up the spare with a precise shot.","YES","30/04/2026, 11:09:36"
"ann2","1777471135060zo1fz29chbk","(zero-shot) 'result' (NOUN_wn:06333285n) 'the semantic role of the noun phrase whose referent exists only by virtue of the activity denoted by the verb in the clause' —> The collective joy of the crowd was the direct result of the team's victory.","NO","30/04/2026, 11:09:46"
"ann2","1777471135060bzeiruil12w","(zero-shot) 'corresponding' (ADJ_wn:01974451a) 'accompanying' —> The blueprint included a map showing the corresponding terrain features.","NO","30/04/2026, 11:10:03"
"ann2","17774711350600k2zw1uyw4rq","(zero-shot) 'prevail' (VERB_wn:00777793v) 'use persuasion successfully' —> She managed to prevail upon her hesitant colleagues to adopt the new strategy.","YES","30/04/2026, 11:10:13"
"ann2","1777471135060sx1wpfgb38f","(zero-shot) 'channel' (NOUN_wn:13893786n) 'a long narrow furrow cut either by a natural process (such as erosion) or by a tool (as e.g. a groove in a phonograph record)' —> The stylus vibrated within the tiny channel of the vinyl record.","YES","30/04/2026, 11:10:23"
"ann2","17774711350608fwharzi0h4","(zero-shot) 'suffering' (NOUN_wn:14448910n) 'misery resulting from affliction' —> The refugees sought sanctuary from the suffering caused by the relentless conflict.","YES","30/04/2026, 11:10:32"
"ann2","17774711350604ueq3au2fsm","(zero-shot) 'rack' (VERB_wn:01798678v) 'stretch to the limits' —> She would rack her brain to remember the name of the actor from that obscure film.","YES","30/04/2026, 11:10:44"
"ann2","1777471135060evib1o5qlkj","(zero-shot) 'unskilled' (ADJ_wn:01870636a) 'lacking professional skill or expertise' —> The contractor hired unskilled laborers to clear the debris from the construction site.","YES","30/04/2026, 11:10:54"
"ann2","17774711350606a9zbnumyat","(zero-shot) 'fortunate' (ADJ_wn:00670938a) 'supremely favored' —> The fortunate winner found himself supremely favored by the unexpected inheritance.","YES","30/04/2026, 11:11:01"
"ann2","17774711350605etcu74c4g5","(zero-shot) 'unused' (ADJ_wn:00418198a) 'not yet used or soiled' —> She kept a stash of unused stamps in her desk drawer for future correspondence.","YES","30/04/2026, 11:11:10"
"ann2","1777471135060bf7yk8crkvn","(zero-shot) 'protest' (NOUN_wn:01177033n) 'the act of protesting; a public (often organized) manifestation of dissent' —> The crowd gathered peacefully in the town square to hold a protest against the new legislation.","YES","30/04/2026, 11:11:20"
"ann2","1777471135060hl2bxd02b6j","(zero-shot) 'trouble' (VERB_wn:02507736v) 'to cause inconvenience or discomfort to' —> The noisy construction work is troubling the residents of the apartment building.","YES","30/04/2026, 11:11:30"
"ann2","1777471135060el3sianj69u","(zero-shot) 'tapestry' (NOUN_wn:04767023n) 'something that resembles a tapestry in its complex pictorial designs' —> The night sky was a magnificent tapestry of stars and nebulae.","YES","30/04/2026, 11:11:38"
"ann2","17774711350609plf2zyzdnd","(zero-shot) 'breadth' (NOUN_wn:05136150n) 'the extent of something from side to side' —> The breadth of the river made it impossible for the swimmers to reach the other side quickly.","YES","30/04/2026, 11:11:45"
"ann2","1777471135060dyt0vgn5bkc","(zero-shot) 'alcohol' (NOUN_wn:14708720n) 'any of a series of volatile hydroxyl compounds that are made from hydrocarbons by distillation' —> The chemist explained that methanol and ethanol are common examples of alcohol.","YES","30/04/2026, 11:11:55"
"ann2","177747113506028ytn0t1otd","(zero-shot) 'settlement' (NOUN_wn:07177924n) 'a conclusive resolution of a matter and disposition of it' —> The legal dispute reached a final settlement after years of litigation.","YES","30/04/2026, 11:12:02"
"ann2","1777471135060uyq77tewzaq","(zero-shot) 'promptly' (ADV_wn:00105603r) 'with little or no delay' —> The server responded promptly to the incoming request.","YES","30/04/2026, 11:12:10"
"ann2","1777471135060emndl8pyf4k","(zero-shot) 'hades' (NOUN_wn:05629381n) '(religion) the world of the dead; -Theognis' —> The poet Theognis warned that the unjust would suffer greatly in Hades.","YES","30/04/2026, 11:12:21"
"ann2","1777471135060zb2kjbm0aka","(zero-shot) 'go_down' (VERB_wn:01970826v) 'move downward and lower, but not necessarily all the way' —> The sun began to go down behind the distant mountains.","YES","30/04/2026, 11:12:29"
"ann2","17774711350607cuvmaqb2xf","(zero-shot) 'gem' (NOUN_wn:10221656n) 'a person who is as brilliant and precious as a piece of jewelry' —> My daughter is a real gem.","YES","30/04/2026, 11:12:39"
"ann2","1777471135060kk70gvs2q38","(zero-shot) 'solid' (ADJ_wn:02263680a) 'entirely of one substance with no holes inside' —> The sculptor carved a solid block of marble to ensure the statue had no internal voids.","YES","30/04/2026, 11:12:48"
"ann2","1777471135060mefk1bh9xmj","(zero-shot) 'round' (NOUN_wn:03032811n) 'any circular or rotating mechanism' —> The machine operator carefully aligned the rotating round to ensure precise gear engagement.","YES","30/04/2026, 11:12:58"
"ann2","1777471135060c0njx08wy9k","(zero-shot) 'sentiment' (NOUN_wn:07481951n) 'tender, romantic, or nostalgic feeling or emotion' —> The old photograph evoked a deep sense of sentiment for her childhood summers by the lake.","YES","30/04/2026, 11:13:07"
"ann2","1777471135060za7wgv3gbu","(zero-shot) 'fair' (NOUN_wn:00519333n) 'a traveling show; having sideshows and rides and games of skill etc.' —> The children eagerly awaited the annual county fair, hoping to win prizes at the ring-toss games.","YES","30/04/2026, 11:13:16"
"ann2","1777471135060a6r2r0r9r9n","(zero-shot) 'lead' (NOUN_wn:05157143n) 'an advantage held by a competitor in a race' —> The runner built a significant lead over her rivals in the final lap.","YES","30/04/2026, 11:13:28"
"ann2","1777471135060klat3688gb9","(zero-shot) 'climax' (NOUN_wn:07417043n) 'the highest point of anything conceived of as growing or developing or unfolding' —> The film builds tension for hours before reaching its dramatic climax.","YES","30/04/2026, 11:13:38"
"ann2","1777471135060hzul73xu5dl","(zero-shot) 'accomplish' (VERB_wn:01640855v) 'put in effect' —> The government worked tirelessly to accomplish the new legislative reforms.","YES","30/04/2026, 11:13:50"
"ann2","1777471135060eoq2jzjh01a","(zero-shot) 'prevail' (VERB_wn:02644234v) 'be larger in number, quantity, power, status or importance' —> Democracy eventually prevailed in the nation's political landscape.","YES","30/04/2026, 11:13:59"
"ann2","1777471135060cscm7e8j0l7","(zero-shot) 'regard' (VERB_wn:02677097v) 'connect closely and often incriminatingly' —> Investigators began to regard the shattered window with the muddy footprints found directly behind it.","YES","30/04/2026, 11:14:21"
"ann2","1777471135060c7b7fk3ylce","(zero-shot) 'manage' (VERB_wn:02436349v) 'be in charge of, act on, or dispose of' —> She will manage the funds according to the donor's wishes.","YES","30/04/2026, 11:14:28"
"ann2","1777471135060qnp3yt3tge","(zero-shot) 'operational' (ADJ_wn:03014288a) 'pertaining to a process or series of actions for achieving a result' —> The team reviewed the operational guidelines to ensure the new software deployment would proceed smoothly.","YES","30/04/2026, 11:14:37"
"ann2","1777471135060g2qjqo65a4b","(zero-shot) 'radius' (NOUN_wn:08628578n) 'a circular region whose area is indicated by the length of its radius' —> The campsite was located within a radius of two miles from the main trail.","YES","30/04/2026, 11:14:46"
"ann2","17774711350604xe9e29ofe","(zero-shot) 'reversible' (ADJ_wn:01760488a) 'capable of being reversed' —> The jacket features a reversible design, allowing you to wear it in two different colors.","YES","30/04/2026, 14:43:56"
"ann2","1777471135060o651p8zzy5","(zero-shot) 'hours' (NOUN_wn:15117516n) 'an indefinite period of time' —> She waited for hours in the cold rain.","YES","30/04/2026, 14:44:07"
"ann2","1777471135060vexlkhqruqd","(zero-shot) 'keep_up' (VERB_wn:00020449v) 'prevent from going to bed at night' —> The loud party next door kept us up until dawn.","YES","30/04/2026, 14:44:16"
"ann2","1777471135060y8xtrtmfoyp","(zero-shot) 'by-product' (NOUN_wn:02930492n) 'a product made during the manufacture of something else' —> The soft wax used to polish shoes is a by-product of the soap-making process.","YES","30/04/2026, 14:44:26"
"ann2","1777471135060wn388vc6ozo","(zero-shot) 'horseradish' (NOUN_wn:07824383n) 'grated horseradish root' —> She added a sharp kick to the aioli by mixing in freshly grated horseradish.","YES","30/04/2026, 14:44:36"
"ann2","1777471135060u1rk7zgfvv","(zero-shot) 'stick' (VERB_wn:01614426v) 'fasten with or as with pins or nails' —> She used small nails to stick the notice to the board.","YES","30/04/2026, 14:44:44"
"ann2","1777471135060sbwoe646jaf","(zero-shot) 'stuffing' (NOUN_wn:04345458n) 'padding put in mattresses and cushions and upholstered furniture' —> The old sofa needed new stuffing to restore its comfort.","YES","30/04/2026, 14:44:53"
"ann2","17774711350604mqccqh7owj","(zero-shot) 'gnaw' (VERB_wn:01445597v) 'bite or chew on with the teeth' —> The beaver continued to gnaw through the thick wooden branch.","YES","30/04/2026, 14:45:03"
"ann2","1777471135060oxtcjlz9m6o","(zero-shot) 'composition' (NOUN_wn:00929718n) 'the act of creating written works' —> Her dedication to the composition of the novel kept her working late into the night.","YES","30/04/2026, 14:45:12"
"ann2","177747113506026wk8hl2tqc","(zero-shot) 'engraving' (NOUN_wn:00938791n) 'making engraved or etched plates and printing designs from them' —> The artist spent decades mastering the intricate craft of engraving to produce highly detailed prints.","YES","30/04/2026, 14:45:22"
"ann2","17774711350603ak86mozuhx","(zero-shot) 'shorten' (VERB_wn:00201034v) 'edit by omitting or modifying parts considered indelicate' —> The editor decided to shorten the controversial interview by removing the most offensive remarks.","YES","30/04/2026, 14:45:33"
"ann2","17774711350608uba8amzyro","(zero-shot) 'heath' (NOUN_wn:12226932n) 'a low evergreen shrub of the family Ericaceae; has small bell-shaped pink or purple flowers' —> The garden path was bordered by a dense row of fragrant heath, its tiny pink blossoms contrasting beautifully with the dark green foliage.","YES","30/04/2026, 14:45:43"
"ann2","17774711350606fbfio0kawn","(zero-shot) 'inspiration' (NOUN_wn:00836788n) 'the act of inhaling; the drawing in of air (or other gases) as in breathing' —> The therapist instructed the patient to monitor their rate of inspiration during the breathing exercise.","YES","30/04/2026, 14:45:53"
"ann2","17774711350603kv7xw4bzxa","(zero-shot) 'disperse' (VERB_wn:02030424v) 'to cause to separate and go in different directions' —> The sudden arrival of law enforcement caused the protestors to disperse.","YES","30/04/2026, 14:46:40"
"ann2","1777471135060dvxp9jyr14g","(zero-shot) 'thread' (VERB_wn:01359432v) 'thread on or as if on a string' —> The cook carefully threaded the vegetables onto the wooden skewer.","YES","30/04/2026, 14:46:50"
"ann2","1777471135060ka59ijxg3eq","(zero-shot) 'accessible' (ADJ_wn:00134251a) 'easy to get along with or talk to; friendly' —> Her warm smile made the new intern feel immediately welcome and accessible.","YES","30/04/2026, 14:47:32"
"ann2","1777471135060wh8zjywv1t","(zero-shot) 'mantle' (NOUN_wn:11155196n) 'United States baseball player (1931-1997)' —> Joe Mantle was a skilled shortstop who played his entire Major League Baseball career for the Kansas City Athletics.","YES","30/04/2026, 14:47:42"
"ann2","1777471135060xny99fvc3u9","(zero-shot) 'charge' (VERB_wn:00843468v) 'blame for, make a claim of wrongdoing or misbehavior against' —> The prosecutor decided to charge the suspect with burglary after finding his fingerprints at the scene.","YES","30/04/2026, 14:47:52"
"ann2","1777471135060uzkzj5xl2k9","(zero-shot) 'reality' (NOUN_wn:13955461n) 'the state of being actual or real' —> He struggled to distinguish the vivid dream from the harsh reality.","YES","30/04/2026, 14:48:01"
"ann2","1777471135060pqoi3ikalq8","(zero-shot) 'presentation' (NOUN_wn:01048697n) 'the activity of formally presenting something (as a prize or reward)' —> The presentation of the trophy was delayed until the halftime show concluded.","YES","30/04/2026, 14:48:11"
"ann2","1777471135060v76arxub5ws","(zero-shot) 'irritating' (ADJ_wn:00089550a) 'causing irritation or annoyance' —> The high-pitched buzzing of the fly was incredibly irritating.","YES","30/04/2026, 14:48:18"
"ann2","1777471135060eu2xc3urr09","(zero-shot) 'proximity' (NOUN_wn:06250771n) 'a Gestalt principle of organization holding that (other things being equal) objects or events that are near to one another (in space or time) are perceived as belonging together as a unit' —> The designer arranged the menu items with careful attention to proximity, ensuring that related options were visually grouped to aid user navigation.","YES","30/04/2026, 14:48:26"
"ann2","1777471135060s31joorm3w","(zero-shot) 'tangle' (NOUN_wn:05685879n) 'something jumbled or confused' —> She struggled to make sense of the tangle of conflicting instructions.","YES","30/04/2026, 14:48:35"
"ann2","177747113506073m0yunum26","(zero-shot) 'motor' (ADJ_wn:00324481a) 'causing or able to cause motion' —> The powerful engine provided the motor force that propelled the heavy vehicle up the steep hill.","YES","30/04/2026, 14:48:43"
"ann2","1777471135060dosh3u0o1oj","(zero-shot) 'distill' (VERB_wn:00229026v) 'undergo the process of distillation' —> The crude oil distills in the refinery tower to separate its various components.","YES","30/04/2026, 14:48:52"
"ann2","1777471135060hhvcqhn6yku","(zero-shot) 'crowd' (VERB_wn:02054864v) 'approach a certain age or speed' —> The old sedan began to crowd eighty miles per hour as we hit the straightaway.","YES","30/04/2026, 14:49:00"
"ann2","17774711350600ybndy961nra","(zero-shot) 'applaud' (VERB_wn:00861929v) 'clap one's hands or shout after performances to indicate approval' —> The audience began to applaud as the curtains slowly closed.","YES","30/04/2026, 14:49:08"
"ann2","1777471135060lw7dwicjtt","(zero-shot) 'fit' (VERB_wn:00300537v) 'make fit' —> The tailor will fit the suit to your measurements.","YES","30/04/2026, 14:49:16"
"ann2","1777471135060h5jdpf6dpe8","(zero-shot) 'order' (NOUN_wn:13950812n) '(usually plural) the status or rank or office of a Christian clergyman in an ecclesiastical hierarchy' —> The bishop celebrated the liturgy with priests and deacons, who together represent the various orders of the clergy.","YES","30/04/2026, 14:49:25"
"ann2","177747113506008tqg86dxoio","(zero-shot) 'lawful' (ADJ_wn:01401224a) 'authorized, sanctioned by, or in accordance with law' —> The prosecutor insisted that the surveillance operations were entirely lawful under the new privacy regulations.","YES","30/04/2026, 14:49:35"
"ann2","1777471135060z2af1f2oyy","(zero-shot) 'take' (VERB_wn:02201138v) 'to get into a position of having, e.g., safety, comfort' —> The weary hikers decided to take refuge in the sturdy cabin.","YES","30/04/2026, 14:49:45"
"ann2","1777471135060vm3b7osstvk","(zero-shot) 'hold' (NOUN_wn:05197232n) 'power by which something or someone is affected or dominated' —> The propaganda campaign gave the regime a tight hold on the public's imagination.","YES","30/04/2026, 14:49:52"
"ann2","1777471135060sql0ngdykl","(zero-shot) 'self-conscious' (ADJ_wn:00480965a) 'excessively and uncomfortably conscious of your appearance or behavior' —> She felt too self-conscious to dance at the party.","YES","30/04/2026, 14:50:01"
"ann2","17774711350603t5qjw6p48v","(zero-shot) 'depression' (NOUN_wn:00112674n) 'pushing down' —> The sudden depression of the piston created a vacuum inside the cylinder.","YES","30/04/2026, 14:50:11"
"ann2","1777471135060i8d9viyrvob","(zero-shot) 'observe' (VERB_wn:02457233v) 'show respect towards' —> The congregation silently observed the sacred traditions.","YES","30/04/2026, 14:50:19"
"ann2","17774711350601mnct4ka80nj","(zero-shot) 'poison' (VERB_wn:00532429v) 'add poison to' —> The villain decided to poison the king's wine.","YES","30/04/2026, 14:50:30"
"ann2","1777471135060ilb4quzg1pp","(zero-shot) 'shock' (NOUN_wn:07298982n) 'an unpleasant or disappointing surprise' —> The team was in shock after their beloved coach resigned unexpectedly.","YES","30/04/2026, 14:50:44"
"ann2","1777471135060xv0crkwkmre","(zero-shot) 'aside' (ADV_wn:00233687r) 'in reserve; not for immediate use' —> He kept a small amount of money aside for emergencies.","YES","30/04/2026, 14:50:52"
"ann2","1777471135060qp654ogfmqd","(zero-shot) 'cut_off' (VERB_wn:01299268v) 'remove by or as if by cutting' —> The gardener carefully cut off the dead branches from the rose bush.","YES","30/04/2026, 14:50:59"
"ann2","1777471135060ncr02tzz5j","(zero-shot) 'pass' (VERB_wn:02523953v) 'accept or judge as acceptable' —> The committee decided to pass the proposal after reviewing the final budget.","YES","30/04/2026, 14:51:08"
"ann2","1777471135060jkk5atk619p","(zero-shot) 'identify' (VERB_wn:00691944v) 'consider (oneself) as similar to somebody else' —> She tended to identify with the protagonist because they shared a similar struggle for independence.","YES","30/04/2026, 14:51:16"
"ann2","1777471135060hm4n7utdptl","(zero-shot) 'tragic' (ADJ_wn:02973241a) 'of or relating to or characteristic of tragedy' —> The tragic loss of his childhood home left an indelible mark on his psyche.","YES","30/04/2026, 14:51:29"
"ann2","1777471135060iocg3kkj7jh","(zero-shot) 'adoption' (NOUN_wn:00084371n) 'the appropriation (of ideas or words etc) from another source' —> The poet's vocabulary showed a clear adoption of archaic terms from regional folklore.","YES","30/04/2026, 14:51:39"
"ann2","1777471135060gxvr713kno9","(zero-shot) 'bore' (VERB_wn:02302220v) 'have rightfully; of rights, titles, and offices' —> She does not bore the title of CEO by virtue of her family name, but through her own hard work and leadership.","YES","30/04/2026, 14:51:59"
"ann2","17774711350609707s20axq","(zero-shot) 'bound' (NOUN_wn:05124057n) 'the greatest possible degree of something' —> The artist pushed her creativity to the absolute bound.","YES","30/04/2026, 14:52:08"
"ann2","1777471135060yvogap42won","(zero-shot) 'twist' (NOUN_wn:00534631n) 'social dancing in which couples vigorously twist their hips and arms in time to the music; was popular in the 1960s' —> The band played an upbeat tune that got everyone on the floor to do the twist.","YES","30/04/2026, 14:52:16"
"ann2","1777471135060nntqc4ildbc","(zero-shot) 'bloom' (NOUN_wn:11669335n) 'reproductive organ of angiosperm plants especially one having showy or colorful parts' —> The delicate bloom of the rose added a splash of vibrant color to the garden.","YES","30/04/2026, 14:52:26"
"ann2","1777471135060rwokqrudh5","(zero-shot) 'sordid' (ADJ_wn:00031384a) 'meanly avaricious and mercenary' —> The sordid landlady counted every copper penny with a greedy gleam in her eye.","YES","30/04/2026, 14:52:34"
"ann2","17774711350608lbdcok5ikc","(zero-shot) 'striker' (NOUN_wn:10663745n) 'an employee on strike against an employer' —> The picket line was led by a determined striker holding a handmade sign.","YES","30/04/2026, 14:52:41"
"ann2","1777471135060vodhmkbqt7h","(zero-shot) 'evidence' (NOUN_wn:05823932n) 'your basis for belief or disbelief; knowledge on which to base belief' —> The detective carefully gathered physical evidence to support his theory about the crime.","YES","30/04/2026, 14:52:54"
"ann2","17774711350600su5izem1q4","(zero-shot) 'fit' (VERB_wn:02667900v) 'satisfy a condition or restriction' —> The proposed budget does not fit within the strict financial limitations set by the board.","YES","30/04/2026, 14:53:05"
"ann2","17774711350604ctcm6t27w3","(zero-shot) 'refined' (ADJ_wn:01142069a) 'suggesting taste, ease, and wealth' —> The guest in the tuxedo moved through the marble foyer with a refined grace that silenced the crowded room.","YES","30/04/2026, 14:53:14"
"ann2","17774711350606jbgp9sxl9a","(zero-shot) 'core' (NOUN_wn:08242223n) 'a small group of indispensable persons or things' —> The core of the team remained loyal even after the restructuring.","YES","30/04/2026, 14:53:22"
"ann2","17774711350607cu432xjevx","(zero-shot) 'notable' (ADJ_wn:02586957a) 'worthy of notice' —> The scientist made a notable discovery that changed our understanding of genetics.","YES","30/04/2026, 14:53:32"
"ann2","17774711350602dxhynpixmh","(zero-shot) 'opposite' (ADJ_wn:02067913a) 'altogether different in nature or quality or significance; ; - Charles Reade' —> The two candidates held opposite views on the proposed tax reform.","YES","30/04/2026, 14:53:40"
"ann2","17774711350606np3u1glljb","(zero-shot) 'sturdy' (ADJ_wn:01025913a) 'not making concessions' —> She remained sturdy in her commitment to the original budget despite mounting pressure to increase spending.","YES","30/04/2026, 14:53:49"
"ann2","1777471135060amvri7f9xc5","(zero-shot) 'alliance' (NOUN_wn:14418822n) 'the state of being allied or confederated' —> The strategic alliance between the two corporations strengthened their position in the global market.","YES","30/04/2026, 14:53:57"
"ann2","1777471135060963y5owxngn","(zero-shot) 'pass' (VERB_wn:00803325v) 'grant authorization or clearance for' —> The committee voted to pass the new security protocols.","YES","30/04/2026, 14:54:08"
"ann2","1777471135060yuyeem53pmg","(zero-shot) 'accomplish' (VERB_wn:02526085v) 'to gain with effort' —> It took years of diligent practice for her to finally accomplish her goal of playing the sonata flawlessly.","YES","30/04/2026, 14:54:18"
"ann2","1777471135060k1o0g6xuxp","(zero-shot) 'take' (VERB_wn:01930482v) 'proceed along in a vehicle' —> We decided to take the scenic route along the coast.","YES","30/04/2026, 14:54:27"
"ann2","17774711350609r34a12s8g","(zero-shot) 'sacred' (ADJ_wn:02055062a) 'concerned with religion or religious purposes' —> The monks entered the sacred temple to begin their morning prayers.","YES","30/04/2026, 14:54:34"
"ann2","17774711350602b6dndl8ii1","(zero-shot) 'decay' (NOUN_wn:11444643n) 'the organic phenomenon of rotting' —> The sweet smell of decay rose from the pile of fallen leaves in the autumn garden.","YES","30/04/2026, 14:54:43"
"ann2","1777471135060udyrhu78ess","(zero-shot) 'extend' (VERB_wn:02054989v) 'extend or stretch out to a greater or the full length' —> The vine will extend across the garden wall.","YES","30/04/2026, 14:54:53"
"ann2","177747113506041z3e9uduq8","(zero-shot) 'provoke' (VERB_wn:01789514v) 'annoy continually or chronically' —> Her constant complaining seemed to provoke his irritation.","NO","30/04/2026, 14:55:03"
"ann2","1777471135060z1l6wy6c1h","(zero-shot) 'boss' (NOUN_wn:10403162n) 'a leader in a political party who controls votes and dictates appointments' —> The political boss didled the nominations to ensure his allies secured the most influential seats in the legislature.","YES","30/04/2026, 14:55:11"
"ann2","17774711350606w2bclg8i1p","(zero-shot) 'bark' (VERB_wn:00511763v) 'tan (a skin) with bark tannins' —> The artisan used oak bark to bark the raw leather hides.","YES","30/04/2026, 14:55:19"
"ann2","1777471135060xu67sm0edle","(zero-shot) 'attack' (VERB_wn:01118449v) 'take the initiative and go on the offensive' —> The cavalry decided to attack at dawn.","YES","30/04/2026, 14:55:26"
"ann2","1777471135060homp8e15qpa","(zero-shot) 'extension' (NOUN_wn:05922949n) 'the most direct or specific meaning of a word or expression; the class of objects that an expression refers to' —> Logicians distinguish between the intension of a term, which includes its defining properties, and its extension, which consists of the actual entities in the universe that the term designates.","YES","30/04/2026, 14:55:35"
"ann2","1777471135060jb4t3kwa0nh","(zero-shot) 'diffuse' (VERB_wn:00968211v) 'cause to become widely known' —> The tabloid reporters worked tirelessly to diffuse the scandal across every major news outlet.","YES","30/04/2026, 14:55:44"
"ann2","177747113506097jqsdsg9qu","(zero-shot) 'lightness' (NOUN_wn:05028700n) 'the property of being comparatively small in weight' —> The architectural design relied on the structural lightness of the new composite materials to achieve its soaring height.","YES","30/04/2026, 14:55:52"
"ann2","1777471135060820k849n6q","(zero-shot) 'alternating' (ADJ_wn:00675928a) 'occurring by turns; first one and then the other' —> The lighthouse emitted alternating beams of red and white light to warn approaching ships.","YES","30/04/2026, 14:56:03"
"ann2","17774711350608kjamxx8gw4","(zero-shot) 'empty' (VERB_wn:01488313v) 'remove' —> She decided to empty the garbage bin.","YES","30/04/2026, 14:56:14"
"ann2","17774711350601on5u5ibapm","(zero-shot) 'stick' (VERB_wn:01356750v) 'stick to firmly' —> The tape stuck firmly to the wall.","YES","30/04/2026, 14:56:24"
"ann2","1777471135060zxxr4mpe3n","(zero-shot) 'cripple' (VERB_wn:00091647v) 'deprive of the use of a limb, especially a leg' —> The accident did not kill him, but it did cripple his left leg, leaving him unable to walk without assistance.","YES","30/04/2026, 14:56:33"
"ann2","17774711350603bmy8zbjy7k","(zero-shot) 'take_up' (VERB_wn:00602112v) 'adopt' —> She decided to take up yoga to improve her flexibility.","YES","30/04/2026, 14:56:44"
"ann2","1777471135060i3oy2te0ugg","(zero-shot) 'disbelief' (NOUN_wn:05979909n) 'a rejection of belief' —> His staunch disbelief in the theory prevented him from accepting the scientific evidence.","YES","30/04/2026, 14:56:54"
"ann2","17774711350600w3uep00wd2","(zero-shot) 'rare' (ADJ_wn:00488561a) 'not widely known; especially valued for its uncommonness' —> The antique dealer discovered a rare manuscript that had been lost to history for centuries.","YES","30/04/2026, 14:57:02"
"ann2","1777471135060h50xpiwu35","(zero-shot) 'break_away' (VERB_wn:02075049v) 'flee; take to one's heels; cut and run' —> The startled deer broke away from the group and dashed into the dense thicket.","YES","30/04/2026, 14:57:10"
"ann2","1777471135060dyqwaijmjio","(zero-shot) 'magician' (NOUN_wn:10280674n) 'someone who performs magic tricks to amuse an audience' —> The children gasped in wonder as the magician pulled a rabbit out of his hat.","YES","30/04/2026, 14:57:17"
"ann2","1777471135060hu03d5zm6ng","(zero-shot) 'identity' (NOUN_wn:13786748n) 'an operator that leaves unchanged the element on which it operates' —> The identity matrix serves as the multiplicative identity for square matrices of the same dimension.","YES","30/04/2026, 14:57:27"
"ann2","1777471135060vz9xp2laoo7","(zero-shot) 'conduct' (NOUN_wn:04897762n) '(behavioral attributes) the way a person behaves toward other people' —> Her professional conduct during the merger negotiations was exemplary.","YES","30/04/2026, 14:57:34"
"ann2","1777471135060gpe8vzdhb84","(zero-shot) 'stop' (NOUN_wn:08656893n) 'a spot where something halts or pauses' —> The train came to a stop at the station.","NO","30/04/2026, 14:57:44"
"ann2","1777471135060crss4t79kmq","(zero-shot) 'advise' (VERB_wn:00875394v) 'make a proposal, declare a plan for something' —> The committee decided to advise a strategic merger with the rival firm.","YES","30/04/2026, 14:57:55"
"ann2","1777471135060i9drn7a1tea","(zero-shot) 'club' (NOUN_wn:08079613n) 'a team of professional baseball players who play and travel together' —> The local baseball club traveled to Chicago for their weekend series against the Cubs.","YES","30/04/2026, 14:58:01"
"ann2","1777471135060uulzgxawpi","(zero-shot) 'gem' (NOUN_wn:03432972n) 'art highly prized for its beauty or perfection' —> The meticulously crafted tapestry was considered a true gem of medieval artistry.","YES","30/04/2026, 14:58:08"
"ann2","1777471135060yylbniw89te","(zero-shot) 'hereditary' (ADJ_wn:01314537a) 'occurring among members of a family usually by heredity' —> The doctor confirmed that the rare blood disorder was hereditary.","YES","30/04/2026, 14:58:17"
"ann2","1777471135060limge4ofdq","(zero-shot) 'ridge' (NOUN_wn:13902048n) 'any long raised strip' —> The dog chased its tail along the ridge of the roof.","YES","30/04/2026, 14:58:27"
"ann2","1777471135060s6vlky2pdn","(zero-shot) 'legitimate' (ADJ_wn:02499301a) 'based on known statements or events or conditions' —> The detective concluded that the suspect's alibi was legitimate because multiple video recordings placed him at the office during the time of the crime.","YES","30/04/2026, 14:58:38"
"ann2","1777471135060i56oldc1if","(zero-shot) 'intimately' (ADV_wn:00160659r) 'in a close manner' —> She knew the local folklore intimately.","YES","30/04/2026, 14:58:47"
"ann2","1777471135060m1x04356vzi","(zero-shot) 'ignorant' (ADJ_wn:00830981a) 'uneducated in the fundamentals of a given art or branch of learning; lacking knowledge of a specific field' —> He was completely ignorant of the intricacies of quantum physics despite his background in classical mechanics.","YES","30/04/2026, 14:58:57"
"ann2","1777471135060vm1nd8n3ajd","(zero-shot) 'diffuse' (VERB_wn:02060141v) 'move outward' —> The aroma of fresh coffee began to diffuse through the quiet morning air.","YES","30/04/2026, 14:59:07"
"ann2","1777471135060f9m1lp15b8t","(zero-shot) 'weird' (ADJ_wn:01575424a) 'suggesting the operation of supernatural influences; ; ; - John Galsworthy; ; - Henry Kingsley' —> The old mansion had a weird atmosphere that made everyone feel uneasy.","YES","30/04/2026, 14:59:15"
"ann2","1777471135060clrx947e8rg","(zero-shot) 'swing' (NOUN_wn:07066042n) 'a style of jazz played by big bands popular in the 1930s; flowing rhythms but less complex than later styles of jazz' —> The radio station dedicated its entire afternoon playlist to classic swing.","YES","30/04/2026, 14:59:26"
"ann2","1777471135060vnf59y330y","(zero-shot) 'incite' (VERB_wn:01230710v) 'urge on; cause to act' —> The fiery speech served to incite the crowd into action.","YES","30/04/2026, 14:59:33"
"ann2","1777471135060rmikrgytdu","(zero-shot) 'momentum' (NOUN_wn:05035820n) 'an impelling force or strength' —> The startup gained significant momentum after securing venture capital funding.","YES","30/04/2026, 14:59:43"
"ann2","1777471135060ytuq0b5qhv8","(zero-shot) 'ease' (VERB_wn:01815185v) 'lessen the intensity of or calm' —> The warm bath helped to ease her anxiety.","YES","30/04/2026, 14:59:51"
"ann2","17774711350600mbhv2qgq3aq","(zero-shot) 'think_of' (VERB_wn:01634142v) 'devise or invent' —> I need to think of a clever solution to this puzzle.","YES","30/04/2026, 14:59:59"
"ann2","1777471135060r1paqqt384","(zero-shot) 'trough' (NOUN_wn:04488427n) 'a long narrow shallow receptacle' —> The farmer filled the wooden trough with fresh water for the thirsty cattle.","YES","30/04/2026, 15:00:09"