"Annotator","Item ID","Content","Annotation","Timestamp"
"ann1","17772912979921l4ddzoooru","(zero-shot) 'active' (ADJ_wn:00040325a) '(of e.g. volcanos) erupting or liable to erupt' —> The expedition team carefully monitored the active volcano for any signs of an imminent explosion.","YES","27/04/2026, 14:18:51"
"ann1","1777291297992wee8ktponp9","(zero-shot) 'bow' (NOUN_wn:02879718n) 'a weapon for shooting arrows, composed of a curved piece of resilient wood with a taut cord to propel the arrow' —> The archer carefully pulled back the string of his longbow to aim at the target.","YES","27/04/2026, 15:59:54"
"ann1","1777291297992tyq4etisf7","(zero-shot) 'shift' (NOUN_wn:07444668n) 'an event in which something is displaced without rotation' —> The tectonic plates experienced a sudden lateral shift during the earthquake.","YES","27/04/2026, 16:00:05"
"ann1","1777291297992ixls1w5jcup","(zero-shot) 'horn' (NOUN_wn:01325417n) 'one of the bony outgrowths on the heads of certain ungulates' —> The rhinoceros used its massive horn to defend its territory from intruders.","YES","27/04/2026, 16:00:14"
"ann1","177729129799254pnhm9t1ax","(zero-shot) 'propagate' (VERB_wn:02085573v) 'travel through the air' —> Sound waves propagate from the speaker to the listener.","YES","27/04/2026, 16:00:21"
"ann1","1777291297992xvhhdhl9u","(zero-shot) 'confine' (VERB_wn:02711114v) 'close in; darkness enclosed him'' —> The narrow stone walls of the cellar seemed to confine him as the torch flickered out.","YES","28/04/2026, 11:15:14"
"ann1","17772912979929f9g7ug61gw","(zero-shot) 'aid' (NOUN_wn:00654885n) 'the work of providing treatment for or attending to someone or something' —> The paramedics provided emergency first aid to the accident victim.","YES","28/04/2026, 11:46:45"
"ann1","17772912979928yk0wfm86zs","(zero-shot) 'character' (NOUN_wn:05849284n) 'a characteristic property that defines the apparent individual nature of something' —> The gothic architecture of the cathedral gives the city a unique historical character.","YES","28/04/2026, 11:49:25"
"ann1","1777291297992rrsysb7hq6","(zero-shot) 'draw_in' (VERB_wn:02054703v) 'advance or converge on' —> The opposing armies slowly drew in toward the center of the valley.","YES","28/04/2026, 11:49:33"
"ann1","1777291297992wju18aexmen","(zero-shot) 'represent' (VERB_wn:02620587v) 'form or compose' —> Women represent nearly half of the company's total workforce.","YES","28/04/2026, 11:49:58"
"ann1","1777291297992fyc8pseaxc","(zero-shot) 'find' (VERB_wn:02154508v) 'discover or determine the existence, presence, or fact of' —> The detective managed to find a hidden clue behind the painting.","YES","28/04/2026, 11:50:06"
"ann1","1777291297992nmhbqv1cypp","(zero-shot) 'pavement' (NOUN_wn:04215402n) 'walk consisting of a paved area for pedestrians; usually beside a street or roadway' —> The elderly woman walked slowly along the cracked pavement toward the park.","YES","28/04/2026, 11:57:55"
"ann1","17772912979926xrma79i4gq","(zero-shot) 'whiting' (NOUN_wn:02637977n) 'a small fish of the genus Sillago; excellent food fish' —> The chef prepared a platter of pan-seared whiting served with a side of lemon butter.","YES","28/04/2026, 11:58:13"
"ann1","1777291297992vx39a8p5d","(zero-shot) 'operation' (NOUN_wn:01095966n) 'a business especially one run on a large scale' —> The logistics company manages a massive shipping operation across three continents.","YES","28/04/2026, 11:58:24"
"ann1","1777291297992hvxo8nabor","(zero-shot) 'sound' (VERB_wn:02176268v) 'make a certain noise or sound' —> The old floorboards sound whenever someone walks across the room.","YES","28/04/2026, 11:58:35"
"ann1","17772912979925wmfhhxjrbj","(zero-shot) 'blind' (NOUN_wn:02851384n) 'a hiding place sometimes used by hunters (especially duck hunters)' —> The hunter crouched silently inside the camouflaged blind, waiting for the ducks to land in the marsh.","YES","28/04/2026, 11:58:47"
"ann1","1777291297992b03hb3a7tk6","(zero-shot) 'jack' (NOUN_wn:03589672n) 'a small ball at which players aim in lawn bowling' —> The bowler carefully rolled the biased ball to bring it as close as possible to the small white jack.","YES","28/04/2026, 16:52:17"
"ann1","1777291297992ze05hp4fn6b","(zero-shot) 'extend' (VERB_wn:02687916v) 'span an interval of distance, space or time' —> The ancient ruins extend for several miles along the coast.","YES","28/04/2026, 16:52:31"
"ann1","177729129799247csz7gzh6u","(zero-shot) 'spirit' (NOUN_wn:06605897n) 'the intended meaning of a communication' —> Although the lawyer argued the literal wording of the contract, the judge focused on the spirit of the agreement.","YES","28/04/2026, 16:52:42"
"ann1","1777291297992mvmz8gg6tz","(zero-shot) 'split' (NOUN_wn:13770076n) 'a bottle containing half the usual amount' —> The waiter brought a split of champagne for the couple to share.","YES","28/04/2026, 16:53:02"
"ann1","1777291297992fforuhurz6f","(zero-shot) 'light' (VERB_wn:01958452v) 'alight from (a horse)' —> The weary traveler lighted from his stallion and stretched his aching limbs.","YES","28/04/2026, 16:53:19"
"ann1","1777291297992di2mxv67a5b","(zero-shot) 'think_of' (VERB_wn:00730052v) 'intend to refer to' —> When I said ""the leader,"" I was thinking of the team captain.","YES","28/04/2026, 16:53:35"
"ann1","1777291297992dcdtnm9u267","(zero-shot) 'locate' (VERB_wn:02333689v) 'assign a location to' —> The architects decided to locate the new library in the center of the campus.","YES","28/04/2026, 16:53:40"
"ann1","1777291297992pyqljiv3jq","(zero-shot) 'influence' (VERB_wn:00776523v) 'induce into action by using one's charm' —> She managed to influence the committee to approve her proposal with her effortless charisma.","YES","28/04/2026, 16:54:12"
"ann1","1777291297992bx5w43cj15","(zero-shot) 'shaving' (NOUN_wn:00150762n) 'the act of brushing against while passing' —> The bullet's shaving of the soldier's helmet left a silver scratch on the metal.","YES","28/04/2026, 16:54:26"
"ann1","1777291297992u2y090kp24","(zero-shot) 'passing' (NOUN_wn:07310642n) 'the motion of one object relative to another' —> The astronomer carefully recorded the passing of the comet across the night sky.","YES","28/04/2026, 16:54:38"
"ann1","17772912979937cv05600pzc","(zero-shot) 'inside' (ADV_wn:00230189r) 'with respect to private feelings' —> He felt inside that he was not truly ready for the challenge.","YES","28/04/2026, 16:54:52"
"ann1","17772912979938orzksut5i","(zero-shot) 'recession' (NOUN_wn:13872421n) 'a small concavity' —> The surgeon carefully cleaned the small recession in the patient's gum line.","YES","28/04/2026, 17:05:37"
"ann1","1777291297993ny036ozre8i","(zero-shot) 'peel' (VERB_wn:00049900v) 'get undressed' —> After a long day at the beach, she began to peel off her salty swimsuit.","YES","28/04/2026, 17:05:48"
"ann1","17772912979934rrso10ewjh","(zero-shot) 'fantastic' (ADJ_wn:00967646a) 'ludicrously odd' —> The politician's claim that he could speak to fish was simply fantastic.","YES","28/04/2026, 17:06:03"
"ann1","1777291297993b7j2fjt58jf","(zero-shot) 'involvement' (NOUN_wn:13793504n) 'a connection of inclusion or containment' —> The legal team scrutinized the involvement of the subsidiary within the larger corporate conglomerate.","YES","28/04/2026, 17:06:26"
"ann1","1777291297993fed1z7nf8e8","(zero-shot) 'schedule' (NOUN_wn:05910940n) 'a temporally organized plan for matters to be attended to' —> The conductor carefully reviewed the train schedule to ensure every departure was on time.","YES","28/04/2026, 17:06:49"
"ann1","1777291297993b2idjtvdyew","(zero-shot) 'charge' (NOUN_wn:13306870n) 'the price charged for some article or service' —> The hotel added a convenience charge to the final bill.","YES","28/04/2026, 17:07:12"
"ann1","1777291297993w5v2aw3isk","(zero-shot) 'clerical' (ADJ_wn:02698031a) 'of or relating to clerks' —> She spent her entire morning performing tedious clerical tasks at the law firm.","YES","28/04/2026, 17:07:23"
"ann1","17772912979933c34n01nytu","(zero-shot) 'run_down' (VERB_wn:02152278v) 'examine hastily' —> I will quickly run down the guest list before the party starts.","YES","28/04/2026, 17:07:28"
"ann1","1777291297993buvplefk7wl","(zero-shot) 'break' (VERB_wn:01228524v) 'become punctured or penetrated' —> The sharp nail caused the balloon to break.","YES","28/04/2026, 17:08:13"
"ann1","1777291297993x61hs5md","(zero-shot) 'lengthen' (VERB_wn:00317700v) 'make longer' —> The tailor decided to lengthen the trousers to fit the client better.","YES","28/04/2026, 17:08:22"
"ann1","1777291297993kq6xc8jd3hi","(zero-shot) 'strive' (VERB_wn:01146051v) 'to exert much effort or energy' —> Athletes strive for greatness every single day.","YES","28/04/2026, 17:08:33"
"ann1","1777291297993vxaxx862b5f","(zero-shot) 'feeble' (ADJ_wn:02040233a) 'lacking bodily or muscular strength or vitality' —> The elderly man took a feeble step toward the door.","YES","28/04/2026, 17:08:43"
"ann1","1777291297993kby7d2n10el","(zero-shot) 'drinker' (NOUN_wn:10034614n) 'a person who drinks liquids' —> The thirsty hiker was a heavy water drinker during the trek.","YES","28/04/2026, 17:08:57"
"ann1","1777291297993nbm6hww476a","(zero-shot) 'age' (VERB_wn:00248026v) 'grow old or older' —> Fine wine tends to age gracefully in a cool cellar.","YES","28/04/2026, 17:09:44"
"ann1","1777291297993l2wttm4ack","(zero-shot) 'trough' (NOUN_wn:03717131n) 'a container (usually in a barn or stable) from which cattle or horses feed' —> The farmer filled the wooden trough with fresh oats for the hungry horses.","YES","28/04/2026, 17:09:59"
"ann1","1777291297993exk61zu3o5","(zero-shot) 'dividend' (NOUN_wn:13408023n) 'that part of the earnings of a corporation that is distributed to its shareholders; usually paid quarterly' —> The board of directors voted to increase the quarterly dividend for all preferred stockholders.","YES","28/04/2026, 17:10:08"
"ann1","1777291297993mjllhxe3he","(zero-shot) 'loom' (VERB_wn:02744061v) 'hang over, as of something threatening, dark, or menacing' —> Dark storm clouds began to loom over the sleepy coastal village.","YES","28/04/2026, 17:43:23"
"ann1","1777291297993os620fzozca","(zero-shot) 'result' (NOUN_wn:11410625n) 'a phenomenon that follows and is caused by some previous phenomenon' —> The sudden flood was a direct result of the heavy rainfall.","YES","28/04/2026, 17:43:33"
"ann1","1777291297993a1pns5eedk7","(zero-shot) 'drift' (NOUN_wn:13469893n) 'a process of linguistic change over a period of time' —> The gradual drift of the English language is evident when comparing Middle English texts to modern speech.","YES","28/04/2026, 17:43:43"
"ann1","1777291297993ec5e8gsa5wo","(zero-shot) 'communication' (NOUN_wn:13792842n) 'a connection allowing access between persons or places' —> The new tunnel provides a vital rail communication between the two isolated coastal villages.","YES","28/04/2026, 17:56:53"
"ann1","1777291297993f9wuxmh041","(zero-shot) 'clap' (VERB_wn:00034115v) 'clap one's hands together' —> The audience began to clap enthusiastically after the final curtain fell.","YES","28/04/2026, 17:57:00"
"ann1","17772912979931qnpyd652au","(zero-shot) 'noteworthy' (ADJ_wn:02586957a) 'worthy of notice' —> The architect's innovative use of sustainable materials was truly noteworthy.","YES","28/04/2026, 17:57:06"
"ann1","1777291297993q3a4ax3a3go","(zero-shot) 'badly' (ADV_wn:00016240r) 'very much; strongly' —> I wanted that promotion so badly that I spent every weekend studying.","YES","28/04/2026, 17:57:19"
"ann1","1777291297993xntf7d38af","(zero-shot) 'oppose' (VERB_wn:00775831v) 'be against; express opposition to' —> Many citizens gather to oppose the new tax legislation.","YES","28/04/2026, 17:57:24"
"ann1","1777291297993u4v8i7fykr","(zero-shot) 'subdue' (VERB_wn:00202445v) 'correct by punishment or discipline' —> The strict academy sought to subdue the rebellious students through rigorous drills and harsh penalties.","YES","28/04/2026, 17:57:34"
"ann1","1777291297993nuznk0t4b9","(zero-shot) 'flip' (VERB_wn:00121678v) 'reverse (a direction, attitude, or course of action)' —> The politician decided to flip his stance on the new tax law after seeing the latest polls.","YES","28/04/2026, 17:57:43"
"ann1","1777291297993akkfcs3fnen","(zero-shot) 'gnaw' (VERB_wn:01445597v) 'bite or chew on with the teeth' —> The anxious puppy continued to gnaw on the leg of the wooden table.","YES","28/04/2026, 17:57:52"
"ann1","1777291297993gigx3e4ils","(zero-shot) 'rewrite' (VERB_wn:01700934v) 'rewrite so as to make fit to suit a new or different purpose' —> The editor asked the author to rewrite the academic paper as a popular magazine article.","YES","28/04/2026, 17:58:12"
"ann1","1777291297993dvc913y4tk","(zero-shot) 'tradition' (NOUN_wn:05809745n) 'an inherited pattern of thought or action' —> The small village took great pride in maintaining the ancient tradition of lighting bonfires every solstice.","YES","28/04/2026, 17:58:22"
"ann1","1777291297993uk4gnbgugel","(zero-shot) 'failure' (NOUN_wn:07317764n) 'an event that does not accomplish its intended purpose' —> The launch of the prototype rocket ended in a catastrophic failure.","YES","28/04/2026, 17:58:57"
"ann1","1777291297993l6k4s25og3i","(zero-shot) 'everyday' (ADJ_wn:01044557a) 'appropriate for ordinary or routine occasions' —> She wore an everyday dress to the grocery store.","YES","28/04/2026, 17:59:00"
"ann1","1777291297993qynpuag69u","(zero-shot) 'come_on' (VERB_wn:01526605v) 'start running, functioning, or operating' —> The street lights usually come on right after sunset.","YES","28/04/2026, 17:59:11"
"ann1","1777291297993vytyawll8kb","(zero-shot) 'outburst' (NOUN_wn:07434942n) 'a sudden intense happening' —> The sudden outburst of violence caught the peaceful crowd by surprise.","YES","28/04/2026, 17:59:18"
"ann1","17772912979937mvgaco1ysj","(zero-shot) 'bosom' (NOUN_wn:02876084n) 'cloth that covers the chest or breasts' —> She carefully pinned a delicate lace brooch to the silk bosom of her gown.","YES","28/04/2026, 17:59:27"
"ann1","17772912979931colx5jls0n","(zero-shot) 'thorax' (NOUN_wn:05552607n) 'the part of the human torso between the neck and the diaphragm or the corresponding part in other vertebrates' —> The biologist carefully examined the insect's thorax to identify the attachment points of its wings.","YES","28/04/2026, 17:59:35"
"ann1","1777291297993s92oogombob","(zero-shot) 'curious' (ADJ_wn:00664449a) 'eager to investigate and learn or learn more (sometimes about others' concerns)' —> The curious child spent the entire afternoon exploring the hidden corners of the old attic.","YES","28/04/2026, 17:59:41"
"ann1","17772912979938niogeow7p7","(zero-shot) 'doubt' (NOUN_wn:04757522n) 'uncertainty about the truth or factuality or existence of something' —> There is some doubt as to whether the ancient ruins were actually a temple.","YES","28/04/2026, 17:59:50"
"ann1","17772912979939re09sz4ta4","(zero-shot) 'invade' (VERB_wn:02019716v) 'to intrude upon, infringe, encroach on, violate' —> Constant notifications from my phone began to invade my peace of mind.","YES","28/04/2026, 17:59:59"
"ann1","1777291297993ivviw2i7r8r","(zero-shot) 'cartridge' (NOUN_wn:02971940n) 'an electro-acoustic transducer that is the part of the arm of a record player that holds the needle and that is removable' —> He carefully replaced the worn-out cartridge on his turntable to ensure the vinyl records sounded crisp and clear.","YES","28/04/2026, 18:12:31"
"ann1","1777291297993x71tilkp34","(zero-shot) 'secretion' (NOUN_wn:05404728n) 'a functionally specialized substance (especially one that is not a waste) released from a gland or cell' —> The honeybee produces a sticky secretion from its glands to build the hive.","YES","28/04/2026, 18:13:00"
"ann1","1777291297993fc14xdklmd","(zero-shot) 'pitch' (VERB_wn:00298244v) 'set the level or character of' —> The opening scene of the movie pitches the story as a dark comedy.","YES","28/04/2026, 18:14:03"
"ann1","1777291297993hslvld00c66","(zero-shot) 'abuse' (NOUN_wn:06715223n) 'a rude expression intended to offend or hurt' —> The politician remained calm despite the torrent of verbal abuse hurled at him by the crowd.","YES","28/04/2026, 18:14:10"
"ann1","1777291297993rifxf2nnx1","(zero-shot) 'memory' (NOUN_wn:06140268n) 'the area of cognitive psychology that studies memory processes' —> Recent breakthroughs in memory have provided new insights into how the human brain encodes and retrieves information.","YES","28/04/2026, 18:14:18"
"ann1","1777291297993up65dfs7ijs","(zero-shot) 'cut_out' (VERB_wn:01549719v) 'strike or cancel by or as if by rubbing or crossing out' —> She cut out the incorrect address from the envelope with a thick black marker.","YES","28/04/2026, 18:14:50"
"ann1","1777291297993lbogdcckati","(zero-shot) 'dual' (ADJ_wn:02217452a) 'consisting of or involving two parts or components usually in pairs' —> The new smartphone features a dual camera system for professional photography.","YES","28/04/2026, 18:20:50"
"ann1","1777291297993agmcggb1qw5","(zero-shot) 'blur' (VERB_wn:02158034v) 'become glassy; lose clear vision' —> As the exhaustion set in, her eyes began to blur.","YES","28/04/2026, 18:21:00"
"ann1","1777291297993jp0erj1bfk","(zero-shot) 'stumble' (VERB_wn:02206462v) 'encounter by chance' —> While browsing the antique shop, I stumbled upon a rare first edition of my favorite novel.","YES","28/04/2026, 18:21:08"
"ann1","1777291297993mreu16fq4ko","(zero-shot) 'beg' (VERB_wn:00782057v) 'make a solicitation or entreaty for something; request urgently or persistently' —> The starving puppy began to beg for a scrap of food from the dinner table.","YES","28/04/2026, 18:21:19"
"ann1","17772912979930xtyv5o413gg","(zero-shot) 'spill' (VERB_wn:01541803v) 'pour out in drops or small quantities or as if in drops or small quantities' —> Tears began to spill from her eyes as she read the final letter.","YES","28/04/2026, 18:22:49"
"ann1","1777291297993olor6h9ng2","(zero-shot) 'minor' (ADJ_wn:01473083a) 'of lesser importance or stature or rank' —> The team decided to focus on the primary objective and ignore any minor setbacks.","YES","28/04/2026, 18:23:00"
"ann1","1777291297993rx36zn0nap","(zero-shot) 'bosom' (NOUN_wn:05919263n) 'the locus of feelings and intuitions' —> She kept the secret locked deep within her bosom, where her intuition warned her not to trust the stranger.","YES","28/04/2026, 18:23:20"
"ann1","17772912979932nihmgmxelf","(zero-shot) 'extend' (VERB_wn:00027268v) 'extend one's limbs or muscles, or the entire body' —> The cat stretched and extended its front paws across the warm rug.","YES","28/04/2026, 18:23:45"
"ann1","1777291297993jq3bbiggjn","(zero-shot) 'infusion' (NOUN_wn:13500023n) 'the process of extracting certain active properties (as a drug from a plant) by steeping or soaking (usually in water)' —> The herbalist prepared a potent infusion of chamomile and peppermint to soothe the patient's nerves.","YES","28/04/2026, 18:23:54"
"ann1","1777291297993nqwgf6ne118","(zero-shot) 'glory' (NOUN_wn:14437134n) 'a state of high honor' —> The victorious athlete basked in the glory of winning the gold medal.","YES","28/04/2026, 18:33:46"
"ann1","1777291297993q92cge28tbc","(zero-shot) 'artistic' (ADJ_wn:02991122a) 'relating to or characteristic of art or artists' —> She displayed an artistic flair when painting the mural.","YES","28/04/2026, 18:33:56"
"ann1","1777291297993zg3znbrtsis","(zero-shot) 'publication' (NOUN_wn:01103614n) 'the act of issuing printed materials' —> The university press announced the official publication of the research journal next month.","YES","28/04/2026, 19:11:55"
"ann1","1777291297993yzghn4c0ia","(zero-shot) 'unlawful' (ADJ_wn:01551026a) 'not morally right or permissible' —> Many believe that the betrayal of a lifelong friend is fundamentally unlawful.","YES","28/04/2026, 19:12:55"
"ann1","1777291297993avkqpqe7cn4","(zero-shot) 'sweet' (ADJ_wn:01459949a) 'having a sweet nature befitting an angel or cherub' —> The little girl had a sweet disposition that warmed everyone's heart.","YES","28/04/2026, 19:14:32"
"ann1","1777291297993gekxal3bz3d","(zero-shot) 'balcony' (NOUN_wn:02777927n) 'an upper floor projecting from the rear over the main floor in an auditorium' —> The opera singer's voice carried clearly to the furthest seats of the balcony.","YES","28/04/2026, 19:14:47"
"ann1","1777291297993c5anjnyyqed","(zero-shot) 'draw' (VERB_wn:00197590v) 'remove the entrails of' —> The hunter had to draw the deer immediately after the kill to preserve the meat.","YES","28/04/2026, 19:14:56"
"ann1","1777291297993ujl339dsjem","(zero-shot) 'break' (VERB_wn:00364064v) 'terminate' —> They decided to break their engagement after a series of arguments.","YES","28/04/2026, 19:15:01"
"ann1","1777291297993dxaax3lebni","(zero-shot) 'relationship' (NOUN_wn:13928388n) 'a state of connectedness between people (especially an emotional connection)' —> Their long-distance relationship flourished despite the geographical divide.","YES","28/04/2026, 19:15:06"
"ann1","1777291297993q5wy9f52fzo","(zero-shot) 'break_down' (VERB_wn:01784295v) 'lose control of one's emotions' —> After receiving the devastating news, she finally broke down in tears.","YES","28/04/2026, 19:15:12"
"ann1","1777291297993d5b5moa7gia","(zero-shot) 'dampen' (VERB_wn:00390842v) 'smother or suppress' —> The government attempted to dampen the growing public outcry with a series of vague promises.","YES","28/04/2026, 19:15:23"
"ann1","17772912979931mikw2htbgl","(zero-shot) 'fissure' (NOUN_wn:05223370n) '(anatomy) a long narrow slit or groove that divides an organ into lobes' —> The surgeon carefully examined the deep fissure that separated the two lobes of the patient's liver.","YES","28/04/2026, 19:15:40"
"ann1","1777291297993w8vaf2yf06e","(zero-shot) 'spread' (NOUN_wn:02822220n) 'decorative cover for a bed' —> She carefully smoothed the floral bedspread over the mattress.","YES","28/04/2026, 19:16:02"
"ann1","1777291297993yws43kqzhp9","(zero-shot) 'shank' (NOUN_wn:00573945n) 'a poor golf stroke in which the heel of the club hits the ball' —> He groaned in frustration after hitting a terrible shank that sent the ball careening sideways into the woods.","YES","28/04/2026, 19:16:25"
"ann1","1777291297993wz9evgaid3g","(zero-shot) 'lazy' (ADJ_wn:00981304a) 'moving slowly and gently' —> The lazy river carried the swimmers toward the beach.","YES","28/04/2026, 19:16:30"
"ann1","1777291297993c98lp5t8sis","(zero-shot) 'affliction' (NOUN_wn:07305234n) 'a cause of great suffering and distress' —> The sudden loss of his livelihood became a crushing affliction that haunted him for years.","YES","28/04/2026, 19:16:45"
"ann1","1777291297993liyxglqubkf","(zero-shot) 'sunset' (NOUN_wn:11517776n) 'atmospheric phenomena accompanying the daily disappearance of the sun' —> We sat on the beach in silence, watching the vibrant colors of the sunset paint the sky.","YES","28/04/2026, 19:16:51"
"ann1","17772912979937fo79h644nu","(zero-shot) 'refine' (VERB_wn:00474017v) 'improve or perfect by pruning or polishing' —> The sculptor spent several weeks refining the clay statue to achieve a flawless finish.","YES","28/04/2026, 19:17:02"
"ann1","1777291297993d2st4s0hghl","(zero-shot) 'track' (NOUN_wn:04464211n) '(computer science) one of the circular magnetic paths on a magnetic disk that serve as a guide for writing and reading data' —> The hard drive head must precisely align with the correct track to retrieve the stored files.","YES","28/04/2026, 19:17:16"
"ann1","1777291297993dmz6tzf4wom","(zero-shot) 'inspiration' (NOUN_wn:05686690n) '(theology) a special influence of a divinity on the minds of human beings' —> The prophet claimed that the scriptures were written under divine inspiration.","YES","28/04/2026, 19:17:31"
"ann1","1777291297993rg8izfx4ao","(zero-shot) 'richness' (NOUN_wn:05115804n) 'the property of being extremely abundant' —> The tropical rainforest is celebrated for the incredible richness of its biodiversity.","YES","28/04/2026, 19:17:39"
"ann1","1777291297993crgn0k8q5op","(zero-shot) 'snap' (VERB_wn:01573515v) 'separate or cause to separate abruptly' —> The dry twig snapped under the weight of the hiker's boot.","YES","28/04/2026, 19:17:51"
"ann1","177729129799398fb1vvuxkn","(zero-shot) 'carrier' (NOUN_wn:02687172n) 'a large warship that carries planes and has a long flat deck for takeoffs and landings' —> The aircraft carrier sailed across the Pacific Ocean to maintain a strategic presence in the region.","YES","28/04/2026, 19:18:01"
"ann1","1777291297993j6n3t2uuj0i","(zero-shot) 'pulse' (NOUN_wn:07709046n) 'edible seeds of various pod-bearing plants (peas or beans or lentils etc.)' —> The local market sells a wide variety of organic pulse options for hearty soups.","YES","28/04/2026, 19:18:09"
"ann1","1777291297993prggz8m0en","(zero-shot) 'cutting' (NOUN_wn:00363052n) 'the act of diluting something' —> The drug dealer was arrested for the cutting of the powder with baking soda to increase his profits.","YES","28/04/2026, 22:02:59"
"ann1","17772912979939z4aejyx2fa","(zero-shot) 'dull' (ADJ_wn:02011622a) 'not clear and resonant; sounding as if striking with or against something relatively soft' —> A dull thud echoed through the hallway when the heavy book fell onto the thick carpet.","YES","29/04/2026, 11:02:29"
"ann1","1777291297993lqxmug804l","(zero-shot) 'advertising' (NOUN_wn:01101329n) 'the business of drawing public attention to goods and services' —> The company spent millions of dollars on digital advertising to increase its market share.","YES","29/04/2026, 11:02:38"
"ann1","17772912979931nepzen6awc","(zero-shot) 'splendid' (ADJ_wn:00219389a) 'having great beauty and splendor' —> The royal ballroom was decorated with splendid gold leaf and shimmering crystals.","YES","29/04/2026, 11:05:38"
"ann1","1777291297993hdl06qyd7u","(zero-shot) 'shift' (VERB_wn:00380159v) 'make a shift in or exchange of' —> The nurses shifted their duties to ensure everyone got a break.","YES","29/04/2026, 11:05:43"
"ann1","1777291297993tz33ux3yk1","(zero-shot) 'regenerate' (VERB_wn:00167824v) 'be formed or shaped anew' —> The salamander's lost limb began to regenerate over several weeks.","YES","29/04/2026, 11:05:49"
"ann1","17772912979939xav5zsajk","(zero-shot) 'mill' (NOUN_wn:03765561n) 'machinery that processes materials by grinding or crushing' —> The old water mill ground the wheat into fine flour.","YES","29/04/2026, 11:05:55"
"ann1","1777291297993jp55fz7en2e","(zero-shot) 'difficulty' (NOUN_wn:14408086n) 'a condition or state of affairs almost beyond one's ability to deal with and requiring great effort to bear or overcome' —> Scaling the sheer cliff face in a blinding snowstorm presented a level of difficulty that pushed the climbers to their absolute physical limits.","YES","29/04/2026, 11:06:14"
"ann1","17772912979932f1y3hi1lef","(zero-shot) 'parental' (ADJ_wn:02884085a) 'designating the generation of organisms from which hybrid offspring are produced' —> The researchers carefully selected the parental strains of maize to ensure the hybrid offspring exhibited maximum vigor.","YES","29/04/2026, 11:06:55"
"ann1","1777291297993i4jnnc4xgz","(zero-shot) 'slip' (VERB_wn:00608978v) 'pass out of one's memory' —> The name of the hotel completely slipped my mind.","YES","29/04/2026, 11:07:02"
"ann1","17772912979930fz0fk7w59er","(zero-shot) 'dignity' (NOUN_wn:04886881n) 'the quality of being worthy of esteem or respect' —> Despite the hardships he faced, he maintained his dignity throughout the trial.","YES","29/04/2026, 11:08:47"
"ann1","1777291297993xr61j21zbnj","(zero-shot) 'bronze' (ADJ_wn:00371945a) 'of the color of bronze' —> The athlete's skin had a deep bronze glow after a summer spent at the beach.","YES","29/04/2026, 11:08:54"
"ann1","1777291297993cgjlc9hfb5s","(zero-shot) 'superior' (NOUN_wn:09333171n) 'the largest freshwater lake in the world; the deepest of the Great Lakes' —> We spent the entire summer sailing across the vast waters of Superior.","YES","29/04/2026, 11:09:19"
"ann1","17772912979930kk6dqibpi8c","(zero-shot) 'wide' (ADV_wn:00495858r) 'far from the intended target' —> The soccer player kicked the ball wide of the goal.","YES","29/04/2026, 11:09:38"
"ann1","1777291297993quhzy10wcvs","(zero-shot) 'unite' (VERB_wn:02622234v) 'be or become joined or united or linked' —> The two rivers unite to form a powerful torrent.","YES","29/04/2026, 11:09:55"
"ann1","1777291297993a5xms4xnox8","(zero-shot) 'firmly' (ADV_wn:00224700r) 'in a secure manner; in a manner free from danger' —> He gripped the safety railing firmly as he crossed the bridge.","YES","29/04/2026, 11:10:06"
"ann1","1777291297993lukm5ztkjvb","(zero-shot) 'go_down' (VERB_wn:01099866v) 'be defeated' —> The reigning champion refused to go down without a fight.","YES","29/04/2026, 11:10:10"
"ann1","17772912979936hkywh3gmgp","(zero-shot) 'pledge' (NOUN_wn:07227772n) 'a binding commitment to do or give or refrain from something' —> The diplomat made a solemn pledge to maintain peace between the two nations.","YES","29/04/2026, 11:10:19"
"ann1","1777291297993hp0wqqxbpo","(zero-shot) 'twist' (NOUN_wn:14299070n) 'a sharp strain on muscles or ligaments' —> The athlete suffered a painful twist in his ankle during the final minutes of the game.","YES","29/04/2026, 11:10:30"
"ann1","1777291297993kzewugrs4","(zero-shot) 'take_in' (VERB_wn:00602255v) 'take up mentally' —> The lecture was so complex that it took me an hour to take in all the information.","YES","29/04/2026, 11:10:49"
"ann1","1777291297993cp4cwr0em8b","(zero-shot) 'overthrow' (VERB_wn:00716130v) 'rule against' —> The judge decided to overthrow the lower court's previous ruling.","YES","29/04/2026, 11:11:00"
"ann1","17772912979932y1lg0zf8sd","(zero-shot) 'summons' (NOUN_wn:07186528n) 'a request to be present' —> The defendant received a formal summons to appear in court next Tuesday.","YES","29/04/2026, 11:11:29"
"ann1","1777291297993yvttmr4n1tq","(zero-shot) 'profound' (ADJ_wn:01872745a) 'showing intellectual penetration or emotional depth' —> The philosopher's lecture offered a profound analysis of human existence.","YES","29/04/2026, 11:11:35"
"ann1","1777291297993jhrdu8u4i2a","(zero-shot) 'strip' (VERB_wn:00194696v) 'remove a constituent from a liquid' —> The industrial process is designed to strip the dissolved oxygen from the water before it enters the boiler.","YES","29/04/2026, 11:11:55"
"ann1","1777291297993akurnei49h","(zero-shot) 'chip' (NOUN_wn:09222051n) 'a small fragment of something broken off from the whole' —> A tiny chip of blue paint clung to the edge of the weathered door.","YES","29/04/2026, 11:34:24"
"ann1","1777291297993px89x73ul2e","(zero-shot) 'tragic' (ADJ_wn:01363153a) 'very sad; especially involving grief or death or destruction' —> The town mourned after the tragic fire destroyed the historic library.","YES","29/04/2026, 11:34:41"
"ann1","177729129799371z1l3w2q8","(zero-shot) 'flat' (NOUN_wn:02726305n) 'a suite of rooms usually on one floor of an apartment house' —> She decided to rent a small flat in the center of London.","YES","29/04/2026, 11:34:50"
"ann1","1777291297993kkwb4eqznm","(zero-shot) 'post' (VERB_wn:01031256v) 'cause to be directed or transmitted to another place' —> The company decided to post its employees to the regional offices in Asia.","YES","29/04/2026, 15:12:31"
"ann1","1777291297993h3dzif2but","(zero-shot) 'rise' (VERB_wn:02624263v) 'come into existence; take on form or shape' —> A magnificent empire rose from the ruins of the ancient city.","YES","29/04/2026, 15:12:43"
"ann1","1777291297993zxqn39o2mr","(zero-shot) 'legitimate' (ADJ_wn:01406640a) 'of marriages and offspring; recognized as lawful' —> The royal court spent months verifying the prince's claims to ensure he was the legitimate heir to the throne.","YES","29/04/2026, 15:12:54"
"ann1","1777291297993htmvwk2tyjn","(zero-shot) 'self-conscious' (ADJ_wn:00570991a) 'aware of yourself as an individual or of your own being and actions and thoughts; ; - D.M.Potter' —> The philosopher argued that the capacity to be self-conscious is what separates humans from most other animals.","YES","29/04/2026, 15:13:12"
"ann1","1777291297993r7pk7qo9itn","(zero-shot) 'turn_up' (VERB_wn:02286204v) 'discover the location of; determine the place of; find by searching or examining' —> The investigators hoped that the missing documents would eventually turn up in the attic.","YES","29/04/2026, 15:13:27"
"ann1","1777291297993fu5lvgawzio","(zero-shot) 'unit' (NOUN_wn:08189659n) 'an organization regarded as part of a larger social group' —> The specialized tactical unit worked closely with the rest of the army to secure the perimeter.","YES","29/04/2026, 15:13:58"
"ann1","1777291297993j2buwqvm8vf","(zero-shot) 'in_time' (ADV_wn:00047641r) 'within an indefinite time or at an unspecified future time' —> You will learn the truth in time.","YES","29/04/2026, 15:14:12"
"ann1","1777291297993ihqmvcrngyd","(zero-shot) 'diligent' (ADJ_wn:00754107a) 'characterized by care and perseverance in carrying out tasks' —> The diligent student studied every night to ensure she aced the final exam.","YES","29/04/2026, 15:14:27"
"ann1","1777291297993dy6cdjok79","(zero-shot) 'slip' (NOUN_wn:07317519n) 'an accidental misstep threatening (or causing) a fall' —> He narrowly avoided a dangerous slip on the icy sidewalk.","YES","29/04/2026, 15:14:34"
"ann1","1777291297993kbcfrjkcff","(zero-shot) 'm' (NOUN_wn:13659162n) 'the basic unit of length adopted under the Systeme International d'Unites (approximately 1.094 yards)' —> The fabric was measured to be exactly one m in length.","YES","29/04/2026, 15:15:13"
"ann1","1777291297993yoxc99vx89","(zero-shot) 'incorporate' (VERB_wn:02448079v) 'form a corporation' —> The entrepreneurs decided to incorporate their startup in Delaware to take advantage of the state's favorable business laws.","YES","29/04/2026, 15:15:25"
"ann1","17772912979938gmxo4jm82s","(zero-shot) 'sphere' (NOUN_wn:13898899n) 'a three-dimensional closed surface such that every point on the surface is equidistant from the center' —> The astronomer observed a giant gas sphere floating in the distant nebula.","YES","29/04/2026, 15:15:36"
"ann1","1777291297993adc4x5h6cwl","(zero-shot) 'escape' (NOUN_wn:00173283n) 'a means or way of escaping' —> The secret tunnel provided a quick escape from the fortress.","YES","29/04/2026, 15:15:52"
"ann1","1777291297993j461m6ne9n","(zero-shot) 'solid' (ADJ_wn:02120276a) 'of a substantial character and not frivolous or superficial' —> The lawyer presented a solid argument based on extensive evidence and case law.","YES","29/04/2026, 15:16:00"
"ann1","1777291297993jzlrbtx4y2e","(zero-shot) 'legendary' (ADJ_wn:01376355a) 'so celebrated as to having taken on the nature of a legend' —> The aging guitarist gave one final, legendary performance that captivated the entire stadium.","YES","29/04/2026, 15:16:13"
"ann1","1777291297993zids184bg6h","(zero-shot) 'jupiter' (NOUN_wn:09573966n) '(Roman mythology) supreme god of Romans; counterpart of Greek Zeus' —> The ancient priests offered sacrifices to Jupiter to ensure the prosperity of the empire.","YES","29/04/2026, 15:16:18"
"ann1","1777291297993k880e476pe9","(zero-shot) 'dirt' (NOUN_wn:14498096n) 'the state of being covered with unclean things' —> The child's clothes were covered in dirt after playing in the garden all afternoon.","YES","29/04/2026, 15:17:03"
"ann1","1777291297993uqskrwcl7xp","(zero-shot) 'placement' (NOUN_wn:01051331n) 'the act of putting something in a certain place' —> The careful placement of the vase on the mantelpiece ensured it would not fall.","YES","29/04/2026, 15:36:13"
"ann1","1777291297993l9jth2daeys","(zero-shot) 'short' (ADV_wn:00452931r) 'clean across' —> The blade cut short through the thick fabric.","YES","29/04/2026, 15:36:24"
"ann1","1777291297993zs6z3lna68","(zero-shot) 'pathological' (ADJ_wn:01585491a) 'caused by or evidencing a mentally disturbed condition' —> His pathological need for attention often led him to fabricate elaborate stories about his life.","YES","29/04/2026, 15:36:30"
"ann1","1777291297993mflhuecawse","(zero-shot) 'fertility' (NOUN_wn:05147586n) 'the property of producing abundantly and sustaining vigorous and luxuriant growth' —> The rich volcanic soil of the valley is renowned for its exceptional fertility.","YES","29/04/2026, 15:36:38"
"ann1","1777291297993gnqyi2ykj97","(zero-shot) 'break' (NOUN_wn:07313814n) 'a personal or social separation (as between opposing factions)' —> The political party suffered a permanent break after the members could not agree on the new tax policy.","YES","29/04/2026, 15:41:01"
"ann1","1777291297993yaaf82nqvo","(zero-shot) 'administer' (VERB_wn:02294436v) 'administer or bestow, as in small portions' —> The nurse carefully administered the medication in tiny drops.","YES","29/04/2026, 15:41:09"
"ann1","17772912979933herfq7gtdh","(zero-shot) 'block' (VERB_wn:02557199v) 'hinder or prevent the progress or accomplishment of' —> The fallen tree blocked the road, stopping all traffic from passing through.","YES","29/04/2026, 15:43:43"
"ann1","17772912979936a5re26r1sx","(zero-shot) 'warm' (VERB_wn:00373250v) 'get warm or warmer' —> The soup began to warm on the stove.","YES","29/04/2026, 15:43:48"
"ann1","17772912979939s6s0i7db7","(zero-shot) 'suffer' (VERB_wn:02109190v) 'undergo or be subjected to' —> The old bridge suffered severe damage during the hurricane.","YES","29/04/2026, 15:43:55"
"ann1","1777291297993vbra0mshdu","(zero-shot) 'embrace' (VERB_wn:01424456v) 'squeeze (someone) tightly in your arms, usually with fondness' —> The grandmother leaned forward to embrace her grandson after he stepped off the plane.","YES","29/04/2026, 15:44:02"
"ann1","177729129799326swp2nrnpk","(zero-shot) 'date' (NOUN_wn:15159819n) 'a particular day specified as the time something happens' —> Please mark your calendars for the date of the wedding.","YES","29/04/2026, 15:47:35"
"ann1","1777291297993kz5wtb7g0wh","(zero-shot) 'expression' (NOUN_wn:06313651n) 'a group of words that form a constituent of a sentence and are considered as a single unit' —> The phrase ""kick the bucket"" is a common idiomatic expression used to describe death.","YES","29/04/2026, 15:47:49"
"ann1","17772912979933m30neinou","(zero-shot) 'tenure' (NOUN_wn:13242719n) 'the right to hold property; part of an ancient hierarchical system of holding lands' —> The medieval knight held his estate under a feudal tenure granted by the local baron.","YES","29/04/2026, 15:48:00"
"ann1","1777291297993hrbv4e871qm","(zero-shot) 'secondary' (ADJ_wn:01857956a) 'depending on or incidental to what is original or primary' —> The patient suffered a secondary infection after the initial wound failed to heal.","YES","29/04/2026, 15:48:20"
"ann1","17772912979939hgejhtd2l5","(zero-shot) 'lock' (VERB_wn:01810320v) 'hold fast (in a certain state)' —> The sudden impact locked the gears in place.","YES","29/04/2026, 15:48:28"
"ann1","17772912979932lnsimm08e6","(zero-shot) 'flip' (VERB_wn:01241614v) 'move with a flick or light motion' —> She flipped her hair over her shoulder.","YES","29/04/2026, 15:48:35"
"ann1","1777291297993nxdg2efwu7f","(zero-shot) 'corner' (NOUN_wn:14445072n) 'a temporary monopoly on a kind of commercial trade' —> The ruthless investor spent millions to corner the market on rare earth minerals.","WRONG","29/04/2026, 15:55:46"
"ann1","1777291297993ysjcw7o0cwb","(zero-shot) 'survivor' (NOUN_wn:01324142n) 'an animal that survives in spite of adversity' —> The lone wolf, a scarred survivor of the harsh tundra winter, howled at the moon.","YES","29/04/2026, 15:55:53"
"ann1","17772912979939bah3m6fjy4","(zero-shot) 'mate' (VERB_wn:01428853v) 'engage in sexual intercourse' —> The sea turtles return to the beach every year to mate.","YES","29/04/2026, 15:56:01"
"ann1","1777291297993095fqcdyhpp5","(zero-shot) 'count' (NOUN_wn:13591761n) 'the total number counted' —> The final count of the ballots revealed a surprising victory for the underdog candidate.","YES","29/04/2026, 15:56:04"
"ann1","1777291297993ces6csavyms","(zero-shot) 'repel' (VERB_wn:02194913v) 'fill with distaste' —> The sheer arrogance of the politician's speech repelled the entire audience.","YES","29/04/2026, 15:57:29"
"ann1","1777291297993i6c1acwnog","(zero-shot) 'publisher' (NOUN_wn:10491575n) 'the proprietor of a newspaper' —> The publisher decided to invest in a new high-speed printing press for the local daily.","YES","29/04/2026, 15:57:39"
"ann1","1777291297993cxdd7dazz7s","(zero-shot) 'observation' (NOUN_wn:05703429n) 'the act of noticing or paying attention' —> Through careful observation of the stars, the astronomer discovered a new comet.","YES","29/04/2026, 15:57:44"
"ann1","1777291297993w0if9izhns","(zero-shot) 'mortal' (ADJ_wn:01721691a) 'involving loss of divine grace or spiritual death' —> The priest warned the congregation that committing such a heinous act would be a mortal sin.","YES","29/04/2026, 15:57:54"
"ann1","1777291297993kcrywwb0p2","(zero-shot) 'concentrate' (VERB_wn:00722232v) 'direct one's attention on something' —> Please concentrate on your homework until it is finished.","YES","29/04/2026, 15:58:00"
"ann1","1777291297993isbd0nmtyjd","(zero-shot) 'go_back' (VERB_wn:02723951v) 'belong to an earlier time' —> These ancient traditions go back centuries.","YES","29/04/2026, 16:07:50"
"ann1","1777291297993vthnmicze6","(zero-shot) 'wealth' (NOUN_wn:13250398n) 'property that has economic utility: a monetary value or an exchange value' —> The family managed to accumulate significant wealth through decades of strategic real estate investments.","YES","29/04/2026, 16:08:08"
"ann1","1777291297993rg43xb1n2b","(zero-shot) 'urinary' (ADJ_wn:03008345a) 'of or relating to the urinary system of the body' —> The patient was diagnosed with a urinary tract infection.","YES","29/04/2026, 16:08:14"
"ann1","1777291297993cbwf63a61b9","(zero-shot) 'gallery' (NOUN_wn:08222203n) 'spectators at a golf or tennis match' —> The gallery erupted in applause after the tennis player hit a stunning cross-court winner.","YES","29/04/2026, 16:08:21"
"ann1","1777291297993r3rsjhexr","(zero-shot) 'crack' (VERB_wn:00238542v) 'reduce (petroleum) to a simpler compound by cracking' —> The refinery uses high temperatures and catalysts to crack heavy crude oil into lighter gasoline fractions.","YES","29/04/2026, 16:33:00"
"ann1","17772912979932kxchwfaa5v","(zero-shot) 'grace' (NOUN_wn:04840715n) '(Christian theology) the free and unmerited favor or beneficence of God' —> The repentant sinner prayed for God's grace to find forgiveness for his past mistakes.","YES","29/04/2026, 16:33:19"
"ann1","1777291297993quggs3onxnq","(zero-shot) 'exceed' (VERB_wn:02669477v) 'be greater in scope or size than some standard' —> The total cost of the renovations exceeded the original budget by several thousand dollars.","YES","29/04/2026, 16:35:51"
"ann1","1777291297993tkl0swtuy7","(zero-shot) 'ceylon' (NOUN_wn:08719100n) 'a republic on the island of Ceylon; became independent of the United Kingdom in 1948' —> The colonial administration of Ceylon transitioned to local rule after decades of British oversight.","YES","29/04/2026, 16:35:59"
"ann1","17772912979931nenft3978b","(zero-shot) 'consecutive' (ADJ_wn:00596511a) 'successive (without a break)' —> The team won five consecutive games to secure their place in the finals.","YES","29/04/2026, 16:36:10"
"ann1","1777291297993o24h4i74p0d","(zero-shot) 'radial' (ADJ_wn:02836910a) 'relating to or near the radius' —> The surgeon carefully examined the radial nerve during the procedure.","YES","29/04/2026, 16:36:20"
"ann1","17772912979937exsk35vbgo","(zero-shot) 'timid' (ADJ_wn:00265989a) 'lacking conviction or boldness or courage' —> The timid kitten hid under the sofa during the thunderstorm.","YES","29/04/2026, 16:37:17"
"ann1","1777291297993lgn826h8i8","(zero-shot) 'get_into' (VERB_wn:00050652v) 'put clothing on one's body' —> It took her nearly ten minutes to get into the restrictive Victorian gown.","YES","29/04/2026, 16:37:30"
"ann1","1777291297993rnx3n0i63h","(zero-shot) 'approximation' (NOUN_wn:05803379n) 'an approximate calculation of quantity or degree or worth' —> The architect provided a rough approximation of the total project cost before the final blueprints were completed.","YES","29/04/2026, 16:37:43"
"ann1","17772912979935rqpvteo5p4","(zero-shot) 'pool' (NOUN_wn:09397391n) 'a small lake' —> The hikers discovered a crystal clear pool hidden deep within the forest.","YES","29/04/2026, 16:37:49"
"ann1","1777291297993au9aziq2sa","(zero-shot) 'federation' (NOUN_wn:01153305n) 'the act of constituting a political unity out of a number of separate states or colonies or provinces so that each member retains the management of its internal affairs' —> The historical federation of the colonies allowed the newly formed nation to balance central authority with regional autonomy.","YES","29/04/2026, 16:38:27"
"ann1","17772912979934yfhpfzjar8","(zero-shot) 'exceptional' (ADJ_wn:01676026a) 'far beyond what is usual in magnitude or degree' —> The young pianist displayed exceptional talent during her first concerto.","YES","29/04/2026, 16:38:37"
"ann1","1777291297993r7alu0yrooa","(zero-shot) 'crash' (VERB_wn:00017674v) 'sleep in a convenient place' —> I'm so exhausted that I might just crash on your sofa tonight.","YES","29/04/2026, 16:38:44"
"ann1","1777291297993mzojud0y7nk","(zero-shot) 'party' (NOUN_wn:08252602n) 'a group of people gathered together for pleasure' —> The birthday party lasted until midnight.","YES","29/04/2026, 16:38:52"
"ann1","1777291297993q8ubvukjbg","(zero-shot) 'die' (NOUN_wn:03192790n) 'a device used for shaping metal' —> The machinist carefully installed the precision die into the press to stamp out the steel brackets.","YES","29/04/2026, 16:39:03"
"ann1","1777291297993pccr3cf6btd","(zero-shot) 'book' (VERB_wn:02498136v) 'record a charge in a police register' —> The officer decided to book the suspect for public intoxication.","YES","29/04/2026, 16:41:50"
"ann1","1777291297993pxykqqbhd6l","(zero-shot) 'fair' (NOUN_wn:08408267n) 'a competitive exhibition of farm products' —> The local farmers proudly displayed their prize-winning pumpkins at the county fair.","YES","29/04/2026, 16:42:06"
"ann1","1777291297993ovt3dbccwll","(zero-shot) 'unaffected' (ADJ_wn:02107827a) 'unaware of or indifferent to' —> The spoiled heir remained completely unaffected by the struggles of the working class.","YES","29/04/2026, 16:42:47"
"ann1","1777291297993yn2vozbqa3","(zero-shot) 'cross' (NOUN_wn:03135532n) 'a wooden structure consisting of an upright post with a transverse piece' —> The villagers erected a massive stone cross at the center of the town square.","NO","29/04/2026, 16:44:05"
"ann1","17772912979933qvbryzxyqk","(zero-shot) 'scandal' (NOUN_wn:07223811n) 'disgraceful gossip about the private lives of other people' —> The small town was alive with juicy scandals regarding the mayor's secret affairs.","YES","29/04/2026, 16:45:21"
"ann1","1777291297993ub6s5qrrw8s","(zero-shot) 'expression' (NOUN_wn:06880249n) 'expression without words' —> A subtle expression of grief crossed her face.","YES","29/04/2026, 16:45:28"
"ann1","17772912979932o425oo9jtg","(zero-shot) 'fierce' (ADJ_wn:01507808a) 'ruthless in competition' —> The two athletes engaged in a fierce battle for the gold medal.","YES","29/04/2026, 16:45:34"
"ann1","1777291297993i61vp79advs","(zero-shot) 'derive' (VERB_wn:00251615v) 'develop or evolve from a latent or potential state' —> Many complex social customs are derived from simple survival instincts.","YES","29/04/2026, 16:50:02"
"ann1","1777291297993qed9bkgcfm","(zero-shot) 'hoop' (NOUN_wn:03533972n) 'a rigid circular band of metal or wood or other material used for holding or fastening or hanging or pulling' —> The cooper carefully hammered a steel hoop around the wooden barrel to keep the staves tight.","YES","29/04/2026, 16:50:20"
"ann1","1777291297993we58ffgqt7s","(zero-shot) 'distribute' (VERB_wn:00968211v) 'cause to become widely known' —> The whistleblower sought to distribute the classified documents to the press to expose the scandal.","YES","29/04/2026, 16:50:30"
"ann1","1777291297993hn2zk3ep9w7","(zero-shot) 'transport' (NOUN_wn:13986372n) 'a state of being carried away by overwhelming emotion; - Charles Dickens' —> She surrendered herself to a sudden transport of joy upon seeing her long-lost brother.","YES","29/04/2026, 16:50:40"
"ann1","17772912979932ucdhv81j4v","(zero-shot) 'sleeper' (NOUN_wn:02619861n) 'tropical fish that resembles a goby and rests quietly on the bottom in shallow water' —> The aquarium enthusiast carefully added a rare sleeper to the sandy substrate of his tank.","YES","29/04/2026, 16:51:08"
"ann1","1777291297993x8z5jkc1xb","(zero-shot) 'irony' (NOUN_wn:04715075n) 'incongruity between what might be expected and what actually occurs' —> The irony of the situation was that the fire station burned down while the firefighters were away.","YES","29/04/2026, 16:51:15"
"ann1","1777291297993u7j32hul7a","(zero-shot) 'reputation' (NOUN_wn:06207199n) 'the general estimation that the public has for a person' —> The seasoned diplomat worked tirelessly for decades to maintain a reputation for honesty and fairness.","YES","29/04/2026, 16:51:23"
"ann1","1777291297993dx3ccubb3y","(zero-shot) 'stop' (NOUN_wn:07365849n) 'the event of something ending' —> The sudden stop of the music left the ballroom in complete silence.","YES","29/04/2026, 16:51:29"
"ann1","1777291297993xsywyaqz54h","(zero-shot) 'loin' (NOUN_wn:02463403n) 'either side of the backbone between the hipbone and the ribs in humans as well as quadrupeds' —> The athlete felt a sharp strain in his left loin after the sudden sprint.","YES","29/04/2026, 16:51:38"
"ann1","17772912979939q9gpy7r49b","(zero-shot) 'slip' (NOUN_wn:00329031n) 'an unexpected slide' —> The hiker suffered a sudden slip on the wet rocks.","YES","29/04/2026, 16:51:43"
"ann1","17772912979933b4bve7x0ux","(zero-shot) 'elevate' (VERB_wn:02397637v) 'give a promotion to or assign to a higher position' —> The board of directors decided to elevate Sarah to the role of Chief Executive Officer.","YES","29/04/2026, 16:51:48"
"ann1","17772912979938zxne69efbn","(zero-shot) 'conductor' (NOUN_wn:09952539n) 'the person who leads a musical group' —> The conductor raised his baton to signal the start of the symphony.","YES","29/04/2026, 16:51:54"
"ann1","17772912979930maqf6uevva","(zero-shot) 'jumper' (NOUN_wn:03604763n) 'a coverall worn by children' —> The toddler looked adorable in his blue corduroy jumper while playing in the garden.","YES","29/04/2026, 16:52:02"
"ann1","1777291297993prl9am9gcm","(zero-shot) 'loin' (NOUN_wn:07658678n) 'a cut of meat taken from the side and back of an animal between the ribs and the rump' —> The chef carefully seared the pork loin in a cast-iron skillet.","YES","29/04/2026, 16:52:07"
"ann1","17772912979931k2x07lysuf","(zero-shot) 'up' (ADJ_wn:01004245a) 'used up' —> My supply of ink is all up.","YES","29/04/2026, 16:52:13"
"ann1","1777291297993kh89yy5mj9","(zero-shot) 'tread' (NOUN_wn:00285889n) 'a step in walking or running' —> The heavy tread of the guards echoed through the silent stone corridor.","YES","29/04/2026, 16:52:22"
"ann1","17772912979935rbjyxigg6l","(zero-shot) 'lentil' (NOUN_wn:07725255n) 'round flat seed of the lentil plant used for food' —> I added a handful of red lentils to the vegetable soup for extra protein.","YES","29/04/2026, 17:07:18"
"ann1","17772912979939v2g9y24wwo","(zero-shot) 'chain' (NOUN_wn:13652994n) 'a unit of length' —> The surveyor measured the field and found it to be exactly five chains in length.","YES","29/04/2026, 17:07:27"
"ann1","1777291297993je5u5nsio4","(zero-shot) 'calendar' (NOUN_wn:08266849n) 'a tabular array of the days (usually for one year)' —> She marked the date of her anniversary on the wall calendar.","YES","29/04/2026, 17:07:34"
"ann1","1777291297993t3bpzw7771q","(zero-shot) 'glow' (VERB_wn:01830042v) 'be exuberant or high-spirited' —> She glowed with pride after receiving the prestigious award.","YES","29/04/2026, 17:09:37"
"ann1","1777291297993szsi16gg9mc","(zero-shot) 'landing' (NOUN_wn:03638321n) 'structure providing a place where boats can land people or goods' —> The ferry docked gently at the stone landing to unload the crates of produce.","YES","29/04/2026, 17:09:48"
"ann1","1777291297993pmgza7e5qfe","(zero-shot) 'clap' (VERB_wn:02094172v) 'strike the air in flight' —> The startled pigeon clapped its wings and soared toward the rooftop.","YES","29/04/2026, 17:09:57"
"ann1","17772912979931h0o8cwwz2t","(zero-shot) 'affinity' (NOUN_wn:04747798n) 'inherent resemblance between persons or things' —> There is a striking affinity between the architecture of the two ancient cities.","YES","29/04/2026, 17:10:09"
"ann1","1777291297993yd5pgn5xr4","(zero-shot) 'tolerance' (NOUN_wn:05033410n) 'the power or capacity of an organism to tolerate unfavorable environmental conditions' —> Some desert plants have evolved a remarkable tolerance to extreme drought and scorching heat.","YES","29/04/2026, 17:10:36"
"ann1","17772912979935ghu65c90sd","(zero-shot) 'composite' (ADJ_wn:02701099a) 'of or relating to or belonging to the plant family Compositae' —> The botanist spent the afternoon classifying various composite flowers in the meadow.","YES","29/04/2026, 17:10:48"
"ann1","1777291297993j6xtvx0xbg","(zero-shot) 'career' (NOUN_wn:00583246n) 'the particular occupation for which you are trained' —> After years of studying medicine, she finally began her career as a surgeon.","YES","29/04/2026, 17:11:03"
"ann1","1777291297993gtijpvzhmk9","(zero-shot) 'opposite' (ADJ_wn:02070887a) 'being directly across from each other; facing; - Longfellow' —> The small bakery is located on the opposite side of the street from the library.","YES","29/04/2026, 17:11:25"
"ann1","1777291297993wvhy5d2xon","(zero-shot) 'cortex' (NOUN_wn:05486510n) 'the layer of unmyelinated neurons (the grey matter) forming the cortex of the cerebrum' —> The physician examined the MRI scan to identify any atrophy within the cerebral cortex.","YES","29/04/2026, 17:13:54"
"ann1","1777291297993h38zc43s4r","(zero-shot) 'exhaust' (VERB_wn:00450997v) 'use up the whole supply of' —> The long journey will exhaust our remaining water reserves.","YES","29/04/2026, 17:14:01"
"ann1","1777291297993llesquylqjk","(zero-shot) 'dampen' (VERB_wn:00390560v) 'make vague or obscure or make (an image) less visible' —> The heavy morning mist served to dampen the distant outline of the mountains.","YES","29/04/2026, 17:16:14"
"ann1","1777291297993qss8kvdb48","(zero-shot) 'invade' (VERB_wn:01126360v) 'march aggressively into another's territory by military force for the purposes of conquest and occupation' —> The imperial army decided to invade the neighboring kingdom to seize its fertile lands.","YES","29/04/2026, 17:16:20"
"ann1","1777291297993yp740ypy5ha","(zero-shot) 'wind' (VERB_wn:01522052v) 'coil the spring of (some mechanical device) by turning a stem' —> I carefully wind the old grandfather clock every Sunday morning.","YES","29/04/2026, 17:16:40"
"ann1","1777291297993rychbhoa19n","(zero-shot) 'corruption' (NOUN_wn:04853948n) 'lack of integrity or honesty (especially susceptibility to bribery); use of a position of trust for dishonest gain' —> The investigative journalist uncovered widespread corruption within the city's zoning department.","YES","29/04/2026, 17:16:55"
"ann1","17772912979931732g3nn8uh","(zero-shot) 'protestant' (NOUN_wn:08087570n) 'the Protestant churches and denominations collectively' —> The council sought a formal agreement between the Catholic hierarchy and Protestantism.","WRONG","29/04/2026, 17:22:12"
"ann1","1777291297993givhwl19dsi","(zero-shot) 'bosom' (NOUN_wn:14416473n) 'the chest considered as the place where secret thoughts are kept' —> She harbored a deep, unspoken resentment within her bosom for many years.","YES","29/04/2026, 17:22:49"
"ann1","1777291297993da7znra51j6","(zero-shot) 'sphere' (NOUN_wn:13899200n) 'a solid figure bounded by a spherical surface (including the space it encloses)' —> The artist carefully carved a perfect sphere out of a block of white marble.","YES","29/04/2026, 17:23:02"
"ann1","1777291297993jixa0ekhxm","(zero-shot) 'rudder' (NOUN_wn:04117216n) '(nautical) steering mechanism consisting of a hinged vertical plate mounted at the stern of a vessel' —> The captain gripped the wheel tightly, struggling to keep the ship on course as the rudder jammed against a piece of floating debris.","YES","29/04/2026, 17:23:18"
"ann1","177729129799332co3k948eb","(zero-shot) 'cripple' (VERB_wn:00091647v) 'deprive of the use of a limb, especially a leg' —> The sudden blast from the explosion threatened to cripple the soldier's left leg.","YES","29/04/2026, 17:23:40"
"ann1","1777291297993cokxxqblagp","(zero-shot) 'inheritance' (NOUN_wn:04922338n) '(genetics) attributes acquired via biological heredity from the parents' —> The scientist studied the inheritance of blue eyes across three generations of the family.","YES","29/04/2026, 17:23:49"
"ann1","1777291297993ox6c3ftjsq","(zero-shot) 'clear' (VERB_wn:00195617v) 'make a way or path by removing objects' —> The hikers had to clear the fallen branches to continue along the trail.","YES","29/04/2026, 17:24:27"
"ann1","1777291297993nilbr0n2x8q","(zero-shot) 'break' (VERB_wn:00933821v) 'make known to the public information that was previously known only to a few people or that was meant to be kept a secret' —> The investigative journalist worked tirelessly to break the scandal to the entire world.","YES","29/04/2026, 17:24:36"
"ann1","1777291297993q9jfgtoq5ck","(zero-shot) 'slow' (VERB_wn:00440786v) 'cause to proceed more slowly' —> The heavy snowfall began to slow the morning commute.","YES","29/04/2026, 17:24:41"
"ann1","1777291297993ut0m8kkj1z","(zero-shot) 'set_down' (VERB_wn:01502122v) 'put or settle into a position' —> She carefully set down the fragile vase on the wooden table.","YES","29/04/2026, 17:26:56"
"ann1","1777291297993sf5eaxtfoqk","(zero-shot) 'height' (NOUN_wn:13940456n) 'the highest level or degree attainable; the highest stage of development' —> The empire had reached the height of its power before it began to crumble.","YES","29/04/2026, 17:54:46"
"ann1","177729129799371s37mj8o98","(zero-shot) 'separated' (ADJ_wn:00542282a) 'spaced apart' —> The fence posts were separated by exactly three feet.","YES","29/04/2026, 17:54:53"
"ann1","1777291297993umw6mc1l8j","(zero-shot) 'mallet' (NOUN_wn:03715669n) 'a light drumstick with a rounded head that is used to strike such percussion instruments as chimes, kettledrums, marimbas, glockenspiels, etc.' —> The percussionist carefully selected a soft felt mallet to produce a warm tone from the timpani.","YES","29/04/2026, 17:55:02"
"ann1","1777291297993i2ravi4vgj","(zero-shot) 'dim' (ADJ_wn:00440579a) 'slow to learn or understand; lacking intellectual acuity; ; ; - Thackeray' —> The professor sighed, realizing that his most dim student had still not grasped the basic concept of the lecture.","YES","29/04/2026, 17:55:16"
"ann1","1777291297993vbgulwdnd6m","(zero-shot) 'immediate' (ADJ_wn:00770316a) 'having no intervening medium' —> The diver felt the immediate contact of the cold water against his skin.","YES","29/04/2026, 17:55:26"
"ann1","1777291297993p9e35ugzgb","(zero-shot) 'daylight' (NOUN_wn:11444038n) 'light during the daytime' —> The hikers decided to set up camp before the daylight faded from the valley.","YES","29/04/2026, 17:55:35"
"ann1","17772912979939n0k1yqd9he","(zero-shot) 'theater' (NOUN_wn:08551628n) 'a region in which active military operations are in progress' —> The general coordinated the deployment of troops across the Pacific theater.","YES","29/04/2026, 17:59:42"
"ann1","1777291297993xqa16cp1zto","(zero-shot) 'related' (ADJ_wn:01972820a) 'being connected either logically or causally or by shared characteristics' —> The researchers discovered several related symptoms among the patients in the study.","YES","29/04/2026, 18:00:03"
"ann1","1777291297993lbzcddphct","(zero-shot) 'crown' (NOUN_wn:03138981n) 'the center of a cambered road' —> Rainwater flows efficiently toward the gutters when the road has a well-defined crown.","YES","29/04/2026, 18:00:11"
"ann1","17772912979937q8ygpqyigs","(zero-shot) 'slow' (VERB_wn:00440580v) 'become slow or slower' —> The car slowed as it approached the stop sign.","YES","29/04/2026, 18:00:19"
"ann1","1777291297993xkd901x608","(zero-shot) 'abstract' (VERB_wn:02276866v) 'make off with belongings of others' —> The cunning thief managed to abstract the diamond necklace from the display case before the alarms sounded.","YES","29/04/2026, 18:01:44"
"ann1","1777291297993q1ztw0k3wxj","(zero-shot) 'surmount' (VERB_wn:02694548v) 'be on top of' —> A golden spire surmounts the cathedral's highest tower.","YES","29/04/2026, 18:01:48"
"ann1","1777291297993zp5l7nzrtma","(zero-shot) 'plain' (ADJ_wn:00765666a) 'free from any effort to soften to disguise' —> The truth was delivered in plain, brutal terms.","YES","29/04/2026, 18:01:57"
"ann1","17772912979936pczf4ufs7","(zero-shot) 'packing' (NOUN_wn:00322228n) 'the enclosure of something in a package or box' —> The careful packing of the fragile glassware ensured that nothing broke during the move.","YES","29/04/2026, 18:03:38"
"ann1","177729129799324lti683fzp","(zero-shot) 'stretch' (NOUN_wn:04336645n) 'a straightaway section of a racetrack' —> The race car accelerated rapidly as it hit the final stretch toward the finish line.","YES","29/04/2026, 18:17:43"
"ann1","1777291297993c0daii6fe4w","(zero-shot) 'number' (VERB_wn:00235918v) 'place a limit on the number of' —> The committee decided to number the available scholarships to ensure the budget remained intact.","YES","29/04/2026, 18:18:03"
"ann1","1777291297993fhq3o93nmm","(zero-shot) 'dull' (ADJ_wn:00036998a) '(of business) not active or brisk' —> The retail sector remained dull throughout the winter months.","YES","29/04/2026, 18:18:12"
"ann1","1777291297993dnwkwf6cyha","(zero-shot) 'allied' (ADJ_wn:01972070a) 'related by common characteristics or ancestry' —> Spanish and Italian are allied languages.","YES","29/04/2026, 18:18:20"
"ann1","1777291297993nqppbfc2q5h","(zero-shot) 'tug' (VERB_wn:01454246v) 'carry with difficulty' —> The tired hiker tugged her oversized backpack up the steep mountain trail.","YES","29/04/2026, 18:18:32"
"ann1","1777291297993ckyobj2cek","(zero-shot) 'digit' (NOUN_wn:13653461n) 'the length of breadth of a finger used as a linear measure' —> The ancient architect specified that the decorative molding should be exactly three digits wide.","YES","29/04/2026, 18:18:47"
"ann1","1777291297993ltjn28xgb5","(zero-shot) 'spread' (VERB_wn:00968211v) 'cause to become widely known' —> The whistleblower decided to spread the truth about the company's corruption to the public.","YES","29/04/2026, 18:18:57"
"ann1","1777291297993rfk2n9638so","(zero-shot) 'mosaic' (NOUN_wn:03787759n) 'art consisting of a design made of small pieces of colored stone or glass' —> The ancient Roman villa featured a stunning floor mosaic depicting a scene from mythology.","YES","29/04/2026, 18:19:06"
"ann1","177729129799350ro1l7bg0u","(zero-shot) 'dirt' (NOUN_wn:07223811n) 'disgraceful gossip about the private lives of other people' —> The tabloid journalist spent months digging for dirt on the senator before the election.","YES","29/04/2026, 18:19:15"
"ann1","17772912979933ruz8uxg8ku","(zero-shot) 'equilibrium' (NOUN_wn:13934900n) 'a stable situation in which forces cancel one another' —> The ecosystem reached a delicate equilibrium after the introduction of the new predator.","YES","29/04/2026, 18:19:21"
"ann1","1777291297993l7a7u6zqm6","(zero-shot) 'rare' (ADJ_wn:00017024a) 'not widely distributed' —> The orchid is a rare species found only in a small section of the rainforest.","YES","29/04/2026, 18:19:33"
"ann1","17772912979937edcemikae3","(zero-shot) 'launch' (VERB_wn:02427103v) 'set up or found' —> The entrepreneur decided to launch a new organic skincare line last spring.","YES","29/04/2026, 18:20:15"
"ann1","17772912979934johcsluxkw","(zero-shot) 'base' (NOUN_wn:08490402n) 'the place where you are stationed and from which missions start and end' —> The soldiers returned to the base after completing their reconnaissance patrol.","YES","29/04/2026, 18:20:21"
"ann1","1777291297993kihr8w3vo9","(zero-shot) 'mound' (NOUN_wn:07961480n) 'a collection of objects laid on top of each other' —> The children spent the afternoon building a massive mound of colorful plastic blocks in the middle of the living room.","YES","29/04/2026, 18:20:31"
"ann1","1777291297993op93ozaue1b","(zero-shot) 'swear' (VERB_wn:00688377v) 'have confidence or faith in' —> I can swear by this brand of coffee to start my morning right.","YES","29/04/2026, 18:20:40"
"ann1","1777291297993cchbjgd4cu9","(zero-shot) 'still' (ADJ_wn:01565751a) 'used of pictures; of a single or static photograph not presented so as to create the illusion of motion; or representing objects not capable of motion' —> The curator selected a haunting still image from the film to display in the gallery.","YES","29/04/2026, 18:21:50"
"ann1","1777291297993umjrgod4337","(zero-shot) 'wind' (VERB_wn:01516965v) 'form into a wreath' —> The florist carefully wound the fresh jasmine blossoms into a fragrant wreath.","YES","29/04/2026, 18:22:18"
"ann1","1777291297993mjst95x30pi","(zero-shot) 'implement' (VERB_wn:02560164v) 'ensure observance of laws and rules' —> The new regulatory agency was established to implement the environmental safety protocols across all industrial sectors.","YES","29/04/2026, 18:22:24"
"ann1","1777291297993vpzbak2zv7","(zero-shot) 'reward' (NOUN_wn:13283764n) 'payment made in return for a service rendered' —> The detective received a generous cash reward for finding the missing heir.","YES","29/04/2026, 18:22:30"
"ann1","1777291297993w388yg9qpt","(zero-shot) 'fictitious' (ADJ_wn:01935935a) 'formed or conceived by the imagination' —> The author created a fictitious world filled with floating islands and talking animals.","YES","29/04/2026, 18:22:37"
"ann1","17772912979931tw1q2ear6h","(zero-shot) 'fault' (NOUN_wn:05139094n) 'the quality of being inadequate or falling short of perfection' —> Despite her immense talent, she was always overly critical of every minor fault in her paintings.","YES","29/04/2026, 18:22:51"
"ann1","1777291297993gmow37170rm","(zero-shot) 'net' (NOUN_wn:03819994n) 'a trap made of netting to catch fish or birds or insects' —> The fisherman cast his heavy net into the deep blue ocean.","YES","29/04/2026, 18:22:59"
"ann1","1777291297993v3a8ohl4r7","(zero-shot) 'composition' (NOUN_wn:04933544n) 'the way in which someone or something is composed' —> The chemical composition of the soil determines which plants will thrive in the garden.","YES","29/04/2026, 18:23:22"
"ann1","1777291297993e52iq26kxjj","(zero-shot) 'hack' (VERB_wn:01257173v) 'cut with a hacking tool' —> The lumberjack began to hack through the thick brush with his heavy axe.","YES","29/04/2026, 18:23:58"
"ann1","17772912979936p3eqf4buko","(zero-shot) 'allegory' (NOUN_wn:06366581n) 'an expressive style that uses fictional characters and events to describe some subject by suggestive resemblances; an extended metaphor' —> George Orwell's Animal Farm is a famous political allegory that uses a group of farm animals to critique the events leading up to the Russian Revolution.","YES","29/04/2026, 18:24:08"
"ann1","1777291297993yn7vgnzh85","(zero-shot) 'heading' (NOUN_wn:06343971n) 'a line of text serving to indicate what the passage below it is about' —> Please make sure that each section of your report starts with a bold heading.","YES","29/04/2026, 18:24:24"
"ann1","1777291297993ejruw4dcnid","(zero-shot) 'flow' (NOUN_wn:08461595n) 'dominant course (suggestive of running water) of successive events or ideas' —> The novelist struggled to maintain the natural flow of the narrative.","YES","29/04/2026, 18:24:31"
"ann1","1777291297993wusj8nzomfk","(zero-shot) 'lead' (NOUN_wn:05157143n) 'an advantage held by a competitor in a race' —> The marathon runner sprinted toward the finish line to maintain her slim lead.","YES","29/04/2026, 18:28:34"
"ann1","1777291297993ddy0n68mw9n","(zero-shot) 'fortune' (NOUN_wn:11418460n) 'an unknown and unpredictable phenomenon that leads to a favorable outcome' —> Through a strange twist of fortune, the stranded traveler stumbled upon a hidden oasis just as his water ran dry.","YES","29/04/2026, 18:28:49"
"ann1","1777291297993u7depnx4t3i","(zero-shot) 'cast' (VERB_wn:01513430v) 'get rid of' —> She finally cast off her old inhibitions to embrace a new life.","YES","29/04/2026, 18:29:00"
"ann1","17772912979938s7y6n535xf","(zero-shot) 'dash' (NOUN_wn:06805962n) 'the longer of the two telegraphic signals used in Morse code' —> The operator pressed the key for a longer duration to create a dash.","YES","29/04/2026, 18:29:06"
"ann1","17772912979938apf5t8odkl","(zero-shot) 'heartily' (ADV_wn:00219855r) 'in a hearty manner' —> The guests laughed heartily at the comedian's jokes.","YES","29/04/2026, 18:29:12"
"ann1","1777291297993l1h0au1x9g","(zero-shot) 'truth' (NOUN_wn:06724066n) 'a true statement' —> The witness spoke the truth during the trial.","YES","29/04/2026, 18:29:15"
"ann1","1777291297993w3mehoj8hz","(zero-shot) 'life' (NOUN_wn:15140892n) 'the period from the present until death' —> She hopes to travel the entire world in her remaining life.","YES","29/04/2026, 18:29:29"
"ann1","1777291297993381mkyj957d","(zero-shot) 'split' (VERB_wn:02467662v) 'separate into parts or portions' —> The siblings decided to split the inheritance equally among themselves.","YES","29/04/2026, 18:29:33"
"ann1","1777291297993esqno0e5qlc","(zero-shot) 'examine' (VERB_wn:02131279v) 'observe, check out, and look over carefully or inspect' —> The detective used a magnifying glass to examine the fingerprints left on the windowsill.","YES","29/04/2026, 18:29:40"
"ann1","17772912979936dz3dz2l27s","(zero-shot) 'extension' (NOUN_wn:03281935n) 'an addition to the length of something' —> The contractor built a wooden extension to the back of the house to create more living space.","YES","29/04/2026, 18:29:52"
"ann1","1777291297993eegcikmnlaj","(zero-shot) 'clear' (VERB_wn:02291548v) 'yield as a net profit' —> After paying all her expenses, the artist managed to clear five thousand dollars from the gallery sale.","YES","29/04/2026, 18:30:05"
"ann1","17772912979935eoml5ccje","(zero-shot) 'bind' (VERB_wn:01356750v) 'stick to firmly' —> The industrial adhesive was designed to bind the metal plates together permanently.","YES","29/04/2026, 18:30:24"
"ann1","177729129799302u8wgzzbz9g","(zero-shot) 'mold' (VERB_wn:01662771v) 'form by pouring (e.g., wax or hot metal) into a cast or mold' —> The artisan carefully molded the molten silver into the shape of a delicate leaf.","YES","29/04/2026, 18:30:36"
"ann1","1777291297993cexnzzg7g9f","(zero-shot) 'rule_out' (VERB_wn:01147562v) 'include or exclude by determining judicially or in agreement with rules' —> The committee voted to rule out the proposed amendment based on the current bylaws.","YES","29/04/2026, 18:30:46"
"ann1","1777291297993idohyovh0v","(zero-shot) 'diverge' (VERB_wn:02732603v) 'have no limits as a mathematical series' —> The sum of the harmonic series will diverge as more terms are added.","YES","29/04/2026, 18:30:55"
"ann1","1777291297993qzvzjx9g7d","(zero-shot) 'sound' (ADJ_wn:02273326a) 'financially secure and safe' —> The company's investment strategy remains sound despite the market volatility.","YES","29/04/2026, 18:31:02"
"ann1","1777291297993u400w85oxfg","(zero-shot) 'jack' (NOUN_wn:10241300n) 'someone who works with their hands; someone engaged in manual labor' —> The old docks were crowded with jacks hauling heavy crates of fish from the ships.","YES","29/04/2026, 18:31:11"
"ann1","17772912979934pseufmp51c","(zero-shot) 'optical' (ADJ_wn:02861859a) 'of or relating to or involving light or optics' —> The telescope utilizes a complex optical system to capture distant stars.","YES","29/04/2026, 18:31:16"
"ann1","17772912979932049roadyv7","(zero-shot) 'line_up' (VERB_wn:01073953v) 'take one's position before a kick-off' —> The players lined up on the fifty-yard line as the referee blew his whistle.","YES","29/04/2026, 18:31:25"
"ann1","17772912979935sgnrxeibfg","(zero-shot) 'qualification' (NOUN_wn:00200563n) 'the act of modifying or changing the strength of some idea' —> The lawyer added a careful qualification to the statement to ensure it was not interpreted as an absolute guarantee.","YES","29/04/2026, 18:31:33"
"ann1","17772912979937sppeki3crp","(zero-shot) 'split' (NOUN_wn:08819016n) 'an old Croatian city on the Adriatic Sea' —> We spent a wonderful summer vacation exploring the historic ruins of Split.","YES","29/04/2026, 18:31:47"
"ann1","1777291297993sg5oldjhnco","(zero-shot) 'accelerate' (VERB_wn:00439343v) 'cause to move faster' —> The driver pressed the pedal to accelerate the car down the highway.","YES","29/04/2026, 18:31:57"
"ann1","1777291297993lwr646q1c3n","(zero-shot) 'line' (NOUN_wn:07028373n) 'a succession of notes forming a distinctive sequence' —> The cellist played a melancholic line that echoed through the silent hall.","YES","29/04/2026, 18:32:58"
"ann1","1777291297993uocsv1r2tq8","(zero-shot) 'hasten' (VERB_wn:02548893v) 'speed up the progress of; facilitate' —> The new legislation was designed to hasten the development of renewable energy sources.","YES","29/04/2026, 18:33:04"
"ann1","17772912979936r8rq65yqxu","(zero-shot) 'follow' (VERB_wn:02455407v) 'follow with the eyes or the mind' —> The mesmerized crowd followed the acrobat's daring leap across the canyon.","YES","29/04/2026, 18:33:07"
"ann1","1777291297993fcab4hj4sj","(zero-shot) 'unjust' (ADJ_wn:01370590a) 'violating principles of justice' —> The judge's ruling was widely condemned as unjust and biased.","YES","29/04/2026, 18:33:12"
"ann1","1777291297993begje0vqrlt","(zero-shot) 'sanction' (NOUN_wn:06687358n) 'formal and explicit approval' —> The committee gave its official sanction to the new safety protocols.","YES","29/04/2026, 18:33:21"
"ann1","1777291297993d1jv92me9y","(zero-shot) 'choke' (VERB_wn:02423999v) 'check or slow down the action or effect of' —> The central bank raised interest rates to choke inflation before it spiraled out of control.","YES","29/04/2026, 18:33:28"
"ann1","1777291297993bbyko2pp7q7","(zero-shot) 'verb' (NOUN_wn:06320569n) 'a content word that denotes an action, occurrence, or state of existence' —> Every complete sentence in English typically requires a verb to function correctly.","YES","29/04/2026, 18:35:45"
"ann1","1777291297993kaftstw3rag","(zero-shot) 'submission' (NOUN_wn:07509325n) 'the feeling of patient, submissive humbleness' —> The monk bowed his head in total submission before the altar.","YES","29/04/2026, 18:35:52"
"ann1","1777291297993mq52zyfb86d","(zero-shot) 'through' (ADV_wn:00478821r) 'from beginning to end' —> I read the novel all through.","YES","29/04/2026, 18:35:56"
"ann1","1777291297993ljfurz3u3aj","(zero-shot) 'pass_on' (VERB_wn:00742320v) 'transmit information' —> Please pass on the message to the rest of the team.","YES","29/04/2026, 18:36:00"
"ann1","1777291297993jnmvow5p3h","(zero-shot) 'swing' (NOUN_wn:00327824n) 'changing location by moving back and forth' —> The child enjoyed the gentle swing of the hammock on a breezy afternoon.","YES","29/04/2026, 18:36:06"
"ann1","1777291297993ed5u193kyme","(zero-shot) 'slow_down' (VERB_wn:00440580v) 'become slow or slower' —> The car slowed down as it approached the stop sign.","YES","29/04/2026, 18:36:09"
"ann1","1777291297993xqcq19ayb07","(zero-shot) 'nobility' (NOUN_wn:04870340n) 'the quality of elevation of mind and exaltation of character or ideals or conduct' —> The selfless sacrifice of the rescue workers demonstrated a profound nobility of spirit.","YES","29/04/2026, 18:36:15"
"ann1","17772912979934m0fo6cfwo6","(zero-shot) 'replace' (VERB_wn:02257767v) 'put in the place of another; switch seemingly equivalent items' —> I need to replace the old batteries in the remote control.","YES","29/04/2026, 18:36:22"
"ann1","1777291297993ii02yd1bg3o","(zero-shot) 'recapture' (VERB_wn:02304013v) 'take back by force, as after a battle' —> The brave soldiers fought tirelessly to recapture the fallen fortress from the enemy.","YES","29/04/2026, 18:36:30"
"ann1","1777291297993ceb0ssrw0nd","(zero-shot) 'revive' (VERB_wn:00168910v) 'restore from a depressed, inactive, or unused state' —> The city hopes that the new arts festival will revive the crumbling downtown district.","YES","29/04/2026, 18:38:25"
"ann1","17772912979939f5d15qbcq","(zero-shot) 'twist' (NOUN_wn:07423365n) 'an unforeseen development' —> The movie's ending featured a shocking twist that left the entire audience in silence.","YES","29/04/2026, 18:38:39"
"ann1","177729129799302ztr686uo7y","(zero-shot) 'switch' (VERB_wn:01510173v) 'cause to go on or to be engaged or set in operation' —> Please switch the lights on before you enter the room.","YES","29/04/2026, 18:38:43"
"ann1","1777291297993mi2oj23o54","(zero-shot) 'execute' (VERB_wn:01712704v) 'carry out or perform an action' —> The team will execute the plan tomorrow morning.","YES","29/04/2026, 18:38:47"
"ann1","1777291297993a4o67vo8dtb","(zero-shot) 'superior' (NOUN_wn:10752930n) 'a combatant who is able to defeat rivals' —> The seasoned warrior proved himself a superior in the arena, leaving his opponents defeated.","YES","29/04/2026, 18:38:52"
"ann1","1777291297993nqpqcyzmi6","(zero-shot) 'campaign' (NOUN_wn:00798245n) 'a series of actions advancing a principle or tending toward a particular end' —> The local community launched a campaign to reduce plastic waste in the oceans.","YES","29/04/2026, 18:38:59"
"ann1","1777291297993bcmqhua6vhp","(zero-shot) 'scale' (VERB_wn:02207036v) 'take by attacking with scaling ladders' —> The disciplined infantry managed to scale the fortress walls under the cover of darkness.","YES","29/04/2026, 18:39:23"
"ann1","1777291297993w34qjhwj77s","(zero-shot) 'load' (NOUN_wn:13772468n) 'a quantity that can be processed or transported at one time' —> The truck carried a heavy load of gravel to the construction site.","YES","29/04/2026, 18:39:30"
"ann1","1777291297993mjsr29ovm3","(zero-shot) 'television' (NOUN_wn:06277280n) 'broadcasting visual images of stationary or moving objects; ;  - Ernie Kovacs' —> Ernie Kovacs revolutionized the medium of television by treating the screen as a canvas for surrealist art.","YES","29/04/2026, 18:39:44"
"ann1","17772912979938e2r1y3motb","(zero-shot) 'imagination' (NOUN_wn:05767733n) 'the ability to form mental images of things or events' —> The young novelist relied on her vivid imagination to build an entire galaxy from scratch.","YES","29/04/2026, 18:39:50"
"ann1","177729129799390dd7z1oafi","(zero-shot) 'disk' (NOUN_wn:03706653n) '(computer science) a memory device consisting of a flat disk covered with a magnetic coating on which information is stored' —> The system administrator backed up all the critical server data onto an external hard disk.","YES","29/04/2026, 18:40:01"
"ann1","1777291297993xlc7jip7lff","(zero-shot) 'mortar' (NOUN_wn:03786901n) 'a bowl-shaped vessel in which substances can be ground and mixed with a pestle' —> The chef used a heavy stone mortar to crush the fresh garlic and peppercorns into a fine paste.","YES","29/04/2026, 18:40:08"
"ann1","17772912979931iibt057edl","(zero-shot) 'market' (NOUN_wn:03722288n) 'an area in a town where a public mercantile establishment is set up' —> Fresh vegetables and handmade crafts were sold at the bustling open-air market every Saturday morning.","YES","29/04/2026, 18:40:37"
"ann1","1777291297993cr8abhj967t","(zero-shot) 'faculty' (NOUN_wn:08287586n) 'the body of teachers and administrators at a school' —> The entire faculty gathered in the auditorium for the annual orientation meeting.","YES","29/04/2026, 18:40:51"
"ann1","1777291297993s9qhcnw1lw","(zero-shot) 'crash' (VERB_wn:00434919v) 'stop operating' —> The entire server crashed during the software update.","YES","29/04/2026, 18:40:54"
"ann1","177729129799313uk0pg5wgbi","(zero-shot) 'alone' (ADV_wn:00157967r) 'without anybody else or anything else' —> She preferred to walk through the quiet forest alone.","YES","29/04/2026, 18:40:57"
"ann1","1777291297993seokdyf78p","(zero-shot) 'plunge' (VERB_wn:01577093v) 'immerse briefly into a liquid so as to wet, coat, or saturate' —> The chef plunged the hot donuts into the glossy chocolate glaze.","YES","29/04/2026, 18:41:02"
"ann1","1777291297993faise0wtx56","(zero-shot) 'pay_off' (VERB_wn:02256853v) 'pay off (loans or promissory notes)' —> She worked two jobs for three years to finally pay off her student loans.","YES","29/04/2026, 18:41:12"
"ann1","17772912979939mx50xu2lf7","(zero-shot) 'stimulate' (VERB_wn:01761706v) 'stir the feelings, emotions, or peace of' —> The haunting melody of the cello began to stimulate a deep sense of longing within her.","YES","29/04/2026, 18:41:20"
"ann1","17772912979937ardbgoqrb6","(zero-shot) 'captain' (NOUN_wn:09892693n) 'the pilot in charge of an airship' —> The captain carefully steered the massive airship through the storm clouds to ensure a safe landing.","YES","29/04/2026, 18:41:37"
"ann1","1777291297993f97mibaq6er","(zero-shot) 'gait' (NOUN_wn:15280497n) 'the rate of moving (especially walking or running)' —> The injured athlete struggled to maintain a steady gait during his first few laps around the track.","YES","29/04/2026, 18:41:45"
"ann1","17772912979938e45tbyeom8","(zero-shot) 'credit' (NOUN_wn:13374281n) 'arrangement for deferred payment for goods and services' —> The store offered the customer a line of credit to purchase the new furniture.","YES","29/04/2026, 18:41:55"
"ann1","17772912979931u03xi08ggl","(zero-shot) 'rim' (NOUN_wn:13902336n) 'the shape of a raised edge of a more or less circular object' —> The spider crawled slowly along the rim of the glass.","YES","29/04/2026, 18:42:02"
"ann1","1777291297993cqkdkgkiwae","(zero-shot) 'break' (VERB_wn:00935987v) 'be released or become known; of news' —> The news of the scandal finally broke on Tuesday morning.","YES","29/04/2026, 18:42:09"
"ann1","177729129799344d2axyboot","(zero-shot) 'Edward' (NOUN_wn:10951459n) 'King of England from 1901 to 1910; son of Victoria and Prince Albert; famous for his elegant sporting ways (1841-1910)' —> King Edward presided over the British Empire during the early twentieth century.","YES","29/04/2026, 18:42:13"
"ann1","17772912979937awbxtxfmqi","(zero-shot) 'shunt' (NOUN_wn:04210858n) 'implant consisting of a tube made of plastic or rubber; for draining fluids within the body' —> The surgeon performed a delicate procedure to place a ventricular shunt to relieve the pressure from the excess cerebrospinal fluid.","YES","29/04/2026, 18:42:22"
"ann1","1777291297993anx6889b2tv","(zero-shot) 'net' (NOUN_wn:03820318n) 'a goal lined with netting (as in soccer or hockey)' —> The striker kicked the ball with precision, sending it straight into the back of the net.","YES","29/04/2026, 18:42:30"
"ann1","1777291297993ceqonwqy0ro","(zero-shot) 'peak' (NOUN_wn:02838728n) 'a brim that projects to the front to shade the eyes' —> He pulled the peak of his baseball cap lower to block the glare of the afternoon sun.","YES","29/04/2026, 18:42:42"
"ann1","1777291297993frn1tiwsbes","(zero-shot) 'evil' (NOUN_wn:00745637n) 'morally objectionable behavior' —> The dictator's reign was marked by systemic evil that haunted the nation for decades.","YES","29/04/2026, 18:42:48"
"ann1","177729129799389omi7o4fq3","(zero-shot) 'lead' (VERB_wn:01999423v) 'travel in front of; go in advance of others' —> The experienced guide led the hikers through the dense forest.","YES","29/04/2026, 18:43:03"
"ann1","1777291297993xcjk8lqnazf","(zero-shot) 'orientation' (NOUN_wn:01052372n) 'the act of orienting' —> The new employees attended a comprehensive orientation to familiarize themselves with the company's policies.","YES","29/04/2026, 18:43:13"
"ann1","17772912979938ip3t9c62bf","(zero-shot) 'direct' (VERB_wn:00749376v) 'give directions to; point somebody into a certain direction' —> The concierge directed the tourists toward the museum.","YES","29/04/2026, 18:43:25"
"ann1","1777291297993kzr31zz4ut","(zero-shot) 'trace' (NOUN_wn:06647036n) 'a visible mark (as a footprint) left by the passage of person or animal or vehicle' —> The detective carefully photographed every trace of the intruder's boots in the fresh snow.","YES","29/04/2026, 18:43:33"
"ann1","17772912979932565a5g8cpj","(zero-shot) 'come_to' (VERB_wn:00024047v) 'return to consciousness' —> After the sudden blow to his head, he slowly came to in the ambulance.","YES","29/04/2026, 18:43:45"
"ann1","1777291297993mf9ekdar19h","(zero-shot) 'carnivore' (NOUN_wn:02075296n) 'a terrestrial or aquatic flesh-eating mammal' —> The hungry polar bear is a powerful arctic carnivore.","YES","29/04/2026, 18:43:53"
"ann1","1777291297993wytda56lxbm","(zero-shot) 'gnaw' (VERB_wn:00275253v) 'become ground down or deteriorate' —> The ancient limestone cliffs were slowly gnawed away by the relentless crashing of the tide.","YES","29/04/2026, 18:44:24"
"ann1","177729129799311e7bb8tv5dm","(zero-shot) 'ignore' (VERB_wn:01059564v) 'refuse to acknowledge' —> He decided to ignore the rude comment.","YES","29/04/2026, 18:44:28"
"ann1","1777291297993i39y9mumrk","(zero-shot) 'trump' (NOUN_wn:04490859n) '(card games) the suit that has been declared to rank above all other suits for the duration of the hand' —> Since spades were chosen as trump, he played the ace to win the final trick.","YES","29/04/2026, 18:44:43"
"ann1","1777291297993vikxyywiryp","(zero-shot) 'ordinary' (NOUN_wn:13942743n) 'the expected or commonplace condition or situation' —> She longed for a life of adventure, weary of the dullness of the ordinary.","YES","29/04/2026, 18:44:51"
"ann1","1777291297993ghkwhi67g7f","(zero-shot) 'give_away' (VERB_wn:00841986v) 'give away information about somebody' —> The spy's nervous twitch gave away his true identity to the guards.","YES","29/04/2026, 18:44:59"
"ann1","1777291297993kr1vzgp7j5","(zero-shot) 'singly' (ADV_wn:00083541r) 'one by one; one at a time' —> The guests entered the ballroom singly to be introduced to the host.","YES","29/04/2026, 18:45:04"
"ann1","177729129799308kqqlc0667u","(zero-shot) 'anticipation' (NOUN_wn:14486122n) 'anticipating with confidence of fulfillment' —> She waited for the arrival of her promotion letter with eager anticipation.","YES","29/04/2026, 18:45:12"
"ann1","1777291297993yojgc2bhc69","(zero-shot) 'multiplication' (NOUN_wn:00871576n) 'an arithmetic operation that is the inverse of division; the product of two numbers is computed' —> The students practiced long multiplication to solve the complex math problem.","YES","29/04/2026, 18:45:20"
"ann1","1777291297993uhpsdevlr3e","(zero-shot) 'propagate' (VERB_wn:00055871v) 'cause to propagate, as by grafting or layering' —> The experienced gardener showed me how to propagate the rare roses using stem cuttings.","YES","29/04/2026, 18:45:26"
"ann1","1777291297993jwv30x553j","(zero-shot) 'gait' (NOUN_wn:00286957n) 'a horse's manner of moving' —> The champion stallion displayed a powerful, rhythmic gait as he bounded across the paddock.","YES","29/04/2026, 18:45:33"
"ann1","1777291297993bmcz2cctx6m","(zero-shot) 'offensive' (ADJ_wn:00908672a) 'substitute a harsher or distasteful term for a mild one' —> The speaker chose an offensive word to describe the situation, replacing a polite phrase with a vulgar slur.","YES","29/04/2026, 18:45:43"
"ann1","17772912979935kbdi4fk29q","(zero-shot) 'fusion' (NOUN_wn:07373602n) 'an occurrence that involves the production of a union' —> The gourmet chef created a daring fusion of Japanese and Peruvian flavors.","YES","29/04/2026, 18:45:54"
"ann1","1777291297993e7ck45y5jrp","(zero-shot) 'potential' (ADJ_wn:01884176a) 'expected to become or be; in prospect' —> The coach identified several potential recruits during the tournament.","YES","29/04/2026, 18:46:01"
"ann1","17772912979932ocuuxk4z9m","(zero-shot) 'puerto_rico' (NOUN_wn:08752974n) 'a self-governing commonwealth associated with the United States occupying the island of Puerto Rico' —> Many tourists travel to Puerto Rico to enjoy its beautiful beaches and vibrant culture.","YES","29/04/2026, 18:46:06"
"ann1","1777291297993rqrp27h1lkm","(zero-shot) 'affair' (NOUN_wn:13931889n) 'a usually secretive or illicit sexual relationship' —> The senator's career collapsed after the press uncovered his long-term clandestine affair with a staff member.","YES","29/04/2026, 18:46:14"
"ann1","1777291297993aw59hv57y7","(zero-shot) 'diplomatic' (ADJ_wn:02713715a) 'relating to or characteristic of diplomacy' —> The ambassador used a diplomatic approach to resolve the border dispute peacefully.","YES","29/04/2026, 18:46:19"
"ann1","17772912979935hkko6995ce","(zero-shot) 'option' (NOUN_wn:13241600n) 'the right to buy or sell property at an agreed price; the right is purchased and if it is not exercised by a stated date the money is forfeited' —> The investor decided to purchase a call option on the tech company's stock to hedge against potential price increases.","YES","29/04/2026, 18:47:21"
"ann1","1777291297993clugp716rw7","(zero-shot) 'stamp' (VERB_wn:01531265v) 'raise in a relief' —> The artisan carefully stamped the royal crest into the hot wax.","YES","29/04/2026, 18:47:57"
"ann1","1777291297993y24ymojyrcd","(zero-shot) 'surmount' (VERB_wn:01999082v) 'reach the highest point of' —> The brave explorers finally surmounted the peak of Mount Everest.","YES","29/04/2026, 18:48:06"
"ann1","177729129799321cwblbx57","(zero-shot) 'celebration' (NOUN_wn:07450651n) 'a joyful occasion for special festivities to mark some happy event' —> The entire town gathered in the square for a grand celebration to honor the victory.","YES","29/04/2026, 18:48:11"
"ann1","17772912979937ztlcgjfcit","(zero-shot) 'commence' (VERB_wn:00345761v) 'take the first step or steps in carrying out an action' —> The orchestra will commence the symphony as soon as the conductor raises his baton.","YES","29/04/2026, 18:48:15"
"ann1","1777291297993cpyg9rg5tj7","(zero-shot) 'irritate' (VERB_wn:01787955v) 'cause annoyance in; disturb, especially by minor irritations' —> The scratching sound of the pen on the paper began to irritate him during the exam.","YES","29/04/2026, 18:48:21"
"ann1","1777291297993clxbcxw3oh","(zero-shot) 'depart' (VERB_wn:02661252v) 'be at variance with; be out of line with' —> The final report departed significantly from the original plan.","YES","29/04/2026, 18:48:29"
"ann1","1777291297993qfq347k60q","(zero-shot) 'penetration' (NOUN_wn:05710356n) 'clear or deep perception of a situation' —> Her mental penetration allowed her to see through the politician's deceptive rhetoric instantly.","YES","29/04/2026, 18:48:45"
"ann1","1777291297993sqo84wdvhdn","(zero-shot) 'overwhelming' (ADJ_wn:01989446a) 'so strong as to be irresistible' —> The scent of fresh cinnamon rolls created an overwhelming urge to eat.","YES","29/04/2026, 18:48:54"
"ann1","1777291297993jggvpn1wq6i","(zero-shot) 'manage' (VERB_wn:02523221v) 'carry on or function' —> The small business barely managed during the economic downturn.","YES","29/04/2026, 18:49:10"
"ann1","1777291297993lfcmzdfv7x","(zero-shot) 'payment' (NOUN_wn:01235137n) 'an act of requiting; returning in kind' —> His sudden act of cruelty was a bitter payment for the kindness she had shown him years before.","YES","29/04/2026, 18:49:23"
"ann1","1777291297993dvzsmmbeyqc","(zero-shot) 'shrink' (VERB_wn:00241038v) 'reduce in size; reduce physically' —> The wool sweater shrank after I washed it in hot water.","YES","29/04/2026, 18:49:27"
"ann1","1777291297993pnjqczo9jc","(zero-shot) 'heroic' (ADJ_wn:01284544a) 'of behavior that is impressive and ambitious in scale or scope' —> The architect envisioned a heroic plan to redesign the entire city center into a sustainable utopia.","YES","29/04/2026, 18:49:41"
"ann1","1777291297993se85piqqx6o","(zero-shot) 'packing' (NOUN_wn:14976448n) 'any material used especially to protect something' —> He used bubble wrap and foam peanuts as packing to keep the fragile vase safe during the move.","YES","29/04/2026, 18:49:48"
"ann1","1777291297993obkfcxqzoq","(zero-shot) 'interface' (NOUN_wn:05764779n) 'the overlap where two theories or phenomena affect each other or have links with each other' —> The study examines the complex interface between socioeconomic status and educational attainment.","YES","29/04/2026, 18:49:54"
"ann1","1777291297993wc0h2nbubgm","(zero-shot) 'manifestation' (NOUN_wn:06798558n) 'a manifest indication of the existence or presence or nature of some person or thing' —> The sudden drop in temperature was a clear manifestation of the ghost's presence in the room.","YES","29/04/2026, 18:51:53"
"ann1","1777291297993qpqbox3x9q","(zero-shot) 'stud' (NOUN_wn:10665587n) 'a man who is virile and sexually active' —> The confident athlete was widely considered the local stud by everyone at the gym.","YES","29/04/2026, 18:52:01"
"ann1","1777291297993ty116j09e5o","(zero-shot) 'base' (NOUN_wn:13897837n) 'the bottom side of a geometric figure from which the altitude can be constructed' —> To calculate the area of the triangle, multiply the length of the base by the height.","NO","29/04/2026, 19:14:44"
"ann1","1777291297993fzwb9klfdlc","(zero-shot) 'settle' (VERB_wn:00698855v) 'bring to an end; settle conclusively' —> The committee met for several hours to finally settle the dispute over the new contract.","YES","29/04/2026, 19:15:09"
"ann1","1777291297993ldwsvupzfe","(zero-shot) 'tone' (NOUN_wn:14544672n) 'the elastic tension of living muscles, arteries, etc. that facilitate response to stimuli' —> Physical therapy exercises are essential for maintaining muscle tone after a long period of immobilization.","YES","29/04/2026, 19:18:45"
"ann1","1777291297993deiq21uubp7","(zero-shot) 'inactive' (ADJ_wn:00043125a) 'not exerting influence or change' —> The political party remained inactive during the election cycle.","YES","29/04/2026, 19:18:59"
"ann1","1777291297993isyqvxy5ju9","(zero-shot) 'tunic' (NOUN_wn:05606633n) 'an enveloping or covering membrane or layer of body tissue' —> The outer tunic of the seed protects the embryo from dehydration.","YES","29/04/2026, 19:19:06"
"ann1","1777291297993gpcmdgr978a","(zero-shot) 'take_up' (VERB_wn:02346724v) 'take up and practice as one's own' —> After retiring from her corporate job, she decided to take up oil painting to express her creativity.","YES","29/04/2026, 19:19:12"
"ann1","1777291297993ftkj292grrn","(zero-shot) 'grace' (NOUN_wn:05003590n) 'elegance and beauty of movement or expression' —> The ballerina moved across the stage with effortless grace.","YES","29/04/2026, 19:19:18"
"ann1","1777291297993c9ts0dpyrk","(zero-shot) 'suspension' (NOUN_wn:01017701n) 'the act of suspending something (hanging it from above so it moves freely)' —> The artist achieved a magical effect through the careful suspension of glass spheres from the gallery ceiling.","YES","29/04/2026, 19:19:35"
"ann1","1777291297993lm7rbv3rro","(zero-shot) 'goodness' (NOUN_wn:05142180n) 'that which is pleasing or valuable or useful' —> The rich soil provided all the necessary goodness required for the garden to flourish.","YES","29/04/2026, 19:19:41"
"ann1","1777291297993dpcoivjxyz","(zero-shot) 'camp' (NOUN_wn:08240633n) 'an exclusive circle of people with a common purpose' —> The political camp supporting the new legislation gathered for a private strategy session.","YES","29/04/2026, 19:19:47"
"ann1","17772912979931ndc4oyygl0h","(zero-shot) 'mallet' (NOUN_wn:03715386n) 'a tool resembling a hammer but with a large head (usually wooden); used to drive wedges or ram down paving stones or for crushing or beating or flattening or smoothing' —> The carpenter used a heavy rubber mallet to nudge the joint into place without scarring the wood.","YES","29/04/2026, 19:19:57"
"ann1","17772912979937hef362mign","(zero-shot) 'neural' (ADJ_wn:02904518a) 'of or relating to the nervous system' —> The doctor explained how the neural pathways transmit signals from the brain to the muscles.","YES","29/04/2026, 19:20:02"
"ann1","1777291297993h2t674tspkc","(zero-shot) 'stimulate' (VERB_wn:00794079v) 'provide the needed stimulus for' —> The government lowered interest rates to stimulate economic growth.","YES","29/04/2026, 19:20:07"
"ann1","17772912979934y4izwdc2h6","(zero-shot) 'sweet' (ADJ_wn:02368336a) 'having or denoting the characteristic taste of sugar' —> The ripe strawberry tasted incredibly sweet.","YES","29/04/2026, 19:20:15"
"ann1","1777291297993hacehob1jw","(zero-shot) 'contribute' (VERB_wn:02237782v) 'provide' —> Everyone was asked to contribute a small amount of money to the charity fund.","YES","29/04/2026, 19:20:22"
"ann1","1777291297993nj1h2xp598","(zero-shot) 'keep_up' (VERB_wn:00118764v) 'keep informed' —> I read the morning news every day to keep up with current events.","YES","29/04/2026, 19:20:26"
"ann1","1777291297993110rj4mwqi4","(zero-shot) 'pick_up' (VERB_wn:02287041v) 'buy casually or spontaneously' —> I decided to pick up a few magazines while waiting for my appointment.","YES","29/04/2026, 19:20:33"
"ann1","17772912979938lc0501y50m","(zero-shot) 'pass' (NOUN_wn:07176499n) 'you advance to the next round in a tournament without playing an opponent' —> Because the top seed had a bye, he received a pass into the quarterfinals.","YES","29/04/2026, 19:20:47"
"ann1","1777291297993kwarsd65p8","(zero-shot) 'conspiracy' (NOUN_wn:05908882n) 'a plot to carry out some harmful or illegal act (especially a political plot)' —> The secret meeting in the basement was the first step in their conspiracy to overthrow the government.","YES","29/04/2026, 19:21:01"
"ann1","1777291297993ir6w3385uak","(zero-shot) 'stir_up' (VERB_wn:01761120v) 'arouse or excite feelings and passions' —> The politician's fiery speech was designed to stir up anger among the crowd.","YES","29/04/2026, 19:21:26"
"ann1","1777291297993z4ywtsfquz","(zero-shot) 'capacity' (NOUN_wn:14530836n) 'the susceptibility of something to a particular treatment' —> The patient's capacity for chemotherapy depended largely on her overall liver function.","YES","29/04/2026, 19:21:41"
"ann1","1777291297993gvu5akpd2wm","(zero-shot) 'permit' (VERB_wn:00802946v) 'allow the presence of or allow (an activity) without opposing or prohibiting' —> The local library does not permit talking in the quiet study area.","YES","29/04/2026, 19:22:20"
"ann1","1777291297993j6ytzypn2y","(zero-shot) 'improvement' (NOUN_wn:00248977n) 'the act of improving something' —> The constant improvement of the software ensures that users have a seamless experience.","YES","29/04/2026, 19:22:30"
"ann1","1777291297993el4s2ip6lnl","(zero-shot) 'take' (VERB_wn:02394183v) 'assume, as of positions or roles' —> After the previous CEO resigned, Sarah took the role of managing director.","YES","29/04/2026, 19:22:35"
"ann1","17772912979931q0jryqve3o","(zero-shot) 'endless' (ADJ_wn:00596211a) 'having the ends united so as to form a continuous whole' —> The children played with a bright red endless loop of ribbon.","YES","29/04/2026, 19:22:43"
"ann1","17772912979937bqemagw6uo","(zero-shot) 'localize' (VERB_wn:02692335v) 'concentrate on a particular place or spot' —> The doctors worked quickly to localize the infection to the patient's left forearm.","YES","29/04/2026, 19:22:53"
"ann1","17772912979939nf2x0jct8e","(zero-shot) 'clear' (VERB_wn:00549217v) 'make clear, bright, light, or translucent' —> The morning sun began to clear the thick fog settling over the valley.","YES","29/04/2026, 19:23:22"
"ann1","17772912979934vivnu2um86","(zero-shot) 'chip' (NOUN_wn:00377169n) 'the act of chipping something' —> The careful chip of the sculptor's chisel slowly revealed the figure hidden within the marble.","YES","29/04/2026, 19:23:26"
"ann1","1777291297993d4eq8fg4w0n","(zero-shot) 'outdoor' (ADJ_wn:01692222a) 'located, suited for, or taking place in the open air' —> The family decided to host an outdoor dinner party in their backyard.","YES","29/04/2026, 19:23:35"
"ann1","1777291297993v3c8si8uh7s","(zero-shot) 'civilization' (NOUN_wn:13448970n) 'the social process whereby societies achieve an advanced stage of development and organization' —> The discovery of ancient ruins provided a fascinating glimpse into a lost civilization.","YES","29/04/2026, 19:34:28"
"ann1","1777291297993k8s20khk0ls","(zero-shot) 'dust' (VERB_wn:01376245v) 'distribute loosely' —> The pastry chef dusted the cake with powdered sugar.","YES","29/04/2026, 19:34:34"
"ann1","17772912979938rb009644p8","(zero-shot) 'title' (NOUN_wn:06345993n) 'a heading that names a statute or legislative bill; may give a brief summary of the matters it deals with' —> The lawyer carefully reviewed the title of the proposed environmental act to ensure it accurately reflected the bill's scope.","YES","29/04/2026, 19:34:51"
"ann1","1777291297993zjv7cqqcr0j","(zero-shot) 'hang_up' (VERB_wn:01481360v) 'cause to be hanging or suspended' —> She decided to hang up her wet coat in the hallway.","YES","29/04/2026, 19:35:02"
"ann1","1777291297993s15x49umn4r","(zero-shot) 'timid' (ADJ_wn:00339941a) 'lacking self-confidence' —> The timid boy hesitated before raising his hand in class.","YES","29/04/2026, 19:35:06"
"ann1","1777291297993g2qbofx450b","(zero-shot) 'bulk' (NOUN_wn:05122557n) 'the property resulting from being or relating to the greater in number of two parts; the main part' —> The bulk of the project was completed during the first week of January.","YES","29/04/2026, 19:35:20"
"ann1","17772912979938cleumn1psm","(zero-shot) 'rating' (NOUN_wn:14429382n) 'standing or position on a scale' —> The credit agency lowered the company's bond rating after the quarterly losses were announced.","YES","29/04/2026, 19:35:27"
"ann1","1777291297993jk0jmt61sbn","(zero-shot) 'ass' (NOUN_wn:02389346n) 'hardy and sure-footed animal smaller and with longer ears than the horse' —> The stubborn ass refused to move across the rocky mountain path.","YES","29/04/2026, 19:35:35"
"ann1","1777291297993ulte9mldzln","(zero-shot) 'tonal' (ADJ_wn:02437148a) 'having tonality; i.e. tones and chords organized in relation to one tone such as a keynote or tonic' —> The composer decided to write a tonal piece that resolved clearly to the home key.","YES","29/04/2026, 19:35:44"
"ann1","1777291297993ejdnwr4c26","(zero-shot) 'somehow' (ADV_wn:00026137r) 'in some unspecified way or manner; or by some unspecified means' —> The stray cat somehow managed to open the locked kitchen door.","YES","29/04/2026, 19:35:56"
"ann1","1777291297993qbiem8jjii9","(zero-shot) 'cone' (NOUN_wn:03089348n) 'any cone-shaped artifact' —> The traffic warden placed an orange cone in the middle of the road to divert drivers.","YES","29/04/2026, 19:36:00"
"ann1","177729129799311htrtyw1ye","(zero-shot) 'secrecy' (NOUN_wn:14416089n) 'the condition of being concealed or hidden' —> The government maintained strict secrecy regarding the location of the underground bunker.","YES","29/04/2026, 19:36:16"
"ann1","1777291297993hoohe02aa77","(zero-shot) 'board' (NOUN_wn:03201208n) 'a table at which meals are served' —> The guests gathered around the festive board for the holiday feast.","YES","29/04/2026, 19:36:28"
"ann1","1777291297993y6jt85byb2","(zero-shot) 'stamp' (VERB_wn:01624568v) 'form or cut out with a mold, form, or die' —> The factory machines stamp thousands of steel car parts every hour.","YES","29/04/2026, 19:36:40"
"ann1","1777291297993ggm0fqktpd","(zero-shot) 'flip' (VERB_wn:01893079v) 'lightly throw to see which side comes up' —> The two friends decided to flip a coin to determine who would go first in the game.","YES","29/04/2026, 19:36:46"
"ann1","1777291297993q3y8p3svim","(zero-shot) 'incapable' (ADJ_wn:00052246a) 'not meeting requirements' —> The applicant was deemed incapable for the position due to his lack of professional certification.","YES","29/04/2026, 19:36:50"
"ann1","1777291297993ewqdf7g6uyl","(zero-shot) 'touch' (NOUN_wn:07409592n) 'the event of something coming in contact with the body' —> She shivered at the light touch of a spider's web on her cheek.","YES","29/04/2026, 19:36:54"
"ann1","17772912979939pnklpd1j4m","(zero-shot) 'economical' (ADJ_wn:02716739a) 'of or relating to an economy, the system of production and management of material wealth' —> The government introduced new economical policies to stimulate industrial growth across the nation.","YES","29/04/2026, 19:36:57"
"ann1","17772912979937wirf2ifgp9","(zero-shot) 'track' (VERB_wn:02001858v) 'go after with the intent to catch' —> The detective tracked the fugitive through the dense forest.","YES","29/04/2026, 19:37:07"
"ann1","1777291297993q43apse324p","(zero-shot) 'stick' (VERB_wn:01441793v) 'pierce or penetrate or puncture with something pointed' —> The tailor used a sharp needle to stick the fabric.","YES","29/04/2026, 19:39:15"
"ann1","1777291297993wxyv720kh08","(zero-shot) 'duck' (VERB_wn:00809654v) 'avoid or try to avoid fulfilling, answering, or performing (duties, questions, or issues)' —> The politician attempted to duck the reporter's question about the budget cuts.","YES","29/04/2026, 19:39:26"
"ann1","1777291297993rwmefeue9h","(zero-shot) 'diverge' (VERB_wn:02032415v) 'move or draw apart' —> The two hiking trails diverge at the old oak tree.","YES","29/04/2026, 19:39:31"
"ann1","1777291297993g4ja2sxw3cn","(zero-shot) 'bloom' (NOUN_wn:11410527n) 'a powdery deposit on a surface' —> The chef gently wiped away the white bloom that had formed on the surface of the old chocolate bars.","YES","29/04/2026, 19:39:41"
"ann1","1777291297993rq9ptfduab","(zero-shot) 'possibility' (NOUN_wn:05888929n) 'a tentative insight into the natural world; a concept that is not yet verified but that if true would explain certain facts or phenomena' —> The physicist proposed a daring mathematical possibility to account for the unexpected behavior of the subatomic particles.","YES","29/04/2026, 19:39:45"
"ann1","1777291297993bb85us9j5k","(zero-shot) 'cross' (NOUN_wn:00850425n) '(genetics) the act of mixing different species or varieties of animals or plants and thus to produce hybrids' —> The botanist carefully documented each cross between the wild orchid and the garden hybrid to observe the resulting floral patterns.","YES","29/04/2026, 19:39:55"
"ann1","1777291297993p063rubvq9e","(zero-shot) 'convertible' (ADJ_wn:00916706a) 'capable of being exchanged for or replaced by something of equal value' —> The traveler carried a convertible bond that could be traded for shares of the company.","YES","29/04/2026, 19:40:01"
"ann1","17772912979934o2jrj69ne7","(zero-shot) 'take' (VERB_wn:01930482v) 'proceed along in a vehicle' —> We will take the highway to reach the city faster.","YES","29/04/2026, 19:40:10"
"ann1","1777291297993vk1hur7ridb","(zero-shot) 'fantastic' (ADJ_wn:01942732a) 'fanciful and unrealistic; foolish' —> The politician's fantastic claims about solving world hunger in a week were dismissed by the committee as mere delusions.","YES","29/04/2026, 19:40:14"
"ann1","1777291297993nsa37sc48vg","(zero-shot) 'neutralize' (VERB_wn:00470084v) 'make ineffective by counterbalancing the effect of' —> The chemist added a base to the solution to neutralize the acid.","YES","29/04/2026, 19:40:20"
"ann1","1777291297993ysqvduxnrpm","(zero-shot) 'progress' (NOUN_wn:00249501n) 'gradual improvement or growth or development' —> The patient showed steady progress during her physical therapy sessions.","YES","29/04/2026, 19:40:24"
"ann1","177729129799312397wyf9kq","(zero-shot) 'pepper' (NOUN_wn:07720442n) 'sweet and hot varieties of fruits of plants of the genus Capsicum' —> She added a chopped red pepper to the stir-fry for extra flavor.","YES","29/04/2026, 19:40:29"
"ann1","1777291297993btalm0xxvd","(zero-shot) 'recession' (NOUN_wn:08429556n) 'the withdrawal of the clergy and choir from the chancel to the vestry at the end of a church service' —> The solemn music continued to play as the congregation stood in silence during the recession.","YES","29/04/2026, 19:40:37"
"ann1","1777291297993w10iwfphzji","(zero-shot) 'interruption' (NOUN_wn:00383952n) 'an act of delaying or interrupting the continuity' —> The sudden power outage caused a frustrating interruption to the live broadcast.","YES","29/04/2026, 19:40:45"
"ann1","1777291297993331xu2hlono","(zero-shot) 'break' (NOUN_wn:00383952n) 'an act of delaying or interrupting the continuity' —> The sudden power outage caused a frustrating break in the recording session.","YES","29/04/2026, 19:40:49"
"ann1","17772912979935w992kcvgb","(zero-shot) 'deeply' (ADV_wn:00173353r) 'to a great depth psychologically' —> The loss of his lifelong mentor affected him deeply.","YES","29/04/2026, 19:41:17"
"ann1","1777291297993ecjq7p15z55","(zero-shot) 'modest' (ADJ_wn:01415219a) 'limited in size or scope' —> The couple lived in a modest cottage at the edge of the village.","YES","29/04/2026, 19:41:27"
"ann1","1777291297993lttawv7n5rn","(zero-shot) 'pilgrim' (NOUN_wn:10432674n) 'one of the colonists from England who sailed to America on the Mayflower and founded the colony of Plymouth in New England in 1620' —> The brave pilgrims faced a harsh winter after arriving at the shores of Massachusetts.","YES","29/04/2026, 19:41:32"
"ann1","17772912979934ig6x34aer5","(zero-shot) 'tilt' (VERB_wn:02038357v) 'to incline or bend from a vertical position' —> The leaning tower began to tilt slightly to the left.","YES","29/04/2026, 19:41:36"
"ann1","1777291297993fe36zub2n3l","(zero-shot) 'dedication' (NOUN_wn:07452348n) 'a ceremony in which something (as a building) is dedicated to some goal or purpose' —> The townspeople gathered in the square for the dedication of the new public library.","YES","29/04/2026, 19:41:40"
"ann1","17772912979937cw9dowt1y","(zero-shot) 'scented' (ADJ_wn:01058179a) 'having the sense of smell' —> The room was filled with sweet, scented candles.","YES","29/04/2026, 19:41:47"
"ann1","1777291297993ablh2c6s0ue","(zero-shot) 'hide' (NOUN_wn:14759275n) 'the dressed skin of an animal (especially a large animal)' —> The artisan carefully stitched the thick cow hide to create a durable pair of boots.","YES","29/04/2026, 19:42:12"
"ann1","17772912979937wf4iku43w","(zero-shot) 'submit' (VERB_wn:02310328v) 'make over as a return' —> The student must submit the completed assignment to the teacher by Friday.","YES","29/04/2026, 19:42:19"
"ann1","1777291297993lwamjtmyk8","(zero-shot) 'cut_out' (VERB_wn:01440646v) 'cut off and stop' —> The engine suddenly cut out in the middle of the highway.","YES","29/04/2026, 19:42:24"
"ann1","1777291297993hxusscabz9a","(zero-shot) 'clump' (NOUN_wn:07961016n) 'a compact mass' —> A small clump of wet clay stuck to the bottom of his shoe.","YES","29/04/2026, 19:42:44"
"ann1","17772912979932tkc0ud5wz9","(zero-shot) 'nominate' (VERB_wn:02396205v) 'create and charge with a task or function' —> The committee decided to nominate a special envoy to oversee the peace negotiations.","YES","29/04/2026, 19:42:58"
"ann1","1777291297993f8qeoykt3k","(zero-shot) 'crude' (ADJ_wn:00818175a) 'belonging to an early stage of technical development; characterized by simplicity and (often) crudeness' —> The settlers built a crude shelter out of mud and sticks to survive the first winter.","YES","29/04/2026, 19:43:03"
"ann1","177729129799376jucqeibv5","(zero-shot) 'follow' (VERB_wn:02625339v) 'to be the product or result' —> A period of economic instability often follows a sudden stock market crash.","YES","29/04/2026, 19:43:10"
"ann1","1777291297993bz4yrq7szmg","(zero-shot) 'break' (VERB_wn:00744439v) 'undergo breaking' —> The fragile glass vase will break if it falls on the floor.","YES","29/04/2026, 19:43:13"
"ann1","1777291297993gffshiiyvlj","(zero-shot) 'string' (VERB_wn:01360316v) 'remove the stringy parts of' —> The chef carefully stringed the celery stalks before adding them to the mirepoix.","YES","29/04/2026, 19:43:20"
"ann1","17772912979939ddjbgs23en","(zero-shot) 'withdrawal' (NOUN_wn:01262713n) 'the act of taking out money or other capital' —> She made a quick ATM withdrawal to pay for her lunch.","YES","29/04/2026, 19:43:25"
"ann1","177729129799311ngotko94e","(zero-shot) 'blast' (VERB_wn:01758276v) 'make with or as if with an explosion' —> The demolition crew used dynamite to blast the old bridge into pieces.","YES","29/04/2026, 19:43:31"
"ann1","1777291297993mp4gtv6or2s","(zero-shot) 'earthy' (ADJ_wn:01940472a) 'sensible and practical' —> Despite her high-flying career in finance, she maintained an earthy approach to managing her personal expenses.","YES","29/04/2026, 19:43:36"
"ann1","1777291297993ai6flvix44","(zero-shot) 'stand_for' (VERB_wn:00669099v) 'tolerate or bear' —> I cannot stand for such blatant dishonesty in the workplace.","YES","29/04/2026, 19:43:42"
"ann1","177729129799366wyqsnvpoa","(zero-shot) 'discriminate' (VERB_wn:02193765v) 'distinguish' —> A connoisseur can easily discriminate between a high-quality vintage and a common table wine.","YES","29/04/2026, 19:44:10"
"ann1","1777291297993538dadqcx4q","(zero-shot) 'anticipation' (NOUN_wn:07511080n) 'an expectation' —> The children waited in breathless anticipation for the carnival to begin.","YES","29/04/2026, 19:54:59"
"ann1","17772912979936y4k9vw53ew","(zero-shot) 'level' (VERB_wn:01661804v) 'tear down so as to make flat with the ground' —> The construction crew used a wrecking ball to level the old warehouse.","YES","29/04/2026, 19:55:05"
"ann1","1777291297993a2vlvrsodbq","(zero-shot) 'loss' (NOUN_wn:07333649n) 'euphemistic expressions for death' —> The entire community gathered to offer their condolences to the family after their sudden loss.","YES","29/04/2026, 19:55:11"
"ann1","1777291297993pj6hbdynikq","(zero-shot) 'wattle' (NOUN_wn:05471427n) 'a fleshy wrinkled and often brightly colored fold of skin hanging from the neck or throat of certain birds (chickens and turkeys) or lizards' —> The rooster strutted proudly through the farmyard, shaking his bright red wattle.","YES","29/04/2026, 19:55:28"
"ann1","17772912979930tiies6rvhh","(zero-shot) 'shutter' (NOUN_wn:04211528n) 'a mechanical device on a camera that opens and closes to control the time of a photographic exposure' —> The photographer adjusted the shutter speed to capture the motion of the waterfall.","YES","29/04/2026, 19:55:32"
"ann1","1777291297993p0pt4gxd5yc","(zero-shot) 'visual' (ADJ_wn:02869563a) 'relating to or using sight' —> The artist used bold colors to create a powerful visual impact.","YES","29/04/2026, 19:55:44"
"ann1","1777291297993wpeqzzlssrl","(zero-shot) 'fit' (NOUN_wn:14082788n) 'a sudden uncontrollable attack' —> The old man suffered a sudden fit of coughing that left him breathless.","YES","29/04/2026, 19:55:48"
"ann1","17772912979933t9t0zbrnjm","(zero-shot) 'repayment' (NOUN_wn:13299651n) 'payment of a debt or obligation' —> The bank agreed to a flexible schedule for the repayment of the student loan.","YES","29/04/2026, 19:55:58"
"ann1","1777291297993lukh4qo3yf","(zero-shot) 'straighten' (VERB_wn:02035781v) 'straighten up or out; make straight' —> She carefully straightened the crumpled map on the table.","YES","29/04/2026, 19:56:10"
"ann1","1777291297993iaoj0ia3cz","(zero-shot) 'dominate' (VERB_wn:02644234v) 'be larger in number, quantity, power, status or importance' —> Tech giants continue to dominate the global marketplace.","YES","29/04/2026, 19:56:18"
"ann1","1777291297993ydgg7qw6hv8","(zero-shot) 'desert' (VERB_wn:01842367v) 'leave behind' —> The soldier decided to desert his post under the cover of darkness.","YES","29/04/2026, 19:56:23"
"ann1","1777291297993qde4huxf4j","(zero-shot) 'discover' (VERB_wn:01637982v) 'make a discovery, make a new finding' —> Astronomers used the powerful telescope to discover a distant exoplanet orbiting a red dwarf star.","YES","29/04/2026, 19:56:30"
"ann1","1777291297993d9hkoc1j485","(zero-shot) 'hesitate' (VERB_wn:02640440v) 'pause or hold back in uncertainty or unwillingness' —> She hesitated for a moment before stepping onto the stage.","YES","29/04/2026, 19:56:33"
"ann1","1777291297993eqma9h23rsr","(zero-shot) 'extend' (VERB_wn:00540235v) 'extend in scope or range or area' —> The new legislation will extend the protections of the park to include the surrounding wetlands.","YES","29/04/2026, 19:56:37"
"ann1","17772912979936xpkrylyrao","(zero-shot) 'profess' (VERB_wn:00888326v) 'take vows, as in religious order' —> The young novice decided to profess her lifelong commitment to the convent during the solemn ceremony.","YES","29/04/2026, 19:56:42"
"ann1","1777291297993iox1rqd21ur","(zero-shot) 'prohibition' (NOUN_wn:07255174n) 'refusal to approve or assent to' —> The governor's strict prohibition of the proposed land development plan stalled the project for months.","YES","29/04/2026, 19:56:46"
"ann1","1777291297993fz1lc27k1sj","(zero-shot) 'high' (ADV_wn:00356957r) 'at a great altitude' —> The eagle soared high above the mountain peaks.","YES","29/04/2026, 19:56:50"
"ann1","1777291297993p9k8h8kpho","(zero-shot) 'tolerant' (ADJ_wn:01041209a) 'tolerant and forgiving under provocation' —> Despite the constant insults from his colleagues, Marcus remained remarkably tolerant throughout the meeting.","YES","29/04/2026, 19:56:56"
"ann1","1777291297993ty7jkb1nqre","(zero-shot) 'prey' (VERB_wn:01203715v) 'profit from in an exploitatory manner' —> Unscrupulous lenders often prey on vulnerable people who are desperate for quick cash.","YES","29/04/2026, 19:57:04"
"ann1","1777291297993eztqqy53si","(zero-shot) 'definition' (NOUN_wn:04702957n) 'clarity of outline' —> The high-resolution monitor provides incredible definition to the image.","YES","29/04/2026, 19:57:37"
"ann1","1777291297993t9pe2j8i0zr","(zero-shot) 'smut' (NOUN_wn:14283632n) 'destructive diseases of plants (especially cereal grasses) caused by fungi that produce black powdery masses of spores' —> The farmer inspected the cornfield and discovered that several stalks had been ruined by smut.","YES","29/04/2026, 19:57:44"
"ann1","177729129799342gn1m5ew9s","(zero-shot) 'extreme' (NOUN_wn:08569165n) 'the point located farthest from the middle of something' —> The climber finally reached the northern extreme of the island.","YES","29/04/2026, 19:57:50"
"ann1","17772912979935kdt39dltug","(zero-shot) 'label' (NOUN_wn:07202579n) 'a brief description given for purposes of identification' —> She carefully attached a handwritten label to the spice jar.","YES","29/04/2026, 19:57:54"
"ann1","17772912979931i69zkomns","(zero-shot) 'reside' (VERB_wn:02648639v) 'live (in a certain place)' —> The royal family continues to reside in the ancestral palace.","YES","29/04/2026, 19:57:58"
"ann1","1777291297993dn1j2hb3y7v","(zero-shot) 'runner' (NOUN_wn:10542608n) 'a person who is employed to deliver messages or documents' —> The royal court employed a swift runner to carry the urgent decree to the distant province.","YES","29/04/2026, 19:58:11"
"ann1","17772912979932o1788kkg9","(zero-shot) 'stumble' (VERB_wn:01901133v) 'walk unsteadily' —> The exhausted hiker began to stumble along the rocky path.","YES","29/04/2026, 19:58:17"
"ann1","1777291297993z6ryegqjzm9","(zero-shot) 'crusade' (NOUN_wn:00798245n) 'a series of actions advancing a principle or tending toward a particular end' —> The local community launched a crusade to preserve the historic library from demolition.","YES","29/04/2026, 19:58:23"
"ann1","1777291297993dw5z0xk446g","(zero-shot) 'mate' (NOUN_wn:10300041n) 'the officer below the master on a commercial ship' —> The first mate coordinated the crew's efforts to secure the cargo before the storm hit.","YES","29/04/2026, 19:58:34"
"ann1","1777291297993mh6cr0i5vn9","(zero-shot) 'elaborate' (ADJ_wn:01795933a) 'marked by complexity and richness of detail' —> The ballroom was decorated with elaborate gold carvings and velvet draperies.","YES","29/04/2026, 19:59:24"
"ann2","17772912979921l4ddzoooru","(zero-shot) 'active' (ADJ_wn:00040325a) '(of e.g. volcanos) erupting or liable to erupt' —> The expedition team carefully monitored the active volcano for any signs of an imminent explosion.","YES","29/04/2026, 01:48:41"
"ann2","1777291297992wee8ktponp9","(zero-shot) 'bow' (NOUN_wn:02879718n) 'a weapon for shooting arrows, composed of a curved piece of resilient wood with a taut cord to propel the arrow' —> The archer carefully pulled back the string of his longbow to aim at the target.","YES","29/04/2026, 01:42:34"
"ann2","1777291297992tyq4etisf7","(zero-shot) 'shift' (NOUN_wn:07444668n) 'an event in which something is displaced without rotation' —> The tectonic plates experienced a sudden lateral shift during the earthquake.","YES","29/04/2026, 01:48:54"
"ann2","1777291297992ixls1w5jcup","(zero-shot) 'horn' (NOUN_wn:01325417n) 'one of the bony outgrowths on the heads of certain ungulates' —> The rhinoceros used its massive horn to defend its territory from intruders.","YES","29/04/2026, 01:49:13"
"ann2","177729129799254pnhm9t1ax","(zero-shot) 'propagate' (VERB_wn:02085573v) 'travel through the air' —> Sound waves propagate from the speaker to the listener.","YES","29/04/2026, 01:49:22"
"ann2","1777291297992xvhhdhl9u","(zero-shot) 'confine' (VERB_wn:02711114v) 'close in; darkness enclosed him'' —> The narrow stone walls of the cellar seemed to confine him as the torch flickered out.","YES","29/04/2026, 01:49:32"
"ann2","17772912979929f9g7ug61gw","(zero-shot) 'aid' (NOUN_wn:00654885n) 'the work of providing treatment for or attending to someone or something' —> The paramedics provided emergency first aid to the accident victim.","YES","29/04/2026, 01:49:41"
"ann2","17772912979928yk0wfm86zs","(zero-shot) 'character' (NOUN_wn:05849284n) 'a characteristic property that defines the apparent individual nature of something' —> The gothic architecture of the cathedral gives the city a unique historical character.","YES","29/04/2026, 01:49:51"
"ann2","1777291297992rrsysb7hq6","(zero-shot) 'draw_in' (VERB_wn:02054703v) 'advance or converge on' —> The opposing armies slowly drew in toward the center of the valley.","YES","29/04/2026, 01:50:10"
"ann2","1777291297992wju18aexmen","(zero-shot) 'represent' (VERB_wn:02620587v) 'form or compose' —> Women represent nearly half of the company's total workforce.","YES","29/04/2026, 01:50:17"
"ann2","1777291297992fyc8pseaxc","(zero-shot) 'find' (VERB_wn:02154508v) 'discover or determine the existence, presence, or fact of' —> The detective managed to find a hidden clue behind the painting.","YES","29/04/2026, 01:50:26"
"ann2","1777291297992nmhbqv1cypp","(zero-shot) 'pavement' (NOUN_wn:04215402n) 'walk consisting of a paved area for pedestrians; usually beside a street or roadway' —> The elderly woman walked slowly along the cracked pavement toward the park.","YES","29/04/2026, 01:50:36"
"ann2","17772912979926xrma79i4gq","(zero-shot) 'whiting' (NOUN_wn:02637977n) 'a small fish of the genus Sillago; excellent food fish' —> The chef prepared a platter of pan-seared whiting served with a side of lemon butter.","YES","29/04/2026, 01:50:47"
"ann2","1777291297992vx39a8p5d","(zero-shot) 'operation' (NOUN_wn:01095966n) 'a business especially one run on a large scale' —> The logistics company manages a massive shipping operation across three continents.","YES","29/04/2026, 01:50:59"
"ann2","1777291297992hvxo8nabor","(zero-shot) 'sound' (VERB_wn:02176268v) 'make a certain noise or sound' —> The old floorboards sound whenever someone walks across the room.","YES","29/04/2026, 01:51:14"
"ann2","17772912979925wmfhhxjrbj","(zero-shot) 'blind' (NOUN_wn:02851384n) 'a hiding place sometimes used by hunters (especially duck hunters)' —> The hunter crouched silently inside the camouflaged blind, waiting for the ducks to land in the marsh.","YES","29/04/2026, 01:51:24"
"ann2","1777291297992b03hb3a7tk6","(zero-shot) 'jack' (NOUN_wn:03589672n) 'a small ball at which players aim in lawn bowling' —> The bowler carefully rolled the biased ball to bring it as close as possible to the small white jack.","YES","29/04/2026, 01:51:34"
"ann2","1777291297992ze05hp4fn6b","(zero-shot) 'extend' (VERB_wn:02687916v) 'span an interval of distance, space or time' —> The ancient ruins extend for several miles along the coast.","YES","29/04/2026, 01:51:43"
"ann2","177729129799247csz7gzh6u","(zero-shot) 'spirit' (NOUN_wn:06605897n) 'the intended meaning of a communication' —> Although the lawyer argued the literal wording of the contract, the judge focused on the spirit of the agreement.","YES","29/04/2026, 01:51:54"
"ann2","1777291297992mvmz8gg6tz","(zero-shot) 'split' (NOUN_wn:13770076n) 'a bottle containing half the usual amount' —> The waiter brought a split of champagne for the couple to share.","YES","29/04/2026, 11:06:22"
"ann2","1777291297992fforuhurz6f","(zero-shot) 'light' (VERB_wn:01958452v) 'alight from (a horse)' —> The weary traveler lighted from his stallion and stretched his aching limbs.","YES","29/04/2026, 11:06:31"
"ann2","1777291297992di2mxv67a5b","(zero-shot) 'think_of' (VERB_wn:00730052v) 'intend to refer to' —> When I said ""the leader,"" I was thinking of the team captain.","YES","29/04/2026, 11:06:41"
"ann2","1777291297992dcdtnm9u267","(zero-shot) 'locate' (VERB_wn:02333689v) 'assign a location to' —> The architects decided to locate the new library in the center of the campus.","YES","29/04/2026, 11:06:51"
"ann2","1777291297992pyqljiv3jq","(zero-shot) 'influence' (VERB_wn:00776523v) 'induce into action by using one's charm' —> She managed to influence the committee to approve her proposal with her effortless charisma.","YES","29/04/2026, 11:07:00"
"ann2","1777291297992bx5w43cj15","(zero-shot) 'shaving' (NOUN_wn:00150762n) 'the act of brushing against while passing' —> The bullet's shaving of the soldier's helmet left a silver scratch on the metal.","YES","29/04/2026, 11:07:10"
"ann2","1777291297992u2y090kp24","(zero-shot) 'passing' (NOUN_wn:07310642n) 'the motion of one object relative to another' —> The astronomer carefully recorded the passing of the comet across the night sky.","YES","29/04/2026, 11:07:18"
"ann2","17772912979937cv05600pzc","(zero-shot) 'inside' (ADV_wn:00230189r) 'with respect to private feelings' —> He felt inside that he was not truly ready for the challenge.","YES","29/04/2026, 11:07:27"
"ann2","17772912979938orzksut5i","(zero-shot) 'recession' (NOUN_wn:13872421n) 'a small concavity' —> The surgeon carefully cleaned the small recession in the patient's gum line.","YES","29/04/2026, 11:07:37"
"ann2","1777291297993ny036ozre8i","(zero-shot) 'peel' (VERB_wn:00049900v) 'get undressed' —> After a long day at the beach, she began to peel off her salty swimsuit.","YES","29/04/2026, 11:07:48"
"ann2","17772912979934rrso10ewjh","(zero-shot) 'fantastic' (ADJ_wn:00967646a) 'ludicrously odd' —> The politician's claim that he could speak to fish was simply fantastic.","YES","29/04/2026, 11:07:59"
"ann2","1777291297993b7j2fjt58jf","(zero-shot) 'involvement' (NOUN_wn:13793504n) 'a connection of inclusion or containment' —> The legal team scrutinized the involvement of the subsidiary within the larger corporate conglomerate.","YES","29/04/2026, 11:08:07"
"ann2","1777291297993fed1z7nf8e8","(zero-shot) 'schedule' (NOUN_wn:05910940n) 'a temporally organized plan for matters to be attended to' —> The conductor carefully reviewed the train schedule to ensure every departure was on time.","YES","29/04/2026, 11:08:17"
"ann2","1777291297993b2idjtvdyew","(zero-shot) 'charge' (NOUN_wn:13306870n) 'the price charged for some article or service' —> The hotel added a convenience charge to the final bill.","YES","29/04/2026, 11:08:25"
"ann2","1777291297993w5v2aw3isk","(zero-shot) 'clerical' (ADJ_wn:02698031a) 'of or relating to clerks' —> She spent her entire morning performing tedious clerical tasks at the law firm.","YES","29/04/2026, 11:08:32"
"ann2","17772912979933c34n01nytu","(zero-shot) 'run_down' (VERB_wn:02152278v) 'examine hastily' —> I will quickly run down the guest list before the party starts.","YES","29/04/2026, 11:08:40"
"ann2","1777291297993buvplefk7wl","(zero-shot) 'break' (VERB_wn:01228524v) 'become punctured or penetrated' —> The sharp nail caused the balloon to break.","YES","29/04/2026, 11:08:51"
"ann2","1777291297993x61hs5md","(zero-shot) 'lengthen' (VERB_wn:00317700v) 'make longer' —> The tailor decided to lengthen the trousers to fit the client better.","YES","29/04/2026, 11:09:01"
"ann2","1777291297993kq6xc8jd3hi","(zero-shot) 'strive' (VERB_wn:01146051v) 'to exert much effort or energy' —> Athletes strive for greatness every single day.","YES","29/04/2026, 11:09:11"
"ann2","1777291297993vxaxx862b5f","(zero-shot) 'feeble' (ADJ_wn:02040233a) 'lacking bodily or muscular strength or vitality' —> The elderly man took a feeble step toward the door.","YES","29/04/2026, 11:09:21"
"ann2","1777291297993kby7d2n10el","(zero-shot) 'drinker' (NOUN_wn:10034614n) 'a person who drinks liquids' —> The thirsty hiker was a heavy water drinker during the trek.","YES","29/04/2026, 11:09:29"
"ann2","1777291297993nbm6hww476a","(zero-shot) 'age' (VERB_wn:00248026v) 'grow old or older' —> Fine wine tends to age gracefully in a cool cellar.","YES","29/04/2026, 11:09:39"
"ann2","1777291297993l2wttm4ack","(zero-shot) 'trough' (NOUN_wn:03717131n) 'a container (usually in a barn or stable) from which cattle or horses feed' —> The farmer filled the wooden trough with fresh oats for the hungry horses.","YES","29/04/2026, 11:09:45"
"ann2","1777291297993exk61zu3o5","(zero-shot) 'dividend' (NOUN_wn:13408023n) 'that part of the earnings of a corporation that is distributed to its shareholders; usually paid quarterly' —> The board of directors voted to increase the quarterly dividend for all preferred stockholders.","YES","29/04/2026, 11:09:55"
"ann2","1777291297993mjllhxe3he","(zero-shot) 'loom' (VERB_wn:02744061v) 'hang over, as of something threatening, dark, or menacing' —> Dark storm clouds began to loom over the sleepy coastal village.","YES","29/04/2026, 11:10:05"
"ann2","1777291297993os620fzozca","(zero-shot) 'result' (NOUN_wn:11410625n) 'a phenomenon that follows and is caused by some previous phenomenon' —> The sudden flood was a direct result of the heavy rainfall.","YES","29/04/2026, 11:10:13"
"ann2","1777291297993a1pns5eedk7","(zero-shot) 'drift' (NOUN_wn:13469893n) 'a process of linguistic change over a period of time' —> The gradual drift of the English language is evident when comparing Middle English texts to modern speech.","YES","29/04/2026, 11:10:19"
"ann2","1777291297993ec5e8gsa5wo","(zero-shot) 'communication' (NOUN_wn:13792842n) 'a connection allowing access between persons or places' —> The new tunnel provides a vital rail communication between the two isolated coastal villages.","YES","29/04/2026, 11:10:29"
"ann2","1777291297993f9wuxmh041","(zero-shot) 'clap' (VERB_wn:00034115v) 'clap one's hands together' —> The audience began to clap enthusiastically after the final curtain fell.","YES","29/04/2026, 11:10:36"
"ann2","17772912979931qnpyd652au","(zero-shot) 'noteworthy' (ADJ_wn:02586957a) 'worthy of notice' —> The architect's innovative use of sustainable materials was truly noteworthy.","YES","29/04/2026, 11:10:44"
"ann2","1777291297993q3a4ax3a3go","(zero-shot) 'badly' (ADV_wn:00016240r) 'very much; strongly' —> I wanted that promotion so badly that I spent every weekend studying.","YES","29/04/2026, 11:10:54"
"ann2","1777291297993xntf7d38af","(zero-shot) 'oppose' (VERB_wn:00775831v) 'be against; express opposition to' —> Many citizens gather to oppose the new tax legislation.","YES","29/04/2026, 11:11:05"
"ann2","1777291297993u4v8i7fykr","(zero-shot) 'subdue' (VERB_wn:00202445v) 'correct by punishment or discipline' —> The strict academy sought to subdue the rebellious students through rigorous drills and harsh penalties.","YES","29/04/2026, 11:11:17"
"ann2","1777291297993nuznk0t4b9","(zero-shot) 'flip' (VERB_wn:00121678v) 'reverse (a direction, attitude, or course of action)' —> The politician decided to flip his stance on the new tax law after seeing the latest polls.","YES","29/04/2026, 11:11:30"
"ann2","1777291297993akkfcs3fnen","(zero-shot) 'gnaw' (VERB_wn:01445597v) 'bite or chew on with the teeth' —> The anxious puppy continued to gnaw on the leg of the wooden table.","YES","29/04/2026, 11:11:39"
"ann2","1777291297993gigx3e4ils","(zero-shot) 'rewrite' (VERB_wn:01700934v) 'rewrite so as to make fit to suit a new or different purpose' —> The editor asked the author to rewrite the academic paper as a popular magazine article.","YES","29/04/2026, 11:11:48"
"ann2","1777291297993dvc913y4tk","(zero-shot) 'tradition' (NOUN_wn:05809745n) 'an inherited pattern of thought or action' —> The small village took great pride in maintaining the ancient tradition of lighting bonfires every solstice.","YES","29/04/2026, 11:11:55"
"ann2","1777291297993uk4gnbgugel","(zero-shot) 'failure' (NOUN_wn:07317764n) 'an event that does not accomplish its intended purpose' —> The launch of the prototype rocket ended in a catastrophic failure.","YES","29/04/2026, 11:12:05"
"ann2","1777291297993l6k4s25og3i","(zero-shot) 'everyday' (ADJ_wn:01044557a) 'appropriate for ordinary or routine occasions' —> She wore an everyday dress to the grocery store.","YES","29/04/2026, 11:12:13"
"ann2","1777291297993qynpuag69u","(zero-shot) 'come_on' (VERB_wn:01526605v) 'start running, functioning, or operating' —> The street lights usually come on right after sunset.","YES","29/04/2026, 11:12:20"
"ann2","1777291297993vytyawll8kb","(zero-shot) 'outburst' (NOUN_wn:07434942n) 'a sudden intense happening' —> The sudden outburst of violence caught the peaceful crowd by surprise.","YES","29/04/2026, 11:12:28"
"ann2","17772912979937mvgaco1ysj","(zero-shot) 'bosom' (NOUN_wn:02876084n) 'cloth that covers the chest or breasts' —> She carefully pinned a delicate lace brooch to the silk bosom of her gown.","YES","29/04/2026, 11:12:35"
"ann2","17772912979931colx5jls0n","(zero-shot) 'thorax' (NOUN_wn:05552607n) 'the part of the human torso between the neck and the diaphragm or the corresponding part in other vertebrates' —> The biologist carefully examined the insect's thorax to identify the attachment points of its wings.","NO","29/04/2026, 11:12:54"
"ann2","1777291297993s92oogombob","(zero-shot) 'curious' (ADJ_wn:00664449a) 'eager to investigate and learn or learn more (sometimes about others' concerns)' —> The curious child spent the entire afternoon exploring the hidden corners of the old attic.","YES","29/04/2026, 11:13:02"
"ann2","17772912979938niogeow7p7","(zero-shot) 'doubt' (NOUN_wn:04757522n) 'uncertainty about the truth or factuality or existence of something' —> There is some doubt as to whether the ancient ruins were actually a temple.","YES","29/04/2026, 11:13:09"
"ann2","17772912979939re09sz4ta4","(zero-shot) 'invade' (VERB_wn:02019716v) 'to intrude upon, infringe, encroach on, violate' —> Constant notifications from my phone began to invade my peace of mind.","YES","29/04/2026, 11:13:16"
"ann2","1777291297993ivviw2i7r8r","(zero-shot) 'cartridge' (NOUN_wn:02971940n) 'an electro-acoustic transducer that is the part of the arm of a record player that holds the needle and that is removable' —> He carefully replaced the worn-out cartridge on his turntable to ensure the vinyl records sounded crisp and clear.","YES","29/04/2026, 11:13:25"
"ann2","1777291297993x71tilkp34","(zero-shot) 'secretion' (NOUN_wn:05404728n) 'a functionally specialized substance (especially one that is not a waste) released from a gland or cell' —> The honeybee produces a sticky secretion from its glands to build the hive.","YES","29/04/2026, 11:13:34"
"ann2","1777291297993fc14xdklmd","(zero-shot) 'pitch' (VERB_wn:00298244v) 'set the level or character of' —> The opening scene of the movie pitches the story as a dark comedy.","YES","29/04/2026, 11:13:44"
"ann2","1777291297993hslvld00c66","(zero-shot) 'abuse' (NOUN_wn:06715223n) 'a rude expression intended to offend or hurt' —> The politician remained calm despite the torrent of verbal abuse hurled at him by the crowd.","YES","29/04/2026, 11:13:54"
"ann2","1777291297993rifxf2nnx1","(zero-shot) 'memory' (NOUN_wn:06140268n) 'the area of cognitive psychology that studies memory processes' —> Recent breakthroughs in memory have provided new insights into how the human brain encodes and retrieves information.","YES","29/04/2026, 11:14:05"
"ann2","1777291297993up65dfs7ijs","(zero-shot) 'cut_out' (VERB_wn:01549719v) 'strike or cancel by or as if by rubbing or crossing out' —> She cut out the incorrect address from the envelope with a thick black marker.","YES","29/04/2026, 11:14:18"
"ann2","1777291297993lbogdcckati","(zero-shot) 'dual' (ADJ_wn:02217452a) 'consisting of or involving two parts or components usually in pairs' —> The new smartphone features a dual camera system for professional photography.","YES","29/04/2026, 11:14:27"
"ann2","1777291297993agmcggb1qw5","(zero-shot) 'blur' (VERB_wn:02158034v) 'become glassy; lose clear vision' —> As the exhaustion set in, her eyes began to blur.","YES","29/04/2026, 11:14:36"
"ann2","1777291297993jp0erj1bfk","(zero-shot) 'stumble' (VERB_wn:02206462v) 'encounter by chance' —> While browsing the antique shop, I stumbled upon a rare first edition of my favorite novel.","YES","29/04/2026, 11:14:46"
"ann2","1777291297993mreu16fq4ko","(zero-shot) 'beg' (VERB_wn:00782057v) 'make a solicitation or entreaty for something; request urgently or persistently' —> The starving puppy began to beg for a scrap of food from the dinner table.","YES","29/04/2026, 11:14:54"
"ann2","17772912979930xtyv5o413gg","(zero-shot) 'spill' (VERB_wn:01541803v) 'pour out in drops or small quantities or as if in drops or small quantities' —> Tears began to spill from her eyes as she read the final letter.","YES","29/04/2026, 11:15:03"
"ann2","1777291297993olor6h9ng2","(zero-shot) 'minor' (ADJ_wn:01473083a) 'of lesser importance or stature or rank' —> The team decided to focus on the primary objective and ignore any minor setbacks.","YES","29/04/2026, 11:15:12"
"ann2","1777291297993rx36zn0nap","(zero-shot) 'bosom' (NOUN_wn:05919263n) 'the locus of feelings and intuitions' —> She kept the secret locked deep within her bosom, where her intuition warned her not to trust the stranger.","YES","29/04/2026, 11:15:21"
"ann2","17772912979932nihmgmxelf","(zero-shot) 'extend' (VERB_wn:00027268v) 'extend one's limbs or muscles, or the entire body' —> The cat stretched and extended its front paws across the warm rug.","YES","29/04/2026, 11:15:31"
"ann2","1777291297993jq3bbiggjn","(zero-shot) 'infusion' (NOUN_wn:13500023n) 'the process of extracting certain active properties (as a drug from a plant) by steeping or soaking (usually in water)' —> The herbalist prepared a potent infusion of chamomile and peppermint to soothe the patient's nerves.","YES","29/04/2026, 11:16:32"
"ann2","1777291297993nqwgf6ne118","(zero-shot) 'glory' (NOUN_wn:14437134n) 'a state of high honor' —> The victorious athlete basked in the glory of winning the gold medal.","YES","29/04/2026, 11:16:42"
"ann2","1777291297993q92cge28tbc","(zero-shot) 'artistic' (ADJ_wn:02991122a) 'relating to or characteristic of art or artists' —> She displayed an artistic flair when painting the mural.","YES","29/04/2026, 11:16:51"
"ann2","1777291297993zg3znbrtsis","(zero-shot) 'publication' (NOUN_wn:01103614n) 'the act of issuing printed materials' —> The university press announced the official publication of the research journal next month.","YES","29/04/2026, 11:16:59"
"ann2","1777291297993yzghn4c0ia","(zero-shot) 'unlawful' (ADJ_wn:01551026a) 'not morally right or permissible' —> Many believe that the betrayal of a lifelong friend is fundamentally unlawful.","YES","29/04/2026, 11:17:07"
"ann2","1777291297993avkqpqe7cn4","(zero-shot) 'sweet' (ADJ_wn:01459949a) 'having a sweet nature befitting an angel or cherub' —> The little girl had a sweet disposition that warmed everyone's heart.","YES","29/04/2026, 11:17:17"
"ann2","1777291297993gekxal3bz3d","(zero-shot) 'balcony' (NOUN_wn:02777927n) 'an upper floor projecting from the rear over the main floor in an auditorium' —> The opera singer's voice carried clearly to the furthest seats of the balcony.","YES","29/04/2026, 11:17:25"
"ann2","1777291297993c5anjnyyqed","(zero-shot) 'draw' (VERB_wn:00197590v) 'remove the entrails of' —> The hunter had to draw the deer immediately after the kill to preserve the meat.","YES","29/04/2026, 11:17:35"
"ann2","1777291297993ujl339dsjem","(zero-shot) 'break' (VERB_wn:00364064v) 'terminate' —> They decided to break their engagement after a series of arguments.","YES","29/04/2026, 11:17:44"
"ann2","1777291297993dxaax3lebni","(zero-shot) 'relationship' (NOUN_wn:13928388n) 'a state of connectedness between people (especially an emotional connection)' —> Their long-distance relationship flourished despite the geographical divide.","YES","29/04/2026, 11:17:53"
"ann2","1777291297993q5wy9f52fzo","(zero-shot) 'break_down' (VERB_wn:01784295v) 'lose control of one's emotions' —> After receiving the devastating news, she finally broke down in tears.","YES","29/04/2026, 11:18:02"
"ann2","1777291297993d5b5moa7gia","(zero-shot) 'dampen' (VERB_wn:00390842v) 'smother or suppress' —> The government attempted to dampen the growing public outcry with a series of vague promises.","YES","29/04/2026, 11:18:12"
"ann2","17772912979931mikw2htbgl","(zero-shot) 'fissure' (NOUN_wn:05223370n) '(anatomy) a long narrow slit or groove that divides an organ into lobes' —> The surgeon carefully examined the deep fissure that separated the two lobes of the patient's liver.","YES","29/04/2026, 11:18:23"
"ann2","1777291297993w8vaf2yf06e","(zero-shot) 'spread' (NOUN_wn:02822220n) 'decorative cover for a bed' —> She carefully smoothed the floral bedspread over the mattress.","YES","29/04/2026, 11:18:32"
"ann2","1777291297993yws43kqzhp9","(zero-shot) 'shank' (NOUN_wn:00573945n) 'a poor golf stroke in which the heel of the club hits the ball' —> He groaned in frustration after hitting a terrible shank that sent the ball careening sideways into the woods.","YES","29/04/2026, 11:18:42"
"ann2","1777291297993wz9evgaid3g","(zero-shot) 'lazy' (ADJ_wn:00981304a) 'moving slowly and gently' —> The lazy river carried the swimmers toward the beach.","YES","29/04/2026, 11:18:51"
"ann2","1777291297993c98lp5t8sis","(zero-shot) 'affliction' (NOUN_wn:07305234n) 'a cause of great suffering and distress' —> The sudden loss of his livelihood became a crushing affliction that haunted him for years.","YES","29/04/2026, 11:19:01"
"ann2","1777291297993liyxglqubkf","(zero-shot) 'sunset' (NOUN_wn:11517776n) 'atmospheric phenomena accompanying the daily disappearance of the sun' —> We sat on the beach in silence, watching the vibrant colors of the sunset paint the sky.","YES","29/04/2026, 11:19:09"
"ann2","17772912979937fo79h644nu","(zero-shot) 'refine' (VERB_wn:00474017v) 'improve or perfect by pruning or polishing' —> The sculptor spent several weeks refining the clay statue to achieve a flawless finish.","YES","29/04/2026, 11:19:17"
"ann2","1777291297993d2st4s0hghl","(zero-shot) 'track' (NOUN_wn:04464211n) '(computer science) one of the circular magnetic paths on a magnetic disk that serve as a guide for writing and reading data' —> The hard drive head must precisely align with the correct track to retrieve the stored files.","YES","29/04/2026, 11:19:27"
"ann2","1777291297993dmz6tzf4wom","(zero-shot) 'inspiration' (NOUN_wn:05686690n) '(theology) a special influence of a divinity on the minds of human beings' —> The prophet claimed that the scriptures were written under divine inspiration.","YES","29/04/2026, 11:19:34"
"ann2","1777291297993rg8izfx4ao","(zero-shot) 'richness' (NOUN_wn:05115804n) 'the property of being extremely abundant' —> The tropical rainforest is celebrated for the incredible richness of its biodiversity.","YES","29/04/2026, 11:19:41"
"ann2","1777291297993crgn0k8q5op","(zero-shot) 'snap' (VERB_wn:01573515v) 'separate or cause to separate abruptly' —> The dry twig snapped under the weight of the hiker's boot.","YES","29/04/2026, 11:19:49"
"ann2","177729129799398fb1vvuxkn","(zero-shot) 'carrier' (NOUN_wn:02687172n) 'a large warship that carries planes and has a long flat deck for takeoffs and landings' —> The aircraft carrier sailed across the Pacific Ocean to maintain a strategic presence in the region.","YES","29/04/2026, 11:19:56"
"ann2","1777291297993j6n3t2uuj0i","(zero-shot) 'pulse' (NOUN_wn:07709046n) 'edible seeds of various pod-bearing plants (peas or beans or lentils etc.)' —> The local market sells a wide variety of organic pulse options for hearty soups.","YES","29/04/2026, 11:20:05"
"ann2","1777291297993prggz8m0en","(zero-shot) 'cutting' (NOUN_wn:00363052n) 'the act of diluting something' —> The drug dealer was arrested for the cutting of the powder with baking soda to increase his profits.","YES","29/04/2026, 11:20:15"
"ann2","17772912979939z4aejyx2fa","(zero-shot) 'dull' (ADJ_wn:02011622a) 'not clear and resonant; sounding as if striking with or against something relatively soft' —> A dull thud echoed through the hallway when the heavy book fell onto the thick carpet.","YES","29/04/2026, 11:20:25"
"ann2","1777291297993lqxmug804l","(zero-shot) 'advertising' (NOUN_wn:01101329n) 'the business of drawing public attention to goods and services' —> The company spent millions of dollars on digital advertising to increase its market share.","YES","29/04/2026, 11:20:35"
"ann2","17772912979931nepzen6awc","(zero-shot) 'splendid' (ADJ_wn:00219389a) 'having great beauty and splendor' —> The royal ballroom was decorated with splendid gold leaf and shimmering crystals.","YES","29/04/2026, 11:20:42"
"ann2","1777291297993hdl06qyd7u","(zero-shot) 'shift' (VERB_wn:00380159v) 'make a shift in or exchange of' —> The nurses shifted their duties to ensure everyone got a break.","YES","29/04/2026, 11:20:50"
"ann2","1777291297993tz33ux3yk1","(zero-shot) 'regenerate' (VERB_wn:00167824v) 'be formed or shaped anew' —> The salamander's lost limb began to regenerate over several weeks.","YES","29/04/2026, 11:20:59"
"ann2","17772912979939xav5zsajk","(zero-shot) 'mill' (NOUN_wn:03765561n) 'machinery that processes materials by grinding or crushing' —> The old water mill ground the wheat into fine flour.","YES","29/04/2026, 11:21:10"
"ann2","1777291297993jp55fz7en2e","(zero-shot) 'difficulty' (NOUN_wn:14408086n) 'a condition or state of affairs almost beyond one's ability to deal with and requiring great effort to bear or overcome' —> Scaling the sheer cliff face in a blinding snowstorm presented a level of difficulty that pushed the climbers to their absolute physical limits.","YES","29/04/2026, 11:21:19"
"ann2","17772912979932f1y3hi1lef","(zero-shot) 'parental' (ADJ_wn:02884085a) 'designating the generation of organisms from which hybrid offspring are produced' —> The researchers carefully selected the parental strains of maize to ensure the hybrid offspring exhibited maximum vigor.","YES","29/04/2026, 11:21:30"
"ann2","1777291297993i4jnnc4xgz","(zero-shot) 'slip' (VERB_wn:00608978v) 'pass out of one's memory' —> The name of the hotel completely slipped my mind.","YES","29/04/2026, 11:21:38"
"ann2","17772912979930fz0fk7w59er","(zero-shot) 'dignity' (NOUN_wn:04886881n) 'the quality of being worthy of esteem or respect' —> Despite the hardships he faced, he maintained his dignity throughout the trial.","YES","29/04/2026, 11:21:48"
"ann2","1777291297993xr61j21zbnj","(zero-shot) 'bronze' (ADJ_wn:00371945a) 'of the color of bronze' —> The athlete's skin had a deep bronze glow after a summer spent at the beach.","YES","29/04/2026, 11:21:55"
"ann2","1777291297993cgjlc9hfb5s","(zero-shot) 'superior' (NOUN_wn:09333171n) 'the largest freshwater lake in the world; the deepest of the Great Lakes' —> We spent the entire summer sailing across the vast waters of Superior.","YES","29/04/2026, 11:22:03"
"ann2","17772912979930kk6dqibpi8c","(zero-shot) 'wide' (ADV_wn:00495858r) 'far from the intended target' —> The soccer player kicked the ball wide of the goal.","YES","29/04/2026, 11:22:12"
"ann2","1777291297993quhzy10wcvs","(zero-shot) 'unite' (VERB_wn:02622234v) 'be or become joined or united or linked' —> The two rivers unite to form a powerful torrent.","YES","29/04/2026, 11:41:07"
"ann2","1777291297993a5xms4xnox8","(zero-shot) 'firmly' (ADV_wn:00224700r) 'in a secure manner; in a manner free from danger' —> He gripped the safety railing firmly as he crossed the bridge.","YES","29/04/2026, 11:46:44"
"ann2","1777291297993lukm5ztkjvb","(zero-shot) 'go_down' (VERB_wn:01099866v) 'be defeated' —> The reigning champion refused to go down without a fight.","YES","29/04/2026, 11:46:54"
"ann2","17772912979936hkywh3gmgp","(zero-shot) 'pledge' (NOUN_wn:07227772n) 'a binding commitment to do or give or refrain from something' —> The diplomat made a solemn pledge to maintain peace between the two nations.","YES","29/04/2026, 11:47:02"
"ann2","1777291297993hp0wqqxbpo","(zero-shot) 'twist' (NOUN_wn:14299070n) 'a sharp strain on muscles or ligaments' —> The athlete suffered a painful twist in his ankle during the final minutes of the game.","YES","29/04/2026, 11:47:10"
"ann2","1777291297993kzewugrs4","(zero-shot) 'take_in' (VERB_wn:00602255v) 'take up mentally' —> The lecture was so complex that it took me an hour to take in all the information.","YES","29/04/2026, 11:47:20"
"ann2","1777291297993cp4cwr0em8b","(zero-shot) 'overthrow' (VERB_wn:00716130v) 'rule against' —> The judge decided to overthrow the lower court's previous ruling.","YES","29/04/2026, 11:47:31"
"ann2","17772912979932y1lg0zf8sd","(zero-shot) 'summons' (NOUN_wn:07186528n) 'a request to be present' —> The defendant received a formal summons to appear in court next Tuesday.","YES","29/04/2026, 11:47:39"
"ann2","1777291297993yvttmr4n1tq","(zero-shot) 'profound' (ADJ_wn:01872745a) 'showing intellectual penetration or emotional depth' —> The philosopher's lecture offered a profound analysis of human existence.","YES","29/04/2026, 11:47:48"
"ann2","1777291297993jhrdu8u4i2a","(zero-shot) 'strip' (VERB_wn:00194696v) 'remove a constituent from a liquid' —> The industrial process is designed to strip the dissolved oxygen from the water before it enters the boiler.","YES","29/04/2026, 11:47:57"
"ann2","1777291297993akurnei49h","(zero-shot) 'chip' (NOUN_wn:09222051n) 'a small fragment of something broken off from the whole' —> A tiny chip of blue paint clung to the edge of the weathered door.","YES","29/04/2026, 11:48:04"
"ann2","1777291297993px89x73ul2e","(zero-shot) 'tragic' (ADJ_wn:01363153a) 'very sad; especially involving grief or death or destruction' —> The town mourned after the tragic fire destroyed the historic library.","YES","29/04/2026, 11:48:13"
"ann2","177729129799371z1l3w2q8","(zero-shot) 'flat' (NOUN_wn:02726305n) 'a suite of rooms usually on one floor of an apartment house' —> She decided to rent a small flat in the center of London.","YES","29/04/2026, 11:48:21"
"ann2","1777291297993kkwb4eqznm","(zero-shot) 'post' (VERB_wn:01031256v) 'cause to be directed or transmitted to another place' —> The company decided to post its employees to the regional offices in Asia.","YES","29/04/2026, 11:48:30"
"ann2","1777291297993h3dzif2but","(zero-shot) 'rise' (VERB_wn:02624263v) 'come into existence; take on form or shape' —> A magnificent empire rose from the ruins of the ancient city.","YES","29/04/2026, 11:48:38"
"ann2","1777291297993zxqn39o2mr","(zero-shot) 'legitimate' (ADJ_wn:01406640a) 'of marriages and offspring; recognized as lawful' —> The royal court spent months verifying the prince's claims to ensure he was the legitimate heir to the throne.","YES","29/04/2026, 11:48:47"
"ann2","1777291297993htmvwk2tyjn","(zero-shot) 'self-conscious' (ADJ_wn:00570991a) 'aware of yourself as an individual or of your own being and actions and thoughts; ; - D.M.Potter' —> The philosopher argued that the capacity to be self-conscious is what separates humans from most other animals.","YES","29/04/2026, 11:48:56"
"ann2","1777291297993r7pk7qo9itn","(zero-shot) 'turn_up' (VERB_wn:02286204v) 'discover the location of; determine the place of; find by searching or examining' —> The investigators hoped that the missing documents would eventually turn up in the attic.","NO","29/04/2026, 11:49:07"
"ann2","1777291297993fu5lvgawzio","(zero-shot) 'unit' (NOUN_wn:08189659n) 'an organization regarded as part of a larger social group' —> The specialized tactical unit worked closely with the rest of the army to secure the perimeter.","YES","29/04/2026, 11:49:15"
"ann2","1777291297993j2buwqvm8vf","(zero-shot) 'in_time' (ADV_wn:00047641r) 'within an indefinite time or at an unspecified future time' —> You will learn the truth in time.","YES","29/04/2026, 11:49:24"
"ann2","1777291297993ihqmvcrngyd","(zero-shot) 'diligent' (ADJ_wn:00754107a) 'characterized by care and perseverance in carrying out tasks' —> The diligent student studied every night to ensure she aced the final exam.","YES","29/04/2026, 11:49:33"
"ann2","1777291297993dy6cdjok79","(zero-shot) 'slip' (NOUN_wn:07317519n) 'an accidental misstep threatening (or causing) a fall' —> He narrowly avoided a dangerous slip on the icy sidewalk.","YES","29/04/2026, 11:49:41"
"ann2","1777291297993kbcfrjkcff","(zero-shot) 'm' (NOUN_wn:13659162n) 'the basic unit of length adopted under the Systeme International d'Unites (approximately 1.094 yards)' —> The fabric was measured to be exactly one m in length.","YES","29/04/2026, 11:49:50"
"ann2","1777291297993yoxc99vx89","(zero-shot) 'incorporate' (VERB_wn:02448079v) 'form a corporation' —> The entrepreneurs decided to incorporate their startup in Delaware to take advantage of the state's favorable business laws.","YES","29/04/2026, 11:49:59"
"ann2","17772912979938gmxo4jm82s","(zero-shot) 'sphere' (NOUN_wn:13898899n) 'a three-dimensional closed surface such that every point on the surface is equidistant from the center' —> The astronomer observed a giant gas sphere floating in the distant nebula.","YES","29/04/2026, 11:50:33"
"ann2","1777291297993adc4x5h6cwl","(zero-shot) 'escape' (NOUN_wn:00173283n) 'a means or way of escaping' —> The secret tunnel provided a quick escape from the fortress.","YES","29/04/2026, 11:50:41"
"ann2","1777291297993j461m6ne9n","(zero-shot) 'solid' (ADJ_wn:02120276a) 'of a substantial character and not frivolous or superficial' —> The lawyer presented a solid argument based on extensive evidence and case law.","YES","29/04/2026, 11:50:48"
"ann2","1777291297993jzlrbtx4y2e","(zero-shot) 'legendary' (ADJ_wn:01376355a) 'so celebrated as to having taken on the nature of a legend' —> The aging guitarist gave one final, legendary performance that captivated the entire stadium.","YES","29/04/2026, 11:50:57"
"ann2","1777291297993zids184bg6h","(zero-shot) 'jupiter' (NOUN_wn:09573966n) '(Roman mythology) supreme god of Romans; counterpart of Greek Zeus' —> The ancient priests offered sacrifices to Jupiter to ensure the prosperity of the empire.","YES","29/04/2026, 11:51:05"
"ann2","1777291297993k880e476pe9","(zero-shot) 'dirt' (NOUN_wn:14498096n) 'the state of being covered with unclean things' —> The child's clothes were covered in dirt after playing in the garden all afternoon.","NO","29/04/2026, 11:51:20"
"ann2","1777291297993uqskrwcl7xp","(zero-shot) 'placement' (NOUN_wn:01051331n) 'the act of putting something in a certain place' —> The careful placement of the vase on the mantelpiece ensured it would not fall.","YES","29/04/2026, 11:51:29"
"ann2","1777291297993l9jth2daeys","(zero-shot) 'short' (ADV_wn:00452931r) 'clean across' —> The blade cut short through the thick fabric.","YES","29/04/2026, 11:51:41"
"ann2","1777291297993zs6z3lna68","(zero-shot) 'pathological' (ADJ_wn:01585491a) 'caused by or evidencing a mentally disturbed condition' —> His pathological need for attention often led him to fabricate elaborate stories about his life.","YES","29/04/2026, 11:51:50"
"ann2","1777291297993mflhuecawse","(zero-shot) 'fertility' (NOUN_wn:05147586n) 'the property of producing abundantly and sustaining vigorous and luxuriant growth' —> The rich volcanic soil of the valley is renowned for its exceptional fertility.","YES","29/04/2026, 11:51:58"
"ann2","1777291297993gnqyi2ykj97","(zero-shot) 'break' (NOUN_wn:07313814n) 'a personal or social separation (as between opposing factions)' —> The political party suffered a permanent break after the members could not agree on the new tax policy.","YES","29/04/2026, 11:52:09"
"ann2","1777291297993yaaf82nqvo","(zero-shot) 'administer' (VERB_wn:02294436v) 'administer or bestow, as in small portions' —> The nurse carefully administered the medication in tiny drops.","YES","29/04/2026, 11:52:20"
"ann2","17772912979933herfq7gtdh","(zero-shot) 'block' (VERB_wn:02557199v) 'hinder or prevent the progress or accomplishment of' —> The fallen tree blocked the road, stopping all traffic from passing through.","YES","29/04/2026, 11:52:30"
"ann2","17772912979936a5re26r1sx","(zero-shot) 'warm' (VERB_wn:00373250v) 'get warm or warmer' —> The soup began to warm on the stove.","YES","29/04/2026, 11:52:38"
"ann2","17772912979939s6s0i7db7","(zero-shot) 'suffer' (VERB_wn:02109190v) 'undergo or be subjected to' —> The old bridge suffered severe damage during the hurricane.","YES","29/04/2026, 11:52:48"
"ann2","1777291297993vbra0mshdu","(zero-shot) 'embrace' (VERB_wn:01424456v) 'squeeze (someone) tightly in your arms, usually with fondness' —> The grandmother leaned forward to embrace her grandson after he stepped off the plane.","YES","29/04/2026, 11:52:54"
"ann2","177729129799326swp2nrnpk","(zero-shot) 'date' (NOUN_wn:15159819n) 'a particular day specified as the time something happens' —> Please mark your calendars for the date of the wedding.","YES","29/04/2026, 11:53:02"
"ann2","1777291297993kz5wtb7g0wh","(zero-shot) 'expression' (NOUN_wn:06313651n) 'a group of words that form a constituent of a sentence and are considered as a single unit' —> The phrase ""kick the bucket"" is a common idiomatic expression used to describe death.","YES","29/04/2026, 11:53:12"
"ann2","17772912979933m30neinou","(zero-shot) 'tenure' (NOUN_wn:13242719n) 'the right to hold property; part of an ancient hierarchical system of holding lands' —> The medieval knight held his estate under a feudal tenure granted by the local baron.","YES","29/04/2026, 11:53:20"
"ann2","1777291297993hrbv4e871qm","(zero-shot) 'secondary' (ADJ_wn:01857956a) 'depending on or incidental to what is original or primary' —> The patient suffered a secondary infection after the initial wound failed to heal.","YES","29/04/2026, 11:53:29"
"ann2","17772912979939hgejhtd2l5","(zero-shot) 'lock' (VERB_wn:01810320v) 'hold fast (in a certain state)' —> The sudden impact locked the gears in place.","YES","29/04/2026, 11:53:36"
"ann2","17772912979932lnsimm08e6","(zero-shot) 'flip' (VERB_wn:01241614v) 'move with a flick or light motion' —> She flipped her hair over her shoulder.","YES","29/04/2026, 11:53:46"
"ann2","1777291297993nxdg2efwu7f","(zero-shot) 'corner' (NOUN_wn:14445072n) 'a temporary monopoly on a kind of commercial trade' —> The ruthless investor spent millions to corner the market on rare earth minerals.","WRONG","29/04/2026, 11:53:59"
"ann2","1777291297993ysjcw7o0cwb","(zero-shot) 'survivor' (NOUN_wn:01324142n) 'an animal that survives in spite of adversity' —> The lone wolf, a scarred survivor of the harsh tundra winter, howled at the moon.","YES","29/04/2026, 11:54:07"
"ann2","17772912979939bah3m6fjy4","(zero-shot) 'mate' (VERB_wn:01428853v) 'engage in sexual intercourse' —> The sea turtles return to the beach every year to mate.","YES","29/04/2026, 11:54:15"
"ann2","1777291297993095fqcdyhpp5","(zero-shot) 'count' (NOUN_wn:13591761n) 'the total number counted' —> The final count of the ballots revealed a surprising victory for the underdog candidate.","YES","29/04/2026, 11:54:24"
"ann2","1777291297993ces6csavyms","(zero-shot) 'repel' (VERB_wn:02194913v) 'fill with distaste' —> The sheer arrogance of the politician's speech repelled the entire audience.","YES","29/04/2026, 11:54:32"
"ann2","1777291297993i6c1acwnog","(zero-shot) 'publisher' (NOUN_wn:10491575n) 'the proprietor of a newspaper' —> The publisher decided to invest in a new high-speed printing press for the local daily.","YES","29/04/2026, 11:54:39"
"ann2","1777291297993cxdd7dazz7s","(zero-shot) 'observation' (NOUN_wn:05703429n) 'the act of noticing or paying attention' —> Through careful observation of the stars, the astronomer discovered a new comet.","YES","29/04/2026, 11:54:47"
"ann2","1777291297993w0if9izhns","(zero-shot) 'mortal' (ADJ_wn:01721691a) 'involving loss of divine grace or spiritual death' —> The priest warned the congregation that committing such a heinous act would be a mortal sin.","YES","29/04/2026, 11:54:57"
"ann2","1777291297993kcrywwb0p2","(zero-shot) 'concentrate' (VERB_wn:00722232v) 'direct one's attention on something' —> Please concentrate on your homework until it is finished.","YES","29/04/2026, 11:55:04"
"ann2","1777291297993isbd0nmtyjd","(zero-shot) 'go_back' (VERB_wn:02723951v) 'belong to an earlier time' —> These ancient traditions go back centuries.","YES","29/04/2026, 11:55:14"
"ann2","1777291297993vthnmicze6","(zero-shot) 'wealth' (NOUN_wn:13250398n) 'property that has economic utility: a monetary value or an exchange value' —> The family managed to accumulate significant wealth through decades of strategic real estate investments.","YES","29/04/2026, 11:55:24"
"ann2","1777291297993rg43xb1n2b","(zero-shot) 'urinary' (ADJ_wn:03008345a) 'of or relating to the urinary system of the body' —> The patient was diagnosed with a urinary tract infection.","YES","29/04/2026, 11:55:32"
"ann2","1777291297993cbwf63a61b9","(zero-shot) 'gallery' (NOUN_wn:08222203n) 'spectators at a golf or tennis match' —> The gallery erupted in applause after the tennis player hit a stunning cross-court winner.","YES","29/04/2026, 11:55:43"
"ann2","1777291297993r3rsjhexr","(zero-shot) 'crack' (VERB_wn:00238542v) 'reduce (petroleum) to a simpler compound by cracking' —> The refinery uses high temperatures and catalysts to crack heavy crude oil into lighter gasoline fractions.","YES","29/04/2026, 11:55:52"
"ann2","17772912979932kxchwfaa5v","(zero-shot) 'grace' (NOUN_wn:04840715n) '(Christian theology) the free and unmerited favor or beneficence of God' —> The repentant sinner prayed for God's grace to find forgiveness for his past mistakes.","YES","29/04/2026, 11:56:02"
"ann2","1777291297993quggs3onxnq","(zero-shot) 'exceed' (VERB_wn:02669477v) 'be greater in scope or size than some standard' —> The total cost of the renovations exceeded the original budget by several thousand dollars.","YES","29/04/2026, 11:56:09"
"ann2","1777291297993tkl0swtuy7","(zero-shot) 'ceylon' (NOUN_wn:08719100n) 'a republic on the island of Ceylon; became independent of the United Kingdom in 1948' —> The colonial administration of Ceylon transitioned to local rule after decades of British oversight.","YES","29/04/2026, 11:56:17"
"ann2","17772912979931nenft3978b","(zero-shot) 'consecutive' (ADJ_wn:00596511a) 'successive (without a break)' —> The team won five consecutive games to secure their place in the finals.","YES","29/04/2026, 11:56:27"
"ann2","1777291297993o24h4i74p0d","(zero-shot) 'radial' (ADJ_wn:02836910a) 'relating to or near the radius' —> The surgeon carefully examined the radial nerve during the procedure.","YES","29/04/2026, 11:56:35"
"ann2","17772912979937exsk35vbgo","(zero-shot) 'timid' (ADJ_wn:00265989a) 'lacking conviction or boldness or courage' —> The timid kitten hid under the sofa during the thunderstorm.","YES","29/04/2026, 11:56:45"
"ann2","1777291297993lgn826h8i8","(zero-shot) 'get_into' (VERB_wn:00050652v) 'put clothing on one's body' —> It took her nearly ten minutes to get into the restrictive Victorian gown.","YES","29/04/2026, 11:56:52"
"ann2","1777291297993rnx3n0i63h","(zero-shot) 'approximation' (NOUN_wn:05803379n) 'an approximate calculation of quantity or degree or worth' —> The architect provided a rough approximation of the total project cost before the final blueprints were completed.","YES","29/04/2026, 11:57:00"
"ann2","17772912979935rqpvteo5p4","(zero-shot) 'pool' (NOUN_wn:09397391n) 'a small lake' —> The hikers discovered a crystal clear pool hidden deep within the forest.","YES","29/04/2026, 11:57:08"
"ann2","1777291297993au9aziq2sa","(zero-shot) 'federation' (NOUN_wn:01153305n) 'the act of constituting a political unity out of a number of separate states or colonies or provinces so that each member retains the management of its internal affairs' —> The historical federation of the colonies allowed the newly formed nation to balance central authority with regional autonomy.","YES","29/04/2026, 11:57:16"
"ann2","17772912979934yfhpfzjar8","(zero-shot) 'exceptional' (ADJ_wn:01676026a) 'far beyond what is usual in magnitude or degree' —> The young pianist displayed exceptional talent during her first concerto.","YES","29/04/2026, 11:57:24"
"ann2","1777291297993r7alu0yrooa","(zero-shot) 'crash' (VERB_wn:00017674v) 'sleep in a convenient place' —> I'm so exhausted that I might just crash on your sofa tonight.","YES","29/04/2026, 11:57:33"
"ann2","1777291297993mzojud0y7nk","(zero-shot) 'party' (NOUN_wn:08252602n) 'a group of people gathered together for pleasure' —> The birthday party lasted until midnight.","YES","29/04/2026, 11:57:41"
"ann2","1777291297993q8ubvukjbg","(zero-shot) 'die' (NOUN_wn:03192790n) 'a device used for shaping metal' —> The machinist carefully installed the precision die into the press to stamp out the steel brackets.","YES","29/04/2026, 11:57:49"
"ann2","1777291297993pccr3cf6btd","(zero-shot) 'book' (VERB_wn:02498136v) 'record a charge in a police register' —> The officer decided to book the suspect for public intoxication.","YES","29/04/2026, 11:57:57"
"ann2","1777291297993pxykqqbhd6l","(zero-shot) 'fair' (NOUN_wn:08408267n) 'a competitive exhibition of farm products' —> The local farmers proudly displayed their prize-winning pumpkins at the county fair.","YES","29/04/2026, 11:58:06"
"ann2","1777291297993ovt3dbccwll","(zero-shot) 'unaffected' (ADJ_wn:02107827a) 'unaware of or indifferent to' —> The spoiled heir remained completely unaffected by the struggles of the working class.","YES","29/04/2026, 11:58:17"
"ann2","1777291297993yn2vozbqa3","(zero-shot) 'cross' (NOUN_wn:03135532n) 'a wooden structure consisting of an upright post with a transverse piece' —> The villagers erected a massive stone cross at the center of the town square.","NO","29/04/2026, 11:58:26"
"ann2","17772912979933qvbryzxyqk","(zero-shot) 'scandal' (NOUN_wn:07223811n) 'disgraceful gossip about the private lives of other people' —> The small town was alive with juicy scandals regarding the mayor's secret affairs.","YES","29/04/2026, 11:58:36"
"ann2","1777291297993ub6s5qrrw8s","(zero-shot) 'expression' (NOUN_wn:06880249n) 'expression without words' —> A subtle expression of grief crossed her face.","YES","29/04/2026, 11:58:46"
"ann2","17772912979932o425oo9jtg","(zero-shot) 'fierce' (ADJ_wn:01507808a) 'ruthless in competition' —> The two athletes engaged in a fierce battle for the gold medal.","YES","29/04/2026, 11:58:56"
"ann2","1777291297993i61vp79advs","(zero-shot) 'derive' (VERB_wn:00251615v) 'develop or evolve from a latent or potential state' —> Many complex social customs are derived from simple survival instincts.","YES","29/04/2026, 11:59:07"
"ann2","1777291297993qed9bkgcfm","(zero-shot) 'hoop' (NOUN_wn:03533972n) 'a rigid circular band of metal or wood or other material used for holding or fastening or hanging or pulling' —> The cooper carefully hammered a steel hoop around the wooden barrel to keep the staves tight.","YES","29/04/2026, 11:59:17"
"ann2","1777291297993we58ffgqt7s","(zero-shot) 'distribute' (VERB_wn:00968211v) 'cause to become widely known' —> The whistleblower sought to distribute the classified documents to the press to expose the scandal.","YES","29/04/2026, 11:59:25"
"ann2","1777291297993hn2zk3ep9w7","(zero-shot) 'transport' (NOUN_wn:13986372n) 'a state of being carried away by overwhelming emotion; - Charles Dickens' —> She surrendered herself to a sudden transport of joy upon seeing her long-lost brother.","YES","29/04/2026, 11:59:35"
"ann2","17772912979932ucdhv81j4v","(zero-shot) 'sleeper' (NOUN_wn:02619861n) 'tropical fish that resembles a goby and rests quietly on the bottom in shallow water' —> The aquarium enthusiast carefully added a rare sleeper to the sandy substrate of his tank.","YES","29/04/2026, 11:59:42"
"ann2","1777291297993x8z5jkc1xb","(zero-shot) 'irony' (NOUN_wn:04715075n) 'incongruity between what might be expected and what actually occurs' —> The irony of the situation was that the fire station burned down while the firefighters were away.","YES","29/04/2026, 11:59:51"
"ann2","1777291297993u7j32hul7a","(zero-shot) 'reputation' (NOUN_wn:06207199n) 'the general estimation that the public has for a person' —> The seasoned diplomat worked tirelessly for decades to maintain a reputation for honesty and fairness.","YES","29/04/2026, 11:59:59"
"ann2","1777291297993dx3ccubb3y","(zero-shot) 'stop' (NOUN_wn:07365849n) 'the event of something ending' —> The sudden stop of the music left the ballroom in complete silence.","YES","29/04/2026, 12:00:06"
"ann2","1777291297993xsywyaqz54h","(zero-shot) 'loin' (NOUN_wn:02463403n) 'either side of the backbone between the hipbone and the ribs in humans as well as quadrupeds' —> The athlete felt a sharp strain in his left loin after the sudden sprint.","YES","29/04/2026, 12:00:16"
"ann2","17772912979939q9gpy7r49b","(zero-shot) 'slip' (NOUN_wn:00329031n) 'an unexpected slide' —> The hiker suffered a sudden slip on the wet rocks.","YES","29/04/2026, 12:00:27"
"ann2","17772912979933b4bve7x0ux","(zero-shot) 'elevate' (VERB_wn:02397637v) 'give a promotion to or assign to a higher position' —> The board of directors decided to elevate Sarah to the role of Chief Executive Officer.","YES","29/04/2026, 12:00:37"
"ann2","17772912979938zxne69efbn","(zero-shot) 'conductor' (NOUN_wn:09952539n) 'the person who leads a musical group' —> The conductor raised his baton to signal the start of the symphony.","YES","29/04/2026, 12:00:46"
"ann2","17772912979930maqf6uevva","(zero-shot) 'jumper' (NOUN_wn:03604763n) 'a coverall worn by children' —> The toddler looked adorable in his blue corduroy jumper while playing in the garden.","YES","29/04/2026, 12:00:57"
"ann2","1777291297993prl9am9gcm","(zero-shot) 'loin' (NOUN_wn:07658678n) 'a cut of meat taken from the side and back of an animal between the ribs and the rump' —> The chef carefully seared the pork loin in a cast-iron skillet.","YES","29/04/2026, 12:01:04"
"ann2","17772912979931k2x07lysuf","(zero-shot) 'up' (ADJ_wn:01004245a) 'used up' —> My supply of ink is all up.","YES","29/04/2026, 12:01:14"
"ann2","1777291297993kh89yy5mj9","(zero-shot) 'tread' (NOUN_wn:00285889n) 'a step in walking or running' —> The heavy tread of the guards echoed through the silent stone corridor.","YES","29/04/2026, 12:01:24"
"ann2","17772912979935rbjyxigg6l","(zero-shot) 'lentil' (NOUN_wn:07725255n) 'round flat seed of the lentil plant used for food' —> I added a handful of red lentils to the vegetable soup for extra protein.","YES","29/04/2026, 12:01:33"
"ann2","17772912979939v2g9y24wwo","(zero-shot) 'chain' (NOUN_wn:13652994n) 'a unit of length' —> The surveyor measured the field and found it to be exactly five chains in length.","YES","29/04/2026, 12:01:41"
"ann2","1777291297993je5u5nsio4","(zero-shot) 'calendar' (NOUN_wn:08266849n) 'a tabular array of the days (usually for one year)' —> She marked the date of her anniversary on the wall calendar.","YES","29/04/2026, 12:01:50"
"ann2","1777291297993t3bpzw7771q","(zero-shot) 'glow' (VERB_wn:01830042v) 'be exuberant or high-spirited' —> She glowed with pride after receiving the prestigious award.","YES","29/04/2026, 12:01:59"
"ann2","1777291297993szsi16gg9mc","(zero-shot) 'landing' (NOUN_wn:03638321n) 'structure providing a place where boats can land people or goods' —> The ferry docked gently at the stone landing to unload the crates of produce.","YES","29/04/2026, 12:02:10"
"ann2","1777291297993pmgza7e5qfe","(zero-shot) 'clap' (VERB_wn:02094172v) 'strike the air in flight' —> The startled pigeon clapped its wings and soared toward the rooftop.","YES","29/04/2026, 12:02:18"
"ann2","17772912979931h0o8cwwz2t","(zero-shot) 'affinity' (NOUN_wn:04747798n) 'inherent resemblance between persons or things' —> There is a striking affinity between the architecture of the two ancient cities.","YES","29/04/2026, 12:02:28"
"ann2","1777291297993yd5pgn5xr4","(zero-shot) 'tolerance' (NOUN_wn:05033410n) 'the power or capacity of an organism to tolerate unfavorable environmental conditions' —> Some desert plants have evolved a remarkable tolerance to extreme drought and scorching heat.","YES","29/04/2026, 12:02:35"
"ann2","17772912979935ghu65c90sd","(zero-shot) 'composite' (ADJ_wn:02701099a) 'of or relating to or belonging to the plant family Compositae' —> The botanist spent the afternoon classifying various composite flowers in the meadow.","YES","29/04/2026, 12:02:42"
"ann2","1777291297993j6xtvx0xbg","(zero-shot) 'career' (NOUN_wn:00583246n) 'the particular occupation for which you are trained' —> After years of studying medicine, she finally began her career as a surgeon.","YES","29/04/2026, 12:02:50"
"ann2","1777291297993gtijpvzhmk9","(zero-shot) 'opposite' (ADJ_wn:02070887a) 'being directly across from each other; facing; - Longfellow' —> The small bakery is located on the opposite side of the street from the library.","YES","29/04/2026, 12:02:58"
"ann2","1777291297993wvhy5d2xon","(zero-shot) 'cortex' (NOUN_wn:05486510n) 'the layer of unmyelinated neurons (the grey matter) forming the cortex of the cerebrum' —> The physician examined the MRI scan to identify any atrophy within the cerebral cortex.","YES","29/04/2026, 12:03:07"
"ann2","1777291297993h38zc43s4r","(zero-shot) 'exhaust' (VERB_wn:00450997v) 'use up the whole supply of' —> The long journey will exhaust our remaining water reserves.","YES","29/04/2026, 12:03:18"
"ann2","1777291297993llesquylqjk","(zero-shot) 'dampen' (VERB_wn:00390560v) 'make vague or obscure or make (an image) less visible' —> The heavy morning mist served to dampen the distant outline of the mountains.","YES","29/04/2026, 12:03:27"
"ann2","1777291297993qss8kvdb48","(zero-shot) 'invade' (VERB_wn:01126360v) 'march aggressively into another's territory by military force for the purposes of conquest and occupation' —> The imperial army decided to invade the neighboring kingdom to seize its fertile lands.","YES","29/04/2026, 12:03:36"
"ann2","1777291297993yp740ypy5ha","(zero-shot) 'wind' (VERB_wn:01522052v) 'coil the spring of (some mechanical device) by turning a stem' —> I carefully wind the old grandfather clock every Sunday morning.","YES","29/04/2026, 12:03:45"
"ann2","1777291297993rychbhoa19n","(zero-shot) 'corruption' (NOUN_wn:04853948n) 'lack of integrity or honesty (especially susceptibility to bribery); use of a position of trust for dishonest gain' —> The investigative journalist uncovered widespread corruption within the city's zoning department.","YES","29/04/2026, 12:03:55"
"ann2","17772912979931732g3nn8uh","(zero-shot) 'protestant' (NOUN_wn:08087570n) 'the Protestant churches and denominations collectively' —> The council sought a formal agreement between the Catholic hierarchy and Protestantism.","WRONG","29/04/2026, 12:04:12"
"ann2","1777291297993givhwl19dsi","(zero-shot) 'bosom' (NOUN_wn:14416473n) 'the chest considered as the place where secret thoughts are kept' —> She harbored a deep, unspoken resentment within her bosom for many years.","YES","29/04/2026, 12:04:23"
"ann2","1777291297993da7znra51j6","(zero-shot) 'sphere' (NOUN_wn:13899200n) 'a solid figure bounded by a spherical surface (including the space it encloses)' —> The artist carefully carved a perfect sphere out of a block of white marble.","YES","29/04/2026, 12:04:32"
"ann2","1777291297993jixa0ekhxm","(zero-shot) 'rudder' (NOUN_wn:04117216n) '(nautical) steering mechanism consisting of a hinged vertical plate mounted at the stern of a vessel' —> The captain gripped the wheel tightly, struggling to keep the ship on course as the rudder jammed against a piece of floating debris.","YES","29/04/2026, 12:04:40"
"ann2","177729129799332co3k948eb","(zero-shot) 'cripple' (VERB_wn:00091647v) 'deprive of the use of a limb, especially a leg' —> The sudden blast from the explosion threatened to cripple the soldier's left leg.","YES","29/04/2026, 12:04:47"
"ann2","1777291297993cokxxqblagp","(zero-shot) 'inheritance' (NOUN_wn:04922338n) '(genetics) attributes acquired via biological heredity from the parents' —> The scientist studied the inheritance of blue eyes across three generations of the family.","YES","29/04/2026, 12:04:58"
"ann2","1777291297993ox6c3ftjsq","(zero-shot) 'clear' (VERB_wn:00195617v) 'make a way or path by removing objects' —> The hikers had to clear the fallen branches to continue along the trail.","YES","29/04/2026, 12:05:07"
"ann2","1777291297993nilbr0n2x8q","(zero-shot) 'break' (VERB_wn:00933821v) 'make known to the public information that was previously known only to a few people or that was meant to be kept a secret' —> The investigative journalist worked tirelessly to break the scandal to the entire world.","YES","29/04/2026, 12:05:18"
"ann2","1777291297993q9jfgtoq5ck","(zero-shot) 'slow' (VERB_wn:00440786v) 'cause to proceed more slowly' —> The heavy snowfall began to slow the morning commute.","YES","29/04/2026, 12:05:28"
"ann2","1777291297993ut0m8kkj1z","(zero-shot) 'set_down' (VERB_wn:01502122v) 'put or settle into a position' —> She carefully set down the fragile vase on the wooden table.","YES","29/04/2026, 12:05:36"
"ann2","1777291297993sf5eaxtfoqk","(zero-shot) 'height' (NOUN_wn:13940456n) 'the highest level or degree attainable; the highest stage of development' —> The empire had reached the height of its power before it began to crumble.","YES","29/04/2026, 12:05:46"
"ann2","177729129799371s37mj8o98","(zero-shot) 'separated' (ADJ_wn:00542282a) 'spaced apart' —> The fence posts were separated by exactly three feet.","YES","29/04/2026, 12:05:54"
"ann2","1777291297993umw6mc1l8j","(zero-shot) 'mallet' (NOUN_wn:03715669n) 'a light drumstick with a rounded head that is used to strike such percussion instruments as chimes, kettledrums, marimbas, glockenspiels, etc.' —> The percussionist carefully selected a soft felt mallet to produce a warm tone from the timpani.","YES","29/04/2026, 12:06:04"
"ann2","1777291297993i2ravi4vgj","(zero-shot) 'dim' (ADJ_wn:00440579a) 'slow to learn or understand; lacking intellectual acuity; ; ; - Thackeray' —> The professor sighed, realizing that his most dim student had still not grasped the basic concept of the lecture.","YES","29/04/2026, 12:06:11"
"ann2","1777291297993vbgulwdnd6m","(zero-shot) 'immediate' (ADJ_wn:00770316a) 'having no intervening medium' —> The diver felt the immediate contact of the cold water against his skin.","YES","29/04/2026, 12:06:20"
"ann2","1777291297993p9e35ugzgb","(zero-shot) 'daylight' (NOUN_wn:11444038n) 'light during the daytime' —> The hikers decided to set up camp before the daylight faded from the valley.","YES","29/04/2026, 12:06:28"
"ann2","17772912979939n0k1yqd9he","(zero-shot) 'theater' (NOUN_wn:08551628n) 'a region in which active military operations are in progress' —> The general coordinated the deployment of troops across the Pacific theater.","YES","29/04/2026, 12:06:36"
"ann2","1777291297993xqa16cp1zto","(zero-shot) 'related' (ADJ_wn:01972820a) 'being connected either logically or causally or by shared characteristics' —> The researchers discovered several related symptoms among the patients in the study.","YES","29/04/2026, 12:06:43"
"ann2","1777291297993lbzcddphct","(zero-shot) 'crown' (NOUN_wn:03138981n) 'the center of a cambered road' —> Rainwater flows efficiently toward the gutters when the road has a well-defined crown.","YES","29/04/2026, 12:06:53"
"ann2","17772912979937q8ygpqyigs","(zero-shot) 'slow' (VERB_wn:00440580v) 'become slow or slower' —> The car slowed as it approached the stop sign.","YES","29/04/2026, 12:07:00"
"ann2","1777291297993xkd901x608","(zero-shot) 'abstract' (VERB_wn:02276866v) 'make off with belongings of others' —> The cunning thief managed to abstract the diamond necklace from the display case before the alarms sounded.","YES","29/04/2026, 12:07:11"
"ann2","1777291297993q1ztw0k3wxj","(zero-shot) 'surmount' (VERB_wn:02694548v) 'be on top of' —> A golden spire surmounts the cathedral's highest tower.","YES","29/04/2026, 12:07:18"
"ann2","1777291297993zp5l7nzrtma","(zero-shot) 'plain' (ADJ_wn:00765666a) 'free from any effort to soften to disguise' —> The truth was delivered in plain, brutal terms.","YES","29/04/2026, 12:07:29"
"ann2","17772912979936pczf4ufs7","(zero-shot) 'packing' (NOUN_wn:00322228n) 'the enclosure of something in a package or box' —> The careful packing of the fragile glassware ensured that nothing broke during the move.","YES","29/04/2026, 12:07:36"
"ann2","177729129799324lti683fzp","(zero-shot) 'stretch' (NOUN_wn:04336645n) 'a straightaway section of a racetrack' —> The race car accelerated rapidly as it hit the final stretch toward the finish line.","YES","29/04/2026, 12:07:46"
"ann2","1777291297993c0daii6fe4w","(zero-shot) 'number' (VERB_wn:00235918v) 'place a limit on the number of' —> The committee decided to number the available scholarships to ensure the budget remained intact.","YES","29/04/2026, 12:07:58"
"ann2","1777291297993fhq3o93nmm","(zero-shot) 'dull' (ADJ_wn:00036998a) '(of business) not active or brisk' —> The retail sector remained dull throughout the winter months.","YES","29/04/2026, 12:08:06"
"ann2","1777291297993dnwkwf6cyha","(zero-shot) 'allied' (ADJ_wn:01972070a) 'related by common characteristics or ancestry' —> Spanish and Italian are allied languages.","YES","29/04/2026, 12:08:17"
"ann2","1777291297993nqppbfc2q5h","(zero-shot) 'tug' (VERB_wn:01454246v) 'carry with difficulty' —> The tired hiker tugged her oversized backpack up the steep mountain trail.","YES","29/04/2026, 12:08:26"
"ann2","1777291297993ckyobj2cek","(zero-shot) 'digit' (NOUN_wn:13653461n) 'the length of breadth of a finger used as a linear measure' —> The ancient architect specified that the decorative molding should be exactly three digits wide.","YES","29/04/2026, 12:08:36"
"ann2","1777291297993ltjn28xgb5","(zero-shot) 'spread' (VERB_wn:00968211v) 'cause to become widely known' —> The whistleblower decided to spread the truth about the company's corruption to the public.","YES","29/04/2026, 12:08:45"
"ann2","1777291297993rfk2n9638so","(zero-shot) 'mosaic' (NOUN_wn:03787759n) 'art consisting of a design made of small pieces of colored stone or glass' —> The ancient Roman villa featured a stunning floor mosaic depicting a scene from mythology.","YES","29/04/2026, 12:08:54"
"ann2","177729129799350ro1l7bg0u","(zero-shot) 'dirt' (NOUN_wn:07223811n) 'disgraceful gossip about the private lives of other people' —> The tabloid journalist spent months digging for dirt on the senator before the election.","YES","29/04/2026, 12:09:03"
"ann2","17772912979933ruz8uxg8ku","(zero-shot) 'equilibrium' (NOUN_wn:13934900n) 'a stable situation in which forces cancel one another' —> The ecosystem reached a delicate equilibrium after the introduction of the new predator.","YES","29/04/2026, 12:09:12"
"ann2","1777291297993l7a7u6zqm6","(zero-shot) 'rare' (ADJ_wn:00017024a) 'not widely distributed' —> The orchid is a rare species found only in a small section of the rainforest.","YES","29/04/2026, 12:09:20"
"ann2","17772912979937edcemikae3","(zero-shot) 'launch' (VERB_wn:02427103v) 'set up or found' —> The entrepreneur decided to launch a new organic skincare line last spring.","YES","29/04/2026, 12:09:31"
"ann2","17772912979934johcsluxkw","(zero-shot) 'base' (NOUN_wn:08490402n) 'the place where you are stationed and from which missions start and end' —> The soldiers returned to the base after completing their reconnaissance patrol.","YES","29/04/2026, 12:09:39"
"ann2","1777291297993kihr8w3vo9","(zero-shot) 'mound' (NOUN_wn:07961480n) 'a collection of objects laid on top of each other' —> The children spent the afternoon building a massive mound of colorful plastic blocks in the middle of the living room.","YES","29/04/2026, 12:09:46"
"ann2","1777291297993op93ozaue1b","(zero-shot) 'swear' (VERB_wn:00688377v) 'have confidence or faith in' —> I can swear by this brand of coffee to start my morning right.","YES","29/04/2026, 12:09:57"
"ann2","1777291297993cchbjgd4cu9","(zero-shot) 'still' (ADJ_wn:01565751a) 'used of pictures; of a single or static photograph not presented so as to create the illusion of motion; or representing objects not capable of motion' —> The curator selected a haunting still image from the film to display in the gallery.","YES","29/04/2026, 12:10:05"
"ann2","1777291297993umjrgod4337","(zero-shot) 'wind' (VERB_wn:01516965v) 'form into a wreath' —> The florist carefully wound the fresh jasmine blossoms into a fragrant wreath.","YES","29/04/2026, 12:10:13"
"ann2","1777291297993mjst95x30pi","(zero-shot) 'implement' (VERB_wn:02560164v) 'ensure observance of laws and rules' —> The new regulatory agency was established to implement the environmental safety protocols across all industrial sectors.","YES","29/04/2026, 12:10:22"
"ann2","1777291297993vpzbak2zv7","(zero-shot) 'reward' (NOUN_wn:13283764n) 'payment made in return for a service rendered' —> The detective received a generous cash reward for finding the missing heir.","YES","29/04/2026, 12:10:34"
"ann2","1777291297993w388yg9qpt","(zero-shot) 'fictitious' (ADJ_wn:01935935a) 'formed or conceived by the imagination' —> The author created a fictitious world filled with floating islands and talking animals.","YES","29/04/2026, 12:10:42"
"ann2","17772912979931tw1q2ear6h","(zero-shot) 'fault' (NOUN_wn:05139094n) 'the quality of being inadequate or falling short of perfection' —> Despite her immense talent, she was always overly critical of every minor fault in her paintings.","YES","29/04/2026, 12:10:52"
"ann2","1777291297993gmow37170rm","(zero-shot) 'net' (NOUN_wn:03819994n) 'a trap made of netting to catch fish or birds or insects' —> The fisherman cast his heavy net into the deep blue ocean.","YES","29/04/2026, 12:11:03"
"ann2","1777291297993v3a8ohl4r7","(zero-shot) 'composition' (NOUN_wn:04933544n) 'the way in which someone or something is composed' —> The chemical composition of the soil determines which plants will thrive in the garden.","YES","29/04/2026, 12:11:11"
"ann2","1777291297993e52iq26kxjj","(zero-shot) 'hack' (VERB_wn:01257173v) 'cut with a hacking tool' —> The lumberjack began to hack through the thick brush with his heavy axe.","YES","29/04/2026, 12:11:21"
"ann2","17772912979936p3eqf4buko","(zero-shot) 'allegory' (NOUN_wn:06366581n) 'an expressive style that uses fictional characters and events to describe some subject by suggestive resemblances; an extended metaphor' —> George Orwell's Animal Farm is a famous political allegory that uses a group of farm animals to critique the events leading up to the Russian Revolution.","YES","29/04/2026, 12:11:30"
"ann2","1777291297993yn7vgnzh85","(zero-shot) 'heading' (NOUN_wn:06343971n) 'a line of text serving to indicate what the passage below it is about' —> Please make sure that each section of your report starts with a bold heading.","YES","29/04/2026, 12:11:38"
"ann2","1777291297993ejruw4dcnid","(zero-shot) 'flow' (NOUN_wn:08461595n) 'dominant course (suggestive of running water) of successive events or ideas' —> The novelist struggled to maintain the natural flow of the narrative.","YES","29/04/2026, 12:11:47"
"ann2","1777291297993wusj8nzomfk","(zero-shot) 'lead' (NOUN_wn:05157143n) 'an advantage held by a competitor in a race' —> The marathon runner sprinted toward the finish line to maintain her slim lead.","YES","29/04/2026, 12:11:54"
"ann2","1777291297993ddy0n68mw9n","(zero-shot) 'fortune' (NOUN_wn:11418460n) 'an unknown and unpredictable phenomenon that leads to a favorable outcome' —> Through a strange twist of fortune, the stranded traveler stumbled upon a hidden oasis just as his water ran dry.","YES","29/04/2026, 12:12:03"
"ann2","1777291297993u7depnx4t3i","(zero-shot) 'cast' (VERB_wn:01513430v) 'get rid of' —> She finally cast off her old inhibitions to embrace a new life.","YES","29/04/2026, 12:12:15"
"ann2","17772912979938s7y6n535xf","(zero-shot) 'dash' (NOUN_wn:06805962n) 'the longer of the two telegraphic signals used in Morse code' —> The operator pressed the key for a longer duration to create a dash.","YES","29/04/2026, 12:12:23"
"ann2","17772912979938apf5t8odkl","(zero-shot) 'heartily' (ADV_wn:00219855r) 'in a hearty manner' —> The guests laughed heartily at the comedian's jokes.","YES","29/04/2026, 12:12:30"
"ann2","1777291297993l1h0au1x9g","(zero-shot) 'truth' (NOUN_wn:06724066n) 'a true statement' —> The witness spoke the truth during the trial.","YES","29/04/2026, 12:12:39"
"ann2","1777291297993w3mehoj8hz","(zero-shot) 'life' (NOUN_wn:15140892n) 'the period from the present until death' —> She hopes to travel the entire world in her remaining life.","YES","29/04/2026, 12:12:48"
"ann2","1777291297993381mkyj957d","(zero-shot) 'split' (VERB_wn:02467662v) 'separate into parts or portions' —> The siblings decided to split the inheritance equally among themselves.","YES","29/04/2026, 12:12:57"
"ann2","1777291297993esqno0e5qlc","(zero-shot) 'examine' (VERB_wn:02131279v) 'observe, check out, and look over carefully or inspect' —> The detective used a magnifying glass to examine the fingerprints left on the windowsill.","YES","29/04/2026, 12:13:04"
"ann2","17772912979936dz3dz2l27s","(zero-shot) 'extension' (NOUN_wn:03281935n) 'an addition to the length of something' —> The contractor built a wooden extension to the back of the house to create more living space.","YES","29/04/2026, 12:13:17"
"ann2","1777291297993eegcikmnlaj","(zero-shot) 'clear' (VERB_wn:02291548v) 'yield as a net profit' —> After paying all her expenses, the artist managed to clear five thousand dollars from the gallery sale.","YES","29/04/2026, 12:13:25"
"ann2","17772912979935eoml5ccje","(zero-shot) 'bind' (VERB_wn:01356750v) 'stick to firmly' —> The industrial adhesive was designed to bind the metal plates together permanently.","YES","29/04/2026, 12:13:35"
"ann2","177729129799302u8wgzzbz9g","(zero-shot) 'mold' (VERB_wn:01662771v) 'form by pouring (e.g., wax or hot metal) into a cast or mold' —> The artisan carefully molded the molten silver into the shape of a delicate leaf.","YES","29/04/2026, 12:13:43"
"ann2","1777291297993cexnzzg7g9f","(zero-shot) 'rule_out' (VERB_wn:01147562v) 'include or exclude by determining judicially or in agreement with rules' —> The committee voted to rule out the proposed amendment based on the current bylaws.","YES","29/04/2026, 12:13:52"
"ann2","1777291297993idohyovh0v","(zero-shot) 'diverge' (VERB_wn:02732603v) 'have no limits as a mathematical series' —> The sum of the harmonic series will diverge as more terms are added.","YES","29/04/2026, 12:14:02"
"ann2","1777291297993qzvzjx9g7d","(zero-shot) 'sound' (ADJ_wn:02273326a) 'financially secure and safe' —> The company's investment strategy remains sound despite the market volatility.","YES","29/04/2026, 12:14:11"
"ann2","1777291297993u400w85oxfg","(zero-shot) 'jack' (NOUN_wn:10241300n) 'someone who works with their hands; someone engaged in manual labor' —> The old docks were crowded with jacks hauling heavy crates of fish from the ships.","YES","29/04/2026, 12:14:21"
"ann2","17772912979934pseufmp51c","(zero-shot) 'optical' (ADJ_wn:02861859a) 'of or relating to or involving light or optics' —> The telescope utilizes a complex optical system to capture distant stars.","YES","29/04/2026, 12:14:29"
"ann2","17772912979932049roadyv7","(zero-shot) 'line_up' (VERB_wn:01073953v) 'take one's position before a kick-off' —> The players lined up on the fifty-yard line as the referee blew his whistle.","YES","29/04/2026, 12:14:39"
"ann2","17772912979935sgnrxeibfg","(zero-shot) 'qualification' (NOUN_wn:00200563n) 'the act of modifying or changing the strength of some idea' —> The lawyer added a careful qualification to the statement to ensure it was not interpreted as an absolute guarantee.","YES","29/04/2026, 12:14:50"
"ann2","17772912979937sppeki3crp","(zero-shot) 'split' (NOUN_wn:08819016n) 'an old Croatian city on the Adriatic Sea' —> We spent a wonderful summer vacation exploring the historic ruins of Split.","YES","29/04/2026, 12:15:00"
"ann2","1777291297993sg5oldjhnco","(zero-shot) 'accelerate' (VERB_wn:00439343v) 'cause to move faster' —> The driver pressed the pedal to accelerate the car down the highway.","YES","29/04/2026, 12:15:07"
"ann2","1777291297993lwr646q1c3n","(zero-shot) 'line' (NOUN_wn:07028373n) 'a succession of notes forming a distinctive sequence' —> The cellist played a melancholic line that echoed through the silent hall.","YES","29/04/2026, 12:15:18"
"ann2","1777291297993uocsv1r2tq8","(zero-shot) 'hasten' (VERB_wn:02548893v) 'speed up the progress of; facilitate' —> The new legislation was designed to hasten the development of renewable energy sources.","YES","29/04/2026, 12:15:25"
"ann2","17772912979936r8rq65yqxu","(zero-shot) 'follow' (VERB_wn:02455407v) 'follow with the eyes or the mind' —> The mesmerized crowd followed the acrobat's daring leap across the canyon.","YES","29/04/2026, 12:15:36"
"ann2","1777291297993fcab4hj4sj","(zero-shot) 'unjust' (ADJ_wn:01370590a) 'violating principles of justice' —> The judge's ruling was widely condemned as unjust and biased.","YES","29/04/2026, 12:15:43"
"ann2","1777291297993begje0vqrlt","(zero-shot) 'sanction' (NOUN_wn:06687358n) 'formal and explicit approval' —> The committee gave its official sanction to the new safety protocols.","YES","29/04/2026, 12:15:52"
"ann2","1777291297993d1jv92me9y","(zero-shot) 'choke' (VERB_wn:02423999v) 'check or slow down the action or effect of' —> The central bank raised interest rates to choke inflation before it spiraled out of control.","YES","29/04/2026, 12:16:03"
"ann2","1777291297993bbyko2pp7q7","(zero-shot) 'verb' (NOUN_wn:06320569n) 'a content word that denotes an action, occurrence, or state of existence' —> Every complete sentence in English typically requires a verb to function correctly.","YES","29/04/2026, 12:16:14"
"ann2","1777291297993kaftstw3rag","(zero-shot) 'submission' (NOUN_wn:07509325n) 'the feeling of patient, submissive humbleness' —> The monk bowed his head in total submission before the altar.","YES","29/04/2026, 12:16:24"
"ann2","1777291297993mq52zyfb86d","(zero-shot) 'through' (ADV_wn:00478821r) 'from beginning to end' —> I read the novel all through.","YES","29/04/2026, 12:16:31"
"ann2","1777291297993ljfurz3u3aj","(zero-shot) 'pass_on' (VERB_wn:00742320v) 'transmit information' —> Please pass on the message to the rest of the team.","YES","29/04/2026, 12:16:40"
"ann2","1777291297993jnmvow5p3h","(zero-shot) 'swing' (NOUN_wn:00327824n) 'changing location by moving back and forth' —> The child enjoyed the gentle swing of the hammock on a breezy afternoon.","YES","29/04/2026, 12:16:50"
"ann2","1777291297993ed5u193kyme","(zero-shot) 'slow_down' (VERB_wn:00440580v) 'become slow or slower' —> The car slowed down as it approached the stop sign.","YES","29/04/2026, 12:17:01"
"ann2","1777291297993xqcq19ayb07","(zero-shot) 'nobility' (NOUN_wn:04870340n) 'the quality of elevation of mind and exaltation of character or ideals or conduct' —> The selfless sacrifice of the rescue workers demonstrated a profound nobility of spirit.","YES","29/04/2026, 12:17:11"
"ann2","17772912979934m0fo6cfwo6","(zero-shot) 'replace' (VERB_wn:02257767v) 'put in the place of another; switch seemingly equivalent items' —> I need to replace the old batteries in the remote control.","YES","29/04/2026, 12:17:21"
"ann2","1777291297993ii02yd1bg3o","(zero-shot) 'recapture' (VERB_wn:02304013v) 'take back by force, as after a battle' —> The brave soldiers fought tirelessly to recapture the fallen fortress from the enemy.","YES","29/04/2026, 12:17:29"
"ann2","1777291297993ceb0ssrw0nd","(zero-shot) 'revive' (VERB_wn:00168910v) 'restore from a depressed, inactive, or unused state' —> The city hopes that the new arts festival will revive the crumbling downtown district.","YES","29/04/2026, 12:17:39"
"ann2","17772912979939f5d15qbcq","(zero-shot) 'twist' (NOUN_wn:07423365n) 'an unforeseen development' —> The movie's ending featured a shocking twist that left the entire audience in silence.","YES","29/04/2026, 12:17:46"
"ann2","177729129799302ztr686uo7y","(zero-shot) 'switch' (VERB_wn:01510173v) 'cause to go on or to be engaged or set in operation' —> Please switch the lights on before you enter the room.","YES","29/04/2026, 12:17:54"
"ann2","1777291297993mi2oj23o54","(zero-shot) 'execute' (VERB_wn:01712704v) 'carry out or perform an action' —> The team will execute the plan tomorrow morning.","YES","29/04/2026, 12:18:01"
"ann2","1777291297993a4o67vo8dtb","(zero-shot) 'superior' (NOUN_wn:10752930n) 'a combatant who is able to defeat rivals' —> The seasoned warrior proved himself a superior in the arena, leaving his opponents defeated.","YES","29/04/2026, 12:18:11"
"ann2","1777291297993nqpqcyzmi6","(zero-shot) 'campaign' (NOUN_wn:00798245n) 'a series of actions advancing a principle or tending toward a particular end' —> The local community launched a campaign to reduce plastic waste in the oceans.","YES","29/04/2026, 12:18:21"
"ann2","1777291297993bcmqhua6vhp","(zero-shot) 'scale' (VERB_wn:02207036v) 'take by attacking with scaling ladders' —> The disciplined infantry managed to scale the fortress walls under the cover of darkness.","YES","29/04/2026, 12:18:31"
"ann2","1777291297993w34qjhwj77s","(zero-shot) 'load' (NOUN_wn:13772468n) 'a quantity that can be processed or transported at one time' —> The truck carried a heavy load of gravel to the construction site.","YES","29/04/2026, 12:18:39"
"ann2","1777291297993mjsr29ovm3","(zero-shot) 'television' (NOUN_wn:06277280n) 'broadcasting visual images of stationary or moving objects; ;  - Ernie Kovacs' —> Ernie Kovacs revolutionized the medium of television by treating the screen as a canvas for surrealist art.","YES","29/04/2026, 12:18:49"
"ann2","17772912979938e2r1y3motb","(zero-shot) 'imagination' (NOUN_wn:05767733n) 'the ability to form mental images of things or events' —> The young novelist relied on her vivid imagination to build an entire galaxy from scratch.","YES","29/04/2026, 12:18:57"
"ann2","177729129799390dd7z1oafi","(zero-shot) 'disk' (NOUN_wn:03706653n) '(computer science) a memory device consisting of a flat disk covered with a magnetic coating on which information is stored' —> The system administrator backed up all the critical server data onto an external hard disk.","YES","29/04/2026, 12:19:06"
"ann2","1777291297993xlc7jip7lff","(zero-shot) 'mortar' (NOUN_wn:03786901n) 'a bowl-shaped vessel in which substances can be ground and mixed with a pestle' —> The chef used a heavy stone mortar to crush the fresh garlic and peppercorns into a fine paste.","YES","29/04/2026, 14:09:57"
"ann2","17772912979931iibt057edl","(zero-shot) 'market' (NOUN_wn:03722288n) 'an area in a town where a public mercantile establishment is set up' —> Fresh vegetables and handmade crafts were sold at the bustling open-air market every Saturday morning.","YES","29/04/2026, 14:10:05"
"ann2","1777291297993cr8abhj967t","(zero-shot) 'faculty' (NOUN_wn:08287586n) 'the body of teachers and administrators at a school' —> The entire faculty gathered in the auditorium for the annual orientation meeting.","YES","29/04/2026, 14:10:13"
"ann2","1777291297993s9qhcnw1lw","(zero-shot) 'crash' (VERB_wn:00434919v) 'stop operating' —> The entire server crashed during the software update.","YES","29/04/2026, 14:10:20"
"ann2","177729129799313uk0pg5wgbi","(zero-shot) 'alone' (ADV_wn:00157967r) 'without anybody else or anything else' —> She preferred to walk through the quiet forest alone.","YES","29/04/2026, 14:10:30"
"ann2","1777291297993seokdyf78p","(zero-shot) 'plunge' (VERB_wn:01577093v) 'immerse briefly into a liquid so as to wet, coat, or saturate' —> The chef plunged the hot donuts into the glossy chocolate glaze.","YES","29/04/2026, 14:10:38"
"ann2","1777291297993faise0wtx56","(zero-shot) 'pay_off' (VERB_wn:02256853v) 'pay off (loans or promissory notes)' —> She worked two jobs for three years to finally pay off her student loans.","YES","29/04/2026, 14:10:46"
"ann2","17772912979939mx50xu2lf7","(zero-shot) 'stimulate' (VERB_wn:01761706v) 'stir the feelings, emotions, or peace of' —> The haunting melody of the cello began to stimulate a deep sense of longing within her.","YES","29/04/2026, 14:10:55"
"ann2","17772912979937ardbgoqrb6","(zero-shot) 'captain' (NOUN_wn:09892693n) 'the pilot in charge of an airship' —> The captain carefully steered the massive airship through the storm clouds to ensure a safe landing.","YES","29/04/2026, 14:11:05"
"ann2","1777291297993f97mibaq6er","(zero-shot) 'gait' (NOUN_wn:15280497n) 'the rate of moving (especially walking or running)' —> The injured athlete struggled to maintain a steady gait during his first few laps around the track.","YES","29/04/2026, 14:11:17"
"ann2","17772912979938e45tbyeom8","(zero-shot) 'credit' (NOUN_wn:13374281n) 'arrangement for deferred payment for goods and services' —> The store offered the customer a line of credit to purchase the new furniture.","YES","29/04/2026, 14:11:27"
"ann2","17772912979931u03xi08ggl","(zero-shot) 'rim' (NOUN_wn:13902336n) 'the shape of a raised edge of a more or less circular object' —> The spider crawled slowly along the rim of the glass.","YES","29/04/2026, 14:11:38"
"ann2","1777291297993cqkdkgkiwae","(zero-shot) 'break' (VERB_wn:00935987v) 'be released or become known; of news' —> The news of the scandal finally broke on Tuesday morning.","YES","29/04/2026, 14:11:47"
"ann2","177729129799344d2axyboot","(zero-shot) 'Edward' (NOUN_wn:10951459n) 'King of England from 1901 to 1910; son of Victoria and Prince Albert; famous for his elegant sporting ways (1841-1910)' —> King Edward presided over the British Empire during the early twentieth century.","YES","29/04/2026, 14:11:58"
"ann2","17772912979937awbxtxfmqi","(zero-shot) 'shunt' (NOUN_wn:04210858n) 'implant consisting of a tube made of plastic or rubber; for draining fluids within the body' —> The surgeon performed a delicate procedure to place a ventricular shunt to relieve the pressure from the excess cerebrospinal fluid.","YES","29/04/2026, 14:12:06"
"ann2","1777291297993anx6889b2tv","(zero-shot) 'net' (NOUN_wn:03820318n) 'a goal lined with netting (as in soccer or hockey)' —> The striker kicked the ball with precision, sending it straight into the back of the net.","YES","29/04/2026, 14:12:14"
"ann2","1777291297993ceqonwqy0ro","(zero-shot) 'peak' (NOUN_wn:02838728n) 'a brim that projects to the front to shade the eyes' —> He pulled the peak of his baseball cap lower to block the glare of the afternoon sun.","YES","29/04/2026, 14:12:25"
"ann2","1777291297993frn1tiwsbes","(zero-shot) 'evil' (NOUN_wn:00745637n) 'morally objectionable behavior' —> The dictator's reign was marked by systemic evil that haunted the nation for decades.","YES","29/04/2026, 14:12:33"
"ann2","177729129799389omi7o4fq3","(zero-shot) 'lead' (VERB_wn:01999423v) 'travel in front of; go in advance of others' —> The experienced guide led the hikers through the dense forest.","YES","29/04/2026, 14:12:43"
"ann2","1777291297993xcjk8lqnazf","(zero-shot) 'orientation' (NOUN_wn:01052372n) 'the act of orienting' —> The new employees attended a comprehensive orientation to familiarize themselves with the company's policies.","YES","29/04/2026, 14:12:51"
"ann2","17772912979938ip3t9c62bf","(zero-shot) 'direct' (VERB_wn:00749376v) 'give directions to; point somebody into a certain direction' —> The concierge directed the tourists toward the museum.","YES","29/04/2026, 14:12:58"
"ann2","1777291297993kzr31zz4ut","(zero-shot) 'trace' (NOUN_wn:06647036n) 'a visible mark (as a footprint) left by the passage of person or animal or vehicle' —> The detective carefully photographed every trace of the intruder's boots in the fresh snow.","YES","29/04/2026, 14:13:06"
"ann2","17772912979932565a5g8cpj","(zero-shot) 'come_to' (VERB_wn:00024047v) 'return to consciousness' —> After the sudden blow to his head, he slowly came to in the ambulance.","YES","29/04/2026, 14:13:14"
"ann2","1777291297993mf9ekdar19h","(zero-shot) 'carnivore' (NOUN_wn:02075296n) 'a terrestrial or aquatic flesh-eating mammal' —> The hungry polar bear is a powerful arctic carnivore.","YES","29/04/2026, 14:13:23"
"ann2","1777291297993wytda56lxbm","(zero-shot) 'gnaw' (VERB_wn:00275253v) 'become ground down or deteriorate' —> The ancient limestone cliffs were slowly gnawed away by the relentless crashing of the tide.","YES","29/04/2026, 14:13:30"
"ann2","177729129799311e7bb8tv5dm","(zero-shot) 'ignore' (VERB_wn:01059564v) 'refuse to acknowledge' —> He decided to ignore the rude comment.","YES","29/04/2026, 14:13:38"
"ann2","1777291297993i39y9mumrk","(zero-shot) 'trump' (NOUN_wn:04490859n) '(card games) the suit that has been declared to rank above all other suits for the duration of the hand' —> Since spades were chosen as trump, he played the ace to win the final trick.","YES","29/04/2026, 14:13:46"
"ann2","1777291297993vikxyywiryp","(zero-shot) 'ordinary' (NOUN_wn:13942743n) 'the expected or commonplace condition or situation' —> She longed for a life of adventure, weary of the dullness of the ordinary.","YES","29/04/2026, 14:13:53"
"ann2","1777291297993ghkwhi67g7f","(zero-shot) 'give_away' (VERB_wn:00841986v) 'give away information about somebody' —> The spy's nervous twitch gave away his true identity to the guards.","YES","29/04/2026, 14:14:05"
"ann2","1777291297993kr1vzgp7j5","(zero-shot) 'singly' (ADV_wn:00083541r) 'one by one; one at a time' —> The guests entered the ballroom singly to be introduced to the host.","YES","29/04/2026, 14:14:11"
"ann2","177729129799308kqqlc0667u","(zero-shot) 'anticipation' (NOUN_wn:14486122n) 'anticipating with confidence of fulfillment' —> She waited for the arrival of her promotion letter with eager anticipation.","YES","29/04/2026, 14:14:19"
"ann2","1777291297993yojgc2bhc69","(zero-shot) 'multiplication' (NOUN_wn:00871576n) 'an arithmetic operation that is the inverse of division; the product of two numbers is computed' —> The students practiced long multiplication to solve the complex math problem.","YES","29/04/2026, 14:14:29"
"ann2","1777291297993uhpsdevlr3e","(zero-shot) 'propagate' (VERB_wn:00055871v) 'cause to propagate, as by grafting or layering' —> The experienced gardener showed me how to propagate the rare roses using stem cuttings.","YES","29/04/2026, 14:14:38"
"ann2","1777291297993jwv30x553j","(zero-shot) 'gait' (NOUN_wn:00286957n) 'a horse's manner of moving' —> The champion stallion displayed a powerful, rhythmic gait as he bounded across the paddock.","YES","29/04/2026, 14:14:45"
"ann2","1777291297993bmcz2cctx6m","(zero-shot) 'offensive' (ADJ_wn:00908672a) 'substitute a harsher or distasteful term for a mild one' —> The speaker chose an offensive word to describe the situation, replacing a polite phrase with a vulgar slur.","NO","29/04/2026, 14:15:03"
"ann2","17772912979935kbdi4fk29q","(zero-shot) 'fusion' (NOUN_wn:07373602n) 'an occurrence that involves the production of a union' —> The gourmet chef created a daring fusion of Japanese and Peruvian flavors.","YES","29/04/2026, 14:15:13"
"ann2","1777291297993e7ck45y5jrp","(zero-shot) 'potential' (ADJ_wn:01884176a) 'expected to become or be; in prospect' —> The coach identified several potential recruits during the tournament.","YES","29/04/2026, 14:15:22"
"ann2","17772912979932ocuuxk4z9m","(zero-shot) 'puerto_rico' (NOUN_wn:08752974n) 'a self-governing commonwealth associated with the United States occupying the island of Puerto Rico' —> Many tourists travel to Puerto Rico to enjoy its beautiful beaches and vibrant culture.","YES","29/04/2026, 14:15:31"
"ann2","1777291297993rqrp27h1lkm","(zero-shot) 'affair' (NOUN_wn:13931889n) 'a usually secretive or illicit sexual relationship' —> The senator's career collapsed after the press uncovered his long-term clandestine affair with a staff member.","YES","29/04/2026, 14:15:38"
"ann2","1777291297993aw59hv57y7","(zero-shot) 'diplomatic' (ADJ_wn:02713715a) 'relating to or characteristic of diplomacy' —> The ambassador used a diplomatic approach to resolve the border dispute peacefully.","YES","29/04/2026, 14:15:46"
"ann2","17772912979935hkko6995ce","(zero-shot) 'option' (NOUN_wn:13241600n) 'the right to buy or sell property at an agreed price; the right is purchased and if it is not exercised by a stated date the money is forfeited' —> The investor decided to purchase a call option on the tech company's stock to hedge against potential price increases.","YES","29/04/2026, 14:15:54"
"ann2","1777291297993clugp716rw7","(zero-shot) 'stamp' (VERB_wn:01531265v) 'raise in a relief' —> The artisan carefully stamped the royal crest into the hot wax.","YES","29/04/2026, 14:16:04"
"ann2","1777291297993y24ymojyrcd","(zero-shot) 'surmount' (VERB_wn:01999082v) 'reach the highest point of' —> The brave explorers finally surmounted the peak of Mount Everest.","YES","29/04/2026, 14:16:12"
"ann2","177729129799321cwblbx57","(zero-shot) 'celebration' (NOUN_wn:07450651n) 'a joyful occasion for special festivities to mark some happy event' —> The entire town gathered in the square for a grand celebration to honor the victory.","YES","29/04/2026, 14:16:19"
"ann2","17772912979937ztlcgjfcit","(zero-shot) 'commence' (VERB_wn:00345761v) 'take the first step or steps in carrying out an action' —> The orchestra will commence the symphony as soon as the conductor raises his baton.","YES","29/04/2026, 14:16:27"
"ann2","1777291297993cpyg9rg5tj7","(zero-shot) 'irritate' (VERB_wn:01787955v) 'cause annoyance in; disturb, especially by minor irritations' —> The scratching sound of the pen on the paper began to irritate him during the exam.","YES","29/04/2026, 14:16:36"
"ann2","1777291297993clxbcxw3oh","(zero-shot) 'depart' (VERB_wn:02661252v) 'be at variance with; be out of line with' —> The final report departed significantly from the original plan.","YES","29/04/2026, 14:16:45"
"ann2","1777291297993qfq347k60q","(zero-shot) 'penetration' (NOUN_wn:05710356n) 'clear or deep perception of a situation' —> Her mental penetration allowed her to see through the politician's deceptive rhetoric instantly.","YES","29/04/2026, 14:16:53"
"ann2","1777291297993sqo84wdvhdn","(zero-shot) 'overwhelming' (ADJ_wn:01989446a) 'so strong as to be irresistible' —> The scent of fresh cinnamon rolls created an overwhelming urge to eat.","YES","29/04/2026, 14:17:00"
"ann2","1777291297993jggvpn1wq6i","(zero-shot) 'manage' (VERB_wn:02523221v) 'carry on or function' —> The small business barely managed during the economic downturn.","YES","29/04/2026, 14:17:09"
"ann2","1777291297993lfcmzdfv7x","(zero-shot) 'payment' (NOUN_wn:01235137n) 'an act of requiting; returning in kind' —> His sudden act of cruelty was a bitter payment for the kindness she had shown him years before.","YES","29/04/2026, 14:17:21"
"ann2","1777291297993dvzsmmbeyqc","(zero-shot) 'shrink' (VERB_wn:00241038v) 'reduce in size; reduce physically' —> The wool sweater shrank after I washed it in hot water.","YES","29/04/2026, 14:17:28"
"ann2","1777291297993pnjqczo9jc","(zero-shot) 'heroic' (ADJ_wn:01284544a) 'of behavior that is impressive and ambitious in scale or scope' —> The architect envisioned a heroic plan to redesign the entire city center into a sustainable utopia.","YES","29/04/2026, 14:17:35"
"ann2","1777291297993se85piqqx6o","(zero-shot) 'packing' (NOUN_wn:14976448n) 'any material used especially to protect something' —> He used bubble wrap and foam peanuts as packing to keep the fragile vase safe during the move.","YES","29/04/2026, 14:17:45"
"ann2","1777291297993obkfcxqzoq","(zero-shot) 'interface' (NOUN_wn:05764779n) 'the overlap where two theories or phenomena affect each other or have links with each other' —> The study examines the complex interface between socioeconomic status and educational attainment.","YES","29/04/2026, 14:17:52"
"ann2","1777291297993wc0h2nbubgm","(zero-shot) 'manifestation' (NOUN_wn:06798558n) 'a manifest indication of the existence or presence or nature of some person or thing' —> The sudden drop in temperature was a clear manifestation of the ghost's presence in the room.","YES","29/04/2026, 14:18:01"
"ann2","1777291297993qpqbox3x9q","(zero-shot) 'stud' (NOUN_wn:10665587n) 'a man who is virile and sexually active' —> The confident athlete was widely considered the local stud by everyone at the gym.","YES","29/04/2026, 14:18:11"
"ann2","1777291297993ty116j09e5o","(zero-shot) 'base' (NOUN_wn:13897837n) 'the bottom side of a geometric figure from which the altitude can be constructed' —> To calculate the area of the triangle, multiply the length of the base by the height.","YES","29/04/2026, 14:18:22"
"ann2","1777291297993fzwb9klfdlc","(zero-shot) 'settle' (VERB_wn:00698855v) 'bring to an end; settle conclusively' —> The committee met for several hours to finally settle the dispute over the new contract.","YES","29/04/2026, 14:18:30"
"ann2","1777291297993ldwsvupzfe","(zero-shot) 'tone' (NOUN_wn:14544672n) 'the elastic tension of living muscles, arteries, etc. that facilitate response to stimuli' —> Physical therapy exercises are essential for maintaining muscle tone after a long period of immobilization.","YES","29/04/2026, 14:18:40"
"ann2","1777291297993deiq21uubp7","(zero-shot) 'inactive' (ADJ_wn:00043125a) 'not exerting influence or change' —> The political party remained inactive during the election cycle.","YES","29/04/2026, 14:18:49"
"ann2","1777291297993isyqvxy5ju9","(zero-shot) 'tunic' (NOUN_wn:05606633n) 'an enveloping or covering membrane or layer of body tissue' —> The outer tunic of the seed protects the embryo from dehydration.","YES","29/04/2026, 14:19:02"
"ann2","1777291297993gpcmdgr978a","(zero-shot) 'take_up' (VERB_wn:02346724v) 'take up and practice as one's own' —> After retiring from her corporate job, she decided to take up oil painting to express her creativity.","YES","29/04/2026, 14:19:12"
"ann2","1777291297993ftkj292grrn","(zero-shot) 'grace' (NOUN_wn:05003590n) 'elegance and beauty of movement or expression' —> The ballerina moved across the stage with effortless grace.","YES","29/04/2026, 14:19:20"
"ann2","1777291297993c9ts0dpyrk","(zero-shot) 'suspension' (NOUN_wn:01017701n) 'the act of suspending something (hanging it from above so it moves freely)' —> The artist achieved a magical effect through the careful suspension of glass spheres from the gallery ceiling.","YES","29/04/2026, 14:19:30"
"ann2","1777291297993lm7rbv3rro","(zero-shot) 'goodness' (NOUN_wn:05142180n) 'that which is pleasing or valuable or useful' —> The rich soil provided all the necessary goodness required for the garden to flourish.","YES","29/04/2026, 14:19:41"
"ann2","1777291297993dpcoivjxyz","(zero-shot) 'camp' (NOUN_wn:08240633n) 'an exclusive circle of people with a common purpose' —> The political camp supporting the new legislation gathered for a private strategy session.","YES","29/04/2026, 14:19:50"
"ann2","17772912979931ndc4oyygl0h","(zero-shot) 'mallet' (NOUN_wn:03715386n) 'a tool resembling a hammer but with a large head (usually wooden); used to drive wedges or ram down paving stones or for crushing or beating or flattening or smoothing' —> The carpenter used a heavy rubber mallet to nudge the joint into place without scarring the wood.","YES","29/04/2026, 14:19:58"
"ann2","17772912979937hef362mign","(zero-shot) 'neural' (ADJ_wn:02904518a) 'of or relating to the nervous system' —> The doctor explained how the neural pathways transmit signals from the brain to the muscles.","YES","29/04/2026, 14:20:07"
"ann2","1777291297993h2t674tspkc","(zero-shot) 'stimulate' (VERB_wn:00794079v) 'provide the needed stimulus for' —> The government lowered interest rates to stimulate economic growth.","YES","29/04/2026, 14:20:19"
"ann2","17772912979934y4izwdc2h6","(zero-shot) 'sweet' (ADJ_wn:02368336a) 'having or denoting the characteristic taste of sugar' —> The ripe strawberry tasted incredibly sweet.","YES","29/04/2026, 14:20:28"
"ann2","1777291297993hacehob1jw","(zero-shot) 'contribute' (VERB_wn:02237782v) 'provide' —> Everyone was asked to contribute a small amount of money to the charity fund.","YES","29/04/2026, 14:20:39"
"ann2","1777291297993nj1h2xp598","(zero-shot) 'keep_up' (VERB_wn:00118764v) 'keep informed' —> I read the morning news every day to keep up with current events.","YES","29/04/2026, 14:20:46"
"ann2","1777291297993110rj4mwqi4","(zero-shot) 'pick_up' (VERB_wn:02287041v) 'buy casually or spontaneously' —> I decided to pick up a few magazines while waiting for my appointment.","YES","29/04/2026, 14:20:56"
"ann2","17772912979938lc0501y50m","(zero-shot) 'pass' (NOUN_wn:07176499n) 'you advance to the next round in a tournament without playing an opponent' —> Because the top seed had a bye, he received a pass into the quarterfinals.","YES","29/04/2026, 14:21:05"
"ann2","1777291297993kwarsd65p8","(zero-shot) 'conspiracy' (NOUN_wn:05908882n) 'a plot to carry out some harmful or illegal act (especially a political plot)' —> The secret meeting in the basement was the first step in their conspiracy to overthrow the government.","YES","29/04/2026, 14:21:15"
"ann2","1777291297993ir6w3385uak","(zero-shot) 'stir_up' (VERB_wn:01761120v) 'arouse or excite feelings and passions' —> The politician's fiery speech was designed to stir up anger among the crowd.","YES","29/04/2026, 14:21:24"
"ann2","1777291297993z4ywtsfquz","(zero-shot) 'capacity' (NOUN_wn:14530836n) 'the susceptibility of something to a particular treatment' —> The patient's capacity for chemotherapy depended largely on her overall liver function.","YES","29/04/2026, 14:21:36"
"ann2","1777291297993gvu5akpd2wm","(zero-shot) 'permit' (VERB_wn:00802946v) 'allow the presence of or allow (an activity) without opposing or prohibiting' —> The local library does not permit talking in the quiet study area.","YES","29/04/2026, 14:21:44"
"ann2","1777291297993j6ytzypn2y","(zero-shot) 'improvement' (NOUN_wn:00248977n) 'the act of improving something' —> The constant improvement of the software ensures that users have a seamless experience.","YES","29/04/2026, 14:21:52"
"ann2","1777291297993el4s2ip6lnl","(zero-shot) 'take' (VERB_wn:02394183v) 'assume, as of positions or roles' —> After the previous CEO resigned, Sarah took the role of managing director.","YES","29/04/2026, 14:22:01"
"ann2","17772912979931q0jryqve3o","(zero-shot) 'endless' (ADJ_wn:00596211a) 'having the ends united so as to form a continuous whole' —> The children played with a bright red endless loop of ribbon.","YES","29/04/2026, 14:22:09"
"ann2","17772912979937bqemagw6uo","(zero-shot) 'localize' (VERB_wn:02692335v) 'concentrate on a particular place or spot' —> The doctors worked quickly to localize the infection to the patient's left forearm.","YES","29/04/2026, 14:22:18"
"ann2","17772912979939nf2x0jct8e","(zero-shot) 'clear' (VERB_wn:00549217v) 'make clear, bright, light, or translucent' —> The morning sun began to clear the thick fog settling over the valley.","YES","29/04/2026, 14:22:28"
"ann2","17772912979934vivnu2um86","(zero-shot) 'chip' (NOUN_wn:00377169n) 'the act of chipping something' —> The careful chip of the sculptor's chisel slowly revealed the figure hidden within the marble.","YES","29/04/2026, 14:22:36"
"ann2","1777291297993d4eq8fg4w0n","(zero-shot) 'outdoor' (ADJ_wn:01692222a) 'located, suited for, or taking place in the open air' —> The family decided to host an outdoor dinner party in their backyard.","YES","29/04/2026, 14:22:43"
"ann2","1777291297993v3c8si8uh7s","(zero-shot) 'civilization' (NOUN_wn:13448970n) 'the social process whereby societies achieve an advanced stage of development and organization' —> The discovery of ancient ruins provided a fascinating glimpse into a lost civilization.","NO","29/04/2026, 14:22:53"
"ann2","1777291297993k8s20khk0ls","(zero-shot) 'dust' (VERB_wn:01376245v) 'distribute loosely' —> The pastry chef dusted the cake with powdered sugar.","YES","29/04/2026, 14:23:00"
"ann2","17772912979938rb009644p8","(zero-shot) 'title' (NOUN_wn:06345993n) 'a heading that names a statute or legislative bill; may give a brief summary of the matters it deals with' —> The lawyer carefully reviewed the title of the proposed environmental act to ensure it accurately reflected the bill's scope.","YES","29/04/2026, 14:23:08"
"ann2","1777291297993zjv7cqqcr0j","(zero-shot) 'hang_up' (VERB_wn:01481360v) 'cause to be hanging or suspended' —> She decided to hang up her wet coat in the hallway.","YES","29/04/2026, 14:23:16"
"ann2","1777291297993s15x49umn4r","(zero-shot) 'timid' (ADJ_wn:00339941a) 'lacking self-confidence' —> The timid boy hesitated before raising his hand in class.","YES","29/04/2026, 14:23:26"
"ann2","1777291297993g2qbofx450b","(zero-shot) 'bulk' (NOUN_wn:05122557n) 'the property resulting from being or relating to the greater in number of two parts; the main part' —> The bulk of the project was completed during the first week of January.","YES","29/04/2026, 14:23:35"
"ann2","17772912979938cleumn1psm","(zero-shot) 'rating' (NOUN_wn:14429382n) 'standing or position on a scale' —> The credit agency lowered the company's bond rating after the quarterly losses were announced.","YES","29/04/2026, 14:23:45"
"ann2","1777291297993jk0jmt61sbn","(zero-shot) 'ass' (NOUN_wn:02389346n) 'hardy and sure-footed animal smaller and with longer ears than the horse' —> The stubborn ass refused to move across the rocky mountain path.","YES","29/04/2026, 14:23:56"
"ann2","1777291297993ulte9mldzln","(zero-shot) 'tonal' (ADJ_wn:02437148a) 'having tonality; i.e. tones and chords organized in relation to one tone such as a keynote or tonic' —> The composer decided to write a tonal piece that resolved clearly to the home key.","YES","29/04/2026, 14:24:03"
"ann2","1777291297993ejdnwr4c26","(zero-shot) 'somehow' (ADV_wn:00026137r) 'in some unspecified way or manner; or by some unspecified means' —> The stray cat somehow managed to open the locked kitchen door.","YES","29/04/2026, 14:24:11"
"ann2","1777291297993qbiem8jjii9","(zero-shot) 'cone' (NOUN_wn:03089348n) 'any cone-shaped artifact' —> The traffic warden placed an orange cone in the middle of the road to divert drivers.","YES","29/04/2026, 14:24:22"
"ann2","177729129799311htrtyw1ye","(zero-shot) 'secrecy' (NOUN_wn:14416089n) 'the condition of being concealed or hidden' —> The government maintained strict secrecy regarding the location of the underground bunker.","YES","29/04/2026, 14:24:29"
"ann2","1777291297993hoohe02aa77","(zero-shot) 'board' (NOUN_wn:03201208n) 'a table at which meals are served' —> The guests gathered around the festive board for the holiday feast.","YES","29/04/2026, 14:24:38"
"ann2","1777291297993y6jt85byb2","(zero-shot) 'stamp' (VERB_wn:01624568v) 'form or cut out with a mold, form, or die' —> The factory machines stamp thousands of steel car parts every hour.","YES","29/04/2026, 14:24:47"
"ann2","1777291297993ggm0fqktpd","(zero-shot) 'flip' (VERB_wn:01893079v) 'lightly throw to see which side comes up' —> The two friends decided to flip a coin to determine who would go first in the game.","YES","29/04/2026, 14:24:56"
"ann2","1777291297993q3y8p3svim","(zero-shot) 'incapable' (ADJ_wn:00052246a) 'not meeting requirements' —> The applicant was deemed incapable for the position due to his lack of professional certification.","YES","29/04/2026, 14:25:28"
"ann2","1777291297993ewqdf7g6uyl","(zero-shot) 'touch' (NOUN_wn:07409592n) 'the event of something coming in contact with the body' —> She shivered at the light touch of a spider's web on her cheek.","YES","29/04/2026, 14:25:37"
"ann2","17772912979939pnklpd1j4m","(zero-shot) 'economical' (ADJ_wn:02716739a) 'of or relating to an economy, the system of production and management of material wealth' —> The government introduced new economical policies to stimulate industrial growth across the nation.","YES","29/04/2026, 14:25:49"
"ann2","17772912979937wirf2ifgp9","(zero-shot) 'track' (VERB_wn:02001858v) 'go after with the intent to catch' —> The detective tracked the fugitive through the dense forest.","YES","29/04/2026, 14:26:00"
"ann2","1777291297993q43apse324p","(zero-shot) 'stick' (VERB_wn:01441793v) 'pierce or penetrate or puncture with something pointed' —> The tailor used a sharp needle to stick the fabric.","YES","29/04/2026, 14:26:10"
"ann2","1777291297993wxyv720kh08","(zero-shot) 'duck' (VERB_wn:00809654v) 'avoid or try to avoid fulfilling, answering, or performing (duties, questions, or issues)' —> The politician attempted to duck the reporter's question about the budget cuts.","YES","29/04/2026, 14:26:20"
"ann2","1777291297993rwmefeue9h","(zero-shot) 'diverge' (VERB_wn:02032415v) 'move or draw apart' —> The two hiking trails diverge at the old oak tree.","YES","29/04/2026, 14:26:28"
"ann2","1777291297993g4ja2sxw3cn","(zero-shot) 'bloom' (NOUN_wn:11410527n) 'a powdery deposit on a surface' —> The chef gently wiped away the white bloom that had formed on the surface of the old chocolate bars.","YES","29/04/2026, 14:26:36"
"ann2","1777291297993rq9ptfduab","(zero-shot) 'possibility' (NOUN_wn:05888929n) 'a tentative insight into the natural world; a concept that is not yet verified but that if true would explain certain facts or phenomena' —> The physicist proposed a daring mathematical possibility to account for the unexpected behavior of the subatomic particles.","YES","29/04/2026, 14:26:47"
"ann2","1777291297993bb85us9j5k","(zero-shot) 'cross' (NOUN_wn:00850425n) '(genetics) the act of mixing different species or varieties of animals or plants and thus to produce hybrids' —> The botanist carefully documented each cross between the wild orchid and the garden hybrid to observe the resulting floral patterns.","YES","29/04/2026, 14:26:58"
"ann2","1777291297993p063rubvq9e","(zero-shot) 'convertible' (ADJ_wn:00916706a) 'capable of being exchanged for or replaced by something of equal value' —> The traveler carried a convertible bond that could be traded for shares of the company.","YES","29/04/2026, 14:27:07"
"ann2","17772912979934o2jrj69ne7","(zero-shot) 'take' (VERB_wn:01930482v) 'proceed along in a vehicle' —> We will take the highway to reach the city faster.","YES","29/04/2026, 14:27:16"
"ann2","1777291297993vk1hur7ridb","(zero-shot) 'fantastic' (ADJ_wn:01942732a) 'fanciful and unrealistic; foolish' —> The politician's fantastic claims about solving world hunger in a week were dismissed by the committee as mere delusions.","YES","29/04/2026, 14:27:25"
"ann2","1777291297993nsa37sc48vg","(zero-shot) 'neutralize' (VERB_wn:00470084v) 'make ineffective by counterbalancing the effect of' —> The chemist added a base to the solution to neutralize the acid.","YES","29/04/2026, 14:27:32"
"ann2","1777291297993ysqvduxnrpm","(zero-shot) 'progress' (NOUN_wn:00249501n) 'gradual improvement or growth or development' —> The patient showed steady progress during her physical therapy sessions.","YES","29/04/2026, 14:27:42"
"ann2","177729129799312397wyf9kq","(zero-shot) 'pepper' (NOUN_wn:07720442n) 'sweet and hot varieties of fruits of plants of the genus Capsicum' —> She added a chopped red pepper to the stir-fry for extra flavor.","YES","29/04/2026, 14:27:51"
"ann2","1777291297993btalm0xxvd","(zero-shot) 'recession' (NOUN_wn:08429556n) 'the withdrawal of the clergy and choir from the chancel to the vestry at the end of a church service' —> The solemn music continued to play as the congregation stood in silence during the recession.","YES","29/04/2026, 14:27:59"
"ann2","1777291297993w10iwfphzji","(zero-shot) 'interruption' (NOUN_wn:00383952n) 'an act of delaying or interrupting the continuity' —> The sudden power outage caused a frustrating interruption to the live broadcast.","YES","29/04/2026, 14:28:17"
"ann2","1777291297993331xu2hlono","(zero-shot) 'break' (NOUN_wn:00383952n) 'an act of delaying or interrupting the continuity' —> The sudden power outage caused a frustrating break in the recording session.","YES","29/04/2026, 14:28:28"
"ann2","17772912979935w992kcvgb","(zero-shot) 'deeply' (ADV_wn:00173353r) 'to a great depth psychologically' —> The loss of his lifelong mentor affected him deeply.","YES","29/04/2026, 14:28:36"
"ann2","1777291297993ecjq7p15z55","(zero-shot) 'modest' (ADJ_wn:01415219a) 'limited in size or scope' —> The couple lived in a modest cottage at the edge of the village.","YES","29/04/2026, 14:28:46"
"ann2","1777291297993lttawv7n5rn","(zero-shot) 'pilgrim' (NOUN_wn:10432674n) 'one of the colonists from England who sailed to America on the Mayflower and founded the colony of Plymouth in New England in 1620' —> The brave pilgrims faced a harsh winter after arriving at the shores of Massachusetts.","YES","29/04/2026, 14:28:55"
"ann2","17772912979934ig6x34aer5","(zero-shot) 'tilt' (VERB_wn:02038357v) 'to incline or bend from a vertical position' —> The leaning tower began to tilt slightly to the left.","YES","29/04/2026, 14:29:04"
"ann2","1777291297993fe36zub2n3l","(zero-shot) 'dedication' (NOUN_wn:07452348n) 'a ceremony in which something (as a building) is dedicated to some goal or purpose' —> The townspeople gathered in the square for the dedication of the new public library.","YES","29/04/2026, 14:29:11"
"ann2","17772912979937cw9dowt1y","(zero-shot) 'scented' (ADJ_wn:01058179a) 'having the sense of smell' —> The room was filled with sweet, scented candles.","YES","29/04/2026, 14:29:19"
"ann2","1777291297993ablh2c6s0ue","(zero-shot) 'hide' (NOUN_wn:14759275n) 'the dressed skin of an animal (especially a large animal)' —> The artisan carefully stitched the thick cow hide to create a durable pair of boots.","YES","29/04/2026, 14:29:28"
"ann2","17772912979937wf4iku43w","(zero-shot) 'submit' (VERB_wn:02310328v) 'make over as a return' —> The student must submit the completed assignment to the teacher by Friday.","YES","29/04/2026, 14:29:37"
"ann2","1777291297993lwamjtmyk8","(zero-shot) 'cut_out' (VERB_wn:01440646v) 'cut off and stop' —> The engine suddenly cut out in the middle of the highway.","YES","29/04/2026, 14:29:45"
"ann2","1777291297993hxusscabz9a","(zero-shot) 'clump' (NOUN_wn:07961016n) 'a compact mass' —> A small clump of wet clay stuck to the bottom of his shoe.","YES","29/04/2026, 14:29:58"
"ann2","17772912979932tkc0ud5wz9","(zero-shot) 'nominate' (VERB_wn:02396205v) 'create and charge with a task or function' —> The committee decided to nominate a special envoy to oversee the peace negotiations.","YES","29/04/2026, 14:30:06"
"ann2","1777291297993f8qeoykt3k","(zero-shot) 'crude' (ADJ_wn:00818175a) 'belonging to an early stage of technical development; characterized by simplicity and (often) crudeness' —> The settlers built a crude shelter out of mud and sticks to survive the first winter.","YES","29/04/2026, 14:30:15"
"ann2","177729129799376jucqeibv5","(zero-shot) 'follow' (VERB_wn:02625339v) 'to be the product or result' —> A period of economic instability often follows a sudden stock market crash.","YES","29/04/2026, 14:30:25"
"ann2","1777291297993bz4yrq7szmg","(zero-shot) 'break' (VERB_wn:00744439v) 'undergo breaking' —> The fragile glass vase will break if it falls on the floor.","YES","29/04/2026, 14:30:33"
"ann2","1777291297993gffshiiyvlj","(zero-shot) 'string' (VERB_wn:01360316v) 'remove the stringy parts of' —> The chef carefully stringed the celery stalks before adding them to the mirepoix.","YES","29/04/2026, 14:30:44"
"ann2","17772912979939ddjbgs23en","(zero-shot) 'withdrawal' (NOUN_wn:01262713n) 'the act of taking out money or other capital' —> She made a quick ATM withdrawal to pay for her lunch.","YES","29/04/2026, 14:30:54"
"ann2","177729129799311ngotko94e","(zero-shot) 'blast' (VERB_wn:01758276v) 'make with or as if with an explosion' —> The demolition crew used dynamite to blast the old bridge into pieces.","YES","29/04/2026, 14:31:03"
"ann2","1777291297993mp4gtv6or2s","(zero-shot) 'earthy' (ADJ_wn:01940472a) 'sensible and practical' —> Despite her high-flying career in finance, she maintained an earthy approach to managing her personal expenses.","YES","29/04/2026, 14:31:14"
"ann2","1777291297993ai6flvix44","(zero-shot) 'stand_for' (VERB_wn:00669099v) 'tolerate or bear' —> I cannot stand for such blatant dishonesty in the workplace.","YES","29/04/2026, 14:31:26"
"ann2","177729129799366wyqsnvpoa","(zero-shot) 'discriminate' (VERB_wn:02193765v) 'distinguish' —> A connoisseur can easily discriminate between a high-quality vintage and a common table wine.","YES","29/04/2026, 15:36:16"
"ann2","1777291297993538dadqcx4q","(zero-shot) 'anticipation' (NOUN_wn:07511080n) 'an expectation' —> The children waited in breathless anticipation for the carnival to begin.","YES","29/04/2026, 15:36:25"
"ann2","17772912979936y4k9vw53ew","(zero-shot) 'level' (VERB_wn:01661804v) 'tear down so as to make flat with the ground' —> The construction crew used a wrecking ball to level the old warehouse.","YES","29/04/2026, 15:36:34"
"ann2","1777291297993a2vlvrsodbq","(zero-shot) 'loss' (NOUN_wn:07333649n) 'euphemistic expressions for death' —> The entire community gathered to offer their condolences to the family after their sudden loss.","YES","29/04/2026, 15:36:43"
"ann2","1777291297993pj6hbdynikq","(zero-shot) 'wattle' (NOUN_wn:05471427n) 'a fleshy wrinkled and often brightly colored fold of skin hanging from the neck or throat of certain birds (chickens and turkeys) or lizards' —> The rooster strutted proudly through the farmyard, shaking his bright red wattle.","YES","29/04/2026, 15:36:51"
"ann2","17772912979930tiies6rvhh","(zero-shot) 'shutter' (NOUN_wn:04211528n) 'a mechanical device on a camera that opens and closes to control the time of a photographic exposure' —> The photographer adjusted the shutter speed to capture the motion of the waterfall.","YES","29/04/2026, 15:37:02"
"ann2","1777291297993p0pt4gxd5yc","(zero-shot) 'visual' (ADJ_wn:02869563a) 'relating to or using sight' —> The artist used bold colors to create a powerful visual impact.","YES","29/04/2026, 15:37:11"
"ann2","1777291297993wpeqzzlssrl","(zero-shot) 'fit' (NOUN_wn:14082788n) 'a sudden uncontrollable attack' —> The old man suffered a sudden fit of coughing that left him breathless.","YES","29/04/2026, 15:37:20"
"ann2","17772912979933t9t0zbrnjm","(zero-shot) 'repayment' (NOUN_wn:13299651n) 'payment of a debt or obligation' —> The bank agreed to a flexible schedule for the repayment of the student loan.","YES","29/04/2026, 15:37:27"
"ann2","1777291297993lukh4qo3yf","(zero-shot) 'straighten' (VERB_wn:02035781v) 'straighten up or out; make straight' —> She carefully straightened the crumpled map on the table.","YES","29/04/2026, 15:37:35"
"ann2","1777291297993iaoj0ia3cz","(zero-shot) 'dominate' (VERB_wn:02644234v) 'be larger in number, quantity, power, status or importance' —> Tech giants continue to dominate the global marketplace.","YES","29/04/2026, 15:37:44"
"ann2","1777291297993ydgg7qw6hv8","(zero-shot) 'desert' (VERB_wn:01842367v) 'leave behind' —> The soldier decided to desert his post under the cover of darkness.","YES","29/04/2026, 15:37:55"
"ann2","1777291297993qde4huxf4j","(zero-shot) 'discover' (VERB_wn:01637982v) 'make a discovery, make a new finding' —> Astronomers used the powerful telescope to discover a distant exoplanet orbiting a red dwarf star.","YES","29/04/2026, 15:38:02"
"ann2","1777291297993d9hkoc1j485","(zero-shot) 'hesitate' (VERB_wn:02640440v) 'pause or hold back in uncertainty or unwillingness' —> She hesitated for a moment before stepping onto the stage.","YES","29/04/2026, 15:38:11"
"ann2","1777291297993eqma9h23rsr","(zero-shot) 'extend' (VERB_wn:00540235v) 'extend in scope or range or area' —> The new legislation will extend the protections of the park to include the surrounding wetlands.","YES","29/04/2026, 15:38:20"
"ann2","17772912979936xpkrylyrao","(zero-shot) 'profess' (VERB_wn:00888326v) 'take vows, as in religious order' —> The young novice decided to profess her lifelong commitment to the convent during the solemn ceremony.","YES","29/04/2026, 15:38:29"
"ann2","1777291297993iox1rqd21ur","(zero-shot) 'prohibition' (NOUN_wn:07255174n) 'refusal to approve or assent to' —> The governor's strict prohibition of the proposed land development plan stalled the project for months.","YES","29/04/2026, 15:38:37"
"ann2","1777291297993fz1lc27k1sj","(zero-shot) 'high' (ADV_wn:00356957r) 'at a great altitude' —> The eagle soared high above the mountain peaks.","YES","29/04/2026, 15:38:44"
"ann2","1777291297993p9k8h8kpho","(zero-shot) 'tolerant' (ADJ_wn:01041209a) 'tolerant and forgiving under provocation' —> Despite the constant insults from his colleagues, Marcus remained remarkably tolerant throughout the meeting.","YES","29/04/2026, 15:38:55"
"ann2","1777291297993ty7jkb1nqre","(zero-shot) 'prey' (VERB_wn:01203715v) 'profit from in an exploitatory manner' —> Unscrupulous lenders often prey on vulnerable people who are desperate for quick cash.","YES","29/04/2026, 15:39:02"
"ann2","1777291297993eztqqy53si","(zero-shot) 'definition' (NOUN_wn:04702957n) 'clarity of outline' —> The high-resolution monitor provides incredible definition to the image.","YES","29/04/2026, 15:39:09"
"ann2","1777291297993t9pe2j8i0zr","(zero-shot) 'smut' (NOUN_wn:14283632n) 'destructive diseases of plants (especially cereal grasses) caused by fungi that produce black powdery masses of spores' —> The farmer inspected the cornfield and discovered that several stalks had been ruined by smut.","YES","29/04/2026, 15:39:17"
"ann2","177729129799342gn1m5ew9s","(zero-shot) 'extreme' (NOUN_wn:08569165n) 'the point located farthest from the middle of something' —> The climber finally reached the northern extreme of the island.","YES","29/04/2026, 15:39:24"
"ann2","17772912979935kdt39dltug","(zero-shot) 'label' (NOUN_wn:07202579n) 'a brief description given for purposes of identification' —> She carefully attached a handwritten label to the spice jar.","YES","29/04/2026, 15:39:34"
"ann2","17772912979931i69zkomns","(zero-shot) 'reside' (VERB_wn:02648639v) 'live (in a certain place)' —> The royal family continues to reside in the ancestral palace.","YES","29/04/2026, 15:39:42"
"ann2","1777291297993dn1j2hb3y7v","(zero-shot) 'runner' (NOUN_wn:10542608n) 'a person who is employed to deliver messages or documents' —> The royal court employed a swift runner to carry the urgent decree to the distant province.","YES","29/04/2026, 15:39:49"
"ann2","17772912979932o1788kkg9","(zero-shot) 'stumble' (VERB_wn:01901133v) 'walk unsteadily' —> The exhausted hiker began to stumble along the rocky path.","YES","29/04/2026, 15:39:58"
"ann2","1777291297993z6ryegqjzm9","(zero-shot) 'crusade' (NOUN_wn:00798245n) 'a series of actions advancing a principle or tending toward a particular end' —> The local community launched a crusade to preserve the historic library from demolition.","YES","29/04/2026, 15:40:06"
"ann2","1777291297993dw5z0xk446g","(zero-shot) 'mate' (NOUN_wn:10300041n) 'the officer below the master on a commercial ship' —> The first mate coordinated the crew's efforts to secure the cargo before the storm hit.","YES","29/04/2026, 15:40:15"
"ann2","1777291297993mh6cr0i5vn9","(zero-shot) 'elaborate' (ADJ_wn:01795933a) 'marked by complexity and richness of detail' —> The ballroom was decorated with elaborate gold carvings and velvet draperies.","YES","29/04/2026, 15:40:26"