"Annotator","Item ID","Content","Annotation","Timestamp"
"ann1","17779081547440q4yptn64u5","(zero-shot) 'drive' (NOUN_wn:00798245n) 'a series of actions advancing a principle or tending toward a particular end' —> The city launched a massive recycling drive to reduce landfill waste.","YES","06/05/2026, 18:58:56"
"ann1","1777908154744kgtaqsaq9vr","(zero-shot) 'bring_up' (VERB_wn:01025246v) 'put forward for consideration or discussion' —> She brought up the issue of budget cuts during the conference.","YES","06/05/2026, 18:59:07"
"ann1","1777908154744fe4udbmuqw","(zero-shot) 'swear' (VERB_wn:01011031v) 'to declare or affirm solemnly and formally as true' —> The witness swore an oath in court.","YES","06/05/2026, 18:59:10"
"ann1","1777908154744jg8ssxim9d8","(zero-shot) 'sphere' (NOUN_wn:08521267n) 'the apparent surface of the imaginary sphere on which celestial bodies appear to be projected' —> Ancient astronomers mapped the positions of the stars upon the celestial sphere.","YES","06/05/2026, 18:59:15"
"ann1","1777908154744sygwnb7w6wg","(zero-shot) 'capitalize' (VERB_wn:00731000v) 'consider expenditures as capital assets rather than expenses' —> The company decided to capitalize the cost of the new machinery.","YES","06/05/2026, 18:59:20"
"ann1","1777908154744ijps2hts1n","(zero-shot) 'victim' (NOUN_wn:10752480n) 'a person who is tricked or swindled' —> The unsuspecting victim lost all his savings to the clever phishing scam.","YES","06/05/2026, 18:59:25"
"ann1","1777908154744baxwpdxtgne","(zero-shot) 'vowel' (NOUN_wn:07114712n) 'a letter of the alphabet standing for a spoken vowel' —> Every English word contains at least one vowel.","YES","06/05/2026, 18:59:28"
"ann1","1777908154744wls8xjvvor","(zero-shot) 'draw' (NOUN_wn:03233423n) 'anything (straws or pebbles etc.) taken or chosen at random' —> The draw decided who would perform the task.","YES","06/05/2026, 18:59:37"
"ann1","17779081547449e2barya1zt","(zero-shot) 'fanciful' (ADJ_wn:01936528a) 'not based on fact; unreal; - F.D.Roosevelt' —> The architect's fanciful design for the skyscraper included cascading waterfalls and hanging gardens.","YES","06/05/2026, 18:59:43"
"ann1","17779081547443porkbbp22","(zero-shot) 'familiarity' (NOUN_wn:04912240n) 'a casual manner' —> The new employee's familiarity with the manager was viewed as disrespectful by the rest of the staff.","YES","06/05/2026, 19:03:14"
"ann1","17779081547446yh21gthoyu","(zero-shot) 'take' (VERB_wn:01156834v) 'serve oneself to, or consume regularly' —> I take a multivitamin every day.","YES","06/05/2026, 19:03:19"
"ann1","177790815474458pzbj3tasf","(zero-shot) 'stop' (NOUN_wn:02853449n) 'an obstruction in a pipe or tube' —> The plumber worked quickly to remove the stop from the water line.","YES","06/05/2026, 19:03:22"
"ann1","1777908154744x0jvc1t84q9","(zero-shot) 'shock' (NOUN_wn:07962500n) 'a bushy thick mass (especially hair)' —> The boy had a shock of bright red hair.","YES","06/05/2026, 19:03:28"
"ann1","1777908154744wc2zy6y9zmm","(zero-shot) 'everyday' (ADJ_wn:00970947a) 'commonplace and ordinary' —> The gallery displayed an exhibit of everyday objects.","YES","06/05/2026, 19:03:33"
"ann1","177790815474476s70iwzb7c","(zero-shot) 'immerse' (VERB_wn:01577635v) 'thrust or throw into' —> He immersed the fabric in the blue dye.","YES","06/05/2026, 19:03:39"
"ann1","1777908154744c7p76haub5i","(zero-shot) 'together' (ADV_wn:00507927r) 'in each other's company' —> The couple spent the entire weekend together.","YES","06/05/2026, 19:03:42"
"ann1","17779081547440xeuif51fci","(zero-shot) 'pledge' (NOUN_wn:07884413n) 'a drink in honor of or to the health of a person or event' —> The guests raised their glasses for a celebratory pledge to the bride and groom.","YES","06/05/2026, 19:03:52"
"ann1","1777908154744fvjzpjiybme","(zero-shot) 'reservation' (NOUN_wn:05795460n) 'something reserved in advance (as a hotel accommodation or a seat on a plane etc.)' —> I made a reservation for a table of four at the new bistro.","YES","06/05/2026, 19:04:04"
"ann1","1777908154744ju8kg278xf","(zero-shot) 'collective' (ADJ_wn:00298293a) 'set up on the principle of collectivism or ownership and production by the workers involved usually under the supervision of a government' —> The rural community operated a collective dairy.","YES","06/05/2026, 19:04:15"
"ann1","1777908154744b5tv5pvbrtd","(zero-shot) 'richness' (NOUN_wn:04989015n) 'the property of a sensation that is rich and pleasing' —> The creamy richness of the truffle sauce was truly decadent.","YES","06/05/2026, 19:04:25"
"ann1","1777908154744xcx3ewj9gvm","(zero-shot) 'warmth' (NOUN_wn:07546279n) 'a warmhearted feeling' —> She greeted her guests with a genuine warmth that made everyone feel instantly welcome.","YES","06/05/2026, 19:04:39"
"ann1","1777908154744u11c0xyx0xj","(zero-shot) 'administration' (NOUN_wn:01135952n) 'a method of tending to or managing the affairs of a some group of people (especially the group's business affairs)' —> Effective administration is crucial for the smooth operation of any large corporation.","YES","06/05/2026, 19:04:45"
"ann1","17779081547444s6sjqmrzml","(zero-shot) 'gossip' (NOUN_wn:07223170n) 'a report (often malicious) about the behavior of other people' —> The town was filled with vicious gossip regarding the mayor's secret affair.","YES","06/05/2026, 19:04:51"
"ann1","1777908154744fqq17y1i6eh","(zero-shot) 'minister' (NOUN_wn:10320695n) 'a diplomat representing one government to another; ranks below ambassador' —> The resident minister coordinated the diplomatic communications between the two nations.","YES","06/05/2026, 19:04:58"
"ann1","1777908154744rx87pa6fz8","(zero-shot) 'scene' (NOUN_wn:07360841n) 'an incident (real or imaginary)' —> He made a scene in the restaurant after finding a hair in his soup.","YES","06/05/2026, 19:05:10"
"ann1","1777908154744izn25q4u81q","(zero-shot) 'come_up' (VERB_wn:02721840v) 'be mentioned' —> The topic of salary came up during the interview.","YES","06/05/2026, 19:06:43"
"ann1","17779081547447yo1qz83l","(zero-shot) 'comfort' (NOUN_wn:01211185n) 'assistance, such as that provided to an enemy or to a known criminal' —> He was charged with providing aid and comfort to the enemy during the rebellion.","YES","06/05/2026, 19:06:59"
"ann1","1777908154744ycq2t2jdbso","(zero-shot) 'strike_out' (VERB_wn:01509280v) 'put out or be put out by a strikeout' —> The star pitcher struck out twelve batters in a dominant performance.","YES","06/05/2026, 19:07:05"
"ann1","1777908154744x47y1fvmbe","(zero-shot) 'hack' (VERB_wn:01257173v) 'cut with a hacking tool' —> The explorer hacked through the dense undergrowth.","YES","06/05/2026, 19:07:11"
"ann1","1777908154744gink4ghcyb4","(zero-shot) 'command' (VERB_wn:00751887v) 'be in command of' —> The general commanded the entire army during the campaign.","YES","06/05/2026, 19:07:17"
"ann1","1777908154744uutd8zmg6ud","(zero-shot) 'rush' (VERB_wn:02059770v) 'run with the ball, in football' —> The running back rushed for ten yards.","YES","06/05/2026, 19:07:21"
"ann1","1777908154744olcz8ze5jza","(zero-shot) 'scrape' (VERB_wn:01308160v) 'scratch repeatedly' —> I had to scrape the ice off my windshield this morning.","YES","06/05/2026, 19:07:35"
"ann1","1777908154744um90lxmfo1l","(zero-shot) 'submerge' (VERB_wn:00217700v) 'fill or cover completely, usually with water' —> The heavy rains caused the river to submerge the nearby town.","YES","06/05/2026, 19:07:40"
"ann1","177790815474461yulyztbdi","(zero-shot) 'appeal' (NOUN_wn:04687333n) 'attractiveness that interests or pleases or stimulates' —> The vintage design of the cafe gives it a certain timeless appeal.","YES","06/05/2026, 19:07:46"
"ann1","17779081547449pb96vjqokn","(zero-shot) 'take_out' (VERB_wn:01352390v) 'remove something from a container or an enclosed space' —> She took out her phone.","YES","06/05/2026, 19:07:50"
"ann1","1777908154744qi4y9mw7q18","(zero-shot) 'fidelity' (NOUN_wn:04876985n) 'the quality of being faithful' —> Her unwavering fidelity to the cause inspired everyone.","YES","06/05/2026, 19:07:57"
"ann1","1777908154744l6j9hrdygaa","(zero-shot) 'suspension' (NOUN_wn:00209132n) 'a temporary debarment (from a privilege or position etc)' —> The athlete's suspension lasted for the entire season due to a doping violation.","YES","06/05/2026, 19:08:05"
"ann1","1777908154744326qpcnd8f6","(zero-shot) 'stately' (ADJ_wn:01283508a) 'impressive in appearance' —> The stately manor stood atop the hill.","YES","06/05/2026, 19:08:12"
"ann1","17779081547444t72w09nnk7","(zero-shot) 'exclude' (VERB_wn:01468576v) 'put out or expel from a place' —> The guards excluded the intruders from the premises.","YES","06/05/2026, 19:08:16"
"ann1","1777908154744wnxr2momz5g","(zero-shot) 'environment' (NOUN_wn:13934596n) 'the totality of surrounding conditions' —> A healthy work environment increases productivity.","YES","06/05/2026, 19:08:23"
"ann1","17779081547444rglaltvvps","(zero-shot) 'indoor' (ADJ_wn:00953127a) 'within doors' —> The children played an indoor game during the rain.","YES","06/05/2026, 19:08:28"
"ann1","1777908154744uskrcx8f5kd","(zero-shot) 'magnify' (VERB_wn:00839834v) 'to enlarge beyond bounds or the truth' —> Gossip magnifies small errors.","YES","06/05/2026, 19:08:31"
"ann1","1777908154744etpqdst2frj","(zero-shot) 'solid' (ADJ_wn:00291181a) 'uninterrupted in space; having no gaps or breaks' —> The sculptor carved a figure from a solid piece of marble.","YES","06/05/2026, 19:08:38"
"ann1","17779081547440acog3njncfa","(zero-shot) 'academy' (NOUN_wn:08277805n) 'a school for special training' —> The police academy trains new recruits in law enforcement.","YES","06/05/2026, 19:08:42"
"ann1","1777908154744wtij6yos8p","(zero-shot) 'energetic' (ADJ_wn:00873603a) 'possessing or exerting or displaying energy' —> The puppy is very energetic.","YES","06/05/2026, 19:08:45"
"ann1","1777908154744l296ndnxnf","(zero-shot) 'victimize' (VERB_wn:02500619v) 'punish unjustly' —> The manager decided to victimize the new employee for a mistake he didn't commit.","YES","06/05/2026, 19:08:54"
"ann1","1777908154744rkhgyojg01j","(zero-shot) 'scene' (NOUN_wn:14406303n) 'a display of bad temper' —> He caused a scene at the grocery store when they ran out of his favorite cereal.","YES","06/05/2026, 19:09:05"
"ann1","1777908154744u9gqfs99wz","(zero-shot) 'ease' (VERB_wn:01815185v) 'lessen the intensity of or calm' —> The soothing music helped ease her anxiety.","YES","06/05/2026, 19:09:09"
"ann1","17779081547448y4kodzoz2l","(zero-shot) 'illicit' (ADJ_wn:01403760a) 'contrary to or forbidden by law' —> The agents uncovered an illicit smuggling operation.","YES","06/05/2026, 19:09:12"
"ann1","1777908154744x51o07i5g48","(zero-shot) 'concentrated' (ADJ_wn:00757923a) 'being the most concentrated solution possible at a given temperature; unable to dissolve still more of a substance' —> The chemist prepared a concentrated brine that could not hold an additional grain of sodium chloride.","YES","06/05/2026, 19:09:18"
"ann1","1777908154744oddpp2vmv2","(zero-shot) 'punch' (NOUN_wn:07930554n) 'an iced mixed drink usually containing alcohol and prepared for multiple servings; normally served in a punch bowl' —> The host served a fruity punch at the party.","YES","06/05/2026, 19:09:29"
"ann1","1777908154744kn3drjkhsv","(zero-shot) 'break_off' (VERB_wn:00362348v) 'prevent completion' —> The sudden noise broke off his sentence.","YES","06/05/2026, 19:09:41"
"ann1","1777908154744lo94rtjecwd","(zero-shot) 'astringent' (ADJ_wn:00189580a) 'tending to draw together or constrict soft organic tissue' —> She used a witch hazel toner for its astringent properties to tighten her skin.","YES","06/05/2026, 19:09:47"
"ann1","177790815474470ljk5665yj","(zero-shot) 'bid' (VERB_wn:02240674v) 'make a serious effort to attain something' —> The team is bidding for the championship.","YES","06/05/2026, 19:09:52"
"ann1","1777908154744ldl9xkxft2d","(zero-shot) 'fade' (VERB_wn:00224651v) 'become less clearly visible or distinguishable; disappear gradually or seemingly' —> The colors of the old photograph began to fade over time.","YES","06/05/2026, 19:10:01"
"ann1","17779081547440sjp94uwqk8b","(zero-shot) 'cover' (NOUN_wn:02849154n) 'bedding that keeps a person warm in bed' —> She pulled the covers up to her chin to stay cozy during the winter storm.","YES","06/05/2026, 19:10:16"
"ann1","1777908154744dgg6jlmkrhd","(zero-shot) 'interior' (ADJ_wn:00951831a) 'located inward; - Leonard Bernstein; - David Denby; - A.R.Gurney,Jr.' —> The interior walls of the building were painted white.","YES","06/05/2026, 19:10:55"
"ann1","1777908154744ef7grwazpiq","(zero-shot) 'camp' (NOUN_wn:02945379n) 'a penal institution (often for forced labor)' —> The prisoners were marched to the labor camp every morning.","YES","06/05/2026, 19:11:12"
"ann1","1777908154744iule7ur3tq","(zero-shot) 'semiconductor' (NOUN_wn:04171831n) 'a conductor made with semiconducting material' —> The modern computer chip relies on a high-performance semiconductor to process data.","YES","06/05/2026, 19:11:17"
"ann1","1777908154744z7p4sswspt","(zero-shot) 'get_up' (VERB_wn:00096648v) 'develop' —> They got up a plan to surprise her for her birthday.","YES","06/05/2026, 19:11:22"
"ann1","1777908154744f24dffjqxzj","(zero-shot) 'trust' (NOUN_wn:08236621n) 'a consortium of independent organizations formed to limit competition by controlling the production and distribution of a product or service' —> The government passed laws to break up the massive oil trust.","YES","06/05/2026, 19:11:28"
"ann1","1777908154744ao90fqwxop","(zero-shot) 'under' (ADV_wn:00486296r) 'below some quantity or limit' —> The final bid came in under.","YES","06/05/2026, 19:11:34"
"ann1","1777908154744npmqqfii8c","(zero-shot) 'ass' (NOUN_wn:00846021n) 'slang for sexual intercourse' —> He spent the night trying to get some ass.","YES","06/05/2026, 19:11:39"
"ann1","1777908154744g5ic0zmr668","(zero-shot) 'railway' (NOUN_wn:04048075n) 'a line of track providing a runway for wheels' —> The high-speed train glided smoothly along the coastal railway.","YES","06/05/2026, 19:11:46"
"ann1","1777908154744advxter5xjh","(zero-shot) 'ambitious' (ADJ_wn:00104051a) 'having a strong desire for success or achievement' —> Ambitious employees work long hours.","YES","06/05/2026, 19:11:53"
"ann1","1777908154744psys2joenii","(zero-shot) 'spread' (VERB_wn:02060141v) 'move outward' —> The ripple spread across the pond.","YES","06/05/2026, 19:11:58"
"ann1","1777908154744hvbdilztkaa","(zero-shot) 'charity' (NOUN_wn:08055824n) 'an institution set up to provide help to the needy' —> The local charity provides free meals to the homeless every Sunday.","YES","06/05/2026, 19:12:02"
"ann1","1777908154744nuf1eelbj9","(zero-shot) 'contour' (NOUN_wn:05851517n) 'a feature (or the order or arrangement of features) of anything having a complex structure' —> The politician struggled to define the contours of his new social policy.","YES","06/05/2026, 19:12:18"
"ann1","1777908154744wiz6bcyl1if","(zero-shot) 'repeat' (VERB_wn:01727490v) 'repeat an earlier theme of a composition' —> The symphony repeats the haunting motif of the opening movement in its grand finale.","YES","06/05/2026, 19:12:25"
"ann1","1777908154744ceecydjdorh","(zero-shot) 'prudence' (NOUN_wn:04892794n) 'discretion in practical affairs' —> His prudence led him to save a portion of every paycheck for emergencies.","YES","06/05/2026, 19:12:28"
"ann1","1777908154744ged4k88tci","(zero-shot) 'fierce' (ADJ_wn:01507808a) 'ruthless in competition' —> The rivalry between the two teams grew fierce.","YES","06/05/2026, 19:12:42"
"ann1","1777908154744wb9emss5bd7","(zero-shot) 'satisfy' (VERB_wn:02671880v) 'meet the requirements or expectations of' —> The product must satisfy the safety standards before it can be sold.","YES","06/05/2026, 19:12:59"
"ann1","1777908154744cwaiy8v2tu8","(zero-shot) 'sound' (ADJ_wn:01171213a) 'in excellent physical condition' —> The structural integrity of the ancient temple remains sound.","YES","06/05/2026, 19:13:07"
"ann1","177790815474421sb81sufga","(zero-shot) 'set_off' (VERB_wn:02717831v) 'make up for' —> The company's profits set off the initial losses.","YES","06/05/2026, 19:13:12"
"ann1","17779081547445gidz31uekh","(zero-shot) 'roll' (NOUN_wn:04101232n) 'anything rolled up in cylindrical form' —> She picked up a roll of parchment paper from the shelf.","YES","06/05/2026, 19:13:17"
"ann1","1777908154744zxlfbak9krd","(zero-shot) 'dogmatic' (ADJ_wn:03061982a) 'of or pertaining to or characteristic of a doctrine or code of beliefs accepted as authoritative' —> The philosopher's dogmatic assertions regarding morality alienated many of his colleagues.","YES","06/05/2026, 19:13:22"
"ann1","1777908154744ges51gfsxv","(zero-shot) 'take_out' (VERB_wn:00615774v) 'prevent from being included or considered or accepted' —> The editor decided to take out the redundant paragraphs from the final draft.","YES","06/05/2026, 19:13:27"
"ann1","1777908154744ujbc0zzl8ur","(zero-shot) 'parchment' (NOUN_wn:14759003n) 'skin of a sheep or goat prepared for writing on' —> The historian carefully unrolled the ancient parchment to study the faded ink.","YES","06/05/2026, 19:13:32"
"ann1","1777908154744ycx9j8jf6i","(zero-shot) 'pike' (NOUN_wn:03306610n) 'a broad highway designed for high-speed traffic' —> The driver zoomed along the pike to get home before dark.","YES","06/05/2026, 19:13:38"
"ann1","17779081547443jck5bpp0um","(zero-shot) 'absolute' (ADJ_wn:00005205a) 'perfect or complete or pure' —> The room fell into absolute silence.","YES","06/05/2026, 19:13:41"
"ann1","1777908154744yr9q9z3nnt","(zero-shot) 'Edward' (NOUN_wn:10951278n) 'King of England and Ireland from 1547 to 1553; son of Henry VIII and Jane Seymour; died of tuberculosis (1537-1553)' —> The young Edward faced many challenges during his brief tenure as monarch.","YES","06/05/2026, 19:13:46"
"ann1","1777908154744e6hob0v5wpq","(zero-shot) 'by-product' (NOUN_wn:11412592n) 'a secondary and sometimes unexpected consequence' —> The rise in local tourism was a welcome by-product of the new highway construction.","YES","06/05/2026, 19:13:50"
"ann1","1777908154744zeomc0rrk6","(zero-shot) 'punch' (NOUN_wn:04023249n) 'a tool for making holes or indentations' —> He used a steel punch to create a small opening in the leather strap.","YES","06/05/2026, 19:13:56"
"ann1","1777908154744mbtnyscno0a","(zero-shot) 'tough' (ADJ_wn:00707795a) 'substantially made or constructed' —> The armor is forged from tough steel.","YES","06/05/2026, 19:14:04"
"ann1","17779081547443nxs5ygcsvu","(zero-shot) 'fury' (NOUN_wn:07516997n) 'a feeling of intense anger' —> She barely contained her fury after the betrayal.","YES","06/05/2026, 19:14:07"
"ann1","1777908154744w2cl0ygoci","(zero-shot) 'turn' (NOUN_wn:07351612n) 'a movement in a new direction' —> The car made a sharp turn at the intersection.","YES","06/05/2026, 19:14:10"
"ann1","17779081547449fwvrlmh04h","(zero-shot) 'break' (NOUN_wn:00500280n) 'the opening shot that scatters the balls in billiards or pool' —> The player's powerful break sent the cue ball flying across the table.","YES","06/05/2026, 19:14:17"
"ann1","1777908154744r6s6n3cx5a","(zero-shot) 'inevitable' (ADJ_wn:01841834a) 'invariably occurring or appearing' —> Change is an inevitable part of life.","YES","06/05/2026, 19:14:20"
"ann1","17779081547444v37ay07rit","(zero-shot) 'still' (ADJ_wn:00302951a) '(of a body of water) free from disturbance by heavy waves' —> The lake was perfectly still under the moonlight.","YES","06/05/2026, 19:14:23"
"ann1","17779081547448047j22ny1v","(zero-shot) 'progress' (NOUN_wn:07445265n) 'a movement forward' —> The team made significant progress toward finishing the project.","YES","06/05/2026, 19:14:27"
"ann1","1777908154744o4bx8j4v8vi","(zero-shot) 'lawful' (ADJ_wn:01401224a) 'authorized, sanctioned by, or in accordance with law' —> The judge ruled that the contract was lawful.","YES","06/05/2026, 19:14:30"
"ann1","1777908154744takttcthi2d","(zero-shot) 'sway' (VERB_wn:01877355v) 'move or walk in a swinging or swaying manner' —> The tall grass swayed gently.","YES","06/05/2026, 19:14:34"
"ann1","17779081547449zgkuuzbve","(zero-shot) 'instead' (ADV_wn:00063172r) 'in place of, or as an alternative to' —> I decided to walk instead.","YES","06/05/2026, 19:14:37"
"ann1","1777908154744banxnjsfsyc","(zero-shot) 'preserve' (NOUN_wn:14515463n) 'a domain that seems to be specially reserved for someone' —> Classical music was once considered the preserve of the wealthy.","YES","06/05/2026, 19:14:42"
"ann1","17779081547443vpk2tme6ce","(zero-shot) 'surprisingly' (ADV_wn:00145228r) 'in a surprising manner' —> The small dog was surprisingly strong.","YES","06/05/2026, 19:14:44"
"ann1","1777908154744k2yfii53xk","(zero-shot) 'inadequate' (ADJ_wn:00051696a) 'lacking the requisite qualities or resources to meet a task' —> His training was inadequate.","YES","06/05/2026, 19:14:48"
"ann1","1777908154744str3zf5cdx","(zero-shot) 'transmit' (VERB_wn:00973056v) 'broadcast over the airwaves, as in radio or television' —> The station transmits the nightly news across the entire region.","YES","06/05/2026, 19:14:56"
"ann1","1777908154744z312ur16zh","(zero-shot) 'decomposition' (NOUN_wn:11444643n) 'the organic phenomenon of rotting' —> The fallen leaves underwent rapid decomposition on the forest floor.","YES","06/05/2026, 19:15:01"
"ann1","17779081547444jvtk1v845s","(zero-shot) 'stump' (NOUN_wn:13111504n) 'the base part of a tree that remains standing after the tree has been felled' —> The hiker sat on the old pine stump to tie his shoelaces.","YES","06/05/2026, 19:15:08"
"ann1","17779081547440vngfufdpc3","(zero-shot) 'dare' (VERB_wn:02545045v) 'to be courageous enough to try or do something; ,' —> Few people dare to venture into the dark cave alone.","YES","06/05/2026, 19:15:12"
"ann1","1777908154744mgl2s7mj72","(zero-shot) 'disagreement' (NOUN_wn:13982357n) 'a conflict of people's opinions or actions or characters' —> The couple had a minor disagreement about where to go for dinner.","YES","06/05/2026, 19:15:16"
"ann1","177790815474424szz0uaogq","(zero-shot) 'impress' (VERB_wn:01769902v) 'impress positively' —> The young pianist's performance impressed the judges.","YES","06/05/2026, 19:15:19"
"ann1","1777908154744spff8sso9mp","(zero-shot) 'Edward' (NOUN_wn:10949952n) 'third son of Elizabeth II (born in 1964)' —> Prince Edward frequently attends royal engagements.","YES","06/05/2026, 19:15:22"
"ann1","1777908154744x8hged8b9q","(zero-shot) 'anticipate' (VERB_wn:00720808v) 'realize beforehand' —> The team anticipated the client's concerns and addressed them in the presentation.","YES","06/05/2026, 19:15:26"
"ann1","17779081547445edkc11vtkt","(zero-shot) 'evaluation' (NOUN_wn:00874806n) 'act of ascertaining or fixing the value or worth of' —> The property appraiser conducted a thorough evaluation of the historic estate.","YES","06/05/2026, 19:15:31"
"ann1","1777908154744fnm62cwsf8n","(zero-shot) 'disagreement' (NOUN_wn:04749709n) 'a difference between conflicting facts or claims or opinions' —> The committee reached a deadlock due to a fundamental disagreement over the project's budget.","YES","06/05/2026, 19:15:36"
"ann1","1777908154744rr3wpc95zm","(zero-shot) 'slaughter' (NOUN_wn:00223983n) 'the savage and excessive killing of many people' —> The historical records detailed the brutal slaughter of thousands of innocent villagers during the conflict.","YES","06/05/2026, 19:15:43"
"ann1","1777908154744wvo3oj41vxh","(zero-shot) 'morale' (NOUN_wn:14374273n) 'a state of individual psychological well-being based upon a sense of confidence and usefulness and purpose' —> The captain's inspiring speech boosted the troops' morale before the battle.","YES","06/05/2026, 19:15:53"
"ann1","1777908154744ooyzwx8zic","(zero-shot) 'turn_over' (VERB_wn:01222958v) 'turn upside down, or throw so as to reverse' —> He turned over the rock to look for insects.","YES","06/05/2026, 19:16:00"
"ann1","1777908154744qgfvlbua1mj","(zero-shot) 'fall' (NOUN_wn:00756919n) 'a lapse into sin; a loss of innocence or of chastity' —> His sudden fall from grace left him an outcast in his own community.","YES","06/05/2026, 19:16:05"
"ann1","17779081547449h9q3v8tnr","(zero-shot) 'show_up' (VERB_wn:00423702v) 'appear or become visible; make a showing' —> I waited for an hour, but he never showed up.","YES","06/05/2026, 19:16:16"
"ann1","1777908154744hsh40931cfn","(zero-shot) 'depress' (VERB_wn:01973932v) 'lower (prices or markets)' —> The sudden surplus of oil depressed the cost of crude.","YES","06/05/2026, 19:16:23"
"ann1","1777908154744pb0kka2alnp","(zero-shot) 'submit' (VERB_wn:02262752v) 'hand over formally' —> Please submit your application by Friday.","YES","06/05/2026, 19:16:26"
"ann1","1777908154744hp40xutgblc","(zero-shot) 'dental' (ADJ_wn:02711194a) 'of or relating to dentistry' —> She has a dental appointment tomorrow.","YES","06/05/2026, 19:16:29"
"ann1","1777908154744lgowi53t3pk","(zero-shot) 'slow_down' (VERB_wn:00438495v) 'reduce the speed of' —> The driver slowed down as he approached the red light.","YES","06/05/2026, 19:16:34"
"ann1","1777908154744vs6iqk1uc3h","(zero-shot) 'flax' (NOUN_wn:12486574n) 'plant of the genus Linum that is cultivated for its seeds and for the fibers of its stem' —> The farmer harvested the flax to produce linen fabric.","YES","06/05/2026, 19:16:39"
"ann1","17779081547447w0hrilubco","(zero-shot) 'arch' (NOUN_wn:02734217n) 'a passageway under a curved masonry construction' —> The tourists walked through the ancient stone arch to enter the city.","YES","06/05/2026, 19:16:48"
"ann1","1777908154744pwufe0ovi1f","(zero-shot) 'crash' (NOUN_wn:07478874n) '(computer science) an event that causes a computer system to become inoperative' —> The server suffered a catastrophic crash during peak traffic hours.","YES","06/05/2026, 19:16:52"
"ann1","1777908154744sc6ngqw7mtb","(zero-shot) 'feeble' (ADJ_wn:02325304a) 'pathetically lacking in force or effectiveness' —> The politician offered a feeble apology for his misconduct.","YES","06/05/2026, 19:16:55"
"ann1","1777908154744y0qoo019yvc","(zero-shot) 'carrier' (NOUN_wn:09897350n) '(medicine) a person (or animal) who has some pathogen to which he is immune but who can pass it on to others' —> Asymptomatic carriers can unknowingly spread the virus to others despite showing no signs of illness.","YES","06/05/2026, 19:17:00"
"ann1","1777908154744bxh8fahmjv","(zero-shot) 'identity' (NOUN_wn:04743024n) 'exact sameness' —> The mathematician proved the identity of the two expressions.","YES","06/05/2026, 19:17:04"
"ann1","177790815474437guqii6cox","(zero-shot) 'cabbage' (NOUN_wn:13385216n) 'informal terms for money' —> He worked three jobs just to make a little extra cabbage.","YES","06/05/2026, 19:17:10"
"ann1","177790815474495n45a4fng5","(zero-shot) 'bind' (VERB_wn:00885217v) 'bind by an obligation; cause to be indebted' —> The signed contract binds the company to deliver the goods by Friday.","YES","06/05/2026, 19:17:17"
"ann1","1777908154744a5l2er4grg8","(zero-shot) 'summon' (VERB_wn:01041762v) 'ask to come' —> The judge summoned the witness to the stand.","YES","06/05/2026, 19:17:22"
"ann1","17779081547440zeu5v3l1w2r","(zero-shot) 'parliamentary' (ADJ_wn:00716056a) 'in accord with rules and customs of a legislative or deliberative assembly' —> The chairman insisted on strict parliamentary procedure during the heated debate.","YES","06/05/2026, 19:17:30"
"ann1","1777908154744r0i6iy1mhel","(zero-shot) 'evolution' (NOUN_wn:13464820n) 'a process in which something passes by degrees to a different stage (especially a more advanced or mature stage)' —> The evolution of the smartphone has fundamentally changed the way people communicate.","YES","06/05/2026, 19:17:35"
"ann1","1777908154744wfi5mzs1o9l","(zero-shot) 'derive' (VERB_wn:02292125v) 'obtain' —> Many people derive pleasure from reading books.","YES","06/05/2026, 19:17:38"
"ann1","1777908154744fpnrsp0dmcq","(zero-shot) 'align' (VERB_wn:00733632v) 'align oneself with a group or a way of thinking' —> He aligned himself with the rebels to fight for independence.","YES","06/05/2026, 19:17:43"
"ann1","1777908154744ib5mphzx3j","(zero-shot) 'settlement' (NOUN_wn:08374049n) 'a body of people who settle far from home but maintain ties with their homeland; inhabitants remain nationals of their home state but are not literally under the home state's system of government' —> The remote settlement preserved its ancestral heritage and legal citizenship while operating independently of the home country's administration.","YES","06/05/2026, 19:17:55"
"ann1","17779081547446vzro7b4qvk","(zero-shot) 'tolerant' (ADJ_wn:01041209a) 'tolerant and forgiving under provocation' —> Despite the constant insults, he remained remarkably tolerant.","YES","06/05/2026, 19:18:00"
"ann1","17779081547447431tt5yij9","(zero-shot) 'blister' (VERB_wn:00379774v) 'get blistered' —> The skin on his hand blistered after touching the hot pan.","YES","06/05/2026, 19:18:04"
"ann1","1777908154744njp98l0vjug","(zero-shot) 'set_down' (VERB_wn:01979901v) 'reach or come to rest' —> The aircraft set down safely on the tarmac.","YES","06/05/2026, 19:18:10"
"ann1","1777908154744tnysjtanvle","(zero-shot) 'deaden' (VERB_wn:00193328v) 'become lifeless, less lively, intense, or active; lose life, force, or vigor' —> His senses seemed to deaden as the cold seeped into his bones.","YES","06/05/2026, 19:18:45"
"ann1","17779081547446rhdp2zu4li","(zero-shot) 'lead' (VERB_wn:02635659v) 'have as a result or residue' —> The investigation led to the discovery of new evidence.","YES","06/05/2026, 19:18:54"
"ann1","1777908154744zjvyf8uvloq","(zero-shot) 'share' (VERB_wn:02295550v) 'use jointly or in common' —> The siblings share a bedroom.","YES","06/05/2026, 19:18:56"
"ann1","1777908154744rti0btowleq","(zero-shot) 'induction' (NOUN_wn:00238527n) 'the act of bringing about something (especially at an early time)' —> The physician suggested an induction to begin the labor process.","YES","06/05/2026, 19:19:03"
"ann1","1777908154744dcuuy6z59me","(zero-shot) 'indecent' (ADJ_wn:00683185a) 'offensive to good taste especially in sexual matters' —> The comedian told an indecent joke that shocked the conservative crowd.","YES","06/05/2026, 19:19:08"
"ann1","1777908154744vr3py92oxao","(zero-shot) 'free' (VERB_wn:02494047v) 'make (information) available for publication' —> The government finally decided to free the classified documents.","YES","06/05/2026, 19:19:12"
"ann1","1777908154744sys6r5v6t3o","(zero-shot) 'line' (NOUN_wn:02934168n) 'a conductor for transmitting electrical or optical signals or electric power' —> The power line snapped during the storm.","YES","06/05/2026, 19:19:19"
"ann1","1777908154744xaki938aqvo","(zero-shot) 'trace' (NOUN_wn:13773361n) 'a just detectable amount' —> A trace of perfume still lingered in the empty room.","YES","06/05/2026, 19:19:22"
"ann1","1777908154744b9vi50nlri5","(zero-shot) 'invade' (VERB_wn:01227488v) 'penetrate or assault, in a harmful or injurious way' —> The enemy army invaded the peaceful village at dawn.","YES","06/05/2026, 19:19:26"
"ann1","1777908154744s76plijulef","(zero-shot) 'minority' (NOUN_wn:15152261n) 'any age prior to the legal age' —> During his minority, he was not permitted to vote in the election.","YES","06/05/2026, 19:19:33"
"ann1","1777908154744aqd2imjovf7","(zero-shot) 'compressed' (ADJ_wn:00514613a) 'reduced in volume by pressure' —> The technician used compressed air to clean the circuit board.","YES","06/05/2026, 19:19:36"
"ann1","17779081547443i7n05mnw3w","(zero-shot) 'advance' (VERB_wn:00875806v) 'bring forward for consideration or acceptance' —> The scientist advanced a bold hypothesis during the symposium.","YES","06/05/2026, 19:19:41"
"ann1","17779081547440acbvngcoana","(zero-shot) 'under' (ADV_wn:00486157r) 'down below' —> The boat slowly went under.","YES","06/05/2026, 19:19:45"
"ann1","1777908154744iis54sj2iy","(zero-shot) 'reform' (VERB_wn:00266081v) 'produce by cracking' —> The refinery reformed the heavy hydrocarbons into a lighter fuel.","YES","06/05/2026, 19:19:49"
"ann1","17779081547441sdgs69btef","(zero-shot) 'unrelated' (ADJ_wn:01972596a) 'not connected by kinship' —> Despite their similar appearance, the two men were completely unrelated.","YES","06/05/2026, 19:19:53"
"ann1","1777908154744acyjez1ir1","(zero-shot) 'correct' (ADJ_wn:00631391a) 'free from error; especially conforming to fact or truth' —> The answer you provided for the math problem was correct.","YES","06/05/2026, 19:19:58"
"ann1","177790815474474by3b5h2u","(zero-shot) 'fracture' (VERB_wn:00107739v) 'fracture a bone of' —> The athlete fractured his tibia during the match.","YES","06/05/2026, 19:20:01"
"ann1","1777908154744brjjeuv3zj8","(zero-shot) 'isolate' (VERB_wn:00495808v) 'set apart from others' —> The scientist tried to isolate the rare bacteria in the lab.","YES","06/05/2026, 19:20:05"
"ann1","17779081547444f90s4nyan5","(zero-shot) 'fearful' (ADJ_wn:00264776a) 'lacking courage; ignobly timid and faint-hearted; - P.B.Shelley' —> The fearful soldier retreated from the battle before it had even begun.","YES","06/05/2026, 19:20:15"
"ann1","1777908154744xx77bz7df6q","(zero-shot) 'fork' (NOUN_wn:05597436n) 'the angle formed by the inner sides of the legs where they join the human trunk' —> The fabric of the riding breeches chafed against the fork of his legs.","YES","07/05/2026, 10:42:05"
"ann1","177790815474479l0aglxvet","(zero-shot) 'attainment' (NOUN_wn:00062806n) 'the act of achieving an aim' —> The attainment of the gold medal was her lifelong dream.","YES","07/05/2026, 10:42:11"
"ann1","1777908154744amsxr4s4o2g","(zero-shot) 'fix' (VERB_wn:00486998v) 'make fixed, stable or stationary' —> The climber fixed the rope to the rock face.","YES","07/05/2026, 10:42:16"
"ann1","1777908154744zcw0ch54wc","(zero-shot) 'charitable' (ADJ_wn:02691390a) 'relating to or characterized by charity' —> The woman made a charitable donation.","YES","07/05/2026, 10:42:18"
"ann1","1777908154744dfsbi33i9or","(zero-shot) 'disrupt' (VERB_wn:00554298v) 'throw into disorder' —> The unexpected storm disrupted the scheduled flight arrivals.","YES","07/05/2026, 10:42:22"
"ann1","1777908154744scq7wb55g8b","(zero-shot) 'give_up' (VERB_wn:02227741v) 'give up with the intent of never claiming again' —> He gave up his claim to the family estate.","YES","07/05/2026, 10:42:26"
"ann1","1777908154744ui96mfpsgpd","(zero-shot) 'fertilize' (VERB_wn:00504270v) 'make fertile or productive' —> Gardeners often fertilize their soil in the spring.","YES","07/05/2026, 10:42:29"
"ann1","1777908154744tmdxq7tlgu","(zero-shot) 'population' (NOUN_wn:01257969n) 'the act of populating (causing to live in a place)' —> The gradual population of the remote islands occurred over several centuries.","YES","07/05/2026, 10:42:37"
"ann1","1777908154744m9otdi1o7bj","(zero-shot) 'offensive' (ADJ_wn:00908672a) 'substitute a harsher or distasteful term for a mild one' —> The writer employed an offensive label to replace the neutral description.","YES","07/05/2026, 10:42:41"
"ann1","17779081547440wizayj2gi5","(zero-shot) 'seed' (VERB_wn:01542056v) 'go to seed; shed seeds' —> The poppies seeded prolifically this year.","YES","07/05/2026, 10:42:48"
"ann1","17779081547444b7wbxcsvzw","(zero-shot) 'stab' (VERB_wn:01231652v) 'use a knife on' —> The assassin stabbed his victim in the back.","YES","07/05/2026, 10:42:52"
"ann1","1777908154744xpz112jg96m","(zero-shot) 'convey' (VERB_wn:02079933v) 'transmit or serve as the medium for transmission' —> Copper cables convey electrical currents.","YES","07/05/2026, 10:42:56"
"ann1","177790815474449ilnx8pbnq","(zero-shot) 'field' (NOUN_wn:02687992n) 'a place where planes take off and land' —> The pilot guided the aircraft toward the grassy field.","YES","07/05/2026, 10:43:04"
"ann1","1777908154744xre14dqhw1","(zero-shot) 'stamp' (VERB_wn:01925338v) 'walk heavily' —> The angry toddler stamped across the kitchen floor.","YES","07/05/2026, 10:43:12"
"ann1","1777908154744u160yxe4jep","(zero-shot) 'ease' (VERB_wn:00518395v) 'make easier' —> The new laws are intended to ease the process of applying for a visa.","YES","07/05/2026, 10:43:21"
"ann1","1777908154744i3gd638u4t","(zero-shot) 'land' (NOUN_wn:14514805n) 'a domain in which something is dominant' —> The frozen tundra is a land of eternal winter.","YES","07/05/2026, 10:57:39"
"ann1","177790815474484wou796wca","(zero-shot) 'wind' (VERB_wn:02125223v) 'catch the scent of; get wind of' —> The hunting dog winded the fox across the damp meadow.","YES","07/05/2026, 10:57:45"
"ann1","1777908154744lna2f4bani","(zero-shot) 'equatorial' (ADJ_wn:02443623a) 'of or existing at or near the geographic equator' —> Many lush rainforests thrive in the equatorial heat.","YES","07/05/2026, 10:57:51"
"ann1","1777908154744jb486iy5jx","(zero-shot) 'orient' (NOUN_wn:08562620n) 'the countries of Asia' —> Silk and spices were imported from the Orient.","YES","07/05/2026, 10:57:56"
"ann1","1777908154744igb8q0gd3s","(zero-shot) 'rest' (VERB_wn:01545883v) 'not move; be in a resting position' —> The book rested on the table.","YES","07/05/2026, 10:57:59"
"ann1","1777908154744u65d9xs76ya","(zero-shot) 'hardship' (NOUN_wn:14475661n) 'a state of misfortune or affliction' —> She overcame every hardship with courage.","YES","07/05/2026, 10:58:02"
"ann1","1777908154744bpky8kugqrg","(zero-shot) 'brace' (NOUN_wn:02886907n) 'a carpenter's tool having a crank handle for turning and a socket to hold a bit for boring' —> The craftsman used a brace to make a hole in the wood.","YES","07/05/2026, 10:58:09"
"ann1","1777908154744xeji9zukce","(zero-shot) 'confide' (VERB_wn:02349212v) 'confer a trust upon' —> She confided her deepest secret to her closest friend.","YES","07/05/2026, 10:58:13"
"ann1","17779081547448q5lyo28ppf","(zero-shot) 'charge' (VERB_wn:01685960v) 'place a heraldic bearing on' —> The herald charged the shield with a golden lion.","YES","07/05/2026, 10:58:20"
"ann1","1777908154744p5edvhdzgcs","(zero-shot) 'ground' (VERB_wn:01502654v) 'place or put on the ground' —> The captain grounded the ship.","YES","07/05/2026, 10:58:23"
"ann1","177790815474413zbc16qrk8q","(zero-shot) 'twist' (NOUN_wn:07351909n) 'a jerky pulling movement' —> The sudden twist of the leash yanked the puppy.","YES","07/05/2026, 10:58:32"
"ann1","1777908154744jpoxblgzsr","(zero-shot) 'soften' (VERB_wn:01058036v) 'make less severe or harsh' —> He tried to soften the blow by offering a sincere apology.","YES","07/05/2026, 10:58:44"
"ann1","1777908154744ufjw46c06c","(zero-shot) 'expression' (NOUN_wn:07139873n) 'the communication (in speech or writing) of your beliefs or opinions' —> Freedom of expression is a fundamental human right in democratic societies.","YES","07/05/2026, 10:58:51"
"ann1","1777908154744ilszx0ziwsm","(zero-shot) 'specimen' (NOUN_wn:05822239n) 'an example regarded as typical of its class' —> The towering redwood tree is a magnificent specimen of nature.","YES","07/05/2026, 10:58:55"
"ann1","1777908154744j2d3y8g70is","(zero-shot) 'confrontation' (NOUN_wn:00651670n) 'a focussed comparison; bringing together for a careful comparison' —> The confrontation of the two primary sources revealed several striking inconsistencies in the historical record.","YES","07/05/2026, 10:59:06"
"ann1","177790815474444eskdtmzzx","(zero-shot) 'hurt' (VERB_wn:00064643v) 'give trouble or pain to' —> The sharp needle hurt my skin.","YES","07/05/2026, 10:59:12"
"ann1","1777908154744eus0l24p0c","(zero-shot) 'reel' (NOUN_wn:07056680n) 'music composed for dancing a reel' —> The fiddle player played a lively reel.","YES","07/05/2026, 11:00:09"
"ann1","1777908154744ynqs0abw66b","(zero-shot) 'expectation' (NOUN_wn:07510923n) 'the feeling that something is about to happen' —> The crowd waited in eager expectation for the performance to begin.","YES","07/05/2026, 11:00:13"
"ann1","1777908154744fnrsbbnh2du","(zero-shot) 'minister' (NOUN_wn:09983572n) 'a person authorized to conduct religious worship' —> The minister led the congregation in a heartfelt prayer.","YES","07/05/2026, 11:00:17"
"ann1","1777908154744t4ey8bz4d3r","(zero-shot) 'hours' (NOUN_wn:15228910n) 'a special and memorable period' —> The happiest hours of my youth were spent reading in the attic.","YES","07/05/2026, 11:00:20"
"ann1","1777908154744djfwwqc3sj","(zero-shot) 'sentimentality' (NOUN_wn:07482128n) 'extravagant or affected feeling or emotion' —> The critic dismissed the play as a work of mawkish sentimentality.","YES","07/05/2026, 11:00:24"
"ann1","1777908154744iv0p5f1dihh","(zero-shot) 'rouse' (VERB_wn:01762528v) 'cause to be agitated, excited, or roused' —> The captain's speech roused the troops for the final assault.","YES","07/05/2026, 11:00:29"
"ann1","17779081547449z8uhwboo9","(zero-shot) 'foul' (ADJ_wn:01625893a) 'highly offensive; arousing aversion or disgust' —> The foul smell of the decaying fish filled the room.","YES","07/05/2026, 11:00:38"
"ann1","1777908154744ujpm2nbgtgh","(zero-shot) 'dip' (VERB_wn:01660976v) 'place (candle wicks) into hot, liquid wax' —> The craftsman dipped the wicks into the vat of melted beeswax to create traditional tapers.","YES","07/05/2026, 11:00:48"
"ann1","177790815474416h0kq7zbcd","(zero-shot) 'dismissal' (NOUN_wn:01190172n) 'a judgment disposing of the matter without a trial' —> The judge granted a dismissal of the case due to insufficient evidence.","YES","07/05/2026, 11:01:03"
"ann1","1777908154744zb3l976mlsl","(zero-shot) 'smash' (VERB_wn:00335923v) 'break into pieces, as by striking or knocking over' —> He smashed the expensive mirror.","YES","07/05/2026, 11:01:06"
"ann1","17779081547444i8fbrveqqg","(zero-shot) 'moderator' (NOUN_wn:10326257n) 'someone who presides over a forum or debate' —> The moderator ensured that all participants followed the rules during the panel discussion.","YES","07/05/2026, 11:01:15"
"ann1","177790815474415ij97o4ip7","(zero-shot) 'staining' (NOUN_wn:00275572n) '(histology) the use of a dye to color specimens for microscopic study' —> The technician performed H&E staining on the slide to visualize the cellular morphology.","YES","07/05/2026, 11:06:43"
"ann1","1777908154744sabjxkyzl3s","(zero-shot) 'outfit' (NOUN_wn:08274826n) 'any cohesive unit such as a military company' —> The elite outfit was deployed to the front lines.","YES","07/05/2026, 11:06:49"
"ann1","17779081547446f1uh0y8eba","(zero-shot) 'draw_in' (VERB_wn:02098458v) 'shape one's body into a curl' —> The cat drew in its paws to sleep in a tight ball.","YES","07/05/2026, 11:07:01"
"ann1","17779081547446rjtz3zkvgr","(zero-shot) 'horn' (NOUN_wn:02761834n) 'a device on an automobile for making a warning noise' —> The driver honked the horn to alert the pedestrian.","YES","07/05/2026, 11:07:04"
"ann1","1777908154744ayuzn8cxnrd","(zero-shot) 'heave' (VERB_wn:00005526v) 'breathe noisily, as when one is exhausted' —> His chest heaved after the intense workout.","YES","07/05/2026, 11:07:13"
"ann1","1777908154744qc1mk3suxr","(zero-shot) 'ambiguous' (ADJ_wn:00895442a) 'open to two or more interpretations; or of uncertain nature or significance; or (often) intended to mislead' —> The ending of the novel was intentionally ambiguous, leaving the reader to wonder if the main character survived.","YES","07/05/2026, 11:11:15"
"ann1","1777908154744lhducf0dewj","(zero-shot) 'superior' (NOUN_wn:10752930n) 'a combatant who is able to defeat rivals' —> The arena trembled when the superior stepped forward to face the challengers.","YES","07/05/2026, 11:11:23"
"ann1","1777908154744iewdif2ob7","(zero-shot) 'cyprus' (NOUN_wn:08756884n) 'a country on the island of Cyprus; 80% of the people are of Greek origin and 20% or Turkish origin' —> Many tourists visit Cyprus to enjoy the Mediterranean sun.","YES","07/05/2026, 11:11:26"
"ann1","17779081547449m4qvm7qutv","(zero-shot) 'reference' (NOUN_wn:06417598n) 'a book to which you can refer for authoritative facts' —> The thick encyclopedia served as a reliable reference during my research.","YES","07/05/2026, 11:11:31"
"ann1","17779081547448fqlunr7omw","(zero-shot) 'crack' (VERB_wn:01785579v) 'suffer a nervous breakdown' —> After months of relentless pressure, he finally cracked.","YES","07/05/2026, 11:11:35"
"ann1","17779081547440jylbi30c65u","(zero-shot) 'accelerator' (NOUN_wn:02670382n) 'a scientific instrument that increases the kinetic energy of charged particles' —> The Large Hadron Collider is the world's largest particle accelerator.","YES","07/05/2026, 11:11:44"
"ann1","17779081547449p4lu75p08n","(zero-shot) 'rest_on' (VERB_wn:01590007v) 'rest on for support' —> The heavy book rested on the wooden desk.","YES","07/05/2026, 11:11:54"
"ann1","1777908154744qkl1kqnjn99","(zero-shot) 'trough' (NOUN_wn:13357891n) 'a treasury for government funds' —> The corrupt officials spent years raiding the public trough to line their own pockets.","YES","07/05/2026, 11:12:03"
"ann1","17779081547447173vfgu9vl","(zero-shot) 'passing' (NOUN_wn:00340192n) 'going by something that is moving in order to get in front of it' —> The reckless passing of the slow truck nearly led to a head-on collision.","YES","07/05/2026, 11:14:33"
"ann1","1777908154744vg46qgtdrpd","(zero-shot) 'run_out' (VERB_wn:00561571v) 'become used up; be exhausted' —> The car ran out of gas.","YES","07/05/2026, 11:14:38"
"ann1","177790815474417l0l69u7ig","(zero-shot) 'metaphysical' (ADJ_wn:02865814a) 'pertaining to or of the nature of metaphysics' —> The philosopher explored metaphysical questions regarding the existence of a higher power.","YES","07/05/2026, 11:14:42"
"ann1","17779081547449qr54vlui6l","(zero-shot) 'bowl' (NOUN_wn:04295881n) 'a large structure for open-air sports or entertainments' —> The crowd roared as the athletes entered the massive concrete bowl.","YES","07/05/2026, 11:14:47"
"ann1","1777908154744gnvhlnw2adw","(zero-shot) 'compromise' (VERB_wn:01035380v) 'settle by concession' —> The two political parties finally compromised on the new budget.","YES","07/05/2026, 11:14:52"
"ann1","17779081547446tofx4rry9o","(zero-shot) 'stir_up' (VERB_wn:01419473v) 'change the arrangement or position of' —> The wind stirred up the fallen leaves.","YES","07/05/2026, 11:14:57"
"ann1","1777908154744itxuqamjwo","(zero-shot) 'get_off' (VERB_wn:01437888v) 'send via the postal service' —> I got these letters off yesterday.","YES","07/05/2026, 11:15:01"
"ann1","177790815474499ylywtvbg4","(zero-shot) 'singular' (ADJ_wn:01678417a) 'unusual or striking' —> The artist had a singular style that defied categorization.","YES","07/05/2026, 11:15:09"
"ann1","1777908154744enjds703xer","(zero-shot) 'squire' (NOUN_wn:10643837n) 'an English country landowner' —> The local squire managed the village affairs with a firm but fair hand.","YES","07/05/2026, 11:15:19"
"ann1","1777908154744jyeplklwyu","(zero-shot) 'politically' (ADV_wn:00115745r) 'with regard to government' —> The region remains politically unstable.","YES","07/05/2026, 11:15:23"
"ann1","17779081547443lacm8kyibl","(zero-shot) 'capacity' (NOUN_wn:05622956n) 'the power to learn or retain knowledge; in law, the ability to understand the facts and significance of your behavior' —> The defendant was judged to lack the mental capacity to stand trial.","YES","07/05/2026, 11:15:40"
"ann1","177790815474444qrabc7z1k","(zero-shot) 'break_out' (VERB_wn:02073233v) 'move away or escape suddenly' —> The prisoners managed to break out of the jail during the night.","YES","07/05/2026, 11:15:51"
"ann1","1777908154744lgtyydes2i","(zero-shot) 'run_out' (VERB_wn:02011040v) 'leave suddenly and as if in a hurry' —> She ran out of the house to catch the bus.","YES","07/05/2026, 11:15:54"
"ann1","17779081547448kzswwy7wmp","(zero-shot) 'oppression' (NOUN_wn:07538674n) 'a feeling of being oppressed' —> A heavy sense of oppression descended upon him as he realized there was no way out.","YES","07/05/2026, 11:16:02"
"ann1","1777908154744synej5aua5","(zero-shot) 'virtue' (NOUN_wn:04849759n) 'morality with respect to sexual relations' —> She guarded her virtue with great care during her courtship.","YES","07/05/2026, 11:17:30"
"ann1","1777908154744wh63khfc4k","(zero-shot) 'shiver' (VERB_wn:00014201v) 'shake, as from cold' —> The hiker shivered in the freezing wind.","YES","07/05/2026, 11:17:33"
"ann1","17779081547442cwupo2a9uq","(zero-shot) 'landmark' (NOUN_wn:05230357n) 'an anatomical structure used as a point of origin in locating other anatomical structures (as in surgery) or as point from which measurements can be taken' —> The surgeon identified the sternal notch as a key landmark to guide the insertion of the chest tube.","YES","07/05/2026, 11:17:42"
"ann1","17779081547447v6jp20tweg","(zero-shot) 'clear' (VERB_wn:00181664v) 'rid of obstructions' —> The snowplow cleared the highway before the morning commute.","YES","07/05/2026, 11:17:53"
"ann1","1777908154744mu346ltdne","(zero-shot) 'chip' (NOUN_wn:00377169n) 'the act of chipping something' —> A precise chip removed that burr.","YES","07/05/2026, 11:18:05"
"ann1","1777908154744kpt1zkxu5o8","(zero-shot) 'emergence' (NOUN_wn:07319909n) 'the becoming visible' —> The emergence of the moon from the clouds was breathtaking.","YES","07/05/2026, 11:18:11"
"ann1","1777908154744rnr34uywrl","(zero-shot) 'outlet' (NOUN_wn:04548771n) 'receptacle providing a place in a wiring system where current can be taken to run electrical devices' —> I plugged my laptop charger into the wall outlet.","YES","07/05/2026, 11:18:21"
"ann1","1777908154744fslkzjh5qm","(zero-shot) 'increase' (VERB_wn:00156601v) 'become bigger or greater in amount' —> The population of the city increased rapidly over the last decade.","YES","07/05/2026, 11:18:35"
"ann1","1777908154744zrqja39mir","(zero-shot) 'club' (NOUN_wn:03054311n) 'a building that is occupied by a social club' —> The members gathered at the club for their monthly meeting.","YES","07/05/2026, 11:18:51"
"ann1","17779081547447z81wo5yha8","(zero-shot) 'allies' (NOUN_wn:08170978n) 'an alliance of nations joining together to fight a common enemy' —> The allies coordinated their military strategies to defeat the aggressor.","YES","07/05/2026, 11:19:25"
"ann1","17779081547444ig18bbfzew","(zero-shot) 'slide' (VERB_wn:02090990v) 'move smoothly along a surface' —> The penguins slide across the ice.","YES","07/05/2026, 11:19:27"
"ann1","1777908154744fmgdnev1aio","(zero-shot) 'increase' (NOUN_wn:07356676n) 'a change resulting in an increase' —> There was a significant increase in sales this quarter.","YES","07/05/2026, 11:19:32"
"ann1","1777908154744wvkjyunp27","(zero-shot) 'business' (NOUN_wn:00582388n) 'the principal activity in your life that you do to earn money' —> She manages a successful catering business in the city.","NO","07/05/2026, 11:19:36"
"ann1","1777908154744t8jrt8ghek","(zero-shot) 'guide' (VERB_wn:01931768v) 'direct the course; determine the direction of travelling' —> The experienced pilot guided the aircraft safely to the runway.","YES","07/05/2026, 11:19:40"
"ann1","177790815474424ynnzslcj6","(zero-shot) 'closure' (NOUN_wn:06249421n) 'a Gestalt principle of organization holding that there is an innate tendency to perceive incomplete objects as complete and to close or fill gaps and to perceive asymmetric stimuli as symmetric' —> The law of closure explains why our minds see a full circle even when parts of the outline are missing.","YES","07/05/2026, 11:19:45"
"ann1","1777908154744xlmpn17itvs","(zero-shot) 'examine' (VERB_wn:00786816v) 'question closely' —> The lawyer examined the witness for hours.","YES","07/05/2026, 11:19:51"
"ann1","177790815474409hfwq9tgbdl","(zero-shot) 'refer' (VERB_wn:00877083v) 'seek information from' —> Please refer to the manual for more details.","YES","07/05/2026, 11:19:58"
"ann1","1777908154744u1r02poal1","(zero-shot) 'inversion' (NOUN_wn:14103785n) 'abnormal condition in which an organ is turned inward or inside out (as when the upper part of the uterus is pulled into the cervical canal after childbirth)' —> The medical team acted swiftly to treat the uterine inversion following the delivery.","YES","07/05/2026, 11:20:03"
"ann1","1777908154744t5k4ru5c9p","(zero-shot) 'authorization' (NOUN_wn:01138670n) 'the act of conferring legality or sanction or formal warrant' —> The manager provided the necessary authorization for the project to proceed.","YES","07/05/2026, 11:20:15"
"ann1","1777908154744nu6ovdlu0t","(zero-shot) 'exposition' (NOUN_wn:08407619n) 'a collection of things (goods or works of art etc.) for public display' —> The city hosted a grand exposition of modern technology.","YES","07/05/2026, 11:20:20"
"ann1","17779081547445kbzincwu79","(zero-shot) 'good_luck' (NOUN_wn:11463746n) 'a stroke of luck' —> Finding the winning ticket was pure good luck.","YES","07/05/2026, 11:20:24"
"ann1","1777908154744aecw785b6q","(zero-shot) 'reservation' (NOUN_wn:08587174n) 'a district that is reserved for particular purpose' —> The tribal leaders manage the daily operations of the reservation.","YES","07/05/2026, 11:20:39"
"ann1","17779081547446vqkiuwt6af","(zero-shot) 'cricket' (NOUN_wn:00476389n) 'a game played with a ball and bat by two teams of 11 players; teams take turns trying to score runs' —> The local club organizes a cricket tournament every summer.","YES","07/05/2026, 11:20:55"
"ann1","1777908154744gvnzlpzwgrk","(zero-shot) 'snap' (VERB_wn:01446301v) 'bring the jaws together' —> The crocodile snapped its jaws shut.","YES","07/05/2026, 11:20:58"
"ann1","1777908154744naatakkj4dp","(zero-shot) 'confront' (VERB_wn:02742638v) 'be face to face with' —> The witness confronted the defendant in court.","YES","07/05/2026, 11:21:05"
"ann1","1777908154744e6k4rmjtyko","(zero-shot) 'gay' (ADJ_wn:01201937a) 'homosexual or arousing homosexual desires' —> The gay couple decided to move to the city together.","YES","07/05/2026, 11:21:08"
"ann1","17779081547443z0obs46zzy","(zero-shot) 'skim' (VERB_wn:01247550v) 'move or pass swiftly and lightly over the surface of' —> A flat stone skimmed across the lake.","YES","07/05/2026, 11:21:11"
"ann1","17779081547443ihdcph2hgb","(zero-shot) 'perfectly' (ADV_wn:00009650r) 'in a perfect or faultless way' —> She played the piano perfectly.","YES","07/05/2026, 11:21:14"
"ann1","1777908154744gxybvt5r7w","(zero-shot) 'grace' (NOUN_wn:14458181n) '(Christian theology) a state of sanctification by God; the state of one who is under such divine influence' —> Through divine grace, the believer finds peace and redemption.","YES","07/05/2026, 11:21:21"
"ann1","1777908154744e5y7laifhpe","(zero-shot) 'corner' (NOUN_wn:13872421n) 'a small concavity' —> The dewdrop rested in a shallow corner of the leaf.","YES","07/05/2026, 11:21:27"
"ann1","1777908154744knsrrj5f61k","(zero-shot) 'slip' (NOUN_wn:00170710n) 'a flight maneuver; aircraft slides sideways in the air' —> The pilot executed a slip to align the airplane with the runway.","YES","07/05/2026, 11:21:39"
"ann1","1777908154744h99rgp0wfiw","(zero-shot) 'television' (NOUN_wn:04405907n) 'an electronic device that receives television signals and displays them on a screen' —> She turned off the television before going to bed.","YES","07/05/2026, 11:21:44"
"ann1","17779081547448pj0tmtif39","(zero-shot) 'sheer' (ADJ_wn:00520892a) 'complete and without restriction or qualification; sometimes used informally as intensifiers' —> The athlete won the race through sheer determination.","YES","07/05/2026, 11:21:48"
"ann1","17779081547441txmm7892y9j","(zero-shot) 'curse' (NOUN_wn:14445226n) 'something causing misery or death' —> The plague was a curse that devastated the village.","YES","07/05/2026, 11:32:25"
"ann1","17779081547442ia9im3etm3","(zero-shot) 'dwell' (VERB_wn:00704249v) 'think moodily or anxiously about something' —> She tended to dwell on her failures for far too long.","YES","07/05/2026, 11:32:58"
"ann1","177790815474440rsfp89519","(zero-shot) 'squash' (NOUN_wn:07715561n) 'edible fruit of a squash plant; eaten as a vegetable' —> She roasted a butternut squash for dinner.","YES","07/05/2026, 11:33:06"
"ann1","1777908154744gattakgqscw","(zero-shot) 'complicate' (VERB_wn:00400883v) 'make more complex, intricate, or richer' —> Adding a subplot will complicate the narrative.","YES","07/05/2026, 11:33:10"
"ann1","17779081547446b1fwrc89y5","(zero-shot) 'spindle' (NOUN_wn:04277493n) 'any of various rotating shafts that serve as axes for larger rotating parts' —> The machinist carefully aligned the lathe's spindle before starting the motor.","YES","07/05/2026, 11:33:25"
"ann1","1777908154744bjljkjgpjqv","(zero-shot) 'open_up' (VERB_wn:01645421v) 'open up an area or prepare a way' —> The new highway opened up the remote valley to settlers.","YES","07/05/2026, 11:34:17"
"ann1","1777908154744omawnbu7zmd","(zero-shot) 'diagonal' (NOUN_wn:13904164n) 'a line or cut across a fabric that is not at right angles to a side of the fabric' —> She cut the silk on the diagonal to ensure the dress draped elegantly.","YES","07/05/2026, 11:34:35"
"ann1","1777908154744gdza5cnfbof","(zero-shot) 'explanation' (NOUN_wn:07232421n) 'the act of explaining; making something plain or intelligible' —> The professor's detailed explanation helped the students understand the complex concept.","YES","07/05/2026, 11:34:40"
"ann1","1777908154744ekhjxjkepuq","(zero-shot) 'contrary' (NOUN_wn:13858604n) 'a relation of direct opposition' —> Many suspected the company was failing, but the contrary was actually true.","YES","07/05/2026, 11:34:45"
"ann1","17779081547447zilq4qgzfh","(zero-shot) 'adhere' (VERB_wn:01356750v) 'stick to firmly' —> The glue makes the labels adhere to the glass.","YES","07/05/2026, 11:34:50"
"ann1","1777908154744pb09x4126yl","(zero-shot) 'die' (NOUN_wn:03192790n) 'a device used for shaping metal' —> The machinist carefully positioned the steel die into the industrial press.","YES","07/05/2026, 11:34:56"
"ann1","1777908154744rnax7hpnwg","(zero-shot) 'hold' (NOUN_wn:00812526n) 'the act of grasping' —> She maintained a firm hold on the railing.","YES","07/05/2026, 11:35:01"
"ann1","177790815474440qz6k2ax5s","(zero-shot) 'lapse' (VERB_wn:02072849v) 'pass by' —> Several years lapsed before they met again.","YES","07/05/2026, 11:35:07"
"ann1","1777908154744kfkk2c57zsa","(zero-shot) 'critical' (ADJ_wn:02830645a) 'of or involving or characteristic of critics or criticism' —> The literary journal published a critical study of the poet's early work.","YES","07/05/2026, 11:35:18"
"ann1","1777908154744lv6qa33z6w","(zero-shot) 'allowance' (NOUN_wn:01141841n) 'the act of allowing' —> The allowance of exceptions to the policy was seen as a weakness.","YES","07/05/2026, 11:35:22"
"ann1","1777908154744teggqdmw61","(zero-shot) 'telephone' (NOUN_wn:04401088n) 'electronic equipment that converts sound into electrical signals that can be transmitted over distances and then converts received signals back into sounds' —> The telephone rang loudly.","YES","07/05/2026, 11:35:27"
"ann1","1777908154744fpalk7kqpbl","(zero-shot) 'horn' (NOUN_wn:14758027n) 'the material (mostly keratin) that covers the horns of ungulates and forms hooves and claws and nails' —> The artisan crafted a decorative spoon from polished horn.","YES","07/05/2026, 11:35:35"
"ann1","1777908154744c2qz0mm2ib","(zero-shot) 'dream' (VERB_wn:01637633v) 'have a daydream; indulge in a fantasy' —> She spent the entire afternoon dreaming about a tropical vacation.","YES","07/05/2026, 11:35:44"
"ann1","1777908154744br29fld3jor","(zero-shot) 'speed' (VERB_wn:00439343v) 'cause to move faster' —> The strong current speeded the swimmer toward the shore.","YES","07/05/2026, 11:35:50"
"ann1","1777908154744iqyvpr0bx","(zero-shot) 'venture' (VERB_wn:02373336v) 'proceed somewhere despite the risk of possible dangers' —> Few explorers dare to venture into the depths of the uncharted cavern.","YES","07/05/2026, 11:35:53"
"ann1","1777908154744ri38xjrbno","(zero-shot) 'flip' (VERB_wn:01222958v) 'turn upside down, or throw so as to reverse' —> She flipped the pancake in the pan.","YES","07/05/2026, 11:35:59"
"ann1","1777908154744uf9vo8sbd0f","(zero-shot) 'line' (NOUN_wn:07012979n) 'persuasive but insincere talk that is usually intended to deceive or impress' —> He tried to charm her with a practiced line.","YES","07/05/2026, 11:36:15"
"ann1","1777908154744kam7ogwndk8","(zero-shot) 'conform_to' (VERB_wn:02667900v) 'satisfy a condition or restriction' —> The products conform to international safety standards.","YES","07/05/2026, 11:36:22"
"ann1","1777908154744c0ov7bh0vpg","(zero-shot) 'suspicion' (NOUN_wn:05698791n) 'doubt about someone's honesty' —> The detective's suspicion grew as the witness began to contradict himself.","YES","07/05/2026, 11:36:31"
"ann1","1777908154744fxtjb5wysss","(zero-shot) 'disc' (NOUN_wn:03706653n) '(computer science) a memory device consisting of a flat disk covered with a magnetic coating on which information is stored' —> I saved my old files on a floppy disc.","YES","07/05/2026, 11:36:37"
"ann1","1777908154744dcv5ncpu15q","(zero-shot) 'stuff' (NOUN_wn:07219004n) 'information in some unspecified form' —> I read a lot of interesting stuff about space travel in that magazine.","YES","07/05/2026, 11:36:46"
"ann1","17779081547442wyj1hem3bc","(zero-shot) 'condense' (VERB_wn:00365647v) 'become more compact or concentrated' —> The steam condensed into water droplets on the cold glass.","YES","07/05/2026, 11:36:49"
"ann1","1777908154744z006iwqff","(zero-shot) 'go_away' (VERB_wn:02009433v) 'go away from a place' —> Please go away.","YES","07/05/2026, 11:36:51"
"ann1","1777908154744nxkapy4alio","(zero-shot) 'indicator' (NOUN_wn:07262579n) 'a signal for attracting attention' —> The driver forgot to use his indicator before changing lanes.","YES","07/05/2026, 11:36:57"
"ann1","17779081547441w5q68grklxh","(zero-shot) 'patent' (NOUN_wn:06551627n) 'an official document granting a right or privilege' —> The inventor filed for a patent to protect her new technology.","YES","07/05/2026, 11:49:57"
"ann1","1777908154744ibzgp01jf9","(zero-shot) 'purse' (NOUN_wn:02774152n) 'a container used for carrying money and small personal items or accessories (especially by women)' —> She carefully placed her keys inside her leather purse.","YES","07/05/2026, 11:50:01"
"ann1","1777908154744950rsbq2l9j","(zero-shot) 'authorization' (NOUN_wn:05176607n) 'official permission or approval' —> The company requires written authorization to process the refund.","YES","07/05/2026, 11:50:04"
"ann1","1777908154744xlf8wur9x2k","(zero-shot) 'launch' (VERB_wn:01515196v) 'get going; give impetus to' —> The new policy launched a period of rapid economic growth.","YES","07/05/2026, 11:50:07"
"ann1","1777908154744v4lzke8vv9k","(zero-shot) 'virtually' (ADV_wn:00073033r) '(of actions or states) slightly short of or not quite accomplished; all but' —> The museum was virtually empty on Tuesday morning.","YES","07/05/2026, 11:50:16"
"ann1","1777908154744rfk2kya434n","(zero-shot) 'contract' (VERB_wn:02409941v) 'engage by written agreement' —> The city contracted a local firm to pave the roads.","YES","07/05/2026, 11:50:20"
"ann1","1777908154744v8wlwwonvm","(zero-shot) 'drift' (VERB_wn:01902783v) 'be in motion due to some air or water current' —> The small boat drifted slowly away from the shore.","YES","07/05/2026, 11:50:23"
"ann1","1777908154744i4p053kge","(zero-shot) 'mouthpiece' (NOUN_wn:03795269n) '(especially boxing) equipment that protects an athlete's mouth' —> The boxer spat out his mouthpiece after the final bell rang.","YES","07/05/2026, 11:50:28"
"ann1","17779081547441optvdvsdik","(zero-shot) 'silence' (NOUN_wn:04651974n) 'a refusal to speak when expected' —> The suspect's stubborn silence frustrated the investigators.","YES","07/05/2026, 11:50:34"
"ann1","1777908154744nnvm74kp9rp","(zero-shot) 'isolate' (VERB_wn:00494269v) 'place or set apart' —> The nurse had to isolate the patient in a private room.","YES","07/05/2026, 11:50:40"
"ann1","1777908154744qrg60vi8lfg","(zero-shot) 'pass' (NOUN_wn:09386842n) 'the location in a range of mountains of a geological formation that is lower than the surrounding peaks' —> The hikers carefully navigated the narrow mountain pass to reach the valley on the other side.","YES","07/05/2026, 11:50:47"
"ann1","1777908154744dk45xammlou","(zero-shot) 'take' (VERB_wn:01930482v) 'proceed along in a vehicle' —> She took a taxi to the airport.","YES","07/05/2026, 11:50:53"
"ann1","177790815474426ffejvfgpg","(zero-shot) 'schedule' (VERB_wn:00794981v) 'make a schedule; plan the time and place for events' —> I will schedule my dental appointment now.","YES","07/05/2026, 11:50:56"
"ann1","1777908154744j2dbilg8pgg","(zero-shot) 'proportion' (NOUN_wn:13898315n) 'balance among the parts of something' —> The sculptor carefully adjusted the proportions of the figure to achieve a lifelike appearance.","YES","07/05/2026, 11:51:03"
"ann1","1777908154744e80euzc3naw","(zero-shot) 'indirect' (ADJ_wn:00770993a) 'having intervening factors or persons or influences' —> The policy produced an indirect benefit for the poor.","YES","07/05/2026, 11:51:12"
"ann1","177790815474457939pdu2dn","(zero-shot) 'darken' (VERB_wn:00311559v) 'make dark or darker' —> The storm clouds began to darken the sky.","YES","07/05/2026, 11:51:14"
"ann1","1777908154744illz5dctsd","(zero-shot) 'magnetic_pole' (NOUN_wn:08597579n) 'either of two points where the lines of force of the Earth's magnetic field are vertical' —> The compass needle points toward the magnetic pole.","YES","07/05/2026, 11:51:19"
"ann1","1777908154744tazm1t1wdqj","(zero-shot) 'deep' (ADJ_wn:00149120a) 'exhibiting great cunning usually with secrecy' —> His deep machinations eventually led to the empire's fall.","YES","07/05/2026, 11:51:23"
"ann1","1777908154744spp02wjdf5","(zero-shot) 'linger' (VERB_wn:02058590v) 'take one's time; proceed slowly' —> She lingered over her morning tea, enjoying the silence of the house.","YES","07/05/2026, 11:51:26"
"ann1","1777908154744b2jhe8s463","(zero-shot) 'starter' (NOUN_wn:04304375n) 'an electric motor for starting an engine' —> The mechanic replaced the faulty starter in the vintage car.","YES","07/05/2026, 11:51:28"
"ann1","17779081547448as53viqede","(zero-shot) 'passing' (NOUN_wn:07310642n) 'the motion of one object relative to another' —> The passing of the comet was a spectacular event.","YES","07/05/2026, 11:51:31"
"ann1","17779081547444rum8gkcn6c","(zero-shot) 'abstract' (VERB_wn:00734587v) 'consider apart from a particular case or instance' —> The philosopher attempted to abstract the essence of beauty from the various artworks he studied.","YES","07/05/2026, 11:51:40"
"ann1","1777908154744nrgi76mwa2","(zero-shot) 'put_down' (VERB_wn:01544692v) 'put in a horizontal position' —> She put down the heavy book on the table.","YES","07/05/2026, 11:51:43"
"ann1","1777908154744ugznrlhnuej","(zero-shot) 'meal' (NOUN_wn:15245990n) 'any of the occasions for eating food that occur by custom or habit at more or less fixed times' —> We always gather for a family meal on Sunday evenings.","YES","07/05/2026, 11:51:48"
"ann1","1777908154744z3efqcj0lp","(zero-shot) 'cycle' (NOUN_wn:07342495n) 'a periodically repeated sequence of events' —> The water cycle involves evaporation, condensation, and precipitation.","YES","07/05/2026, 11:51:56"
"ann1","1777908154744dr2oez5wclj","(zero-shot) 'structural' (ADJ_wn:02949275a) 'relating to or concerned with the morphology of plants and animals' —> The biologist examined the structural differences between the wing shapes of various birds.","YES","07/05/2026, 11:52:05"
"ann1","1777908154744snp518exdv","(zero-shot) 'bow' (VERB_wn:00898691v) 'bend one's knee or body, or lower one's head' —> The performer bowed to the audience.","YES","07/05/2026, 11:52:15"
"ann1","1777908154744uploegf5dy","(zero-shot) 'strain' (NOUN_wn:05922450n) 'the general meaning or substance of an utterance' —> There was a subtle strain of irony in her response.","YES","07/05/2026, 11:52:25"
"ann1","17779081547449ezzkdgrvpb","(zero-shot) 'along' (ADV_wn:00069164r) 'in line with a length or direction (often followed by `by' or `beside')' —> They strolled along by the quiet river.","YES","07/05/2026, 11:53:47"
"ann1","1777908154744z9llwdt7fd","(zero-shot) 'rating' (NOUN_wn:05736149n) 'an appraisal of the value of something' —> The movie received a high rating from the critics.","YES","07/05/2026, 11:53:56"
"ann1","1777908154744vdyoohw442","(zero-shot) 'discharge' (VERB_wn:01097743v) 'release from military service' —> The soldier was honorably discharged after completing his term.","YES","07/05/2026, 11:54:00"
"ann1","1777908154744szmm2izt65p","(zero-shot) 'trace' (VERB_wn:00626130v) 'read with difficulty' —> The historian struggled to trace the faded ink of the ancient manuscript.","YES","07/05/2026, 11:54:05"
"ann1","1777908154744zh3fj0zju5d","(zero-shot) 'dampen' (VERB_wn:00217956v) 'make moist' —> Dampen the cloth before cleaning the window.","YES","07/05/2026, 11:54:11"
"ann1","177790815474435pf0xj7bce","(zero-shot) 'break_up' (VERB_wn:00030366v) 'laugh unrestrainedly' —> The entire class broke up when the teacher accidentally called the principal ""Mom.","YES","07/05/2026, 11:54:22"
"ann1","1777908154744tmux3ocbv6","(zero-shot) 'psychological' (ADJ_wn:01781076a) 'mental or emotional as opposed to physical in nature' —> The athlete faced a psychological barrier before the final race.","YES","07/05/2026, 11:54:28"
"ann1","177790815474463peu4parto","(zero-shot) 'recession' (NOUN_wn:00057486n) 'the act of becoming more distant' —> The recession of the tide exposed the jagged rocks on the beach.","YES","07/05/2026, 11:54:38"
"ann1","1777908154744y8espylius8","(zero-shot) 'base' (NOUN_wn:13897837n) 'the bottom side of a geometric figure from which the altitude can be constructed' —> The base of the triangle is ten centimeters long.","YES","07/05/2026, 11:54:44"
"ann1","1777908154744vwbkbf42d9j","(zero-shot) 'mask' (VERB_wn:02147603v) 'hide under a false appearance' —> His smile failed to mask the sadness in his eyes.","YES","07/05/2026, 11:54:51"
"ann1","1777908154744xpsffhgoat","(zero-shot) 'break' (VERB_wn:00364064v) 'terminate' —> They decided to break their engagement.","YES","07/05/2026, 11:54:58"
"ann1","1777908154744dh1l9gha10o","(zero-shot) 'recess' (NOUN_wn:14013646n) 'a state of abeyance or suspended business' —> The judge declared a short recess before the trial resumed.","YES","07/05/2026, 11:55:06"
"ann1","17779081547445khq0sjba7n","(zero-shot) 'height' (NOUN_wn:05131647n) 'elevation especially above sea level or above the earth's surface' —> The plane maintained a constant height during the flight.","YES","07/05/2026, 11:55:21"
"ann1","1777908154744kfdzhsgjyrl","(zero-shot) 'Jackson' (NOUN_wn:11076079n) 'general in the Confederate Army during the American Civil War whose troops at the first Battle of Bull Run stood like a stone wall (1824-1863)' —> Stonewall Jackson led his soldiers through the Shenandoah Valley.","YES","07/05/2026, 11:55:25"
"ann1","1777908154744pscjnnsyd5c","(zero-shot) 'die' (NOUN_wn:03191029n) 'a small cube with 1 to 6 spots on the six faces; used in gambling to generate random numbers' —> He rolled the die and got a four.","YES","07/05/2026, 11:55:27"
"ann1","1777908154744lglw1mfqdlf","(zero-shot) 'tension' (NOUN_wn:14002481n) 'a balance between and interplay of opposing elements or tendencies (especially in art or literature)' —> The sculpture creates a dynamic tension between the rough texture of the stone and the fluid lines of the figure.","YES","07/05/2026, 11:55:31"
"ann1","1777908154744brenezn3ip","(zero-shot) 'further' (VERB_wn:02554922v) 'contribute to the progress or growth of' —> The new policy is designed to further the goals of the organization.","YES","07/05/2026, 11:55:34"
"ann1","17779081547449he3colbiqm","(zero-shot) 'localize' (VERB_wn:01711749v) 'locate' —> The technicians worked quickly to localize the source of the electrical interference.","YES","07/05/2026, 11:55:37"
"ann1","1777908154744cwbyetnaqr5","(zero-shot) 'turn_over' (VERB_wn:02230772v) 'place into the hands or custody of' —> The witness turned over the evidence to the prosecutor.","YES","07/05/2026, 11:55:40"
"ann1","17779081547442jyg0qrsegx","(zero-shot) 'liable' (ADJ_wn:01411919a) 'at risk of or subject to experiencing something usually unpleasant' —> If you leave the milk out, it is liable to spoil.","YES","07/05/2026, 11:55:43"
"ann1","1777908154744tx4s7j24mvl","(zero-shot) 'escort' (NOUN_wn:10063461n) 'an attendant who is employed to accompany someone' —> She hired a professional escort to attend the charity ball with her.","YES","07/05/2026, 11:55:59"
"ann1","17779081547443ocdosrw6aw","(zero-shot) 'cutting' (NOUN_wn:06612649n) 'an excerpt cut from a newspaper or magazine' —> She saved a cutting from the local gazette in her scrapbook.","YES","07/05/2026, 11:56:04"
"ann1","17779081547449gmaacw4ymo","(zero-shot) 'extremity' (NOUN_wn:05559908n) 'an external body part that projects from the body' —> The patient complained of numbness in his lower extremities.","YES","07/05/2026, 11:56:11"
"ann1","1777908154744laagtktrsyh","(zero-shot) 'inclined' (ADJ_wn:01234167a) 'at an angle to the horizontal or vertical position' —> The roof of the house was steeply inclined.","YES","07/05/2026, 11:56:16"
"ann1","1777908154744krzf3k8xbq","(zero-shot) 'detonate' (VERB_wn:00306723v) 'cause to burst with a violent release of energy' —> (matches)The demolition crew decided to detonate the charges simultaneously.","YES","07/05/2026, 11:56:55"
"ann1","1777908154744tov4fuje4gb","(zero-shot) 'offend' (VERB_wn:02566528v) 'act in disregard of laws, rules, contracts, or promises' —> The suspect offended against the municipal statutes.","YES","07/05/2026, 11:57:01"
"ann1","17779081547444b6o29ygvta","(zero-shot) 'mysterious' (ADJ_wn:00939444a) 'of an obscure nature; ; ; ; - Rachel Carson' —> The ancient ruins held a mysterious secret that no one could decipher.","YES","07/05/2026, 11:57:04"
"ann1","177790815474426hzaq8e0r1","(zero-shot) 'assimilation' (NOUN_wn:05755714n) 'in the theories of Jean Piaget: the application of a general schema to a particular instance' —> The child's attempt to categorize the squirrel as a cat is a classic example of assimilation.","YES","07/05/2026, 11:57:12"
"ann1","1777908154744t73nlmuqhdp","(zero-shot) 'work_out' (VERB_wn:00634906v) 'find the solution to (a problem or question) or understand the meaning of' —> I finally worked out the secret code.","YES","07/05/2026, 11:57:18"
"ann1","17779081547446m6kuhhlr0p","(zero-shot) 'fantastic' (ADJ_wn:01936778a) 'existing in fancy only; - Nathaniel Hawthorne' —> The dreamer wandered through a fantastic landscape of floating islands and silver rivers.","YES","07/05/2026, 11:57:25"
"ann1","1777908154744asiwawcpxuu","(zero-shot) 'usual' (ADJ_wn:00970610a) 'commonly encountered' —> He took his usual route to work.","YES","07/05/2026, 11:57:28"
"ann1","1777908154744xyf70yzdtqt","(zero-shot) 'trickery' (NOUN_wn:00752954n) 'the use of tricks to deceive someone (usually to extract money from them)' —> The con artist used clever trickery to steal the elderly woman's life savings.","YES","07/05/2026, 12:01:23"
"ann1","1777908154744ogdav8w0b","(zero-shot) 'turn_to' (VERB_wn:00897564v) 'speak to' —> She turned to her husband and whispered the secret.","YES","07/05/2026, 12:01:26"
"ann1","1777908154744vblq3fc722s","(zero-shot) 'defiance' (NOUN_wn:04907991n) 'intentionally contemptuous behavior or attitude' —> The student's defiance of the school rules led to a suspension.","YES","07/05/2026, 12:01:30"
"ann1","17779081547447go9ix2p2l","(zero-shot) 'risk' (VERB_wn:02545578v) 'expose to a chance of loss or damage' —> She risked her reputation by speaking out against the corrupt regime.","YES","07/05/2026, 12:01:36"
"ann1","1777908154744xizez52qelk","(zero-shot) 'confine' (VERB_wn:00233335v) 'place limits on (extent or access)' —> The committee decided to confine the discussion to the budget proposal.","YES","07/05/2026, 12:01:42"
"ann1","1777908154744884nyknhfir","(zero-shot) 'break' (VERB_wn:01369758v) 'ruin completely' —> The scandal broke his reputation.","YES","07/05/2026, 12:01:54"
"ann1","1777908154744hmqh8xofwnj","(zero-shot) 'impulse' (NOUN_wn:09180431n) 'an instinctive motive' —> She fought the sudden impulse to laugh during the solemn ceremony.","YES","07/05/2026, 12:02:14"
"ann1","1777908154744hp0p71nqjjm","(zero-shot) 'hood' (NOUN_wn:01748100n) '(zoology) an expandable part or marking that resembles a hood on the head or neck of an animal' —> The king cobra flared its impressive hood to intimidate the predator.","YES","07/05/2026, 12:02:24"
"ann1","1777908154744e72h5y6hhz","(zero-shot) 'adaptation' (NOUN_wn:06408779n) 'a written work (as a novel) that has been recast in a new form' —> The movie was a stunning adaptation of the original novel.","YES","07/05/2026, 12:02:32"
"ann1","1777908154744c9ane4btdo8","(zero-shot) 'works' (NOUN_wn:00577357n) 'performance of moral or religious acts' —> The monk dedicated his entire life to selfless works of charity.","YES","07/05/2026, 12:02:37"
"ann1","1777908154744zehrt0u7s","(zero-shot) 'swallow' (NOUN_wn:07579276n) 'a small amount of liquid food' —> She took a swallow of the warm broth.","YES","07/05/2026, 12:02:40"
"ann1","1777908154744jx49984un7","(zero-shot) 'draw' (VERB_wn:00097029v) 'cause to localize at one point' —> The magnet draws the iron filings into a pile.","YES","07/05/2026, 12:02:44"
"ann1","17779081547444jwhoz8lhud","(zero-shot) 'deaden' (VERB_wn:01608122v) 'cut a girdle around so as to kill by interrupting the circulation of water and nutrients' —> The gardener deadened the unwanted shoot by carefully slicing through the bark in a complete circle.","YES","07/05/2026, 12:02:54"
"ann1","1777908154744odzf706pdyo","(zero-shot) 'lot' (NOUN_wn:14473222n) 'your overall circumstances or condition in life (including everything that happens to you)' —> She worked tirelessly to improve her lot in life.","YES","07/05/2026, 12:03:04"
"ann1","1777908154744a26pyzui9d","(zero-shot) 'presentation' (NOUN_wn:06891022n) 'the act of making something publicly available; presenting news or other information by broadcasting or printing it' —> The television station's presentation of the breaking news reached a global audience.","YES","07/05/2026, 12:03:12"
"ann1","1777908154744rokj6zt6mpi","(zero-shot) 'flax' (NOUN_wn:14869829n) 'fiber of the flax plant that is made into thread and woven into linen fabric' —> The farmer harvested the flax in early summer.","YES","07/05/2026, 12:03:18"
"ann1","1777908154744y8iziwhrdo","(zero-shot) 'will' (NOUN_wn:06544142n) 'a legal document declaring a person's wishes regarding the disposal of their property when they die' —> The lawyer read the will to the gathered heirs.","YES","07/05/2026, 12:03:33"
"ann1","17779081547441uouwnuv5zu","(zero-shot) 'unintelligible' (ADJ_wn:01337121a) 'poorly articulated or enunciated, or drowned by noise' —> The announcement over the loudspeaker was completely unintelligible due to the static.","YES","07/05/2026, 12:03:37"
"ann1","1777908154744pxb6g8emvde","(zero-shot) 'credit' (NOUN_wn:13378518n) 'money available for a client to borrow' —> The bank approved the company's request for a line of credit.","YES","07/05/2026, 12:03:42"
"ann1","17779081547442b7wxeglkdo","(zero-shot) 'forced' (ADJ_wn:00073761a) 'lacking spontaneity; not natural' —> Her smile seemed forced during the awkward interview.","YES","07/05/2026, 12:03:46"
"ann1","17779081547442bkfomn17us","(zero-shot) 'glow' (NOUN_wn:05018785n) 'light from nonthermal sources' —> The deep-sea creatures emitted a soft, ethereal glow to communicate in the darkness.","YES","07/05/2026, 12:03:50"
"ann1","17779081547440u3gzlqzcdem","(zero-shot) 'casual' (ADJ_wn:01961205a) 'occurring from time to time' —> He maintains casual contact with his old friends.","YES","07/05/2026, 12:03:52"
"ann1","17779081547440qs9qndem89l","(zero-shot) 'good_fortune' (NOUN_wn:14473655n) 'an auspicious state resulting from favorable outcomes' —> She attributed her sudden good fortune to a lifetime of hard work.","YES","07/05/2026, 12:03:56"
"ann1","1777908154744o9fesc9bio","(zero-shot) 'deep' (ADJ_wn:02561391a) 'extending relatively far inward' —> The knife made a deep cut in the apple.","YES","07/05/2026, 12:04:04"
"ann1","17779081547448z0qor2mbpn","(zero-shot) 'disperse' (VERB_wn:02030424v) 'to cause to separate and go in different directions' —> The police ordered the crowd to disperse.","YES","07/05/2026, 12:04:08"
"ann1","1777908154744rgmprt605n","(zero-shot) 'mechanical' (ADJ_wn:01499686a) 'using (or as if using) mechanisms or tools or devices' —> The door has a mechanical latch.","YES","07/05/2026, 12:04:12"
"ann1","1777908154744nvulwexscxm","(zero-shot) 'visual' (ADJ_wn:02516148a) 'visible; - Shakespeare' —> The visual evidence provided a clear picture of the scene.","YES","07/05/2026, 12:04:17"
"ann1","177790815474415flxvgpys7","(zero-shot) 'bury' (VERB_wn:01234625v) 'place in the earth and cover with soil' —> The dog buried its bone in the garden.","YES","07/05/2026, 12:04:22"
"ann1","1777908154744q1p0kyoe1qm","(zero-shot) 'uniformity' (NOUN_wn:04769049n) 'a condition in which everything is regular and unvarying' —> The rows of identical houses created a sense of sterile uniformity throughout the neighborhood.","YES","07/05/2026, 12:04:26"
"ann1","1777908154744olfancz0r2","(zero-shot) 'barb' (NOUN_wn:06767922n) 'an aggressive remark directed at a person like a missile and intended to have a telling effect' —> She couldn't resist throwing a sharp barb at her rival during the debate.","YES","07/05/2026, 12:04:31"
"ann1","1777908154744ryruagd10p9","(zero-shot) 'recapture' (VERB_wn:01772363v) 'experience anew' —> She hoped to recapture the innocence of her youth.","YES","07/05/2026, 12:04:49"
"ann1","1777908154744toyjvq8azhi","(zero-shot) 'decay' (NOUN_wn:13456899n) 'the spontaneous disintegration of a radioactive substance along with the emission of ionizing radiation' —> The rapid decay of the isotope produced a strong burst of gamma rays.","YES","07/05/2026, 12:05:12"
"ann1","177790815474421o73cqr1q2","(zero-shot) 'tough' (ADJ_wn:00478311a) 'feeling physical discomfort or pain (`tough' is occasionally used colloquially for `bad')' —> I am feeling quite tough after the long climb.","YES","07/05/2026, 12:05:17"
"ann1","1777908154744flasiyqbd3","(zero-shot) 'get_rid_of' (VERB_wn:00471711v) 'terminate, end, or take out' —> I need to get rid of these old newspapers.","YES","07/05/2026, 12:05:28"
"ann1","17779081547444e6hv4qmziv","(zero-shot) 'pound' (VERB_wn:01302365v) 'shut up or confine in any enclosure or within any bounds or limits' —> The warden pounded the stray dogs into the city kennel.","YES","07/05/2026, 12:05:33"
"ann1","1777908154744bsgi2afdkcb","(zero-shot) 'pastoral' (ADJ_wn:02860564a) 'of or relating to a pastor' —> The priest provided pastoral care to his congregation.","YES","07/05/2026, 12:05:37"
"ann1","17779081547449ve0nq53u3p","(zero-shot) 'journalism' (NOUN_wn:00611674n) 'the profession of reporting or photographing or editing news stories for one of the media' —> Digital tools have fundamentally changed the landscape of modern journalism.","YES","07/05/2026, 12:05:42"
"ann1","1777908154744fu8gfdiv3yp","(zero-shot) 'back' (VERB_wn:00223109v) 'establish as valid or genuine' —> The witness backed his story with a series of dated photographs.","YES","07/05/2026, 12:05:47"
"ann1","1777908154744moin0pyz4s","(zero-shot) 'no_more' (ADV_wn:00031515r) 'not now' —> The rain falls no more.","YES","07/05/2026, 12:05:50"
"ann1","17779081547447evbalt4ck9","(zero-shot) 'state_of_mind' (NOUN_wn:14016114n) 'a temporary psychological state' —> Her state of mind shifted from anger to sadness in an instant.","YES","07/05/2026, 12:05:58"
"ann1","1777908154744rci2xrt3rc","(zero-shot) 'executive' (NOUN_wn:09770472n) 'someone who manages a government agency or department' —> The chief executive of the state's environmental agency announced a new policy to reduce carbon emissions.","YES","07/05/2026, 12:06:04"
"ann1","1777908154744y39o1zs77nk","(zero-shot) 'scale' (NOUN_wn:13816862n) 'the ratio between the size of something and a representation of it' —> The map's scale indicates that one inch equals ten miles.","YES","07/05/2026, 12:06:12"
"ann1","17779081547446nuh70holuv","(zero-shot) 'book' (VERB_wn:02599754v) 'register in a hotel booker' —> They booked the penthouse.","YES","07/05/2026, 12:06:19"
"ann1","1777908154744uqz0r5e3dm","(zero-shot) 'give_away' (VERB_wn:00933821v) 'make known to the public information that was previously known only to a few people or that was meant to be kept a secret' —> She accidentally gave away the surprise party plans.","YES","07/05/2026, 12:06:27"
"ann1","1777908154744c2s72ggs1as","(zero-shot) 'trump' (NOUN_wn:03110669n) 'a brass musical instrument with a brilliant tone; has a narrow tube and a flared bell and is played by means of valves' —> The royal herald blew a silver trump to signal the king's arrival.","YES","07/05/2026, 12:06:33"
"ann1","17779081547449boktiszn7r","(zero-shot) 'biting' (ADJ_wn:02079313a) 'capable of wounding' —> The biting wind sliced through his thin coat.","YES","07/05/2026, 12:06:39"
"ann1","1777908154744ros55lvj3h","(zero-shot) 'acknowledge' (VERB_wn:01059123v) 'express recognition of the presence or existence of, or acquaintance with' —> She acknowledged him with a brief nod.","YES","07/05/2026, 12:06:46"
"ann1","1777908154744dtkqugpr58","(zero-shot) 'confirmation' (NOUN_wn:01038895n) 'a ceremony held in the synagogue (usually at Pentecost) to admit as adult members of the Jewish community young men and women who have successfully completed a course of study in Judaism' —> The rabbi presided over the confirmation of the teenagers during the Shavuot festival.","YES","07/05/2026, 12:07:01"
"ann1","177790815474421mf2t83s29","(zero-shot) 'bet' (VERB_wn:01155687v) 'stake on the outcome of an issue' —> I bet ten dollars that the home team wins.","YES","07/05/2026, 12:07:07"
"ann1","1777908154744nntkxnw09b","(zero-shot) 'emerge' (VERB_wn:02625016v) 'happen or occur as a result of something' —> New issues emerged from the reorganization.","YES","07/05/2026, 12:07:12"
"ann1","17779081547443zhz2gvytyd","(zero-shot) 'fictitious' (ADJ_wn:01116857a) 'adopted in order to deceive' —> He used a fictitious name to hide his identity from the police.","YES","07/05/2026, 12:07:17"
"ann1","1777908154744syrxqp3gg6","(zero-shot) 'hold_back' (VERB_wn:02146790v) 'hold back; keep from being perceived by others' —> She struggled to hold back her tears during the ceremony.","YES","07/05/2026, 12:07:22"
"ann1","17779081547442suzpgzpyy8","(zero-shot) 'carrier' (NOUN_wn:01314145n) '(genetics) an organism that possesses a recessive gene whose effect is masked by a dominant allele; the associated trait is not apparent but can be passed on to offspring' —> The woman discovered she was a carrier of cystic fibrosis during her prenatal screening.","YES","07/05/2026, 12:07:27"
"ann1","177790815474472bk1b4skq5","(zero-shot) 'whistle' (NOUN_wn:04579432n) 'acoustic device that forces air or steam against an edge or into a cavity and so produces a loud shrill sound' —> The referee blew his silver whistle to signal the end of the match.","YES","07/05/2026, 12:07:36"
"ann1","1777908154744fbl49rd6qwa","(zero-shot) 'radial' (ADJ_wn:02373055a) 'arranged like rays or radii; radiating from a common center' —> The flower exhibits radial symmetry.","YES","07/05/2026, 12:07:41"
"ann1","17779081547443x4j9dg70bf","(zero-shot) 'outcome' (NOUN_wn:11410625n) 'a phenomenon that follows and is caused by some previous phenomenon' —> The final outcome of the trial remained uncertain until the jury reached a verdict.","YES","07/05/2026, 12:07:48"
"ann1","1777908154744oezljcdb22","(zero-shot) 'delicacy' (NOUN_wn:05751707n) 'refined taste; tact' —> He handled the sensitive situation with great delicacy.","YES","07/05/2026, 12:07:52"
"ann1","1777908154744m9py3tsc2yb","(zero-shot) 'dilution' (NOUN_wn:00362659n) 'weakening (reducing the concentration) by the addition of water or a thinner' —> The technician performed a careful dilution of the concentrated acid.","YES","07/05/2026, 12:08:08"
"ann1","1777908154744r7lcpn0tali","(zero-shot) 'break' (VERB_wn:02101373v) 'change directions suddenly' —> The startled horse broke right, nearly knocking over the fence.","YES","07/05/2026, 12:19:44"
"ann1","1777908154744wap5asknwwg","(zero-shot) 'get_into' (VERB_wn:00875000v) 'familiarize oneself thoroughly with' —> He spent the afternoon getting into the complex rules of the board game.","YES","07/05/2026, 12:19:49"
"ann1","1777908154744bqluiue3hbt","(zero-shot) 'reel' (NOUN_wn:00540211n) 'a lively dance of Scottish Highlanders; marked by circular moves and gliding steps' —> The dancers performed a spirited reel to the music of the bagpipes.","YES","07/05/2026, 12:19:57"
"ann1","1777908154744kulxccuizki","(zero-shot) 'depress' (VERB_wn:01574766v) 'press down' —> Carefully depress the lever to release the latch.","YES","07/05/2026, 12:20:06"
"ann1","1777908154744jamwunldti9","(zero-shot) 'bosom' (NOUN_wn:02876084n) 'cloth that covers the chest or breasts' —> The velvet bosom of her dress was adorned with intricate gold embroidery.","YES","07/05/2026, 12:20:09"
"ann1","1777908154744v7if1vyf3e","(zero-shot) 'contribute' (VERB_wn:02308741v) 'contribute to some cause' —> Many generous donors contribute to the children's hospital every year.","YES","07/05/2026, 12:20:14"
"ann1","17779081547442nelwlsr03g","(zero-shot) 'unrestricted' (ADJ_wn:00416651a) 'never having had security classification' —> The agency released the unrestricted documents to the general public.","YES","07/05/2026, 12:20:22"
"ann1","17779081547446y3orzqardo","(zero-shot) 'sight' (NOUN_wn:05623818n) 'the range of vision' —> The distant ship slowly faded from sight.","YES","07/05/2026, 12:20:26"
"ann1","1777908154744mv4uank27lm","(zero-shot) 'franchise' (NOUN_wn:08060193n) 'a business established or operated under an authorization to sell or distribute a company's goods or services in a particular area' —> He decided to open a fast-food franchise in the downtown area.","YES","07/05/2026, 12:20:33"
"ann1","1777908154744d8jtuqf9npt","(zero-shot) 'block' (VERB_wn:01476483v) 'block passage through' —> The fallen tree blocked the road.","YES","07/05/2026, 12:20:36"
"ann1","1777908154744e4k239ht5zl","(zero-shot) 'lentil' (NOUN_wn:12544240n) 'widely cultivated Eurasian annual herb grown for its edible flattened seeds that are cooked like peas and also ground into meal and for its leafy stalks that are used as fodder' —> The chef simmered a pot of red lentils for dinner.","YES","07/05/2026, 12:20:44"
"ann1","1777908154744j5vzbstkn7o","(zero-shot) 'unoccupied' (ADJ_wn:01313346a) 'not leased to or occupied by a tenant' —> The penthouse suite has been unoccupied since the previous owner moved out.","YES","07/05/2026, 12:21:01"
"ann1","1777908154744uvmaj2j29s","(zero-shot) 'thicken' (VERB_wn:00431117v) 'become thick or thicker' —> The sauce will thicken as it simmers on the stove.","YES","07/05/2026, 12:21:21"
"ann1","1777908154744cauvikl6h6s","(zero-shot) 'seize' (VERB_wn:02272549v) 'take possession of by force, as after an invasion' —> The invading army seized the royal palace during the initial assault.","YES","07/05/2026, 12:21:32"
"ann1","17779081547444soc0x2glgx","(zero-shot) 'detergent' (NOUN_wn:15097017n) 'a surface-active chemical widely used in industry and laundering' —> She poured the liquid detergent into the washing machine.","YES","07/05/2026, 12:22:42"
"ann1","1777908154744m6abv36ovgf","(zero-shot) 'indicator' (NOUN_wn:06639674n) 'a number or ratio (a value on a scale of measurement) derived from a series of observed facts; can reveal relative changes as a function of time' —> The consumer price index is a widely used indicator for tracking inflation over several years.","YES","07/05/2026, 12:22:58"
"ann1","177790815474446mo3tof8","(zero-shot) 'shed' (VERB_wn:01541803v) 'pour out in drops or small quantities or as if in drops or small quantities' —> She shed a single tear of joy.","YES","07/05/2026, 12:23:04"
"ann1","17779081547447m0waimi39f","(zero-shot) 'tangle' (NOUN_wn:05685879n) 'something jumbled or confused' —> The old fishing line had become a frustrating tangle of knots.","YES","07/05/2026, 12:23:12"
"ann1","1777908154744ekh3cp9t8g","(zero-shot) 'bowl' (VERB_wn:01146507v) 'engage in the sport of bowling' —> He bowls every Tuesday at the local alley.","YES","07/05/2026, 12:23:21"
"ann1","1777908154744xydpmzzfnwe","(zero-shot) 'feast' (NOUN_wn:07290144n) 'something experienced with great delight' —> The art gallery was a feast for the eyes.","YES","07/05/2026, 12:23:26"
"ann1","1777908154744b7mr1zf10ub","(zero-shot) 'short' (ADV_wn:00452624r) 'at a disadvantage' —> The underdog came up short in the final match.","YES","07/05/2026, 12:23:34"
"ann1","17779081547445d46wib76wn","(zero-shot) 'beset' (VERB_wn:01126700v) 'assail or attack on all sides:' —> The citadel was beset by the invading army for three months.","YES","07/05/2026, 12:23:39"
"ann1","1777908154744w7d9gxaukr","(zero-shot) 'firmly' (ADV_wn:00224700r) 'in a secure manner; in a manner free from danger' —> The heavy shelf was firmly bolted to the wall.","YES","07/05/2026, 12:23:44"
"ann1","17779081547443wnmqisrw92","(zero-shot) 'life' (NOUN_wn:15140892n) 'the period from the present until death' —> I plan to spend the rest of my life traveling.","YES","07/05/2026, 12:23:48"
"ann1","1777908154744fv148fv2jii","(zero-shot) 'pulse' (NOUN_wn:15280695n) 'the rate at which the heart beats; usually measured to obtain a quick evaluation of a person's health' —> The nurse carefully monitored the patient's pulse during the procedure.","YES","07/05/2026, 12:23:54"
"ann1","1777908154744aurpz8o2fd","(zero-shot) 'speculate' (VERB_wn:00927049v) 'talk over conjecturally, or review in an idle or casual way and with an element of doubt or without sufficient reason to reach a conclusion' —> The neighbors spent the entire afternoon speculating about who had moved into the mysterious old mansion on the corner.","YES","07/05/2026, 12:24:25"
"ann1","1777908154744tpz2c93snzh","(zero-shot) 'fair' (NOUN_wn:08408557n) 'gathering of producers to promote business' —> The company showcased its latest innovations at the international trade fair.","YES","07/05/2026, 12:24:34"
"ann1","1777908154744iaq9oi3t2s","(zero-shot) 'base' (NOUN_wn:06300193n) '(linguistics) the form of a word after all affixes are removed' —> In the word 'disagreement', the base is 'agree'.","YES","07/05/2026, 12:24:48"
"ann1","1777908154744jmo5dunw8w","(zero-shot) 'land' (NOUN_wn:08556491n) 'territory over which rule or control is exercised' —> The ancient king ruled over a vast and fertile land.","YES","07/05/2026, 12:24:52"
"ann1","17779081547441x03nj8v2fo","(zero-shot) 'frightened' (ADJ_wn:00080357a) 'thrown into a state of intense fear or desperation' —> The frightened kitten hid.","YES","07/05/2026, 12:24:55"
"ann1","177790815474432bokeuhcl","(zero-shot) 'pass' (VERB_wn:02523351v) 'go unchallenged; be approved' —> The bill passed the Senate.","YES","07/05/2026, 12:25:02"
"ann1","1777908154744hjvj4e5etew","(zero-shot) 'roll' (NOUN_wn:07680932n) 'small rounded bread either plain or sweet' —> I enjoyed a warm cinnamon roll for breakfast.","YES","07/05/2026, 12:25:06"
"ann1","1777908154744n7qk60g0nls","(zero-shot) 'improvement' (NOUN_wn:00248977n) 'the act of improving something' —> The company invested heavily in the improvement of its infrastructure.","YES","07/05/2026, 12:25:12"
"ann1","1777908154744vxdjbf3cvb","(zero-shot) 'depart' (VERB_wn:02383440v) 'remove oneself from an association with or participation in' —> He decided to depart from the political party after the scandal.","YES","07/05/2026, 12:25:15"
"ann1","1777908154744mnkb7d1uqq9","(zero-shot) 'chill' (NOUN_wn:07520112n) 'an almost pleasurable sensation of fright' —> The gothic atmosphere of the old manor sent a delightful chill down her spine.","YES","07/05/2026, 12:25:19"
"ann1","1777908154744fgy0m4o59fm","(zero-shot) 'round' (NOUN_wn:07662156n) 'a cut of beef between the rump and the lower leg' —> The butcher sliced the beef round into thin medallions.","YES","07/05/2026, 12:25:23"
"ann1","1777908154744l44pnbe53bm","(zero-shot) 'stop' (NOUN_wn:07115914n) 'a consonant produced by stopping the flow of air at some point and suddenly releasing it' —> The sound /p/ is a voiceless bilabial stop.","YES","07/05/2026, 12:25:30"
"ann1","1777908154744cpx43kfl5wu","(zero-shot) 'heroic' (ADJ_wn:02740508a) 'relating to or characteristic of heroes of antiquity' —> The ancient bards sang of the heroic exploits of Achilles.","YES","07/05/2026, 12:25:36"
"ann1","1777908154744tzt0dcz5uz","(zero-shot) 'pope' (NOUN_wn:10453533n) 'the head of the Roman Catholic Church' —> The pope lives in Vatican City.","YES","07/05/2026, 12:25:40"
"ann1","1777908154744j191fushzxl","(zero-shot) 'view' (VERB_wn:00690614v) 'deem to be' —> Experts view the discovery as a breakthrough.","YES","07/05/2026, 12:25:43"
"ann1","177790815474472ksf6m3q5","(zero-shot) 'reel' (NOUN_wn:00539674n) 'an American country dance which starts with the couples facing each other in two lines' —> The guests danced a lively reel to the sound of the fiddle.","YES","07/05/2026, 12:25:48"
"ann1","1777908154744eeqhi4lxyt","(zero-shot) 'economical' (ADJ_wn:00840212a) 'using the minimum of time or resources necessary for effectiveness' —> The author's economical prose conveyed a wealth of emotion with very few words.","YES","07/05/2026, 12:25:52"
"ann1","1777908154744fmpolc9fegj","(zero-shot) 'bang' (VERB_wn:01426397v) 'have sexual intercourse with' —> They banged all night.","YES","07/05/2026, 12:25:58"
"ann1","1777908154744x3qnfedhuu8","(zero-shot) 'heave' (VERB_wn:01507792v) 'throw with great effort' —> She heaved the boulder into the lake.","YES","07/05/2026, 12:26:00"
"ann1","1777908154744rlvroxiswyd","(zero-shot) 'operation' (NOUN_wn:00955060n) 'activity by a military or naval force (as a maneuver or campaign)' —> The special forces conducted a secret operation behind enemy lines.","YES","07/05/2026, 12:26:04"
"ann1","1777908154744h801lj2yz","(zero-shot) 'age' (VERB_wn:00248026v) 'grow old or older' —> She aged gracefully over the decades.","YES","07/05/2026, 12:26:06"
"ann1","177790815474423bi86a188x","(zero-shot) 'vicar' (NOUN_wn:10750031n) 'a Roman Catholic priest who acts for another higher-ranking clergyman' —> The vicar managed the parish duties in the absence of the bishop.","YES","07/05/2026, 12:26:09"
"ann1","1777908154744sxxpz8gf7ea","(zero-shot) 'restrict' (VERB_wn:02509287v) 'place under restrictions; limit access to' —> The security team restricted entry to the laboratory.","YES","07/05/2026, 12:26:14"
"ann1","17779081547448zogtwx8z5h","(zero-shot) 'answer' (NOUN_wn:06743506n) 'a statement that solves a problem or explains how to solve the problem' —> The student wrote the correct answer on the chalkboard.","YES","07/05/2026, 12:26:21"
"ann1","1777908154744lxsw1l1tv09","(zero-shot) 'equality' (NOUN_wn:04747899n) 'the quality of being the same in quantity or measure or value or status' —> The law promotes equality among all citizens.","YES","07/05/2026, 12:26:25"
"ann1","17779081547443rkhte72j53","(zero-shot) 'terminal' (NOUN_wn:04413419n) 'electronic equipment consisting of a device providing access to a computer; has a keyboard and display' —> The technician repaired the outdated terminal in the server room.","YES","07/05/2026, 12:26:30"
"ann1","1777908154744vtsclx90jib","(zero-shot) 'agitation' (NOUN_wn:00333366n) 'the act of agitating something; causing it to move around (usually vigorously)' —> The constant agitation of the liquid ensured that the chemicals mixed thoroughly.","YES","07/05/2026, 12:26:39"
"ann1","1777908154744bq6ytuvpuc","(zero-shot) 'compression' (NOUN_wn:07313241n) 'the process or result of becoming smaller or pressed together' —> The gas underwent rapid compression within the engine cylinder.","YES","07/05/2026, 12:26:41"
"ann1","17779081547446atsbi78hcu","(zero-shot) 'free' (VERB_wn:01475953v) 'free or remove obstruction from' —> The mechanic freed the jammed gear.","YES","07/05/2026, 12:26:44"
"ann1","1777908154744md0i2ix199q","(zero-shot) 'together' (ADV_wn:00116994r) 'assembled in one place' —> The family gathered together for the holiday.","YES","07/05/2026, 12:26:47"
"ann1","1777908154744ipi8vgr21k8","(zero-shot) 'fit' (VERB_wn:02339413v) 'provide with (something) usually for a specific purpose' —> The technician fitted the workshop with a new ventilation system.","YES","07/05/2026, 12:26:53"
"ann1","1777908154744knyyxzuib5r","(zero-shot) 'adhere' (VERB_wn:02638630v) 'be loyal to' —> She continued to adhere to her principles despite the immense pressure to conform.","YES","07/05/2026, 12:27:04"
"ann1","1777908154744mafoemsndc","(zero-shot) 'essential' (ADJ_wn:02722988a) 'being or relating to or containing the essence of a plant etc' —> Lavender essential oil has a soothing aroma.","YES","07/05/2026, 12:27:08"
"ann1","1777908154744aeg5e2syiwt","(zero-shot) 'grow' (VERB_wn:00094460v) 'come to have or undergo a change of (physical features and attributes)' —> The young boy grew several inches over the summer.","YES","07/05/2026, 12:27:19"
"ann1","177790815474443du3i9vphc","(zero-shot) 'destruction' (NOUN_wn:14562960n) 'a final state' —> The ruins stood as a testament to the absolute destruction of the city.","YES","07/05/2026, 12:27:29"
"ann1","17779081547440yakt0kvs8yr","(zero-shot) 'offset' (VERB_wn:02232044v) 'cause (printed matter) to transfer or smear onto another surface' —> The heavy black ink offset onto the facing page of the magazine.","YES","07/05/2026, 12:27:38"
"ann1","17779081547441cx5qfpjwdj","(zero-shot) 'minister' (NOUN_wn:00585810n) 'the job of a head of a government department' —> The finance minister proposed a new budget to the parliament.","YES","07/05/2026, 12:27:44"
"ann1","1777908154744cy6y0mah33","(zero-shot) 'pupil' (NOUN_wn:10665698n) 'a learner who is enrolled in an educational institution' —> The teacher praised the diligent pupil for her hard work.","YES","07/05/2026, 15:03:40"
"ann1","1777908154744jdacw1hqzpg","(zero-shot) 'gallery' (NOUN_wn:03411927n) 'a long usually narrow room used for some specific purpose' —> The public gallery of the courtroom was packed with eager journalists.","YES","07/05/2026, 15:03:44"
"ann1","1777908154744hneaov43q8","(zero-shot) 'slang' (NOUN_wn:07159467n) 'informal language consisting of words and expressions that are not considered appropriate for formal occasions; often vituperative or vulgar' —> The professor warned the students against using slang in their academic essays.","YES","07/05/2026, 15:03:48"
"ann1","17779081547443x29kbfcjn5","(zero-shot) 'moderator' (NOUN_wn:10326087n) 'someone who mediates disputes and attempts to avoid violence' —> The skilled moderator intervened during the heated argument to ensure the situation did not turn physical.","YES","07/05/2026, 15:03:53"
"ann1","1777908154744oa61zh2gw4r","(zero-shot) 'turn' (NOUN_wn:15292069n) 'a time for working (after which you will be relieved by someone else)' —> The sentries took turns patrolling the perimeter.","YES","07/05/2026, 15:03:57"
"ann1","1777908154744zib7mmcjhm","(zero-shot) 'manchester' (NOUN_wn:08876975n) 'a city in northwestern England (30 miles to the east of Liverpool); heart of the most densely populated area of England' —> Manchester is famous for its football clubs.","YES","07/05/2026, 15:04:04"
"ann1","1777908154744lgdeqqlxftg","(zero-shot) 'romance' (NOUN_wn:06369216n) 'a novel dealing with idealized events remote from everyday life' —> The ancient romance featured knights on a quest for a mystical chalice.","YES","07/05/2026, 15:04:06"
"ann1","1777908154744jjspxa24o7","(zero-shot) 'redeem' (VERB_wn:02551602v) 'save from sins' —> Only a divine act of grace could redeem the wretched soul.","YES","07/05/2026, 15:04:11"
"ann1","177790815474440mhxnw42sm","(zero-shot) 'educational' (ADJ_wn:01324565a) 'providing knowledge' —> The museum offered an educational experience for all visitors.","YES","07/05/2026, 15:04:14"
"ann1","1777908154744j75xagztk","(zero-shot) 'column' (NOUN_wn:03074380n) 'a vertical cylindrical structure standing alone and not supporting anything (such as a monument)' —> The massive victory column stood solitary in the middle of the town square.","YES","07/05/2026, 15:04:18"
"ann1","1777908154744t7dfe6cwmbo","(zero-shot) 'lead' (VERB_wn:01999798v) 'take somebody somewhere' —> The guide led the group through the dense forest.","YES","07/05/2026, 15:04:21"
"ann1","17779081547449gvyadebs","(zero-shot) 'care' (NOUN_wn:07505047n) 'a cause for feeling concern' —> She moved to the countryside to escape the cares of city life.","YES","07/05/2026, 15:04:29"
"ann1","17779081547449f5yi6ewi99","(zero-shot) 'beg' (VERB_wn:02270815v) 'ask to obtain free' —> The street musician begged for a few coins from the passersby.","YES","07/05/2026, 15:04:53"
"ann1","1777908154745m5aaaqdgc4o","(zero-shot) 'pertinent' (ADJ_wn:01975833a) 'having precise or logical relevance to the matter at hand' —> The witness provided pertinent evidence that changed the verdict.","YES","07/05/2026, 15:05:04"
"ann1","1777908154745l2rf1ut26rl","(zero-shot) 'fit' (VERB_wn:00300537v) 'make fit' —> The tailor fitted the jacket to the customer's frame.","YES","07/05/2026, 15:05:06"
"ann1","1777908154745w7grp5nb71e","(zero-shot) 'zone' (NOUN_wn:08541841n) 'any of the regions of the surface of the Earth loosely divided according to latitude or longitude' —> The temperate zone experiences four distinct seasons.","YES","07/05/2026, 15:05:09"
"ann1","17779081547451tdiispun6a","(zero-shot) 'sweep' (VERB_wn:01393996v) 'clean by sweeping' —> I sweep the kitchen floor every morning.","YES","07/05/2026, 15:05:13"
"ann1","17779081547451rhcf5km882","(zero-shot) 'blackberry' (NOUN_wn:12653762n) 'bramble with sweet edible black or dark purple berries that usually do not separate from the receptacle' —> I enjoy eating fresh blackberries.","NO","07/05/2026, 15:05:18"
"ann1","1777908154745ugjzb3w9ts","(zero-shot) 'contempt' (NOUN_wn:06715927n) 'open disrespect for a person or thing' —> The aristocrat viewed the peasants with utter contempt.","YES","07/05/2026, 15:05:23"
"ann1","1777908154745yfelcrlycdg","(zero-shot) 'commitment' (NOUN_wn:06684383n) 'a message that makes a pledge' —> The ambassador's formal commitment was sent via encrypted cable.","YES","07/05/2026, 15:05:31"
"ann1","17779081547456opko20764w","(zero-shot) 'rig' (NOUN_wn:04091097n) 'gear (including necessary machinery) for a particular enterprise' —> The engineers meticulously assembled the drilling rig before starting the operation.","YES","07/05/2026, 15:05:36"
"ann1","1777908154745168f3l2md3q","(zero-shot) 'modest' (ADJ_wn:01537885a) 'not offensive to sexual mores in conduct or appearance' —> She wore a modest dress to the wedding.","YES","07/05/2026, 15:05:51"
"ann1","1777908154745e5t9x98yzb8","(zero-shot) 'deep' (ADJ_wn:01385046a) 'large in quantity or size' —> The billionaire has deep pockets.","YES","07/05/2026, 15:06:03"
"ann1","177790815474522fhxt7hs3g","(zero-shot) 'hoop' (NOUN_wn:03534429n) 'a light curved skeleton to spread out a skirt' —> The Victorian lady wore a wide hoop under her gown to give the fabric a voluminous shape.","YES","07/05/2026, 15:06:29"
"ann1","1777908154745b74bjv0qgi","(zero-shot) 'localize' (VERB_wn:02509919v) 'restrict something to a particular area' —> The firefighters worked quickly to localize the blaze within the warehouse.","YES","07/05/2026, 15:06:39"
"ann1","1777908154745n9mz1ojfqy","(zero-shot) 'tension' (NOUN_wn:11515051n) '(physics) a stress that produces an elongation of an elastic physical body' —> The tension in the guitar string determines the pitch of the note.","YES","07/05/2026, 15:30:07"
"ann1","1777908154745aji4q0eyr2h","(zero-shot) 'round' (NOUN_wn:04119892n) 'a crosspiece between the legs of a chair' —> The carpenter carefully sanded the round of the wooden chair.","YES","07/05/2026, 15:30:14"
"ann1","1777908154745phd8jzhw5q","(zero-shot) 'prime_minister' (NOUN_wn:09907196n) 'the person who holds the position of head of the government in the United Kingdom' —> The prime minister delivered a speech today.","YES","07/05/2026, 15:30:17"
"ann1","1777908154745wwjez538i8b","(zero-shot) 'bite' (NOUN_wn:07579076n) 'a small amount of solid food; a mouthful' —> She took a quick bite of the cake.","YES","07/05/2026, 15:30:26"
"ann1","177790815474524zewhdeuzy","(zero-shot) 'median' (ADJ_wn:00331030a) 'relating to or situated in or extending toward the middle' —> The surgeon carefully avoided the median nerve during the procedure.","YES","07/05/2026, 15:30:30"
"ann1","17779081547450xxvl3yrlrk","(zero-shot) 'visibility' (NOUN_wn:04702545n) 'capability of providing a clear unobstructed view' —> The dense fog significantly reduced visibility for the drivers on the highway.","YES","07/05/2026, 15:30:52"
"ann1","1777908154745e09j6cd9ffq","(zero-shot) 'preference' (NOUN_wn:07498210n) 'a strong liking' —> She has a preference for chocolate over vanilla.","YES","07/05/2026, 15:31:01"
"ann1","1777908154745u1zzp0xnhw","(zero-shot) 'refer' (VERB_wn:00931467v) 'have as a meaning' —> The word 'aurora' refers to the natural light display in the sky.","YES","07/05/2026, 15:31:07"
"ann1","1777908154745amk1ml3yla6","(zero-shot) 'curb' (NOUN_wn:02701871n) 'a stock exchange in New York' —> The curb was a popular place for brokers to trade unlisted shares.","YES","07/05/2026, 15:31:12"
"ann1","177790815474584m12lqhdei","(zero-shot) 'quantifier' (NOUN_wn:06302381n) '(grammar) a word that expresses a quantity (as `fifteen' or `many')' —> The linguist explained that 'all' is a common quantifier used in English.","YES","07/05/2026, 15:31:18"
"ann1","1777908154745w3mwxyuudzl","(zero-shot) 'sturdy' (ADJ_wn:02038994a) 'having rugged physical strength; inured to fatigue or hardships' —> The sturdy laborer worked long hours under the blazing sun.","YES","07/05/2026, 15:31:23"
"ann1","1777908154745enx4fdl4o2o","(zero-shot) 'charity' (NOUN_wn:12809626n) 'pinnate-leaved European perennial having bright blue or white flowers' —> The vibrant blue charity bloomed in the garden.","YES","07/05/2026, 15:31:29"
"ann1","1777908154745vv1i51mb5k","(zero-shot) 'singular' (ADJ_wn:02215087a) 'the single one of its kind' —> She possesses a singular talent.","YES","07/05/2026, 15:31:32"
"ann1","1777908154745mvix7ab58oh","(zero-shot) 'freeze' (VERB_wn:00445711v) 'change from a liquid to a solid when cold' —> Water freezes at zero degrees Celsius.","YES","07/05/2026, 15:31:43"
"ann2","17779081547440q4yptn64u5","(zero-shot) 'drive' (NOUN_wn:00798245n) 'a series of actions advancing a principle or tending toward a particular end' —> The city launched a massive recycling drive to reduce landfill waste.","YES","04/05/2026, 17:23:34"
"ann2","1777908154744kgtaqsaq9vr","(zero-shot) 'bring_up' (VERB_wn:01025246v) 'put forward for consideration or discussion' —> She brought up the issue of budget cuts during the conference.","YES","04/05/2026, 17:23:40"
"ann2","1777908154744fe4udbmuqw","(zero-shot) 'swear' (VERB_wn:01011031v) 'to declare or affirm solemnly and formally as true' —> The witness swore an oath in court.","YES","04/05/2026, 17:23:58"
"ann2","1777908154744jg8ssxim9d8","(zero-shot) 'sphere' (NOUN_wn:08521267n) 'the apparent surface of the imaginary sphere on which celestial bodies appear to be projected' —> Ancient astronomers mapped the positions of the stars upon the celestial sphere.","YES","04/05/2026, 22:15:52"
"ann2","1777908154744sygwnb7w6wg","(zero-shot) 'capitalize' (VERB_wn:00731000v) 'consider expenditures as capital assets rather than expenses' —> The company decided to capitalize the cost of the new machinery.","YES","04/05/2026, 22:15:59"
"ann2","1777908154744ijps2hts1n","(zero-shot) 'victim' (NOUN_wn:10752480n) 'a person who is tricked or swindled' —> The unsuspecting victim lost all his savings to the clever phishing scam.","YES","04/05/2026, 22:16:08"
"ann2","1777908154744baxwpdxtgne","(zero-shot) 'vowel' (NOUN_wn:07114712n) 'a letter of the alphabet standing for a spoken vowel' —> Every English word contains at least one vowel.","YES","04/05/2026, 22:16:18"
"ann2","1777908154744wls8xjvvor","(zero-shot) 'draw' (NOUN_wn:03233423n) 'anything (straws or pebbles etc.) taken or chosen at random' —> The draw decided who would perform the task.","YES","04/05/2026, 22:16:33"
"ann2","17779081547449e2barya1zt","(zero-shot) 'fanciful' (ADJ_wn:01936528a) 'not based on fact; unreal; - F.D.Roosevelt' —> The architect's fanciful design for the skyscraper included cascading waterfalls and hanging gardens.","YES","04/05/2026, 22:16:46"
"ann2","17779081547443porkbbp22","(zero-shot) 'familiarity' (NOUN_wn:04912240n) 'a casual manner' —> The new employee's familiarity with the manager was viewed as disrespectful by the rest of the staff.","YES","04/05/2026, 22:16:56"
"ann2","17779081547446yh21gthoyu","(zero-shot) 'take' (VERB_wn:01156834v) 'serve oneself to, or consume regularly' —> I take a multivitamin every day.","YES","04/05/2026, 22:17:05"
"ann2","177790815474458pzbj3tasf","(zero-shot) 'stop' (NOUN_wn:02853449n) 'an obstruction in a pipe or tube' —> The plumber worked quickly to remove the stop from the water line.","YES","04/05/2026, 22:17:15"
"ann2","1777908154744x0jvc1t84q9","(zero-shot) 'shock' (NOUN_wn:07962500n) 'a bushy thick mass (especially hair)' —> The boy had a shock of bright red hair.","YES","04/05/2026, 22:17:24"
"ann2","1777908154744wc2zy6y9zmm","(zero-shot) 'everyday' (ADJ_wn:00970947a) 'commonplace and ordinary' —> The gallery displayed an exhibit of everyday objects.","YES","04/05/2026, 22:17:34"
"ann2","177790815474476s70iwzb7c","(zero-shot) 'immerse' (VERB_wn:01577635v) 'thrust or throw into' —> He immersed the fabric in the blue dye.","YES","04/05/2026, 22:17:43"
"ann2","1777908154744c7p76haub5i","(zero-shot) 'together' (ADV_wn:00507927r) 'in each other's company' —> The couple spent the entire weekend together.","YES","04/05/2026, 22:17:54"
"ann2","17779081547440xeuif51fci","(zero-shot) 'pledge' (NOUN_wn:07884413n) 'a drink in honor of or to the health of a person or event' —> The guests raised their glasses for a celebratory pledge to the bride and groom.","YES","04/05/2026, 22:18:03"
"ann2","1777908154744fvjzpjiybme","(zero-shot) 'reservation' (NOUN_wn:05795460n) 'something reserved in advance (as a hotel accommodation or a seat on a plane etc.)' —> I made a reservation for a table of four at the new bistro.","YES","04/05/2026, 22:18:14"
"ann2","1777908154744ju8kg278xf","(zero-shot) 'collective' (ADJ_wn:00298293a) 'set up on the principle of collectivism or ownership and production by the workers involved usually under the supervision of a government' —> The rural community operated a collective dairy.","YES","04/05/2026, 22:18:24"
"ann2","1777908154744b5tv5pvbrtd","(zero-shot) 'richness' (NOUN_wn:04989015n) 'the property of a sensation that is rich and pleasing' —> The creamy richness of the truffle sauce was truly decadent.","YES","04/05/2026, 22:18:34"
"ann2","1777908154744xcx3ewj9gvm","(zero-shot) 'warmth' (NOUN_wn:07546279n) 'a warmhearted feeling' —> She greeted her guests with a genuine warmth that made everyone feel instantly welcome.","YES","04/05/2026, 22:18:45"
"ann2","1777908154744u11c0xyx0xj","(zero-shot) 'administration' (NOUN_wn:01135952n) 'a method of tending to or managing the affairs of a some group of people (especially the group's business affairs)' —> Effective administration is crucial for the smooth operation of any large corporation.","YES","04/05/2026, 22:18:53"
"ann2","17779081547444s6sjqmrzml","(zero-shot) 'gossip' (NOUN_wn:07223170n) 'a report (often malicious) about the behavior of other people' —> The town was filled with vicious gossip regarding the mayor's secret affair.","YES","04/05/2026, 22:19:03"
"ann2","1777908154744fqq17y1i6eh","(zero-shot) 'minister' (NOUN_wn:10320695n) 'a diplomat representing one government to another; ranks below ambassador' —> The resident minister coordinated the diplomatic communications between the two nations.","YES","04/05/2026, 22:19:10"
"ann2","1777908154744rx87pa6fz8","(zero-shot) 'scene' (NOUN_wn:07360841n) 'an incident (real or imaginary)' —> He made a scene in the restaurant after finding a hair in his soup.","NO","04/05/2026, 22:19:26"
"ann2","1777908154744izn25q4u81q","(zero-shot) 'come_up' (VERB_wn:02721840v) 'be mentioned' —> The topic of salary came up during the interview.","YES","04/05/2026, 22:19:36"
"ann2","17779081547447yo1qz83l","(zero-shot) 'comfort' (NOUN_wn:01211185n) 'assistance, such as that provided to an enemy or to a known criminal' —> He was charged with providing aid and comfort to the enemy during the rebellion.","YES","04/05/2026, 22:19:47"
"ann2","1777908154744ycq2t2jdbso","(zero-shot) 'strike_out' (VERB_wn:01509280v) 'put out or be put out by a strikeout' —> The star pitcher struck out twelve batters in a dominant performance.","YES","04/05/2026, 22:19:56"
"ann2","1777908154744x47y1fvmbe","(zero-shot) 'hack' (VERB_wn:01257173v) 'cut with a hacking tool' —> The explorer hacked through the dense undergrowth.","YES","04/05/2026, 22:20:07"
"ann2","1777908154744gink4ghcyb4","(zero-shot) 'command' (VERB_wn:00751887v) 'be in command of' —> The general commanded the entire army during the campaign.","YES","04/05/2026, 22:20:16"
"ann2","1777908154744uutd8zmg6ud","(zero-shot) 'rush' (VERB_wn:02059770v) 'run with the ball, in football' —> The running back rushed for ten yards.","YES","04/05/2026, 22:20:26"
"ann2","1777908154744olcz8ze5jza","(zero-shot) 'scrape' (VERB_wn:01308160v) 'scratch repeatedly' —> I had to scrape the ice off my windshield this morning.","YES","04/05/2026, 22:20:39"
"ann2","1777908154744um90lxmfo1l","(zero-shot) 'submerge' (VERB_wn:00217700v) 'fill or cover completely, usually with water' —> The heavy rains caused the river to submerge the nearby town.","YES","04/05/2026, 22:20:49"
"ann2","177790815474461yulyztbdi","(zero-shot) 'appeal' (NOUN_wn:04687333n) 'attractiveness that interests or pleases or stimulates' —> The vintage design of the cafe gives it a certain timeless appeal.","YES","04/05/2026, 22:20:58"
"ann2","17779081547449pb96vjqokn","(zero-shot) 'take_out' (VERB_wn:01352390v) 'remove something from a container or an enclosed space' —> She took out her phone.","YES","04/05/2026, 22:21:06"
"ann2","1777908154744qi4y9mw7q18","(zero-shot) 'fidelity' (NOUN_wn:04876985n) 'the quality of being faithful' —> Her unwavering fidelity to the cause inspired everyone.","YES","04/05/2026, 22:21:17"
"ann2","1777908154744l6j9hrdygaa","(zero-shot) 'suspension' (NOUN_wn:00209132n) 'a temporary debarment (from a privilege or position etc)' —> The athlete's suspension lasted for the entire season due to a doping violation.","YES","04/05/2026, 22:21:25"
"ann2","1777908154744326qpcnd8f6","(zero-shot) 'stately' (ADJ_wn:01283508a) 'impressive in appearance' —> The stately manor stood atop the hill.","YES","04/05/2026, 22:21:36"
"ann2","17779081547444t72w09nnk7","(zero-shot) 'exclude' (VERB_wn:01468576v) 'put out or expel from a place' —> The guards excluded the intruders from the premises.","YES","04/05/2026, 22:22:54"
"ann2","1777908154744wnxr2momz5g","(zero-shot) 'environment' (NOUN_wn:13934596n) 'the totality of surrounding conditions' —> A healthy work environment increases productivity.","YES","04/05/2026, 22:23:03"
"ann2","17779081547444rglaltvvps","(zero-shot) 'indoor' (ADJ_wn:00953127a) 'within doors' —> The children played an indoor game during the rain.","YES","04/05/2026, 22:23:12"
"ann2","1777908154744uskrcx8f5kd","(zero-shot) 'magnify' (VERB_wn:00839834v) 'to enlarge beyond bounds or the truth' —> Gossip magnifies small errors.","YES","04/05/2026, 22:23:24"
"ann2","1777908154744etpqdst2frj","(zero-shot) 'solid' (ADJ_wn:00291181a) 'uninterrupted in space; having no gaps or breaks' —> The sculptor carved a figure from a solid piece of marble.","YES","04/05/2026, 22:23:31"
"ann2","17779081547440acog3njncfa","(zero-shot) 'academy' (NOUN_wn:08277805n) 'a school for special training' —> The police academy trains new recruits in law enforcement.","YES","04/05/2026, 22:23:39"
"ann2","1777908154744wtij6yos8p","(zero-shot) 'energetic' (ADJ_wn:00873603a) 'possessing or exerting or displaying energy' —> The puppy is very energetic.","YES","04/05/2026, 22:23:46"
"ann2","1777908154744l296ndnxnf","(zero-shot) 'victimize' (VERB_wn:02500619v) 'punish unjustly' —> The manager decided to victimize the new employee for a mistake he didn't commit.","YES","04/05/2026, 22:23:54"
"ann2","1777908154744rkhgyojg01j","(zero-shot) 'scene' (NOUN_wn:14406303n) 'a display of bad temper' —> He caused a scene at the grocery store when they ran out of his favorite cereal.","YES","04/05/2026, 22:24:03"
"ann2","1777908154744u9gqfs99wz","(zero-shot) 'ease' (VERB_wn:01815185v) 'lessen the intensity of or calm' —> The soothing music helped ease her anxiety.","YES","04/05/2026, 22:24:12"
"ann2","17779081547448y4kodzoz2l","(zero-shot) 'illicit' (ADJ_wn:01403760a) 'contrary to or forbidden by law' —> The agents uncovered an illicit smuggling operation.","YES","04/05/2026, 22:24:21"
"ann2","1777908154744x51o07i5g48","(zero-shot) 'concentrated' (ADJ_wn:00757923a) 'being the most concentrated solution possible at a given temperature; unable to dissolve still more of a substance' —> The chemist prepared a concentrated brine that could not hold an additional grain of sodium chloride.","YES","04/05/2026, 22:24:33"
"ann2","1777908154744oddpp2vmv2","(zero-shot) 'punch' (NOUN_wn:07930554n) 'an iced mixed drink usually containing alcohol and prepared for multiple servings; normally served in a punch bowl' —> The host served a fruity punch at the party.","YES","04/05/2026, 22:24:43"
"ann2","1777908154744kn3drjkhsv","(zero-shot) 'break_off' (VERB_wn:00362348v) 'prevent completion' —> The sudden noise broke off his sentence.","YES","04/05/2026, 22:24:54"
"ann2","1777908154744lo94rtjecwd","(zero-shot) 'astringent' (ADJ_wn:00189580a) 'tending to draw together or constrict soft organic tissue' —> She used a witch hazel toner for its astringent properties to tighten her skin.","YES","04/05/2026, 22:25:03"
"ann2","177790815474470ljk5665yj","(zero-shot) 'bid' (VERB_wn:02240674v) 'make a serious effort to attain something' —> The team is bidding for the championship.","YES","04/05/2026, 22:25:14"
"ann2","1777908154744ldl9xkxft2d","(zero-shot) 'fade' (VERB_wn:00224651v) 'become less clearly visible or distinguishable; disappear gradually or seemingly' —> The colors of the old photograph began to fade over time.","YES","04/05/2026, 22:25:24"
"ann2","17779081547440sjp94uwqk8b","(zero-shot) 'cover' (NOUN_wn:02849154n) 'bedding that keeps a person warm in bed' —> She pulled the covers up to her chin to stay cozy during the winter storm.","YES","04/05/2026, 22:25:35"
"ann2","1777908154744dgg6jlmkrhd","(zero-shot) 'interior' (ADJ_wn:00951831a) 'located inward; - Leonard Bernstein; - David Denby; - A.R.Gurney,Jr.' —> The interior walls of the building were painted white.","YES","04/05/2026, 22:25:45"
"ann2","1777908154744ef7grwazpiq","(zero-shot) 'camp' (NOUN_wn:02945379n) 'a penal institution (often for forced labor)' —> The prisoners were marched to the labor camp every morning.","YES","04/05/2026, 22:25:53"
"ann2","1777908154744iule7ur3tq","(zero-shot) 'semiconductor' (NOUN_wn:04171831n) 'a conductor made with semiconducting material' —> The modern computer chip relies on a high-performance semiconductor to process data.","YES","04/05/2026, 22:26:04"
"ann2","1777908154744z7p4sswspt","(zero-shot) 'get_up' (VERB_wn:00096648v) 'develop' —> They got up a plan to surprise her for her birthday.","YES","04/05/2026, 22:26:16"
"ann2","1777908154744f24dffjqxzj","(zero-shot) 'trust' (NOUN_wn:08236621n) 'a consortium of independent organizations formed to limit competition by controlling the production and distribution of a product or service' —> The government passed laws to break up the massive oil trust.","YES","04/05/2026, 22:26:27"
"ann2","1777908154744ao90fqwxop","(zero-shot) 'under' (ADV_wn:00486296r) 'below some quantity or limit' —> The final bid came in under.","YES","04/05/2026, 22:26:38"
"ann2","1777908154744npmqqfii8c","(zero-shot) 'ass' (NOUN_wn:00846021n) 'slang for sexual intercourse' —> He spent the night trying to get some ass.","YES","04/05/2026, 22:26:47"
"ann2","1777908154744g5ic0zmr668","(zero-shot) 'railway' (NOUN_wn:04048075n) 'a line of track providing a runway for wheels' —> The high-speed train glided smoothly along the coastal railway.","YES","04/05/2026, 22:26:55"
"ann2","1777908154744advxter5xjh","(zero-shot) 'ambitious' (ADJ_wn:00104051a) 'having a strong desire for success or achievement' —> Ambitious employees work long hours.","YES","04/05/2026, 22:27:03"
"ann2","1777908154744psys2joenii","(zero-shot) 'spread' (VERB_wn:02060141v) 'move outward' —> The ripple spread across the pond.","YES","04/05/2026, 22:27:13"
"ann2","1777908154744hvbdilztkaa","(zero-shot) 'charity' (NOUN_wn:08055824n) 'an institution set up to provide help to the needy' —> The local charity provides free meals to the homeless every Sunday.","YES","04/05/2026, 22:27:22"
"ann2","1777908154744nuf1eelbj9","(zero-shot) 'contour' (NOUN_wn:05851517n) 'a feature (or the order or arrangement of features) of anything having a complex structure' —> The politician struggled to define the contours of his new social policy.","YES","04/05/2026, 22:27:31"
"ann2","1777908154744wiz6bcyl1if","(zero-shot) 'repeat' (VERB_wn:01727490v) 'repeat an earlier theme of a composition' —> The symphony repeats the haunting motif of the opening movement in its grand finale.","YES","04/05/2026, 22:27:41"
"ann2","1777908154744ceecydjdorh","(zero-shot) 'prudence' (NOUN_wn:04892794n) 'discretion in practical affairs' —> His prudence led him to save a portion of every paycheck for emergencies.","YES","04/05/2026, 22:27:57"
"ann2","1777908154744ged4k88tci","(zero-shot) 'fierce' (ADJ_wn:01507808a) 'ruthless in competition' —> The rivalry between the two teams grew fierce.","YES","04/05/2026, 22:28:06"
"ann2","1777908154744wb9emss5bd7","(zero-shot) 'satisfy' (VERB_wn:02671880v) 'meet the requirements or expectations of' —> The product must satisfy the safety standards before it can be sold.","YES","04/05/2026, 22:28:16"
"ann2","1777908154744cwaiy8v2tu8","(zero-shot) 'sound' (ADJ_wn:01171213a) 'in excellent physical condition' —> The structural integrity of the ancient temple remains sound.","YES","04/05/2026, 22:28:24"
"ann2","177790815474421sb81sufga","(zero-shot) 'set_off' (VERB_wn:02717831v) 'make up for' —> The company's profits set off the initial losses.","YES","04/05/2026, 22:28:36"
"ann2","17779081547445gidz31uekh","(zero-shot) 'roll' (NOUN_wn:04101232n) 'anything rolled up in cylindrical form' —> She picked up a roll of parchment paper from the shelf.","YES","04/05/2026, 22:28:43"
"ann2","1777908154744zxlfbak9krd","(zero-shot) 'dogmatic' (ADJ_wn:03061982a) 'of or pertaining to or characteristic of a doctrine or code of beliefs accepted as authoritative' —> The philosopher's dogmatic assertions regarding morality alienated many of his colleagues.","YES","04/05/2026, 22:28:52"
"ann2","1777908154744ges51gfsxv","(zero-shot) 'take_out' (VERB_wn:00615774v) 'prevent from being included or considered or accepted' —> The editor decided to take out the redundant paragraphs from the final draft.","YES","04/05/2026, 22:29:08"
"ann2","1777908154744ujbc0zzl8ur","(zero-shot) 'parchment' (NOUN_wn:14759003n) 'skin of a sheep or goat prepared for writing on' —> The historian carefully unrolled the ancient parchment to study the faded ink.","YES","04/05/2026, 22:29:18"
"ann2","1777908154744ycx9j8jf6i","(zero-shot) 'pike' (NOUN_wn:03306610n) 'a broad highway designed for high-speed traffic' —> The driver zoomed along the pike to get home before dark.","YES","04/05/2026, 22:29:29"
"ann2","17779081547443jck5bpp0um","(zero-shot) 'absolute' (ADJ_wn:00005205a) 'perfect or complete or pure' —> The room fell into absolute silence.","YES","04/05/2026, 22:29:39"
"ann2","1777908154744yr9q9z3nnt","(zero-shot) 'Edward' (NOUN_wn:10951278n) 'King of England and Ireland from 1547 to 1553; son of Henry VIII and Jane Seymour; died of tuberculosis (1537-1553)' —> The young Edward faced many challenges during his brief tenure as monarch.","YES","04/05/2026, 22:29:47"
"ann2","1777908154744e6hob0v5wpq","(zero-shot) 'by-product' (NOUN_wn:11412592n) 'a secondary and sometimes unexpected consequence' —> The rise in local tourism was a welcome by-product of the new highway construction.","YES","04/05/2026, 22:29:57"
"ann2","1777908154744zeomc0rrk6","(zero-shot) 'punch' (NOUN_wn:04023249n) 'a tool for making holes or indentations' —> He used a steel punch to create a small opening in the leather strap.","YES","04/05/2026, 22:30:07"
"ann2","1777908154744mbtnyscno0a","(zero-shot) 'tough' (ADJ_wn:00707795a) 'substantially made or constructed' —> The armor is forged from tough steel.","YES","04/05/2026, 22:30:21"
"ann2","17779081547443nxs5ygcsvu","(zero-shot) 'fury' (NOUN_wn:07516997n) 'a feeling of intense anger' —> She barely contained her fury after the betrayal.","YES","04/05/2026, 22:30:31"
"ann2","1777908154744w2cl0ygoci","(zero-shot) 'turn' (NOUN_wn:07351612n) 'a movement in a new direction' —> The car made a sharp turn at the intersection.","YES","04/05/2026, 22:30:40"
"ann2","17779081547449fwvrlmh04h","(zero-shot) 'break' (NOUN_wn:00500280n) 'the opening shot that scatters the balls in billiards or pool' —> The player's powerful break sent the cue ball flying across the table.","YES","04/05/2026, 22:30:48"
"ann2","1777908154744r6s6n3cx5a","(zero-shot) 'inevitable' (ADJ_wn:01841834a) 'invariably occurring or appearing' —> Change is an inevitable part of life.","YES","04/05/2026, 22:30:58"
"ann2","17779081547444v37ay07rit","(zero-shot) 'still' (ADJ_wn:00302951a) '(of a body of water) free from disturbance by heavy waves' —> The lake was perfectly still under the moonlight.","YES","04/05/2026, 22:31:08"
"ann2","17779081547448047j22ny1v","(zero-shot) 'progress' (NOUN_wn:07445265n) 'a movement forward' —> The team made significant progress toward finishing the project.","YES","04/05/2026, 22:31:18"
"ann2","1777908154744o4bx8j4v8vi","(zero-shot) 'lawful' (ADJ_wn:01401224a) 'authorized, sanctioned by, or in accordance with law' —> The judge ruled that the contract was lawful.","YES","04/05/2026, 22:31:28"
"ann2","1777908154744takttcthi2d","(zero-shot) 'sway' (VERB_wn:01877355v) 'move or walk in a swinging or swaying manner' —> The tall grass swayed gently.","YES","04/05/2026, 22:31:38"
"ann2","17779081547449zgkuuzbve","(zero-shot) 'instead' (ADV_wn:00063172r) 'in place of, or as an alternative to' —> I decided to walk instead.","YES","04/05/2026, 22:31:45"
"ann2","1777908154744banxnjsfsyc","(zero-shot) 'preserve' (NOUN_wn:14515463n) 'a domain that seems to be specially reserved for someone' —> Classical music was once considered the preserve of the wealthy.","YES","04/05/2026, 22:31:55"
"ann2","17779081547443vpk2tme6ce","(zero-shot) 'surprisingly' (ADV_wn:00145228r) 'in a surprising manner' —> The small dog was surprisingly strong.","YES","04/05/2026, 22:32:04"
"ann2","1777908154744k2yfii53xk","(zero-shot) 'inadequate' (ADJ_wn:00051696a) 'lacking the requisite qualities or resources to meet a task' —> His training was inadequate.","YES","04/05/2026, 22:32:16"
"ann2","1777908154744str3zf5cdx","(zero-shot) 'transmit' (VERB_wn:00973056v) 'broadcast over the airwaves, as in radio or television' —> The station transmits the nightly news across the entire region.","YES","04/05/2026, 22:32:24"
"ann2","1777908154744z312ur16zh","(zero-shot) 'decomposition' (NOUN_wn:11444643n) 'the organic phenomenon of rotting' —> The fallen leaves underwent rapid decomposition on the forest floor.","YES","04/05/2026, 22:32:35"
"ann2","17779081547444jvtk1v845s","(zero-shot) 'stump' (NOUN_wn:13111504n) 'the base part of a tree that remains standing after the tree has been felled' —> The hiker sat on the old pine stump to tie his shoelaces.","YES","04/05/2026, 22:32:42"
"ann2","17779081547440vngfufdpc3","(zero-shot) 'dare' (VERB_wn:02545045v) 'to be courageous enough to try or do something; ,' —> Few people dare to venture into the dark cave alone.","YES","04/05/2026, 22:32:49"
"ann2","1777908154744mgl2s7mj72","(zero-shot) 'disagreement' (NOUN_wn:13982357n) 'a conflict of people's opinions or actions or characters' —> The couple had a minor disagreement about where to go for dinner.","YES","04/05/2026, 22:32:57"
"ann2","177790815474424szz0uaogq","(zero-shot) 'impress' (VERB_wn:01769902v) 'impress positively' —> The young pianist's performance impressed the judges.","YES","04/05/2026, 22:33:07"
"ann2","1777908154744spff8sso9mp","(zero-shot) 'Edward' (NOUN_wn:10949952n) 'third son of Elizabeth II (born in 1964)' —> Prince Edward frequently attends royal engagements.","YES","04/05/2026, 22:33:14"
"ann2","1777908154744x8hged8b9q","(zero-shot) 'anticipate' (VERB_wn:00720808v) 'realize beforehand' —> The team anticipated the client's concerns and addressed them in the presentation.","YES","04/05/2026, 22:33:24"
"ann2","17779081547445edkc11vtkt","(zero-shot) 'evaluation' (NOUN_wn:00874806n) 'act of ascertaining or fixing the value or worth of' —> The property appraiser conducted a thorough evaluation of the historic estate.","YES","04/05/2026, 22:33:31"
"ann2","1777908154744fnm62cwsf8n","(zero-shot) 'disagreement' (NOUN_wn:04749709n) 'a difference between conflicting facts or claims or opinions' —> The committee reached a deadlock due to a fundamental disagreement over the project's budget.","YES","04/05/2026, 22:33:40"
"ann2","1777908154744rr3wpc95zm","(zero-shot) 'slaughter' (NOUN_wn:00223983n) 'the savage and excessive killing of many people' —> The historical records detailed the brutal slaughter of thousands of innocent villagers during the conflict.","YES","04/05/2026, 22:33:49"
"ann2","1777908154744wvo3oj41vxh","(zero-shot) 'morale' (NOUN_wn:14374273n) 'a state of individual psychological well-being based upon a sense of confidence and usefulness and purpose' —> The captain's inspiring speech boosted the troops' morale before the battle.","YES","04/05/2026, 22:33:59"
"ann2","1777908154744ooyzwx8zic","(zero-shot) 'turn_over' (VERB_wn:01222958v) 'turn upside down, or throw so as to reverse' —> He turned over the rock to look for insects.","YES","04/05/2026, 22:34:07"
"ann2","1777908154744qgfvlbua1mj","(zero-shot) 'fall' (NOUN_wn:00756919n) 'a lapse into sin; a loss of innocence or of chastity' —> His sudden fall from grace left him an outcast in his own community.","YES","04/05/2026, 22:34:16"
"ann2","17779081547449h9q3v8tnr","(zero-shot) 'show_up' (VERB_wn:00423702v) 'appear or become visible; make a showing' —> I waited for an hour, but he never showed up.","YES","04/05/2026, 22:34:27"
"ann2","1777908154744hsh40931cfn","(zero-shot) 'depress' (VERB_wn:01973932v) 'lower (prices or markets)' —> The sudden surplus of oil depressed the cost of crude.","YES","04/05/2026, 22:34:37"
"ann2","1777908154744pb0kka2alnp","(zero-shot) 'submit' (VERB_wn:02262752v) 'hand over formally' —> Please submit your application by Friday.","YES","04/05/2026, 22:34:47"
"ann2","1777908154744hp40xutgblc","(zero-shot) 'dental' (ADJ_wn:02711194a) 'of or relating to dentistry' —> She has a dental appointment tomorrow.","YES","04/05/2026, 22:34:57"
"ann2","1777908154744lgowi53t3pk","(zero-shot) 'slow_down' (VERB_wn:00438495v) 'reduce the speed of' —> The driver slowed down as he approached the red light.","YES","04/05/2026, 22:35:06"
"ann2","1777908154744vs6iqk1uc3h","(zero-shot) 'flax' (NOUN_wn:12486574n) 'plant of the genus Linum that is cultivated for its seeds and for the fibers of its stem' —> The farmer harvested the flax to produce linen fabric.","YES","04/05/2026, 22:35:17"
"ann2","17779081547447w0hrilubco","(zero-shot) 'arch' (NOUN_wn:02734217n) 'a passageway under a curved masonry construction' —> The tourists walked through the ancient stone arch to enter the city.","YES","04/05/2026, 22:35:26"
"ann2","1777908154744pwufe0ovi1f","(zero-shot) 'crash' (NOUN_wn:07478874n) '(computer science) an event that causes a computer system to become inoperative' —> The server suffered a catastrophic crash during peak traffic hours.","YES","04/05/2026, 22:35:34"
"ann2","1777908154744sc6ngqw7mtb","(zero-shot) 'feeble' (ADJ_wn:02325304a) 'pathetically lacking in force or effectiveness' —> The politician offered a feeble apology for his misconduct.","YES","04/05/2026, 22:35:43"
"ann2","1777908154744y0qoo019yvc","(zero-shot) 'carrier' (NOUN_wn:09897350n) '(medicine) a person (or animal) who has some pathogen to which he is immune but who can pass it on to others' —> Asymptomatic carriers can unknowingly spread the virus to others despite showing no signs of illness.","YES","04/05/2026, 22:35:53"
"ann2","1777908154744bxh8fahmjv","(zero-shot) 'identity' (NOUN_wn:04743024n) 'exact sameness' —> The mathematician proved the identity of the two expressions.","YES","04/05/2026, 22:36:02"
"ann2","177790815474437guqii6cox","(zero-shot) 'cabbage' (NOUN_wn:13385216n) 'informal terms for money' —> He worked three jobs just to make a little extra cabbage.","YES","04/05/2026, 22:36:12"
"ann2","177790815474495n45a4fng5","(zero-shot) 'bind' (VERB_wn:00885217v) 'bind by an obligation; cause to be indebted' —> The signed contract binds the company to deliver the goods by Friday.","YES","04/05/2026, 22:36:22"
"ann2","1777908154744a5l2er4grg8","(zero-shot) 'summon' (VERB_wn:01041762v) 'ask to come' —> The judge summoned the witness to the stand.","YES","04/05/2026, 22:36:30"
"ann2","17779081547440zeu5v3l1w2r","(zero-shot) 'parliamentary' (ADJ_wn:00716056a) 'in accord with rules and customs of a legislative or deliberative assembly' —> The chairman insisted on strict parliamentary procedure during the heated debate.","YES","04/05/2026, 22:36:40"
"ann2","1777908154744r0i6iy1mhel","(zero-shot) 'evolution' (NOUN_wn:13464820n) 'a process in which something passes by degrees to a different stage (especially a more advanced or mature stage)' —> The evolution of the smartphone has fundamentally changed the way people communicate.","YES","04/05/2026, 22:36:51"
"ann2","1777908154744wfi5mzs1o9l","(zero-shot) 'derive' (VERB_wn:02292125v) 'obtain' —> Many people derive pleasure from reading books.","YES","04/05/2026, 22:37:31"
"ann2","1777908154744fpnrsp0dmcq","(zero-shot) 'align' (VERB_wn:00733632v) 'align oneself with a group or a way of thinking' —> He aligned himself with the rebels to fight for independence.","YES","04/05/2026, 22:37:42"
"ann2","1777908154744ib5mphzx3j","(zero-shot) 'settlement' (NOUN_wn:08374049n) 'a body of people who settle far from home but maintain ties with their homeland; inhabitants remain nationals of their home state but are not literally under the home state's system of government' —> The remote settlement preserved its ancestral heritage and legal citizenship while operating independently of the home country's administration.","YES","04/05/2026, 22:37:51"
"ann2","17779081547446vzro7b4qvk","(zero-shot) 'tolerant' (ADJ_wn:01041209a) 'tolerant and forgiving under provocation' —> Despite the constant insults, he remained remarkably tolerant.","YES","04/05/2026, 22:38:02"
"ann2","17779081547447431tt5yij9","(zero-shot) 'blister' (VERB_wn:00379774v) 'get blistered' —> The skin on his hand blistered after touching the hot pan.","YES","04/05/2026, 22:38:11"
"ann2","1777908154744njp98l0vjug","(zero-shot) 'set_down' (VERB_wn:01979901v) 'reach or come to rest' —> The aircraft set down safely on the tarmac.","YES","04/05/2026, 22:38:19"
"ann2","1777908154744tnysjtanvle","(zero-shot) 'deaden' (VERB_wn:00193328v) 'become lifeless, less lively, intense, or active; lose life, force, or vigor' —> His senses seemed to deaden as the cold seeped into his bones.","YES","04/05/2026, 22:38:29"
"ann2","17779081547446rhdp2zu4li","(zero-shot) 'lead' (VERB_wn:02635659v) 'have as a result or residue' —> The investigation led to the discovery of new evidence.","YES","04/05/2026, 22:38:40"
"ann2","1777908154744zjvyf8uvloq","(zero-shot) 'share' (VERB_wn:02295550v) 'use jointly or in common' —> The siblings share a bedroom.","YES","04/05/2026, 22:38:50"
"ann2","1777908154744rti0btowleq","(zero-shot) 'induction' (NOUN_wn:00238527n) 'the act of bringing about something (especially at an early time)' —> The physician suggested an induction to begin the labor process.","YES","04/05/2026, 22:39:02"
"ann2","1777908154744dcuuy6z59me","(zero-shot) 'indecent' (ADJ_wn:00683185a) 'offensive to good taste especially in sexual matters' —> The comedian told an indecent joke that shocked the conservative crowd.","YES","04/05/2026, 22:39:12"
"ann2","1777908154744vr3py92oxao","(zero-shot) 'free' (VERB_wn:02494047v) 'make (information) available for publication' —> The government finally decided to free the classified documents.","YES","04/05/2026, 22:39:22"
"ann2","1777908154744sys6r5v6t3o","(zero-shot) 'line' (NOUN_wn:02934168n) 'a conductor for transmitting electrical or optical signals or electric power' —> The power line snapped during the storm.","YES","04/05/2026, 22:39:30"
"ann2","1777908154744xaki938aqvo","(zero-shot) 'trace' (NOUN_wn:13773361n) 'a just detectable amount' —> A trace of perfume still lingered in the empty room.","YES","04/05/2026, 22:39:39"
"ann2","1777908154744b9vi50nlri5","(zero-shot) 'invade' (VERB_wn:01227488v) 'penetrate or assault, in a harmful or injurious way' —> The enemy army invaded the peaceful village at dawn.","YES","04/05/2026, 22:39:49"
"ann2","1777908154744s76plijulef","(zero-shot) 'minority' (NOUN_wn:15152261n) 'any age prior to the legal age' —> During his minority, he was not permitted to vote in the election.","YES","04/05/2026, 22:39:57"
"ann2","1777908154744aqd2imjovf7","(zero-shot) 'compressed' (ADJ_wn:00514613a) 'reduced in volume by pressure' —> The technician used compressed air to clean the circuit board.","YES","04/05/2026, 22:40:04"
"ann2","17779081547443i7n05mnw3w","(zero-shot) 'advance' (VERB_wn:00875806v) 'bring forward for consideration or acceptance' —> The scientist advanced a bold hypothesis during the symposium.","YES","04/05/2026, 22:40:13"
"ann2","17779081547440acbvngcoana","(zero-shot) 'under' (ADV_wn:00486157r) 'down below' —> The boat slowly went under.","YES","04/05/2026, 22:40:21"
"ann2","1777908154744iis54sj2iy","(zero-shot) 'reform' (VERB_wn:00266081v) 'produce by cracking' —> The refinery reformed the heavy hydrocarbons into a lighter fuel.","YES","04/05/2026, 22:40:30"
"ann2","17779081547441sdgs69btef","(zero-shot) 'unrelated' (ADJ_wn:01972596a) 'not connected by kinship' —> Despite their similar appearance, the two men were completely unrelated.","YES","04/05/2026, 22:40:41"
"ann2","1777908154744acyjez1ir1","(zero-shot) 'correct' (ADJ_wn:00631391a) 'free from error; especially conforming to fact or truth' —> The answer you provided for the math problem was correct.","YES","04/05/2026, 22:40:50"
"ann2","177790815474474by3b5h2u","(zero-shot) 'fracture' (VERB_wn:00107739v) 'fracture a bone of' —> The athlete fractured his tibia during the match.","YES","04/05/2026, 22:41:00"
"ann2","1777908154744brjjeuv3zj8","(zero-shot) 'isolate' (VERB_wn:00495808v) 'set apart from others' —> The scientist tried to isolate the rare bacteria in the lab.","YES","04/05/2026, 22:41:11"
"ann2","17779081547444f90s4nyan5","(zero-shot) 'fearful' (ADJ_wn:00264776a) 'lacking courage; ignobly timid and faint-hearted; - P.B.Shelley' —> The fearful soldier retreated from the battle before it had even begun.","YES","04/05/2026, 22:41:19"
"ann2","1777908154744xx77bz7df6q","(zero-shot) 'fork' (NOUN_wn:05597436n) 'the angle formed by the inner sides of the legs where they join the human trunk' —> The fabric of the riding breeches chafed against the fork of his legs.","YES","04/05/2026, 22:41:31"
"ann2","177790815474479l0aglxvet","(zero-shot) 'attainment' (NOUN_wn:00062806n) 'the act of achieving an aim' —> The attainment of the gold medal was her lifelong dream.","YES","04/05/2026, 22:41:41"
"ann2","1777908154744amsxr4s4o2g","(zero-shot) 'fix' (VERB_wn:00486998v) 'make fixed, stable or stationary' —> The climber fixed the rope to the rock face.","YES","04/05/2026, 22:41:52"
"ann2","1777908154744zcw0ch54wc","(zero-shot) 'charitable' (ADJ_wn:02691390a) 'relating to or characterized by charity' —> The woman made a charitable donation.","YES","04/05/2026, 22:42:03"
"ann2","1777908154744dfsbi33i9or","(zero-shot) 'disrupt' (VERB_wn:00554298v) 'throw into disorder' —> The unexpected storm disrupted the scheduled flight arrivals.","YES","04/05/2026, 22:42:14"
"ann2","1777908154744scq7wb55g8b","(zero-shot) 'give_up' (VERB_wn:02227741v) 'give up with the intent of never claiming again' —> He gave up his claim to the family estate.","YES","04/05/2026, 22:42:24"
"ann2","1777908154744ui96mfpsgpd","(zero-shot) 'fertilize' (VERB_wn:00504270v) 'make fertile or productive' —> Gardeners often fertilize their soil in the spring.","YES","04/05/2026, 22:42:33"
"ann2","1777908154744tmdxq7tlgu","(zero-shot) 'population' (NOUN_wn:01257969n) 'the act of populating (causing to live in a place)' —> The gradual population of the remote islands occurred over several centuries.","YES","04/05/2026, 22:42:43"
"ann2","1777908154744m9otdi1o7bj","(zero-shot) 'offensive' (ADJ_wn:00908672a) 'substitute a harsher or distasteful term for a mild one' —> The writer employed an offensive label to replace the neutral description.","YES","04/05/2026, 22:42:56"
"ann2","17779081547440wizayj2gi5","(zero-shot) 'seed' (VERB_wn:01542056v) 'go to seed; shed seeds' —> The poppies seeded prolifically this year.","YES","04/05/2026, 22:43:06"
"ann2","17779081547444b7wbxcsvzw","(zero-shot) 'stab' (VERB_wn:01231652v) 'use a knife on' —> The assassin stabbed his victim in the back.","YES","04/05/2026, 22:43:17"
"ann2","1777908154744xpz112jg96m","(zero-shot) 'convey' (VERB_wn:02079933v) 'transmit or serve as the medium for transmission' —> Copper cables convey electrical currents.","YES","04/05/2026, 22:43:25"
"ann2","177790815474449ilnx8pbnq","(zero-shot) 'field' (NOUN_wn:02687992n) 'a place where planes take off and land' —> The pilot guided the aircraft toward the grassy field.","YES","04/05/2026, 22:43:34"
"ann2","1777908154744xre14dqhw1","(zero-shot) 'stamp' (VERB_wn:01925338v) 'walk heavily' —> The angry toddler stamped across the kitchen floor.","YES","04/05/2026, 22:43:42"
"ann2","1777908154744u160yxe4jep","(zero-shot) 'ease' (VERB_wn:00518395v) 'make easier' —> The new laws are intended to ease the process of applying for a visa.","YES","04/05/2026, 22:43:49"
"ann2","1777908154744i3gd638u4t","(zero-shot) 'land' (NOUN_wn:14514805n) 'a domain in which something is dominant' —> The frozen tundra is a land of eternal winter.","YES","04/05/2026, 22:43:58"
"ann2","177790815474484wou796wca","(zero-shot) 'wind' (VERB_wn:02125223v) 'catch the scent of; get wind of' —> The hunting dog winded the fox across the damp meadow.","YES","04/05/2026, 22:44:06"
"ann2","1777908154744lna2f4bani","(zero-shot) 'equatorial' (ADJ_wn:02443623a) 'of or existing at or near the geographic equator' —> Many lush rainforests thrive in the equatorial heat.","YES","04/05/2026, 22:44:17"
"ann2","1777908154744jb486iy5jx","(zero-shot) 'orient' (NOUN_wn:08562620n) 'the countries of Asia' —> Silk and spices were imported from the Orient.","YES","04/05/2026, 22:44:25"
"ann2","1777908154744igb8q0gd3s","(zero-shot) 'rest' (VERB_wn:01545883v) 'not move; be in a resting position' —> The book rested on the table.","YES","04/05/2026, 22:44:33"
"ann2","1777908154744u65d9xs76ya","(zero-shot) 'hardship' (NOUN_wn:14475661n) 'a state of misfortune or affliction' —> She overcame every hardship with courage.","YES","04/05/2026, 22:44:42"
"ann2","1777908154744bpky8kugqrg","(zero-shot) 'brace' (NOUN_wn:02886907n) 'a carpenter's tool having a crank handle for turning and a socket to hold a bit for boring' —> The craftsman used a brace to make a hole in the wood.","YES","04/05/2026, 22:44:50"
"ann2","1777908154744xeji9zukce","(zero-shot) 'confide' (VERB_wn:02349212v) 'confer a trust upon' —> She confided her deepest secret to her closest friend.","YES","04/05/2026, 22:45:00"
"ann2","17779081547448q5lyo28ppf","(zero-shot) 'charge' (VERB_wn:01685960v) 'place a heraldic bearing on' —> The herald charged the shield with a golden lion.","YES","04/05/2026, 22:45:09"
"ann2","1777908154744p5edvhdzgcs","(zero-shot) 'ground' (VERB_wn:01502654v) 'place or put on the ground' —> The captain grounded the ship.","YES","04/05/2026, 22:45:28"
"ann2","177790815474413zbc16qrk8q","(zero-shot) 'twist' (NOUN_wn:07351909n) 'a jerky pulling movement' —> The sudden twist of the leash yanked the puppy.","YES","04/05/2026, 22:45:39"
"ann2","1777908154744jpoxblgzsr","(zero-shot) 'soften' (VERB_wn:01058036v) 'make less severe or harsh' —> He tried to soften the blow by offering a sincere apology.","YES","04/05/2026, 22:45:48"
"ann2","1777908154744ufjw46c06c","(zero-shot) 'expression' (NOUN_wn:07139873n) 'the communication (in speech or writing) of your beliefs or opinions' —> Freedom of expression is a fundamental human right in democratic societies.","YES","04/05/2026, 22:45:56"
"ann2","1777908154744ilszx0ziwsm","(zero-shot) 'specimen' (NOUN_wn:05822239n) 'an example regarded as typical of its class' —> The towering redwood tree is a magnificent specimen of nature.","YES","04/05/2026, 22:46:04"
"ann2","1777908154744j2d3y8g70is","(zero-shot) 'confrontation' (NOUN_wn:00651670n) 'a focussed comparison; bringing together for a careful comparison' —> The confrontation of the two primary sources revealed several striking inconsistencies in the historical record.","YES","04/05/2026, 22:46:13"
"ann2","177790815474444eskdtmzzx","(zero-shot) 'hurt' (VERB_wn:00064643v) 'give trouble or pain to' —> The sharp needle hurt my skin.","YES","04/05/2026, 22:46:22"
"ann2","1777908154744eus0l24p0c","(zero-shot) 'reel' (NOUN_wn:07056680n) 'music composed for dancing a reel' —> The fiddle player played a lively reel.","YES","04/05/2026, 22:46:30"
"ann2","1777908154744ynqs0abw66b","(zero-shot) 'expectation' (NOUN_wn:07510923n) 'the feeling that something is about to happen' —> The crowd waited in eager expectation for the performance to begin.","YES","04/05/2026, 22:46:38"
"ann2","1777908154744fnrsbbnh2du","(zero-shot) 'minister' (NOUN_wn:09983572n) 'a person authorized to conduct religious worship' —> The minister led the congregation in a heartfelt prayer.","YES","04/05/2026, 22:46:47"
"ann2","1777908154744t4ey8bz4d3r","(zero-shot) 'hours' (NOUN_wn:15228910n) 'a special and memorable period' —> The happiest hours of my youth were spent reading in the attic.","YES","04/05/2026, 22:47:00"
"ann2","1777908154744djfwwqc3sj","(zero-shot) 'sentimentality' (NOUN_wn:07482128n) 'extravagant or affected feeling or emotion' —> The critic dismissed the play as a work of mawkish sentimentality.","YES","04/05/2026, 22:47:11"
"ann2","1777908154744iv0p5f1dihh","(zero-shot) 'rouse' (VERB_wn:01762528v) 'cause to be agitated, excited, or roused' —> The captain's speech roused the troops for the final assault.","YES","04/05/2026, 22:47:21"
"ann2","17779081547449z8uhwboo9","(zero-shot) 'foul' (ADJ_wn:01625893a) 'highly offensive; arousing aversion or disgust' —> The foul smell of the decaying fish filled the room.","YES","04/05/2026, 22:47:29"
"ann2","1777908154744ujpm2nbgtgh","(zero-shot) 'dip' (VERB_wn:01660976v) 'place (candle wicks) into hot, liquid wax' —> The craftsman dipped the wicks into the vat of melted beeswax to create traditional tapers.","YES","04/05/2026, 22:47:40"
"ann2","177790815474416h0kq7zbcd","(zero-shot) 'dismissal' (NOUN_wn:01190172n) 'a judgment disposing of the matter without a trial' —> The judge granted a dismissal of the case due to insufficient evidence.","YES","04/05/2026, 22:47:47"
"ann2","1777908154744zb3l976mlsl","(zero-shot) 'smash' (VERB_wn:00335923v) 'break into pieces, as by striking or knocking over' —> He smashed the expensive mirror.","YES","04/05/2026, 22:47:56"
"ann2","17779081547444i8fbrveqqg","(zero-shot) 'moderator' (NOUN_wn:10326257n) 'someone who presides over a forum or debate' —> The moderator ensured that all participants followed the rules during the panel discussion.","YES","04/05/2026, 22:48:06"
"ann2","177790815474415ij97o4ip7","(zero-shot) 'staining' (NOUN_wn:00275572n) '(histology) the use of a dye to color specimens for microscopic study' —> The technician performed H&E staining on the slide to visualize the cellular morphology.","YES","04/05/2026, 22:48:15"
"ann2","1777908154744sabjxkyzl3s","(zero-shot) 'outfit' (NOUN_wn:08274826n) 'any cohesive unit such as a military company' —> The elite outfit was deployed to the front lines.","YES","04/05/2026, 22:48:23"
"ann2","17779081547446f1uh0y8eba","(zero-shot) 'draw_in' (VERB_wn:02098458v) 'shape one's body into a curl' —> The cat drew in its paws to sleep in a tight ball.","YES","04/05/2026, 22:48:32"
"ann2","17779081547446rjtz3zkvgr","(zero-shot) 'horn' (NOUN_wn:02761834n) 'a device on an automobile for making a warning noise' —> The driver honked the horn to alert the pedestrian.","YES","04/05/2026, 22:48:43"
"ann2","1777908154744ayuzn8cxnrd","(zero-shot) 'heave' (VERB_wn:00005526v) 'breathe noisily, as when one is exhausted' —> His chest heaved after the intense workout.","YES","04/05/2026, 22:48:53"
"ann2","1777908154744qc1mk3suxr","(zero-shot) 'ambiguous' (ADJ_wn:00895442a) 'open to two or more interpretations; or of uncertain nature or significance; or (often) intended to mislead' —> The ending of the novel was intentionally ambiguous, leaving the reader to wonder if the main character survived.","YES","04/05/2026, 22:49:01"
"ann2","1777908154744lhducf0dewj","(zero-shot) 'superior' (NOUN_wn:10752930n) 'a combatant who is able to defeat rivals' —> The arena trembled when the superior stepped forward to face the challengers.","YES","04/05/2026, 22:49:10"
"ann2","1777908154744iewdif2ob7","(zero-shot) 'cyprus' (NOUN_wn:08756884n) 'a country on the island of Cyprus; 80% of the people are of Greek origin and 20% or Turkish origin' —> Many tourists visit Cyprus to enjoy the Mediterranean sun.","YES","04/05/2026, 22:49:20"
"ann2","17779081547449m4qvm7qutv","(zero-shot) 'reference' (NOUN_wn:06417598n) 'a book to which you can refer for authoritative facts' —> The thick encyclopedia served as a reliable reference during my research.","YES","04/05/2026, 22:49:30"
"ann2","17779081547448fqlunr7omw","(zero-shot) 'crack' (VERB_wn:01785579v) 'suffer a nervous breakdown' —> After months of relentless pressure, he finally cracked.","YES","04/05/2026, 22:49:38"
"ann2","17779081547440jylbi30c65u","(zero-shot) 'accelerator' (NOUN_wn:02670382n) 'a scientific instrument that increases the kinetic energy of charged particles' —> The Large Hadron Collider is the world's largest particle accelerator.","YES","04/05/2026, 22:49:48"
"ann2","17779081547449p4lu75p08n","(zero-shot) 'rest_on' (VERB_wn:01590007v) 'rest on for support' —> The heavy book rested on the wooden desk.","YES","04/05/2026, 22:49:57"
"ann2","1777908154744qkl1kqnjn99","(zero-shot) 'trough' (NOUN_wn:13357891n) 'a treasury for government funds' —> The corrupt officials spent years raiding the public trough to line their own pockets.","YES","04/05/2026, 22:50:04"
"ann2","17779081547447173vfgu9vl","(zero-shot) 'passing' (NOUN_wn:00340192n) 'going by something that is moving in order to get in front of it' —> The reckless passing of the slow truck nearly led to a head-on collision.","YES","04/05/2026, 22:50:12"
"ann2","1777908154744vg46qgtdrpd","(zero-shot) 'run_out' (VERB_wn:00561571v) 'become used up; be exhausted' —> The car ran out of gas.","YES","04/05/2026, 22:50:27"
"ann2","177790815474417l0l69u7ig","(zero-shot) 'metaphysical' (ADJ_wn:02865814a) 'pertaining to or of the nature of metaphysics' —> The philosopher explored metaphysical questions regarding the existence of a higher power.","YES","04/05/2026, 22:50:37"
"ann2","17779081547449qr54vlui6l","(zero-shot) 'bowl' (NOUN_wn:04295881n) 'a large structure for open-air sports or entertainments' —> The crowd roared as the athletes entered the massive concrete bowl.","YES","04/05/2026, 22:50:46"
"ann2","1777908154744gnvhlnw2adw","(zero-shot) 'compromise' (VERB_wn:01035380v) 'settle by concession' —> The two political parties finally compromised on the new budget.","YES","04/05/2026, 22:50:56"
"ann2","17779081547446tofx4rry9o","(zero-shot) 'stir_up' (VERB_wn:01419473v) 'change the arrangement or position of' —> The wind stirred up the fallen leaves.","YES","04/05/2026, 22:51:05"
"ann2","1777908154744itxuqamjwo","(zero-shot) 'get_off' (VERB_wn:01437888v) 'send via the postal service' —> I got these letters off yesterday.","YES","04/05/2026, 22:51:15"
"ann2","177790815474499ylywtvbg4","(zero-shot) 'singular' (ADJ_wn:01678417a) 'unusual or striking' —> The artist had a singular style that defied categorization.","YES","04/05/2026, 22:51:24"
"ann2","1777908154744enjds703xer","(zero-shot) 'squire' (NOUN_wn:10643837n) 'an English country landowner' —> The local squire managed the village affairs with a firm but fair hand.","YES","04/05/2026, 22:51:32"
"ann2","1777908154744jyeplklwyu","(zero-shot) 'politically' (ADV_wn:00115745r) 'with regard to government' —> The region remains politically unstable.","YES","04/05/2026, 22:51:43"
"ann2","17779081547443lacm8kyibl","(zero-shot) 'capacity' (NOUN_wn:05622956n) 'the power to learn or retain knowledge; in law, the ability to understand the facts and significance of your behavior' —> The defendant was judged to lack the mental capacity to stand trial.","YES","04/05/2026, 22:51:54"
"ann2","177790815474444qrabc7z1k","(zero-shot) 'break_out' (VERB_wn:02073233v) 'move away or escape suddenly' —> The prisoners managed to break out of the jail during the night.","YES","04/05/2026, 22:52:02"
"ann2","1777908154744lgtyydes2i","(zero-shot) 'run_out' (VERB_wn:02011040v) 'leave suddenly and as if in a hurry' —> She ran out of the house to catch the bus.","YES","04/05/2026, 22:52:12"
"ann2","17779081547448kzswwy7wmp","(zero-shot) 'oppression' (NOUN_wn:07538674n) 'a feeling of being oppressed' —> A heavy sense of oppression descended upon him as he realized there was no way out.","YES","04/05/2026, 22:52:21"
"ann2","1777908154744synej5aua5","(zero-shot) 'virtue' (NOUN_wn:04849759n) 'morality with respect to sexual relations' —> She guarded her virtue with great care during her courtship.","YES","04/05/2026, 22:52:28"
"ann2","1777908154744wh63khfc4k","(zero-shot) 'shiver' (VERB_wn:00014201v) 'shake, as from cold' —> The hiker shivered in the freezing wind.","YES","04/05/2026, 22:52:37"
"ann2","17779081547442cwupo2a9uq","(zero-shot) 'landmark' (NOUN_wn:05230357n) 'an anatomical structure used as a point of origin in locating other anatomical structures (as in surgery) or as point from which measurements can be taken' —> The surgeon identified the sternal notch as a key landmark to guide the insertion of the chest tube.","YES","04/05/2026, 22:52:45"
"ann2","17779081547447v6jp20tweg","(zero-shot) 'clear' (VERB_wn:00181664v) 'rid of obstructions' —> The snowplow cleared the highway before the morning commute.","YES","04/05/2026, 22:52:56"
"ann2","1777908154744mu346ltdne","(zero-shot) 'chip' (NOUN_wn:00377169n) 'the act of chipping something' —> A precise chip removed that burr.","YES","04/05/2026, 22:53:09"
"ann2","1777908154744kpt1zkxu5o8","(zero-shot) 'emergence' (NOUN_wn:07319909n) 'the becoming visible' —> The emergence of the moon from the clouds was breathtaking.","YES","04/05/2026, 22:53:18"
"ann2","1777908154744rnr34uywrl","(zero-shot) 'outlet' (NOUN_wn:04548771n) 'receptacle providing a place in a wiring system where current can be taken to run electrical devices' —> I plugged my laptop charger into the wall outlet.","YES","04/05/2026, 22:53:29"
"ann2","1777908154744fslkzjh5qm","(zero-shot) 'increase' (VERB_wn:00156601v) 'become bigger or greater in amount' —> The population of the city increased rapidly over the last decade.","YES","04/05/2026, 22:53:39"
"ann2","1777908154744zrqja39mir","(zero-shot) 'club' (NOUN_wn:03054311n) 'a building that is occupied by a social club' —> The members gathered at the club for their monthly meeting.","YES","04/05/2026, 22:53:50"
"ann2","17779081547447z81wo5yha8","(zero-shot) 'allies' (NOUN_wn:08170978n) 'an alliance of nations joining together to fight a common enemy' —> The allies coordinated their military strategies to defeat the aggressor.","YES","04/05/2026, 22:53:59"
"ann2","17779081547444ig18bbfzew","(zero-shot) 'slide' (VERB_wn:02090990v) 'move smoothly along a surface' —> The penguins slide across the ice.","YES","04/05/2026, 22:54:09"
"ann2","1777908154744fmgdnev1aio","(zero-shot) 'increase' (NOUN_wn:07356676n) 'a change resulting in an increase' —> There was a significant increase in sales this quarter.","YES","04/05/2026, 22:54:20"
"ann2","1777908154744wvkjyunp27","(zero-shot) 'business' (NOUN_wn:00582388n) 'the principal activity in your life that you do to earn money' —> She manages a successful catering business in the city.","NO","05/05/2026, 11:17:48"
"ann2","1777908154744t8jrt8ghek","(zero-shot) 'guide' (VERB_wn:01931768v) 'direct the course; determine the direction of travelling' —> The experienced pilot guided the aircraft safely to the runway.","YES","05/05/2026, 11:17:56"
"ann2","177790815474424ynnzslcj6","(zero-shot) 'closure' (NOUN_wn:06249421n) 'a Gestalt principle of organization holding that there is an innate tendency to perceive incomplete objects as complete and to close or fill gaps and to perceive asymmetric stimuli as symmetric' —> The law of closure explains why our minds see a full circle even when parts of the outline are missing.","YES","05/05/2026, 11:18:07"
"ann2","1777908154744xlmpn17itvs","(zero-shot) 'examine' (VERB_wn:00786816v) 'question closely' —> The lawyer examined the witness for hours.","YES","05/05/2026, 11:18:14"
"ann2","177790815474409hfwq9tgbdl","(zero-shot) 'refer' (VERB_wn:00877083v) 'seek information from' —> Please refer to the manual for more details.","YES","05/05/2026, 11:18:23"
"ann2","1777908154744u1r02poal1","(zero-shot) 'inversion' (NOUN_wn:14103785n) 'abnormal condition in which an organ is turned inward or inside out (as when the upper part of the uterus is pulled into the cervical canal after childbirth)' —> The medical team acted swiftly to treat the uterine inversion following the delivery.","YES","05/05/2026, 11:18:31"
"ann2","1777908154744t5k4ru5c9p","(zero-shot) 'authorization' (NOUN_wn:01138670n) 'the act of conferring legality or sanction or formal warrant' —> The manager provided the necessary authorization for the project to proceed.","YES","05/05/2026, 11:18:44"
"ann2","1777908154744nu6ovdlu0t","(zero-shot) 'exposition' (NOUN_wn:08407619n) 'a collection of things (goods or works of art etc.) for public display' —> The city hosted a grand exposition of modern technology.","YES","05/05/2026, 11:18:55"
"ann2","17779081547445kbzincwu79","(zero-shot) 'good_luck' (NOUN_wn:11463746n) 'a stroke of luck' —> Finding the winning ticket was pure good luck.","YES","05/05/2026, 11:19:04"
"ann2","1777908154744aecw785b6q","(zero-shot) 'reservation' (NOUN_wn:08587174n) 'a district that is reserved for particular purpose' —> The tribal leaders manage the daily operations of the reservation.","YES","05/05/2026, 11:19:11"
"ann2","17779081547446vqkiuwt6af","(zero-shot) 'cricket' (NOUN_wn:00476389n) 'a game played with a ball and bat by two teams of 11 players; teams take turns trying to score runs' —> The local club organizes a cricket tournament every summer.","YES","05/05/2026, 11:19:18"
"ann2","1777908154744gvnzlpzwgrk","(zero-shot) 'snap' (VERB_wn:01446301v) 'bring the jaws together' —> The crocodile snapped its jaws shut.","YES","05/05/2026, 11:19:28"
"ann2","1777908154744naatakkj4dp","(zero-shot) 'confront' (VERB_wn:02742638v) 'be face to face with' —> The witness confronted the defendant in court.","YES","05/05/2026, 11:19:39"
"ann2","1777908154744e6k4rmjtyko","(zero-shot) 'gay' (ADJ_wn:01201937a) 'homosexual or arousing homosexual desires' —> The gay couple decided to move to the city together.","YES","05/05/2026, 11:19:49"
"ann2","17779081547443z0obs46zzy","(zero-shot) 'skim' (VERB_wn:01247550v) 'move or pass swiftly and lightly over the surface of' —> A flat stone skimmed across the lake.","YES","05/05/2026, 11:19:57"
"ann2","17779081547443ihdcph2hgb","(zero-shot) 'perfectly' (ADV_wn:00009650r) 'in a perfect or faultless way' —> She played the piano perfectly.","YES","05/05/2026, 11:20:07"
"ann2","1777908154744gxybvt5r7w","(zero-shot) 'grace' (NOUN_wn:14458181n) '(Christian theology) a state of sanctification by God; the state of one who is under such divine influence' —> Through divine grace, the believer finds peace and redemption.","YES","05/05/2026, 11:20:17"
"ann2","1777908154744e5y7laifhpe","(zero-shot) 'corner' (NOUN_wn:13872421n) 'a small concavity' —> The dewdrop rested in a shallow corner of the leaf.","YES","05/05/2026, 11:20:29"
"ann2","1777908154744knsrrj5f61k","(zero-shot) 'slip' (NOUN_wn:00170710n) 'a flight maneuver; aircraft slides sideways in the air' —> The pilot executed a slip to align the airplane with the runway.","YES","05/05/2026, 11:20:37"
"ann2","1777908154744h99rgp0wfiw","(zero-shot) 'television' (NOUN_wn:04405907n) 'an electronic device that receives television signals and displays them on a screen' —> She turned off the television before going to bed.","YES","05/05/2026, 11:20:46"
"ann2","17779081547448pj0tmtif39","(zero-shot) 'sheer' (ADJ_wn:00520892a) 'complete and without restriction or qualification; sometimes used informally as intensifiers' —> The athlete won the race through sheer determination.","YES","05/05/2026, 11:20:55"
"ann2","17779081547441txmm7892y9j","(zero-shot) 'curse' (NOUN_wn:14445226n) 'something causing misery or death' —> The plague was a curse that devastated the village.","YES","05/05/2026, 11:21:03"
"ann2","17779081547442ia9im3etm3","(zero-shot) 'dwell' (VERB_wn:00704249v) 'think moodily or anxiously about something' —> She tended to dwell on her failures for far too long.","YES","05/05/2026, 11:21:13"
"ann2","177790815474440rsfp89519","(zero-shot) 'squash' (NOUN_wn:07715561n) 'edible fruit of a squash plant; eaten as a vegetable' —> She roasted a butternut squash for dinner.","YES","05/05/2026, 11:21:23"
"ann2","1777908154744gattakgqscw","(zero-shot) 'complicate' (VERB_wn:00400883v) 'make more complex, intricate, or richer' —> Adding a subplot will complicate the narrative.","YES","05/05/2026, 11:21:33"
"ann2","17779081547446b1fwrc89y5","(zero-shot) 'spindle' (NOUN_wn:04277493n) 'any of various rotating shafts that serve as axes for larger rotating parts' —> The machinist carefully aligned the lathe's spindle before starting the motor.","YES","05/05/2026, 11:21:43"
"ann2","1777908154744bjljkjgpjqv","(zero-shot) 'open_up' (VERB_wn:01645421v) 'open up an area or prepare a way' —> The new highway opened up the remote valley to settlers.","YES","05/05/2026, 11:21:53"
"ann2","1777908154744omawnbu7zmd","(zero-shot) 'diagonal' (NOUN_wn:13904164n) 'a line or cut across a fabric that is not at right angles to a side of the fabric' —> She cut the silk on the diagonal to ensure the dress draped elegantly.","YES","05/05/2026, 11:22:01"
"ann2","1777908154744gdza5cnfbof","(zero-shot) 'explanation' (NOUN_wn:07232421n) 'the act of explaining; making something plain or intelligible' —> The professor's detailed explanation helped the students understand the complex concept.","YES","05/05/2026, 11:22:12"
"ann2","1777908154744ekhjxjkepuq","(zero-shot) 'contrary' (NOUN_wn:13858604n) 'a relation of direct opposition' —> Many suspected the company was failing, but the contrary was actually true.","YES","05/05/2026, 11:22:21"
"ann2","17779081547447zilq4qgzfh","(zero-shot) 'adhere' (VERB_wn:01356750v) 'stick to firmly' —> The glue makes the labels adhere to the glass.","YES","05/05/2026, 11:22:31"
"ann2","1777908154744pb09x4126yl","(zero-shot) 'die' (NOUN_wn:03192790n) 'a device used for shaping metal' —> The machinist carefully positioned the steel die into the industrial press.","YES","05/05/2026, 11:22:37"
"ann2","1777908154744rnax7hpnwg","(zero-shot) 'hold' (NOUN_wn:00812526n) 'the act of grasping' —> She maintained a firm hold on the railing.","YES","05/05/2026, 11:22:46"
"ann2","177790815474440qz6k2ax5s","(zero-shot) 'lapse' (VERB_wn:02072849v) 'pass by' —> Several years lapsed before they met again.","YES","05/05/2026, 11:22:56"
"ann2","1777908154744kfkk2c57zsa","(zero-shot) 'critical' (ADJ_wn:02830645a) 'of or involving or characteristic of critics or criticism' —> The literary journal published a critical study of the poet's early work.","YES","05/05/2026, 11:23:05"
"ann2","1777908154744lv6qa33z6w","(zero-shot) 'allowance' (NOUN_wn:01141841n) 'the act of allowing' —> The allowance of exceptions to the policy was seen as a weakness.","YES","05/05/2026, 11:23:13"
"ann2","1777908154744teggqdmw61","(zero-shot) 'telephone' (NOUN_wn:04401088n) 'electronic equipment that converts sound into electrical signals that can be transmitted over distances and then converts received signals back into sounds' —> The telephone rang loudly.","YES","05/05/2026, 11:23:23"
"ann2","1777908154744fpalk7kqpbl","(zero-shot) 'horn' (NOUN_wn:14758027n) 'the material (mostly keratin) that covers the horns of ungulates and forms hooves and claws and nails' —> The artisan crafted a decorative spoon from polished horn.","YES","05/05/2026, 11:23:31"
"ann2","1777908154744c2qz0mm2ib","(zero-shot) 'dream' (VERB_wn:01637633v) 'have a daydream; indulge in a fantasy' —> She spent the entire afternoon dreaming about a tropical vacation.","YES","05/05/2026, 11:23:40"
"ann2","1777908154744br29fld3jor","(zero-shot) 'speed' (VERB_wn:00439343v) 'cause to move faster' —> The strong current speeded the swimmer toward the shore.","YES","05/05/2026, 11:23:51"
"ann2","1777908154744iqyvpr0bx","(zero-shot) 'venture' (VERB_wn:02373336v) 'proceed somewhere despite the risk of possible dangers' —> Few explorers dare to venture into the depths of the uncharted cavern.","YES","05/05/2026, 11:23:59"
"ann2","1777908154744ri38xjrbno","(zero-shot) 'flip' (VERB_wn:01222958v) 'turn upside down, or throw so as to reverse' —> She flipped the pancake in the pan.","YES","05/05/2026, 11:24:09"
"ann2","1777908154744uf9vo8sbd0f","(zero-shot) 'line' (NOUN_wn:07012979n) 'persuasive but insincere talk that is usually intended to deceive or impress' —> He tried to charm her with a practiced line.","YES","05/05/2026, 11:24:19"
"ann2","1777908154744kam7ogwndk8","(zero-shot) 'conform_to' (VERB_wn:02667900v) 'satisfy a condition or restriction' —> The products conform to international safety standards.","YES","05/05/2026, 11:24:27"
"ann2","1777908154744c0ov7bh0vpg","(zero-shot) 'suspicion' (NOUN_wn:05698791n) 'doubt about someone's honesty' —> The detective's suspicion grew as the witness began to contradict himself.","YES","05/05/2026, 11:24:37"
"ann2","1777908154744fxtjb5wysss","(zero-shot) 'disc' (NOUN_wn:03706653n) '(computer science) a memory device consisting of a flat disk covered with a magnetic coating on which information is stored' —> I saved my old files on a floppy disc.","YES","05/05/2026, 11:24:48"
"ann2","1777908154744dcv5ncpu15q","(zero-shot) 'stuff' (NOUN_wn:07219004n) 'information in some unspecified form' —> I read a lot of interesting stuff about space travel in that magazine.","YES","05/05/2026, 11:24:58"
"ann2","17779081547442wyj1hem3bc","(zero-shot) 'condense' (VERB_wn:00365647v) 'become more compact or concentrated' —> The steam condensed into water droplets on the cold glass.","YES","05/05/2026, 11:25:13"
"ann2","1777908154744z006iwqff","(zero-shot) 'go_away' (VERB_wn:02009433v) 'go away from a place' —> Please go away.","YES","05/05/2026, 11:25:21"
"ann2","1777908154744nxkapy4alio","(zero-shot) 'indicator' (NOUN_wn:07262579n) 'a signal for attracting attention' —> The driver forgot to use his indicator before changing lanes.","YES","05/05/2026, 11:25:30"
"ann2","17779081547441w5q68grklxh","(zero-shot) 'patent' (NOUN_wn:06551627n) 'an official document granting a right or privilege' —> The inventor filed for a patent to protect her new technology.","YES","05/05/2026, 11:25:37"
"ann2","1777908154744ibzgp01jf9","(zero-shot) 'purse' (NOUN_wn:02774152n) 'a container used for carrying money and small personal items or accessories (especially by women)' —> She carefully placed her keys inside her leather purse.","YES","05/05/2026, 11:25:47"
"ann2","1777908154744950rsbq2l9j","(zero-shot) 'authorization' (NOUN_wn:05176607n) 'official permission or approval' —> The company requires written authorization to process the refund.","YES","05/05/2026, 11:25:56"
"ann2","1777908154744xlf8wur9x2k","(zero-shot) 'launch' (VERB_wn:01515196v) 'get going; give impetus to' —> The new policy launched a period of rapid economic growth.","YES","05/05/2026, 11:26:05"
"ann2","1777908154744v4lzke8vv9k","(zero-shot) 'virtually' (ADV_wn:00073033r) '(of actions or states) slightly short of or not quite accomplished; all but' —> The museum was virtually empty on Tuesday morning.","YES","05/05/2026, 11:26:14"
"ann2","1777908154744rfk2kya434n","(zero-shot) 'contract' (VERB_wn:02409941v) 'engage by written agreement' —> The city contracted a local firm to pave the roads.","YES","05/05/2026, 11:26:24"
"ann2","1777908154744v8wlwwonvm","(zero-shot) 'drift' (VERB_wn:01902783v) 'be in motion due to some air or water current' —> The small boat drifted slowly away from the shore.","YES","05/05/2026, 11:26:34"
"ann2","1777908154744i4p053kge","(zero-shot) 'mouthpiece' (NOUN_wn:03795269n) '(especially boxing) equipment that protects an athlete's mouth' —> The boxer spat out his mouthpiece after the final bell rang.","YES","05/05/2026, 11:26:44"
"ann2","17779081547441optvdvsdik","(zero-shot) 'silence' (NOUN_wn:04651974n) 'a refusal to speak when expected' —> The suspect's stubborn silence frustrated the investigators.","YES","05/05/2026, 11:26:55"
"ann2","1777908154744nnvm74kp9rp","(zero-shot) 'isolate' (VERB_wn:00494269v) 'place or set apart' —> The nurse had to isolate the patient in a private room.","YES","05/05/2026, 11:27:05"
"ann2","1777908154744qrg60vi8lfg","(zero-shot) 'pass' (NOUN_wn:09386842n) 'the location in a range of mountains of a geological formation that is lower than the surrounding peaks' —> The hikers carefully navigated the narrow mountain pass to reach the valley on the other side.","YES","05/05/2026, 11:27:12"
"ann2","1777908154744dk45xammlou","(zero-shot) 'take' (VERB_wn:01930482v) 'proceed along in a vehicle' —> She took a taxi to the airport.","YES","05/05/2026, 11:27:21"
"ann2","177790815474426ffejvfgpg","(zero-shot) 'schedule' (VERB_wn:00794981v) 'make a schedule; plan the time and place for events' —> I will schedule my dental appointment now.","YES","05/05/2026, 11:27:29"
"ann2","1777908154744j2dbilg8pgg","(zero-shot) 'proportion' (NOUN_wn:13898315n) 'balance among the parts of something' —> The sculptor carefully adjusted the proportions of the figure to achieve a lifelike appearance.","YES","05/05/2026, 11:27:37"
"ann2","1777908154744e80euzc3naw","(zero-shot) 'indirect' (ADJ_wn:00770993a) 'having intervening factors or persons or influences' —> The policy produced an indirect benefit for the poor.","YES","05/05/2026, 11:27:48"
"ann2","177790815474457939pdu2dn","(zero-shot) 'darken' (VERB_wn:00311559v) 'make dark or darker' —> The storm clouds began to darken the sky.","YES","05/05/2026, 11:27:57"
"ann2","1777908154744illz5dctsd","(zero-shot) 'magnetic_pole' (NOUN_wn:08597579n) 'either of two points where the lines of force of the Earth's magnetic field are vertical' —> The compass needle points toward the magnetic pole.","YES","05/05/2026, 11:28:07"
"ann2","1777908154744tazm1t1wdqj","(zero-shot) 'deep' (ADJ_wn:00149120a) 'exhibiting great cunning usually with secrecy' —> His deep machinations eventually led to the empire's fall.","YES","05/05/2026, 11:28:18"
"ann2","1777908154744spp02wjdf5","(zero-shot) 'linger' (VERB_wn:02058590v) 'take one's time; proceed slowly' —> She lingered over her morning tea, enjoying the silence of the house.","YES","05/05/2026, 11:28:28"
"ann2","1777908154744b2jhe8s463","(zero-shot) 'starter' (NOUN_wn:04304375n) 'an electric motor for starting an engine' —> The mechanic replaced the faulty starter in the vintage car.","YES","05/05/2026, 11:28:39"
"ann2","17779081547448as53viqede","(zero-shot) 'passing' (NOUN_wn:07310642n) 'the motion of one object relative to another' —> The passing of the comet was a spectacular event.","YES","05/05/2026, 11:28:48"
"ann2","17779081547444rum8gkcn6c","(zero-shot) 'abstract' (VERB_wn:00734587v) 'consider apart from a particular case or instance' —> The philosopher attempted to abstract the essence of beauty from the various artworks he studied.","YES","05/05/2026, 11:28:55"
"ann2","1777908154744nrgi76mwa2","(zero-shot) 'put_down' (VERB_wn:01544692v) 'put in a horizontal position' —> She put down the heavy book on the table.","YES","05/05/2026, 11:29:06"
"ann2","1777908154744ugznrlhnuej","(zero-shot) 'meal' (NOUN_wn:15245990n) 'any of the occasions for eating food that occur by custom or habit at more or less fixed times' —> We always gather for a family meal on Sunday evenings.","YES","05/05/2026, 11:29:14"
"ann2","1777908154744z3efqcj0lp","(zero-shot) 'cycle' (NOUN_wn:07342495n) 'a periodically repeated sequence of events' —> The water cycle involves evaporation, condensation, and precipitation.","YES","05/05/2026, 11:29:23"
"ann2","1777908154744dr2oez5wclj","(zero-shot) 'structural' (ADJ_wn:02949275a) 'relating to or concerned with the morphology of plants and animals' —> The biologist examined the structural differences between the wing shapes of various birds.","YES","05/05/2026, 11:29:34"
"ann2","1777908154744snp518exdv","(zero-shot) 'bow' (VERB_wn:00898691v) 'bend one's knee or body, or lower one's head' —> The performer bowed to the audience.","YES","05/05/2026, 11:29:45"
"ann2","1777908154744uploegf5dy","(zero-shot) 'strain' (NOUN_wn:05922450n) 'the general meaning or substance of an utterance' —> There was a subtle strain of irony in her response.","YES","05/05/2026, 11:29:57"
"ann2","17779081547449ezzkdgrvpb","(zero-shot) 'along' (ADV_wn:00069164r) 'in line with a length or direction (often followed by `by' or `beside')' —> They strolled along by the quiet river.","YES","05/05/2026, 11:30:08"
"ann2","1777908154744z9llwdt7fd","(zero-shot) 'rating' (NOUN_wn:05736149n) 'an appraisal of the value of something' —> The movie received a high rating from the critics.","YES","05/05/2026, 11:30:18"
"ann2","1777908154744vdyoohw442","(zero-shot) 'discharge' (VERB_wn:01097743v) 'release from military service' —> The soldier was honorably discharged after completing his term.","YES","05/05/2026, 13:12:22"
"ann2","1777908154744szmm2izt65p","(zero-shot) 'trace' (VERB_wn:00626130v) 'read with difficulty' —> The historian struggled to trace the faded ink of the ancient manuscript.","YES","05/05/2026, 13:12:32"
"ann2","1777908154744zh3fj0zju5d","(zero-shot) 'dampen' (VERB_wn:00217956v) 'make moist' —> Dampen the cloth before cleaning the window.","YES","05/05/2026, 13:12:40"
"ann2","177790815474435pf0xj7bce","(zero-shot) 'break_up' (VERB_wn:00030366v) 'laugh unrestrainedly' —> The entire class broke up when the teacher accidentally called the principal ""Mom.","YES","05/05/2026, 13:12:50"
"ann2","1777908154744tmux3ocbv6","(zero-shot) 'psychological' (ADJ_wn:01781076a) 'mental or emotional as opposed to physical in nature' —> The athlete faced a psychological barrier before the final race.","YES","05/05/2026, 13:12:58"
"ann2","177790815474463peu4parto","(zero-shot) 'recession' (NOUN_wn:00057486n) 'the act of becoming more distant' —> The recession of the tide exposed the jagged rocks on the beach.","YES","05/05/2026, 13:13:05"
"ann2","1777908154744y8espylius8","(zero-shot) 'base' (NOUN_wn:13897837n) 'the bottom side of a geometric figure from which the altitude can be constructed' —> The base of the triangle is ten centimeters long.","YES","05/05/2026, 13:13:13"
"ann2","1777908154744vwbkbf42d9j","(zero-shot) 'mask' (VERB_wn:02147603v) 'hide under a false appearance' —> His smile failed to mask the sadness in his eyes.","YES","05/05/2026, 13:13:22"
"ann2","1777908154744xpsffhgoat","(zero-shot) 'break' (VERB_wn:00364064v) 'terminate' —> They decided to break their engagement.","YES","05/05/2026, 13:13:33"
"ann2","1777908154744dh1l9gha10o","(zero-shot) 'recess' (NOUN_wn:14013646n) 'a state of abeyance or suspended business' —> The judge declared a short recess before the trial resumed.","YES","05/05/2026, 13:13:44"
"ann2","17779081547445khq0sjba7n","(zero-shot) 'height' (NOUN_wn:05131647n) 'elevation especially above sea level or above the earth's surface' —> The plane maintained a constant height during the flight.","YES","05/05/2026, 13:13:52"
"ann2","1777908154744kfdzhsgjyrl","(zero-shot) 'Jackson' (NOUN_wn:11076079n) 'general in the Confederate Army during the American Civil War whose troops at the first Battle of Bull Run stood like a stone wall (1824-1863)' —> Stonewall Jackson led his soldiers through the Shenandoah Valley.","YES","05/05/2026, 13:14:02"
"ann2","1777908154744pscjnnsyd5c","(zero-shot) 'die' (NOUN_wn:03191029n) 'a small cube with 1 to 6 spots on the six faces; used in gambling to generate random numbers' —> He rolled the die and got a four.","YES","05/05/2026, 13:14:10"
"ann2","1777908154744lglw1mfqdlf","(zero-shot) 'tension' (NOUN_wn:14002481n) 'a balance between and interplay of opposing elements or tendencies (especially in art or literature)' —> The sculpture creates a dynamic tension between the rough texture of the stone and the fluid lines of the figure.","YES","05/05/2026, 13:14:17"
"ann2","1777908154744brenezn3ip","(zero-shot) 'further' (VERB_wn:02554922v) 'contribute to the progress or growth of' —> The new policy is designed to further the goals of the organization.","YES","05/05/2026, 13:14:27"
"ann2","17779081547449he3colbiqm","(zero-shot) 'localize' (VERB_wn:01711749v) 'locate' —> The technicians worked quickly to localize the source of the electrical interference.","YES","05/05/2026, 13:14:43"
"ann2","1777908154744cwbyetnaqr5","(zero-shot) 'turn_over' (VERB_wn:02230772v) 'place into the hands or custody of' —> The witness turned over the evidence to the prosecutor.","YES","05/05/2026, 13:14:52"
"ann2","17779081547442jyg0qrsegx","(zero-shot) 'liable' (ADJ_wn:01411919a) 'at risk of or subject to experiencing something usually unpleasant' —> If you leave the milk out, it is liable to spoil.","YES","05/05/2026, 13:15:03"
"ann2","1777908154744tx4s7j24mvl","(zero-shot) 'escort' (NOUN_wn:10063461n) 'an attendant who is employed to accompany someone' —> She hired a professional escort to attend the charity ball with her.","YES","05/05/2026, 13:15:10"
"ann2","17779081547443ocdosrw6aw","(zero-shot) 'cutting' (NOUN_wn:06612649n) 'an excerpt cut from a newspaper or magazine' —> She saved a cutting from the local gazette in her scrapbook.","YES","05/05/2026, 13:15:20"
"ann2","17779081547449gmaacw4ymo","(zero-shot) 'extremity' (NOUN_wn:05559908n) 'an external body part that projects from the body' —> The patient complained of numbness in his lower extremities.","YES","05/05/2026, 13:15:28"
"ann2","1777908154744laagtktrsyh","(zero-shot) 'inclined' (ADJ_wn:01234167a) 'at an angle to the horizontal or vertical position' —> The roof of the house was steeply inclined.","YES","05/05/2026, 13:15:38"
"ann2","1777908154744krzf3k8xbq","(zero-shot) 'detonate' (VERB_wn:00306723v) 'cause to burst with a violent release of energy' —> (matches)The demolition crew decided to detonate the charges simultaneously.","YES","05/05/2026, 13:15:46"
"ann2","1777908154744tov4fuje4gb","(zero-shot) 'offend' (VERB_wn:02566528v) 'act in disregard of laws, rules, contracts, or promises' —> The suspect offended against the municipal statutes.","YES","05/05/2026, 13:15:53"
"ann2","17779081547444b6o29ygvta","(zero-shot) 'mysterious' (ADJ_wn:00939444a) 'of an obscure nature; ; ; ; - Rachel Carson' —> The ancient ruins held a mysterious secret that no one could decipher.","YES","05/05/2026, 13:16:02"
"ann2","177790815474426hzaq8e0r1","(zero-shot) 'assimilation' (NOUN_wn:05755714n) 'in the theories of Jean Piaget: the application of a general schema to a particular instance' —> The child's attempt to categorize the squirrel as a cat is a classic example of assimilation.","YES","05/05/2026, 13:16:12"
"ann2","1777908154744t73nlmuqhdp","(zero-shot) 'work_out' (VERB_wn:00634906v) 'find the solution to (a problem or question) or understand the meaning of' —> I finally worked out the secret code.","YES","05/05/2026, 13:16:22"
"ann2","17779081547446m6kuhhlr0p","(zero-shot) 'fantastic' (ADJ_wn:01936778a) 'existing in fancy only; - Nathaniel Hawthorne' —> The dreamer wandered through a fantastic landscape of floating islands and silver rivers.","YES","05/05/2026, 13:16:30"
"ann2","1777908154744asiwawcpxuu","(zero-shot) 'usual' (ADJ_wn:00970610a) 'commonly encountered' —> He took his usual route to work.","YES","05/05/2026, 13:16:39"
"ann2","1777908154744xyf70yzdtqt","(zero-shot) 'trickery' (NOUN_wn:00752954n) 'the use of tricks to deceive someone (usually to extract money from them)' —> The con artist used clever trickery to steal the elderly woman's life savings.","YES","05/05/2026, 13:16:49"
"ann2","1777908154744ogdav8w0b","(zero-shot) 'turn_to' (VERB_wn:00897564v) 'speak to' —> She turned to her husband and whispered the secret.","YES","05/05/2026, 13:16:59"
"ann2","1777908154744vblq3fc722s","(zero-shot) 'defiance' (NOUN_wn:04907991n) 'intentionally contemptuous behavior or attitude' —> The student's defiance of the school rules led to a suspension.","YES","05/05/2026, 13:17:09"
"ann2","17779081547447go9ix2p2l","(zero-shot) 'risk' (VERB_wn:02545578v) 'expose to a chance of loss or damage' —> She risked her reputation by speaking out against the corrupt regime.","YES","05/05/2026, 13:17:18"
"ann2","1777908154744xizez52qelk","(zero-shot) 'confine' (VERB_wn:00233335v) 'place limits on (extent or access)' —> The committee decided to confine the discussion to the budget proposal.","YES","05/05/2026, 13:17:27"
"ann2","1777908154744884nyknhfir","(zero-shot) 'break' (VERB_wn:01369758v) 'ruin completely' —> The scandal broke his reputation.","YES","05/05/2026, 13:17:37"
"ann2","1777908154744hmqh8xofwnj","(zero-shot) 'impulse' (NOUN_wn:09180431n) 'an instinctive motive' —> She fought the sudden impulse to laugh during the solemn ceremony.","YES","05/05/2026, 13:17:46"
"ann2","1777908154744hp0p71nqjjm","(zero-shot) 'hood' (NOUN_wn:01748100n) '(zoology) an expandable part or marking that resembles a hood on the head or neck of an animal' —> The king cobra flared its impressive hood to intimidate the predator.","YES","05/05/2026, 13:17:56"
"ann2","1777908154744e72h5y6hhz","(zero-shot) 'adaptation' (NOUN_wn:06408779n) 'a written work (as a novel) that has been recast in a new form' —> The movie was a stunning adaptation of the original novel.","YES","05/05/2026, 13:18:11"
"ann2","1777908154744c9ane4btdo8","(zero-shot) 'works' (NOUN_wn:00577357n) 'performance of moral or religious acts' —> The monk dedicated his entire life to selfless works of charity.","YES","05/05/2026, 13:18:19"
"ann2","1777908154744zehrt0u7s","(zero-shot) 'swallow' (NOUN_wn:07579276n) 'a small amount of liquid food' —> She took a swallow of the warm broth.","YES","05/05/2026, 13:18:29"
"ann2","1777908154744jx49984un7","(zero-shot) 'draw' (VERB_wn:00097029v) 'cause to localize at one point' —> The magnet draws the iron filings into a pile.","YES","05/05/2026, 13:18:39"
"ann2","17779081547444jwhoz8lhud","(zero-shot) 'deaden' (VERB_wn:01608122v) 'cut a girdle around so as to kill by interrupting the circulation of water and nutrients' —> The gardener deadened the unwanted shoot by carefully slicing through the bark in a complete circle.","YES","05/05/2026, 13:18:47"
"ann2","1777908154744odzf706pdyo","(zero-shot) 'lot' (NOUN_wn:14473222n) 'your overall circumstances or condition in life (including everything that happens to you)' —> She worked tirelessly to improve her lot in life.","YES","05/05/2026, 13:18:56"
"ann2","1777908154744a26pyzui9d","(zero-shot) 'presentation' (NOUN_wn:06891022n) 'the act of making something publicly available; presenting news or other information by broadcasting or printing it' —> The television station's presentation of the breaking news reached a global audience.","YES","05/05/2026, 13:19:05"
"ann2","1777908154744rokj6zt6mpi","(zero-shot) 'flax' (NOUN_wn:14869829n) 'fiber of the flax plant that is made into thread and woven into linen fabric' —> The farmer harvested the flax in early summer.","YES","05/05/2026, 13:19:18"
"ann2","1777908154744y8iziwhrdo","(zero-shot) 'will' (NOUN_wn:06544142n) 'a legal document declaring a person's wishes regarding the disposal of their property when they die' —> The lawyer read the will to the gathered heirs.","YES","05/05/2026, 13:19:25"
"ann2","17779081547441uouwnuv5zu","(zero-shot) 'unintelligible' (ADJ_wn:01337121a) 'poorly articulated or enunciated, or drowned by noise' —> The announcement over the loudspeaker was completely unintelligible due to the static.","YES","05/05/2026, 13:19:34"
"ann2","1777908154744pxb6g8emvde","(zero-shot) 'credit' (NOUN_wn:13378518n) 'money available for a client to borrow' —> The bank approved the company's request for a line of credit.","YES","05/05/2026, 13:19:41"
"ann2","17779081547442b7wxeglkdo","(zero-shot) 'forced' (ADJ_wn:00073761a) 'lacking spontaneity; not natural' —> Her smile seemed forced during the awkward interview.","YES","05/05/2026, 13:19:51"
"ann2","17779081547442bkfomn17us","(zero-shot) 'glow' (NOUN_wn:05018785n) 'light from nonthermal sources' —> The deep-sea creatures emitted a soft, ethereal glow to communicate in the darkness.","YES","05/05/2026, 13:20:02"
"ann2","17779081547440u3gzlqzcdem","(zero-shot) 'casual' (ADJ_wn:01961205a) 'occurring from time to time' —> He maintains casual contact with his old friends.","YES","05/05/2026, 13:20:11"
"ann2","17779081547440qs9qndem89l","(zero-shot) 'good_fortune' (NOUN_wn:14473655n) 'an auspicious state resulting from favorable outcomes' —> She attributed her sudden good fortune to a lifetime of hard work.","YES","05/05/2026, 13:20:21"
"ann2","1777908154744o9fesc9bio","(zero-shot) 'deep' (ADJ_wn:02561391a) 'extending relatively far inward' —> The knife made a deep cut in the apple.","YES","05/05/2026, 13:20:32"
"ann2","17779081547448z0qor2mbpn","(zero-shot) 'disperse' (VERB_wn:02030424v) 'to cause to separate and go in different directions' —> The police ordered the crowd to disperse.","YES","05/05/2026, 13:21:16"
"ann2","1777908154744rgmprt605n","(zero-shot) 'mechanical' (ADJ_wn:01499686a) 'using (or as if using) mechanisms or tools or devices' —> The door has a mechanical latch.","YES","05/05/2026, 13:21:26"
"ann2","1777908154744nvulwexscxm","(zero-shot) 'visual' (ADJ_wn:02516148a) 'visible; - Shakespeare' —> The visual evidence provided a clear picture of the scene.","YES","05/05/2026, 13:21:40"
"ann2","177790815474415flxvgpys7","(zero-shot) 'bury' (VERB_wn:01234625v) 'place in the earth and cover with soil' —> The dog buried its bone in the garden.","YES","05/05/2026, 13:21:50"
"ann2","1777908154744q1p0kyoe1qm","(zero-shot) 'uniformity' (NOUN_wn:04769049n) 'a condition in which everything is regular and unvarying' —> The rows of identical houses created a sense of sterile uniformity throughout the neighborhood.","YES","05/05/2026, 13:21:57"
"ann2","1777908154744olfancz0r2","(zero-shot) 'barb' (NOUN_wn:06767922n) 'an aggressive remark directed at a person like a missile and intended to have a telling effect' —> She couldn't resist throwing a sharp barb at her rival during the debate.","YES","05/05/2026, 13:22:05"
"ann2","1777908154744ryruagd10p9","(zero-shot) 'recapture' (VERB_wn:01772363v) 'experience anew' —> She hoped to recapture the innocence of her youth.","YES","05/05/2026, 13:22:14"
"ann2","1777908154744toyjvq8azhi","(zero-shot) 'decay' (NOUN_wn:13456899n) 'the spontaneous disintegration of a radioactive substance along with the emission of ionizing radiation' —> The rapid decay of the isotope produced a strong burst of gamma rays.","YES","05/05/2026, 13:22:23"
"ann2","177790815474421o73cqr1q2","(zero-shot) 'tough' (ADJ_wn:00478311a) 'feeling physical discomfort or pain (`tough' is occasionally used colloquially for `bad')' —> I am feeling quite tough after the long climb.","YES","05/05/2026, 13:22:32"
"ann2","1777908154744flasiyqbd3","(zero-shot) 'get_rid_of' (VERB_wn:00471711v) 'terminate, end, or take out' —> I need to get rid of these old newspapers.","NO","05/05/2026, 13:22:43"
"ann2","17779081547444e6hv4qmziv","(zero-shot) 'pound' (VERB_wn:01302365v) 'shut up or confine in any enclosure or within any bounds or limits' —> The warden pounded the stray dogs into the city kennel.","YES","05/05/2026, 13:22:56"
"ann2","1777908154744bsgi2afdkcb","(zero-shot) 'pastoral' (ADJ_wn:02860564a) 'of or relating to a pastor' —> The priest provided pastoral care to his congregation.","YES","05/05/2026, 13:23:04"
"ann2","17779081547449ve0nq53u3p","(zero-shot) 'journalism' (NOUN_wn:00611674n) 'the profession of reporting or photographing or editing news stories for one of the media' —> Digital tools have fundamentally changed the landscape of modern journalism.","YES","05/05/2026, 13:23:14"
"ann2","1777908154744fu8gfdiv3yp","(zero-shot) 'back' (VERB_wn:00223109v) 'establish as valid or genuine' —> The witness backed his story with a series of dated photographs.","YES","05/05/2026, 13:23:21"
"ann2","1777908154744moin0pyz4s","(zero-shot) 'no_more' (ADV_wn:00031515r) 'not now' —> The rain falls no more.","YES","05/05/2026, 13:23:33"
"ann2","17779081547447evbalt4ck9","(zero-shot) 'state_of_mind' (NOUN_wn:14016114n) 'a temporary psychological state' —> Her state of mind shifted from anger to sadness in an instant.","YES","05/05/2026, 13:23:43"
"ann2","1777908154744rci2xrt3rc","(zero-shot) 'executive' (NOUN_wn:09770472n) 'someone who manages a government agency or department' —> The chief executive of the state's environmental agency announced a new policy to reduce carbon emissions.","YES","05/05/2026, 13:23:51"
"ann2","1777908154744y39o1zs77nk","(zero-shot) 'scale' (NOUN_wn:13816862n) 'the ratio between the size of something and a representation of it' —> The map's scale indicates that one inch equals ten miles.","YES","05/05/2026, 13:24:00"
"ann2","17779081547446nuh70holuv","(zero-shot) 'book' (VERB_wn:02599754v) 'register in a hotel booker' —> They booked the penthouse.","YES","05/05/2026, 13:24:11"
"ann2","1777908154744uqz0r5e3dm","(zero-shot) 'give_away' (VERB_wn:00933821v) 'make known to the public information that was previously known only to a few people or that was meant to be kept a secret' —> She accidentally gave away the surprise party plans.","YES","05/05/2026, 13:24:20"
"ann2","1777908154744c2s72ggs1as","(zero-shot) 'trump' (NOUN_wn:03110669n) 'a brass musical instrument with a brilliant tone; has a narrow tube and a flared bell and is played by means of valves' —> The royal herald blew a silver trump to signal the king's arrival.","YES","05/05/2026, 13:24:29"
"ann2","17779081547449boktiszn7r","(zero-shot) 'biting' (ADJ_wn:02079313a) 'capable of wounding' —> The biting wind sliced through his thin coat.","YES","05/05/2026, 13:24:39"
"ann2","1777908154744ros55lvj3h","(zero-shot) 'acknowledge' (VERB_wn:01059123v) 'express recognition of the presence or existence of, or acquaintance with' —> She acknowledged him with a brief nod.","YES","05/05/2026, 13:24:46"
"ann2","1777908154744dtkqugpr58","(zero-shot) 'confirmation' (NOUN_wn:01038895n) 'a ceremony held in the synagogue (usually at Pentecost) to admit as adult members of the Jewish community young men and women who have successfully completed a course of study in Judaism' —> The rabbi presided over the confirmation of the teenagers during the Shavuot festival.","YES","05/05/2026, 13:24:54"
"ann2","177790815474421mf2t83s29","(zero-shot) 'bet' (VERB_wn:01155687v) 'stake on the outcome of an issue' —> I bet ten dollars that the home team wins.","YES","05/05/2026, 13:25:02"
"ann2","1777908154744nntkxnw09b","(zero-shot) 'emerge' (VERB_wn:02625016v) 'happen or occur as a result of something' —> New issues emerged from the reorganization.","YES","05/05/2026, 13:25:13"
"ann2","17779081547443zhz2gvytyd","(zero-shot) 'fictitious' (ADJ_wn:01116857a) 'adopted in order to deceive' —> He used a fictitious name to hide his identity from the police.","YES","05/05/2026, 13:25:21"
"ann2","1777908154744syrxqp3gg6","(zero-shot) 'hold_back' (VERB_wn:02146790v) 'hold back; keep from being perceived by others' —> She struggled to hold back her tears during the ceremony.","YES","05/05/2026, 13:25:29"
"ann2","17779081547442suzpgzpyy8","(zero-shot) 'carrier' (NOUN_wn:01314145n) '(genetics) an organism that possesses a recessive gene whose effect is masked by a dominant allele; the associated trait is not apparent but can be passed on to offspring' —> The woman discovered she was a carrier of cystic fibrosis during her prenatal screening.","YES","05/05/2026, 13:25:38"
"ann2","177790815474472bk1b4skq5","(zero-shot) 'whistle' (NOUN_wn:04579432n) 'acoustic device that forces air or steam against an edge or into a cavity and so produces a loud shrill sound' —> The referee blew his silver whistle to signal the end of the match.","YES","05/05/2026, 13:25:48"
"ann2","1777908154744fbl49rd6qwa","(zero-shot) 'radial' (ADJ_wn:02373055a) 'arranged like rays or radii; radiating from a common center' —> The flower exhibits radial symmetry.","YES","05/05/2026, 13:25:59"
"ann2","17779081547443x4j9dg70bf","(zero-shot) 'outcome' (NOUN_wn:11410625n) 'a phenomenon that follows and is caused by some previous phenomenon' —> The final outcome of the trial remained uncertain until the jury reached a verdict.","YES","05/05/2026, 13:26:09"
"ann2","1777908154744oezljcdb22","(zero-shot) 'delicacy' (NOUN_wn:05751707n) 'refined taste; tact' —> He handled the sensitive situation with great delicacy.","YES","05/05/2026, 13:26:19"
"ann2","1777908154744m9py3tsc2yb","(zero-shot) 'dilution' (NOUN_wn:00362659n) 'weakening (reducing the concentration) by the addition of water or a thinner' —> The technician performed a careful dilution of the concentrated acid.","YES","05/05/2026, 13:26:28"
"ann2","1777908154744r7lcpn0tali","(zero-shot) 'break' (VERB_wn:02101373v) 'change directions suddenly' —> The startled horse broke right, nearly knocking over the fence.","YES","05/05/2026, 13:26:38"
"ann2","1777908154744wap5asknwwg","(zero-shot) 'get_into' (VERB_wn:00875000v) 'familiarize oneself thoroughly with' —> He spent the afternoon getting into the complex rules of the board game.","YES","05/05/2026, 13:26:48"
"ann2","1777908154744bqluiue3hbt","(zero-shot) 'reel' (NOUN_wn:00540211n) 'a lively dance of Scottish Highlanders; marked by circular moves and gliding steps' —> The dancers performed a spirited reel to the music of the bagpipes.","YES","05/05/2026, 13:26:57"
"ann2","1777908154744kulxccuizki","(zero-shot) 'depress' (VERB_wn:01574766v) 'press down' —> Carefully depress the lever to release the latch.","YES","05/05/2026, 13:27:06"
"ann2","1777908154744jamwunldti9","(zero-shot) 'bosom' (NOUN_wn:02876084n) 'cloth that covers the chest or breasts' —> The velvet bosom of her dress was adorned with intricate gold embroidery.","YES","05/05/2026, 13:27:17"
"ann2","1777908154744v7if1vyf3e","(zero-shot) 'contribute' (VERB_wn:02308741v) 'contribute to some cause' —> Many generous donors contribute to the children's hospital every year.","YES","05/05/2026, 13:27:29"
"ann2","17779081547442nelwlsr03g","(zero-shot) 'unrestricted' (ADJ_wn:00416651a) 'never having had security classification' —> The agency released the unrestricted documents to the general public.","YES","05/05/2026, 13:27:38"
"ann2","17779081547446y3orzqardo","(zero-shot) 'sight' (NOUN_wn:05623818n) 'the range of vision' —> The distant ship slowly faded from sight.","YES","05/05/2026, 13:27:48"
"ann2","1777908154744mv4uank27lm","(zero-shot) 'franchise' (NOUN_wn:08060193n) 'a business established or operated under an authorization to sell or distribute a company's goods or services in a particular area' —> He decided to open a fast-food franchise in the downtown area.","YES","05/05/2026, 13:27:59"
"ann2","1777908154744d8jtuqf9npt","(zero-shot) 'block' (VERB_wn:01476483v) 'block passage through' —> The fallen tree blocked the road.","YES","05/05/2026, 13:28:08"
"ann2","1777908154744e4k239ht5zl","(zero-shot) 'lentil' (NOUN_wn:12544240n) 'widely cultivated Eurasian annual herb grown for its edible flattened seeds that are cooked like peas and also ground into meal and for its leafy stalks that are used as fodder' —> The chef simmered a pot of red lentils for dinner.","YES","05/05/2026, 13:28:18"
"ann2","1777908154744j5vzbstkn7o","(zero-shot) 'unoccupied' (ADJ_wn:01313346a) 'not leased to or occupied by a tenant' —> The penthouse suite has been unoccupied since the previous owner moved out.","YES","05/05/2026, 13:28:30"
"ann2","1777908154744uvmaj2j29s","(zero-shot) 'thicken' (VERB_wn:00431117v) 'become thick or thicker' —> The sauce will thicken as it simmers on the stove.","YES","05/05/2026, 13:28:38"
"ann2","1777908154744cauvikl6h6s","(zero-shot) 'seize' (VERB_wn:02272549v) 'take possession of by force, as after an invasion' —> The invading army seized the royal palace during the initial assault.","YES","05/05/2026, 13:28:45"
"ann2","17779081547444soc0x2glgx","(zero-shot) 'detergent' (NOUN_wn:15097017n) 'a surface-active chemical widely used in industry and laundering' —> She poured the liquid detergent into the washing machine.","YES","05/05/2026, 13:28:54"
"ann2","1777908154744m6abv36ovgf","(zero-shot) 'indicator' (NOUN_wn:06639674n) 'a number or ratio (a value on a scale of measurement) derived from a series of observed facts; can reveal relative changes as a function of time' —> The consumer price index is a widely used indicator for tracking inflation over several years.","YES","05/05/2026, 13:29:01"
"ann2","177790815474446mo3tof8","(zero-shot) 'shed' (VERB_wn:01541803v) 'pour out in drops or small quantities or as if in drops or small quantities' —> She shed a single tear of joy.","YES","05/05/2026, 13:29:09"
"ann2","17779081547447m0waimi39f","(zero-shot) 'tangle' (NOUN_wn:05685879n) 'something jumbled or confused' —> The old fishing line had become a frustrating tangle of knots.","YES","05/05/2026, 13:29:20"
"ann2","1777908154744ekh3cp9t8g","(zero-shot) 'bowl' (VERB_wn:01146507v) 'engage in the sport of bowling' —> He bowls every Tuesday at the local alley.","YES","05/05/2026, 13:29:28"
"ann2","1777908154744xydpmzzfnwe","(zero-shot) 'feast' (NOUN_wn:07290144n) 'something experienced with great delight' —> The art gallery was a feast for the eyes.","YES","05/05/2026, 13:29:37"
"ann2","1777908154744b7mr1zf10ub","(zero-shot) 'short' (ADV_wn:00452624r) 'at a disadvantage' —> The underdog came up short in the final match.","YES","05/05/2026, 13:29:48"
"ann2","17779081547445d46wib76wn","(zero-shot) 'beset' (VERB_wn:01126700v) 'assail or attack on all sides:' —> The citadel was beset by the invading army for three months.","YES","05/05/2026, 13:58:50"
"ann2","1777908154744w7d9gxaukr","(zero-shot) 'firmly' (ADV_wn:00224700r) 'in a secure manner; in a manner free from danger' —> The heavy shelf was firmly bolted to the wall.","YES","05/05/2026, 13:59:03"
"ann2","17779081547443wnmqisrw92","(zero-shot) 'life' (NOUN_wn:15140892n) 'the period from the present until death' —> I plan to spend the rest of my life traveling.","YES","05/05/2026, 13:59:11"
"ann2","1777908154744fv148fv2jii","(zero-shot) 'pulse' (NOUN_wn:15280695n) 'the rate at which the heart beats; usually measured to obtain a quick evaluation of a person's health' —> The nurse carefully monitored the patient's pulse during the procedure.","YES","05/05/2026, 13:59:19"
"ann2","1777908154744aurpz8o2fd","(zero-shot) 'speculate' (VERB_wn:00927049v) 'talk over conjecturally, or review in an idle or casual way and with an element of doubt or without sufficient reason to reach a conclusion' —> The neighbors spent the entire afternoon speculating about who had moved into the mysterious old mansion on the corner.","YES","05/05/2026, 13:59:27"
"ann2","1777908154744tpz2c93snzh","(zero-shot) 'fair' (NOUN_wn:08408557n) 'gathering of producers to promote business' —> The company showcased its latest innovations at the international trade fair.","YES","05/05/2026, 13:59:34"
"ann2","1777908154744iaq9oi3t2s","(zero-shot) 'base' (NOUN_wn:06300193n) '(linguistics) the form of a word after all affixes are removed' —> In the word 'disagreement', the base is 'agree'.","YES","05/05/2026, 13:59:48"
"ann2","1777908154744jmo5dunw8w","(zero-shot) 'land' (NOUN_wn:08556491n) 'territory over which rule or control is exercised' —> The ancient king ruled over a vast and fertile land.","YES","05/05/2026, 13:59:58"
"ann2","17779081547441x03nj8v2fo","(zero-shot) 'frightened' (ADJ_wn:00080357a) 'thrown into a state of intense fear or desperation' —> The frightened kitten hid.","YES","05/05/2026, 14:00:09"
"ann2","177790815474432bokeuhcl","(zero-shot) 'pass' (VERB_wn:02523351v) 'go unchallenged; be approved' —> The bill passed the Senate.","YES","05/05/2026, 14:00:19"
"ann2","1777908154744hjvj4e5etew","(zero-shot) 'roll' (NOUN_wn:07680932n) 'small rounded bread either plain or sweet' —> I enjoyed a warm cinnamon roll for breakfast.","YES","05/05/2026, 14:00:29"
"ann2","1777908154744n7qk60g0nls","(zero-shot) 'improvement' (NOUN_wn:00248977n) 'the act of improving something' —> The company invested heavily in the improvement of its infrastructure.","YES","05/05/2026, 14:00:39"
"ann2","1777908154744vxdjbf3cvb","(zero-shot) 'depart' (VERB_wn:02383440v) 'remove oneself from an association with or participation in' —> He decided to depart from the political party after the scandal.","YES","05/05/2026, 14:00:46"
"ann2","1777908154744mnkb7d1uqq9","(zero-shot) 'chill' (NOUN_wn:07520112n) 'an almost pleasurable sensation of fright' —> The gothic atmosphere of the old manor sent a delightful chill down her spine.","YES","05/05/2026, 14:00:55"
"ann2","1777908154744fgy0m4o59fm","(zero-shot) 'round' (NOUN_wn:07662156n) 'a cut of beef between the rump and the lower leg' —> The butcher sliced the beef round into thin medallions.","YES","05/05/2026, 14:01:05"
"ann2","1777908154744l44pnbe53bm","(zero-shot) 'stop' (NOUN_wn:07115914n) 'a consonant produced by stopping the flow of air at some point and suddenly releasing it' —> The sound /p/ is a voiceless bilabial stop.","YES","05/05/2026, 14:01:14"
"ann2","1777908154744cpx43kfl5wu","(zero-shot) 'heroic' (ADJ_wn:02740508a) 'relating to or characteristic of heroes of antiquity' —> The ancient bards sang of the heroic exploits of Achilles.","YES","05/05/2026, 14:01:24"
"ann2","1777908154744tzt0dcz5uz","(zero-shot) 'pope' (NOUN_wn:10453533n) 'the head of the Roman Catholic Church' —> The pope lives in Vatican City.","YES","05/05/2026, 14:01:35"
"ann2","1777908154744j191fushzxl","(zero-shot) 'view' (VERB_wn:00690614v) 'deem to be' —> Experts view the discovery as a breakthrough.","YES","05/05/2026, 14:01:46"
"ann2","177790815474472ksf6m3q5","(zero-shot) 'reel' (NOUN_wn:00539674n) 'an American country dance which starts with the couples facing each other in two lines' —> The guests danced a lively reel to the sound of the fiddle.","YES","05/05/2026, 14:01:57"
"ann2","1777908154744eeqhi4lxyt","(zero-shot) 'economical' (ADJ_wn:00840212a) 'using the minimum of time or resources necessary for effectiveness' —> The author's economical prose conveyed a wealth of emotion with very few words.","YES","05/05/2026, 14:02:04"
"ann2","1777908154744fmpolc9fegj","(zero-shot) 'bang' (VERB_wn:01426397v) 'have sexual intercourse with' —> They banged all night.","YES","05/05/2026, 14:02:12"
"ann2","1777908154744x3qnfedhuu8","(zero-shot) 'heave' (VERB_wn:01507792v) 'throw with great effort' —> She heaved the boulder into the lake.","YES","05/05/2026, 14:02:21"
"ann2","1777908154744rlvroxiswyd","(zero-shot) 'operation' (NOUN_wn:00955060n) 'activity by a military or naval force (as a maneuver or campaign)' —> The special forces conducted a secret operation behind enemy lines.","YES","05/05/2026, 14:02:29"
"ann2","1777908154744h801lj2yz","(zero-shot) 'age' (VERB_wn:00248026v) 'grow old or older' —> She aged gracefully over the decades.","YES","05/05/2026, 14:02:38"
"ann2","177790815474423bi86a188x","(zero-shot) 'vicar' (NOUN_wn:10750031n) 'a Roman Catholic priest who acts for another higher-ranking clergyman' —> The vicar managed the parish duties in the absence of the bishop.","YES","05/05/2026, 14:02:47"
"ann2","1777908154744sxxpz8gf7ea","(zero-shot) 'restrict' (VERB_wn:02509287v) 'place under restrictions; limit access to' —> The security team restricted entry to the laboratory.","YES","05/05/2026, 14:02:55"
"ann2","17779081547448zogtwx8z5h","(zero-shot) 'answer' (NOUN_wn:06743506n) 'a statement that solves a problem or explains how to solve the problem' —> The student wrote the correct answer on the chalkboard.","YES","05/05/2026, 14:03:04"
"ann2","1777908154744lxsw1l1tv09","(zero-shot) 'equality' (NOUN_wn:04747899n) 'the quality of being the same in quantity or measure or value or status' —> The law promotes equality among all citizens.","YES","05/05/2026, 14:03:13"
"ann2","17779081547443rkhte72j53","(zero-shot) 'terminal' (NOUN_wn:04413419n) 'electronic equipment consisting of a device providing access to a computer; has a keyboard and display' —> The technician repaired the outdated terminal in the server room.","YES","05/05/2026, 14:03:21"
"ann2","1777908154744vtsclx90jib","(zero-shot) 'agitation' (NOUN_wn:00333366n) 'the act of agitating something; causing it to move around (usually vigorously)' —> The constant agitation of the liquid ensured that the chemicals mixed thoroughly.","YES","05/05/2026, 14:03:30"
"ann2","1777908154744bq6ytuvpuc","(zero-shot) 'compression' (NOUN_wn:07313241n) 'the process or result of becoming smaller or pressed together' —> The gas underwent rapid compression within the engine cylinder.","YES","05/05/2026, 14:03:41"
"ann2","17779081547446atsbi78hcu","(zero-shot) 'free' (VERB_wn:01475953v) 'free or remove obstruction from' —> The mechanic freed the jammed gear.","YES","05/05/2026, 14:03:51"
"ann2","1777908154744md0i2ix199q","(zero-shot) 'together' (ADV_wn:00116994r) 'assembled in one place' —> The family gathered together for the holiday.","YES","05/05/2026, 14:04:00"
"ann2","1777908154744ipi8vgr21k8","(zero-shot) 'fit' (VERB_wn:02339413v) 'provide with (something) usually for a specific purpose' —> The technician fitted the workshop with a new ventilation system.","YES","05/05/2026, 14:04:09"
"ann2","1777908154744knyyxzuib5r","(zero-shot) 'adhere' (VERB_wn:02638630v) 'be loyal to' —> She continued to adhere to her principles despite the immense pressure to conform.","YES","05/05/2026, 14:04:18"
"ann2","1777908154744mafoemsndc","(zero-shot) 'essential' (ADJ_wn:02722988a) 'being or relating to or containing the essence of a plant etc' —> Lavender essential oil has a soothing aroma.","YES","05/05/2026, 14:04:25"
"ann2","1777908154744aeg5e2syiwt","(zero-shot) 'grow' (VERB_wn:00094460v) 'come to have or undergo a change of (physical features and attributes)' —> The young boy grew several inches over the summer.","NO","05/05/2026, 14:04:37"
"ann2","177790815474443du3i9vphc","(zero-shot) 'destruction' (NOUN_wn:14562960n) 'a final state' —> The ruins stood as a testament to the absolute destruction of the city.","YES","05/05/2026, 14:04:47"
"ann2","17779081547440yakt0kvs8yr","(zero-shot) 'offset' (VERB_wn:02232044v) 'cause (printed matter) to transfer or smear onto another surface' —> The heavy black ink offset onto the facing page of the magazine.","YES","05/05/2026, 14:04:54"
"ann2","17779081547441cx5qfpjwdj","(zero-shot) 'minister' (NOUN_wn:00585810n) 'the job of a head of a government department' —> The finance minister proposed a new budget to the parliament.","YES","05/05/2026, 14:05:06"
"ann2","1777908154744cy6y0mah33","(zero-shot) 'pupil' (NOUN_wn:10665698n) 'a learner who is enrolled in an educational institution' —> The teacher praised the diligent pupil for her hard work.","YES","05/05/2026, 14:05:15"
"ann2","1777908154744jdacw1hqzpg","(zero-shot) 'gallery' (NOUN_wn:03411927n) 'a long usually narrow room used for some specific purpose' —> The public gallery of the courtroom was packed with eager journalists.","YES","05/05/2026, 14:05:26"
"ann2","1777908154744hneaov43q8","(zero-shot) 'slang' (NOUN_wn:07159467n) 'informal language consisting of words and expressions that are not considered appropriate for formal occasions; often vituperative or vulgar' —> The professor warned the students against using slang in their academic essays.","YES","05/05/2026, 14:05:37"
"ann2","17779081547443x29kbfcjn5","(zero-shot) 'moderator' (NOUN_wn:10326087n) 'someone who mediates disputes and attempts to avoid violence' —> The skilled moderator intervened during the heated argument to ensure the situation did not turn physical.","YES","05/05/2026, 14:05:45"
"ann2","1777908154744oa61zh2gw4r","(zero-shot) 'turn' (NOUN_wn:15292069n) 'a time for working (after which you will be relieved by someone else)' —> The sentries took turns patrolling the perimeter.","YES","05/05/2026, 14:05:53"
"ann2","1777908154744zib7mmcjhm","(zero-shot) 'manchester' (NOUN_wn:08876975n) 'a city in northwestern England (30 miles to the east of Liverpool); heart of the most densely populated area of England' —> Manchester is famous for its football clubs.","YES","05/05/2026, 14:06:01"
"ann2","1777908154744lgdeqqlxftg","(zero-shot) 'romance' (NOUN_wn:06369216n) 'a novel dealing with idealized events remote from everyday life' —> The ancient romance featured knights on a quest for a mystical chalice.","YES","05/05/2026, 14:06:12"
"ann2","1777908154744jjspxa24o7","(zero-shot) 'redeem' (VERB_wn:02551602v) 'save from sins' —> Only a divine act of grace could redeem the wretched soul.","YES","05/05/2026, 14:06:21"
"ann2","177790815474440mhxnw42sm","(zero-shot) 'educational' (ADJ_wn:01324565a) 'providing knowledge' —> The museum offered an educational experience for all visitors.","YES","05/05/2026, 14:06:30"
"ann2","1777908154744j75xagztk","(zero-shot) 'column' (NOUN_wn:03074380n) 'a vertical cylindrical structure standing alone and not supporting anything (such as a monument)' —> The massive victory column stood solitary in the middle of the town square.","YES","05/05/2026, 14:06:39"
"ann2","1777908154744t7dfe6cwmbo","(zero-shot) 'lead' (VERB_wn:01999798v) 'take somebody somewhere' —> The guide led the group through the dense forest.","YES","05/05/2026, 14:06:49"
"ann2","17779081547449gvyadebs","(zero-shot) 'care' (NOUN_wn:07505047n) 'a cause for feeling concern' —> She moved to the countryside to escape the cares of city life.","YES","05/05/2026, 14:06:59"
"ann2","17779081547449f5yi6ewi99","(zero-shot) 'beg' (VERB_wn:02270815v) 'ask to obtain free' —> The street musician begged for a few coins from the passersby.","YES","05/05/2026, 14:07:08"
"ann2","1777908154745m5aaaqdgc4o","(zero-shot) 'pertinent' (ADJ_wn:01975833a) 'having precise or logical relevance to the matter at hand' —> The witness provided pertinent evidence that changed the verdict.","YES","05/05/2026, 14:07:18"
"ann2","1777908154745l2rf1ut26rl","(zero-shot) 'fit' (VERB_wn:00300537v) 'make fit' —> The tailor fitted the jacket to the customer's frame.","YES","05/05/2026, 14:07:26"
"ann2","1777908154745w7grp5nb71e","(zero-shot) 'zone' (NOUN_wn:08541841n) 'any of the regions of the surface of the Earth loosely divided according to latitude or longitude' —> The temperate zone experiences four distinct seasons.","YES","05/05/2026, 14:07:35"
"ann2","17779081547451tdiispun6a","(zero-shot) 'sweep' (VERB_wn:01393996v) 'clean by sweeping' —> I sweep the kitchen floor every morning.","YES","05/05/2026, 14:07:45"
"ann2","17779081547451rhcf5km882","(zero-shot) 'blackberry' (NOUN_wn:12653762n) 'bramble with sweet edible black or dark purple berries that usually do not separate from the receptacle' —> I enjoy eating fresh blackberries.","NO","05/05/2026, 14:08:01"
"ann2","1777908154745ugjzb3w9ts","(zero-shot) 'contempt' (NOUN_wn:06715927n) 'open disrespect for a person or thing' —> The aristocrat viewed the peasants with utter contempt.","YES","05/05/2026, 14:08:10"
"ann2","1777908154745yfelcrlycdg","(zero-shot) 'commitment' (NOUN_wn:06684383n) 'a message that makes a pledge' —> The ambassador's formal commitment was sent via encrypted cable.","YES","05/05/2026, 14:08:21"
"ann2","17779081547456opko20764w","(zero-shot) 'rig' (NOUN_wn:04091097n) 'gear (including necessary machinery) for a particular enterprise' —> The engineers meticulously assembled the drilling rig before starting the operation.","YES","05/05/2026, 14:08:32"
"ann2","1777908154745168f3l2md3q","(zero-shot) 'modest' (ADJ_wn:01537885a) 'not offensive to sexual mores in conduct or appearance' —> She wore a modest dress to the wedding.","YES","05/05/2026, 14:08:39"
"ann2","1777908154745e5t9x98yzb8","(zero-shot) 'deep' (ADJ_wn:01385046a) 'large in quantity or size' —> The billionaire has deep pockets.","YES","05/05/2026, 14:08:49"
"ann2","177790815474522fhxt7hs3g","(zero-shot) 'hoop' (NOUN_wn:03534429n) 'a light curved skeleton to spread out a skirt' —> The Victorian lady wore a wide hoop under her gown to give the fabric a voluminous shape.","YES","05/05/2026, 14:08:58"
"ann2","1777908154745b74bjv0qgi","(zero-shot) 'localize' (VERB_wn:02509919v) 'restrict something to a particular area' —> The firefighters worked quickly to localize the blaze within the warehouse.","YES","05/05/2026, 14:09:07"
"ann2","1777908154745n9mz1ojfqy","(zero-shot) 'tension' (NOUN_wn:11515051n) '(physics) a stress that produces an elongation of an elastic physical body' —> The tension in the guitar string determines the pitch of the note.","YES","05/05/2026, 14:09:14"
"ann2","1777908154745aji4q0eyr2h","(zero-shot) 'round' (NOUN_wn:04119892n) 'a crosspiece between the legs of a chair' —> The carpenter carefully sanded the round of the wooden chair.","YES","05/05/2026, 14:09:24"
"ann2","1777908154745phd8jzhw5q","(zero-shot) 'prime_minister' (NOUN_wn:09907196n) 'the person who holds the position of head of the government in the United Kingdom' —> The prime minister delivered a speech today.","YES","05/05/2026, 14:09:33"
"ann2","1777908154745wwjez538i8b","(zero-shot) 'bite' (NOUN_wn:07579076n) 'a small amount of solid food; a mouthful' —> She took a quick bite of the cake.","YES","05/05/2026, 14:09:42"
"ann2","177790815474524zewhdeuzy","(zero-shot) 'median' (ADJ_wn:00331030a) 'relating to or situated in or extending toward the middle' —> The surgeon carefully avoided the median nerve during the procedure.","YES","05/05/2026, 14:09:50"
"ann2","17779081547450xxvl3yrlrk","(zero-shot) 'visibility' (NOUN_wn:04702545n) 'capability of providing a clear unobstructed view' —> The dense fog significantly reduced visibility for the drivers on the highway.","YES","05/05/2026, 14:09:58"
"ann2","1777908154745e09j6cd9ffq","(zero-shot) 'preference' (NOUN_wn:07498210n) 'a strong liking' —> She has a preference for chocolate over vanilla.","YES","05/05/2026, 14:10:08"
"ann2","1777908154745u1zzp0xnhw","(zero-shot) 'refer' (VERB_wn:00931467v) 'have as a meaning' —> The word 'aurora' refers to the natural light display in the sky.","YES","05/05/2026, 14:10:17"
"ann2","1777908154745amk1ml3yla6","(zero-shot) 'curb' (NOUN_wn:02701871n) 'a stock exchange in New York' —> The curb was a popular place for brokers to trade unlisted shares.","YES","05/05/2026, 14:10:26"
"ann2","177790815474584m12lqhdei","(zero-shot) 'quantifier' (NOUN_wn:06302381n) '(grammar) a word that expresses a quantity (as `fifteen' or `many')' —> The linguist explained that 'all' is a common quantifier used in English.","YES","05/05/2026, 14:10:36"
"ann2","1777908154745w3mwxyuudzl","(zero-shot) 'sturdy' (ADJ_wn:02038994a) 'having rugged physical strength; inured to fatigue or hardships' —> The sturdy laborer worked long hours under the blazing sun.","YES","05/05/2026, 14:10:45"
"ann2","1777908154745enx4fdl4o2o","(zero-shot) 'charity' (NOUN_wn:12809626n) 'pinnate-leaved European perennial having bright blue or white flowers' —> The vibrant blue charity bloomed in the garden.","YES","05/05/2026, 14:10:54"
"ann2","1777908154745vv1i51mb5k","(zero-shot) 'singular' (ADJ_wn:02215087a) 'the single one of its kind' —> She possesses a singular talent.","YES","05/05/2026, 14:11:04"
"ann2","1777908154745mvix7ab58oh","(zero-shot) 'freeze' (VERB_wn:00445711v) 'change from a liquid to a solid when cold' —> Water freezes at zero degrees Celsius.","YES","05/05/2026, 14:11:11"