lemma,n,accuracy,f1_macro,n_errors,model,mode
below,6,0.3333333333333333,0.25,4,nvidia/Llama-3.3-70B-Instruct-NVFP4,p2
belong,12,0.3333333333333333,0.25,8,nvidia/Llama-3.3-70B-Instruct-NVFP4,p2
proclaim,6,0.3333333333333333,0.25,4,nvidia/Llama-3.3-70B-Instruct-NVFP4,p2
persist,6,0.3333333333333333,0.25,4,nvidia/Llama-3.3-70B-Instruct-NVFP4,p2
falsify,6,0.3333333333333333,0.25,4,nvidia/Llama-3.3-70B-Instruct-NVFP4,p2
sensory,6,0.3333333333333333,0.25,4,nvidia/Llama-3.3-70B-Instruct-NVFP4,p2
unused,6,0.3333333333333333,0.25,4,nvidia/Llama-3.3-70B-Instruct-NVFP4,p2
edit,5,0.4,0.2857142857142857,3,nvidia/Llama-3.3-70B-Instruct-NVFP4,p2
pore,5,0.4,0.2857142857142857,3,nvidia/Llama-3.3-70B-Instruct-NVFP4,p2
expulsion,5,0.4,0.2857142857142857,3,nvidia/Llama-3.3-70B-Instruct-NVFP4,p2
exclude,5,0.4,0.2857142857142857,3,nvidia/Llama-3.3-70B-Instruct-NVFP4,p2
delicate,5,0.4,0.2857142857142857,3,nvidia/Llama-3.3-70B-Instruct-NVFP4,p2
darken,5,0.4,0.2857142857142857,3,nvidia/Llama-3.3-70B-Instruct-NVFP4,p2
deception,5,0.4,0.2857142857142857,3,nvidia/Llama-3.3-70B-Instruct-NVFP4,p2
hoist,5,0.4,0.2857142857142857,3,nvidia/Llama-3.3-70B-Instruct-NVFP4,p2
aesthetic,5,0.4,0.2857142857142857,3,nvidia/Llama-3.3-70B-Instruct-NVFP4,p2
confess,5,0.4,0.2857142857142857,3,nvidia/Llama-3.3-70B-Instruct-NVFP4,p2
respectable,5,0.4,0.2857142857142857,3,nvidia/Llama-3.3-70B-Instruct-NVFP4,p2
defective,5,0.4,0.2857142857142857,3,nvidia/Llama-3.3-70B-Instruct-NVFP4,p2
timid,5,0.4,0.2857142857142857,3,nvidia/Llama-3.3-70B-Instruct-NVFP4,p2
vigor,5,0.4,0.2857142857142857,3,nvidia/Llama-3.3-70B-Instruct-NVFP4,p2
unfavorable,5,0.4,0.2857142857142857,3,nvidia/Llama-3.3-70B-Instruct-NVFP4,p2
snow,5,0.4,0.2857142857142857,3,nvidia/Llama-3.3-70B-Instruct-NVFP4,p2
sadly,5,0.4,0.2857142857142857,3,nvidia/Llama-3.3-70B-Instruct-NVFP4,p2
blend,5,0.4,0.2857142857142857,3,nvidia/Llama-3.3-70B-Instruct-NVFP4,p2
rotor,5,0.4,0.2857142857142857,3,nvidia/Llama-3.3-70B-Instruct-NVFP4,p2
infest,5,0.4,0.2857142857142857,3,nvidia/Llama-3.3-70B-Instruct-NVFP4,p2
fierce,5,0.4,0.2857142857142857,3,nvidia/Llama-3.3-70B-Instruct-NVFP4,p2
taxonomy,5,0.4,0.2857142857142857,3,nvidia/Llama-3.3-70B-Instruct-NVFP4,p2
subdue,10,0.4,0.2857142857142857,6,nvidia/Llama-3.3-70B-Instruct-NVFP4,p2
disorderly,5,0.4,0.2857142857142857,3,nvidia/Llama-3.3-70B-Instruct-NVFP4,p2
get_rid_of,5,0.4,0.2857142857142857,3,nvidia/Llama-3.3-70B-Instruct-NVFP4,p2
strictly,5,0.4,0.2857142857142857,3,nvidia/Llama-3.3-70B-Instruct-NVFP4,p2
victimize,5,0.4,0.2857142857142857,3,nvidia/Llama-3.3-70B-Instruct-NVFP4,p2
accessible,7,0.42857142857142855,0.3,4,nvidia/Llama-3.3-70B-Instruct-NVFP4,p2
reconcile,7,0.42857142857142855,0.3,4,nvidia/Llama-3.3-70B-Instruct-NVFP4,p2
radial,7,0.42857142857142855,0.3,4,nvidia/Llama-3.3-70B-Instruct-NVFP4,p2
rim,7,0.42857142857142855,0.3,4,nvidia/Llama-3.3-70B-Instruct-NVFP4,p2
rating,7,0.42857142857142855,0.3,4,nvidia/Llama-3.3-70B-Instruct-NVFP4,p2
drape,7,0.42857142857142855,0.3,4,nvidia/Llama-3.3-70B-Instruct-NVFP4,p2
noticeable,7,0.42857142857142855,0.3,4,nvidia/Llama-3.3-70B-Instruct-NVFP4,p2
discount,7,0.42857142857142855,0.3,4,nvidia/Llama-3.3-70B-Instruct-NVFP4,p2
ban,7,0.42857142857142855,0.3,4,nvidia/Llama-3.3-70B-Instruct-NVFP4,p2
heroic,7,0.42857142857142855,0.3,4,nvidia/Llama-3.3-70B-Instruct-NVFP4,p2
original,7,0.42857142857142855,0.3,4,nvidia/Llama-3.3-70B-Instruct-NVFP4,p2
exclusion,7,0.42857142857142855,0.3,4,nvidia/Llama-3.3-70B-Instruct-NVFP4,p2
disturb,7,0.42857142857142855,0.3,4,nvidia/Llama-3.3-70B-Instruct-NVFP4,p2
sordid,7,0.42857142857142855,0.3,4,nvidia/Llama-3.3-70B-Instruct-NVFP4,p2
suspicion,7,0.42857142857142855,0.3,4,nvidia/Llama-3.3-70B-Instruct-NVFP4,p2
harmonious,7,0.42857142857142855,0.3,4,nvidia/Llama-3.3-70B-Instruct-NVFP4,p2
softly,7,0.42857142857142855,0.3,4,nvidia/Llama-3.3-70B-Instruct-NVFP4,p2
aggression,7,0.42857142857142855,0.3,4,nvidia/Llama-3.3-70B-Instruct-NVFP4,p2
validate,7,0.42857142857142855,0.3,4,nvidia/Llama-3.3-70B-Instruct-NVFP4,p2
anticipation,7,0.42857142857142855,0.3,4,nvidia/Llama-3.3-70B-Instruct-NVFP4,p2
twitch,7,0.42857142857142855,0.3,4,nvidia/Llama-3.3-70B-Instruct-NVFP4,p2
restoration,9,0.4444444444444444,0.3076923076923077,5,nvidia/Llama-3.3-70B-Instruct-NVFP4,p2
thoughtful,9,0.4444444444444444,0.3076923076923077,5,nvidia/Llama-3.3-70B-Instruct-NVFP4,p2
refine,9,0.4444444444444444,0.3076923076923077,5,nvidia/Llama-3.3-70B-Instruct-NVFP4,p2
absolute,9,0.4444444444444444,0.3076923076923077,5,nvidia/Llama-3.3-70B-Instruct-NVFP4,p2
free,22,0.45454545454545453,0.3125,12,nvidia/Llama-3.3-70B-Instruct-NVFP4,p2
leak,6,0.5,0.3333333333333333,3,nvidia/Llama-3.3-70B-Instruct-NVFP4,p2
defend,12,0.5,0.3333333333333333,6,nvidia/Llama-3.3-70B-Instruct-NVFP4,p2
plead,6,0.5,0.3333333333333333,3,nvidia/Llama-3.3-70B-Instruct-NVFP4,p2
plan,6,0.5,0.3333333333333333,3,nvidia/Llama-3.3-70B-Instruct-NVFP4,p2
evidence,6,0.5,0.3333333333333333,3,nvidia/Llama-3.3-70B-Instruct-NVFP4,p2
invoke,6,0.5,0.3333333333333333,3,nvidia/Llama-3.3-70B-Instruct-NVFP4,p2
rebel,10,0.5,0.3333333333333333,5,nvidia/Llama-3.3-70B-Instruct-NVFP4,p2
copy,6,0.5,0.3333333333333333,3,nvidia/Llama-3.3-70B-Instruct-NVFP4,p2
conventional,14,0.5,0.3333333333333333,7,nvidia/Llama-3.3-70B-Instruct-NVFP4,p2
defiance,6,0.5,0.3333333333333333,3,nvidia/Llama-3.3-70B-Instruct-NVFP4,p2
landmark,6,0.5,0.3333333333333333,3,nvidia/Llama-3.3-70B-Instruct-NVFP4,p2
kindness,6,0.5,0.3333333333333333,3,nvidia/Llama-3.3-70B-Instruct-NVFP4,p2
contribution,10,0.5,0.3333333333333333,5,nvidia/Llama-3.3-70B-Instruct-NVFP4,p2
contribute,8,0.5,0.3333333333333333,4,nvidia/Llama-3.3-70B-Instruct-NVFP4,p2
contemplate,8,0.5,0.3333333333333333,4,nvidia/Llama-3.3-70B-Instruct-NVFP4,p2
contamination,6,0.5,0.3333333333333333,3,nvidia/Llama-3.3-70B-Instruct-NVFP4,p2
extraneous,8,0.5,0.3333333333333333,4,nvidia/Llama-3.3-70B-Instruct-NVFP4,p2
consecutive,6,0.5,0.3333333333333333,3,nvidia/Llama-3.3-70B-Instruct-NVFP4,p2
examine,10,0.5,0.3333333333333333,5,nvidia/Llama-3.3-70B-Instruct-NVFP4,p2
luck,6,0.5,0.3333333333333333,3,nvidia/Llama-3.3-70B-Instruct-NVFP4,p2
loyalty,6,0.5,0.3333333333333333,3,nvidia/Llama-3.3-70B-Instruct-NVFP4,p2
logical,8,0.5,0.3333333333333333,4,nvidia/Llama-3.3-70B-Instruct-NVFP4,p2
publisher,6,0.5,0.3333333333333333,3,nvidia/Llama-3.3-70B-Instruct-NVFP4,p2
link,6,0.5,0.3333333333333333,3,nvidia/Llama-3.3-70B-Instruct-NVFP4,p2
limitation,8,0.5,0.3333333333333333,4,nvidia/Llama-3.3-70B-Instruct-NVFP4,p2
exceed,6,0.5,0.3333333333333333,3,nvidia/Llama-3.3-70B-Instruct-NVFP4,p2
excavation,6,0.5,0.3333333333333333,3,nvidia/Llama-3.3-70B-Instruct-NVFP4,p2
conscience,6,0.5,0.3333333333333333,3,nvidia/Llama-3.3-70B-Instruct-NVFP4,p2
essential,8,0.5,0.3333333333333333,4,nvidia/Llama-3.3-70B-Instruct-NVFP4,p2
cruelty,6,0.5,0.3333333333333333,3,nvidia/Llama-3.3-70B-Instruct-NVFP4,p2
crisp,8,0.5,0.3333333333333333,4,nvidia/Llama-3.3-70B-Instruct-NVFP4,p2
corresponding,6,0.5,0.3333333333333333,3,nvidia/Llama-3.3-70B-Instruct-NVFP4,p2
correlation,6,0.5,0.3333333333333333,3,nvidia/Llama-3.3-70B-Instruct-NVFP4,p2
docile,6,0.5,0.3333333333333333,3,nvidia/Llama-3.3-70B-Instruct-NVFP4,p2
deliberation,10,0.5,0.3333333333333333,5,nvidia/Llama-3.3-70B-Instruct-NVFP4,p2
splendid,6,0.5,0.3333333333333333,3,nvidia/Llama-3.3-70B-Instruct-NVFP4,p2
commotion,6,0.5,0.3333333333333333,3,nvidia/Llama-3.3-70B-Instruct-NVFP4,p2
resume,6,0.5,0.3333333333333333,3,nvidia/Llama-3.3-70B-Instruct-NVFP4,p2
result,6,0.5,0.3333333333333333,3,nvidia/Llama-3.3-70B-Instruct-NVFP4,p2
restriction,6,0.5,0.3333333333333333,3,nvidia/Llama-3.3-70B-Instruct-NVFP4,p2
restore,6,0.5,0.3333333333333333,3,nvidia/Llama-3.3-70B-Instruct-NVFP4,p2
irritating,6,0.5,0.3333333333333333,3,nvidia/Llama-3.3-70B-Instruct-NVFP4,p2
insight,8,0.5,0.3333333333333333,4,nvidia/Llama-3.3-70B-Instruct-NVFP4,p2
stab,6,0.5,0.3333333333333333,3,nvidia/Llama-3.3-70B-Instruct-NVFP4,p2
representative,6,0.5,0.3333333333333333,3,nvidia/Llama-3.3-70B-Instruct-NVFP4,p2
struggle,8,0.5,0.3333333333333333,4,nvidia/Llama-3.3-70B-Instruct-NVFP4,p2
feast,8,0.5,0.3333333333333333,4,nvidia/Llama-3.3-70B-Instruct-NVFP4,p2
straightforward,8,0.5,0.3333333333333333,4,nvidia/Llama-3.3-70B-Instruct-NVFP4,p2
stimulate,10,0.5,0.3333333333333333,5,nvidia/Llama-3.3-70B-Instruct-NVFP4,p2
symbolism,6,0.5,0.3333333333333333,3,nvidia/Llama-3.3-70B-Instruct-NVFP4,p2
swoop,6,0.5,0.3333333333333333,3,nvidia/Llama-3.3-70B-Instruct-NVFP4,p2
suspense,6,0.5,0.3333333333333333,3,nvidia/Llama-3.3-70B-Instruct-NVFP4,p2
replace,8,0.5,0.3333333333333333,4,nvidia/Llama-3.3-70B-Instruct-NVFP4,p2
intimidation,6,0.5,0.3333333333333333,3,nvidia/Llama-3.3-70B-Instruct-NVFP4,p2
lieutenant,6,0.5,0.3333333333333333,3,nvidia/Llama-3.3-70B-Instruct-NVFP4,p2
protrude,6,0.5,0.3333333333333333,3,nvidia/Llama-3.3-70B-Instruct-NVFP4,p2
promptly,6,0.5,0.3333333333333333,3,nvidia/Llama-3.3-70B-Instruct-NVFP4,p2
explanation,6,0.5,0.3333333333333333,3,nvidia/Llama-3.3-70B-Instruct-NVFP4,p2
executive,6,0.5,0.3333333333333333,3,nvidia/Llama-3.3-70B-Instruct-NVFP4,p2
fair,8,0.5,0.3333333333333333,4,nvidia/Llama-3.3-70B-Instruct-NVFP4,p2
fade,6,0.5,0.3333333333333333,3,nvidia/Llama-3.3-70B-Instruct-NVFP4,p2
luxury,6,0.5,0.3333333333333333,3,nvidia/Llama-3.3-70B-Instruct-NVFP4,p2
renounce,6,0.5,0.3333333333333333,3,nvidia/Llama-3.3-70B-Instruct-NVFP4,p2
thicken,6,0.5,0.3333333333333333,3,nvidia/Llama-3.3-70B-Instruct-NVFP4,p2
theory,6,0.5,0.3333333333333333,3,nvidia/Llama-3.3-70B-Instruct-NVFP4,p2
testing,6,0.5,0.3333333333333333,3,nvidia/Llama-3.3-70B-Instruct-NVFP4,p2
terrible,6,0.5,0.3333333333333333,3,nvidia/Llama-3.3-70B-Instruct-NVFP4,p2
requirement,6,0.5,0.3333333333333333,3,nvidia/Llama-3.3-70B-Instruct-NVFP4,p2
reputation,6,0.5,0.3333333333333333,3,nvidia/Llama-3.3-70B-Instruct-NVFP4,p2
trap,8,0.5,0.3333333333333333,4,nvidia/Llama-3.3-70B-Instruct-NVFP4,p2
unskilled,6,0.5,0.3333333333333333,3,nvidia/Llama-3.3-70B-Instruct-NVFP4,p2
unrestricted,10,0.5,0.3333333333333333,5,nvidia/Llama-3.3-70B-Instruct-NVFP4,p2
unlock,6,0.5,0.3333333333333333,3,nvidia/Llama-3.3-70B-Instruct-NVFP4,p2
approval,6,0.5,0.3333333333333333,3,nvidia/Llama-3.3-70B-Instruct-NVFP4,p2
vivid,8,0.5,0.3333333333333333,4,nvidia/Llama-3.3-70B-Instruct-NVFP4,p2
vitality,6,0.5,0.3333333333333333,3,nvidia/Llama-3.3-70B-Instruct-NVFP4,p2
unfortunate,6,0.5,0.3333333333333333,3,nvidia/Llama-3.3-70B-Instruct-NVFP4,p2
unconcerned,6,0.5,0.3333333333333333,3,nvidia/Llama-3.3-70B-Instruct-NVFP4,p2
uphold,6,0.5,0.3333333333333333,3,nvidia/Llama-3.3-70B-Instruct-NVFP4,p2
transmit,6,0.5,0.3333333333333333,3,nvidia/Llama-3.3-70B-Instruct-NVFP4,p2
minister,8,0.5,0.3333333333333333,4,nvidia/Llama-3.3-70B-Instruct-NVFP4,p2
mechanical,6,0.5,0.3333333333333333,3,nvidia/Llama-3.3-70B-Instruct-NVFP4,p2
ease,6,0.5,0.3333333333333333,3,nvidia/Llama-3.3-70B-Instruct-NVFP4,p2
duration,6,0.5,0.3333333333333333,3,nvidia/Llama-3.3-70B-Instruct-NVFP4,p2
diagonal,10,0.5,0.3333333333333333,5,nvidia/Llama-3.3-70B-Instruct-NVFP4,p2
devotion,8,0.5,0.3333333333333333,4,nvidia/Llama-3.3-70B-Instruct-NVFP4,p2
duck,6,0.5,0.3333333333333333,3,nvidia/Llama-3.3-70B-Instruct-NVFP4,p2
unlikely,6,0.5,0.3333333333333333,3,nvidia/Llama-3.3-70B-Instruct-NVFP4,p2
wealth,8,0.5,0.3333333333333333,4,nvidia/Llama-3.3-70B-Instruct-NVFP4,p2
affliction,6,0.5,0.3333333333333333,3,nvidia/Llama-3.3-70B-Instruct-NVFP4,p2
advise,6,0.5,0.3333333333333333,3,nvidia/Llama-3.3-70B-Instruct-NVFP4,p2
adolescent,8,0.5,0.3333333333333333,4,nvidia/Llama-3.3-70B-Instruct-NVFP4,p2
gently,6,0.5,0.3333333333333333,3,nvidia/Llama-3.3-70B-Instruct-NVFP4,p2
genre,8,0.5,0.3333333333333333,4,nvidia/Llama-3.3-70B-Instruct-NVFP4,p2
immerse,6,0.5,0.3333333333333333,3,nvidia/Llama-3.3-70B-Instruct-NVFP4,p2
discretion,10,0.5,0.3333333333333333,5,nvidia/Llama-3.3-70B-Instruct-NVFP4,p2
dubious,6,0.5,0.3333333333333333,3,nvidia/Llama-3.3-70B-Instruct-NVFP4,p2
unify,10,0.5,0.3333333333333333,5,nvidia/Llama-3.3-70B-Instruct-NVFP4,p2
authorization,8,0.5,0.3333333333333333,4,nvidia/Llama-3.3-70B-Instruct-NVFP4,p2
artistic,6,0.5,0.3333333333333333,3,nvidia/Llama-3.3-70B-Instruct-NVFP4,p2
academy,8,0.5,0.3333333333333333,4,nvidia/Llama-3.3-70B-Instruct-NVFP4,p2
vicar,6,0.5,0.3333333333333333,3,nvidia/Llama-3.3-70B-Instruct-NVFP4,p2
hardship,6,0.5,0.3333333333333333,3,nvidia/Llama-3.3-70B-Instruct-NVFP4,p2
halt,8,0.5,0.3333333333333333,4,nvidia/Llama-3.3-70B-Instruct-NVFP4,p2
pretense,10,0.5,0.3333333333333333,5,nvidia/Llama-3.3-70B-Instruct-NVFP4,p2
pollution,6,0.5,0.3333333333333333,3,nvidia/Llama-3.3-70B-Instruct-NVFP4,p2
decomposition,8,0.5,0.3333333333333333,4,nvidia/Llama-3.3-70B-Instruct-NVFP4,p2
decisively,6,0.5,0.3333333333333333,3,nvidia/Llama-3.3-70B-Instruct-NVFP4,p2
deceit,6,0.5,0.3333333333333333,3,nvidia/Llama-3.3-70B-Instruct-NVFP4,p2
painful,6,0.5,0.3333333333333333,3,nvidia/Llama-3.3-70B-Instruct-NVFP4,p2
disagreement,6,0.5,0.3333333333333333,3,nvidia/Llama-3.3-70B-Instruct-NVFP4,p2
dial,8,0.5,0.3333333333333333,4,nvidia/Llama-3.3-70B-Instruct-NVFP4,p2
pretentious,6,0.5,0.3333333333333333,3,nvidia/Llama-3.3-70B-Instruct-NVFP4,p2
porous,6,0.5,0.3333333333333333,3,nvidia/Llama-3.3-70B-Instruct-NVFP4,p2
deviate,6,0.5,0.3333333333333333,3,nvidia/Llama-3.3-70B-Instruct-NVFP4,p2
encounter,8,0.5,0.3333333333333333,4,nvidia/Llama-3.3-70B-Instruct-NVFP4,p2
embody,6,0.5,0.3333333333333333,3,nvidia/Llama-3.3-70B-Instruct-NVFP4,p2
embodiment,6,0.5,0.3333333333333333,3,nvidia/Llama-3.3-70B-Instruct-NVFP4,p2
elude,6,0.5,0.3333333333333333,3,nvidia/Llama-3.3-70B-Instruct-NVFP4,p2
elevate,6,0.5,0.3333333333333333,3,nvidia/Llama-3.3-70B-Instruct-NVFP4,p2
parameter,8,0.5,0.3333333333333333,4,nvidia/Llama-3.3-70B-Instruct-NVFP4,p2
musical,8,0.5,0.3333333333333333,4,nvidia/Llama-3.3-70B-Instruct-NVFP4,p2
dramatically,6,0.5,0.3333333333333333,3,nvidia/Llama-3.3-70B-Instruct-NVFP4,p2
dominate,8,0.5,0.3333333333333333,4,nvidia/Llama-3.3-70B-Instruct-NVFP4,p2
dogmatic,6,0.5,0.3333333333333333,3,nvidia/Llama-3.3-70B-Instruct-NVFP4,p2
electric_shock,6,0.5,0.3333333333333333,3,nvidia/Llama-3.3-70B-Instruct-NVFP4,p2
nutrition,6,0.5,0.3333333333333333,3,nvidia/Llama-3.3-70B-Instruct-NVFP4,p2
neglect,14,0.5,0.3333333333333333,7,nvidia/Llama-3.3-70B-Instruct-NVFP4,p2
navigator,6,0.5,0.3333333333333333,3,nvidia/Llama-3.3-70B-Instruct-NVFP4,p2
discourse,6,0.5,0.3333333333333333,3,nvidia/Llama-3.3-70B-Instruct-NVFP4,p2
conform_to,6,0.5,0.3333333333333333,3,nvidia/Llama-3.3-70B-Instruct-NVFP4,p2
output,8,0.5,0.3333333333333333,4,nvidia/Llama-3.3-70B-Instruct-NVFP4,p2
ornamentation,6,0.5,0.3333333333333333,3,nvidia/Llama-3.3-70B-Instruct-NVFP4,p2
organize,10,0.5,0.3333333333333333,5,nvidia/Llama-3.3-70B-Instruct-NVFP4,p2
debate,8,0.5,0.3333333333333333,4,nvidia/Llama-3.3-70B-Instruct-NVFP4,p2
pile_up,6,0.5,0.3333333333333333,3,nvidia/Llama-3.3-70B-Instruct-NVFP4,p2
defect,8,0.5,0.3333333333333333,4,nvidia/Llama-3.3-70B-Instruct-NVFP4,p2
precaution,6,0.5,0.3333333333333333,3,nvidia/Llama-3.3-70B-Instruct-NVFP4,p2
share,8,0.5,0.3333333333333333,4,nvidia/Llama-3.3-70B-Instruct-NVFP4,p2
irregularly,8,0.5,0.3333333333333333,4,nvidia/Llama-3.3-70B-Instruct-NVFP4,p2
scatter,10,0.5,0.3333333333333333,5,nvidia/Llama-3.3-70B-Instruct-NVFP4,p2
sacred,8,0.5,0.3333333333333333,4,nvidia/Llama-3.3-70B-Instruct-NVFP4,p2
royal,8,0.5,0.3333333333333333,4,nvidia/Llama-3.3-70B-Instruct-NVFP4,p2
significantly,6,0.5,0.3333333333333333,3,nvidia/Llama-3.3-70B-Instruct-NVFP4,p2
changeable,8,0.5,0.3333333333333333,4,nvidia/Llama-3.3-70B-Instruct-NVFP4,p2
celebration,6,0.5,0.3333333333333333,3,nvidia/Llama-3.3-70B-Instruct-NVFP4,p2
shield,6,0.5,0.3333333333333333,3,nvidia/Llama-3.3-70B-Instruct-NVFP4,p2
secondary,10,0.5,0.3333333333333333,5,nvidia/Llama-3.3-70B-Instruct-NVFP4,p2
session,8,0.5,0.3333333333333333,4,nvidia/Llama-3.3-70B-Instruct-NVFP4,p2
patrol,6,0.5,0.3333333333333333,3,nvidia/Llama-3.3-70B-Instruct-NVFP4,p2
disposition,6,0.5,0.3333333333333333,3,nvidia/Llama-3.3-70B-Instruct-NVFP4,p2
dismissal,6,0.5,0.3333333333333333,3,nvidia/Llama-3.3-70B-Instruct-NVFP4,p2
disintegration,8,0.5,0.3333333333333333,4,nvidia/Llama-3.3-70B-Instruct-NVFP4,p2
synchronize,12,0.5,0.3333333333333333,6,nvidia/Llama-3.3-70B-Instruct-NVFP4,p2
banish,8,0.5,0.3333333333333333,4,nvidia/Llama-3.3-70B-Instruct-NVFP4,p2
guard,8,0.5,0.3333333333333333,4,nvidia/Llama-3.3-70B-Instruct-NVFP4,p2
stern,6,0.5,0.3333333333333333,3,nvidia/Llama-3.3-70B-Instruct-NVFP4,p2
interpretation,8,0.5,0.3333333333333333,4,nvidia/Llama-3.3-70B-Instruct-NVFP4,p2
interruption,6,0.5,0.3333333333333333,3,nvidia/Llama-3.3-70B-Instruct-NVFP4,p2
rouse,6,0.5,0.3333333333333333,3,nvidia/Llama-3.3-70B-Instruct-NVFP4,p2
fondness,6,0.5,0.3333333333333333,3,nvidia/Llama-3.3-70B-Instruct-NVFP4,p2
fulfill,6,0.5,0.3333333333333333,3,nvidia/Llama-3.3-70B-Instruct-NVFP4,p2
hypothesis,6,0.5,0.3333333333333333,3,nvidia/Llama-3.3-70B-Instruct-NVFP4,p2
ignorant,6,0.5,0.3333333333333333,3,nvidia/Llama-3.3-70B-Instruct-NVFP4,p2
ignore,8,0.5,0.3333333333333333,4,nvidia/Llama-3.3-70B-Instruct-NVFP4,p2
imagination,6,0.5,0.3333333333333333,3,nvidia/Llama-3.3-70B-Instruct-NVFP4,p2
stately,6,0.5,0.3333333333333333,3,nvidia/Llama-3.3-70B-Instruct-NVFP4,p2
scented,6,0.5,0.3333333333333333,3,nvidia/Llama-3.3-70B-Instruct-NVFP4,p2
clearly,8,0.5,0.3333333333333333,4,nvidia/Llama-3.3-70B-Instruct-NVFP4,p2
fissure,6,0.5,0.3333333333333333,3,nvidia/Llama-3.3-70B-Instruct-NVFP4,p2
combine,14,0.5,0.3333333333333333,7,nvidia/Llama-3.3-70B-Instruct-NVFP4,p2
allies,8,0.5,0.3333333333333333,4,nvidia/Llama-3.3-70B-Instruct-NVFP4,p2
unique,6,0.5,0.3333333333333333,3,nvidia/Llama-3.3-70B-Instruct-NVFP4,p2
Edward,6,0.5,0.3333333333333333,3,nvidia/Llama-3.3-70B-Instruct-NVFP4,p2
allegory,6,0.5,0.3333333333333333,3,nvidia/Llama-3.3-70B-Instruct-NVFP4,p2
trimming,6,0.5,0.3333333333333333,3,nvidia/Llama-3.3-70B-Instruct-NVFP4,p2
tremor,6,0.5,0.3333333333333333,3,nvidia/Llama-3.3-70B-Instruct-NVFP4,p2
treason,6,0.5,0.3333333333333333,3,nvidia/Llama-3.3-70B-Instruct-NVFP4,p2
carry_over,8,0.5,0.3333333333333333,4,nvidia/Llama-3.3-70B-Instruct-NVFP4,p2
cabin,6,0.5,0.3333333333333333,3,nvidia/Llama-3.3-70B-Instruct-NVFP4,p2
unjust,6,0.5,0.3333333333333333,3,nvidia/Llama-3.3-70B-Instruct-NVFP4,p2
allied,10,0.5,0.3333333333333333,5,nvidia/Llama-3.3-70B-Instruct-NVFP4,p2
alliance,8,0.5,0.3333333333333333,4,nvidia/Llama-3.3-70B-Instruct-NVFP4,p2
increase,14,0.5,0.3333333333333333,7,nvidia/Llama-3.3-70B-Instruct-NVFP4,p2
incite,6,0.5,0.3333333333333333,3,nvidia/Llama-3.3-70B-Instruct-NVFP4,p2
incapable,8,0.5,0.3333333333333333,4,nvidia/Llama-3.3-70B-Instruct-NVFP4,p2
improvement,6,0.5,0.3333333333333333,3,nvidia/Llama-3.3-70B-Instruct-NVFP4,p2
implement,6,0.5,0.3333333333333333,3,nvidia/Llama-3.3-70B-Instruct-NVFP4,p2
stabilize,6,0.5,0.3333333333333333,3,nvidia/Llama-3.3-70B-Instruct-NVFP4,p2
allot,6,0.5,0.3333333333333333,3,nvidia/Llama-3.3-70B-Instruct-NVFP4,p2
awaken,6,0.5,0.3333333333333333,3,nvidia/Llama-3.3-70B-Instruct-NVFP4,p2
wrap,6,0.5,0.3333333333333333,3,nvidia/Llama-3.3-70B-Instruct-NVFP4,p2
good_luck,6,0.5,0.3333333333333333,3,nvidia/Llama-3.3-70B-Instruct-NVFP4,p2
govern,8,0.5,0.3333333333333333,4,nvidia/Llama-3.3-70B-Instruct-NVFP4,p2
height,6,0.5,0.3333333333333333,3,nvidia/Llama-3.3-70B-Instruct-NVFP4,p2
herd,6,0.5,0.3333333333333333,3,nvidia/Llama-3.3-70B-Instruct-NVFP4,p2
hinder,6,0.5,0.3333333333333333,3,nvidia/Llama-3.3-70B-Instruct-NVFP4,p2
tailor,6,0.5,0.3333333333333333,3,nvidia/Llama-3.3-70B-Instruct-NVFP4,p2
historical,8,0.5,0.3333333333333333,4,nvidia/Llama-3.3-70B-Instruct-NVFP4,p2
horror,6,0.5,0.3333333333333333,3,nvidia/Llama-3.3-70B-Instruct-NVFP4,p2
hostility,8,0.5,0.3333333333333333,4,nvidia/Llama-3.3-70B-Instruct-NVFP4,p2
hours,8,0.5,0.3333333333333333,4,nvidia/Llama-3.3-70B-Instruct-NVFP4,p2
disappearance,8,0.5,0.3333333333333333,4,nvidia/Llama-3.3-70B-Instruct-NVFP4,p2
disaster,6,0.5,0.3333333333333333,3,nvidia/Llama-3.3-70B-Instruct-NVFP4,p2
intangible,8,0.5,0.3333333333333333,4,nvidia/Llama-3.3-70B-Instruct-NVFP4,p2
carve,6,0.5,0.3333333333333333,3,nvidia/Llama-3.3-70B-Instruct-NVFP4,p2
clever,6,0.5,0.3333333333333333,3,nvidia/Llama-3.3-70B-Instruct-NVFP4,p2
clove,6,0.5,0.3333333333333333,3,nvidia/Llama-3.3-70B-Instruct-NVFP4,p2
collect,8,0.5,0.3333333333333333,4,nvidia/Llama-3.3-70B-Instruct-NVFP4,p2
simulate,6,0.5,0.3333333333333333,3,nvidia/Llama-3.3-70B-Instruct-NVFP4,p2
slow_down,10,0.5,0.3333333333333333,5,nvidia/Llama-3.3-70B-Instruct-NVFP4,p2
speculate,8,0.5,0.3333333333333333,4,nvidia/Llama-3.3-70B-Instruct-NVFP4,p2
sorrow,8,0.5,0.3333333333333333,4,nvidia/Llama-3.3-70B-Instruct-NVFP4,p2
intellectual,6,0.5,0.3333333333333333,3,nvidia/Llama-3.3-70B-Instruct-NVFP4,p2
special,10,0.5,0.3333333333333333,5,nvidia/Llama-3.3-70B-Instruct-NVFP4,p2
specialize,6,0.5,0.3333333333333333,3,nvidia/Llama-3.3-70B-Instruct-NVFP4,p2
survivor,6,0.5,0.3333333333333333,3,nvidia/Llama-3.3-70B-Instruct-NVFP4,p2
tapestry,6,0.5,0.3333333333333333,3,nvidia/Llama-3.3-70B-Instruct-NVFP4,p2
commence,6,0.5,0.3333333333333333,3,nvidia/Llama-3.3-70B-Instruct-NVFP4,p2
comfortably,6,0.5,0.3333333333333333,3,nvidia/Llama-3.3-70B-Instruct-NVFP4,p2
tangible,8,0.5,0.3333333333333333,4,nvidia/Llama-3.3-70B-Instruct-NVFP4,p2
sunset,6,0.5,0.3333333333333333,3,nvidia/Llama-3.3-70B-Instruct-NVFP4,p2
suffering,8,0.5,0.3333333333333333,4,nvidia/Llama-3.3-70B-Instruct-NVFP4,p2
invite,15,0.5333333333333333,0.34782608695652173,7,nvidia/Llama-3.3-70B-Instruct-NVFP4,p2
influence,13,0.5384615384615384,0.35,6,nvidia/Llama-3.3-70B-Instruct-NVFP4,p2
proceed,9,0.5555555555555556,0.35714285714285715,4,nvidia/Llama-3.3-70B-Instruct-NVFP4,p2
whiting,9,0.5555555555555556,0.35714285714285715,4,nvidia/Llama-3.3-70B-Instruct-NVFP4,p2
urgency,7,0.5714285714285714,0.36363636363636365,3,nvidia/Llama-3.3-70B-Instruct-NVFP4,p2
difficulty,7,0.5714285714285714,0.36363636363636365,3,nvidia/Llama-3.3-70B-Instruct-NVFP4,p2
issue,7,0.5714285714285714,0.36363636363636365,3,nvidia/Llama-3.3-70B-Instruct-NVFP4,p2
confront,7,0.5714285714285714,0.36363636363636365,3,nvidia/Llama-3.3-70B-Instruct-NVFP4,p2
unaffected,7,0.5714285714285714,0.36363636363636365,3,nvidia/Llama-3.3-70B-Instruct-NVFP4,p2
disapproval,7,0.5714285714285714,0.36363636363636365,3,nvidia/Llama-3.3-70B-Instruct-NVFP4,p2
nominate,7,0.5714285714285714,0.36363636363636365,3,nvidia/Llama-3.3-70B-Instruct-NVFP4,p2
restrict,7,0.5714285714285714,0.36363636363636365,3,nvidia/Llama-3.3-70B-Instruct-NVFP4,p2
schedule,7,0.5714285714285714,0.36363636363636365,3,nvidia/Llama-3.3-70B-Instruct-NVFP4,p2
intensify,7,0.5714285714285714,0.36363636363636365,3,nvidia/Llama-3.3-70B-Instruct-NVFP4,p2
yam,5,0.6,0.375,2,nvidia/Llama-3.3-70B-Instruct-NVFP4,p2
peanut,5,0.6,0.375,2,nvidia/Llama-3.3-70B-Instruct-NVFP4,p2
slow,5,0.6,0.375,2,nvidia/Llama-3.3-70B-Instruct-NVFP4,p2
diffuse,5,0.6,0.375,2,nvidia/Llama-3.3-70B-Instruct-NVFP4,p2
revision,5,0.6,0.375,2,nvidia/Llama-3.3-70B-Instruct-NVFP4,p2
obscene,5,0.6,0.375,2,nvidia/Llama-3.3-70B-Instruct-NVFP4,p2
sluggish,5,0.6,0.375,2,nvidia/Llama-3.3-70B-Instruct-NVFP4,p2
hope,5,0.6,0.375,2,nvidia/Llama-3.3-70B-Instruct-NVFP4,p2
discredit,5,0.6,0.375,2,nvidia/Llama-3.3-70B-Instruct-NVFP4,p2
recording,5,0.6,0.375,2,nvidia/Llama-3.3-70B-Instruct-NVFP4,p2
quart,5,0.6,0.375,2,nvidia/Llama-3.3-70B-Instruct-NVFP4,p2
creep,5,0.6,0.375,2,nvidia/Llama-3.3-70B-Instruct-NVFP4,p2
proportion,10,0.4,0.375,6,nvidia/Llama-3.3-70B-Instruct-NVFP4,p2
concealment,5,0.6,0.375,2,nvidia/Llama-3.3-70B-Instruct-NVFP4,p2
justification,5,0.6,0.375,2,nvidia/Llama-3.3-70B-Instruct-NVFP4,p2
reside,5,0.6,0.375,2,nvidia/Llama-3.3-70B-Instruct-NVFP4,p2
harm,5,0.6,0.375,2,nvidia/Llama-3.3-70B-Instruct-NVFP4,p2
specify,10,0.6,0.375,4,nvidia/Llama-3.3-70B-Instruct-NVFP4,p2
contradict,5,0.6,0.375,2,nvidia/Llama-3.3-70B-Instruct-NVFP4,p2
vicious,5,0.6,0.375,2,nvidia/Llama-3.3-70B-Instruct-NVFP4,p2
headquarters,5,0.6,0.375,2,nvidia/Llama-3.3-70B-Instruct-NVFP4,p2
indecent,5,0.6,0.375,2,nvidia/Llama-3.3-70B-Instruct-NVFP4,p2
steep,5,0.6,0.375,2,nvidia/Llama-3.3-70B-Instruct-NVFP4,p2
exceptional,5,0.6,0.375,2,nvidia/Llama-3.3-70B-Instruct-NVFP4,p2
coarse,5,0.6,0.375,2,nvidia/Llama-3.3-70B-Instruct-NVFP4,p2
pupil,5,0.6,0.375,2,nvidia/Llama-3.3-70B-Instruct-NVFP4,p2
proximity,5,0.6,0.375,2,nvidia/Llama-3.3-70B-Instruct-NVFP4,p2
liquefy,5,0.6,0.375,2,nvidia/Llama-3.3-70B-Instruct-NVFP4,p2
farther,12,0.4166666666666667,0.37777777777777777,7,nvidia/Llama-3.3-70B-Instruct-NVFP4,p2
invert,5,0.4,0.4,3,nvidia/Llama-3.3-70B-Instruct-NVFP4,p2
conformity,6,0.6666666666666666,0.4,2,nvidia/Llama-3.3-70B-Instruct-NVFP4,p2
fluctuate,5,0.4,0.4,3,nvidia/Llama-3.3-70B-Instruct-NVFP4,p2
accounting,7,0.42857142857142855,0.41666666666666663,4,nvidia/Llama-3.3-70B-Instruct-NVFP4,p2
homely,7,0.42857142857142855,0.41666666666666663,4,nvidia/Llama-3.3-70B-Instruct-NVFP4,p2
introduce,16,0.5,0.4181818181818182,8,nvidia/Llama-3.3-70B-Instruct-NVFP4,p2
rush,12,0.5,0.4375,6,nvidia/Llama-3.3-70B-Instruct-NVFP4,p2
agitate,11,0.45454545454545453,0.45,6,nvidia/Llama-3.3-70B-Instruct-NVFP4,p2
reward,10,0.5,0.45054945054945056,5,nvidia/Llama-3.3-70B-Instruct-NVFP4,p2
judge,10,0.5,0.45054945054945056,5,nvidia/Llama-3.3-70B-Instruct-NVFP4,p2
smother,10,0.5,0.45054945054945056,5,nvidia/Llama-3.3-70B-Instruct-NVFP4,p2
access,13,0.5384615384615384,0.4583333333333333,6,nvidia/Llama-3.3-70B-Instruct-NVFP4,p2
shank,13,0.5384615384615384,0.4583333333333333,6,nvidia/Llama-3.3-70B-Instruct-NVFP4,p2
burst,16,0.5625,0.45893719806763283,7,nvidia/Llama-3.3-70B-Instruct-NVFP4,p2
indifferent,16,0.5625,0.45893719806763283,7,nvidia/Llama-3.3-70B-Instruct-NVFP4,p2
direct,21,0.5238095238095238,0.4642857142857143,10,nvidia/Llama-3.3-70B-Instruct-NVFP4,p2
distortion,8,0.5,0.4666666666666667,4,nvidia/Llama-3.3-70B-Instruct-NVFP4,p2
harness,8,0.5,0.4666666666666667,4,nvidia/Llama-3.3-70B-Instruct-NVFP4,p2
spiritual,8,0.5,0.4666666666666667,4,nvidia/Llama-3.3-70B-Instruct-NVFP4,p2
silence,8,0.5,0.4666666666666667,4,nvidia/Llama-3.3-70B-Instruct-NVFP4,p2
duplicate,8,0.5,0.4666666666666667,4,nvidia/Llama-3.3-70B-Instruct-NVFP4,p2
roar,8,0.5,0.4666666666666667,4,nvidia/Llama-3.3-70B-Instruct-NVFP4,p2
snap,17,0.5882352941176471,0.4711111111111111,7,nvidia/Llama-3.3-70B-Instruct-NVFP4,p2
firm,14,0.5714285714285714,0.475,6,nvidia/Llama-3.3-70B-Instruct-NVFP4,p2
extreme,11,0.5454545454545454,0.47619047619047616,5,nvidia/Llama-3.3-70B-Instruct-NVFP4,p2
guarantee,11,0.5454545454545454,0.47619047619047616,5,nvidia/Llama-3.3-70B-Instruct-NVFP4,p2
acknowledge,11,0.5454545454545454,0.47619047619047616,5,nvidia/Llama-3.3-70B-Instruct-NVFP4,p2
awkward,11,0.5454545454545454,0.47619047619047616,5,nvidia/Llama-3.3-70B-Instruct-NVFP4,p2
neutral,11,0.5454545454545454,0.47619047619047616,5,nvidia/Llama-3.3-70B-Instruct-NVFP4,p2
cleavage,6,0.5,0.4857142857142857,3,nvidia/Llama-3.3-70B-Instruct-NVFP4,p2
thickened,6,0.5,0.4857142857142857,3,nvidia/Llama-3.3-70B-Instruct-NVFP4,p2
doubt,6,0.5,0.4857142857142857,3,nvidia/Llama-3.3-70B-Instruct-NVFP4,p2
go_away,6,0.5,0.4857142857142857,3,nvidia/Llama-3.3-70B-Instruct-NVFP4,p2
age,6,0.5,0.4857142857142857,3,nvidia/Llama-3.3-70B-Instruct-NVFP4,p2
alternate,6,0.5,0.4857142857142857,3,nvidia/Llama-3.3-70B-Instruct-NVFP4,p2
meal,6,0.5,0.4857142857142857,3,nvidia/Llama-3.3-70B-Instruct-NVFP4,p2
recovery,6,0.5,0.4857142857142857,3,nvidia/Llama-3.3-70B-Instruct-NVFP4,p2
avail,6,0.5,0.4857142857142857,3,nvidia/Llama-3.3-70B-Instruct-NVFP4,p2
insure,6,0.5,0.4857142857142857,3,nvidia/Llama-3.3-70B-Instruct-NVFP4,p2
cabbage,6,0.5,0.4857142857142857,3,nvidia/Llama-3.3-70B-Instruct-NVFP4,p2
get_along,6,0.5,0.4857142857142857,3,nvidia/Llama-3.3-70B-Instruct-NVFP4,p2
persistence,6,0.5,0.4857142857142857,3,nvidia/Llama-3.3-70B-Instruct-NVFP4,p2
fixed,6,0.5,0.4857142857142857,3,nvidia/Llama-3.3-70B-Instruct-NVFP4,p2
pepper,6,0.5,0.4857142857142857,3,nvidia/Llama-3.3-70B-Instruct-NVFP4,p2
redden,6,0.5,0.4857142857142857,3,nvidia/Llama-3.3-70B-Instruct-NVFP4,p2
bass,12,0.5833333333333334,0.4957983193277311,5,nvidia/Llama-3.3-70B-Instruct-NVFP4,p2
structural,12,0.5833333333333334,0.4957983193277311,5,nvidia/Llama-3.3-70B-Instruct-NVFP4,p2
blur,12,0.5833333333333334,0.4957983193277311,5,nvidia/Llama-3.3-70B-Instruct-NVFP4,p2
flow,12,0.5833333333333334,0.4957983193277311,5,nvidia/Llama-3.3-70B-Instruct-NVFP4,p2
confine,12,0.5833333333333334,0.4957983193277311,5,nvidia/Llama-3.3-70B-Instruct-NVFP4,p2
inventory,9,0.5555555555555556,0.5,4,nvidia/Llama-3.3-70B-Instruct-NVFP4,p2
indirect,9,0.5555555555555556,0.5,4,nvidia/Llama-3.3-70B-Instruct-NVFP4,p2
unlawful,9,0.5555555555555556,0.5,4,nvidia/Llama-3.3-70B-Instruct-NVFP4,p2
perception,9,0.5555555555555556,0.5,4,nvidia/Llama-3.3-70B-Instruct-NVFP4,p2
condition,9,0.5555555555555556,0.5,4,nvidia/Llama-3.3-70B-Instruct-NVFP4,p2
discover,13,0.6153846153846154,0.5112781954887218,5,nvidia/Llama-3.3-70B-Instruct-NVFP4,p2
peak,13,0.5384615384615384,0.5125,6,nvidia/Llama-3.3-70B-Instruct-NVFP4,p2
string,10,0.6,0.5238095238095238,4,nvidia/Llama-3.3-70B-Instruct-NVFP4,p2
hardened,10,0.6,0.5238095238095238,4,nvidia/Llama-3.3-70B-Instruct-NVFP4,p2
history,10,0.6,0.5238095238095238,4,nvidia/Llama-3.3-70B-Instruct-NVFP4,p2
revive,10,0.6,0.5238095238095238,4,nvidia/Llama-3.3-70B-Instruct-NVFP4,p2
irregular,10,0.6,0.5238095238095238,4,nvidia/Llama-3.3-70B-Instruct-NVFP4,p2
attraction,10,0.6,0.5238095238095238,4,nvidia/Llama-3.3-70B-Instruct-NVFP4,p2
loosen,10,0.6,0.5238095238095238,4,nvidia/Llama-3.3-70B-Instruct-NVFP4,p2
visit,10,0.6,0.5238095238095238,4,nvidia/Llama-3.3-70B-Instruct-NVFP4,p2
deny,10,0.6,0.5238095238095238,4,nvidia/Llama-3.3-70B-Instruct-NVFP4,p2
hurt,10,0.6,0.5238095238095238,4,nvidia/Llama-3.3-70B-Instruct-NVFP4,p2
interior,10,0.6,0.5238095238095238,4,nvidia/Llama-3.3-70B-Instruct-NVFP4,p2
blame,10,0.6,0.5238095238095238,4,nvidia/Llama-3.3-70B-Instruct-NVFP4,p2
surrender,10,0.6,0.5238095238095238,4,nvidia/Llama-3.3-70B-Instruct-NVFP4,p2
confrontation,10,0.6,0.5238095238095238,4,nvidia/Llama-3.3-70B-Instruct-NVFP4,p2
warmth,10,0.6,0.5238095238095238,4,nvidia/Llama-3.3-70B-Instruct-NVFP4,p2
president,10,0.6,0.5238095238095238,4,nvidia/Llama-3.3-70B-Instruct-NVFP4,p2
ruin,10,0.6,0.5238095238095238,4,nvidia/Llama-3.3-70B-Instruct-NVFP4,p2
annoyance,10,0.6,0.5238095238095238,4,nvidia/Llama-3.3-70B-Instruct-NVFP4,p2
resist,10,0.6,0.5238095238095238,4,nvidia/Llama-3.3-70B-Instruct-NVFP4,p2
speed,10,0.6,0.5238095238095238,4,nvidia/Llama-3.3-70B-Instruct-NVFP4,p2
thread,10,0.6,0.5238095238095238,4,nvidia/Llama-3.3-70B-Instruct-NVFP4,p2
trade,10,0.6,0.5238095238095238,4,nvidia/Llama-3.3-70B-Instruct-NVFP4,p2
jerk,10,0.6,0.5238095238095238,4,nvidia/Llama-3.3-70B-Instruct-NVFP4,p2
line_up,10,0.6,0.5238095238095238,4,nvidia/Llama-3.3-70B-Instruct-NVFP4,p2
initiate,10,0.6,0.5238095238095238,4,nvidia/Llama-3.3-70B-Instruct-NVFP4,p2
logic,10,0.6,0.5238095238095238,4,nvidia/Llama-3.3-70B-Instruct-NVFP4,p2
toss,11,0.5454545454545454,0.5299145299145299,5,nvidia/Llama-3.3-70B-Instruct-NVFP4,p2
guide,7,0.5714285714285714,0.5333333333333333,3,nvidia/Llama-3.3-70B-Instruct-NVFP4,p2
personally,7,0.5714285714285714,0.5333333333333333,3,nvidia/Llama-3.3-70B-Instruct-NVFP4,p2
confinement,7,0.5714285714285714,0.5333333333333333,3,nvidia/Llama-3.3-70B-Instruct-NVFP4,p2
infusion,7,0.5714285714285714,0.5333333333333333,3,nvidia/Llama-3.3-70B-Instruct-NVFP4,p2
paternal,7,0.5714285714285714,0.5333333333333333,3,nvidia/Llama-3.3-70B-Instruct-NVFP4,p2
popular,7,0.5714285714285714,0.5333333333333333,3,nvidia/Llama-3.3-70B-Instruct-NVFP4,p2
spice,7,0.5714285714285714,0.5333333333333333,3,nvidia/Llama-3.3-70B-Instruct-NVFP4,p2
withdraw,21,0.6190476190476191,0.5333333333333333,8,nvidia/Llama-3.3-70B-Instruct-NVFP4,p2
maternal,7,0.5714285714285714,0.5333333333333333,3,nvidia/Llama-3.3-70B-Instruct-NVFP4,p2
unite,11,0.6363636363636364,0.5416666666666666,4,nvidia/Llama-3.3-70B-Instruct-NVFP4,p2
replacement,11,0.6363636363636364,0.5416666666666666,4,nvidia/Llama-3.3-70B-Instruct-NVFP4,p2
heighten,11,0.6363636363636364,0.5416666666666666,4,nvidia/Llama-3.3-70B-Instruct-NVFP4,p2
give_up,18,0.6111111111111112,0.5418181818181818,7,nvidia/Llama-3.3-70B-Instruct-NVFP4,p2
block,23,0.5652173913043478,0.5436507936507937,10,nvidia/Llama-3.3-70B-Instruct-NVFP4,p2
conjunction,9,0.5555555555555556,0.55,4,nvidia/Llama-3.3-70B-Instruct-NVFP4,p2
support,19,0.631578947368421,0.5521885521885521,7,nvidia/Llama-3.3-70B-Instruct-NVFP4,p2
pass_on,12,0.5833333333333334,0.5555555555555556,5,nvidia/Llama-3.3-70B-Instruct-NVFP4,p2
advanced,8,0.625,0.5636363636363637,3,nvidia/Llama-3.3-70B-Instruct-NVFP4,p2
hearing,8,0.625,0.5636363636363637,3,nvidia/Llama-3.3-70B-Instruct-NVFP4,p2
assurance,8,0.625,0.5636363636363637,3,nvidia/Llama-3.3-70B-Instruct-NVFP4,p2
abandon,8,0.625,0.5636363636363637,3,nvidia/Llama-3.3-70B-Instruct-NVFP4,p2
operational,8,0.625,0.5636363636363637,3,nvidia/Llama-3.3-70B-Instruct-NVFP4,p2
notch,8,0.625,0.5636363636363637,3,nvidia/Llama-3.3-70B-Instruct-NVFP4,p2
antecedent,8,0.625,0.5636363636363637,3,nvidia/Llama-3.3-70B-Instruct-NVFP4,p2
vary,8,0.625,0.5636363636363637,3,nvidia/Llama-3.3-70B-Instruct-NVFP4,p2
derive,8,0.625,0.5636363636363637,3,nvidia/Llama-3.3-70B-Instruct-NVFP4,p2
poise,8,0.625,0.5636363636363637,3,nvidia/Llama-3.3-70B-Instruct-NVFP4,p2
emergence,8,0.625,0.5636363636363637,3,nvidia/Llama-3.3-70B-Instruct-NVFP4,p2
engrave,8,0.625,0.5636363636363637,3,nvidia/Llama-3.3-70B-Instruct-NVFP4,p2
peace,8,0.625,0.5636363636363637,3,nvidia/Llama-3.3-70B-Instruct-NVFP4,p2
dimension,8,0.625,0.5636363636363637,3,nvidia/Llama-3.3-70B-Instruct-NVFP4,p2
disregard,8,0.625,0.5636363636363637,3,nvidia/Llama-3.3-70B-Instruct-NVFP4,p2
pride,8,0.625,0.5636363636363637,3,nvidia/Llama-3.3-70B-Instruct-NVFP4,p2
correct,8,0.625,0.5636363636363637,3,nvidia/Llama-3.3-70B-Instruct-NVFP4,p2
converge,8,0.625,0.5636363636363637,3,nvidia/Llama-3.3-70B-Instruct-NVFP4,p2
interview,8,0.625,0.5636363636363637,3,nvidia/Llama-3.3-70B-Instruct-NVFP4,p2
involvement,8,0.625,0.5636363636363637,3,nvidia/Llama-3.3-70B-Instruct-NVFP4,p2
liable,8,0.625,0.5636363636363637,3,nvidia/Llama-3.3-70B-Instruct-NVFP4,p2
liberate,8,0.625,0.5636363636363637,3,nvidia/Llama-3.3-70B-Instruct-NVFP4,p2
knob,8,0.625,0.5636363636363637,3,nvidia/Llama-3.3-70B-Instruct-NVFP4,p2
invade,8,0.625,0.5636363636363637,3,nvidia/Llama-3.3-70B-Instruct-NVFP4,p2
reserve,8,0.625,0.5636363636363637,3,nvidia/Llama-3.3-70B-Instruct-NVFP4,p2
leadership,8,0.625,0.5636363636363637,3,nvidia/Llama-3.3-70B-Instruct-NVFP4,p2
redeem,8,0.625,0.5636363636363637,3,nvidia/Llama-3.3-70B-Instruct-NVFP4,p2
relationship,8,0.625,0.5636363636363637,3,nvidia/Llama-3.3-70B-Instruct-NVFP4,p2
quietly,8,0.625,0.5636363636363637,3,nvidia/Llama-3.3-70B-Instruct-NVFP4,p2
essence,8,0.625,0.5636363636363637,3,nvidia/Llama-3.3-70B-Instruct-NVFP4,p2
possibility,8,0.625,0.5636363636363637,3,nvidia/Llama-3.3-70B-Instruct-NVFP4,p2
revelation,8,0.625,0.5636363636363637,3,nvidia/Llama-3.3-70B-Instruct-NVFP4,p2
together,8,0.625,0.5636363636363637,3,nvidia/Llama-3.3-70B-Instruct-NVFP4,p2
generalization,8,0.625,0.5636363636363637,3,nvidia/Llama-3.3-70B-Instruct-NVFP4,p2
speculation,8,0.625,0.5636363636363637,3,nvidia/Llama-3.3-70B-Instruct-NVFP4,p2
immediate,8,0.625,0.5636363636363637,3,nvidia/Llama-3.3-70B-Instruct-NVFP4,p2
standard,8,0.625,0.5636363636363637,3,nvidia/Llama-3.3-70B-Instruct-NVFP4,p2
inactive,16,0.625,0.5636363636363637,6,nvidia/Llama-3.3-70B-Instruct-NVFP4,p2
frost,8,0.625,0.5636363636363637,3,nvidia/Llama-3.3-70B-Instruct-NVFP4,p2
fantastic,8,0.625,0.5636363636363637,3,nvidia/Llama-3.3-70B-Instruct-NVFP4,p2
feeble,8,0.625,0.5636363636363637,3,nvidia/Llama-3.3-70B-Instruct-NVFP4,p2
isolate,8,0.625,0.5636363636363637,3,nvidia/Llama-3.3-70B-Instruct-NVFP4,p2
sharply,8,0.625,0.5636363636363637,3,nvidia/Llama-3.3-70B-Instruct-NVFP4,p2
intelligent,8,0.625,0.5636363636363637,3,nvidia/Llama-3.3-70B-Instruct-NVFP4,p2
gear,8,0.625,0.5636363636363637,3,nvidia/Llama-3.3-70B-Instruct-NVFP4,p2
guess,8,0.625,0.5636363636363637,3,nvidia/Llama-3.3-70B-Instruct-NVFP4,p2
truth,8,0.625,0.5636363636363637,3,nvidia/Llama-3.3-70B-Instruct-NVFP4,p2
transition,8,0.625,0.5636363636363637,3,nvidia/Llama-3.3-70B-Instruct-NVFP4,p2
climax,8,0.625,0.5636363636363637,3,nvidia/Llama-3.3-70B-Instruct-NVFP4,p2
inspire,8,0.625,0.5636363636363637,3,nvidia/Llama-3.3-70B-Instruct-NVFP4,p2
indulge,8,0.625,0.5636363636363637,3,nvidia/Llama-3.3-70B-Instruct-NVFP4,p2
pop,19,0.5789473684210527,0.5681818181818181,8,nvidia/Llama-3.3-70B-Instruct-NVFP4,p2
wide,7,0.5714285714285714,0.5714285714285714,3,nvidia/Llama-3.3-70B-Instruct-NVFP4,p2
fullness,7,0.5714285714285714,0.5714285714285714,3,nvidia/Llama-3.3-70B-Instruct-NVFP4,p2
spread_out,13,0.6153846153846154,0.5751633986928104,5,nvidia/Llama-3.3-70B-Instruct-NVFP4,p2
lapse,13,0.6153846153846154,0.5751633986928104,5,nvidia/Llama-3.3-70B-Instruct-NVFP4,p2
spray,13,0.6153846153846154,0.5751633986928104,5,nvidia/Llama-3.3-70B-Instruct-NVFP4,p2
rest,18,0.6111111111111112,0.5785953177257526,7,nvidia/Llama-3.3-70B-Instruct-NVFP4,p2
brush,12,0.5833333333333334,0.5804195804195804,5,nvidia/Llama-3.3-70B-Instruct-NVFP4,p2
mosaic,10,0.6,0.5833333333333333,4,nvidia/Llama-3.3-70B-Instruct-NVFP4,p2
anticipate,10,0.6,0.5833333333333333,4,nvidia/Llama-3.3-70B-Instruct-NVFP4,p2
unsuitable,5,0.6,0.5833333333333333,2,nvidia/Llama-3.3-70B-Instruct-NVFP4,p2
obligation,5,0.6,0.5833333333333333,2,nvidia/Llama-3.3-70B-Instruct-NVFP4,p2
monstrous,5,0.6,0.5833333333333333,2,nvidia/Llama-3.3-70B-Instruct-NVFP4,p2
enclose,5,0.6,0.5833333333333333,2,nvidia/Llama-3.3-70B-Instruct-NVFP4,p2
opposite,10,0.6,0.5833333333333333,4,nvidia/Llama-3.3-70B-Instruct-NVFP4,p2
writing,10,0.6,0.5833333333333333,4,nvidia/Llama-3.3-70B-Instruct-NVFP4,p2
horny,5,0.6,0.5833333333333333,2,nvidia/Llama-3.3-70B-Instruct-NVFP4,p2
circle,5,0.6,0.5833333333333333,2,nvidia/Llama-3.3-70B-Instruct-NVFP4,p2
globe,5,0.6,0.5833333333333333,2,nvidia/Llama-3.3-70B-Instruct-NVFP4,p2
sympathy,5,0.6,0.5833333333333333,2,nvidia/Llama-3.3-70B-Instruct-NVFP4,p2
outburst,5,0.6,0.5833333333333333,2,nvidia/Llama-3.3-70B-Instruct-NVFP4,p2
cut_out,10,0.6,0.5833333333333333,4,nvidia/Llama-3.3-70B-Instruct-NVFP4,p2
prosecute,5,0.6,0.5833333333333333,2,nvidia/Llama-3.3-70B-Instruct-NVFP4,p2
lonely,5,0.6,0.5833333333333333,2,nvidia/Llama-3.3-70B-Instruct-NVFP4,p2
confused,10,0.6,0.5833333333333333,4,nvidia/Llama-3.3-70B-Instruct-NVFP4,p2
contour,5,0.6,0.5833333333333333,2,nvidia/Llama-3.3-70B-Instruct-NVFP4,p2
knock,10,0.6,0.5833333333333333,4,nvidia/Llama-3.3-70B-Instruct-NVFP4,p2
define,10,0.6,0.5833333333333333,4,nvidia/Llama-3.3-70B-Instruct-NVFP4,p2
mallet,5,0.6,0.5833333333333333,2,nvidia/Llama-3.3-70B-Instruct-NVFP4,p2
material,9,0.6666666666666666,0.5846153846153846,3,nvidia/Llama-3.3-70B-Instruct-NVFP4,p2
award,9,0.6666666666666666,0.5846153846153846,3,nvidia/Llama-3.3-70B-Instruct-NVFP4,p2
bloom,9,0.6666666666666666,0.5846153846153846,3,nvidia/Llama-3.3-70B-Instruct-NVFP4,p2
moderate,9,0.6666666666666666,0.5846153846153846,3,nvidia/Llama-3.3-70B-Instruct-NVFP4,p2
liberal,9,0.6666666666666666,0.5846153846153846,3,nvidia/Llama-3.3-70B-Instruct-NVFP4,p2
poison,9,0.6666666666666666,0.5846153846153846,3,nvidia/Llama-3.3-70B-Instruct-NVFP4,p2
take_over,14,0.6428571428571429,0.5906432748538011,5,nvidia/Llama-3.3-70B-Instruct-NVFP4,p2
error,14,0.6428571428571429,0.5906432748538011,5,nvidia/Llama-3.3-70B-Instruct-NVFP4,p2
dampen,14,0.6428571428571429,0.5906432748538011,5,nvidia/Llama-3.3-70B-Instruct-NVFP4,p2
failure,14,0.6428571428571429,0.5906432748538011,5,nvidia/Llama-3.3-70B-Instruct-NVFP4,p2
disturbance,14,0.6428571428571429,0.5906432748538011,5,nvidia/Llama-3.3-70B-Instruct-NVFP4,p2
reversal,16,0.625,0.6,6,nvidia/Llama-3.3-70B-Instruct-NVFP4,p2
control,20,0.65,0.6011396011396011,7,nvidia/Llama-3.3-70B-Instruct-NVFP4,p2
curse,15,0.6666666666666666,0.6031746031746031,5,nvidia/Llama-3.3-70B-Instruct-NVFP4,p2
strip,26,0.6538461538461539,0.6067226890756303,9,nvidia/Llama-3.3-70B-Instruct-NVFP4,p2
yield,26,0.6538461538461539,0.6067226890756303,9,nvidia/Llama-3.3-70B-Instruct-NVFP4,p2
tempt,11,0.6363636363636364,0.6071428571428572,4,nvidia/Llama-3.3-70B-Instruct-NVFP4,p2
deaden,11,0.6363636363636364,0.6071428571428572,4,nvidia/Llama-3.3-70B-Instruct-NVFP4,p2
plain,11,0.6363636363636364,0.6071428571428572,4,nvidia/Llama-3.3-70B-Instruct-NVFP4,p2
spy,11,0.6363636363636364,0.6071428571428572,4,nvidia/Llama-3.3-70B-Instruct-NVFP4,p2
neutralize,11,0.6363636363636364,0.6071428571428572,4,nvidia/Llama-3.3-70B-Instruct-NVFP4,p2
horn,19,0.631578947368421,0.6144927536231883,7,nvidia/Llama-3.3-70B-Instruct-NVFP4,p2
solid,23,0.6521739130434783,0.6166666666666667,8,nvidia/Llama-3.3-70B-Instruct-NVFP4,p2
reel,8,0.625,0.6190476190476191,3,nvidia/Llama-3.3-70B-Instruct-NVFP4,p2
come_on,8,0.625,0.6190476190476191,3,nvidia/Llama-3.3-70B-Instruct-NVFP4,p2
market,8,0.625,0.6190476190476191,3,nvidia/Llama-3.3-70B-Instruct-NVFP4,p2
mobile,8,0.625,0.6190476190476191,3,nvidia/Llama-3.3-70B-Instruct-NVFP4,p2
lost,16,0.625,0.6190476190476191,6,nvidia/Llama-3.3-70B-Instruct-NVFP4,p2
zone,8,0.625,0.6190476190476191,3,nvidia/Llama-3.3-70B-Instruct-NVFP4,p2
reality,6,0.6666666666666666,0.625,2,nvidia/Llama-3.3-70B-Instruct-NVFP4,p2
cruise,6,0.6666666666666666,0.625,2,nvidia/Llama-3.3-70B-Instruct-NVFP4,p2
progress,12,0.6666666666666666,0.625,4,nvidia/Llama-3.3-70B-Instruct-NVFP4,p2
distill,6,0.6666666666666666,0.625,2,nvidia/Llama-3.3-70B-Instruct-NVFP4,p2
vocabulary,6,0.6666666666666666,0.625,2,nvidia/Llama-3.3-70B-Instruct-NVFP4,p2
attack,12,0.6666666666666666,0.625,4,nvidia/Llama-3.3-70B-Instruct-NVFP4,p2
append,6,0.6666666666666666,0.625,2,nvidia/Llama-3.3-70B-Instruct-NVFP4,p2
utter,6,0.6666666666666666,0.625,2,nvidia/Llama-3.3-70B-Instruct-NVFP4,p2
wheel,6,0.6666666666666666,0.625,2,nvidia/Llama-3.3-70B-Instruct-NVFP4,p2
advance,18,0.6666666666666666,0.625,6,nvidia/Llama-3.3-70B-Instruct-NVFP4,p2
precisely,6,0.6666666666666666,0.625,2,nvidia/Llama-3.3-70B-Instruct-NVFP4,p2
effective,6,0.6666666666666666,0.625,2,nvidia/Llama-3.3-70B-Instruct-NVFP4,p2
owe,6,0.6666666666666666,0.625,2,nvidia/Llama-3.3-70B-Instruct-NVFP4,p2
pause,6,0.6666666666666666,0.625,2,nvidia/Llama-3.3-70B-Instruct-NVFP4,p2
penance,6,0.6666666666666666,0.625,2,nvidia/Llama-3.3-70B-Instruct-NVFP4,p2
partner,6,0.6666666666666666,0.625,2,nvidia/Llama-3.3-70B-Instruct-NVFP4,p2
contempt,6,0.6666666666666666,0.625,2,nvidia/Llama-3.3-70B-Instruct-NVFP4,p2
placement,6,0.6666666666666666,0.625,2,nvidia/Llama-3.3-70B-Instruct-NVFP4,p2
decent,6,0.6666666666666666,0.625,2,nvidia/Llama-3.3-70B-Instruct-NVFP4,p2
charitable,6,0.6666666666666666,0.625,2,nvidia/Llama-3.3-70B-Instruct-NVFP4,p2
bless,6,0.6666666666666666,0.625,2,nvidia/Llama-3.3-70B-Instruct-NVFP4,p2
suppose,6,0.6666666666666666,0.625,2,nvidia/Llama-3.3-70B-Instruct-NVFP4,p2
grave,6,0.6666666666666666,0.625,2,nvidia/Llama-3.3-70B-Instruct-NVFP4,p2
tilt,6,0.6666666666666666,0.625,2,nvidia/Llama-3.3-70B-Instruct-NVFP4,p2
bluff,6,0.6666666666666666,0.625,2,nvidia/Llama-3.3-70B-Instruct-NVFP4,p2
gesture,6,0.6666666666666666,0.625,2,nvidia/Llama-3.3-70B-Instruct-NVFP4,p2
formality,6,0.6666666666666666,0.625,2,nvidia/Llama-3.3-70B-Instruct-NVFP4,p2
campaign,12,0.6666666666666666,0.625,4,nvidia/Llama-3.3-70B-Instruct-NVFP4,p2
calculus,6,0.6666666666666666,0.625,2,nvidia/Llama-3.3-70B-Instruct-NVFP4,p2
bulk,6,0.6666666666666666,0.625,2,nvidia/Llama-3.3-70B-Instruct-NVFP4,p2
sophisticated,6,0.6666666666666666,0.625,2,nvidia/Llama-3.3-70B-Instruct-NVFP4,p2
hysteria,6,0.6666666666666666,0.625,2,nvidia/Llama-3.3-70B-Instruct-NVFP4,p2
sturdy,6,0.6666666666666666,0.625,2,nvidia/Llama-3.3-70B-Instruct-NVFP4,p2
contrary,6,0.6666666666666666,0.625,2,nvidia/Llama-3.3-70B-Instruct-NVFP4,p2
irony,6,0.6666666666666666,0.625,2,nvidia/Llama-3.3-70B-Instruct-NVFP4,p2
equilibrium,6,0.6666666666666666,0.625,2,nvidia/Llama-3.3-70B-Instruct-NVFP4,p2
enjoyment,6,0.6666666666666666,0.625,2,nvidia/Llama-3.3-70B-Instruct-NVFP4,p2
lookout,6,0.6666666666666666,0.625,2,nvidia/Llama-3.3-70B-Instruct-NVFP4,p2
evacuation,6,0.6666666666666666,0.625,2,nvidia/Llama-3.3-70B-Instruct-NVFP4,p2
purify,6,0.6666666666666666,0.625,2,nvidia/Llama-3.3-70B-Instruct-NVFP4,p2
exit,6,0.6666666666666666,0.625,2,nvidia/Llama-3.3-70B-Instruct-NVFP4,p2
exclusive,6,0.6666666666666666,0.625,2,nvidia/Llama-3.3-70B-Instruct-NVFP4,p2
make_it,6,0.6666666666666666,0.625,2,nvidia/Llama-3.3-70B-Instruct-NVFP4,p2
critic,6,0.6666666666666666,0.625,2,nvidia/Llama-3.3-70B-Instruct-NVFP4,p2
cortex,6,0.6666666666666666,0.625,2,nvidia/Llama-3.3-70B-Instruct-NVFP4,p2
concede,6,0.6666666666666666,0.625,2,nvidia/Llama-3.3-70B-Instruct-NVFP4,p2
commission,6,0.6666666666666666,0.625,2,nvidia/Llama-3.3-70B-Instruct-NVFP4,p2
lady,6,0.6666666666666666,0.625,2,nvidia/Llama-3.3-70B-Instruct-NVFP4,p2
invention,6,0.6666666666666666,0.625,2,nvidia/Llama-3.3-70B-Instruct-NVFP4,p2
referent,6,0.6666666666666666,0.625,2,nvidia/Llama-3.3-70B-Instruct-NVFP4,p2
learned,6,0.6666666666666666,0.625,2,nvidia/Llama-3.3-70B-Instruct-NVFP4,p2
decompose,6,0.6666666666666666,0.625,2,nvidia/Llama-3.3-70B-Instruct-NVFP4,p2
objection,6,0.6666666666666666,0.625,2,nvidia/Llama-3.3-70B-Instruct-NVFP4,p2
distributor,6,0.6666666666666666,0.625,2,nvidia/Llama-3.3-70B-Instruct-NVFP4,p2
hasten,6,0.6666666666666666,0.625,2,nvidia/Llama-3.3-70B-Instruct-NVFP4,p2
dehydration,6,0.6666666666666666,0.625,2,nvidia/Llama-3.3-70B-Instruct-NVFP4,p2
merry,6,0.6666666666666666,0.625,2,nvidia/Llama-3.3-70B-Instruct-NVFP4,p2
verse,6,0.6666666666666666,0.625,2,nvidia/Llama-3.3-70B-Instruct-NVFP4,p2
wiry,6,0.6666666666666666,0.625,2,nvidia/Llama-3.3-70B-Instruct-NVFP4,p2
addition,6,0.6666666666666666,0.625,2,nvidia/Llama-3.3-70B-Instruct-NVFP4,p2
rule_out,6,0.6666666666666666,0.625,2,nvidia/Llama-3.3-70B-Instruct-NVFP4,p2
initiation,6,0.6666666666666666,0.625,2,nvidia/Llama-3.3-70B-Instruct-NVFP4,p2
rugged,6,0.6666666666666666,0.625,2,nvidia/Llama-3.3-70B-Instruct-NVFP4,p2
shortened,6,0.6666666666666666,0.625,2,nvidia/Llama-3.3-70B-Instruct-NVFP4,p2
specialization,6,0.6666666666666666,0.625,2,nvidia/Llama-3.3-70B-Instruct-NVFP4,p2
chad,6,0.6666666666666666,0.625,2,nvidia/Llama-3.3-70B-Instruct-NVFP4,p2
finally,6,0.6666666666666666,0.625,2,nvidia/Llama-3.3-70B-Instruct-NVFP4,p2
immediacy,6,0.6666666666666666,0.625,2,nvidia/Llama-3.3-70B-Instruct-NVFP4,p2
frustration,6,0.6666666666666666,0.625,2,nvidia/Llama-3.3-70B-Instruct-NVFP4,p2
foresee,6,0.6666666666666666,0.625,2,nvidia/Llama-3.3-70B-Instruct-NVFP4,p2
singular,12,0.6666666666666666,0.625,4,nvidia/Llama-3.3-70B-Instruct-NVFP4,p2
set_off,12,0.6666666666666666,0.625,4,nvidia/Llama-3.3-70B-Instruct-NVFP4,p2
shove,6,0.6666666666666666,0.625,2,nvidia/Llama-3.3-70B-Instruct-NVFP4,p2
season,6,0.6666666666666666,0.625,2,nvidia/Llama-3.3-70B-Instruct-NVFP4,p2
shunt,6,0.6666666666666666,0.625,2,nvidia/Llama-3.3-70B-Instruct-NVFP4,p2
romantic,6,0.6666666666666666,0.625,2,nvidia/Llama-3.3-70B-Instruct-NVFP4,p2
inheritance,6,0.6666666666666666,0.625,2,nvidia/Llama-3.3-70B-Instruct-NVFP4,p2
school,6,0.6666666666666666,0.625,2,nvidia/Llama-3.3-70B-Instruct-NVFP4,p2
inflate,6,0.6666666666666666,0.625,2,nvidia/Llama-3.3-70B-Instruct-NVFP4,p2
intellect,6,0.6666666666666666,0.625,2,nvidia/Llama-3.3-70B-Instruct-NVFP4,p2
comment,6,0.6666666666666666,0.625,2,nvidia/Llama-3.3-70B-Instruct-NVFP4,p2
concentrated,6,0.6666666666666666,0.625,2,nvidia/Llama-3.3-70B-Instruct-NVFP4,p2
come_back,6,0.6666666666666666,0.625,2,nvidia/Llama-3.3-70B-Instruct-NVFP4,p2
undue,6,0.6666666666666666,0.625,2,nvidia/Llama-3.3-70B-Instruct-NVFP4,p2
thrust,6,0.6666666666666666,0.625,2,nvidia/Llama-3.3-70B-Instruct-NVFP4,p2
syndicate,6,0.6666666666666666,0.625,2,nvidia/Llama-3.3-70B-Instruct-NVFP4,p2
submerge,6,0.6666666666666666,0.625,2,nvidia/Llama-3.3-70B-Instruct-NVFP4,p2
analogy,6,0.6666666666666666,0.625,2,nvidia/Llama-3.3-70B-Instruct-NVFP4,p2
bet,6,0.6666666666666666,0.625,2,nvidia/Llama-3.3-70B-Instruct-NVFP4,p2
fog,6,0.6666666666666666,0.625,2,nvidia/Llama-3.3-70B-Instruct-NVFP4,p2
steer,6,0.6666666666666666,0.625,2,nvidia/Llama-3.3-70B-Instruct-NVFP4,p2
modest,14,0.6428571428571429,0.625668449197861,5,nvidia/Llama-3.3-70B-Instruct-NVFP4,p2
profess,14,0.6428571428571429,0.625668449197861,5,nvidia/Llama-3.3-70B-Instruct-NVFP4,p2
punch,11,0.6363636363636364,0.6333333333333333,4,nvidia/Llama-3.3-70B-Instruct-NVFP4,p2
consider,17,0.6470588235294118,0.6357142857142857,6,nvidia/Llama-3.3-70B-Instruct-NVFP4,p2
smash,15,0.6666666666666666,0.6411483253588517,5,nvidia/Llama-3.3-70B-Instruct-NVFP4,p2
plunge,15,0.6666666666666666,0.6411483253588517,5,nvidia/Llama-3.3-70B-Instruct-NVFP4,p2
system,15,0.6666666666666666,0.6411483253588517,5,nvidia/Llama-3.3-70B-Instruct-NVFP4,p2
display,9,0.6666666666666666,0.6493506493506493,3,nvidia/Llama-3.3-70B-Instruct-NVFP4,p2
time,9,0.6666666666666666,0.6493506493506493,3,nvidia/Llama-3.3-70B-Instruct-NVFP4,p2
shorten,9,0.6666666666666666,0.6493506493506493,3,nvidia/Llama-3.3-70B-Instruct-NVFP4,p2
suggest,9,0.6666666666666666,0.6493506493506493,3,nvidia/Llama-3.3-70B-Instruct-NVFP4,p2
bang,18,0.6666666666666666,0.6493506493506493,6,nvidia/Llama-3.3-70B-Instruct-NVFP4,p2
profound,9,0.6666666666666666,0.6493506493506493,3,nvidia/Llama-3.3-70B-Instruct-NVFP4,p2
deduction,9,0.6666666666666666,0.6493506493506493,3,nvidia/Llama-3.3-70B-Instruct-NVFP4,p2
consolidate,9,0.6666666666666666,0.6493506493506493,3,nvidia/Llama-3.3-70B-Instruct-NVFP4,p2
dedication,9,0.6666666666666666,0.6493506493506493,3,nvidia/Llama-3.3-70B-Instruct-NVFP4,p2
condemnation,9,0.6666666666666666,0.6493506493506493,3,nvidia/Llama-3.3-70B-Instruct-NVFP4,p2
correspond,7,0.7142857142857143,0.65,2,nvidia/Llama-3.3-70B-Instruct-NVFP4,p2
dissipate,7,0.7142857142857143,0.65,2,nvidia/Llama-3.3-70B-Instruct-NVFP4,p2
plague,7,0.7142857142857143,0.65,2,nvidia/Llama-3.3-70B-Instruct-NVFP4,p2
escort,7,0.7142857142857143,0.65,2,nvidia/Llama-3.3-70B-Instruct-NVFP4,p2
summon,7,0.7142857142857143,0.65,2,nvidia/Llama-3.3-70B-Instruct-NVFP4,p2
solicit,7,0.7142857142857143,0.65,2,nvidia/Llama-3.3-70B-Instruct-NVFP4,p2
cheat,7,0.7142857142857143,0.65,2,nvidia/Llama-3.3-70B-Instruct-NVFP4,p2
flip,16,0.6875,0.6536796536796536,5,nvidia/Llama-3.3-70B-Instruct-NVFP4,p2
casual,16,0.6875,0.6536796536796536,5,nvidia/Llama-3.3-70B-Instruct-NVFP4,p2
bare,16,0.6875,0.6536796536796536,5,nvidia/Llama-3.3-70B-Instruct-NVFP4,p2
content,12,0.6666666666666666,0.6571428571428571,4,nvidia/Llama-3.3-70B-Instruct-NVFP4,p2
richness,12,0.6666666666666666,0.6571428571428571,4,nvidia/Llama-3.3-70B-Instruct-NVFP4,p2
aim,12,0.6666666666666666,0.6571428571428571,4,nvidia/Llama-3.3-70B-Instruct-NVFP4,p2
launch,12,0.6666666666666666,0.6571428571428571,4,nvidia/Llama-3.3-70B-Instruct-NVFP4,p2
tough,15,0.6666666666666666,0.660633484162896,5,nvidia/Llama-3.3-70B-Instruct-NVFP4,p2
core,15,0.6666666666666666,0.660633484162896,5,nvidia/Llama-3.3-70B-Instruct-NVFP4,p2
loss,15,0.6666666666666666,0.660633484162896,5,nvidia/Llama-3.3-70B-Instruct-NVFP4,p2
distribute,17,0.7058823529411765,0.6640316205533596,5,nvidia/Llama-3.3-70B-Instruct-NVFP4,p2
recapture,6,0.6666666666666666,0.6666666666666666,2,nvidia/Llama-3.3-70B-Instruct-NVFP4,p2
calendar,6,0.6666666666666666,0.6666666666666666,2,nvidia/Llama-3.3-70B-Instruct-NVFP4,p2
through,6,0.6666666666666666,0.6666666666666666,2,nvidia/Llama-3.3-70B-Instruct-NVFP4,p2
civilization,6,0.6666666666666666,0.6666666666666666,2,nvidia/Llama-3.3-70B-Instruct-NVFP4,p2
federation,6,0.6666666666666666,0.6666666666666666,2,nvidia/Llama-3.3-70B-Instruct-NVFP4,p2
interference,9,0.6666666666666666,0.6666666666666666,3,nvidia/Llama-3.3-70B-Instruct-NVFP4,p2
passing,6,0.6666666666666666,0.6666666666666666,2,nvidia/Llama-3.3-70B-Instruct-NVFP4,p2
ministry,6,0.6666666666666666,0.6666666666666666,2,nvidia/Llama-3.3-70B-Instruct-NVFP4,p2
get_up,12,0.6666666666666666,0.6666666666666666,4,nvidia/Llama-3.3-70B-Instruct-NVFP4,p2
cone,6,0.6666666666666666,0.6666666666666666,2,nvidia/Llama-3.3-70B-Instruct-NVFP4,p2
prohibition,8,0.75,0.6666666666666667,2,nvidia/Llama-3.3-70B-Instruct-NVFP4,p2
distort,8,0.75,0.6666666666666667,2,nvidia/Llama-3.3-70B-Instruct-NVFP4,p2
repel,10,0.7,0.6703296703296704,3,nvidia/Llama-3.3-70B-Instruct-NVFP4,p2
draw_in,10,0.7,0.6703296703296704,3,nvidia/Llama-3.3-70B-Instruct-NVFP4,p2
rank,10,0.7,0.6703296703296704,3,nvidia/Llama-3.3-70B-Instruct-NVFP4,p2
regard,10,0.7,0.6703296703296704,3,nvidia/Llama-3.3-70B-Instruct-NVFP4,p2
sacrifice,10,0.7,0.6703296703296704,3,nvidia/Llama-3.3-70B-Instruct-NVFP4,p2
emerge,10,0.7,0.6703296703296704,3,nvidia/Llama-3.3-70B-Instruct-NVFP4,p2
fearful,10,0.7,0.6703296703296704,3,nvidia/Llama-3.3-70B-Instruct-NVFP4,p2
stream,10,0.7,0.6703296703296704,3,nvidia/Llama-3.3-70B-Instruct-NVFP4,p2
detachment,10,0.7,0.6703296703296704,3,nvidia/Llama-3.3-70B-Instruct-NVFP4,p2
gay,10,0.7,0.6703296703296704,3,nvidia/Llama-3.3-70B-Instruct-NVFP4,p2
gem,10,0.7,0.6703296703296704,3,nvidia/Llama-3.3-70B-Instruct-NVFP4,p2
antagonistic,10,0.7,0.6703296703296704,3,nvidia/Llama-3.3-70B-Instruct-NVFP4,p2
beginning,10,0.7,0.6703296703296704,3,nvidia/Llama-3.3-70B-Instruct-NVFP4,p2
concern,10,0.7,0.6703296703296704,3,nvidia/Llama-3.3-70B-Instruct-NVFP4,p2
compromise,10,0.7,0.6703296703296704,3,nvidia/Llama-3.3-70B-Instruct-NVFP4,p2
library,10,0.7,0.6703296703296704,3,nvidia/Llama-3.3-70B-Instruct-NVFP4,p2
bury,10,0.7,0.6703296703296704,3,nvidia/Llama-3.3-70B-Instruct-NVFP4,p2
exhaust,10,0.7,0.6703296703296704,3,nvidia/Llama-3.3-70B-Instruct-NVFP4,p2
allowance,10,0.7,0.6703296703296704,3,nvidia/Llama-3.3-70B-Instruct-NVFP4,p2
complication,10,0.7,0.6703296703296704,3,nvidia/Llama-3.3-70B-Instruct-NVFP4,p2
administer,10,0.7,0.6703296703296704,3,nvidia/Llama-3.3-70B-Instruct-NVFP4,p2
break_away,10,0.7,0.6703296703296704,3,nvidia/Llama-3.3-70B-Instruct-NVFP4,p2
assure,10,0.7,0.6703296703296704,3,nvidia/Llama-3.3-70B-Instruct-NVFP4,p2
smut,10,0.7,0.6703296703296704,3,nvidia/Llama-3.3-70B-Instruct-NVFP4,p2
go_on,10,0.7,0.6703296703296704,3,nvidia/Llama-3.3-70B-Instruct-NVFP4,p2
abuse,10,0.7,0.6703296703296704,3,nvidia/Llama-3.3-70B-Instruct-NVFP4,p2
cause,10,0.7,0.6703296703296704,3,nvidia/Llama-3.3-70B-Instruct-NVFP4,p2
depress,10,0.7,0.6703296703296704,3,nvidia/Llama-3.3-70B-Instruct-NVFP4,p2
identify,10,0.7,0.6703296703296704,3,nvidia/Llama-3.3-70B-Instruct-NVFP4,p2
population,10,0.7,0.6703296703296704,3,nvidia/Llama-3.3-70B-Instruct-NVFP4,p2
structure,10,0.7,0.6703296703296704,3,nvidia/Llama-3.3-70B-Instruct-NVFP4,p2
direction,13,0.6923076923076923,0.675,4,nvidia/Llama-3.3-70B-Instruct-NVFP4,p2
shower,19,0.6842105263157895,0.6761363636363636,6,nvidia/Llama-3.3-70B-Instruct-NVFP4,p2
release,34,0.7058823529411765,0.678030303030303,10,nvidia/Llama-3.3-70B-Instruct-NVFP4,p2
deep,21,0.7142857142857143,0.6785714285714286,6,nvidia/Llama-3.3-70B-Instruct-NVFP4,p2
observe,11,0.7272727272727273,0.6857142857142857,3,nvidia/Llama-3.3-70B-Instruct-NVFP4,p2
tug,11,0.7272727272727273,0.6857142857142857,3,nvidia/Llama-3.3-70B-Instruct-NVFP4,p2
depart,11,0.7272727272727273,0.6857142857142857,3,nvidia/Llama-3.3-70B-Instruct-NVFP4,p2
gentle,11,0.7272727272727273,0.6857142857142857,3,nvidia/Llama-3.3-70B-Instruct-NVFP4,p2
badly,11,0.7272727272727273,0.6857142857142857,3,nvidia/Llama-3.3-70B-Instruct-NVFP4,p2
sink,17,0.7058823529411765,0.6886446886446886,5,nvidia/Llama-3.3-70B-Instruct-NVFP4,p2
turn_over,17,0.7058823529411765,0.6886446886446886,5,nvidia/Llama-3.3-70B-Instruct-NVFP4,p2
sweep,17,0.7058823529411765,0.6886446886446886,5,nvidia/Llama-3.3-70B-Instruct-NVFP4,p2
switch,14,0.7142857142857143,0.6888888888888889,4,nvidia/Llama-3.3-70B-Instruct-NVFP4,p2
manage,14,0.7142857142857143,0.6888888888888889,4,nvidia/Llama-3.3-70B-Instruct-NVFP4,p2
radiate,14,0.7142857142857143,0.6888888888888889,4,nvidia/Llama-3.3-70B-Instruct-NVFP4,p2
suffocate,14,0.7142857142857143,0.6888888888888889,4,nvidia/Llama-3.3-70B-Instruct-NVFP4,p2
ascend,14,0.7142857142857143,0.6888888888888889,4,nvidia/Llama-3.3-70B-Instruct-NVFP4,p2
accommodate,14,0.7142857142857143,0.6888888888888889,4,nvidia/Llama-3.3-70B-Instruct-NVFP4,p2
splash,14,0.7142857142857143,0.6888888888888889,4,nvidia/Llama-3.3-70B-Instruct-NVFP4,p2
captain,14,0.7142857142857143,0.6888888888888889,4,nvidia/Llama-3.3-70B-Instruct-NVFP4,p2
lock,13,0.6923076923076923,0.6904761904761905,4,nvidia/Llama-3.3-70B-Instruct-NVFP4,p2
performance,10,0.7,0.696969696969697,3,nvidia/Llama-3.3-70B-Instruct-NVFP4,p2
manipulate,10,0.7,0.696969696969697,3,nvidia/Llama-3.3-70B-Instruct-NVFP4,p2
humor,10,0.7,0.696969696969697,3,nvidia/Llama-3.3-70B-Instruct-NVFP4,p2
hold_back,10,0.7,0.696969696969697,3,nvidia/Llama-3.3-70B-Instruct-NVFP4,p2
wicked,10,0.7,0.696969696969697,3,nvidia/Llama-3.3-70B-Instruct-NVFP4,p2
dullness,10,0.7,0.696969696969697,3,nvidia/Llama-3.3-70B-Instruct-NVFP4,p2
number,10,0.7,0.696969696969697,3,nvidia/Llama-3.3-70B-Instruct-NVFP4,p2
discipline,10,0.7,0.696969696969697,3,nvidia/Llama-3.3-70B-Instruct-NVFP4,p2
prevail,10,0.7,0.696969696969697,3,nvidia/Llama-3.3-70B-Instruct-NVFP4,p2
temporal,10,0.7,0.696969696969697,3,nvidia/Llama-3.3-70B-Instruct-NVFP4,p2
bore,21,0.7142857142857143,0.6971153846153846,6,nvidia/Llama-3.3-70B-Instruct-NVFP4,p2
preserve,18,0.7222222222222222,0.6989966555183946,5,nvidia/Llama-3.3-70B-Instruct-NVFP4,p2
maneuver,15,0.7333333333333333,0.7,4,nvidia/Llama-3.3-70B-Instruct-NVFP4,p2
drift,30,0.7333333333333333,0.7,8,nvidia/Llama-3.3-70B-Instruct-NVFP4,p2
represent,25,0.72,0.7028862478777589,7,nvidia/Llama-3.3-70B-Instruct-NVFP4,p2
out,17,0.7058823529411765,0.7058823529411765,5,nvidia/Llama-3.3-70B-Instruct-NVFP4,p2
critical,14,0.7142857142857143,0.7083333333333333,4,nvidia/Llama-3.3-70B-Instruct-NVFP4,p2
indicate,7,0.7142857142857143,0.7083333333333333,2,nvidia/Llama-3.3-70B-Instruct-NVFP4,p2
smear,7,0.7142857142857143,0.7083333333333333,2,nvidia/Llama-3.3-70B-Instruct-NVFP4,p2
break_down,14,0.7142857142857143,0.7083333333333333,4,nvidia/Llama-3.3-70B-Instruct-NVFP4,p2
drab,7,0.7142857142857143,0.7083333333333333,2,nvidia/Llama-3.3-70B-Instruct-NVFP4,p2
choke,21,0.7142857142857143,0.7083333333333333,6,nvidia/Llama-3.3-70B-Instruct-NVFP4,p2
vacuum,7,0.7142857142857143,0.7083333333333333,2,nvidia/Llama-3.3-70B-Instruct-NVFP4,p2
dramatic,7,0.7142857142857143,0.7083333333333333,2,nvidia/Llama-3.3-70B-Instruct-NVFP4,p2
expand,14,0.7142857142857143,0.7083333333333333,4,nvidia/Llama-3.3-70B-Instruct-NVFP4,p2
fusion,14,0.7142857142857143,0.7083333333333333,4,nvidia/Llama-3.3-70B-Instruct-NVFP4,p2
affirmation,7,0.7142857142857143,0.7083333333333333,2,nvidia/Llama-3.3-70B-Instruct-NVFP4,p2
introduction,14,0.7142857142857143,0.7083333333333333,4,nvidia/Llama-3.3-70B-Instruct-NVFP4,p2
stumble,7,0.7142857142857143,0.7083333333333333,2,nvidia/Llama-3.3-70B-Instruct-NVFP4,p2
stir,11,0.7272727272727273,0.717948717948718,3,nvidia/Llama-3.3-70B-Instruct-NVFP4,p2
accord,11,0.7272727272727273,0.717948717948718,3,nvidia/Llama-3.3-70B-Instruct-NVFP4,p2
spirit,11,0.7272727272727273,0.717948717948718,3,nvidia/Llama-3.3-70B-Instruct-NVFP4,p2
aside,11,0.7272727272727273,0.717948717948718,3,nvidia/Llama-3.3-70B-Instruct-NVFP4,p2
cutting,18,0.7222222222222222,0.7213622291021672,5,nvidia/Llama-3.3-70B-Instruct-NVFP4,p2
puff,15,0.7333333333333333,0.7222222222222222,4,nvidia/Llama-3.3-70B-Instruct-NVFP4,p2
flash,15,0.7333333333333333,0.7222222222222222,4,nvidia/Llama-3.3-70B-Instruct-NVFP4,p2
contract,15,0.7333333333333333,0.7222222222222222,4,nvidia/Llama-3.3-70B-Instruct-NVFP4,p2
care,11,0.7272727272727273,0.7272727272727273,3,nvidia/Llama-3.3-70B-Instruct-NVFP4,p2
aroused,11,0.7272727272727273,0.7272727272727273,3,nvidia/Llama-3.3-70B-Instruct-NVFP4,p2
pace,15,0.7333333333333333,0.7321428571428572,4,nvidia/Llama-3.3-70B-Instruct-NVFP4,p2
whistle,15,0.7333333333333333,0.7321428571428572,4,nvidia/Llama-3.3-70B-Instruct-NVFP4,p2
miss,15,0.7333333333333333,0.7321428571428572,4,nvidia/Llama-3.3-70B-Instruct-NVFP4,p2
good,8,0.75,0.7333333333333334,2,nvidia/Llama-3.3-70B-Instruct-NVFP4,p2
approximation,8,0.75,0.7333333333333334,2,nvidia/Llama-3.3-70B-Instruct-NVFP4,p2
detached,12,0.75,0.7333333333333334,3,nvidia/Llama-3.3-70B-Instruct-NVFP4,p2
heritage,8,0.75,0.7333333333333334,2,nvidia/Llama-3.3-70B-Instruct-NVFP4,p2
graphic,8,0.75,0.7333333333333334,2,nvidia/Llama-3.3-70B-Instruct-NVFP4,p2
boil,8,0.75,0.7333333333333334,2,nvidia/Llama-3.3-70B-Instruct-NVFP4,p2
blunt,8,0.75,0.7333333333333334,2,nvidia/Llama-3.3-70B-Instruct-NVFP4,p2
border,8,0.75,0.7333333333333334,2,nvidia/Llama-3.3-70B-Instruct-NVFP4,p2
glow,20,0.75,0.7333333333333334,5,nvidia/Llama-3.3-70B-Instruct-NVFP4,p2
cartridge,8,0.75,0.7333333333333334,2,nvidia/Llama-3.3-70B-Instruct-NVFP4,p2
role,8,0.75,0.7333333333333334,2,nvidia/Llama-3.3-70B-Instruct-NVFP4,p2
ridge,8,0.75,0.7333333333333334,2,nvidia/Llama-3.3-70B-Instruct-NVFP4,p2
residence,8,0.75,0.7333333333333334,2,nvidia/Llama-3.3-70B-Instruct-NVFP4,p2
lightness,12,0.75,0.7333333333333334,3,nvidia/Llama-3.3-70B-Instruct-NVFP4,p2
excuse,8,0.75,0.7333333333333334,2,nvidia/Llama-3.3-70B-Instruct-NVFP4,p2
wish,8,0.75,0.7333333333333334,2,nvidia/Llama-3.3-70B-Instruct-NVFP4,p2
legitimate,8,0.75,0.7333333333333334,2,nvidia/Llama-3.3-70B-Instruct-NVFP4,p2
bend,12,0.75,0.7333333333333334,3,nvidia/Llama-3.3-70B-Instruct-NVFP4,p2
recruit,8,0.75,0.7333333333333334,2,nvidia/Llama-3.3-70B-Instruct-NVFP4,p2
manifestation,8,0.75,0.7333333333333334,2,nvidia/Llama-3.3-70B-Instruct-NVFP4,p2
mission,8,0.75,0.7333333333333334,2,nvidia/Llama-3.3-70B-Instruct-NVFP4,p2
repeat,12,0.75,0.7333333333333334,3,nvidia/Llama-3.3-70B-Instruct-NVFP4,p2
middle,8,0.75,0.7333333333333334,2,nvidia/Llama-3.3-70B-Instruct-NVFP4,p2
endorsement,8,0.75,0.7333333333333334,2,nvidia/Llama-3.3-70B-Instruct-NVFP4,p2
master,20,0.75,0.7333333333333334,5,nvidia/Llama-3.3-70B-Instruct-NVFP4,p2
tolerance,8,0.75,0.7333333333333334,2,nvidia/Llama-3.3-70B-Instruct-NVFP4,p2
stand_for,8,0.75,0.7333333333333334,2,nvidia/Llama-3.3-70B-Instruct-NVFP4,p2
bring_up,12,0.75,0.7333333333333334,3,nvidia/Llama-3.3-70B-Instruct-NVFP4,p2
tolerant,8,0.75,0.7333333333333334,2,nvidia/Llama-3.3-70B-Instruct-NVFP4,p2
command,8,0.75,0.7333333333333334,2,nvidia/Llama-3.3-70B-Instruct-NVFP4,p2
cock,8,0.75,0.7333333333333334,2,nvidia/Llama-3.3-70B-Instruct-NVFP4,p2
tip,8,0.75,0.7333333333333334,2,nvidia/Llama-3.3-70B-Instruct-NVFP4,p2
question,8,0.75,0.7333333333333334,2,nvidia/Llama-3.3-70B-Instruct-NVFP4,p2
theme,8,0.75,0.7333333333333334,2,nvidia/Llama-3.3-70B-Instruct-NVFP4,p2
journal,8,0.75,0.7333333333333334,2,nvidia/Llama-3.3-70B-Instruct-NVFP4,p2
recover,12,0.75,0.7333333333333334,3,nvidia/Llama-3.3-70B-Instruct-NVFP4,p2
target,8,0.75,0.7333333333333334,2,nvidia/Llama-3.3-70B-Instruct-NVFP4,p2
stir_up,8,0.75,0.7333333333333334,2,nvidia/Llama-3.3-70B-Instruct-NVFP4,p2
sweet,16,0.75,0.7333333333333334,4,nvidia/Llama-3.3-70B-Instruct-NVFP4,p2
alarm,8,0.75,0.7333333333333334,2,nvidia/Llama-3.3-70B-Instruct-NVFP4,p2
amplify,8,0.75,0.7333333333333334,2,nvidia/Llama-3.3-70B-Instruct-NVFP4,p2
indicator,8,0.75,0.7333333333333334,2,nvidia/Llama-3.3-70B-Instruct-NVFP4,p2
illustration,8,0.75,0.7333333333333334,2,nvidia/Llama-3.3-70B-Instruct-NVFP4,p2
ill,8,0.75,0.7333333333333334,2,nvidia/Llama-3.3-70B-Instruct-NVFP4,p2
cut_short,8,0.75,0.7333333333333334,2,nvidia/Llama-3.3-70B-Instruct-NVFP4,p2
disperse,12,0.75,0.7333333333333334,3,nvidia/Llama-3.3-70B-Instruct-NVFP4,p2
diverge,8,0.75,0.7333333333333334,2,nvidia/Llama-3.3-70B-Instruct-NVFP4,p2
prescription,8,0.75,0.7333333333333334,2,nvidia/Llama-3.3-70B-Instruct-NVFP4,p2
precious,8,0.75,0.7333333333333334,2,nvidia/Llama-3.3-70B-Instruct-NVFP4,p2
fortify,8,0.75,0.7333333333333334,2,nvidia/Llama-3.3-70B-Instruct-NVFP4,p2
dark,8,0.75,0.7333333333333334,2,nvidia/Llama-3.3-70B-Instruct-NVFP4,p2
pay_off,12,0.75,0.7333333333333334,3,nvidia/Llama-3.3-70B-Instruct-NVFP4,p2
dispatch,8,0.75,0.7333333333333334,2,nvidia/Llama-3.3-70B-Instruct-NVFP4,p2
oppose,12,0.75,0.7333333333333334,3,nvidia/Llama-3.3-70B-Instruct-NVFP4,p2
notice,12,0.75,0.7333333333333334,3,nvidia/Llama-3.3-70B-Instruct-NVFP4,p2
propagate,12,0.75,0.7333333333333334,3,nvidia/Llama-3.3-70B-Instruct-NVFP4,p2
shear,8,0.75,0.7333333333333334,2,nvidia/Llama-3.3-70B-Instruct-NVFP4,p2
pillar,8,0.75,0.7333333333333334,2,nvidia/Llama-3.3-70B-Instruct-NVFP4,p2
crude,12,0.75,0.7333333333333334,3,nvidia/Llama-3.3-70B-Instruct-NVFP4,p2
cult,8,0.75,0.7333333333333334,2,nvidia/Llama-3.3-70B-Instruct-NVFP4,p2
seize,16,0.75,0.7333333333333334,4,nvidia/Llama-3.3-70B-Instruct-NVFP4,p2
instruction,8,0.75,0.7333333333333334,2,nvidia/Llama-3.3-70B-Instruct-NVFP4,p2
rubber,8,0.75,0.7333333333333334,2,nvidia/Llama-3.3-70B-Instruct-NVFP4,p2
serious,8,0.75,0.7333333333333334,2,nvidia/Llama-3.3-70B-Instruct-NVFP4,p2
smoothness,8,0.75,0.7333333333333334,2,nvidia/Llama-3.3-70B-Instruct-NVFP4,p2
skip,8,0.75,0.7333333333333334,2,nvidia/Llama-3.3-70B-Instruct-NVFP4,p2
vector,8,0.75,0.7333333333333334,2,nvidia/Llama-3.3-70B-Instruct-NVFP4,p2
caste,8,0.75,0.7333333333333334,2,nvidia/Llama-3.3-70B-Instruct-NVFP4,p2
straight,24,0.75,0.7428571428571429,6,nvidia/Llama-3.3-70B-Instruct-NVFP4,p2
set_up,20,0.75,0.7442455242966752,5,nvidia/Llama-3.3-70B-Instruct-NVFP4,p2
delicacy,13,0.7692307692307693,0.7450980392156863,3,nvidia/Llama-3.3-70B-Instruct-NVFP4,p2
execute,13,0.7692307692307693,0.7450980392156863,3,nvidia/Llama-3.3-70B-Instruct-NVFP4,p2
model,16,0.75,0.746031746031746,4,nvidia/Llama-3.3-70B-Instruct-NVFP4,p2
separation,16,0.75,0.746031746031746,4,nvidia/Llama-3.3-70B-Instruct-NVFP4,p2
cycle,12,0.75,0.7482517482517483,3,nvidia/Llama-3.3-70B-Instruct-NVFP4,p2
last,12,0.75,0.7482517482517483,3,nvidia/Llama-3.3-70B-Instruct-NVFP4,p2
convey,12,0.75,0.7482517482517483,3,nvidia/Llama-3.3-70B-Instruct-NVFP4,p2
break_up,24,0.75,0.7482517482517483,6,nvidia/Llama-3.3-70B-Instruct-NVFP4,p2
orientation,12,0.75,0.7482517482517483,3,nvidia/Llama-3.3-70B-Instruct-NVFP4,p2
keep_up,9,0.7777777777777778,0.75,2,nvidia/Llama-3.3-70B-Instruct-NVFP4,p2
touch,24,0.75,0.75,6,nvidia/Llama-3.3-70B-Instruct-NVFP4,p2
spring,8,0.75,0.75,2,nvidia/Llama-3.3-70B-Instruct-NVFP4,p2
terminal,8,0.75,0.75,2,nvidia/Llama-3.3-70B-Instruct-NVFP4,p2
reform,8,0.75,0.75,2,nvidia/Llama-3.3-70B-Instruct-NVFP4,p2
hover,8,0.75,0.75,2,nvidia/Llama-3.3-70B-Instruct-NVFP4,p2
bolt,9,0.7777777777777778,0.75,2,nvidia/Llama-3.3-70B-Instruct-NVFP4,p2
wisdom,9,0.7777777777777778,0.75,2,nvidia/Llama-3.3-70B-Instruct-NVFP4,p2
dust,8,0.75,0.75,2,nvidia/Llama-3.3-70B-Instruct-NVFP4,p2
identity,8,0.75,0.75,2,nvidia/Llama-3.3-70B-Instruct-NVFP4,p2
skim,9,0.7777777777777778,0.75,2,nvidia/Llama-3.3-70B-Instruct-NVFP4,p2
certify,8,0.75,0.75,2,nvidia/Llama-3.3-70B-Instruct-NVFP4,p2
short,8,0.75,0.75,2,nvidia/Llama-3.3-70B-Instruct-NVFP4,p2
sum,9,0.7777777777777778,0.75,2,nvidia/Llama-3.3-70B-Instruct-NVFP4,p2
break_off,8,0.75,0.75,2,nvidia/Llama-3.3-70B-Instruct-NVFP4,p2
domestic,8,0.75,0.75,2,nvidia/Llama-3.3-70B-Instruct-NVFP4,p2
shift,37,0.7567567567567568,0.756043956043956,9,nvidia/Llama-3.3-70B-Instruct-NVFP4,p2
slide,17,0.7647058823529411,0.7571428571428571,4,nvidia/Llama-3.3-70B-Instruct-NVFP4,p2
living,17,0.7647058823529411,0.7571428571428571,4,nvidia/Llama-3.3-70B-Instruct-NVFP4,p2
retreat,22,0.7727272727272727,0.7603485838779956,5,nvidia/Llama-3.3-70B-Instruct-NVFP4,p2
scallop,5,0.8,0.7619047619047619,1,nvidia/Llama-3.3-70B-Instruct-NVFP4,p2
cusp,5,0.8,0.7619047619047619,1,nvidia/Llama-3.3-70B-Instruct-NVFP4,p2
imitative,5,0.8,0.7619047619047619,1,nvidia/Llama-3.3-70B-Instruct-NVFP4,p2
packing,5,0.8,0.7619047619047619,1,nvidia/Llama-3.3-70B-Instruct-NVFP4,p2
crook,5,0.8,0.7619047619047619,1,nvidia/Llama-3.3-70B-Instruct-NVFP4,p2
innovation,5,0.8,0.7619047619047619,1,nvidia/Llama-3.3-70B-Instruct-NVFP4,p2
bosom,5,0.8,0.7619047619047619,1,nvidia/Llama-3.3-70B-Instruct-NVFP4,p2
bitterness,5,0.8,0.7619047619047619,1,nvidia/Llama-3.3-70B-Instruct-NVFP4,p2
pathological,5,0.8,0.7619047619047619,1,nvidia/Llama-3.3-70B-Instruct-NVFP4,p2
chatter,5,0.8,0.7619047619047619,1,nvidia/Llama-3.3-70B-Instruct-NVFP4,p2
pursuit,5,0.8,0.7619047619047619,1,nvidia/Llama-3.3-70B-Instruct-NVFP4,p2
innocence,5,0.8,0.7619047619047619,1,nvidia/Llama-3.3-70B-Instruct-NVFP4,p2
path,5,0.8,0.7619047619047619,1,nvidia/Llama-3.3-70B-Instruct-NVFP4,p2
carrot,5,0.8,0.7619047619047619,1,nvidia/Llama-3.3-70B-Instruct-NVFP4,p2
irritate,5,0.8,0.7619047619047619,1,nvidia/Llama-3.3-70B-Instruct-NVFP4,p2
thought,5,0.8,0.7619047619047619,1,nvidia/Llama-3.3-70B-Instruct-NVFP4,p2
grievance,5,0.8,0.7619047619047619,1,nvidia/Llama-3.3-70B-Instruct-NVFP4,p2
threat,5,0.8,0.7619047619047619,1,nvidia/Llama-3.3-70B-Instruct-NVFP4,p2
trouble,17,0.7647058823529411,0.7638888888888888,4,nvidia/Llama-3.3-70B-Instruct-NVFP4,p2
submit,18,0.7777777777777778,0.7662337662337663,4,nvidia/Llama-3.3-70B-Instruct-NVFP4,p2
trace,22,0.7727272727272727,0.7684210526315789,5,nvidia/Llama-3.3-70B-Instruct-NVFP4,p2
impress,13,0.7692307692307693,0.7692307692307693,3,nvidia/Llama-3.3-70B-Instruct-NVFP4,p2
extinction,9,0.7777777777777778,0.775,2,nvidia/Llama-3.3-70B-Instruct-NVFP4,p2
boss,9,0.7777777777777778,0.775,2,nvidia/Llama-3.3-70B-Instruct-NVFP4,p2
spell,9,0.7777777777777778,0.775,2,nvidia/Llama-3.3-70B-Instruct-NVFP4,p2
stiffness,9,0.7777777777777778,0.775,2,nvidia/Llama-3.3-70B-Instruct-NVFP4,p2
memory,9,0.7777777777777778,0.775,2,nvidia/Llama-3.3-70B-Instruct-NVFP4,p2
stake,9,0.7777777777777778,0.775,2,nvidia/Llama-3.3-70B-Instruct-NVFP4,p2
review,18,0.7777777777777778,0.775,4,nvidia/Llama-3.3-70B-Instruct-NVFP4,p2
dash,18,0.7777777777777778,0.775,4,nvidia/Llama-3.3-70B-Instruct-NVFP4,p2
commitment,9,0.7777777777777778,0.775,2,nvidia/Llama-3.3-70B-Instruct-NVFP4,p2
assembly,9,0.7777777777777778,0.775,2,nvidia/Llama-3.3-70B-Instruct-NVFP4,p2
composition,18,0.7777777777777778,0.775,4,nvidia/Llama-3.3-70B-Instruct-NVFP4,p2
resolve,9,0.7777777777777778,0.775,2,nvidia/Llama-3.3-70B-Instruct-NVFP4,p2
settlement,9,0.7777777777777778,0.775,2,nvidia/Llama-3.3-70B-Instruct-NVFP4,p2
square,14,0.7857142857142857,0.7754010695187166,3,nvidia/Llama-3.3-70B-Instruct-NVFP4,p2
take_away,14,0.7857142857142857,0.7754010695187166,3,nvidia/Llama-3.3-70B-Instruct-NVFP4,p2
stretch,28,0.7857142857142857,0.7754010695187166,6,nvidia/Llama-3.3-70B-Instruct-NVFP4,p2
perch,14,0.7857142857142857,0.7754010695187166,3,nvidia/Llama-3.3-70B-Instruct-NVFP4,p2
sanction,14,0.7857142857142857,0.7754010695187166,3,nvidia/Llama-3.3-70B-Instruct-NVFP4,p2
security,14,0.7857142857142857,0.7754010695187166,3,nvidia/Llama-3.3-70B-Instruct-NVFP4,p2
presentation,14,0.7857142857142857,0.7754010695187166,3,nvidia/Llama-3.3-70B-Instruct-NVFP4,p2
pledge,14,0.7857142857142857,0.7754010695187166,3,nvidia/Llama-3.3-70B-Instruct-NVFP4,p2
search,6,0.8333333333333334,0.7777777777777777,1,nvidia/Llama-3.3-70B-Instruct-NVFP4,p2
expression,18,0.7777777777777778,0.7777777777777778,4,nvidia/Llama-3.3-70B-Instruct-NVFP4,p2
take_out,23,0.782608695652174,0.780952380952381,5,nvidia/Llama-3.3-70B-Instruct-NVFP4,p2
comfort,14,0.7857142857142857,0.7846153846153847,3,nvidia/Llama-3.3-70B-Instruct-NVFP4,p2
grow,14,0.7857142857142857,0.7846153846153847,3,nvidia/Llama-3.3-70B-Instruct-NVFP4,p2
regenerate,15,0.8,0.784688995215311,3,nvidia/Llama-3.3-70B-Instruct-NVFP4,p2
experience,15,0.8,0.784688995215311,3,nvidia/Llama-3.3-70B-Instruct-NVFP4,p2
loose,24,0.7916666666666666,0.7883597883597884,5,nvidia/Llama-3.3-70B-Instruct-NVFP4,p2
freshness,10,0.8,0.7916666666666667,2,nvidia/Llama-3.3-70B-Instruct-NVFP4,p2
chafe,10,0.8,0.7916666666666667,2,nvidia/Llama-3.3-70B-Instruct-NVFP4,p2
yoke,10,0.8,0.7916666666666667,2,nvidia/Llama-3.3-70B-Instruct-NVFP4,p2
upset,10,0.8,0.7916666666666667,2,nvidia/Llama-3.3-70B-Instruct-NVFP4,p2
shrink,10,0.8,0.7916666666666667,2,nvidia/Llama-3.3-70B-Instruct-NVFP4,p2
familiarity,10,0.8,0.7916666666666667,2,nvidia/Llama-3.3-70B-Instruct-NVFP4,p2
ordinary,10,0.8,0.7916666666666667,2,nvidia/Llama-3.3-70B-Instruct-NVFP4,p2
decline,10,0.8,0.7916666666666667,2,nvidia/Llama-3.3-70B-Instruct-NVFP4,p2
storm,10,0.8,0.7916666666666667,2,nvidia/Llama-3.3-70B-Instruct-NVFP4,p2
isolated,10,0.8,0.7916666666666667,2,nvidia/Llama-3.3-70B-Instruct-NVFP4,p2
reinforcement,10,0.8,0.7916666666666667,2,nvidia/Llama-3.3-70B-Instruct-NVFP4,p2
intrusion,10,0.8,0.7916666666666667,2,nvidia/Llama-3.3-70B-Instruct-NVFP4,p2
refer,10,0.8,0.7916666666666667,2,nvidia/Llama-3.3-70B-Instruct-NVFP4,p2
harmony,10,0.8,0.7916666666666667,2,nvidia/Llama-3.3-70B-Instruct-NVFP4,p2
go_off,10,0.8,0.7916666666666667,2,nvidia/Llama-3.3-70B-Instruct-NVFP4,p2
exercise,10,0.8,0.7916666666666667,2,nvidia/Llama-3.3-70B-Instruct-NVFP4,p2
wind,10,0.8,0.7916666666666667,2,nvidia/Llama-3.3-70B-Instruct-NVFP4,p2
appreciation,10,0.8,0.7916666666666667,2,nvidia/Llama-3.3-70B-Instruct-NVFP4,p2
rail,10,0.8,0.7916666666666667,2,nvidia/Llama-3.3-70B-Instruct-NVFP4,p2
still,10,0.8,0.7916666666666667,2,nvidia/Llama-3.3-70B-Instruct-NVFP4,p2
inside,10,0.8,0.7916666666666667,2,nvidia/Llama-3.3-70B-Instruct-NVFP4,p2
recess,10,0.8,0.7916666666666667,2,nvidia/Llama-3.3-70B-Instruct-NVFP4,p2
tenor,10,0.8,0.7916666666666667,2,nvidia/Llama-3.3-70B-Instruct-NVFP4,p2
creation,10,0.8,0.7916666666666667,2,nvidia/Llama-3.3-70B-Instruct-NVFP4,p2
boost,10,0.8,0.7916666666666667,2,nvidia/Llama-3.3-70B-Instruct-NVFP4,p2
fill_out,10,0.8,0.7916666666666667,2,nvidia/Llama-3.3-70B-Instruct-NVFP4,p2
knock_out,10,0.8,0.7916666666666667,2,nvidia/Llama-3.3-70B-Instruct-NVFP4,p2
reservation,10,0.8,0.7916666666666667,2,nvidia/Llama-3.3-70B-Instruct-NVFP4,p2
consume,10,0.8,0.7916666666666667,2,nvidia/Llama-3.3-70B-Instruct-NVFP4,p2
restraint,10,0.8,0.7916666666666667,2,nvidia/Llama-3.3-70B-Instruct-NVFP4,p2
stick,30,0.8,0.7963800904977376,6,nvidia/Llama-3.3-70B-Instruct-NVFP4,p2
spin,15,0.8,0.7963800904977376,3,nvidia/Llama-3.3-70B-Instruct-NVFP4,p2
medium,20,0.8,0.797979797979798,4,nvidia/Llama-3.3-70B-Instruct-NVFP4,p2
corner,20,0.8,0.797979797979798,4,nvidia/Llama-3.3-70B-Instruct-NVFP4,p2
make_out,10,0.8,0.8,2,nvidia/Llama-3.3-70B-Instruct-NVFP4,p2
trough,10,0.8,0.8,2,nvidia/Llama-3.3-70B-Instruct-NVFP4,p2
hitch,10,0.8,0.8,2,nvidia/Llama-3.3-70B-Instruct-NVFP4,p2
alpine,5,0.8,0.8,1,nvidia/Llama-3.3-70B-Instruct-NVFP4,p2
affairs,10,0.8,0.8,2,nvidia/Llama-3.3-70B-Instruct-NVFP4,p2
ward,10,0.8,0.8,2,nvidia/Llama-3.3-70B-Instruct-NVFP4,p2
cancel,5,0.8,0.8,1,nvidia/Llama-3.3-70B-Instruct-NVFP4,p2
celebrate,5,0.8,0.8,1,nvidia/Llama-3.3-70B-Instruct-NVFP4,p2
caller,10,0.8,0.8,2,nvidia/Llama-3.3-70B-Instruct-NVFP4,p2
industry,5,0.8,0.8,1,nvidia/Llama-3.3-70B-Instruct-NVFP4,p2
raspberry,5,0.8,0.8,1,nvidia/Llama-3.3-70B-Instruct-NVFP4,p2
marker,5,0.8,0.8,1,nvidia/Llama-3.3-70B-Instruct-NVFP4,p2
concession,5,0.8,0.8,1,nvidia/Llama-3.3-70B-Instruct-NVFP4,p2
bald,5,0.8,0.8,1,nvidia/Llama-3.3-70B-Instruct-NVFP4,p2
hoop,5,0.8,0.8,1,nvidia/Llama-3.3-70B-Instruct-NVFP4,p2
toothed,5,0.8,0.8,1,nvidia/Llama-3.3-70B-Instruct-NVFP4,p2
odd,10,0.8,0.8,2,nvidia/Llama-3.3-70B-Instruct-NVFP4,p2
monopoly,5,0.8,0.8,1,nvidia/Llama-3.3-70B-Instruct-NVFP4,p2
fertility,5,0.8,0.8,1,nvidia/Llama-3.3-70B-Instruct-NVFP4,p2
chorus,5,0.8,0.8,1,nvidia/Llama-3.3-70B-Instruct-NVFP4,p2
product,10,0.8,0.8,2,nvidia/Llama-3.3-70B-Instruct-NVFP4,p2
pound,10,0.8,0.8,2,nvidia/Llama-3.3-70B-Instruct-NVFP4,p2
forced,5,0.8,0.8,1,nvidia/Llama-3.3-70B-Instruct-NVFP4,p2
dare,5,0.8,0.8,1,nvidia/Llama-3.3-70B-Instruct-NVFP4,p2
youth,10,0.8,0.8,2,nvidia/Llama-3.3-70B-Instruct-NVFP4,p2
up,10,0.8,0.8,2,nvidia/Llama-3.3-70B-Instruct-NVFP4,p2
hop,11,0.8181818181818182,0.8035714285714286,2,nvidia/Llama-3.3-70B-Instruct-NVFP4,p2
subject,11,0.8181818181818182,0.8035714285714286,2,nvidia/Llama-3.3-70B-Instruct-NVFP4,p2
flare,11,0.8181818181818182,0.8035714285714286,2,nvidia/Llama-3.3-70B-Instruct-NVFP4,p2
cross,11,0.8181818181818182,0.8035714285714286,2,nvidia/Llama-3.3-70B-Instruct-NVFP4,p2
find,21,0.8095238095238095,0.8055555555555556,4,nvidia/Llama-3.3-70B-Instruct-NVFP4,p2
work_out,16,0.8125,0.8056680161943319,3,nvidia/Llama-3.3-70B-Instruct-NVFP4,p2
land,16,0.8125,0.8056680161943319,3,nvidia/Llama-3.3-70B-Instruct-NVFP4,p2
heave,16,0.8125,0.8056680161943319,3,nvidia/Llama-3.3-70B-Instruct-NVFP4,p2
occupy,16,0.8125,0.8056680161943319,3,nvidia/Llama-3.3-70B-Instruct-NVFP4,p2
ground,26,0.8076923076923077,0.8074074074074074,5,nvidia/Llama-3.3-70B-Instruct-NVFP4,p2
clear,37,0.8108108108108109,0.8085735402808574,7,nvidia/Llama-3.3-70B-Instruct-NVFP4,p2
piece,21,0.8095238095238095,0.8090909090909091,4,nvidia/Llama-3.3-70B-Instruct-NVFP4,p2
blast,27,0.8148148148148148,0.8106591865357644,5,nvidia/Llama-3.3-70B-Instruct-NVFP4,p2
discharge,16,0.8125,0.8117647058823529,3,nvidia/Llama-3.3-70B-Instruct-NVFP4,p2
carrier,16,0.8125,0.8117647058823529,3,nvidia/Llama-3.3-70B-Instruct-NVFP4,p2
grounds,22,0.8181818181818182,0.811965811965812,4,nvidia/Llama-3.3-70B-Instruct-NVFP4,p2
connect,22,0.8181818181818182,0.811965811965812,4,nvidia/Llama-3.3-70B-Instruct-NVFP4,p2
suffer,17,0.8235294117647058,0.8131868131868132,3,nvidia/Llama-3.3-70B-Instruct-NVFP4,p2
wedge,11,0.8181818181818182,0.8166666666666667,2,nvidia/Llama-3.3-70B-Instruct-NVFP4,p2
sight,11,0.8181818181818182,0.8166666666666667,2,nvidia/Llama-3.3-70B-Instruct-NVFP4,p2
twist,39,0.8205128205128205,0.8186046511627907,7,nvidia/Llama-3.3-70B-Instruct-NVFP4,p2
capture,18,0.8333333333333334,0.8193979933110368,3,nvidia/Llama-3.3-70B-Instruct-NVFP4,p2
force,17,0.8235294117647058,0.8210526315789474,3,nvidia/Llama-3.3-70B-Instruct-NVFP4,p2
label,17,0.8235294117647058,0.8210526315789474,3,nvidia/Llama-3.3-70B-Instruct-NVFP4,p2
title,17,0.8235294117647058,0.8210526315789474,3,nvidia/Llama-3.3-70B-Instruct-NVFP4,p2
deal,23,0.8260869565217391,0.823076923076923,4,nvidia/Llama-3.3-70B-Instruct-NVFP4,p2
crash,23,0.8260869565217391,0.823076923076923,4,nvidia/Llama-3.3-70B-Instruct-NVFP4,p2
passage,17,0.8235294117647058,0.8235294117647058,3,nvidia/Llama-3.3-70B-Instruct-NVFP4,p2
dip,41,0.8292682926829268,0.8255319148936171,7,nvidia/Llama-3.3-70B-Instruct-NVFP4,p2
bow,23,0.8260869565217391,0.8257575757575758,4,nvidia/Llama-3.3-70B-Instruct-NVFP4,p2
assessment,6,0.8333333333333334,0.8285714285714285,1,nvidia/Llama-3.3-70B-Instruct-NVFP4,p2
assignment,12,0.8333333333333334,0.8285714285714285,2,nvidia/Llama-3.3-70B-Instruct-NVFP4,p2
assimilate,6,0.8333333333333334,0.8285714285714285,1,nvidia/Llama-3.3-70B-Instruct-NVFP4,p2
variable,6,0.8333333333333334,0.8285714285714285,1,nvidia/Llama-3.3-70B-Instruct-NVFP4,p2
turn_away,6,0.8333333333333334,0.8285714285714285,1,nvidia/Llama-3.3-70B-Instruct-NVFP4,p2
arch,6,0.8333333333333334,0.8285714285714285,1,nvidia/Llama-3.3-70B-Instruct-NVFP4,p2
antiquity,6,0.8333333333333334,0.8285714285714285,1,nvidia/Llama-3.3-70B-Instruct-NVFP4,p2
affair,6,0.8333333333333334,0.8285714285714285,1,nvidia/Llama-3.3-70B-Instruct-NVFP4,p2
distribution,6,0.8333333333333334,0.8285714285714285,1,nvidia/Llama-3.3-70B-Instruct-NVFP4,p2
decay,6,0.8333333333333334,0.8285714285714285,1,nvidia/Llama-3.3-70B-Instruct-NVFP4,p2
cylinder,6,0.8333333333333334,0.8285714285714285,1,nvidia/Llama-3.3-70B-Instruct-NVFP4,p2
mold,12,0.8333333333333334,0.8285714285714285,2,nvidia/Llama-3.3-70B-Instruct-NVFP4,p2
oppression,6,0.8333333333333334,0.8285714285714285,1,nvidia/Llama-3.3-70B-Instruct-NVFP4,p2
once,6,0.8333333333333334,0.8285714285714285,1,nvidia/Llama-3.3-70B-Instruct-NVFP4,p2
veil,6,0.8333333333333334,0.8285714285714285,1,nvidia/Llama-3.3-70B-Instruct-NVFP4,p2
visibility,6,0.8333333333333334,0.8285714285714285,1,nvidia/Llama-3.3-70B-Instruct-NVFP4,p2
wattle,6,0.8333333333333334,0.8285714285714285,1,nvidia/Llama-3.3-70B-Instruct-NVFP4,p2
adoption,6,0.8333333333333334,0.8285714285714285,1,nvidia/Llama-3.3-70B-Instruct-NVFP4,p2
down,12,0.8333333333333334,0.8285714285714285,2,nvidia/Llama-3.3-70B-Instruct-NVFP4,p2
bead,6,0.8333333333333334,0.8285714285714285,1,nvidia/Llama-3.3-70B-Instruct-NVFP4,p2
cultural,6,0.8333333333333334,0.8285714285714285,1,nvidia/Llama-3.3-70B-Instruct-NVFP4,p2
idol,6,0.8333333333333334,0.8285714285714285,1,nvidia/Llama-3.3-70B-Instruct-NVFP4,p2
immune,6,0.8333333333333334,0.8285714285714285,1,nvidia/Llama-3.3-70B-Instruct-NVFP4,p2
garbage,6,0.8333333333333334,0.8285714285714285,1,nvidia/Llama-3.3-70B-Instruct-NVFP4,p2
franchise,6,0.8333333333333334,0.8285714285714285,1,nvidia/Llama-3.3-70B-Instruct-NVFP4,p2
incorporate,6,0.8333333333333334,0.8285714285714285,1,nvidia/Llama-3.3-70B-Instruct-NVFP4,p2
sensibility,6,0.8333333333333334,0.8285714285714285,1,nvidia/Llama-3.3-70B-Instruct-NVFP4,p2
induction,12,0.8333333333333334,0.8285714285714285,2,nvidia/Llama-3.3-70B-Instruct-NVFP4,p2
shroud,6,0.8333333333333334,0.8285714285714285,1,nvidia/Llama-3.3-70B-Instruct-NVFP4,p2
sinus,6,0.8333333333333334,0.8285714285714285,1,nvidia/Llama-3.3-70B-Instruct-NVFP4,p2
charity,6,0.8333333333333334,0.8285714285714285,1,nvidia/Llama-3.3-70B-Instruct-NVFP4,p2
acquaintance,6,0.8333333333333334,0.8285714285714285,1,nvidia/Llama-3.3-70B-Instruct-NVFP4,p2
propagation,6,0.8333333333333334,0.8285714285714285,1,nvidia/Llama-3.3-70B-Instruct-NVFP4,p2
cloudy,6,0.8333333333333334,0.8285714285714285,1,nvidia/Llama-3.3-70B-Instruct-NVFP4,p2
crossing,12,0.8333333333333334,0.8285714285714285,2,nvidia/Llama-3.3-70B-Instruct-NVFP4,p2
studio,6,0.8333333333333334,0.8285714285714285,1,nvidia/Llama-3.3-70B-Instruct-NVFP4,p2
purse,6,0.8333333333333334,0.8285714285714285,1,nvidia/Llama-3.3-70B-Instruct-NVFP4,p2
preference,6,0.8333333333333334,0.8285714285714285,1,nvidia/Llama-3.3-70B-Instruct-NVFP4,p2
custody,6,0.8333333333333334,0.8285714285714285,1,nvidia/Llama-3.3-70B-Instruct-NVFP4,p2
inferiority,6,0.8333333333333334,0.8285714285714285,1,nvidia/Llama-3.3-70B-Instruct-NVFP4,p2
cod,6,0.8333333333333334,0.8285714285714285,1,nvidia/Llama-3.3-70B-Instruct-NVFP4,p2
expectation,6,0.8333333333333334,0.8285714285714285,1,nvidia/Llama-3.3-70B-Instruct-NVFP4,p2
elder,6,0.8333333333333334,0.8285714285714285,1,nvidia/Llama-3.3-70B-Instruct-NVFP4,p2
dull,18,0.8333333333333334,0.8285714285714285,3,nvidia/Llama-3.3-70B-Instruct-NVFP4,p2
closet,6,0.8333333333333334,0.8285714285714285,1,nvidia/Llama-3.3-70B-Instruct-NVFP4,p2
dwell,6,0.8333333333333334,0.8285714285714285,1,nvidia/Llama-3.3-70B-Instruct-NVFP4,p2
economical,6,0.8333333333333334,0.8285714285714285,1,nvidia/Llama-3.3-70B-Instruct-NVFP4,p2
manual,6,0.8333333333333334,0.8285714285714285,1,nvidia/Llama-3.3-70B-Instruct-NVFP4,p2
run_out,12,0.8333333333333334,0.8285714285714285,2,nvidia/Llama-3.3-70B-Instruct-NVFP4,p2
fellowship,6,0.8333333333333334,0.8285714285714285,1,nvidia/Llama-3.3-70B-Instruct-NVFP4,p2
feminine,6,0.8333333333333334,0.8285714285714285,1,nvidia/Llama-3.3-70B-Instruct-NVFP4,p2
installation,6,0.8333333333333334,0.8285714285714285,1,nvidia/Llama-3.3-70B-Instruct-NVFP4,p2
optical,6,0.8333333333333334,0.8285714285714285,1,nvidia/Llama-3.3-70B-Instruct-NVFP4,p2
indulgence,6,0.8333333333333334,0.8285714285714285,1,nvidia/Llama-3.3-70B-Instruct-NVFP4,p2
multiplication,6,0.8333333333333334,0.8285714285714285,1,nvidia/Llama-3.3-70B-Instruct-NVFP4,p2
mortal,6,0.8333333333333334,0.8285714285714285,1,nvidia/Llama-3.3-70B-Instruct-NVFP4,p2
memorial,6,0.8333333333333334,0.8285714285714285,1,nvidia/Llama-3.3-70B-Instruct-NVFP4,p2
scrape,12,0.8333333333333334,0.8285714285714285,2,nvidia/Llama-3.3-70B-Instruct-NVFP4,p2
set_out,6,0.8333333333333334,0.8285714285714285,1,nvidia/Llama-3.3-70B-Instruct-NVFP4,p2
scene,18,0.8333333333333334,0.8285714285714285,3,nvidia/Llama-3.3-70B-Instruct-NVFP4,p2
fury,6,0.8333333333333334,0.8285714285714285,1,nvidia/Llama-3.3-70B-Instruct-NVFP4,p2
formulation,6,0.8333333333333334,0.8285714285714285,1,nvidia/Llama-3.3-70B-Instruct-NVFP4,p2
forth,6,0.8333333333333334,0.8285714285714285,1,nvidia/Llama-3.3-70B-Instruct-NVFP4,p2
interlock,6,0.8333333333333334,0.8285714285714285,1,nvidia/Llama-3.3-70B-Instruct-NVFP4,p2
conscious,6,0.8333333333333334,0.8285714285714285,1,nvidia/Llama-3.3-70B-Instruct-NVFP4,p2
exhibit,6,0.8333333333333334,0.8285714285714285,1,nvidia/Llama-3.3-70B-Instruct-NVFP4,p2
stamp,18,0.8333333333333334,0.8285714285714285,3,nvidia/Llama-3.3-70B-Instruct-NVFP4,p2
squire,6,0.8333333333333334,0.8285714285714285,1,nvidia/Llama-3.3-70B-Instruct-NVFP4,p2
balsam,6,0.8333333333333334,0.8285714285714285,1,nvidia/Llama-3.3-70B-Instruct-NVFP4,p2
sweetheart,6,0.8333333333333334,0.8285714285714285,1,nvidia/Llama-3.3-70B-Instruct-NVFP4,p2
reconstruction,6,0.8333333333333334,0.8285714285714285,1,nvidia/Llama-3.3-70B-Instruct-NVFP4,p2
recession,6,0.8333333333333334,0.8285714285714285,1,nvidia/Llama-3.3-70B-Instruct-NVFP4,p2
beset,6,0.8333333333333334,0.8285714285714285,1,nvidia/Llama-3.3-70B-Instruct-NVFP4,p2
junior,6,0.8333333333333334,0.8285714285714285,1,nvidia/Llama-3.3-70B-Instruct-NVFP4,p2
reservoir,6,0.8333333333333334,0.8285714285714285,1,nvidia/Llama-3.3-70B-Instruct-NVFP4,p2
knife,6,0.8333333333333334,0.8285714285714285,1,nvidia/Llama-3.3-70B-Instruct-NVFP4,p2
parity,6,0.8333333333333334,0.8285714285714285,1,nvidia/Llama-3.3-70B-Instruct-NVFP4,p2
relative,6,0.8333333333333334,0.8285714285714285,1,nvidia/Llama-3.3-70B-Instruct-NVFP4,p2
wart,6,0.8333333333333334,0.8285714285714285,1,nvidia/Llama-3.3-70B-Instruct-NVFP4,p2
arrangement,12,0.8333333333333334,0.8285714285714285,2,nvidia/Llama-3.3-70B-Instruct-NVFP4,p2
thorax,6,0.8333333333333334,0.8285714285714285,1,nvidia/Llama-3.3-70B-Instruct-NVFP4,p2
barrier,6,0.8333333333333334,0.8285714285714285,1,nvidia/Llama-3.3-70B-Instruct-NVFP4,p2
confederacy,6,0.8333333333333334,0.8285714285714285,1,nvidia/Llama-3.3-70B-Instruct-NVFP4,p2
liability,6,0.8333333333333334,0.8285714285714285,1,nvidia/Llama-3.3-70B-Instruct-NVFP4,p2
soften,12,0.8333333333333334,0.8285714285714285,2,nvidia/Llama-3.3-70B-Instruct-NVFP4,p2
eternity,6,0.8333333333333334,0.8285714285714285,1,nvidia/Llama-3.3-70B-Instruct-NVFP4,p2
limit,12,0.8333333333333334,0.8285714285714285,2,nvidia/Llama-3.3-70B-Instruct-NVFP4,p2
think_of,12,0.8333333333333334,0.8285714285714285,2,nvidia/Llama-3.3-70B-Instruct-NVFP4,p2
continental,6,0.8333333333333334,0.8285714285714285,1,nvidia/Llama-3.3-70B-Instruct-NVFP4,p2
engraving,6,0.8333333333333334,0.8285714285714285,1,nvidia/Llama-3.3-70B-Instruct-NVFP4,p2
parliamentary,6,0.8333333333333334,0.8285714285714285,1,nvidia/Llama-3.3-70B-Instruct-NVFP4,p2
suit,6,0.8333333333333334,0.8285714285714285,1,nvidia/Llama-3.3-70B-Instruct-NVFP4,p2
discriminate,6,0.8333333333333334,0.8285714285714285,1,nvidia/Llama-3.3-70B-Instruct-NVFP4,p2
supplement,12,0.8333333333333334,0.8285714285714285,2,nvidia/Llama-3.3-70B-Instruct-NVFP4,p2
depreciation,6,0.8333333333333334,0.8285714285714285,1,nvidia/Llama-3.3-70B-Instruct-NVFP4,p2
hack,12,0.8333333333333334,0.8285714285714285,2,nvidia/Llama-3.3-70B-Instruct-NVFP4,p2
hemp,6,0.8333333333333334,0.8285714285714285,1,nvidia/Llama-3.3-70B-Instruct-NVFP4,p2
hero,12,0.8333333333333334,0.8285714285714285,2,nvidia/Llama-3.3-70B-Instruct-NVFP4,p2
hood,18,0.8333333333333334,0.8285714285714285,3,nvidia/Llama-3.3-70B-Instruct-NVFP4,p2
wink,6,0.8333333333333334,0.8285714285714285,1,nvidia/Llama-3.3-70B-Instruct-NVFP4,p2
high,6,0.8333333333333334,0.8285714285714285,1,nvidia/Llama-3.3-70B-Instruct-NVFP4,p2
haunt,6,0.8333333333333334,0.8285714285714285,1,nvidia/Llama-3.3-70B-Instruct-NVFP4,p2
go_by,6,0.8333333333333334,0.8285714285714285,1,nvidia/Llama-3.3-70B-Instruct-NVFP4,p2
hold,18,0.8333333333333334,0.8285714285714285,3,nvidia/Llama-3.3-70B-Instruct-NVFP4,p2
payment,6,0.8333333333333334,0.8285714285714285,1,nvidia/Llama-3.3-70B-Instruct-NVFP4,p2
peculiar,6,0.8333333333333334,0.8285714285714285,1,nvidia/Llama-3.3-70B-Instruct-NVFP4,p2
overcome,6,0.8333333333333334,0.8285714285714285,1,nvidia/Llama-3.3-70B-Instruct-NVFP4,p2
alteration,6,0.8333333333333334,0.8285714285714285,1,nvidia/Llama-3.3-70B-Instruct-NVFP4,p2
endless,6,0.8333333333333334,0.8285714285714285,1,nvidia/Llama-3.3-70B-Instruct-NVFP4,p2
reminder,6,0.8333333333333334,0.8285714285714285,1,nvidia/Llama-3.3-70B-Instruct-NVFP4,p2
raw,18,0.8333333333333334,0.8285714285714285,3,nvidia/Llama-3.3-70B-Instruct-NVFP4,p2
continuation,6,0.8333333333333334,0.8285714285714285,1,nvidia/Llama-3.3-70B-Instruct-NVFP4,p2
repetition,6,0.8333333333333334,0.8285714285714285,1,nvidia/Llama-3.3-70B-Instruct-NVFP4,p2
remote,6,0.8333333333333334,0.8285714285714285,1,nvidia/Llama-3.3-70B-Instruct-NVFP4,p2
extend,25,0.84,0.8333333333333334,4,nvidia/Llama-3.3-70B-Instruct-NVFP4,p2
call_in,12,0.8333333333333334,0.8333333333333334,2,nvidia/Llama-3.3-70B-Instruct-NVFP4,p2
column,12,0.8333333333333334,0.8333333333333334,2,nvidia/Llama-3.3-70B-Instruct-NVFP4,p2
rig,19,0.8421052631578947,0.8347826086956522,3,nvidia/Llama-3.3-70B-Instruct-NVFP4,p2
follow,37,0.8378378378378378,0.8348214285714286,6,nvidia/Llama-3.3-70B-Instruct-NVFP4,p2
formula,13,0.8461538461538461,0.8375,2,nvidia/Llama-3.3-70B-Instruct-NVFP4,p2
track,25,0.84,0.8376623376623377,4,nvidia/Llama-3.3-70B-Instruct-NVFP4,p2
address,31,0.8387096774193549,0.8387096774193549,5,nvidia/Llama-3.3-70B-Instruct-NVFP4,p2
scale,32,0.84375,0.8435972629521017,5,nvidia/Llama-3.3-70B-Instruct-NVFP4,p2
circulation,7,0.8571428571428571,0.8444444444444444,1,nvidia/Llama-3.3-70B-Instruct-NVFP4,p2
harbor,7,0.8571428571428571,0.8444444444444444,1,nvidia/Llama-3.3-70B-Instruct-NVFP4,p2
appointed,7,0.8571428571428571,0.8444444444444444,1,nvidia/Llama-3.3-70B-Instruct-NVFP4,p2
attest,7,0.8571428571428571,0.8444444444444444,1,nvidia/Llama-3.3-70B-Instruct-NVFP4,p2
repress,7,0.8571428571428571,0.8444444444444444,1,nvidia/Llama-3.3-70B-Instruct-NVFP4,p2
agitation,7,0.8571428571428571,0.8444444444444444,1,nvidia/Llama-3.3-70B-Instruct-NVFP4,p2
enamel,7,0.8571428571428571,0.8444444444444444,1,nvidia/Llama-3.3-70B-Instruct-NVFP4,p2
medicine,7,0.8571428571428571,0.8444444444444444,1,nvidia/Llama-3.3-70B-Instruct-NVFP4,p2
patronize,7,0.8571428571428571,0.8444444444444444,1,nvidia/Llama-3.3-70B-Instruct-NVFP4,p2
fairness,7,0.8571428571428571,0.8444444444444444,1,nvidia/Llama-3.3-70B-Instruct-NVFP4,p2
native,7,0.8571428571428571,0.8444444444444444,1,nvidia/Llama-3.3-70B-Instruct-NVFP4,p2
lobe,7,0.8571428571428571,0.8444444444444444,1,nvidia/Llama-3.3-70B-Instruct-NVFP4,p2
cabinet,7,0.8571428571428571,0.8444444444444444,1,nvidia/Llama-3.3-70B-Instruct-NVFP4,p2
caution,7,0.8571428571428571,0.8444444444444444,1,nvidia/Llama-3.3-70B-Instruct-NVFP4,p2
swing,13,0.8461538461538461,0.8452380952380952,2,nvidia/Llama-3.3-70B-Instruct-NVFP4,p2
chain,13,0.8461538461538461,0.8452380952380952,2,nvidia/Llama-3.3-70B-Instruct-NVFP4,p2
run_down,13,0.8461538461538461,0.8452380952380952,2,nvidia/Llama-3.3-70B-Instruct-NVFP4,p2
rack,13,0.8461538461538461,0.8452380952380952,2,nvidia/Llama-3.3-70B-Instruct-NVFP4,p2
grant,26,0.8461538461538461,0.8452380952380952,4,nvidia/Llama-3.3-70B-Instruct-NVFP4,p2
minor,13,0.8461538461538461,0.8452380952380952,2,nvidia/Llama-3.3-70B-Instruct-NVFP4,p2
open,34,0.8529411764705882,0.8528138528138528,5,nvidia/Llama-3.3-70B-Instruct-NVFP4,p2
passion,14,0.8571428571428571,0.8541666666666667,2,nvidia/Llama-3.3-70B-Instruct-NVFP4,p2
shock,14,0.8571428571428571,0.8541666666666667,2,nvidia/Llama-3.3-70B-Instruct-NVFP4,p2
amount,14,0.8571428571428571,0.8541666666666667,2,nvidia/Llama-3.3-70B-Instruct-NVFP4,p2
dive,14,0.8571428571428571,0.8541666666666667,2,nvidia/Llama-3.3-70B-Instruct-NVFP4,p2
zero,14,0.8571428571428571,0.8541666666666667,2,nvidia/Llama-3.3-70B-Instruct-NVFP4,p2
excite,14,0.8571428571428571,0.8541666666666667,2,nvidia/Llama-3.3-70B-Instruct-NVFP4,p2
jumper,14,0.8571428571428571,0.8541666666666667,2,nvidia/Llama-3.3-70B-Instruct-NVFP4,p2
offset,8,0.875,0.8545454545454545,1,nvidia/Llama-3.3-70B-Instruct-NVFP4,p2
break,97,0.8556701030927835,0.8552855924978687,14,nvidia/Llama-3.3-70B-Instruct-NVFP4,p2
tease,14,0.8571428571428571,0.8571428571428571,2,nvidia/Llama-3.3-70B-Instruct-NVFP4,p2
bean,7,0.8571428571428571,0.8571428571428571,1,nvidia/Llama-3.3-70B-Instruct-NVFP4,p2
ordain,7,0.8571428571428571,0.8571428571428571,1,nvidia/Llama-3.3-70B-Instruct-NVFP4,p2
turn_up,7,0.8571428571428571,0.8571428571428571,1,nvidia/Llama-3.3-70B-Instruct-NVFP4,p2
slate,7,0.8571428571428571,0.8571428571428571,1,nvidia/Llama-3.3-70B-Instruct-NVFP4,p2
answer,7,0.8571428571428571,0.8571428571428571,1,nvidia/Llama-3.3-70B-Instruct-NVFP4,p2
morphology,7,0.8571428571428571,0.8571428571428571,1,nvidia/Llama-3.3-70B-Instruct-NVFP4,p2
pulse,7,0.8571428571428571,0.8571428571428571,1,nvidia/Llama-3.3-70B-Instruct-NVFP4,p2
pull,14,0.8571428571428571,0.8571428571428571,2,nvidia/Llama-3.3-70B-Instruct-NVFP4,p2
board,14,0.8571428571428571,0.8571428571428571,2,nvidia/Llama-3.3-70B-Instruct-NVFP4,p2
party,7,0.8571428571428571,0.8571428571428571,1,nvidia/Llama-3.3-70B-Instruct-NVFP4,p2
extension,21,0.8571428571428571,0.8571428571428571,3,nvidia/Llama-3.3-70B-Instruct-NVFP4,p2
unit,7,0.8571428571428571,0.8571428571428571,1,nvidia/Llama-3.3-70B-Instruct-NVFP4,p2
unfold,7,0.8571428571428571,0.8571428571428571,1,nvidia/Llama-3.3-70B-Instruct-NVFP4,p2
sophistication,7,0.8571428571428571,0.8571428571428571,1,nvidia/Llama-3.3-70B-Instruct-NVFP4,p2
scratch,14,0.8571428571428571,0.8571428571428571,2,nvidia/Llama-3.3-70B-Instruct-NVFP4,p2
join,7,0.8571428571428571,0.8571428571428571,1,nvidia/Llama-3.3-70B-Instruct-NVFP4,p2
sheer,7,0.8571428571428571,0.8571428571428571,1,nvidia/Llama-3.3-70B-Instruct-NVFP4,p2
pack,15,0.8666666666666667,0.8611111111111112,2,nvidia/Llama-3.3-70B-Instruct-NVFP4,p2
stand,15,0.8666666666666667,0.8611111111111112,2,nvidia/Llama-3.3-70B-Instruct-NVFP4,p2
flood,15,0.8666666666666667,0.8611111111111112,2,nvidia/Llama-3.3-70B-Instruct-NVFP4,p2
closed,15,0.8666666666666667,0.8611111111111112,2,nvidia/Llama-3.3-70B-Instruct-NVFP4,p2
lime,9,0.8888888888888888,0.8615384615384616,1,nvidia/Llama-3.3-70B-Instruct-NVFP4,p2
focus,22,0.8636363636363636,0.8633540372670807,3,nvidia/Llama-3.3-70B-Instruct-NVFP4,p2
round,22,0.8636363636363636,0.8633540372670807,3,nvidia/Llama-3.3-70B-Instruct-NVFP4,p2
fit,22,0.8636363636363636,0.8633540372670807,3,nvidia/Llama-3.3-70B-Instruct-NVFP4,p2
radical,22,0.8636363636363636,0.8633540372670807,3,nvidia/Llama-3.3-70B-Instruct-NVFP4,p2
pick,15,0.8666666666666667,0.8660714285714286,2,nvidia/Llama-3.3-70B-Instruct-NVFP4,p2
get_off,15,0.8666666666666667,0.8660714285714286,2,nvidia/Llama-3.3-70B-Instruct-NVFP4,p2
spoil,15,0.8666666666666667,0.8660714285714286,2,nvidia/Llama-3.3-70B-Instruct-NVFP4,p2
put_down,15,0.8666666666666667,0.8660714285714286,2,nvidia/Llama-3.3-70B-Instruct-NVFP4,p2
rise,30,0.8666666666666667,0.8660714285714286,4,nvidia/Llama-3.3-70B-Instruct-NVFP4,p2
business,15,0.8666666666666667,0.8660714285714286,2,nvidia/Llama-3.3-70B-Instruct-NVFP4,p2
common,15,0.8666666666666667,0.8660714285714286,2,nvidia/Llama-3.3-70B-Instruct-NVFP4,p2
stuff,23,0.8695652173913043,0.8685714285714285,3,nvidia/Llama-3.3-70B-Instruct-NVFP4,p2
post,23,0.8695652173913043,0.8695652173913043,3,nvidia/Llama-3.3-70B-Instruct-NVFP4,p2
plot,8,0.875,0.873015873015873,1,nvidia/Llama-3.3-70B-Instruct-NVFP4,p2
break_out,8,0.875,0.873015873015873,1,nvidia/Llama-3.3-70B-Instruct-NVFP4,p2
sway,8,0.875,0.873015873015873,1,nvidia/Llama-3.3-70B-Instruct-NVFP4,p2
warm_up,8,0.875,0.873015873015873,1,nvidia/Llama-3.3-70B-Instruct-NVFP4,p2
pair,8,0.875,0.873015873015873,1,nvidia/Llama-3.3-70B-Instruct-NVFP4,p2
paddle,8,0.875,0.873015873015873,1,nvidia/Llama-3.3-70B-Instruct-NVFP4,p2
spill,8,0.875,0.873015873015873,1,nvidia/Llama-3.3-70B-Instruct-NVFP4,p2
hum,8,0.875,0.873015873015873,1,nvidia/Llama-3.3-70B-Instruct-NVFP4,p2
aspiration,8,0.875,0.873015873015873,1,nvidia/Llama-3.3-70B-Instruct-NVFP4,p2
ass,8,0.875,0.873015873015873,1,nvidia/Llama-3.3-70B-Instruct-NVFP4,p2
reference,16,0.875,0.873015873015873,2,nvidia/Llama-3.3-70B-Instruct-NVFP4,p2
snarl,8,0.875,0.873015873015873,1,nvidia/Llama-3.3-70B-Instruct-NVFP4,p2
spindle,8,0.875,0.873015873015873,1,nvidia/Llama-3.3-70B-Instruct-NVFP4,p2
take_back,8,0.875,0.873015873015873,1,nvidia/Llama-3.3-70B-Instruct-NVFP4,p2
confusion,8,0.875,0.873015873015873,1,nvidia/Llama-3.3-70B-Instruct-NVFP4,p2
lighting,8,0.875,0.873015873015873,1,nvidia/Llama-3.3-70B-Instruct-NVFP4,p2
clip,8,0.875,0.873015873015873,1,nvidia/Llama-3.3-70B-Instruct-NVFP4,p2
lodge,8,0.875,0.873015873015873,1,nvidia/Llama-3.3-70B-Instruct-NVFP4,p2
stagger,8,0.875,0.873015873015873,1,nvidia/Llama-3.3-70B-Instruct-NVFP4,p2
colony,8,0.875,0.873015873015873,1,nvidia/Llama-3.3-70B-Instruct-NVFP4,p2
seal,16,0.875,0.873015873015873,2,nvidia/Llama-3.3-70B-Instruct-NVFP4,p2
earthy,8,0.875,0.873015873015873,1,nvidia/Llama-3.3-70B-Instruct-NVFP4,p2
promotion,8,0.875,0.873015873015873,1,nvidia/Llama-3.3-70B-Instruct-NVFP4,p2
saturation,8,0.875,0.873015873015873,1,nvidia/Llama-3.3-70B-Instruct-NVFP4,p2
bid,8,0.875,0.873015873015873,1,nvidia/Llama-3.3-70B-Instruct-NVFP4,p2
blessed,8,0.875,0.873015873015873,1,nvidia/Llama-3.3-70B-Instruct-NVFP4,p2
reach,8,0.875,0.873015873015873,1,nvidia/Llama-3.3-70B-Instruct-NVFP4,p2
surmount,8,0.875,0.873015873015873,1,nvidia/Llama-3.3-70B-Instruct-NVFP4,p2
landing,8,0.875,0.873015873015873,1,nvidia/Llama-3.3-70B-Instruct-NVFP4,p2
bruise,8,0.875,0.873015873015873,1,nvidia/Llama-3.3-70B-Instruct-NVFP4,p2
sporting,8,0.875,0.873015873015873,1,nvidia/Llama-3.3-70B-Instruct-NVFP4,p2
filling,8,0.875,0.873015873015873,1,nvidia/Llama-3.3-70B-Instruct-NVFP4,p2
moderator,8,0.875,0.873015873015873,1,nvidia/Llama-3.3-70B-Instruct-NVFP4,p2
pursue,8,0.875,0.873015873015873,1,nvidia/Llama-3.3-70B-Instruct-NVFP4,p2
publication,8,0.875,0.873015873015873,1,nvidia/Llama-3.3-70B-Instruct-NVFP4,p2
stump,8,0.875,0.873015873015873,1,nvidia/Llama-3.3-70B-Instruct-NVFP4,p2
poetic,8,0.875,0.873015873015873,1,nvidia/Llama-3.3-70B-Instruct-NVFP4,p2
disk,8,0.875,0.873015873015873,1,nvidia/Llama-3.3-70B-Instruct-NVFP4,p2
pool,16,0.875,0.873015873015873,2,nvidia/Llama-3.3-70B-Instruct-NVFP4,p2
precipitate,8,0.875,0.873015873015873,1,nvidia/Llama-3.3-70B-Instruct-NVFP4,p2
set_down,8,0.875,0.873015873015873,1,nvidia/Llama-3.3-70B-Instruct-NVFP4,p2
skirt,8,0.875,0.873015873015873,1,nvidia/Llama-3.3-70B-Instruct-NVFP4,p2
challenge,8,0.875,0.873015873015873,1,nvidia/Llama-3.3-70B-Instruct-NVFP4,p2
separated,8,0.875,0.873015873015873,1,nvidia/Llama-3.3-70B-Instruct-NVFP4,p2
gain,8,0.875,0.873015873015873,1,nvidia/Llama-3.3-70B-Instruct-NVFP4,p2
virtue,8,0.875,0.873015873015873,1,nvidia/Llama-3.3-70B-Instruct-NVFP4,p2
open_up,8,0.875,0.873015873015873,1,nvidia/Llama-3.3-70B-Instruct-NVFP4,p2
penetration,8,0.875,0.873015873015873,1,nvidia/Llama-3.3-70B-Instruct-NVFP4,p2
get_into,8,0.875,0.873015873015873,1,nvidia/Llama-3.3-70B-Instruct-NVFP4,p2
glazed,8,0.875,0.873015873015873,1,nvidia/Llama-3.3-70B-Instruct-NVFP4,p2
hearty,8,0.875,0.873015873015873,1,nvidia/Llama-3.3-70B-Instruct-NVFP4,p2
accent,8,0.875,0.873015873015873,1,nvidia/Llama-3.3-70B-Instruct-NVFP4,p2
outstanding,8,0.875,0.873015873015873,1,nvidia/Llama-3.3-70B-Instruct-NVFP4,p2
take_up,24,0.875,0.8747826086956522,3,nvidia/Llama-3.3-70B-Instruct-NVFP4,p2
course,16,0.875,0.875,2,nvidia/Llama-3.3-70B-Instruct-NVFP4,p2
node,16,0.875,0.875,2,nvidia/Llama-3.3-70B-Instruct-NVFP4,p2
draft,16,0.875,0.875,2,nvidia/Llama-3.3-70B-Instruct-NVFP4,p2
split,25,0.88,0.8768472906403941,3,nvidia/Llama-3.3-70B-Instruct-NVFP4,p2
show,25,0.88,0.8768472906403941,3,nvidia/Llama-3.3-70B-Instruct-NVFP4,p2
appeal,17,0.8823529411764706,0.8785714285714286,2,nvidia/Llama-3.3-70B-Instruct-NVFP4,p2
life,25,0.88,0.8792270531400965,3,nvidia/Llama-3.3-70B-Instruct-NVFP4,p2
slip,42,0.8809523809523809,0.8803418803418803,5,nvidia/Llama-3.3-70B-Instruct-NVFP4,p2
lead,42,0.8809523809523809,0.8808848553601816,5,nvidia/Llama-3.3-70B-Instruct-NVFP4,p2
settle,34,0.8823529411764706,0.8819444444444444,4,nvidia/Llama-3.3-70B-Instruct-NVFP4,p2
burn,26,0.8846153846153846,0.8830584707646176,3,nvidia/Llama-3.3-70B-Instruct-NVFP4,p2
fork,9,0.8888888888888888,0.8831168831168831,1,nvidia/Llama-3.3-70B-Instruct-NVFP4,p2
rare,9,0.8888888888888888,0.8831168831168831,1,nvidia/Llama-3.3-70B-Instruct-NVFP4,p2
thong,9,0.8888888888888888,0.8831168831168831,1,nvidia/Llama-3.3-70B-Instruct-NVFP4,p2
starve,9,0.8888888888888888,0.8831168831168831,1,nvidia/Llama-3.3-70B-Instruct-NVFP4,p2
capitalize,9,0.8888888888888888,0.8831168831168831,1,nvidia/Llama-3.3-70B-Instruct-NVFP4,p2
condense,9,0.8888888888888888,0.8831168831168831,1,nvidia/Llama-3.3-70B-Instruct-NVFP4,p2
transport,9,0.8888888888888888,0.8831168831168831,1,nvidia/Llama-3.3-70B-Instruct-NVFP4,p2
cast,18,0.8888888888888888,0.8875,2,nvidia/Llama-3.3-70B-Instruct-NVFP4,p2
bind,18,0.8888888888888888,0.8875,2,nvidia/Llama-3.3-70B-Instruct-NVFP4,p2
pitch,18,0.8888888888888888,0.8875,2,nvidia/Llama-3.3-70B-Instruct-NVFP4,p2
adhere,9,0.8888888888888888,0.8888888888888888,1,nvidia/Llama-3.3-70B-Instruct-NVFP4,p2
prime,9,0.8888888888888888,0.8888888888888888,1,nvidia/Llama-3.3-70B-Instruct-NVFP4,p2
cut,27,0.8888888888888888,0.8888888888888888,3,nvidia/Llama-3.3-70B-Instruct-NVFP4,p2
shade,9,0.8888888888888888,0.8888888888888888,1,nvidia/Llama-3.3-70B-Instruct-NVFP4,p2
reception,9,0.8888888888888888,0.8888888888888888,1,nvidia/Llama-3.3-70B-Instruct-NVFP4,p2
inspiration,9,0.8888888888888888,0.8888888888888888,1,nvidia/Llama-3.3-70B-Instruct-NVFP4,p2
lay,18,0.8888888888888888,0.8888888888888888,2,nvidia/Llama-3.3-70B-Instruct-NVFP4,p2
drown,9,0.8888888888888888,0.8888888888888888,1,nvidia/Llama-3.3-70B-Instruct-NVFP4,p2
transcribe,9,0.8888888888888888,0.8888888888888888,1,nvidia/Llama-3.3-70B-Instruct-NVFP4,p2
level,9,0.8888888888888888,0.8888888888888888,1,nvidia/Llama-3.3-70B-Instruct-NVFP4,p2
belt,9,0.8888888888888888,0.8888888888888888,1,nvidia/Llama-3.3-70B-Instruct-NVFP4,p2
plug,9,0.8888888888888888,0.8888888888888888,1,nvidia/Llama-3.3-70B-Instruct-NVFP4,p2
seeded,9,0.8888888888888888,0.8888888888888888,1,nvidia/Llama-3.3-70B-Instruct-NVFP4,p2
tread,19,0.8947368421052632,0.8920454545454546,2,nvidia/Llama-3.3-70B-Instruct-NVFP4,p2
frame,28,0.8928571428571429,0.89272030651341,3,nvidia/Llama-3.3-70B-Instruct-NVFP4,p2
base,47,0.8936170212765957,0.8928408572731419,5,nvidia/Llama-3.3-70B-Instruct-NVFP4,p2
take,67,0.8955223880597015,0.8951486697965572,7,nvidia/Llama-3.3-70B-Instruct-NVFP4,p2
break_in,10,0.9,0.898989898989899,1,nvidia/Llama-3.3-70B-Instruct-NVFP4,p2
whip,10,0.9,0.898989898989899,1,nvidia/Llama-3.3-70B-Instruct-NVFP4,p2
spark,10,0.9,0.898989898989899,1,nvidia/Llama-3.3-70B-Instruct-NVFP4,p2
hold_out,10,0.9,0.898989898989899,1,nvidia/Llama-3.3-70B-Instruct-NVFP4,p2
chill,10,0.9,0.898989898989899,1,nvidia/Llama-3.3-70B-Instruct-NVFP4,p2
offensive,10,0.9,0.898989898989899,1,nvidia/Llama-3.3-70B-Instruct-NVFP4,p2
radius,10,0.9,0.898989898989899,1,nvidia/Llama-3.3-70B-Instruct-NVFP4,p2
purge,10,0.9,0.898989898989899,1,nvidia/Llama-3.3-70B-Instruct-NVFP4,p2
net,10,0.9,0.898989898989899,1,nvidia/Llama-3.3-70B-Instruct-NVFP4,p2
mouthpiece,10,0.9,0.898989898989899,1,nvidia/Llama-3.3-70B-Instruct-NVFP4,p2
submission,10,0.9,0.898989898989899,1,nvidia/Llama-3.3-70B-Instruct-NVFP4,p2
Jackson,10,0.9,0.898989898989899,1,nvidia/Llama-3.3-70B-Instruct-NVFP4,p2
get_on,10,0.9,0.898989898989899,1,nvidia/Llama-3.3-70B-Instruct-NVFP4,p2
along,10,0.9,0.898989898989899,1,nvidia/Llama-3.3-70B-Instruct-NVFP4,p2
spike,20,0.9,0.898989898989899,2,nvidia/Llama-3.3-70B-Instruct-NVFP4,p2
closure,10,0.9,0.898989898989899,1,nvidia/Llama-3.3-70B-Instruct-NVFP4,p2
compose,10,0.9,0.898989898989899,1,nvidia/Llama-3.3-70B-Instruct-NVFP4,p2
confirmation,10,0.9,0.898989898989899,1,nvidia/Llama-3.3-70B-Instruct-NVFP4,p2
evacuate,10,0.9,0.898989898989899,1,nvidia/Llama-3.3-70B-Instruct-NVFP4,p2
refined,10,0.9,0.898989898989899,1,nvidia/Llama-3.3-70B-Instruct-NVFP4,p2
pike,10,0.9,0.898989898989899,1,nvidia/Llama-3.3-70B-Instruct-NVFP4,p2
assimilation,10,0.9,0.898989898989899,1,nvidia/Llama-3.3-70B-Instruct-NVFP4,p2
growth,10,0.9,0.898989898989899,1,nvidia/Llama-3.3-70B-Instruct-NVFP4,p2
observation,10,0.9,0.898989898989899,1,nvidia/Llama-3.3-70B-Instruct-NVFP4,p2
stop,20,0.9,0.9,2,nvidia/Llama-3.3-70B-Instruct-NVFP4,p2
date,21,0.9047619047619048,0.9045454545454545,2,nvidia/Llama-3.3-70B-Instruct-NVFP4,p2
bound,21,0.9047619047619048,0.9045454545454545,2,nvidia/Llama-3.3-70B-Instruct-NVFP4,p2
administration,11,0.9090909090909091,0.905982905982906,1,nvidia/Llama-3.3-70B-Instruct-NVFP4,p2
jam,11,0.9090909090909091,0.905982905982906,1,nvidia/Llama-3.3-70B-Instruct-NVFP4,p2
turn,22,0.9090909090909091,0.9090909090909091,2,nvidia/Llama-3.3-70B-Instruct-NVFP4,p2
go_down,11,0.9090909090909091,0.9090909090909091,1,nvidia/Llama-3.3-70B-Instruct-NVFP4,p2
fall,22,0.9090909090909091,0.9090909090909091,2,nvidia/Llama-3.3-70B-Instruct-NVFP4,p2
fault,11,0.9090909090909091,0.9090909090909091,1,nvidia/Llama-3.3-70B-Instruct-NVFP4,p2
figure,22,0.9090909090909091,0.9090909090909091,2,nvidia/Llama-3.3-70B-Instruct-NVFP4,p2
cut_off,11,0.9090909090909091,0.9090909090909091,1,nvidia/Llama-3.3-70B-Instruct-NVFP4,p2
chip,12,0.9166666666666666,0.9111111111111111,1,nvidia/Llama-3.3-70B-Instruct-NVFP4,p2
sound,36,0.9166666666666666,0.9150275373721479,3,nvidia/Llama-3.3-70B-Instruct-NVFP4,p2
picket,12,0.9166666666666666,0.916083916083916,1,nvidia/Llama-3.3-70B-Instruct-NVFP4,p2
trust,12,0.9166666666666666,0.916083916083916,1,nvidia/Llama-3.3-70B-Instruct-NVFP4,p2
utility,12,0.9166666666666666,0.916083916083916,1,nvidia/Llama-3.3-70B-Instruct-NVFP4,p2
clap,12,0.9166666666666666,0.916083916083916,1,nvidia/Llama-3.3-70B-Instruct-NVFP4,p2
corruption,12,0.9166666666666666,0.916083916083916,1,nvidia/Llama-3.3-70B-Instruct-NVFP4,p2
strike_out,12,0.9166666666666666,0.916083916083916,1,nvidia/Llama-3.3-70B-Instruct-NVFP4,p2
put_up,12,0.9166666666666666,0.916083916083916,1,nvidia/Llama-3.3-70B-Instruct-NVFP4,p2
beat,12,0.9166666666666666,0.916083916083916,1,nvidia/Llama-3.3-70B-Instruct-NVFP4,p2
mail,12,0.9166666666666666,0.916083916083916,1,nvidia/Llama-3.3-70B-Instruct-NVFP4,p2
habit,12,0.9166666666666666,0.916083916083916,1,nvidia/Llama-3.3-70B-Instruct-NVFP4,p2
claim,12,0.9166666666666666,0.916083916083916,1,nvidia/Llama-3.3-70B-Instruct-NVFP4,p2
record,12,0.9166666666666666,0.916083916083916,1,nvidia/Llama-3.3-70B-Instruct-NVFP4,p2
charge,61,0.9180327868852459,0.9176788124156545,5,nvidia/Llama-3.3-70B-Instruct-NVFP4,p2
field,25,0.92,0.9188311688311688,2,nvidia/Llama-3.3-70B-Instruct-NVFP4,p2
mate,25,0.92,0.9198717948717949,2,nvidia/Llama-3.3-70B-Instruct-NVFP4,p2
attachment,13,0.9230769230769231,0.9212121212121211,1,nvidia/Llama-3.3-70B-Instruct-NVFP4,p2
works,13,0.9230769230769231,0.9212121212121211,1,nvidia/Llama-3.3-70B-Instruct-NVFP4,p2
brace,26,0.9230769230769231,0.9226190476190477,2,nvidia/Llama-3.3-70B-Instruct-NVFP4,p2
order,26,0.9230769230769231,0.9230769230769231,2,nvidia/Llama-3.3-70B-Instruct-NVFP4,p2
acceptance,13,0.9230769230769231,0.9230769230769231,1,nvidia/Llama-3.3-70B-Instruct-NVFP4,p2
channel,14,0.9285714285714286,0.9282051282051282,1,nvidia/Llama-3.3-70B-Instruct-NVFP4,p2
character,14,0.9285714285714286,0.9282051282051282,1,nvidia/Llama-3.3-70B-Instruct-NVFP4,p2
starter,14,0.9285714285714286,0.9282051282051282,1,nvidia/Llama-3.3-70B-Instruct-NVFP4,p2
stall,14,0.9285714285714286,0.9282051282051282,1,nvidia/Llama-3.3-70B-Instruct-NVFP4,p2
suspension,14,0.9285714285714286,0.9282051282051282,1,nvidia/Llama-3.3-70B-Instruct-NVFP4,p2
mantle,14,0.9285714285714286,0.9282051282051282,1,nvidia/Llama-3.3-70B-Instruct-NVFP4,p2
mask,14,0.9285714285714286,0.9282051282051282,1,nvidia/Llama-3.3-70B-Instruct-NVFP4,p2
bite,14,0.9285714285714286,0.9282051282051282,1,nvidia/Llama-3.3-70B-Instruct-NVFP4,p2
take_off,14,0.9285714285714286,0.9282051282051282,1,nvidia/Llama-3.3-70B-Instruct-NVFP4,p2
affinity,14,0.9285714285714286,0.9282051282051282,1,nvidia/Llama-3.3-70B-Instruct-NVFP4,p2
hold_up,14,0.9285714285714286,0.9282051282051282,1,nvidia/Llama-3.3-70B-Instruct-NVFP4,p2
escape,14,0.9285714285714286,0.9282051282051282,1,nvidia/Llama-3.3-70B-Instruct-NVFP4,p2
hunt,15,0.9333333333333333,0.9321266968325792,1,nvidia/Llama-3.3-70B-Instruct-NVFP4,p2
capacity,15,0.9333333333333333,0.9321266968325792,1,nvidia/Llama-3.3-70B-Instruct-NVFP4,p2
come_up,15,0.9333333333333333,0.9333333333333333,1,nvidia/Llama-3.3-70B-Instruct-NVFP4,p2
cover,16,0.9375,0.9372549019607843,1,nvidia/Llama-3.3-70B-Instruct-NVFP4,p2
projection,16,0.9375,0.9372549019607843,1,nvidia/Llama-3.3-70B-Instruct-NVFP4,p2
withdrawal,16,0.9375,0.9372549019607843,1,nvidia/Llama-3.3-70B-Instruct-NVFP4,p2
tone,16,0.9375,0.9372549019607843,1,nvidia/Llama-3.3-70B-Instruct-NVFP4,p2
spread,34,0.9411764705882353,0.9403508771929825,2,nvidia/Llama-3.3-70B-Instruct-NVFP4,p2
freeze,17,0.9411764705882353,0.9403508771929825,1,nvidia/Llama-3.3-70B-Instruct-NVFP4,p2
inversion,17,0.9411764705882353,0.9403508771929825,1,nvidia/Llama-3.3-70B-Instruct-NVFP4,p2
tap,34,0.9411764705882353,0.9411764705882353,2,nvidia/Llama-3.3-70B-Instruct-NVFP4,p2
jack,18,0.9444444444444444,0.9442724458204335,1,nvidia/Llama-3.3-70B-Instruct-NVFP4,p2
meet,18,0.9444444444444444,0.9442724458204335,1,nvidia/Llama-3.3-70B-Instruct-NVFP4,p2
hook,18,0.9444444444444444,0.9442724458204335,1,nvidia/Llama-3.3-70B-Instruct-NVFP4,p2
bowl,18,0.9444444444444444,0.9442724458204335,1,nvidia/Llama-3.3-70B-Instruct-NVFP4,p2
depression,18,0.9444444444444444,0.9442724458204335,1,nvidia/Llama-3.3-70B-Instruct-NVFP4,p2
catch,19,0.9473684210526315,0.9473684210526315,1,nvidia/Llama-3.3-70B-Instruct-NVFP4,p2
call,20,0.95,0.949874686716792,1,nvidia/Llama-3.3-70B-Instruct-NVFP4,p2
relief,20,0.95,0.949874686716792,1,nvidia/Llama-3.3-70B-Instruct-NVFP4,p2
band,20,0.95,0.949874686716792,1,nvidia/Llama-3.3-70B-Instruct-NVFP4,p2
outside,21,0.9523809523809523,0.9519450800915332,1,nvidia/Llama-3.3-70B-Instruct-NVFP4,p2
credit,21,0.9523809523809523,0.9519450800915332,1,nvidia/Llama-3.3-70B-Instruct-NVFP4,p2
pick_up,21,0.9523809523809523,0.9523809523809523,1,nvidia/Llama-3.3-70B-Instruct-NVFP4,p2
pass,66,0.9545454545454546,0.9544513457556936,3,nvidia/Llama-3.3-70B-Instruct-NVFP4,p2
crack,22,0.9545454545454546,0.9544513457556936,1,nvidia/Llama-3.3-70B-Instruct-NVFP4,p2
line,44,0.9545454545454546,0.9545454545454546,2,nvidia/Llama-3.3-70B-Instruct-NVFP4,p2
stroke,23,0.9565217391304348,0.9565217391304348,1,nvidia/Llama-3.3-70B-Instruct-NVFP4,p2
screen,27,0.9629629629629629,0.9629629629629629,1,nvidia/Llama-3.3-70B-Instruct-NVFP4,p2
take_in,28,0.9642857142857143,0.9642401021711366,1,nvidia/Llama-3.3-70B-Instruct-NVFP4,p2
serve,28,0.9642857142857143,0.9642401021711366,1,nvidia/Llama-3.3-70B-Instruct-NVFP4,p2
strain,32,0.96875,0.9687194525904204,1,nvidia/Llama-3.3-70B-Instruct-NVFP4,p2
draw,68,0.9705882352941176,0.9705882352941176,2,nvidia/Llama-3.3-70B-Instruct-NVFP4,p2
scoop,5,1.0,1.0,0,nvidia/Llama-3.3-70B-Instruct-NVFP4,p2
runner,15,1.0,1.0,0,nvidia/Llama-3.3-70B-Instruct-NVFP4,p2
club,8,1.0,1.0,0,nvidia/Llama-3.3-70B-Instruct-NVFP4,p2
sewer,6,1.0,1.0,0,nvidia/Llama-3.3-70B-Instruct-NVFP4,p2
slaughter,6,1.0,1.0,0,nvidia/Llama-3.3-70B-Instruct-NVFP4,p2
sling,7,1.0,1.0,0,nvidia/Llama-3.3-70B-Instruct-NVFP4,p2
slice,8,1.0,1.0,0,nvidia/Llama-3.3-70B-Instruct-NVFP4,p2
sleeper,13,1.0,1.0,0,nvidia/Llama-3.3-70B-Instruct-NVFP4,p2
choice,8,1.0,1.0,0,nvidia/Llama-3.3-70B-Instruct-NVFP4,p2
shuffle,6,1.0,1.0,0,nvidia/Llama-3.3-70B-Instruct-NVFP4,p2
solitaire,5,1.0,1.0,0,nvidia/Llama-3.3-70B-Instruct-NVFP4,p2
camp,13,1.0,1.0,0,nvidia/Llama-3.3-70B-Instruct-NVFP4,p2
administrator,6,1.0,1.0,0,nvidia/Llama-3.3-70B-Instruct-NVFP4,p2
waste,7,1.0,1.0,0,nvidia/Llama-3.3-70B-Instruct-NVFP4,p2
wash,14,1.0,1.0,0,nvidia/Llama-3.3-70B-Instruct-NVFP4,p2
Wilson,10,1.0,1.0,0,nvidia/Llama-3.3-70B-Instruct-NVFP4,p2
view,20,1.0,1.0,0,nvidia/Llama-3.3-70B-Instruct-NVFP4,p2
amplification,6,1.0,1.0,0,nvidia/Llama-3.3-70B-Instruct-NVFP4,p2
walk,12,1.0,1.0,0,nvidia/Llama-3.3-70B-Instruct-NVFP4,p2
align,8,1.0,1.0,0,nvidia/Llama-3.3-70B-Instruct-NVFP4,p2
compressed,6,1.0,1.0,0,nvidia/Llama-3.3-70B-Instruct-NVFP4,p2
compound,5,1.0,1.0,0,nvidia/Llama-3.3-70B-Instruct-NVFP4,p2
condensation,10,1.0,1.0,0,nvidia/Llama-3.3-70B-Instruct-NVFP4,p2
communion,6,1.0,1.0,0,nvidia/Llama-3.3-70B-Instruct-NVFP4,p2
concentrate,14,1.0,1.0,0,nvidia/Llama-3.3-70B-Instruct-NVFP4,p2
revolutionary,7,1.0,1.0,0,nvidia/Llama-3.3-70B-Instruct-NVFP4,p2
reverse,11,1.0,1.0,0,nvidia/Llama-3.3-70B-Instruct-NVFP4,p2
roll,28,1.0,1.0,0,nvidia/Llama-3.3-70B-Instruct-NVFP4,p2
rocker,13,1.0,1.0,0,nvidia/Llama-3.3-70B-Instruct-NVFP4,p2
come_to,5,1.0,1.0,0,nvidia/Llama-3.3-70B-Instruct-NVFP4,p2
brilliant,7,1.0,1.0,0,nvidia/Llama-3.3-70B-Instruct-NVFP4,p2
canon,6,1.0,1.0,0,nvidia/Llama-3.3-70B-Instruct-NVFP4,p2
receiver,9,1.0,1.0,0,nvidia/Llama-3.3-70B-Instruct-NVFP4,p2
realism,9,1.0,1.0,0,nvidia/Llama-3.3-70B-Instruct-NVFP4,p2
ram,6,1.0,1.0,0,nvidia/Llama-3.3-70B-Instruct-NVFP4,p2
correction,13,1.0,1.0,0,nvidia/Llama-3.3-70B-Instruct-NVFP4,p2
striker,8,1.0,1.0,0,nvidia/Llama-3.3-70B-Instruct-NVFP4,p2
stimulation,6,1.0,1.0,0,nvidia/Llama-3.3-70B-Instruct-NVFP4,p2
council,6,1.0,1.0,0,nvidia/Llama-3.3-70B-Instruct-NVFP4,p2
swear,9,1.0,1.0,0,nvidia/Llama-3.3-70B-Instruct-NVFP4,p2
sponge,8,1.0,1.0,0,nvidia/Llama-3.3-70B-Instruct-NVFP4,p2
stride,6,1.0,1.0,0,nvidia/Llama-3.3-70B-Instruct-NVFP4,p2
streak,7,1.0,1.0,0,nvidia/Llama-3.3-70B-Instruct-NVFP4,p2
straighten,6,1.0,1.0,0,nvidia/Llama-3.3-70B-Instruct-NVFP4,p2
crown,23,1.0,1.0,0,nvidia/Llama-3.3-70B-Instruct-NVFP4,p2
crowd,5,1.0,1.0,0,nvidia/Llama-3.3-70B-Instruct-NVFP4,p2
cram,7,1.0,1.0,0,nvidia/Llama-3.3-70B-Instruct-NVFP4,p2
coverage,6,1.0,1.0,0,nvidia/Llama-3.3-70B-Instruct-NVFP4,p2
convertible,6,1.0,1.0,0,nvidia/Llama-3.3-70B-Instruct-NVFP4,p2
compression,8,1.0,1.0,0,nvidia/Llama-3.3-70B-Instruct-NVFP4,p2
conceive,6,1.0,1.0,0,nvidia/Llama-3.3-70B-Instruct-NVFP4,p2
reproduction,7,1.0,1.0,0,nvidia/Llama-3.3-70B-Instruct-NVFP4,p2
providence,8,1.0,1.0,0,nvidia/Llama-3.3-70B-Instruct-NVFP4,p2
prosperous,5,1.0,1.0,0,nvidia/Llama-3.3-70B-Instruct-NVFP4,p2
curb,5,1.0,1.0,0,nvidia/Llama-3.3-70B-Instruct-NVFP4,p2
crucifixion,6,1.0,1.0,0,nvidia/Llama-3.3-70B-Instruct-NVFP4,p2
purification,6,1.0,1.0,0,nvidia/Llama-3.3-70B-Instruct-NVFP4,p2
prominence,6,1.0,1.0,0,nvidia/Llama-3.3-70B-Instruct-NVFP4,p2
pull_out,6,1.0,1.0,0,nvidia/Llama-3.3-70B-Instruct-NVFP4,p2
promise,6,1.0,1.0,0,nvidia/Llama-3.3-70B-Instruct-NVFP4,p2
printer,5,1.0,1.0,0,nvidia/Llama-3.3-70B-Instruct-NVFP4,p2
producer,5,1.0,1.0,0,nvidia/Llama-3.3-70B-Instruct-NVFP4,p2
cyclic,5,1.0,1.0,0,nvidia/Llama-3.3-70B-Instruct-NVFP4,p2
coat,6,1.0,1.0,0,nvidia/Llama-3.3-70B-Instruct-NVFP4,p2
coincide,5,1.0,1.0,0,nvidia/Llama-3.3-70B-Instruct-NVFP4,p2
romance,9,1.0,1.0,0,nvidia/Llama-3.3-70B-Instruct-NVFP4,p2
seed,10,1.0,1.0,0,nvidia/Llama-3.3-70B-Instruct-NVFP4,p2
sector,10,1.0,1.0,0,nvidia/Llama-3.3-70B-Instruct-NVFP4,p2
spur,13,1.0,1.0,0,nvidia/Llama-3.3-70B-Instruct-NVFP4,p2
spit,6,1.0,1.0,0,nvidia/Llama-3.3-70B-Instruct-NVFP4,p2
coherent,8,1.0,1.0,0,nvidia/Llama-3.3-70B-Instruct-NVFP4,p2
breakdown,5,1.0,1.0,0,nvidia/Llama-3.3-70B-Instruct-NVFP4,p2
spiral,8,1.0,1.0,0,nvidia/Llama-3.3-70B-Instruct-NVFP4,p2
spectacle,6,1.0,1.0,0,nvidia/Llama-3.3-70B-Instruct-NVFP4,p2
socket,6,1.0,1.0,0,nvidia/Llama-3.3-70B-Instruct-NVFP4,p2
spare,8,1.0,1.0,0,nvidia/Llama-3.3-70B-Instruct-NVFP4,p2
championship,6,1.0,1.0,0,nvidia/Llama-3.3-70B-Instruct-NVFP4,p2
abstraction,12,1.0,1.0,0,nvidia/Llama-3.3-70B-Instruct-NVFP4,p2
active,22,1.0,1.0,0,nvidia/Llama-3.3-70B-Instruct-NVFP4,p2
accelerator,6,1.0,1.0,0,nvidia/Llama-3.3-70B-Instruct-NVFP4,p2
adjustment,8,1.0,1.0,0,nvidia/Llama-3.3-70B-Instruct-NVFP4,p2
heading,6,1.0,1.0,0,nvidia/Llama-3.3-70B-Instruct-NVFP4,p2
hardware,6,1.0,1.0,0,nvidia/Llama-3.3-70B-Instruct-NVFP4,p2
vessel,5,1.0,1.0,0,nvidia/Llama-3.3-70B-Instruct-NVFP4,p2
outfit,6,1.0,1.0,0,nvidia/Llama-3.3-70B-Instruct-NVFP4,p2
ounce,6,1.0,1.0,0,nvidia/Llama-3.3-70B-Instruct-NVFP4,p2
operation,18,1.0,1.0,0,nvidia/Llama-3.3-70B-Instruct-NVFP4,p2
dissociation,6,1.0,1.0,0,nvidia/Llama-3.3-70B-Instruct-NVFP4,p2
paint,6,1.0,1.0,0,nvidia/Llama-3.3-70B-Instruct-NVFP4,p2
dialogue,7,1.0,1.0,0,nvidia/Llama-3.3-70B-Instruct-NVFP4,p2
detail,8,1.0,1.0,0,nvidia/Llama-3.3-70B-Instruct-NVFP4,p2
dirt,6,1.0,1.0,0,nvidia/Llama-3.3-70B-Instruct-NVFP4,p2
book,8,1.0,1.0,0,nvidia/Llama-3.3-70B-Instruct-NVFP4,p2
dim,9,1.0,1.0,0,nvidia/Llama-3.3-70B-Instruct-NVFP4,p2
superior,10,1.0,1.0,0,nvidia/Llama-3.3-70B-Instruct-NVFP4,p2
suite,6,1.0,1.0,0,nvidia/Llama-3.3-70B-Instruct-NVFP4,p2
demonstrate,8,1.0,1.0,0,nvidia/Llama-3.3-70B-Instruct-NVFP4,p2
polish,6,1.0,1.0,0,nvidia/Llama-3.3-70B-Instruct-NVFP4,p2
phoenix,6,1.0,1.0,0,nvidia/Llama-3.3-70B-Instruct-NVFP4,p2
depressed,6,1.0,1.0,0,nvidia/Llama-3.3-70B-Instruct-NVFP4,p2
pony,5,1.0,1.0,0,nvidia/Llama-3.3-70B-Instruct-NVFP4,p2
potential,6,1.0,1.0,0,nvidia/Llama-3.3-70B-Instruct-NVFP4,p2
porter,7,1.0,1.0,0,nvidia/Llama-3.3-70B-Instruct-NVFP4,p2
perform,6,1.0,1.0,0,nvidia/Llama-3.3-70B-Instruct-NVFP4,p2
pickup,17,1.0,1.0,0,nvidia/Llama-3.3-70B-Instruct-NVFP4,p2
bathe,5,1.0,1.0,0,nvidia/Llama-3.3-70B-Instruct-NVFP4,p2
bearing,8,1.0,1.0,0,nvidia/Llama-3.3-70B-Instruct-NVFP4,p2
tension,10,1.0,1.0,0,nvidia/Llama-3.3-70B-Instruct-NVFP4,p2
then,6,1.0,1.0,0,nvidia/Llama-3.3-70B-Instruct-NVFP4,p2
theater,5,1.0,1.0,0,nvidia/Llama-3.3-70B-Instruct-NVFP4,p2
double,13,1.0,1.0,0,nvidia/Llama-3.3-70B-Instruct-NVFP4,p2
drive,18,1.0,1.0,0,nvidia/Llama-3.3-70B-Instruct-NVFP4,p2
drawing,11,1.0,1.0,0,nvidia/Llama-3.3-70B-Instruct-NVFP4,p2
nobility,6,1.0,1.0,0,nvidia/Llama-3.3-70B-Instruct-NVFP4,p2
blind,7,1.0,1.0,0,nvidia/Llama-3.3-70B-Instruct-NVFP4,p2
mound,6,1.0,1.0,0,nvidia/Llama-3.3-70B-Instruct-NVFP4,p2
mill,6,1.0,1.0,0,nvidia/Llama-3.3-70B-Instruct-NVFP4,p2
elimination,7,1.0,1.0,0,nvidia/Llama-3.3-70B-Instruct-NVFP4,p2
engagement,11,1.0,1.0,0,nvidia/Llama-3.3-70B-Instruct-NVFP4,p2
endorse,7,1.0,1.0,0,nvidia/Llama-3.3-70B-Instruct-NVFP4,p2
measure,18,1.0,1.0,0,nvidia/Llama-3.3-70B-Instruct-NVFP4,p2
enjoy,8,1.0,1.0,0,nvidia/Llama-3.3-70B-Instruct-NVFP4,p2
load,12,1.0,1.0,0,nvidia/Llama-3.3-70B-Instruct-NVFP4,p2
locate,5,1.0,1.0,0,nvidia/Llama-3.3-70B-Instruct-NVFP4,p2
lot,9,1.0,1.0,0,nvidia/Llama-3.3-70B-Instruct-NVFP4,p2
exposition,6,1.0,1.0,0,nvidia/Llama-3.3-70B-Instruct-NVFP4,p2
kit,5,1.0,1.0,0,nvidia/Llama-3.3-70B-Instruct-NVFP4,p2
extremity,10,1.0,1.0,0,nvidia/Llama-3.3-70B-Instruct-NVFP4,p2
m,9,1.0,1.0,0,nvidia/Llama-3.3-70B-Instruct-NVFP4,p2
look,6,1.0,1.0,0,nvidia/Llama-3.3-70B-Instruct-NVFP4,p2
loom,8,1.0,1.0,0,nvidia/Llama-3.3-70B-Instruct-NVFP4,p2
expire,6,1.0,1.0,0,nvidia/Llama-3.3-70B-Instruct-NVFP4,p2
third,9,1.0,1.0,0,nvidia/Llama-3.3-70B-Instruct-NVFP4,p2
liberty,10,1.0,1.0,0,nvidia/Llama-3.3-70B-Instruct-NVFP4,p2
landscape,7,1.0,1.0,0,nvidia/Llama-3.3-70B-Instruct-NVFP4,p2
lesson,6,1.0,1.0,0,nvidia/Llama-3.3-70B-Instruct-NVFP4,p2
bank,14,1.0,1.0,0,nvidia/Llama-3.3-70B-Instruct-NVFP4,p2
barb,6,1.0,1.0,0,nvidia/Llama-3.3-70B-Instruct-NVFP4,p2
tie,12,1.0,1.0,0,nvidia/Llama-3.3-70B-Instruct-NVFP4,p2
balance,6,1.0,1.0,0,nvidia/Llama-3.3-70B-Instruct-NVFP4,p2
back,14,1.0,1.0,0,nvidia/Llama-3.3-70B-Instruct-NVFP4,p2
bark,7,1.0,1.0,0,nvidia/Llama-3.3-70B-Instruct-NVFP4,p2
blister,5,1.0,1.0,0,nvidia/Llama-3.3-70B-Instruct-NVFP4,p2
noble,7,1.0,1.0,0,nvidia/Llama-3.3-70B-Instruct-NVFP4,p2
naturally,5,1.0,1.0,0,nvidia/Llama-3.3-70B-Instruct-NVFP4,p2
outlet,8,1.0,1.0,0,nvidia/Llama-3.3-70B-Instruct-NVFP4,p2
naked,9,1.0,1.0,0,nvidia/Llama-3.3-70B-Instruct-NVFP4,p2
mood,6,1.0,1.0,0,nvidia/Llama-3.3-70B-Instruct-NVFP4,p2
flight,14,1.0,1.0,0,nvidia/Llama-3.3-70B-Instruct-NVFP4,p2
flat,9,1.0,1.0,0,nvidia/Llama-3.3-70B-Instruct-NVFP4,p2
flank,7,1.0,1.0,0,nvidia/Llama-3.3-70B-Instruct-NVFP4,p2
fighter,6,1.0,1.0,0,nvidia/Llama-3.3-70B-Instruct-NVFP4,p2
firmly,6,1.0,1.0,0,nvidia/Llama-3.3-70B-Instruct-NVFP4,p2
justice,6,1.0,1.0,0,nvidia/Llama-3.3-70B-Instruct-NVFP4,p2
fixation,8,1.0,1.0,0,nvidia/Llama-3.3-70B-Instruct-NVFP4,p2
finely,5,1.0,1.0,0,nvidia/Llama-3.3-70B-Instruct-NVFP4,p2
foul,11,1.0,1.0,0,nvidia/Llama-3.3-70B-Instruct-NVFP4,p2
fraction,6,1.0,1.0,0,nvidia/Llama-3.3-70B-Instruct-NVFP4,p2
fracture,8,1.0,1.0,0,nvidia/Llama-3.3-70B-Instruct-NVFP4,p2
fix,18,1.0,1.0,0,nvidia/Llama-3.3-70B-Instruct-NVFP4,p2
interface,8,1.0,1.0,0,nvidia/Llama-3.3-70B-Instruct-NVFP4,p2
interpreter,6,1.0,1.0,0,nvidia/Llama-3.3-70B-Instruct-NVFP4,p2
flush,11,1.0,1.0,0,nvidia/Llama-3.3-70B-Instruct-NVFP4,p2
fold,10,1.0,1.0,0,nvidia/Llama-3.3-70B-Instruct-NVFP4,p2
get_away,6,1.0,1.0,0,nvidia/Llama-3.3-70B-Instruct-NVFP4,p2
give_away,8,1.0,1.0,0,nvidia/Llama-3.3-70B-Instruct-NVFP4,p2
indent,5,1.0,1.0,0,nvidia/Llama-3.3-70B-Instruct-NVFP4,p2
gallery,12,1.0,1.0,0,nvidia/Llama-3.3-70B-Instruct-NVFP4,p2
impulse,12,1.0,1.0,0,nvidia/Llama-3.3-70B-Instruct-NVFP4,p2
trip,9,1.0,1.0,0,nvidia/Llama-3.3-70B-Instruct-NVFP4,p2
assault,8,1.0,1.0,0,nvidia/Llama-3.3-70B-Instruct-NVFP4,p2
association,15,1.0,1.0,0,nvidia/Llama-3.3-70B-Instruct-NVFP4,p2
unconscious,6,1.0,1.0,0,nvidia/Llama-3.3-70B-Instruct-NVFP4,p2
under,8,1.0,1.0,0,nvidia/Llama-3.3-70B-Instruct-NVFP4,p2
trick,10,1.0,1.0,0,nvidia/Llama-3.3-70B-Instruct-NVFP4,p2
hail,7,1.0,1.0,0,nvidia/Llama-3.3-70B-Instruct-NVFP4,p2
grace,14,1.0,1.0,0,nvidia/Llama-3.3-70B-Instruct-NVFP4,p2
worth,9,1.0,1.0,0,nvidia/Llama-3.3-70B-Instruct-NVFP4,p2
aged,10,1.0,1.0,0,nvidia/Llama-3.3-70B-Instruct-NVFP4,p2
